ISO-10303-21;
HEADER;
FILE_DESCRIPTION(('Open CASCADE Model'),'2;1');
FILE_NAME('Open CASCADE Shape Model','2026-08-23T11:27:53',('Author'),(
    'Open CASCADE'),'Open CASCADE STEP processor 7.9','Open CASCADE 7.9'
  ,'Unknown');
FILE_SCHEMA(('AUTOMOTIVE_DESIGN { 1 0 10303 214 1 1 1 1 }'));
ENDSEC;
DATA;
#1 = APPLICATION_PROTOCOL_DEFINITION('international standard',
  'automotive_design',2000,#2);
#2 = APPLICATION_CONTEXT(
  'core data for automotive mechanical design processes');
#3 = SHAPE_DEFINITION_REPRESENTATION(#4,#10);
#4 = PRODUCT_DEFINITION_SHAPE('','',#5);
#5 = PRODUCT_DEFINITION('design','',#6,#9);
#6 = PRODUCT_DEFINITION_FORMATION('','',#7);
#7 = PRODUCT('Open CASCADE STEP translator 7.9 23',
  'Open CASCADE STEP translator 7.9 23','',(#8));
#8 = PRODUCT_CONTEXT('',#2,'mechanical');
#9 = PRODUCT_DEFINITION_CONTEXT('part definition',#2,'design');
#10 = ADVANCED_BREP_SHAPE_REPRESENTATION('',(#11,#15),#6995);
#11 = AXIS2_PLACEMENT_3D('',#12,#13,#14);
#12 = CARTESIAN_POINT('',(0.,0.,0.));
#13 = DIRECTION('',(0.,0.,1.));
#14 = DIRECTION('',(1.,0.,-0.));
#15 = MANIFOLD_SOLID_BREP('',#16);
#16 = CLOSED_SHELL('',(#17,#138,#346,#1832,#1939,#2017,#2041,#2184,#2238
    ,#2265,#2398,#2431,#2457,#2514,#2568,#2670,#2694,#2812,#2845,#2978,
    #3011,#3017,#3050,#3315,#3362,#3522,#3630,#3685,#3739,#3794,#3882,
    #3914,#3941,#4043,#4121,#4149,#4225,#4308,#4386,#4392,#4419,#4447,
    #4474,#4545,#4551,#4627,#4705,#4776,#4782,#4788,#4868,#4894,#5032,
    #5105,#5111,#5307,#5363,#5390,#5440,#5467,#5565,#5686,#5693,#5748,
    #5780,#5807,#5958,#5985,#6012,#6039,#6066,#6121,#6204,#6254,#6309,
    #6402,#6435,#6442,#6496,#6555,#6583,#6662,#6669,#6676,#6683,#6710,
    #6781,#6808,#6812,#6845,#6873,#6906,#6934,#6983,#6989));
#17 = ADVANCED_FACE('',(#18),#32,.F.);
#18 = FACE_BOUND('',#19,.F.);
#19 = EDGE_LOOP('',(#20,#55,#83,#111));
#20 = ORIENTED_EDGE('',*,*,#21,.F.);
#21 = EDGE_CURVE('',#22,#24,#26,.T.);
#22 = VERTEX_POINT('',#23);
#23 = CARTESIAN_POINT('',(-12.7,-6.7,4.));
#24 = VERTEX_POINT('',#25);
#25 = CARTESIAN_POINT('',(-12.7,-6.7,81.448077329304));
#26 = SURFACE_CURVE('',#27,(#31,#43),.PCURVE_S1.);
#27 = LINE('',#28,#29);
#28 = CARTESIAN_POINT('',(-12.7,-6.7,0.));
#29 = VECTOR('',#30,1.);
#30 = DIRECTION('',(0.,0.,1.));
#31 = PCURVE('',#32,#37);
#32 = PLANE('',#33);
#33 = AXIS2_PLACEMENT_3D('',#34,#35,#36);
#34 = CARTESIAN_POINT('',(-12.7,-10.7,0.));
#35 = DIRECTION('',(1.,0.,0.));
#36 = DIRECTION('',(0.,0.,1.));
#37 = DEFINITIONAL_REPRESENTATION('',(#38),#42);
#38 = LINE('',#39,#40);
#39 = CARTESIAN_POINT('',(0.,-4.));
#40 = VECTOR('',#41,1.);
#41 = DIRECTION('',(1.,0.));
#42 = ( GEOMETRIC_REPRESENTATION_CONTEXT(2) 
PARAMETRIC_REPRESENTATION_CONTEXT() REPRESENTATION_CONTEXT('2D SPACE',''
  ) );
#43 = PCURVE('',#44,#49);
#44 = CYLINDRICAL_SURFACE('',#45,4.);
#45 = AXIS2_PLACEMENT_3D('',#46,#47,#48);
#46 = CARTESIAN_POINT('',(-8.7,-6.7,0.));
#47 = DIRECTION('',(0.,0.,1.));
#48 = DIRECTION('',(-1.,-0.,0.));
#49 = DEFINITIONAL_REPRESENTATION('',(#50),#54);
#50 = LINE('',#51,#52);
#51 = CARTESIAN_POINT('',(0.,0.));
#52 = VECTOR('',#53,1.);
#53 = DIRECTION('',(0.,1.));
#54 = ( GEOMETRIC_REPRESENTATION_CONTEXT(2) 
PARAMETRIC_REPRESENTATION_CONTEXT() REPRESENTATION_CONTEXT('2D SPACE',''
  ) );
#55 = ORIENTED_EDGE('',*,*,#56,.T.);
#56 = EDGE_CURVE('',#22,#57,#59,.T.);
#57 = VERTEX_POINT('',#58);
#58 = CARTESIAN_POINT('',(-12.7,6.7,4.));
#59 = SURFACE_CURVE('',#60,(#64,#71),.PCURVE_S1.);
#60 = LINE('',#61,#62);
#61 = CARTESIAN_POINT('',(-12.7,-10.7,4.));
#62 = VECTOR('',#63,1.);
#63 = DIRECTION('',(0.,1.,0.));
#64 = PCURVE('',#32,#65);
#65 = DEFINITIONAL_REPRESENTATION('',(#66),#70);
#66 = LINE('',#67,#68);
#67 = CARTESIAN_POINT('',(4.,0.));
#68 = VECTOR('',#69,1.);
#69 = DIRECTION('',(0.,-1.));
#70 = ( GEOMETRIC_REPRESENTATION_CONTEXT(2) 
PARAMETRIC_REPRESENTATION_CONTEXT() REPRESENTATION_CONTEXT('2D SPACE',''
  ) );
#71 = PCURVE('',#72,#77);
#72 = CYLINDRICAL_SURFACE('',#73,4.);
#73 = AXIS2_PLACEMENT_3D('',#74,#75,#76);
#74 = CARTESIAN_POINT('',(-8.7,-10.7,4.));
#75 = DIRECTION('',(0.,1.,0.));
#76 = DIRECTION('',(-1.,0.,0.));
#77 = DEFINITIONAL_REPRESENTATION('',(#78),#82);
#78 = LINE('',#79,#80);
#79 = CARTESIAN_POINT('',(-0.,0.));
#80 = VECTOR('',#81,1.);
#81 = DIRECTION('',(-0.,1.));
#82 = ( GEOMETRIC_REPRESENTATION_CONTEXT(2) 
PARAMETRIC_REPRESENTATION_CONTEXT() REPRESENTATION_CONTEXT('2D SPACE',''
  ) );
#83 = ORIENTED_EDGE('',*,*,#84,.T.);
#84 = EDGE_CURVE('',#57,#85,#87,.T.);
#85 = VERTEX_POINT('',#86);
#86 = CARTESIAN_POINT('',(-12.7,6.7,81.448077329304));
#87 = SURFACE_CURVE('',#88,(#92,#99),.PCURVE_S1.);
#88 = LINE('',#89,#90);
#89 = CARTESIAN_POINT('',(-12.7,6.7,0.));
#90 = VECTOR('',#91,1.);
#91 = DIRECTION('',(0.,0.,1.));
#92 = PCURVE('',#32,#93);
#93 = DEFINITIONAL_REPRESENTATION('',(#94),#98);
#94 = LINE('',#95,#96);
#95 = CARTESIAN_POINT('',(0.,-17.4));
#96 = VECTOR('',#97,1.);
#97 = DIRECTION('',(1.,0.));
#98 = ( GEOMETRIC_REPRESENTATION_CONTEXT(2) 
PARAMETRIC_REPRESENTATION_CONTEXT() REPRESENTATION_CONTEXT('2D SPACE',''
  ) );
#99 = PCURVE('',#100,#105);
#100 = CYLINDRICAL_SURFACE('',#101,4.);
#101 = AXIS2_PLACEMENT_3D('',#102,#103,#104);
#102 = CARTESIAN_POINT('',(-8.7,6.7,0.));
#103 = DIRECTION('',(0.,0.,1.));
#104 = DIRECTION('',(-1.,-0.,0.));
#105 = DEFINITIONAL_REPRESENTATION('',(#106),#110);
#106 = LINE('',#107,#108);
#107 = CARTESIAN_POINT('',(-0.,0.));
#108 = VECTOR('',#109,1.);
#109 = DIRECTION('',(-0.,1.));
#110 = ( GEOMETRIC_REPRESENTATION_CONTEXT(2) 
PARAMETRIC_REPRESENTATION_CONTEXT() REPRESENTATION_CONTEXT('2D SPACE',''
  ) );
#111 = ORIENTED_EDGE('',*,*,#112,.F.);
#112 = EDGE_CURVE('',#24,#85,#113,.T.);
#113 = SURFACE_CURVE('',#114,(#119,#126),.PCURVE_S1.);
#114 = CIRCLE('',#115,8.1);
#115 = AXIS2_PLACEMENT_3D('',#116,#117,#118);
#116 = CARTESIAN_POINT('',(-12.7,0.,86.));
#117 = DIRECTION('',(1.,0.,0.));
#118 = DIRECTION('',(-0.,0.,1.));
#119 = PCURVE('',#32,#120);
#120 = DEFINITIONAL_REPRESENTATION('',(#121),#125);
#121 = CIRCLE('',#122,8.1);
#122 = AXIS2_PLACEMENT_2D('',#123,#124);
#123 = CARTESIAN_POINT('',(86.,-10.7));
#124 = DIRECTION('',(1.,0.));
#125 = ( GEOMETRIC_REPRESENTATION_CONTEXT(2) 
PARAMETRIC_REPRESENTATION_CONTEXT() REPRESENTATION_CONTEXT('2D SPACE',''
  ) );
#126 = PCURVE('',#127,#132);
#127 = CYLINDRICAL_SURFACE('',#128,8.1);
#128 = AXIS2_PLACEMENT_3D('',#129,#130,#131);
#129 = CARTESIAN_POINT('',(-15.,0.,86.));
#130 = DIRECTION('',(1.,0.,0.));
#131 = DIRECTION('',(-0.,0.,1.));
#132 = DEFINITIONAL_REPRESENTATION('',(#133),#137);
#133 = LINE('',#134,#135);
#134 = CARTESIAN_POINT('',(0.,2.3));
#135 = VECTOR('',#136,1.);
#136 = DIRECTION('',(1.,0.));
#137 = ( GEOMETRIC_REPRESENTATION_CONTEXT(2) 
PARAMETRIC_REPRESENTATION_CONTEXT() REPRESENTATION_CONTEXT('2D SPACE',''
  ) );
#138 = ADVANCED_FACE('',(#139),#44,.T.);
#139 = FACE_BOUND('',#140,.T.);
#140 = EDGE_LOOP('',(#141,#142,#171,#199,#228,#256));
#141 = ORIENTED_EDGE('',*,*,#21,.F.);
#142 = ORIENTED_EDGE('',*,*,#143,.T.);
#143 = EDGE_CURVE('',#22,#144,#146,.T.);
#144 = VERTEX_POINT('',#145);
#145 = CARTESIAN_POINT('',(-8.7,-10.7,4.));
#146 = SURFACE_CURVE('',#147,(#152,#159),.PCURVE_S1.);
#147 = CIRCLE('',#148,4.);
#148 = AXIS2_PLACEMENT_3D('',#149,#150,#151);
#149 = CARTESIAN_POINT('',(-8.7,-6.7,4.));
#150 = DIRECTION('',(0.,0.,1.));
#151 = DIRECTION('',(-1.,0.,0.));
#152 = PCURVE('',#44,#153);
#153 = DEFINITIONAL_REPRESENTATION('',(#154),#158);
#154 = LINE('',#155,#156);
#155 = CARTESIAN_POINT('',(0.,4.));
#156 = VECTOR('',#157,1.);
#157 = DIRECTION('',(1.,0.));
#158 = ( GEOMETRIC_REPRESENTATION_CONTEXT(2) 
PARAMETRIC_REPRESENTATION_CONTEXT() REPRESENTATION_CONTEXT('2D SPACE',''
  ) );
#159 = PCURVE('',#160,#165);
#160 = SPHERICAL_SURFACE('',#161,4.);
#161 = AXIS2_PLACEMENT_3D('',#162,#163,#164);
#162 = CARTESIAN_POINT('',(-8.7,-6.7,4.));
#163 = DIRECTION('',(0.,0.,1.));
#164 = DIRECTION('',(-1.,0.,0.));
#165 = DEFINITIONAL_REPRESENTATION('',(#166),#170);
#166 = LINE('',#167,#168);
#167 = CARTESIAN_POINT('',(0.,0.));
#168 = VECTOR('',#169,1.);
#169 = DIRECTION('',(1.,0.));
#170 = ( GEOMETRIC_REPRESENTATION_CONTEXT(2) 
PARAMETRIC_REPRESENTATION_CONTEXT() REPRESENTATION_CONTEXT('2D SPACE',''
  ) );
#171 = ORIENTED_EDGE('',*,*,#172,.T.);
#172 = EDGE_CURVE('',#144,#173,#175,.T.);
#173 = VERTEX_POINT('',#174);
#174 = CARTESIAN_POINT('',(-8.7,-10.7,91.));
#175 = SURFACE_CURVE('',#176,(#180,#187),.PCURVE_S1.);
#176 = LINE('',#177,#178);
#177 = CARTESIAN_POINT('',(-8.7,-10.7,0.));
#178 = VECTOR('',#179,1.);
#179 = DIRECTION('',(0.,0.,1.));
#180 = PCURVE('',#44,#181);
#181 = DEFINITIONAL_REPRESENTATION('',(#182),#186);
#182 = LINE('',#183,#184);
#183 = CARTESIAN_POINT('',(1.570796326795,0.));
#184 = VECTOR('',#185,1.);
#185 = DIRECTION('',(0.,1.));
#186 = ( GEOMETRIC_REPRESENTATION_CONTEXT(2) 
PARAMETRIC_REPRESENTATION_CONTEXT() REPRESENTATION_CONTEXT('2D SPACE',''
  ) );
#187 = PCURVE('',#188,#193);
#188 = PLANE('',#189);
#189 = AXIS2_PLACEMENT_3D('',#190,#191,#192);
#190 = CARTESIAN_POINT('',(-12.7,-10.7,0.));
#191 = DIRECTION('',(0.,1.,0.));
#192 = DIRECTION('',(0.,0.,1.));
#193 = DEFINITIONAL_REPRESENTATION('',(#194),#198);
#194 = LINE('',#195,#196);
#195 = CARTESIAN_POINT('',(0.,4.));
#196 = VECTOR('',#197,1.);
#197 = DIRECTION('',(1.,0.));
#198 = ( GEOMETRIC_REPRESENTATION_CONTEXT(2) 
PARAMETRIC_REPRESENTATION_CONTEXT() REPRESENTATION_CONTEXT('2D SPACE',''
  ) );
#199 = ORIENTED_EDGE('',*,*,#200,.F.);
#200 = EDGE_CURVE('',#201,#173,#203,.T.);
#201 = VERTEX_POINT('',#202);
#202 = CARTESIAN_POINT('',(-12.7,-6.7,91.));
#203 = SURFACE_CURVE('',#204,(#209,#216),.PCURVE_S1.);
#204 = CIRCLE('',#205,4.);
#205 = AXIS2_PLACEMENT_3D('',#206,#207,#208);
#206 = CARTESIAN_POINT('',(-8.7,-6.7,91.));
#207 = DIRECTION('',(0.,0.,1.));
#208 = DIRECTION('',(-1.,-0.,0.));
#209 = PCURVE('',#44,#210);
#210 = DEFINITIONAL_REPRESENTATION('',(#211),#215);
#211 = LINE('',#212,#213);
#212 = CARTESIAN_POINT('',(0.,91.));
#213 = VECTOR('',#214,1.);
#214 = DIRECTION('',(1.,0.));
#215 = ( GEOMETRIC_REPRESENTATION_CONTEXT(2) 
PARAMETRIC_REPRESENTATION_CONTEXT() REPRESENTATION_CONTEXT('2D SPACE',''
  ) );
#216 = PCURVE('',#217,#222);
#217 = PLANE('',#218);
#218 = AXIS2_PLACEMENT_3D('',#219,#220,#221);
#219 = CARTESIAN_POINT('',(-14.5,-12.5,91.));
#220 = DIRECTION('',(0.,0.,1.));
#221 = DIRECTION('',(1.,0.,0.));
#222 = DEFINITIONAL_REPRESENTATION('',(#223),#227);
#223 = CIRCLE('',#224,4.);
#224 = AXIS2_PLACEMENT_2D('',#225,#226);
#225 = CARTESIAN_POINT('',(5.8,5.8));
#226 = DIRECTION('',(-1.,0.));
#227 = ( GEOMETRIC_REPRESENTATION_CONTEXT(2) 
PARAMETRIC_REPRESENTATION_CONTEXT() REPRESENTATION_CONTEXT('2D SPACE',''
  ) );
#228 = ORIENTED_EDGE('',*,*,#229,.F.);
#229 = EDGE_CURVE('',#230,#201,#232,.T.);
#230 = VERTEX_POINT('',#231);
#231 = CARTESIAN_POINT('',(-12.7,-6.7,90.551922670696));
#232 = SURFACE_CURVE('',#233,(#237,#244),.PCURVE_S1.);
#233 = LINE('',#234,#235);
#234 = CARTESIAN_POINT('',(-12.7,-6.7,0.));
#235 = VECTOR('',#236,1.);
#236 = DIRECTION('',(0.,0.,1.));
#237 = PCURVE('',#44,#238);
#238 = DEFINITIONAL_REPRESENTATION('',(#239),#243);
#239 = LINE('',#240,#241);
#240 = CARTESIAN_POINT('',(0.,0.));
#241 = VECTOR('',#242,1.);
#242 = DIRECTION('',(0.,1.));
#243 = ( GEOMETRIC_REPRESENTATION_CONTEXT(2) 
PARAMETRIC_REPRESENTATION_CONTEXT() REPRESENTATION_CONTEXT('2D SPACE',''
  ) );
#244 = PCURVE('',#245,#250);
#245 = PLANE('',#246);
#246 = AXIS2_PLACEMENT_3D('',#247,#248,#249);
#247 = CARTESIAN_POINT('',(-12.7,-10.7,0.));
#248 = DIRECTION('',(1.,0.,0.));
#249 = DIRECTION('',(0.,0.,1.));
#250 = DEFINITIONAL_REPRESENTATION('',(#251),#255);
#251 = LINE('',#252,#253);
#252 = CARTESIAN_POINT('',(0.,-4.));
#253 = VECTOR('',#254,1.);
#254 = DIRECTION('',(1.,0.));
#255 = ( GEOMETRIC_REPRESENTATION_CONTEXT(2) 
PARAMETRIC_REPRESENTATION_CONTEXT() REPRESENTATION_CONTEXT('2D SPACE',''
  ) );
#256 = ORIENTED_EDGE('',*,*,#257,.T.);
#257 = EDGE_CURVE('',#230,#24,#258,.T.);
#258 = SURFACE_CURVE('',#259,(#286,#316),.PCURVE_S1.);
#259 = B_SPLINE_CURVE_WITH_KNOTS('',7,(#260,#261,#262,#263,#264,#265,
    #266,#267,#268,#269,#270,#271,#272,#273,#274,#275,#276,#277,#278,
    #279,#280,#281,#282,#283,#284,#285),.UNSPECIFIED.,.F.,.F.,(8,6,6,6,8
    ),(0.,0.262508041363,0.499999517695,0.73792566055,1.),
  .UNSPECIFIED.);
#260 = CARTESIAN_POINT('',(-12.7,-6.7,90.551922670696));
#261 = CARTESIAN_POINT('',(-12.7,-6.915053875181,90.235383689709));
#262 = CARTESIAN_POINT('',(-12.68651119888,-7.109660120285,
    89.911407453608));
#263 = CARTESIAN_POINT('',(-12.66414887662,-7.284031181505,
    89.58156698647));
#264 = CARTESIAN_POINT('',(-12.63651293605,-7.43866683728,
    89.247050115168));
#265 = CARTESIAN_POINT('',(-12.6065491051,-7.574134957758,
    88.908644493605));
#266 = CARTESIAN_POINT('',(-12.57666508018,-7.69092415214,
    88.566796032817));
#267 = CARTESIAN_POINT('',(-12.52360631862,-7.878388044275,
    87.909551480914));
#268 = CARTESIAN_POINT('',(-12.50006100805,-7.952406499256,
    87.594704704814));
#269 = CARTESIAN_POINT('',(-12.47965022327,-8.01149216191,
    87.277828988258));
#270 = CARTESIAN_POINT('',(-12.4635347076,-8.055744559425,
    86.959468764371));
#271 = CARTESIAN_POINT('',(-12.45251404927,-8.085238090137,
    86.640097571054));
#272 = CARTESIAN_POINT('',(-12.44699879903,-8.1,86.320140950511));
#273 = CARTESIAN_POINT('',(-12.44699879903,-8.1,85.679273114549));
#274 = CARTESIAN_POINT('',(-12.45253425276,-8.085184005413,
    85.358732071591));
#275 = CARTESIAN_POINT('',(-12.46359522734,-8.055582609393,
    85.038779738658));
#276 = CARTESIAN_POINT('',(-12.47976814535,-8.011168330441,
    84.719843670673));
#277 = CARTESIAN_POINT('',(-12.50024764152,-7.9518661218,84.402399810676
    ));
#278 = CARTESIAN_POINT('',(-12.52386470333,-7.877575580432,
    84.086995528958));
#279 = CARTESIAN_POINT('',(-12.5769618882,-7.689763493093,
    83.429808751891));
#280 = CARTESIAN_POINT('',(-12.60679706473,-7.573013149688,
    83.088554685044));
#281 = CARTESIAN_POINT('',(-12.63669577846,-7.437642772945,
    82.750735509149));
#282 = CARTESIAN_POINT('',(-12.66425977355,-7.283165503992,
    82.416795992268));
#283 = CARTESIAN_POINT('',(-12.68655577374,-7.109016337625,
    82.087520915921));
#284 = CARTESIAN_POINT('',(-12.7,-6.914698227268,81.764092830172));
#285 = CARTESIAN_POINT('',(-12.7,-6.7,81.448077329304));
#286 = PCURVE('',#44,#287);
#287 = DEFINITIONAL_REPRESENTATION('',(#288),#315);
#288 = B_SPLINE_CURVE_WITH_KNOTS('',7,(#289,#290,#291,#292,#293,#294,
    #295,#296,#297,#298,#299,#300,#301,#302,#303,#304,#305,#306,#307,
    #308,#309,#310,#311,#312,#313,#314),.UNSPECIFIED.,.F.,.F.,(8,6,6,6,8
    ),(0.,0.262508041363,0.499999517695,0.73792566055,1.),
  .UNSPECIFIED.);
#289 = CARTESIAN_POINT('',(0.,90.551922670696));
#290 = CARTESIAN_POINT('',(5.376346879533E-02,90.235383689709));
#291 = CARTESIAN_POINT('',(0.102415086798,89.911407453608));
#292 = CARTESIAN_POINT('',(0.146261351131,89.58156698647));
#293 = CARTESIAN_POINT('',(0.185465592317,89.247050115168));
#294 = CARTESIAN_POINT('',(0.220120178478,88.908644493605));
#295 = CARTESIAN_POINT('',(0.250248452693,88.566796032817));
#296 = CARTESIAN_POINT('',(0.29895544849,87.909551480914));
#297 = CARTESIAN_POINT('',(0.318363647797,87.594704704814));
#298 = CARTESIAN_POINT('',(0.333986749394,87.277828988258));
#299 = CARTESIAN_POINT('',(0.345760062527,86.959468764371));
#300 = CARTESIAN_POINT('',(0.353631499017,86.640097571054));
#301 = CARTESIAN_POINT('',(0.357571103646,86.320140950511));
#302 = CARTESIAN_POINT('',(0.357571103646,85.679273114549));
#303 = CARTESIAN_POINT('',(0.353617065648,85.358732071591));
#304 = CARTESIAN_POINT('',(0.345716839402,85.038779738658));
#305 = CARTESIAN_POINT('',(0.333900594847,84.719843670673));
#306 = CARTESIAN_POINT('',(0.318220767943,84.402399810676));
#307 = CARTESIAN_POINT('',(0.29874241901,84.086995528958));
#308 = CARTESIAN_POINT('',(0.249949046515,83.429808751891));
#309 = CARTESIAN_POINT('',(0.219833215583,83.088554685044));
#310 = CARTESIAN_POINT('',(0.18520597035,82.750735509149));
#311 = CARTESIAN_POINT('',(0.146043677793,82.416795992268));
#312 = CARTESIAN_POINT('',(0.102254140446,82.087520915921));
#313 = CARTESIAN_POINT('',(5.367455681691E-02,81.764092830172));
#314 = CARTESIAN_POINT('',(0.,81.448077329304));
#315 = ( GEOMETRIC_REPRESENTATION_CONTEXT(2) 
PARAMETRIC_REPRESENTATION_CONTEXT() REPRESENTATION_CONTEXT('2D SPACE',''
  ) );
#316 = PCURVE('',#127,#317);
#317 = DEFINITIONAL_REPRESENTATION('',(#318),#345);
#318 = B_SPLINE_CURVE_WITH_KNOTS('',7,(#319,#320,#321,#322,#323,#324,
    #325,#326,#327,#328,#329,#330,#331,#332,#333,#334,#335,#336,#337,
    #338,#339,#340,#341,#342,#343,#344),.UNSPECIFIED.,.F.,.F.,(8,6,6,6,8
    ),(0.,0.262508041363,0.499999517695,0.73792566055,1.),
  .UNSPECIFIED.);
#319 = CARTESIAN_POINT('',(0.974035922005,2.3));
#320 = CARTESIAN_POINT('',(1.021280546033,2.3));
#321 = CARTESIAN_POINT('',(1.067866023955,2.313488801118));
#322 = CARTESIAN_POINT('',(1.113818717506,2.335851123375));
#323 = CARTESIAN_POINT('',(1.159202540007,2.363487063941));
#324 = CARTESIAN_POINT('',(1.204108003739,2.393450894892));
#325 = CARTESIAN_POINT('',(1.248647713109,2.423334919813));
#326 = CARTESIAN_POINT('',(1.333025088093,2.476393681377));
#327 = CARTESIAN_POINT('',(1.37291076573,2.499938991946));
#328 = CARTESIAN_POINT('',(1.412636822004,2.520349776728));
#329 = CARTESIAN_POINT('',(1.45224253924,2.536465292395));
#330 = CARTESIAN_POINT('',(1.491771940165,2.547485950723));
#331 = CARTESIAN_POINT('',(1.531272752658,2.553001200961));
#332 = CARTESIAN_POINT('',(1.610392238579,2.553001200961));
#333 = CARTESIAN_POINT('',(1.649965201964,2.547465747234));
#334 = CARTESIAN_POINT('',(1.689566903298,2.536404772658));
#335 = CARTESIAN_POINT('',(1.729245370277,2.520231854644));
#336 = CARTESIAN_POINT('',(1.769044898611,2.49975235848));
#337 = CARTESIAN_POINT('',(1.809005018104,2.476135296665));
#338 = CARTESIAN_POINT('',(1.893387335885,2.423038111794));
#339 = CARTESIAN_POINT('',(1.937856338885,2.393202935269));
#340 = CARTESIAN_POINT('',(1.982690560808,2.363304221539));
#341 = CARTESIAN_POINT('',(2.028002018828,2.335740226446));
#342 = CARTESIAN_POINT('',(2.073880727699,2.313444226253));
#343 = CARTESIAN_POINT('',(2.120390238917,2.3));
#344 = CARTESIAN_POINT('',(2.167556731584,2.3));
#345 = ( GEOMETRIC_REPRESENTATION_CONTEXT(2) 
PARAMETRIC_REPRESENTATION_CONTEXT() REPRESENTATION_CONTEXT('2D SPACE',''
  ) );
#346 = ADVANCED_FACE('',(#347,#1476),#127,.F.);
#347 = FACE_BOUND('',#348,.F.);
#348 = EDGE_LOOP('',(#349,#380,#403,#432,#553,#574,#596,#597,#598,#690,
    #719,#745,#866,#888,#889,#913,#1034,#1055,#1084,#1181,#1210,#1307,
    #1336,#1357));
#349 = ORIENTED_EDGE('',*,*,#350,.F.);
#350 = EDGE_CURVE('',#351,#353,#355,.T.);
#351 = VERTEX_POINT('',#352);
#352 = CARTESIAN_POINT('',(14.5,1.983927814619E-15,94.1));
#353 = VERTEX_POINT('',#354);
#354 = CARTESIAN_POINT('',(14.5,-5.152426612772,92.25));
#355 = SURFACE_CURVE('',#356,(#361,#368),.PCURVE_S1.);
#356 = CIRCLE('',#357,8.1);
#357 = AXIS2_PLACEMENT_3D('',#358,#359,#360);
#358 = CARTESIAN_POINT('',(14.5,0.,86.));
#359 = DIRECTION('',(1.,0.,0.));
#360 = DIRECTION('',(-0.,0.,1.));
#361 = PCURVE('',#127,#362);
#362 = DEFINITIONAL_REPRESENTATION('',(#363),#367);
#363 = LINE('',#364,#365);
#364 = CARTESIAN_POINT('',(0.,29.5));
#365 = VECTOR('',#366,1.);
#366 = DIRECTION('',(1.,0.));
#367 = ( GEOMETRIC_REPRESENTATION_CONTEXT(2) 
PARAMETRIC_REPRESENTATION_CONTEXT() REPRESENTATION_CONTEXT('2D SPACE',''
  ) );
#368 = PCURVE('',#369,#374);
#369 = PLANE('',#370);
#370 = AXIS2_PLACEMENT_3D('',#371,#372,#373);
#371 = CARTESIAN_POINT('',(14.5,-12.5,91.));
#372 = DIRECTION('',(1.,0.,0.));
#373 = DIRECTION('',(0.,0.,1.));
#374 = DEFINITIONAL_REPRESENTATION('',(#375),#379);
#375 = CIRCLE('',#376,8.1);
#376 = AXIS2_PLACEMENT_2D('',#377,#378);
#377 = CARTESIAN_POINT('',(-5.,-12.5));
#378 = DIRECTION('',(1.,0.));
#379 = ( GEOMETRIC_REPRESENTATION_CONTEXT(2) 
PARAMETRIC_REPRESENTATION_CONTEXT() REPRESENTATION_CONTEXT('2D SPACE',''
  ) );
#380 = ORIENTED_EDGE('',*,*,#381,.F.);
#381 = EDGE_CURVE('',#382,#351,#384,.T.);
#382 = VERTEX_POINT('',#383);
#383 = CARTESIAN_POINT('',(-14.5,1.983927814619E-15,94.1));
#384 = SEAM_CURVE('',#385,(#389,#396),.PCURVE_S1.);
#385 = LINE('',#386,#387);
#386 = CARTESIAN_POINT('',(-15.,1.983927814619E-15,94.1));
#387 = VECTOR('',#388,1.);
#388 = DIRECTION('',(1.,0.,0.));
#389 = PCURVE('',#127,#390);
#390 = DEFINITIONAL_REPRESENTATION('',(#391),#395);
#391 = LINE('',#392,#393);
#392 = CARTESIAN_POINT('',(6.28318530718,-0.));
#393 = VECTOR('',#394,1.);
#394 = DIRECTION('',(0.,1.));
#395 = ( GEOMETRIC_REPRESENTATION_CONTEXT(2) 
PARAMETRIC_REPRESENTATION_CONTEXT() REPRESENTATION_CONTEXT('2D SPACE',''
  ) );
#396 = PCURVE('',#127,#397);
#397 = DEFINITIONAL_REPRESENTATION('',(#398),#402);
#398 = LINE('',#399,#400);
#399 = CARTESIAN_POINT('',(0.,-0.));
#400 = VECTOR('',#401,1.);
#401 = DIRECTION('',(0.,1.));
#402 = ( GEOMETRIC_REPRESENTATION_CONTEXT(2) 
PARAMETRIC_REPRESENTATION_CONTEXT() REPRESENTATION_CONTEXT('2D SPACE',''
  ) );
#403 = ORIENTED_EDGE('',*,*,#404,.T.);
#404 = EDGE_CURVE('',#382,#405,#407,.T.);
#405 = VERTEX_POINT('',#406);
#406 = CARTESIAN_POINT('',(-14.5,-5.152426612772,92.25));
#407 = SURFACE_CURVE('',#408,(#413,#420),.PCURVE_S1.);
#408 = CIRCLE('',#409,8.1);
#409 = AXIS2_PLACEMENT_3D('',#410,#411,#412);
#410 = CARTESIAN_POINT('',(-14.5,0.,86.));
#411 = DIRECTION('',(1.,0.,0.));
#412 = DIRECTION('',(-0.,0.,1.));
#413 = PCURVE('',#127,#414);
#414 = DEFINITIONAL_REPRESENTATION('',(#415),#419);
#415 = LINE('',#416,#417);
#416 = CARTESIAN_POINT('',(0.,0.5));
#417 = VECTOR('',#418,1.);
#418 = DIRECTION('',(1.,0.));
#419 = ( GEOMETRIC_REPRESENTATION_CONTEXT(2) 
PARAMETRIC_REPRESENTATION_CONTEXT() REPRESENTATION_CONTEXT('2D SPACE',''
  ) );
#420 = PCURVE('',#421,#426);
#421 = PLANE('',#422);
#422 = AXIS2_PLACEMENT_3D('',#423,#424,#425);
#423 = CARTESIAN_POINT('',(-14.5,-12.5,91.));
#424 = DIRECTION('',(1.,0.,0.));
#425 = DIRECTION('',(0.,0.,1.));
#426 = DEFINITIONAL_REPRESENTATION('',(#427),#431);
#427 = CIRCLE('',#428,8.1);
#428 = AXIS2_PLACEMENT_2D('',#429,#430);
#429 = CARTESIAN_POINT('',(-5.,-12.5));
#430 = DIRECTION('',(1.,0.));
#431 = ( GEOMETRIC_REPRESENTATION_CONTEXT(2) 
PARAMETRIC_REPRESENTATION_CONTEXT() REPRESENTATION_CONTEXT('2D SPACE',''
  ) );
#432 = ORIENTED_EDGE('',*,*,#433,.T.);
#433 = EDGE_CURVE('',#405,#434,#436,.T.);
#434 = VERTEX_POINT('',#435);
#435 = CARTESIAN_POINT('',(-13.25,-6.372597586542,91.));
#436 = SURFACE_CURVE('',#437,(#472,#510),.PCURVE_S1.);
#437 = B_SPLINE_CURVE_WITH_KNOTS('',5,(#438,#439,#440,#441,#442,#443,
    #444,#445,#446,#447,#448,#449,#450,#451,#452,#453,#454,#455,#456,
    #457,#458,#459,#460,#461,#462,#463,#464,#465,#466,#467,#468,#469,
    #470,#471),.UNSPECIFIED.,.F.,.F.,(6,4,4,4,4,4,4,4,6),(0.,
    0.27053834835,0.402982623629,0.487444320365,0.545623915073,
    0.588627392417,0.701340552357,0.842093129531,1.),.UNSPECIFIED.);
#438 = CARTESIAN_POINT('',(-14.5,-5.152426612772,92.25));
#439 = CARTESIAN_POINT('',(-14.5,-5.25883740737,92.162276190404));
#440 = CARTESIAN_POINT('',(-14.49230496754,-5.363775388889,
    92.071962936555));
#441 = CARTESIAN_POINT('',(-14.47600374597,-5.466251536118,
    91.979818442737));
#442 = CARTESIAN_POINT('',(-14.45019943283,-5.565290938347,
    91.886853014169));
#443 = CARTESIAN_POINT('',(-14.39630607743,-5.706259149392,
    91.749156554647));
#444 = CARTESIAN_POINT('',(-14.37611793896,-5.751504681405,
    91.704055923983));
#445 = CARTESIAN_POINT('',(-14.35338219898,-5.795490089263,
    91.659331691187));
#446 = CARTESIAN_POINT('',(-14.32805425226,-5.8380570766,91.615215329859
    ));
#447 = CARTESIAN_POINT('',(-14.2823009017,-5.905214880224,
    91.544355905795));
#448 = CARTESIAN_POINT('',(-14.26342734572,-5.930726066807,
    91.517114326204));
#449 = CARTESIAN_POINT('',(-14.24349620115,-5.955555289756,
    91.490291922436));
#450 = CARTESIAN_POINT('',(-14.22251671549,-5.979661859974,
    91.46395947034));
#451 = CARTESIAN_POINT('',(-14.18534686008,-6.019087387272,
    91.42043916127));
#452 = CARTESIAN_POINT('',(-14.16969766603,-6.034806692193,
    91.402955353473));
#453 = CARTESIAN_POINT('',(-14.15356603262,-6.050151994529,
    91.38576227171));
#454 = CARTESIAN_POINT('',(-14.13696030103,-6.065111403432,
    91.368883435387));
#455 = CARTESIAN_POINT('',(-14.10727420995,-6.090437636182,
    91.340115611785));
#456 = CARTESIAN_POINT('',(-14.0944041439,-6.100984572532,
    91.328073474605));
#457 = CARTESIAN_POINT('',(-14.08128505045,-6.111310158841,
    91.316225095343));
#458 = CARTESIAN_POINT('',(-14.06792179009,-6.121410227039,
    91.304579624329));
#459 = CARTESIAN_POINT('',(-14.01866876512,-6.157152211245,91.2631781315
    ));
#460 = CARTESIAN_POINT('',(-13.98137896719,-6.181446722737,
    91.234666091635));
#461 = CARTESIAN_POINT('',(-13.94254795527,-6.204096615148,
    91.207770208715));
#462 = CARTESIAN_POINT('',(-13.90229808548,-6.225048056776,
    91.182633167265));
#463 = CARTESIAN_POINT('',(-13.80892579311,-6.268253987862,
    91.13034217103));
#464 = CARTESIAN_POINT('',(-13.75509709043,-6.289533371481,
    91.104244504225));
#465 = CARTESIAN_POINT('',(-13.69955323087,-6.308033607602,
    91.081312635373));
#466 = CARTESIAN_POINT('',(-13.64259846778,-6.323713007835,
    91.061726815702));
#467 = CARTESIAN_POINT('',(-13.5194767456,-6.35094748637,91.027524279544
    ));
#468 = CARTESIAN_POINT('',(-13.45302611959,-6.361768489658,
    91.013802207051));
#469 = CARTESIAN_POINT('',(-13.38565581093,-6.368988253618,
    91.004600074277));
#470 = CARTESIAN_POINT('',(-13.31782318952,-6.372597586542,91.));
#471 = CARTESIAN_POINT('',(-13.25,-6.372597586542,91.));
#472 = PCURVE('',#127,#473);
#473 = DEFINITIONAL_REPRESENTATION('',(#474),#509);
#474 = B_SPLINE_CURVE_WITH_KNOTS('',5,(#475,#476,#477,#478,#479,#480,
    #481,#482,#483,#484,#485,#486,#487,#488,#489,#490,#491,#492,#493,
    #494,#495,#496,#497,#498,#499,#500,#501,#502,#503,#504,#505,#506,
    #507,#508),.UNSPECIFIED.,.F.,.F.,(6,4,4,4,4,4,4,4,6),(0.,
    0.27053834835,0.402982623629,0.487444320365,0.545623915073,
    0.588627392417,0.701340552357,0.842093129531,1.),.UNSPECIFIED.);
#475 = CARTESIAN_POINT('',(0.689435938708,0.5));
#476 = CARTESIAN_POINT('',(0.706461665844,0.5));
#477 = CARTESIAN_POINT('',(0.723550449568,0.507695032459));
#478 = CARTESIAN_POINT('',(0.740558783507,0.523996254023));
#479 = CARTESIAN_POINT('',(0.757325320663,0.549800567165));
#480 = CARTESIAN_POINT('',(0.781653624222,0.603693922566));
#481 = CARTESIAN_POINT('',(0.789540180392,0.623882061033));
#482 = CARTESIAN_POINT('',(0.797284072515,0.646617801012));
#483 = CARTESIAN_POINT('',(0.804852176526,0.671945747738));
#484 = CARTESIAN_POINT('',(0.816905017412,0.7176990983));
#485 = CARTESIAN_POINT('',(0.821512576573,0.736572654275));
#486 = CARTESIAN_POINT('',(0.826024876451,0.756503798842));
#487 = CARTESIAN_POINT('',(0.830432283128,0.77748328451));
#488 = CARTESIAN_POINT('',(0.837682034928,0.814653139913));
#489 = CARTESIAN_POINT('',(0.840584640938,0.830302333969));
#490 = CARTESIAN_POINT('',(0.843429701048,0.846433967371));
#491 = CARTESIAN_POINT('',(0.846214119452,0.86303969897));
#492 = CARTESIAN_POINT('',(0.850945923239,0.892725790041));
#493 = CARTESIAN_POINT('',(0.852922193293,0.905595856093));
#494 = CARTESIAN_POINT('',(0.854862468601,0.918714949544));
#495 = CARTESIAN_POINT('',(0.856765574679,0.932078209906));
#496 = CARTESIAN_POINT('',(0.863518077694,0.981331234878));
#497 = CARTESIAN_POINT('',(0.868142523681,1.018621032809));
#498 = CARTESIAN_POINT('',(0.872483493675,1.057452044722));
#499 = CARTESIAN_POINT('',(0.876523409146,1.097701914512));
#500 = CARTESIAN_POINT('',(0.884897657827,1.191074206886));
#501 = CARTESIAN_POINT('',(0.889054784376,1.244902909569));
#502 = CARTESIAN_POINT('',(0.892692280048,1.300446769121));
#503 = CARTESIAN_POINT('',(0.895789652268,1.357401532213));
#504 = CARTESIAN_POINT('',(0.901187312885,1.480523254393));
#505 = CARTESIAN_POINT('',(0.903344746088,1.546973880407));
#506 = CARTESIAN_POINT('',(0.904788743691,1.614344189068));
#507 = CARTESIAN_POINT('',(0.905510600166,1.682176810477));
#508 = CARTESIAN_POINT('',(0.905510600166,1.75));
#509 = ( GEOMETRIC_REPRESENTATION_CONTEXT(2) 
PARAMETRIC_REPRESENTATION_CONTEXT() REPRESENTATION_CONTEXT('2D SPACE',''
  ) );
#510 = PCURVE('',#511,#516);
#511 = CYLINDRICAL_SURFACE('',#512,1.25);
#512 = AXIS2_PLACEMENT_3D('',#513,#514,#515);
#513 = CARTESIAN_POINT('',(-13.25,-12.5,92.25));
#514 = DIRECTION('',(0.,1.,0.));
#515 = DIRECTION('',(-1.,0.,0.));
#516 = DEFINITIONAL_REPRESENTATION('',(#517),#552);
#517 = B_SPLINE_CURVE_WITH_KNOTS('',5,(#518,#519,#520,#521,#522,#523,
    #524,#525,#526,#527,#528,#529,#530,#531,#532,#533,#534,#535,#536,
    #537,#538,#539,#540,#541,#542,#543,#544,#545,#546,#547,#548,#549,
    #550,#551),.UNSPECIFIED.,.F.,.F.,(6,4,4,4,4,4,4,4,6),(0.,
    0.27053834835,0.402982623629,0.487444320365,0.545623915073,
    0.588627392417,0.701340552357,0.842093129531,1.),.UNSPECIFIED.);
#518 = CARTESIAN_POINT('',(0.,7.347573387228));
#519 = CARTESIAN_POINT('',(-7.017904767643E-02,7.24116259263));
#520 = CARTESIAN_POINT('',(-0.142428979508,7.136224611111));
#521 = CARTESIAN_POINT('',(-0.216867389348,7.033748463882));
#522 = CARTESIAN_POINT('',(-0.293648615197,6.934709061653));
#523 = CARTESIAN_POINT('',(-0.411942645399,6.793740850608));
#524 = CARTESIAN_POINT('',(-0.451427606365,6.748495318595));
#525 = CARTESIAN_POINT('',(-0.491497801857,6.704509910737));
#526 = CARTESIAN_POINT('',(-0.532138342717,6.6619429234));
#527 = CARTESIAN_POINT('',(-0.599615993258,6.594785119776));
#528 = CARTESIAN_POINT('',(-0.626114560791,6.569273933193));
#529 = CARTESIAN_POINT('',(-0.652828298959,6.544444710244));
#530 = CARTESIAN_POINT('',(-0.679747007148,6.520338140026));
#531 = CARTESIAN_POINT('',(-0.7255334013,6.480912612728));
#532 = CARTESIAN_POINT('',(-0.744299894094,6.465193307807));
#533 = CARTESIAN_POINT('',(-0.76315378896,6.449848005471));
#534 = CARTESIAN_POINT('',(-0.782090746955,6.434888596568));
#535 = CARTESIAN_POINT('',(-0.815161354356,6.409562363818));
#536 = CARTESIAN_POINT('',(-0.829259439673,6.399015427468));
#537 = CARTESIAN_POINT('',(-0.843398513749,6.388689841159));
#538 = CARTESIAN_POINT('',(-0.857576669449,6.378589772961));
#539 = CARTESIAN_POINT('',(-0.909050587209,6.342847788755));
#540 = CARTESIAN_POINT('',(-0.946562957507,6.318553277263));
#541 = CARTESIAN_POINT('',(-0.984296121048,6.295903384852));
#542 = CARTESIAN_POINT('',(-1.022216026134,6.274951943224));
#543 = CARTESIAN_POINT('',(-1.107829981147,6.231746012138));
#544 = CARTESIAN_POINT('',(-1.15560376615,6.210466628519));
#545 = CARTESIAN_POINT('',(-1.20356098115,6.191966392398));
#546 = CARTESIAN_POINT('',(-1.251656173469,6.176286992165));
#547 = CARTESIAN_POINT('',(-1.353883440132,6.14905251363));
#548 = CARTESIAN_POINT('',(-1.408042598987,6.138231510342));
#549 = CARTESIAN_POINT('',(-1.462271687648,6.131011746382));
#550 = CARTESIAN_POINT('',(-1.516537775176,6.127402413458));
#551 = CARTESIAN_POINT('',(-1.570796326795,6.127402413458));
#552 = ( GEOMETRIC_REPRESENTATION_CONTEXT(2) 
PARAMETRIC_REPRESENTATION_CONTEXT() REPRESENTATION_CONTEXT('2D SPACE',''
  ) );
#553 = ORIENTED_EDGE('',*,*,#554,.T.);
#554 = EDGE_CURVE('',#434,#555,#557,.T.);
#555 = VERTEX_POINT('',#556);
#556 = CARTESIAN_POINT('',(-12.7,-6.372597586542,91.));
#557 = SURFACE_CURVE('',#558,(#562,#568),.PCURVE_S1.);
#558 = LINE('',#559,#560);
#559 = CARTESIAN_POINT('',(-15.,-6.372597586542,91.));
#560 = VECTOR('',#561,1.);
#561 = DIRECTION('',(1.,0.,0.));
#562 = PCURVE('',#127,#563);
#563 = DEFINITIONAL_REPRESENTATION('',(#564),#567);
#564 = B_SPLINE_CURVE_WITH_KNOTS('',1,(#565,#566),.UNSPECIFIED.,.F.,.F.,
  (2,2),(-5.999999999062E-07,30.0000006),.PIECEWISE_BEZIER_KNOTS.);
#565 = CARTESIAN_POINT('',(0.905510600166,-5.999999999062E-07));
#566 = CARTESIAN_POINT('',(0.905510600166,30.0000006));
#567 = ( GEOMETRIC_REPRESENTATION_CONTEXT(2) 
PARAMETRIC_REPRESENTATION_CONTEXT() REPRESENTATION_CONTEXT('2D SPACE',''
  ) );
#568 = PCURVE('',#217,#569);
#569 = DEFINITIONAL_REPRESENTATION('',(#570),#573);
#570 = B_SPLINE_CURVE_WITH_KNOTS('',1,(#571,#572),.UNSPECIFIED.,.F.,.F.,
  (2,2),(-5.999999999062E-07,30.0000006),.PIECEWISE_BEZIER_KNOTS.);
#571 = CARTESIAN_POINT('',(-0.5000006,6.127402413458));
#572 = CARTESIAN_POINT('',(29.5000006,6.127402413458));
#573 = ( GEOMETRIC_REPRESENTATION_CONTEXT(2) 
PARAMETRIC_REPRESENTATION_CONTEXT() REPRESENTATION_CONTEXT('2D SPACE',''
  ) );
#574 = ORIENTED_EDGE('',*,*,#575,.T.);
#575 = EDGE_CURVE('',#555,#230,#576,.T.);
#576 = SURFACE_CURVE('',#577,(#582,#589),.PCURVE_S1.);
#577 = CIRCLE('',#578,8.1);
#578 = AXIS2_PLACEMENT_3D('',#579,#580,#581);
#579 = CARTESIAN_POINT('',(-12.7,0.,86.));
#580 = DIRECTION('',(1.,0.,0.));
#581 = DIRECTION('',(-0.,0.,1.));
#582 = PCURVE('',#127,#583);
#583 = DEFINITIONAL_REPRESENTATION('',(#584),#588);
#584 = LINE('',#585,#586);
#585 = CARTESIAN_POINT('',(0.,2.3));
#586 = VECTOR('',#587,1.);
#587 = DIRECTION('',(1.,0.));
#588 = ( GEOMETRIC_REPRESENTATION_CONTEXT(2) 
PARAMETRIC_REPRESENTATION_CONTEXT() REPRESENTATION_CONTEXT('2D SPACE',''
  ) );
#589 = PCURVE('',#245,#590);
#590 = DEFINITIONAL_REPRESENTATION('',(#591),#595);
#591 = CIRCLE('',#592,8.1);
#592 = AXIS2_PLACEMENT_2D('',#593,#594);
#593 = CARTESIAN_POINT('',(86.,-10.7));
#594 = DIRECTION('',(1.,0.));
#595 = ( GEOMETRIC_REPRESENTATION_CONTEXT(2) 
PARAMETRIC_REPRESENTATION_CONTEXT() REPRESENTATION_CONTEXT('2D SPACE',''
  ) );
#596 = ORIENTED_EDGE('',*,*,#257,.T.);
#597 = ORIENTED_EDGE('',*,*,#112,.T.);
#598 = ORIENTED_EDGE('',*,*,#599,.T.);
#599 = EDGE_CURVE('',#85,#600,#602,.T.);
#600 = VERTEX_POINT('',#601);
#601 = CARTESIAN_POINT('',(-12.7,6.7,90.551922670696));
#602 = SURFACE_CURVE('',#603,(#630,#660),.PCURVE_S1.);
#603 = B_SPLINE_CURVE_WITH_KNOTS('',7,(#604,#605,#606,#607,#608,#609,
    #610,#611,#612,#613,#614,#615,#616,#617,#618,#619,#620,#621,#622,
    #623,#624,#625,#626,#627,#628,#629),.UNSPECIFIED.,.F.,.F.,(8,6,6,6,8
    ),(0.,0.262508041026,0.49999951733,0.737925660158,1.),
  .UNSPECIFIED.);
#604 = CARTESIAN_POINT('',(-12.7,6.7,81.448077329304));
#605 = CARTESIAN_POINT('',(-12.7,6.91505387504,81.764616310083));
#606 = CARTESIAN_POINT('',(-12.6865111989,7.109660120369,82.088592546466
    ));
#607 = CARTESIAN_POINT('',(-12.66414887657,7.284031181706,
    82.418433013897));
#608 = CARTESIAN_POINT('',(-12.63651293607,7.438666837125,
    82.752949884763));
#609 = CARTESIAN_POINT('',(-12.60654910515,7.574134957644,
    83.091355505838));
#610 = CARTESIAN_POINT('',(-12.57666508015,7.690924152255,
    83.433203967586));
#611 = CARTESIAN_POINT('',(-12.52360631862,7.878388044275,
    84.090448519087));
#612 = CARTESIAN_POINT('',(-12.50006100805,7.952406499256,
    84.405295295186));
#613 = CARTESIAN_POINT('',(-12.47965022327,8.01149216191,84.722171011741
    ));
#614 = CARTESIAN_POINT('',(-12.4635347076,8.055744559426,85.040531235629
    ));
#615 = CARTESIAN_POINT('',(-12.45251404927,8.085238090137,
    85.359902428947));
#616 = CARTESIAN_POINT('',(-12.44699879903,8.1,85.67985904949));
#617 = CARTESIAN_POINT('',(-12.44699879903,8.1,86.32072688545));
#618 = CARTESIAN_POINT('',(-12.45253425276,8.085184005414,
    86.641267928409));
#619 = CARTESIAN_POINT('',(-12.46359522734,8.055582609393,
    86.961220261342));
#620 = CARTESIAN_POINT('',(-12.47976814535,8.011168330441,
    87.280156329327));
#621 = CARTESIAN_POINT('',(-12.50024764152,7.9518661218,87.597600189325)
  );
#622 = CARTESIAN_POINT('',(-12.52386470333,7.877575580432,
    87.913004471041));
#623 = CARTESIAN_POINT('',(-12.57696188825,7.689763492934,
    88.570191248665));
#624 = CARTESIAN_POINT('',(-12.60679706467,7.573013149851,
    88.911445314171));
#625 = CARTESIAN_POINT('',(-12.63669577844,7.437642773161,
    89.249264490766));
#626 = CARTESIAN_POINT('',(-12.66425977362,7.283165503702,
    89.583204008259));
#627 = CARTESIAN_POINT('',(-12.68655577371,7.109016337511,
    89.912479084174));
#628 = CARTESIAN_POINT('',(-12.7,6.914698227474,90.235907169525));
#629 = CARTESIAN_POINT('',(-12.7,6.7,90.551922670696));
#630 = PCURVE('',#127,#631);
#631 = DEFINITIONAL_REPRESENTATION('',(#632),#659);
#632 = B_SPLINE_CURVE_WITH_KNOTS('',7,(#633,#634,#635,#636,#637,#638,
    #639,#640,#641,#642,#643,#644,#645,#646,#647,#648,#649,#650,#651,
    #652,#653,#654,#655,#656,#657,#658),.UNSPECIFIED.,.F.,.F.,(8,6,6,6,8
    ),(0.,0.262508041026,0.49999951733,0.737925660158,1.),
  .UNSPECIFIED.);
#633 = CARTESIAN_POINT('',(4.115628575595,2.3));
#634 = CARTESIAN_POINT('',(4.162873199592,2.3));
#635 = CARTESIAN_POINT('',(4.209458677558,2.313488801097));
#636 = CARTESIAN_POINT('',(4.255411371146,2.335851123425));
#637 = CARTESIAN_POINT('',(4.300795193583,2.363487063926));
#638 = CARTESIAN_POINT('',(4.345700657259,2.393450894849));
#639 = CARTESIAN_POINT('',(4.390240366751,2.423334919846));
#640 = CARTESIAN_POINT('',(4.474617741683,2.476393681377));
#641 = CARTESIAN_POINT('',(4.51450341932,2.499938991946));
#642 = CARTESIAN_POINT('',(4.554229475594,2.520349776728));
#643 = CARTESIAN_POINT('',(4.59383519283,2.536465292395));
#644 = CARTESIAN_POINT('',(4.633364593755,2.547485950723));
#645 = CARTESIAN_POINT('',(4.672865406248,2.553001200961));
#646 = CARTESIAN_POINT('',(4.751984892169,2.553001200961));
#647 = CARTESIAN_POINT('',(4.791557855554,2.547465747234));
#648 = CARTESIAN_POINT('',(4.831159556888,2.536404772658));
#649 = CARTESIAN_POINT('',(4.870838023867,2.520231854644));
#650 = CARTESIAN_POINT('',(4.910637552201,2.49975235848));
#651 = CARTESIAN_POINT('',(4.950597671694,2.476135296665));
#652 = CARTESIAN_POINT('',(5.034979989546,2.423038111749));
#653 = CARTESIAN_POINT('',(5.079448992376,2.39320293533));
#654 = CARTESIAN_POINT('',(5.124283214379,2.363304221558));
#655 = CARTESIAN_POINT('',(5.169594672489,2.335740226375));
#656 = CARTESIAN_POINT('',(5.215473381307,2.313444226284));
#657 = CARTESIAN_POINT('',(5.261982892462,2.3));
#658 = CARTESIAN_POINT('',(5.309149385174,2.3));
#659 = ( GEOMETRIC_REPRESENTATION_CONTEXT(2) 
PARAMETRIC_REPRESENTATION_CONTEXT() REPRESENTATION_CONTEXT('2D SPACE',''
  ) );
#660 = PCURVE('',#100,#661);
#661 = DEFINITIONAL_REPRESENTATION('',(#662),#689);
#662 = B_SPLINE_CURVE_WITH_KNOTS('',7,(#663,#664,#665,#666,#667,#668,
    #669,#670,#671,#672,#673,#674,#675,#676,#677,#678,#679,#680,#681,
    #682,#683,#684,#685,#686,#687,#688),.UNSPECIFIED.,.F.,.F.,(8,6,6,6,8
    ),(0.,0.262508041026,0.49999951733,0.737925660158,1.),
  .UNSPECIFIED.);
#663 = CARTESIAN_POINT('',(0.,81.448077329304));
#664 = CARTESIAN_POINT('',(-5.37634687601E-02,81.764616310083));
#665 = CARTESIAN_POINT('',(-0.102415086819,82.088592546466));
#666 = CARTESIAN_POINT('',(-0.146261351182,82.418433013897));
#667 = CARTESIAN_POINT('',(-0.185465592279,82.752949884763));
#668 = CARTESIAN_POINT('',(-0.220120178448,83.091355505838));
#669 = CARTESIAN_POINT('',(-0.250248452723,83.433203967586));
#670 = CARTESIAN_POINT('',(-0.29895544849,84.090448519087));
#671 = CARTESIAN_POINT('',(-0.318363647797,84.405295295186));
#672 = CARTESIAN_POINT('',(-0.333986749393,84.722171011741));
#673 = CARTESIAN_POINT('',(-0.345760062527,85.040531235629));
#674 = CARTESIAN_POINT('',(-0.353631499017,85.359902428947));
#675 = CARTESIAN_POINT('',(-0.357571103646,85.67985904949));
#676 = CARTESIAN_POINT('',(-0.357571103646,86.32072688545));
#677 = CARTESIAN_POINT('',(-0.353617065648,86.641267928409));
#678 = CARTESIAN_POINT('',(-0.345716839402,86.961220261342));
#679 = CARTESIAN_POINT('',(-0.333900594847,87.280156329327));
#680 = CARTESIAN_POINT('',(-0.318220767943,87.597600189325));
#681 = CARTESIAN_POINT('',(-0.29874241901,87.913004471041));
#682 = CARTESIAN_POINT('',(-0.249949046473,88.570191248665));
#683 = CARTESIAN_POINT('',(-0.219833215626,88.911445314171));
#684 = CARTESIAN_POINT('',(-0.185205970403,89.249264490766));
#685 = CARTESIAN_POINT('',(-0.14604367772,89.583204008259));
#686 = CARTESIAN_POINT('',(-0.102254140418,89.912479084174));
#687 = CARTESIAN_POINT('',(-5.36745568684E-02,90.235907169525));
#688 = CARTESIAN_POINT('',(0.,90.551922670696));
#689 = ( GEOMETRIC_REPRESENTATION_CONTEXT(2) 
PARAMETRIC_REPRESENTATION_CONTEXT() REPRESENTATION_CONTEXT('2D SPACE',''
  ) );
#690 = ORIENTED_EDGE('',*,*,#691,.T.);
#691 = EDGE_CURVE('',#600,#692,#694,.T.);
#692 = VERTEX_POINT('',#693);
#693 = CARTESIAN_POINT('',(-12.7,6.372597586542,91.));
#694 = SURFACE_CURVE('',#695,(#700,#707),.PCURVE_S1.);
#695 = CIRCLE('',#696,8.1);
#696 = AXIS2_PLACEMENT_3D('',#697,#698,#699);
#697 = CARTESIAN_POINT('',(-12.7,0.,86.));
#698 = DIRECTION('',(1.,0.,0.));
#699 = DIRECTION('',(-0.,0.,1.));
#700 = PCURVE('',#127,#701);
#701 = DEFINITIONAL_REPRESENTATION('',(#702),#706);
#702 = LINE('',#703,#704);
#703 = CARTESIAN_POINT('',(0.,2.3));
#704 = VECTOR('',#705,1.);
#705 = DIRECTION('',(1.,0.));
#706 = ( GEOMETRIC_REPRESENTATION_CONTEXT(2) 
PARAMETRIC_REPRESENTATION_CONTEXT() REPRESENTATION_CONTEXT('2D SPACE',''
  ) );
#707 = PCURVE('',#708,#713);
#708 = PLANE('',#709);
#709 = AXIS2_PLACEMENT_3D('',#710,#711,#712);
#710 = CARTESIAN_POINT('',(-12.7,-10.7,0.));
#711 = DIRECTION('',(1.,0.,0.));
#712 = DIRECTION('',(0.,0.,1.));
#713 = DEFINITIONAL_REPRESENTATION('',(#714),#718);
#714 = CIRCLE('',#715,8.1);
#715 = AXIS2_PLACEMENT_2D('',#716,#717);
#716 = CARTESIAN_POINT('',(86.,-10.7));
#717 = DIRECTION('',(1.,0.));
#718 = ( GEOMETRIC_REPRESENTATION_CONTEXT(2) 
PARAMETRIC_REPRESENTATION_CONTEXT() REPRESENTATION_CONTEXT('2D SPACE',''
  ) );
#719 = ORIENTED_EDGE('',*,*,#720,.F.);
#720 = EDGE_CURVE('',#721,#692,#723,.T.);
#721 = VERTEX_POINT('',#722);
#722 = CARTESIAN_POINT('',(-13.25,6.372597586542,91.));
#723 = SURFACE_CURVE('',#724,(#728,#734),.PCURVE_S1.);
#724 = LINE('',#725,#726);
#725 = CARTESIAN_POINT('',(-15.,6.372597586542,91.));
#726 = VECTOR('',#727,1.);
#727 = DIRECTION('',(1.,0.,0.));
#728 = PCURVE('',#127,#729);
#729 = DEFINITIONAL_REPRESENTATION('',(#730),#733);
#730 = B_SPLINE_CURVE_WITH_KNOTS('',1,(#731,#732),.UNSPECIFIED.,.F.,.F.,
  (2,2),(-5.999999999062E-07,30.0000006),.PIECEWISE_BEZIER_KNOTS.);
#731 = CARTESIAN_POINT('',(5.377674707014,-5.999999999062E-07));
#732 = CARTESIAN_POINT('',(5.377674707014,30.0000006));
#733 = ( GEOMETRIC_REPRESENTATION_CONTEXT(2) 
PARAMETRIC_REPRESENTATION_CONTEXT() REPRESENTATION_CONTEXT('2D SPACE',''
  ) );
#734 = PCURVE('',#735,#740);
#735 = PLANE('',#736);
#736 = AXIS2_PLACEMENT_3D('',#737,#738,#739);
#737 = CARTESIAN_POINT('',(-14.5,-12.5,91.));
#738 = DIRECTION('',(0.,0.,1.));
#739 = DIRECTION('',(1.,0.,0.));
#740 = DEFINITIONAL_REPRESENTATION('',(#741),#744);
#741 = B_SPLINE_CURVE_WITH_KNOTS('',1,(#742,#743),.UNSPECIFIED.,.F.,.F.,
  (2,2),(-5.999999999062E-07,30.0000006),.PIECEWISE_BEZIER_KNOTS.);
#742 = CARTESIAN_POINT('',(-0.5000006,18.872597586542));
#743 = CARTESIAN_POINT('',(29.5000006,18.872597586542));
#744 = ( GEOMETRIC_REPRESENTATION_CONTEXT(2) 
PARAMETRIC_REPRESENTATION_CONTEXT() REPRESENTATION_CONTEXT('2D SPACE',''
  ) );
#745 = ORIENTED_EDGE('',*,*,#746,.F.);
#746 = EDGE_CURVE('',#747,#721,#749,.T.);
#747 = VERTEX_POINT('',#748);
#748 = CARTESIAN_POINT('',(-14.5,5.152426612772,92.25));
#749 = SURFACE_CURVE('',#750,(#785,#823),.PCURVE_S1.);
#750 = B_SPLINE_CURVE_WITH_KNOTS('',5,(#751,#752,#753,#754,#755,#756,
    #757,#758,#759,#760,#761,#762,#763,#764,#765,#766,#767,#768,#769,
    #770,#771,#772,#773,#774,#775,#776,#777,#778,#779,#780,#781,#782,
    #783,#784),.UNSPECIFIED.,.F.,.F.,(6,4,4,4,4,4,4,4,6),(0.,
    0.270538348351,0.40298262363,0.487444320366,0.545623915074,
    0.588627392418,0.701340552357,0.842093129532,1.),.UNSPECIFIED.);
#751 = CARTESIAN_POINT('',(-14.5,5.152426612772,92.25));
#752 = CARTESIAN_POINT('',(-14.5,5.25883740737,92.162276190404));
#753 = CARTESIAN_POINT('',(-14.49230496754,5.363775388889,
    92.071962936555));
#754 = CARTESIAN_POINT('',(-14.47600374597,5.466251536118,
    91.979818442737));
#755 = CARTESIAN_POINT('',(-14.45019943283,5.565290938347,
    91.886853014169));
#756 = CARTESIAN_POINT('',(-14.39630607743,5.706259149392,
    91.749156554647));
#757 = CARTESIAN_POINT('',(-14.37611793896,5.751504681405,
    91.704055923983));
#758 = CARTESIAN_POINT('',(-14.35338219898,5.795490089263,
    91.659331691187));
#759 = CARTESIAN_POINT('',(-14.32805425226,5.8380570766,91.615215329859)
  );
#760 = CARTESIAN_POINT('',(-14.2823009017,5.905214880224,91.544355905795
    ));
#761 = CARTESIAN_POINT('',(-14.26342734572,5.930726066807,
    91.517114326204));
#762 = CARTESIAN_POINT('',(-14.24349620115,5.955555289756,
    91.490291922436));
#763 = CARTESIAN_POINT('',(-14.22251671549,5.979661859974,91.46395947034
    ));
#764 = CARTESIAN_POINT('',(-14.18534686008,6.019087387272,91.42043916127
    ));
#765 = CARTESIAN_POINT('',(-14.16969766603,6.034806692193,
    91.402955353473));
#766 = CARTESIAN_POINT('',(-14.15356603262,6.050151994529,91.38576227171
    ));
#767 = CARTESIAN_POINT('',(-14.13696030103,6.065111403432,
    91.368883435387));
#768 = CARTESIAN_POINT('',(-14.10727420995,6.090437636182,
    91.340115611785));
#769 = CARTESIAN_POINT('',(-14.0944041439,6.100984572532,91.328073474605
    ));
#770 = CARTESIAN_POINT('',(-14.08128505045,6.111310158841,
    91.316225095343));
#771 = CARTESIAN_POINT('',(-14.06792179009,6.121410227039,
    91.304579624329));
#772 = CARTESIAN_POINT('',(-14.01866876512,6.157152211245,91.2631781315)
  );
#773 = CARTESIAN_POINT('',(-13.98137896719,6.181446722737,
    91.234666091635));
#774 = CARTESIAN_POINT('',(-13.94254795527,6.204096615148,
    91.207770208715));
#775 = CARTESIAN_POINT('',(-13.90229808548,6.225048056776,
    91.182633167265));
#776 = CARTESIAN_POINT('',(-13.80892579311,6.268253987862,91.13034217103
    ));
#777 = CARTESIAN_POINT('',(-13.75509709043,6.289533371481,
    91.104244504225));
#778 = CARTESIAN_POINT('',(-13.69955323087,6.308033607602,
    91.081312635373));
#779 = CARTESIAN_POINT('',(-13.64259846778,6.323713007835,
    91.061726815702));
#780 = CARTESIAN_POINT('',(-13.5194767456,6.35094748637,91.027524279544)
  );
#781 = CARTESIAN_POINT('',(-13.45302611959,6.361768489658,
    91.013802207051));
#782 = CARTESIAN_POINT('',(-13.38565581093,6.368988253618,
    91.004600074277));
#783 = CARTESIAN_POINT('',(-13.31782318952,6.372597586542,91.));
#784 = CARTESIAN_POINT('',(-13.25,6.372597586542,91.));
#785 = PCURVE('',#127,#786);
#786 = DEFINITIONAL_REPRESENTATION('',(#787),#822);
#787 = B_SPLINE_CURVE_WITH_KNOTS('',5,(#788,#789,#790,#791,#792,#793,
    #794,#795,#796,#797,#798,#799,#800,#801,#802,#803,#804,#805,#806,
    #807,#808,#809,#810,#811,#812,#813,#814,#815,#816,#817,#818,#819,
    #820,#821),.UNSPECIFIED.,.F.,.F.,(6,4,4,4,4,4,4,4,6),(0.,
    0.270538348351,0.40298262363,0.487444320366,0.545623915074,
    0.588627392418,0.701340552357,0.842093129532,1.),.UNSPECIFIED.);
#788 = CARTESIAN_POINT('',(5.593749368471,0.5));
#789 = CARTESIAN_POINT('',(5.576723641336,0.5));
#790 = CARTESIAN_POINT('',(5.559634857612,0.507695032459));
#791 = CARTESIAN_POINT('',(5.542626523673,0.523996254023));
#792 = CARTESIAN_POINT('',(5.525859986517,0.549800567165));
#793 = CARTESIAN_POINT('',(5.501531682958,0.603693922566));
#794 = CARTESIAN_POINT('',(5.493645126787,0.623882061033));
#795 = CARTESIAN_POINT('',(5.485901234665,0.646617801012));
#796 = CARTESIAN_POINT('',(5.478333130654,0.671945747738));
#797 = CARTESIAN_POINT('',(5.466280289768,0.7176990983));
#798 = CARTESIAN_POINT('',(5.461672730607,0.736572654275));
#799 = CARTESIAN_POINT('',(5.457160430728,0.756503798842));
#800 = CARTESIAN_POINT('',(5.452753024051,0.77748328451));
#801 = CARTESIAN_POINT('',(5.445503272252,0.814653139913));
#802 = CARTESIAN_POINT('',(5.442600666242,0.830302333969));
#803 = CARTESIAN_POINT('',(5.439755606132,0.846433967371));
#804 = CARTESIAN_POINT('',(5.436971187728,0.86303969897));
#805 = CARTESIAN_POINT('',(5.432239383941,0.892725790041));
#806 = CARTESIAN_POINT('',(5.430263113887,0.905595856093));
#807 = CARTESIAN_POINT('',(5.428322838579,0.918714949544));
#808 = CARTESIAN_POINT('',(5.4264197325,0.932078209906));
#809 = CARTESIAN_POINT('',(5.419667229486,0.981331234878));
#810 = CARTESIAN_POINT('',(5.415042783498,1.018621032809));
#811 = CARTESIAN_POINT('',(5.410701813504,1.057452044722));
#812 = CARTESIAN_POINT('',(5.406661898034,1.097701914512));
#813 = CARTESIAN_POINT('',(5.398287649353,1.191074206886));
#814 = CARTESIAN_POINT('',(5.394130522804,1.244902909569));
#815 = CARTESIAN_POINT('',(5.390493027131,1.300446769121));
#816 = CARTESIAN_POINT('',(5.387395654912,1.357401532213));
#817 = CARTESIAN_POINT('',(5.381997994294,1.480523254393));
#818 = CARTESIAN_POINT('',(5.379840561091,1.546973880407));
#819 = CARTESIAN_POINT('',(5.378396563488,1.614344189068));
#820 = CARTESIAN_POINT('',(5.377674707014,1.682176810477));
#821 = CARTESIAN_POINT('',(5.377674707014,1.75));
#822 = ( GEOMETRIC_REPRESENTATION_CONTEXT(2) 
PARAMETRIC_REPRESENTATION_CONTEXT() REPRESENTATION_CONTEXT('2D SPACE',''
  ) );
#823 = PCURVE('',#824,#829);
#824 = CYLINDRICAL_SURFACE('',#825,1.25);
#825 = AXIS2_PLACEMENT_3D('',#826,#827,#828);
#826 = CARTESIAN_POINT('',(-13.25,-12.5,92.25));
#827 = DIRECTION('',(0.,1.,0.));
#828 = DIRECTION('',(-1.,0.,0.));
#829 = DEFINITIONAL_REPRESENTATION('',(#830),#865);
#830 = B_SPLINE_CURVE_WITH_KNOTS('',5,(#831,#832,#833,#834,#835,#836,
    #837,#838,#839,#840,#841,#842,#843,#844,#845,#846,#847,#848,#849,
    #850,#851,#852,#853,#854,#855,#856,#857,#858,#859,#860,#861,#862,
    #863,#864),.UNSPECIFIED.,.F.,.F.,(6,4,4,4,4,4,4,4,6),(0.,
    0.270538348351,0.40298262363,0.487444320366,0.545623915074,
    0.588627392418,0.701340552357,0.842093129532,1.),.UNSPECIFIED.);
#831 = CARTESIAN_POINT('',(0.,17.652426612772));
#832 = CARTESIAN_POINT('',(-7.017904767643E-02,17.75883740737));
#833 = CARTESIAN_POINT('',(-0.142428979508,17.863775388889));
#834 = CARTESIAN_POINT('',(-0.216867389348,17.966251536118));
#835 = CARTESIAN_POINT('',(-0.293648615197,18.065290938347));
#836 = CARTESIAN_POINT('',(-0.411942645399,18.206259149392));
#837 = CARTESIAN_POINT('',(-0.451427606365,18.251504681405));
#838 = CARTESIAN_POINT('',(-0.491497801857,18.295490089263));
#839 = CARTESIAN_POINT('',(-0.532138342717,18.3380570766));
#840 = CARTESIAN_POINT('',(-0.599615993258,18.405214880224));
#841 = CARTESIAN_POINT('',(-0.626114560791,18.430726066807));
#842 = CARTESIAN_POINT('',(-0.652828298959,18.455555289756));
#843 = CARTESIAN_POINT('',(-0.679747007148,18.479661859974));
#844 = CARTESIAN_POINT('',(-0.7255334013,18.519087387272));
#845 = CARTESIAN_POINT('',(-0.744299894094,18.534806692193));
#846 = CARTESIAN_POINT('',(-0.76315378896,18.550151994529));
#847 = CARTESIAN_POINT('',(-0.782090746955,18.565111403432));
#848 = CARTESIAN_POINT('',(-0.815161354356,18.590437636182));
#849 = CARTESIAN_POINT('',(-0.829259439673,18.600984572532));
#850 = CARTESIAN_POINT('',(-0.843398513749,18.611310158841));
#851 = CARTESIAN_POINT('',(-0.857576669449,18.621410227039));
#852 = CARTESIAN_POINT('',(-0.909050587209,18.657152211245));
#853 = CARTESIAN_POINT('',(-0.946562957507,18.681446722737));
#854 = CARTESIAN_POINT('',(-0.984296121048,18.704096615148));
#855 = CARTESIAN_POINT('',(-1.022216026134,18.725048056776));
#856 = CARTESIAN_POINT('',(-1.107829981147,18.768253987862));
#857 = CARTESIAN_POINT('',(-1.15560376615,18.789533371481));
#858 = CARTESIAN_POINT('',(-1.20356098115,18.808033607602));
#859 = CARTESIAN_POINT('',(-1.251656173469,18.823713007835));
#860 = CARTESIAN_POINT('',(-1.353883440132,18.85094748637));
#861 = CARTESIAN_POINT('',(-1.408042598987,18.861768489658));
#862 = CARTESIAN_POINT('',(-1.462271687648,18.868988253618));
#863 = CARTESIAN_POINT('',(-1.516537775176,18.872597586542));
#864 = CARTESIAN_POINT('',(-1.570796326795,18.872597586542));
#865 = ( GEOMETRIC_REPRESENTATION_CONTEXT(2) 
PARAMETRIC_REPRESENTATION_CONTEXT() REPRESENTATION_CONTEXT('2D SPACE',''
  ) );
#866 = ORIENTED_EDGE('',*,*,#867,.T.);
#867 = EDGE_CURVE('',#747,#382,#868,.T.);
#868 = SURFACE_CURVE('',#869,(#874,#881),.PCURVE_S1.);
#869 = CIRCLE('',#870,8.1);
#870 = AXIS2_PLACEMENT_3D('',#871,#872,#873);
#871 = CARTESIAN_POINT('',(-14.5,0.,86.));
#872 = DIRECTION('',(1.,0.,0.));
#873 = DIRECTION('',(-0.,0.,1.));
#874 = PCURVE('',#127,#875);
#875 = DEFINITIONAL_REPRESENTATION('',(#876),#880);
#876 = LINE('',#877,#878);
#877 = CARTESIAN_POINT('',(0.,0.5));
#878 = VECTOR('',#879,1.);
#879 = DIRECTION('',(1.,0.));
#880 = ( GEOMETRIC_REPRESENTATION_CONTEXT(2) 
PARAMETRIC_REPRESENTATION_CONTEXT() REPRESENTATION_CONTEXT('2D SPACE',''
  ) );
#881 = PCURVE('',#421,#882);
#882 = DEFINITIONAL_REPRESENTATION('',(#883),#887);
#883 = CIRCLE('',#884,8.1);
#884 = AXIS2_PLACEMENT_2D('',#885,#886);
#885 = CARTESIAN_POINT('',(-5.,-12.5));
#886 = DIRECTION('',(1.,0.));
#887 = ( GEOMETRIC_REPRESENTATION_CONTEXT(2) 
PARAMETRIC_REPRESENTATION_CONTEXT() REPRESENTATION_CONTEXT('2D SPACE',''
  ) );
#888 = ORIENTED_EDGE('',*,*,#381,.T.);
#889 = ORIENTED_EDGE('',*,*,#890,.F.);
#890 = EDGE_CURVE('',#891,#351,#893,.T.);
#891 = VERTEX_POINT('',#892);
#892 = CARTESIAN_POINT('',(14.5,5.152426612772,92.25));
#893 = SURFACE_CURVE('',#894,(#899,#906),.PCURVE_S1.);
#894 = CIRCLE('',#895,8.1);
#895 = AXIS2_PLACEMENT_3D('',#896,#897,#898);
#896 = CARTESIAN_POINT('',(14.5,0.,86.));
#897 = DIRECTION('',(1.,0.,0.));
#898 = DIRECTION('',(-0.,0.,1.));
#899 = PCURVE('',#127,#900);
#900 = DEFINITIONAL_REPRESENTATION('',(#901),#905);
#901 = LINE('',#902,#903);
#902 = CARTESIAN_POINT('',(0.,29.5));
#903 = VECTOR('',#904,1.);
#904 = DIRECTION('',(1.,0.));
#905 = ( GEOMETRIC_REPRESENTATION_CONTEXT(2) 
PARAMETRIC_REPRESENTATION_CONTEXT() REPRESENTATION_CONTEXT('2D SPACE',''
  ) );
#906 = PCURVE('',#369,#907);
#907 = DEFINITIONAL_REPRESENTATION('',(#908),#912);
#908 = CIRCLE('',#909,8.1);
#909 = AXIS2_PLACEMENT_2D('',#910,#911);
#910 = CARTESIAN_POINT('',(-5.,-12.5));
#911 = DIRECTION('',(1.,0.));
#912 = ( GEOMETRIC_REPRESENTATION_CONTEXT(2) 
PARAMETRIC_REPRESENTATION_CONTEXT() REPRESENTATION_CONTEXT('2D SPACE',''
  ) );
#913 = ORIENTED_EDGE('',*,*,#914,.T.);
#914 = EDGE_CURVE('',#891,#915,#917,.T.);
#915 = VERTEX_POINT('',#916);
#916 = CARTESIAN_POINT('',(13.25,6.372597586542,91.));
#917 = SURFACE_CURVE('',#918,(#953,#991),.PCURVE_S1.);
#918 = B_SPLINE_CURVE_WITH_KNOTS('',5,(#919,#920,#921,#922,#923,#924,
    #925,#926,#927,#928,#929,#930,#931,#932,#933,#934,#935,#936,#937,
    #938,#939,#940,#941,#942,#943,#944,#945,#946,#947,#948,#949,#950,
    #951,#952),.UNSPECIFIED.,.F.,.F.,(6,4,4,4,4,4,4,4,6),(0.,
    0.270538348347,0.402982623625,0.487444320361,0.54562391507,
    0.588627392414,0.701340552355,0.84209312953,1.),.UNSPECIFIED.);
#919 = CARTESIAN_POINT('',(14.5,5.152426612772,92.25));
#920 = CARTESIAN_POINT('',(14.5,5.25883740737,92.162276190404));
#921 = CARTESIAN_POINT('',(14.492304967541,5.363775388889,
    92.071962936555));
#922 = CARTESIAN_POINT('',(14.476003745977,5.466251536118,
    91.979818442737));
#923 = CARTESIAN_POINT('',(14.450199432835,5.565290938347,
    91.886853014169));
#924 = CARTESIAN_POINT('',(14.396306077434,5.706259149393,
    91.749156554647));
#925 = CARTESIAN_POINT('',(14.376117938967,5.751504681404,
    91.704055923983));
#926 = CARTESIAN_POINT('',(14.353382198988,5.795490089263,
    91.659331691187));
#927 = CARTESIAN_POINT('',(14.328054252262,5.838057076601,
    91.615215329859));
#928 = CARTESIAN_POINT('',(14.2823009017,5.905214880224,91.544355905795)
  );
#929 = CARTESIAN_POINT('',(14.263427345725,5.930726066807,
    91.517114326204));
#930 = CARTESIAN_POINT('',(14.243496201158,5.955555289756,
    91.490291922436));
#931 = CARTESIAN_POINT('',(14.22251671549,5.979661859974,91.46395947034)
  );
#932 = CARTESIAN_POINT('',(14.185346860087,6.019087387272,91.42043916127
    ));
#933 = CARTESIAN_POINT('',(14.169697666031,6.034806692193,
    91.402955353473));
#934 = CARTESIAN_POINT('',(14.153566032629,6.050151994529,91.38576227171
    ));
#935 = CARTESIAN_POINT('',(14.13696030103,6.065111403432,91.368883435387
    ));
#936 = CARTESIAN_POINT('',(14.107274209959,6.090437636182,
    91.340115611785));
#937 = CARTESIAN_POINT('',(14.094404143907,6.100984572532,
    91.328073474605));
#938 = CARTESIAN_POINT('',(14.081285050456,6.111310158841,
    91.316225095343));
#939 = CARTESIAN_POINT('',(14.067921790094,6.121410227039,
    91.304579624329));
#940 = CARTESIAN_POINT('',(14.018668765122,6.157152211245,91.2631781315)
  );
#941 = CARTESIAN_POINT('',(13.981378967191,6.181446722737,
    91.234666091635));
#942 = CARTESIAN_POINT('',(13.942547955278,6.204096615148,
    91.207770208715));
#943 = CARTESIAN_POINT('',(13.902298085488,6.225048056776,
    91.182633167265));
#944 = CARTESIAN_POINT('',(13.808925793114,6.268253987862,91.13034217103
    ));
#945 = CARTESIAN_POINT('',(13.755097090431,6.289533371481,
    91.104244504225));
#946 = CARTESIAN_POINT('',(13.699553230879,6.308033607602,
    91.081312635373));
#947 = CARTESIAN_POINT('',(13.642598467787,6.323713007835,
    91.061726815702));
#948 = CARTESIAN_POINT('',(13.519476745607,6.35094748637,91.027524279544
    ));
#949 = CARTESIAN_POINT('',(13.453026119593,6.361768489658,
    91.013802207051));
#950 = CARTESIAN_POINT('',(13.385655810932,6.368988253618,
    91.004600074277));
#951 = CARTESIAN_POINT('',(13.317823189523,6.372597586542,91.));
#952 = CARTESIAN_POINT('',(13.25,6.372597586542,91.));
#953 = PCURVE('',#127,#954);
#954 = DEFINITIONAL_REPRESENTATION('',(#955),#990);
#955 = B_SPLINE_CURVE_WITH_KNOTS('',5,(#956,#957,#958,#959,#960,#961,
    #962,#963,#964,#965,#966,#967,#968,#969,#970,#971,#972,#973,#974,
    #975,#976,#977,#978,#979,#980,#981,#982,#983,#984,#985,#986,#987,
    #988,#989),.UNSPECIFIED.,.F.,.F.,(6,4,4,4,4,4,4,4,6),(0.,
    0.270538348347,0.402982623625,0.487444320361,0.54562391507,
    0.588627392414,0.701340552355,0.84209312953,1.),.UNSPECIFIED.);
#956 = CARTESIAN_POINT('',(5.593749368471,29.5));
#957 = CARTESIAN_POINT('',(5.576723641336,29.5));
#958 = CARTESIAN_POINT('',(5.559634857612,29.492304967541));
#959 = CARTESIAN_POINT('',(5.542626523673,29.476003745977));
#960 = CARTESIAN_POINT('',(5.525859986517,29.450199432835));
#961 = CARTESIAN_POINT('',(5.501531682958,29.396306077434));
#962 = CARTESIAN_POINT('',(5.493645126787,29.376117938967));
#963 = CARTESIAN_POINT('',(5.485901234665,29.353382198988));
#964 = CARTESIAN_POINT('',(5.478333130654,29.328054252262));
#965 = CARTESIAN_POINT('',(5.466280289768,29.2823009017));
#966 = CARTESIAN_POINT('',(5.461672730607,29.263427345725));
#967 = CARTESIAN_POINT('',(5.457160430728,29.243496201158));
#968 = CARTESIAN_POINT('',(5.452753024051,29.22251671549));
#969 = CARTESIAN_POINT('',(5.445503272252,29.185346860087));
#970 = CARTESIAN_POINT('',(5.442600666242,29.169697666031));
#971 = CARTESIAN_POINT('',(5.439755606132,29.153566032629));
#972 = CARTESIAN_POINT('',(5.436971187728,29.13696030103));
#973 = CARTESIAN_POINT('',(5.432239383941,29.107274209959));
#974 = CARTESIAN_POINT('',(5.430263113887,29.094404143907));
#975 = CARTESIAN_POINT('',(5.428322838579,29.081285050456));
#976 = CARTESIAN_POINT('',(5.4264197325,29.067921790094));
#977 = CARTESIAN_POINT('',(5.419667229486,29.018668765122));
#978 = CARTESIAN_POINT('',(5.415042783498,28.981378967191));
#979 = CARTESIAN_POINT('',(5.410701813504,28.942547955278));
#980 = CARTESIAN_POINT('',(5.406661898034,28.902298085488));
#981 = CARTESIAN_POINT('',(5.398287649353,28.808925793114));
#982 = CARTESIAN_POINT('',(5.394130522804,28.755097090431));
#983 = CARTESIAN_POINT('',(5.390493027131,28.699553230879));
#984 = CARTESIAN_POINT('',(5.387395654912,28.642598467787));
#985 = CARTESIAN_POINT('',(5.381997994294,28.519476745607));
#986 = CARTESIAN_POINT('',(5.379840561091,28.453026119593));
#987 = CARTESIAN_POINT('',(5.378396563488,28.385655810932));
#988 = CARTESIAN_POINT('',(5.377674707014,28.317823189523));
#989 = CARTESIAN_POINT('',(5.377674707014,28.25));
#990 = ( GEOMETRIC_REPRESENTATION_CONTEXT(2) 
PARAMETRIC_REPRESENTATION_CONTEXT() REPRESENTATION_CONTEXT('2D SPACE',''
  ) );
#991 = PCURVE('',#992,#997);
#992 = CYLINDRICAL_SURFACE('',#993,1.25);
#993 = AXIS2_PLACEMENT_3D('',#994,#995,#996);
#994 = CARTESIAN_POINT('',(13.25,-12.5,92.25));
#995 = DIRECTION('',(0.,1.,0.));
#996 = DIRECTION('',(1.,0.,-0.));
#997 = DEFINITIONAL_REPRESENTATION('',(#998),#1033);
#998 = B_SPLINE_CURVE_WITH_KNOTS('',5,(#999,#1000,#1001,#1002,#1003,
    #1004,#1005,#1006,#1007,#1008,#1009,#1010,#1011,#1012,#1013,#1014,
    #1015,#1016,#1017,#1018,#1019,#1020,#1021,#1022,#1023,#1024,#1025,
    #1026,#1027,#1028,#1029,#1030,#1031,#1032),.UNSPECIFIED.,.F.,.F.,(6,
    4,4,4,4,4,4,4,6),(0.,0.270538348347,0.402982623625,0.487444320361,
    0.54562391507,0.588627392414,0.701340552355,0.84209312953,1.),
  .UNSPECIFIED.);
#999 = CARTESIAN_POINT('',(0.,17.652426612772));
#1000 = CARTESIAN_POINT('',(7.017904767642E-02,17.75883740737));
#1001 = CARTESIAN_POINT('',(0.142428979508,17.863775388889));
#1002 = CARTESIAN_POINT('',(0.216867389348,17.966251536118));
#1003 = CARTESIAN_POINT('',(0.293648615197,18.065290938347));
#1004 = CARTESIAN_POINT('',(0.4119426454,18.206259149393));
#1005 = CARTESIAN_POINT('',(0.451427606364,18.251504681404));
#1006 = CARTESIAN_POINT('',(0.491497801856,18.295490089263));
#1007 = CARTESIAN_POINT('',(0.532138342717,18.338057076601));
#1008 = CARTESIAN_POINT('',(0.599615993258,18.405214880224));
#1009 = CARTESIAN_POINT('',(0.626114560791,18.430726066807));
#1010 = CARTESIAN_POINT('',(0.652828298959,18.455555289756));
#1011 = CARTESIAN_POINT('',(0.679747007148,18.479661859974));
#1012 = CARTESIAN_POINT('',(0.7255334013,18.519087387272));
#1013 = CARTESIAN_POINT('',(0.744299894094,18.534806692193));
#1014 = CARTESIAN_POINT('',(0.76315378896,18.550151994529));
#1015 = CARTESIAN_POINT('',(0.782090746955,18.565111403432));
#1016 = CARTESIAN_POINT('',(0.815161354356,18.590437636182));
#1017 = CARTESIAN_POINT('',(0.829259439673,18.600984572532));
#1018 = CARTESIAN_POINT('',(0.843398513749,18.611310158841));
#1019 = CARTESIAN_POINT('',(0.857576669449,18.621410227039));
#1020 = CARTESIAN_POINT('',(0.909050587209,18.657152211245));
#1021 = CARTESIAN_POINT('',(0.946562957507,18.681446722737));
#1022 = CARTESIAN_POINT('',(0.984296121048,18.704096615148));
#1023 = CARTESIAN_POINT('',(1.022216026134,18.725048056776));
#1024 = CARTESIAN_POINT('',(1.107829981147,18.768253987862));
#1025 = CARTESIAN_POINT('',(1.15560376615,18.789533371481));
#1026 = CARTESIAN_POINT('',(1.20356098115,18.808033607602));
#1027 = CARTESIAN_POINT('',(1.251656173469,18.823713007835));
#1028 = CARTESIAN_POINT('',(1.353883440132,18.85094748637));
#1029 = CARTESIAN_POINT('',(1.408042598987,18.861768489658));
#1030 = CARTESIAN_POINT('',(1.462271687648,18.868988253618));
#1031 = CARTESIAN_POINT('',(1.516537775176,18.872597586542));
#1032 = CARTESIAN_POINT('',(1.570796326795,18.872597586542));
#1033 = ( GEOMETRIC_REPRESENTATION_CONTEXT(2) 
PARAMETRIC_REPRESENTATION_CONTEXT() REPRESENTATION_CONTEXT('2D SPACE',''
  ) );
#1034 = ORIENTED_EDGE('',*,*,#1035,.F.);
#1035 = EDGE_CURVE('',#1036,#915,#1038,.T.);
#1036 = VERTEX_POINT('',#1037);
#1037 = CARTESIAN_POINT('',(12.7,6.372597586542,91.));
#1038 = SURFACE_CURVE('',#1039,(#1043,#1049),.PCURVE_S1.);
#1039 = LINE('',#1040,#1041);
#1040 = CARTESIAN_POINT('',(-15.,6.372597586542,91.));
#1041 = VECTOR('',#1042,1.);
#1042 = DIRECTION('',(1.,0.,0.));
#1043 = PCURVE('',#127,#1044);
#1044 = DEFINITIONAL_REPRESENTATION('',(#1045),#1048);
#1045 = B_SPLINE_CURVE_WITH_KNOTS('',1,(#1046,#1047),.UNSPECIFIED.,.F.,
  .F.,(2,2),(-5.999999999062E-07,30.0000006),.PIECEWISE_BEZIER_KNOTS.);
#1046 = CARTESIAN_POINT('',(5.377674707014,-5.999999999062E-07));
#1047 = CARTESIAN_POINT('',(5.377674707014,30.0000006));
#1048 = ( GEOMETRIC_REPRESENTATION_CONTEXT(2) 
PARAMETRIC_REPRESENTATION_CONTEXT() REPRESENTATION_CONTEXT('2D SPACE',''
  ) );
#1049 = PCURVE('',#735,#1050);
#1050 = DEFINITIONAL_REPRESENTATION('',(#1051),#1054);
#1051 = B_SPLINE_CURVE_WITH_KNOTS('',1,(#1052,#1053),.UNSPECIFIED.,.F.,
  .F.,(2,2),(-5.999999999062E-07,30.0000006),.PIECEWISE_BEZIER_KNOTS.);
#1052 = CARTESIAN_POINT('',(-0.5000006,18.872597586542));
#1053 = CARTESIAN_POINT('',(29.5000006,18.872597586542));
#1054 = ( GEOMETRIC_REPRESENTATION_CONTEXT(2) 
PARAMETRIC_REPRESENTATION_CONTEXT() REPRESENTATION_CONTEXT('2D SPACE',''
  ) );
#1055 = ORIENTED_EDGE('',*,*,#1056,.F.);
#1056 = EDGE_CURVE('',#1057,#1036,#1059,.T.);
#1057 = VERTEX_POINT('',#1058);
#1058 = CARTESIAN_POINT('',(12.7,6.7,90.551922670696));
#1059 = SURFACE_CURVE('',#1060,(#1065,#1072),.PCURVE_S1.);
#1060 = CIRCLE('',#1061,8.1);
#1061 = AXIS2_PLACEMENT_3D('',#1062,#1063,#1064);
#1062 = CARTESIAN_POINT('',(12.7,0.,86.));
#1063 = DIRECTION('',(1.,0.,0.));
#1064 = DIRECTION('',(-0.,0.,1.));
#1065 = PCURVE('',#127,#1066);
#1066 = DEFINITIONAL_REPRESENTATION('',(#1067),#1071);
#1067 = LINE('',#1068,#1069);
#1068 = CARTESIAN_POINT('',(0.,27.7));
#1069 = VECTOR('',#1070,1.);
#1070 = DIRECTION('',(1.,0.));
#1071 = ( GEOMETRIC_REPRESENTATION_CONTEXT(2) 
PARAMETRIC_REPRESENTATION_CONTEXT() REPRESENTATION_CONTEXT('2D SPACE',''
  ) );
#1072 = PCURVE('',#1073,#1078);
#1073 = PLANE('',#1074);
#1074 = AXIS2_PLACEMENT_3D('',#1075,#1076,#1077);
#1075 = CARTESIAN_POINT('',(12.7,-10.7,0.));
#1076 = DIRECTION('',(1.,0.,0.));
#1077 = DIRECTION('',(0.,0.,1.));
#1078 = DEFINITIONAL_REPRESENTATION('',(#1079),#1083);
#1079 = CIRCLE('',#1080,8.1);
#1080 = AXIS2_PLACEMENT_2D('',#1081,#1082);
#1081 = CARTESIAN_POINT('',(86.,-10.7));
#1082 = DIRECTION('',(1.,0.));
#1083 = ( GEOMETRIC_REPRESENTATION_CONTEXT(2) 
PARAMETRIC_REPRESENTATION_CONTEXT() REPRESENTATION_CONTEXT('2D SPACE',''
  ) );
#1084 = ORIENTED_EDGE('',*,*,#1085,.F.);
#1085 = EDGE_CURVE('',#1086,#1057,#1088,.T.);
#1086 = VERTEX_POINT('',#1087);
#1087 = CARTESIAN_POINT('',(12.7,6.7,81.448077329304));
#1088 = SURFACE_CURVE('',#1089,(#1116,#1146),.PCURVE_S1.);
#1089 = B_SPLINE_CURVE_WITH_KNOTS('',7,(#1090,#1091,#1092,#1093,#1094,
    #1095,#1096,#1097,#1098,#1099,#1100,#1101,#1102,#1103,#1104,#1105,
    #1106,#1107,#1108,#1109,#1110,#1111,#1112,#1113,#1114,#1115),
  .UNSPECIFIED.,.F.,.F.,(8,6,6,6,8),(0.,0.262508041135,0.499999517562,
    0.737925660513,1.),.UNSPECIFIED.);
#1090 = CARTESIAN_POINT('',(12.7,6.7,81.448077329304));
#1091 = CARTESIAN_POINT('',(12.7,6.915053875027,81.764616310064));
#1092 = CARTESIAN_POINT('',(12.686511198905,7.109660120376,
    82.088592546471));
#1093 = CARTESIAN_POINT('',(12.66414887657,7.284031181723,
    82.418433013928));
#1094 = CARTESIAN_POINT('',(12.636512936076,7.438666837112,
    82.752949884759));
#1095 = CARTESIAN_POINT('',(12.606549105155,7.574134957634,
    83.091355505791));
#1096 = CARTESIAN_POINT('',(12.576665080152,7.690924152264,
    83.433203967619));
#1097 = CARTESIAN_POINT('',(12.523606318623,7.878388044275,
    84.090448519087));
#1098 = CARTESIAN_POINT('',(12.500061008054,7.952406499256,
    84.405295295186));
#1099 = CARTESIAN_POINT('',(12.479650223272,8.01149216191,
    84.722171011741));
#1100 = CARTESIAN_POINT('',(12.463534707605,8.055744559426,
    85.040531235629));
#1101 = CARTESIAN_POINT('',(12.452514049277,8.085238090137,
    85.359902428946));
#1102 = CARTESIAN_POINT('',(12.446998799039,8.1,85.679859049491));
#1103 = CARTESIAN_POINT('',(12.446998799039,8.1,86.32072688545));
#1104 = CARTESIAN_POINT('',(12.452534252766,8.085184005413,
    86.64126792841));
#1105 = CARTESIAN_POINT('',(12.463595227342,8.055582609393,
    86.961220261341));
#1106 = CARTESIAN_POINT('',(12.479768145356,8.011168330441,
    87.280156329326));
#1107 = CARTESIAN_POINT('',(12.500247641521,7.9518661218,87.597600189325
    ));
#1108 = CARTESIAN_POINT('',(12.523864703335,7.877575580432,
    87.913004471041));
#1109 = CARTESIAN_POINT('',(12.576961888198,7.689763493119,
    88.570191248019));
#1110 = CARTESIAN_POINT('',(12.60679706474,7.573013149663,
    88.911445315081));
#1111 = CARTESIAN_POINT('',(12.636695778465,7.437642772911,
    89.249264490865));
#1112 = CARTESIAN_POINT('',(12.664259773543,7.283165504037,
    89.583204007652));
#1113 = CARTESIAN_POINT('',(12.686555773752,7.109016337643,
    89.912479084064));
#1114 = CARTESIAN_POINT('',(12.7,6.914698227236,90.235907169874));
#1115 = CARTESIAN_POINT('',(12.7,6.7,90.551922670696));
#1116 = PCURVE('',#127,#1117);
#1117 = DEFINITIONAL_REPRESENTATION('',(#1118),#1145);
#1118 = B_SPLINE_CURVE_WITH_KNOTS('',7,(#1119,#1120,#1121,#1122,#1123,
    #1124,#1125,#1126,#1127,#1128,#1129,#1130,#1131,#1132,#1133,#1134,
    #1135,#1136,#1137,#1138,#1139,#1140,#1141,#1142,#1143,#1144),
  .UNSPECIFIED.,.F.,.F.,(8,6,6,6,8),(0.,0.262508041135,0.499999517562,
    0.737925660513,1.),.UNSPECIFIED.);
#1119 = CARTESIAN_POINT('',(4.115628575595,27.7));
#1120 = CARTESIAN_POINT('',(4.162873199589,27.7));
#1121 = CARTESIAN_POINT('',(4.20945867756,27.686511198905));
#1122 = CARTESIAN_POINT('',(4.255411371151,27.66414887657));
#1123 = CARTESIAN_POINT('',(4.300795193582,27.636512936076));
#1124 = CARTESIAN_POINT('',(4.345700657253,27.606549105155));
#1125 = CARTESIAN_POINT('',(4.390240366755,27.576665080152));
#1126 = CARTESIAN_POINT('',(4.474617741683,27.523606318623));
#1127 = CARTESIAN_POINT('',(4.51450341932,27.500061008054));
#1128 = CARTESIAN_POINT('',(4.554229475594,27.479650223272));
#1129 = CARTESIAN_POINT('',(4.59383519283,27.463534707605));
#1130 = CARTESIAN_POINT('',(4.633364593755,27.452514049277));
#1131 = CARTESIAN_POINT('',(4.672865406248,27.446998799039));
#1132 = CARTESIAN_POINT('',(4.751984892169,27.446998799039));
#1133 = CARTESIAN_POINT('',(4.791557855554,27.452534252766));
#1134 = CARTESIAN_POINT('',(4.831159556888,27.463595227342));
#1135 = CARTESIAN_POINT('',(4.870838023867,27.479768145356));
#1136 = CARTESIAN_POINT('',(4.910637552201,27.500247641521));
#1137 = CARTESIAN_POINT('',(4.950597671694,27.523864703335));
#1138 = CARTESIAN_POINT('',(5.034979989463,27.576961888198));
#1139 = CARTESIAN_POINT('',(5.07944899249,27.60679706474));
#1140 = CARTESIAN_POINT('',(5.124283214401,27.636695778465));
#1141 = CARTESIAN_POINT('',(5.169594672406,27.664259773543));
#1142 = CARTESIAN_POINT('',(5.215473381286,27.686555773752));
#1143 = CARTESIAN_POINT('',(5.261982892514,27.7));
#1144 = CARTESIAN_POINT('',(5.309149385174,27.7));
#1145 = ( GEOMETRIC_REPRESENTATION_CONTEXT(2) 
PARAMETRIC_REPRESENTATION_CONTEXT() REPRESENTATION_CONTEXT('2D SPACE',''
  ) );
#1146 = PCURVE('',#1147,#1152);
#1147 = CYLINDRICAL_SURFACE('',#1148,4.);
#1148 = AXIS2_PLACEMENT_3D('',#1149,#1150,#1151);
#1149 = CARTESIAN_POINT('',(8.7,6.7,0.));
#1150 = DIRECTION('',(0.,0.,1.));
#1151 = DIRECTION('',(1.,0.,-0.));
#1152 = DEFINITIONAL_REPRESENTATION('',(#1153),#1180);
#1153 = B_SPLINE_CURVE_WITH_KNOTS('',7,(#1154,#1155,#1156,#1157,#1158,
    #1159,#1160,#1161,#1162,#1163,#1164,#1165,#1166,#1167,#1168,#1169,
    #1170,#1171,#1172,#1173,#1174,#1175,#1176,#1177,#1178,#1179),
  .UNSPECIFIED.,.F.,.F.,(8,6,6,6,8),(0.,0.262508041135,0.499999517562,
    0.737925660513,1.),.UNSPECIFIED.);
#1154 = CARTESIAN_POINT('',(0.,81.448077329304));
#1155 = CARTESIAN_POINT('',(5.376346875682E-02,81.764616310064));
#1156 = CARTESIAN_POINT('',(0.10241508682,82.088592546471));
#1157 = CARTESIAN_POINT('',(0.146261351186,82.418433013928));
#1158 = CARTESIAN_POINT('',(0.185465592276,82.752949884759));
#1159 = CARTESIAN_POINT('',(0.220120178445,83.091355505791));
#1160 = CARTESIAN_POINT('',(0.250248452725,83.433203967619));
#1161 = CARTESIAN_POINT('',(0.29895544849,84.090448519087));
#1162 = CARTESIAN_POINT('',(0.318363647797,84.405295295186));
#1163 = CARTESIAN_POINT('',(0.333986749393,84.722171011741));
#1164 = CARTESIAN_POINT('',(0.345760062527,85.040531235629));
#1165 = CARTESIAN_POINT('',(0.353631499017,85.359902428946));
#1166 = CARTESIAN_POINT('',(0.357571103646,85.679859049491));
#1167 = CARTESIAN_POINT('',(0.357571103646,86.32072688545));
#1168 = CARTESIAN_POINT('',(0.353617065648,86.64126792841));
#1169 = CARTESIAN_POINT('',(0.345716839402,86.961220261341));
#1170 = CARTESIAN_POINT('',(0.333900594847,87.280156329326));
#1171 = CARTESIAN_POINT('',(0.318220767943,87.597600189325));
#1172 = CARTESIAN_POINT('',(0.29874241901,87.913004471041));
#1173 = CARTESIAN_POINT('',(0.249949046521,88.570191248019));
#1174 = CARTESIAN_POINT('',(0.219833215576,88.911445315081));
#1175 = CARTESIAN_POINT('',(0.185205970342,89.249264490865));
#1176 = CARTESIAN_POINT('',(0.146043677804,89.583204007652));
#1177 = CARTESIAN_POINT('',(0.102254140451,89.912479084064));
#1178 = CARTESIAN_POINT('',(5.367455680908E-02,90.235907169874));
#1179 = CARTESIAN_POINT('',(0.,90.551922670696));
#1180 = ( GEOMETRIC_REPRESENTATION_CONTEXT(2) 
PARAMETRIC_REPRESENTATION_CONTEXT() REPRESENTATION_CONTEXT('2D SPACE',''
  ) );
#1181 = ORIENTED_EDGE('',*,*,#1182,.F.);
#1182 = EDGE_CURVE('',#1183,#1086,#1185,.T.);
#1183 = VERTEX_POINT('',#1184);
#1184 = CARTESIAN_POINT('',(12.7,-6.7,81.448077329304));
#1185 = SURFACE_CURVE('',#1186,(#1191,#1198),.PCURVE_S1.);
#1186 = CIRCLE('',#1187,8.1);
#1187 = AXIS2_PLACEMENT_3D('',#1188,#1189,#1190);
#1188 = CARTESIAN_POINT('',(12.7,0.,86.));
#1189 = DIRECTION('',(1.,0.,0.));
#1190 = DIRECTION('',(-0.,0.,1.));
#1191 = PCURVE('',#127,#1192);
#1192 = DEFINITIONAL_REPRESENTATION('',(#1193),#1197);
#1193 = LINE('',#1194,#1195);
#1194 = CARTESIAN_POINT('',(0.,27.7));
#1195 = VECTOR('',#1196,1.);
#1196 = DIRECTION('',(1.,0.));
#1197 = ( GEOMETRIC_REPRESENTATION_CONTEXT(2) 
PARAMETRIC_REPRESENTATION_CONTEXT() REPRESENTATION_CONTEXT('2D SPACE',''
  ) );
#1198 = PCURVE('',#1199,#1204);
#1199 = PLANE('',#1200);
#1200 = AXIS2_PLACEMENT_3D('',#1201,#1202,#1203);
#1201 = CARTESIAN_POINT('',(12.7,-10.7,0.));
#1202 = DIRECTION('',(1.,0.,0.));
#1203 = DIRECTION('',(0.,0.,1.));
#1204 = DEFINITIONAL_REPRESENTATION('',(#1205),#1209);
#1205 = CIRCLE('',#1206,8.1);
#1206 = AXIS2_PLACEMENT_2D('',#1207,#1208);
#1207 = CARTESIAN_POINT('',(86.,-10.7));
#1208 = DIRECTION('',(1.,0.));
#1209 = ( GEOMETRIC_REPRESENTATION_CONTEXT(2) 
PARAMETRIC_REPRESENTATION_CONTEXT() REPRESENTATION_CONTEXT('2D SPACE',''
  ) );
#1210 = ORIENTED_EDGE('',*,*,#1211,.F.);
#1211 = EDGE_CURVE('',#1212,#1183,#1214,.T.);
#1212 = VERTEX_POINT('',#1213);
#1213 = CARTESIAN_POINT('',(12.7,-6.7,90.551922670696));
#1214 = SURFACE_CURVE('',#1215,(#1242,#1272),.PCURVE_S1.);
#1215 = B_SPLINE_CURVE_WITH_KNOTS('',7,(#1216,#1217,#1218,#1219,#1220,
    #1221,#1222,#1223,#1224,#1225,#1226,#1227,#1228,#1229,#1230,#1231,
    #1232,#1233,#1234,#1235,#1236,#1237,#1238,#1239,#1240,#1241),
  .UNSPECIFIED.,.F.,.F.,(8,6,6,6,8),(0.,0.262508041103,0.499999517506,
    0.737925660434,1.),.UNSPECIFIED.);
#1216 = CARTESIAN_POINT('',(12.7,-6.7,90.551922670696));
#1217 = CARTESIAN_POINT('',(12.7,-6.915053875027,90.235383689936));
#1218 = CARTESIAN_POINT('',(12.686511198906,-7.109660120377,
    89.911407453527));
#1219 = CARTESIAN_POINT('',(12.66414887657,-7.284031181725,
    89.581566986066));
#1220 = CARTESIAN_POINT('',(12.636512936076,-7.438666837109,
    89.247050115245));
#1221 = CARTESIAN_POINT('',(12.606549105155,-7.574134957633,
    88.908644494216));
#1222 = CARTESIAN_POINT('',(12.576665080151,-7.690924152266,
    88.566796032373));
#1223 = CARTESIAN_POINT('',(12.523606318623,-7.878388044275,
    87.909551480913));
#1224 = CARTESIAN_POINT('',(12.500061008054,-7.952406499256,
    87.594704704814));
#1225 = CARTESIAN_POINT('',(12.479650223272,-8.01149216191,
    87.277828988259));
#1226 = CARTESIAN_POINT('',(12.463534707605,-8.055744559426,
    86.959468764371));
#1227 = CARTESIAN_POINT('',(12.452514049277,-8.085238090137,
    86.640097571054));
#1228 = CARTESIAN_POINT('',(12.446998799039,-8.1,86.320140950509));
#1229 = CARTESIAN_POINT('',(12.446998799039,-8.1,85.679273114549));
#1230 = CARTESIAN_POINT('',(12.452534252766,-8.085184005413,
    85.35873207159));
#1231 = CARTESIAN_POINT('',(12.463595227342,-8.055582609393,
    85.038779738659));
#1232 = CARTESIAN_POINT('',(12.479768145356,-8.011168330441,
    84.719843670674));
#1233 = CARTESIAN_POINT('',(12.50024764152,-7.9518661218,84.402399810675
    ));
#1234 = CARTESIAN_POINT('',(12.523864703335,-7.877575580432,
    84.086995528958));
#1235 = CARTESIAN_POINT('',(12.57696188821,-7.68976349308,
    83.429808751843));
#1236 = CARTESIAN_POINT('',(12.606797064726,-7.573013149702,
    83.08855468511));
#1237 = CARTESIAN_POINT('',(12.63669577846,-7.437642772963,
    82.750735509156));
#1238 = CARTESIAN_POINT('',(12.66425977356,-7.283165503968,
    82.416795992224));
#1239 = CARTESIAN_POINT('',(12.686555773745,-7.109016337615,
    82.087520915913));
#1240 = CARTESIAN_POINT('',(12.7,-6.914698227285,81.764092830197));
#1241 = CARTESIAN_POINT('',(12.7,-6.7,81.448077329304));
#1242 = PCURVE('',#127,#1243);
#1243 = DEFINITIONAL_REPRESENTATION('',(#1244),#1271);
#1244 = B_SPLINE_CURVE_WITH_KNOTS('',7,(#1245,#1246,#1247,#1248,#1249,
    #1250,#1251,#1252,#1253,#1254,#1255,#1256,#1257,#1258,#1259,#1260,
    #1261,#1262,#1263,#1264,#1265,#1266,#1267,#1268,#1269,#1270),
  .UNSPECIFIED.,.F.,.F.,(8,6,6,6,8),(0.,0.262508041103,0.499999517506,
    0.737925660434,1.),.UNSPECIFIED.);
#1245 = CARTESIAN_POINT('',(0.974035922005,27.7));
#1246 = CARTESIAN_POINT('',(1.021280546,27.7));
#1247 = CARTESIAN_POINT('',(1.06786602397,27.686511198906));
#1248 = CARTESIAN_POINT('',(1.113818717562,27.66414887657));
#1249 = CARTESIAN_POINT('',(1.159202539991,27.636512936076));
#1250 = CARTESIAN_POINT('',(1.204108003662,27.606549105155));
#1251 = CARTESIAN_POINT('',(1.248647713166,27.576665080151));
#1252 = CARTESIAN_POINT('',(1.333025088094,27.523606318623));
#1253 = CARTESIAN_POINT('',(1.37291076573,27.500061008054));
#1254 = CARTESIAN_POINT('',(1.412636822004,27.479650223272));
#1255 = CARTESIAN_POINT('',(1.45224253924,27.463534707605));
#1256 = CARTESIAN_POINT('',(1.491771940165,27.452514049277));
#1257 = CARTESIAN_POINT('',(1.531272752658,27.446998799039));
#1258 = CARTESIAN_POINT('',(1.610392238579,27.446998799039));
#1259 = CARTESIAN_POINT('',(1.649965201965,27.452534252766));
#1260 = CARTESIAN_POINT('',(1.689566903298,27.463595227342));
#1261 = CARTESIAN_POINT('',(1.729245370277,27.479768145356));
#1262 = CARTESIAN_POINT('',(1.769044898611,27.50024764152));
#1263 = CARTESIAN_POINT('',(1.809005018104,27.523864703335));
#1264 = CARTESIAN_POINT('',(1.893387335891,27.57696188821));
#1265 = CARTESIAN_POINT('',(1.937856338877,27.606797064726));
#1266 = CARTESIAN_POINT('',(1.982690560806,27.63669577846));
#1267 = CARTESIAN_POINT('',(2.028002018833,27.66425977356));
#1268 = CARTESIAN_POINT('',(2.0738807277,27.686555773745));
#1269 = CARTESIAN_POINT('',(2.120390238914,27.7));
#1270 = CARTESIAN_POINT('',(2.167556731584,27.7));
#1271 = ( GEOMETRIC_REPRESENTATION_CONTEXT(2) 
PARAMETRIC_REPRESENTATION_CONTEXT() REPRESENTATION_CONTEXT('2D SPACE',''
  ) );
#1272 = PCURVE('',#1273,#1278);
#1273 = CYLINDRICAL_SURFACE('',#1274,4.);
#1274 = AXIS2_PLACEMENT_3D('',#1275,#1276,#1277);
#1275 = CARTESIAN_POINT('',(8.7,-6.7,0.));
#1276 = DIRECTION('',(0.,0.,1.));
#1277 = DIRECTION('',(1.,0.,-0.));
#1278 = DEFINITIONAL_REPRESENTATION('',(#1279),#1306);
#1279 = B_SPLINE_CURVE_WITH_KNOTS('',7,(#1280,#1281,#1282,#1283,#1284,
    #1285,#1286,#1287,#1288,#1289,#1290,#1291,#1292,#1293,#1294,#1295,
    #1296,#1297,#1298,#1299,#1300,#1301,#1302,#1303,#1304,#1305),
  .UNSPECIFIED.,.F.,.F.,(8,6,6,6,8),(0.,0.262508041103,0.499999517506,
    0.737925660434,1.),.UNSPECIFIED.);
#1280 = CARTESIAN_POINT('',(0.,90.551922670696));
#1281 = CARTESIAN_POINT('',(-5.376346875684E-02,90.235383689936));
#1282 = CARTESIAN_POINT('',(-0.102415086821,89.911407453527));
#1283 = CARTESIAN_POINT('',(-0.146261351187,89.581566986066));
#1284 = CARTESIAN_POINT('',(-0.185465592275,89.247050115245));
#1285 = CARTESIAN_POINT('',(-0.220120178445,88.908644494216));
#1286 = CARTESIAN_POINT('',(-0.250248452726,88.566796032373));
#1287 = CARTESIAN_POINT('',(-0.29895544849,87.909551480913));
#1288 = CARTESIAN_POINT('',(-0.318363647797,87.594704704814));
#1289 = CARTESIAN_POINT('',(-0.333986749393,87.277828988259));
#1290 = CARTESIAN_POINT('',(-0.345760062527,86.959468764371));
#1291 = CARTESIAN_POINT('',(-0.353631499017,86.640097571054));
#1292 = CARTESIAN_POINT('',(-0.357571103646,86.320140950509));
#1293 = CARTESIAN_POINT('',(-0.357571103646,85.679273114549));
#1294 = CARTESIAN_POINT('',(-0.353617065648,85.35873207159));
#1295 = CARTESIAN_POINT('',(-0.345716839402,85.038779738659));
#1296 = CARTESIAN_POINT('',(-0.333900594847,84.719843670674));
#1297 = CARTESIAN_POINT('',(-0.318220767943,84.402399810675));
#1298 = CARTESIAN_POINT('',(-0.29874241901,84.086995528958));
#1299 = CARTESIAN_POINT('',(-0.249949046511,83.429808751843));
#1300 = CARTESIAN_POINT('',(-0.219833215586,83.08855468511));
#1301 = CARTESIAN_POINT('',(-0.185205970355,82.750735509156));
#1302 = CARTESIAN_POINT('',(-0.146043677787,82.416795992224));
#1303 = CARTESIAN_POINT('',(-0.102254140444,82.087520915913));
#1304 = CARTESIAN_POINT('',(-5.367455682128E-02,81.764092830197));
#1305 = CARTESIAN_POINT('',(0.,81.448077329304));
#1306 = ( GEOMETRIC_REPRESENTATION_CONTEXT(2) 
PARAMETRIC_REPRESENTATION_CONTEXT() REPRESENTATION_CONTEXT('2D SPACE',''
  ) );
#1307 = ORIENTED_EDGE('',*,*,#1308,.F.);
#1308 = EDGE_CURVE('',#1309,#1212,#1311,.T.);
#1309 = VERTEX_POINT('',#1310);
#1310 = CARTESIAN_POINT('',(12.7,-6.372597586542,91.));
#1311 = SURFACE_CURVE('',#1312,(#1317,#1324),.PCURVE_S1.);
#1312 = CIRCLE('',#1313,8.1);
#1313 = AXIS2_PLACEMENT_3D('',#1314,#1315,#1316);
#1314 = CARTESIAN_POINT('',(12.7,0.,86.));
#1315 = DIRECTION('',(1.,0.,0.));
#1316 = DIRECTION('',(-0.,0.,1.));
#1317 = PCURVE('',#127,#1318);
#1318 = DEFINITIONAL_REPRESENTATION('',(#1319),#1323);
#1319 = LINE('',#1320,#1321);
#1320 = CARTESIAN_POINT('',(0.,27.7));
#1321 = VECTOR('',#1322,1.);
#1322 = DIRECTION('',(1.,0.));
#1323 = ( GEOMETRIC_REPRESENTATION_CONTEXT(2) 
PARAMETRIC_REPRESENTATION_CONTEXT() REPRESENTATION_CONTEXT('2D SPACE',''
  ) );
#1324 = PCURVE('',#1325,#1330);
#1325 = PLANE('',#1326);
#1326 = AXIS2_PLACEMENT_3D('',#1327,#1328,#1329);
#1327 = CARTESIAN_POINT('',(12.7,-10.7,0.));
#1328 = DIRECTION('',(1.,0.,0.));
#1329 = DIRECTION('',(0.,0.,1.));
#1330 = DEFINITIONAL_REPRESENTATION('',(#1331),#1335);
#1331 = CIRCLE('',#1332,8.1);
#1332 = AXIS2_PLACEMENT_2D('',#1333,#1334);
#1333 = CARTESIAN_POINT('',(86.,-10.7));
#1334 = DIRECTION('',(1.,0.));
#1335 = ( GEOMETRIC_REPRESENTATION_CONTEXT(2) 
PARAMETRIC_REPRESENTATION_CONTEXT() REPRESENTATION_CONTEXT('2D SPACE',''
  ) );
#1336 = ORIENTED_EDGE('',*,*,#1337,.T.);
#1337 = EDGE_CURVE('',#1309,#1338,#1340,.T.);
#1338 = VERTEX_POINT('',#1339);
#1339 = CARTESIAN_POINT('',(13.25,-6.372597586542,91.));
#1340 = SURFACE_CURVE('',#1341,(#1345,#1351),.PCURVE_S1.);
#1341 = LINE('',#1342,#1343);
#1342 = CARTESIAN_POINT('',(-15.,-6.372597586542,91.));
#1343 = VECTOR('',#1344,1.);
#1344 = DIRECTION('',(1.,0.,0.));
#1345 = PCURVE('',#127,#1346);
#1346 = DEFINITIONAL_REPRESENTATION('',(#1347),#1350);
#1347 = B_SPLINE_CURVE_WITH_KNOTS('',1,(#1348,#1349),.UNSPECIFIED.,.F.,
  .F.,(2,2),(-5.999999999062E-07,30.0000006),.PIECEWISE_BEZIER_KNOTS.);
#1348 = CARTESIAN_POINT('',(0.905510600166,-5.999999999062E-07));
#1349 = CARTESIAN_POINT('',(0.905510600166,30.0000006));
#1350 = ( GEOMETRIC_REPRESENTATION_CONTEXT(2) 
PARAMETRIC_REPRESENTATION_CONTEXT() REPRESENTATION_CONTEXT('2D SPACE',''
  ) );
#1351 = PCURVE('',#217,#1352);
#1352 = DEFINITIONAL_REPRESENTATION('',(#1353),#1356);
#1353 = B_SPLINE_CURVE_WITH_KNOTS('',1,(#1354,#1355),.UNSPECIFIED.,.F.,
  .F.,(2,2),(-5.999999999062E-07,30.0000006),.PIECEWISE_BEZIER_KNOTS.);
#1354 = CARTESIAN_POINT('',(-0.5000006,6.127402413458));
#1355 = CARTESIAN_POINT('',(29.5000006,6.127402413458));
#1356 = ( GEOMETRIC_REPRESENTATION_CONTEXT(2) 
PARAMETRIC_REPRESENTATION_CONTEXT() REPRESENTATION_CONTEXT('2D SPACE',''
  ) );
#1357 = ORIENTED_EDGE('',*,*,#1358,.F.);
#1358 = EDGE_CURVE('',#353,#1338,#1359,.T.);
#1359 = SURFACE_CURVE('',#1360,(#1395,#1433),.PCURVE_S1.);
#1360 = B_SPLINE_CURVE_WITH_KNOTS('',5,(#1361,#1362,#1363,#1364,#1365,
    #1366,#1367,#1368,#1369,#1370,#1371,#1372,#1373,#1374,#1375,#1376,
    #1377,#1378,#1379,#1380,#1381,#1382,#1383,#1384,#1385,#1386,#1387,
    #1388,#1389,#1390,#1391,#1392,#1393,#1394),.UNSPECIFIED.,.F.,.F.,(6,
    4,4,4,4,4,4,4,6),(0.,0.270538348348,0.402982623627,0.487444320363,
    0.545623915072,0.588627392415,0.701340552356,0.842093129531,1.),
  .UNSPECIFIED.);
#1361 = CARTESIAN_POINT('',(14.5,-5.152426612772,92.25));
#1362 = CARTESIAN_POINT('',(14.5,-5.25883740737,92.162276190404));
#1363 = CARTESIAN_POINT('',(14.492304967541,-5.363775388889,
    92.071962936555));
#1364 = CARTESIAN_POINT('',(14.476003745977,-5.466251536118,
    91.979818442737));
#1365 = CARTESIAN_POINT('',(14.450199432835,-5.565290938347,
    91.886853014169));
#1366 = CARTESIAN_POINT('',(14.396306077434,-5.706259149393,
    91.749156554647));
#1367 = CARTESIAN_POINT('',(14.376117938967,-5.751504681405,
    91.704055923983));
#1368 = CARTESIAN_POINT('',(14.353382198988,-5.795490089263,
    91.659331691187));
#1369 = CARTESIAN_POINT('',(14.328054252262,-5.838057076601,
    91.615215329859));
#1370 = CARTESIAN_POINT('',(14.2823009017,-5.905214880224,
    91.544355905795));
#1371 = CARTESIAN_POINT('',(14.263427345725,-5.930726066807,
    91.517114326204));
#1372 = CARTESIAN_POINT('',(14.243496201158,-5.955555289756,
    91.490291922436));
#1373 = CARTESIAN_POINT('',(14.22251671549,-5.979661859974,
    91.46395947034));
#1374 = CARTESIAN_POINT('',(14.185346860087,-6.019087387272,
    91.42043916127));
#1375 = CARTESIAN_POINT('',(14.169697666031,-6.034806692193,
    91.402955353473));
#1376 = CARTESIAN_POINT('',(14.153566032629,-6.050151994529,
    91.38576227171));
#1377 = CARTESIAN_POINT('',(14.13696030103,-6.065111403432,
    91.368883435387));
#1378 = CARTESIAN_POINT('',(14.107274209959,-6.090437636182,
    91.340115611785));
#1379 = CARTESIAN_POINT('',(14.094404143907,-6.100984572532,
    91.328073474605));
#1380 = CARTESIAN_POINT('',(14.081285050456,-6.111310158841,
    91.316225095343));
#1381 = CARTESIAN_POINT('',(14.067921790094,-6.121410227039,
    91.304579624329));
#1382 = CARTESIAN_POINT('',(14.018668765122,-6.157152211245,
    91.2631781315));
#1383 = CARTESIAN_POINT('',(13.981378967191,-6.181446722737,
    91.234666091635));
#1384 = CARTESIAN_POINT('',(13.942547955278,-6.204096615148,
    91.207770208715));
#1385 = CARTESIAN_POINT('',(13.902298085488,-6.225048056776,
    91.182633167265));
#1386 = CARTESIAN_POINT('',(13.808925793114,-6.268253987862,
    91.13034217103));
#1387 = CARTESIAN_POINT('',(13.755097090431,-6.289533371481,
    91.104244504225));
#1388 = CARTESIAN_POINT('',(13.699553230879,-6.308033607602,
    91.081312635373));
#1389 = CARTESIAN_POINT('',(13.642598467787,-6.323713007835,
    91.061726815702));
#1390 = CARTESIAN_POINT('',(13.519476745607,-6.35094748637,
    91.027524279544));
#1391 = CARTESIAN_POINT('',(13.453026119593,-6.361768489658,
    91.013802207051));
#1392 = CARTESIAN_POINT('',(13.385655810932,-6.368988253618,
    91.004600074277));
#1393 = CARTESIAN_POINT('',(13.317823189523,-6.372597586542,91.));
#1394 = CARTESIAN_POINT('',(13.25,-6.372597586542,91.));
#1395 = PCURVE('',#127,#1396);
#1396 = DEFINITIONAL_REPRESENTATION('',(#1397),#1432);
#1397 = B_SPLINE_CURVE_WITH_KNOTS('',5,(#1398,#1399,#1400,#1401,#1402,
    #1403,#1404,#1405,#1406,#1407,#1408,#1409,#1410,#1411,#1412,#1413,
    #1414,#1415,#1416,#1417,#1418,#1419,#1420,#1421,#1422,#1423,#1424,
    #1425,#1426,#1427,#1428,#1429,#1430,#1431),.UNSPECIFIED.,.F.,.F.,(6,
    4,4,4,4,4,4,4,6),(0.,0.270538348348,0.402982623627,0.487444320363,
    0.545623915072,0.588627392415,0.701340552356,0.842093129531,1.),
  .UNSPECIFIED.);
#1398 = CARTESIAN_POINT('',(0.689435938708,29.5));
#1399 = CARTESIAN_POINT('',(0.706461665844,29.5));
#1400 = CARTESIAN_POINT('',(0.723550449568,29.492304967541));
#1401 = CARTESIAN_POINT('',(0.740558783507,29.476003745977));
#1402 = CARTESIAN_POINT('',(0.757325320663,29.450199432835));
#1403 = CARTESIAN_POINT('',(0.781653624222,29.396306077434));
#1404 = CARTESIAN_POINT('',(0.789540180392,29.376117938967));
#1405 = CARTESIAN_POINT('',(0.797284072515,29.353382198988));
#1406 = CARTESIAN_POINT('',(0.804852176526,29.328054252262));
#1407 = CARTESIAN_POINT('',(0.816905017412,29.2823009017));
#1408 = CARTESIAN_POINT('',(0.821512576573,29.263427345725));
#1409 = CARTESIAN_POINT('',(0.826024876451,29.243496201158));
#1410 = CARTESIAN_POINT('',(0.830432283128,29.22251671549));
#1411 = CARTESIAN_POINT('',(0.837682034928,29.185346860087));
#1412 = CARTESIAN_POINT('',(0.840584640938,29.169697666031));
#1413 = CARTESIAN_POINT('',(0.843429701048,29.153566032629));
#1414 = CARTESIAN_POINT('',(0.846214119452,29.13696030103));
#1415 = CARTESIAN_POINT('',(0.850945923239,29.107274209959));
#1416 = CARTESIAN_POINT('',(0.852922193293,29.094404143907));
#1417 = CARTESIAN_POINT('',(0.854862468601,29.081285050456));
#1418 = CARTESIAN_POINT('',(0.856765574679,29.067921790094));
#1419 = CARTESIAN_POINT('',(0.863518077694,29.018668765122));
#1420 = CARTESIAN_POINT('',(0.868142523681,28.981378967191));
#1421 = CARTESIAN_POINT('',(0.872483493675,28.942547955278));
#1422 = CARTESIAN_POINT('',(0.876523409146,28.902298085488));
#1423 = CARTESIAN_POINT('',(0.884897657827,28.808925793114));
#1424 = CARTESIAN_POINT('',(0.889054784376,28.755097090431));
#1425 = CARTESIAN_POINT('',(0.892692280048,28.699553230879));
#1426 = CARTESIAN_POINT('',(0.895789652268,28.642598467787));
#1427 = CARTESIAN_POINT('',(0.901187312885,28.519476745607));
#1428 = CARTESIAN_POINT('',(0.903344746088,28.453026119593));
#1429 = CARTESIAN_POINT('',(0.904788743691,28.385655810932));
#1430 = CARTESIAN_POINT('',(0.905510600166,28.317823189523));
#1431 = CARTESIAN_POINT('',(0.905510600166,28.25));
#1432 = ( GEOMETRIC_REPRESENTATION_CONTEXT(2) 
PARAMETRIC_REPRESENTATION_CONTEXT() REPRESENTATION_CONTEXT('2D SPACE',''
  ) );
#1433 = PCURVE('',#1434,#1439);
#1434 = CYLINDRICAL_SURFACE('',#1435,1.25);
#1435 = AXIS2_PLACEMENT_3D('',#1436,#1437,#1438);
#1436 = CARTESIAN_POINT('',(13.25,-12.5,92.25));
#1437 = DIRECTION('',(0.,1.,0.));
#1438 = DIRECTION('',(1.,0.,-0.));
#1439 = DEFINITIONAL_REPRESENTATION('',(#1440),#1475);
#1440 = B_SPLINE_CURVE_WITH_KNOTS('',5,(#1441,#1442,#1443,#1444,#1445,
    #1446,#1447,#1448,#1449,#1450,#1451,#1452,#1453,#1454,#1455,#1456,
    #1457,#1458,#1459,#1460,#1461,#1462,#1463,#1464,#1465,#1466,#1467,
    #1468,#1469,#1470,#1471,#1472,#1473,#1474),.UNSPECIFIED.,.F.,.F.,(6,
    4,4,4,4,4,4,4,6),(0.,0.270538348348,0.402982623627,0.487444320363,
    0.545623915072,0.588627392415,0.701340552356,0.842093129531,1.),
  .UNSPECIFIED.);
#1441 = CARTESIAN_POINT('',(0.,7.347573387228));
#1442 = CARTESIAN_POINT('',(7.017904767643E-02,7.24116259263));
#1443 = CARTESIAN_POINT('',(0.142428979508,7.136224611111));
#1444 = CARTESIAN_POINT('',(0.216867389348,7.033748463882));
#1445 = CARTESIAN_POINT('',(0.293648615197,6.934709061653));
#1446 = CARTESIAN_POINT('',(0.411942645399,6.793740850607));
#1447 = CARTESIAN_POINT('',(0.451427606364,6.748495318595));
#1448 = CARTESIAN_POINT('',(0.491497801857,6.704509910737));
#1449 = CARTESIAN_POINT('',(0.532138342717,6.661942923399));
#1450 = CARTESIAN_POINT('',(0.599615993258,6.594785119776));
#1451 = CARTESIAN_POINT('',(0.626114560791,6.569273933193));
#1452 = CARTESIAN_POINT('',(0.652828298959,6.544444710244));
#1453 = CARTESIAN_POINT('',(0.679747007148,6.520338140026));
#1454 = CARTESIAN_POINT('',(0.7255334013,6.480912612728));
#1455 = CARTESIAN_POINT('',(0.744299894094,6.465193307807));
#1456 = CARTESIAN_POINT('',(0.76315378896,6.449848005471));
#1457 = CARTESIAN_POINT('',(0.782090746955,6.434888596568));
#1458 = CARTESIAN_POINT('',(0.815161354356,6.409562363818));
#1459 = CARTESIAN_POINT('',(0.829259439673,6.399015427468));
#1460 = CARTESIAN_POINT('',(0.843398513749,6.388689841159));
#1461 = CARTESIAN_POINT('',(0.857576669449,6.378589772961));
#1462 = CARTESIAN_POINT('',(0.909050587209,6.342847788755));
#1463 = CARTESIAN_POINT('',(0.946562957507,6.318553277263));
#1464 = CARTESIAN_POINT('',(0.984296121048,6.295903384852));
#1465 = CARTESIAN_POINT('',(1.022216026134,6.274951943224));
#1466 = CARTESIAN_POINT('',(1.107829981147,6.231746012138));
#1467 = CARTESIAN_POINT('',(1.15560376615,6.210466628519));
#1468 = CARTESIAN_POINT('',(1.20356098115,6.191966392398));
#1469 = CARTESIAN_POINT('',(1.251656173469,6.176286992165));
#1470 = CARTESIAN_POINT('',(1.353883440132,6.14905251363));
#1471 = CARTESIAN_POINT('',(1.408042598987,6.138231510342));
#1472 = CARTESIAN_POINT('',(1.462271687648,6.131011746382));
#1473 = CARTESIAN_POINT('',(1.516537775176,6.127402413458));
#1474 = CARTESIAN_POINT('',(1.570796326795,6.127402413458));
#1475 = ( GEOMETRIC_REPRESENTATION_CONTEXT(2) 
PARAMETRIC_REPRESENTATION_CONTEXT() REPRESENTATION_CONTEXT('2D SPACE',''
  ) );
#1476 = FACE_BOUND('',#1477,.F.);
#1477 = EDGE_LOOP('',(#1478,#1541,#1567,#1628,#1657,#1718,#1744,#1805));
#1478 = ORIENTED_EDGE('',*,*,#1479,.T.);
#1479 = EDGE_CURVE('',#1480,#1482,#1484,.T.);
#1480 = VERTEX_POINT('',#1481);
#1481 = CARTESIAN_POINT('',(3.75,-2.375,78.256010395152));
#1482 = VERTEX_POINT('',#1483);
#1483 = CARTESIAN_POINT('',(5.375,-4.,78.956563338824));
#1484 = SURFACE_CURVE('',#1485,(#1500,#1518),.PCURVE_S1.);
#1485 = B_SPLINE_CURVE_WITH_KNOTS('',7,(#1486,#1487,#1488,#1489,#1490,
    #1491,#1492,#1493,#1494,#1495,#1496,#1497,#1498,#1499),
  .UNSPECIFIED.,.F.,.F.,(8,6,8),(0.,0.469800358983,1.),.UNSPECIFIED.);
#1486 = CARTESIAN_POINT('',(3.75,-2.375,78.256010395152));
#1487 = CARTESIAN_POINT('',(3.75,-2.572062411141,78.316447359861));
#1488 = CARTESIAN_POINT('',(3.777880315023,-2.763628677612,
    78.381599590756));
#1489 = CARTESIAN_POINT('',(3.830843264443,-2.945630997226,
    78.449785689771));
#1490 = CARTESIAN_POINT('',(3.905760315421,-3.114813685489,
    78.51880395065));
#1491 = CARTESIAN_POINT('',(3.999159122465,-3.268641546349,
    78.586147564854));
#1492 = CARTESIAN_POINT('',(4.107244518492,-3.405341557348,
    78.649419735056));
#1493 = CARTESIAN_POINT('',(4.359919851344,-3.6580168902,78.771511202366
    ));
#1494 = CARTESIAN_POINT('',(4.509400972327,-3.771052625742,
    78.829670960271));
#1495 = CARTESIAN_POINT('',(4.670760032161,-3.862174405915,
    78.878922702768));
#1496 = CARTESIAN_POINT('',(4.840787965899,-3.93087587442,
    78.917308047402));
#1497 = CARTESIAN_POINT('',(5.016613413454,-3.976885086965,
    78.94343605688));
#1498 = CARTESIAN_POINT('',(5.195567294527,-4.,78.956563338824));
#1499 = CARTESIAN_POINT('',(5.375,-4.,78.956563338824));
#1500 = PCURVE('',#127,#1501);
#1501 = DEFINITIONAL_REPRESENTATION('',(#1502),#1517);
#1502 = B_SPLINE_CURVE_WITH_KNOTS('',7,(#1503,#1504,#1505,#1506,#1507,
    #1508,#1509,#1510,#1511,#1512,#1513,#1514,#1515,#1516),
  .UNSPECIFIED.,.F.,.F.,(8,6,8),(0.,0.469800358983,1.),.UNSPECIFIED.);
#1503 = CARTESIAN_POINT('',(2.844010093813,18.75));
#1504 = CARTESIAN_POINT('',(2.818562950777,18.75));
#1505 = CARTESIAN_POINT('',(2.793593822361,18.777880315023));
#1506 = CARTESIAN_POINT('',(2.769616872616,18.830843264443));
#1507 = CARTESIAN_POINT('',(2.747073382031,18.905760315421));
#1508 = CARTESIAN_POINT('',(2.726349580657,18.999159122465));
#1509 = CARTESIAN_POINT('',(2.707755509637,19.107244518492));
#1510 = CARTESIAN_POINT('',(2.673110280822,19.359919851344));
#1511 = CARTESIAN_POINT('',(2.65742140058,19.509400972327));
#1512 = CARTESIAN_POINT('',(2.644636465526,19.670760032161));
#1513 = CARTESIAN_POINT('',(2.634921209334,19.840787965899));
#1514 = CARTESIAN_POINT('',(2.628388824989,20.016613413454));
#1515 = CARTESIAN_POINT('',(2.625107112724,20.195567294527));
#1516 = CARTESIAN_POINT('',(2.625107112724,20.375));
#1517 = ( GEOMETRIC_REPRESENTATION_CONTEXT(2) 
PARAMETRIC_REPRESENTATION_CONTEXT() REPRESENTATION_CONTEXT('2D SPACE',''
  ) );
#1518 = PCURVE('',#1519,#1524);
#1519 = CYLINDRICAL_SURFACE('',#1520,1.625);
#1520 = AXIS2_PLACEMENT_3D('',#1521,#1522,#1523);
#1521 = CARTESIAN_POINT('',(5.375,-2.375,6.));
#1522 = DIRECTION('',(0.,0.,1.));
#1523 = DIRECTION('',(-1.,-0.,0.));
#1524 = DEFINITIONAL_REPRESENTATION('',(#1525),#1540);
#1525 = B_SPLINE_CURVE_WITH_KNOTS('',7,(#1526,#1527,#1528,#1529,#1530,
    #1531,#1532,#1533,#1534,#1535,#1536,#1537,#1538,#1539),
  .UNSPECIFIED.,.F.,.F.,(8,6,8),(0.,0.469800358983,1.),.UNSPECIFIED.);
#1526 = CARTESIAN_POINT('',(0.,72.256010395152));
#1527 = CARTESIAN_POINT('',(0.121269176087,72.316447359861));
#1528 = CARTESIAN_POINT('',(0.239156227201,72.381599590756));
#1529 = CARTESIAN_POINT('',(0.354069830403,72.449785689771));
#1530 = CARTESIAN_POINT('',(0.466192381498,72.51880395065));
#1531 = CARTESIAN_POINT('',(0.575572812769,72.586147564854));
#1532 = CARTESIAN_POINT('',(0.682089242953,72.649419735056));
#1533 = CARTESIAN_POINT('',(0.901988863013,72.771511202366));
#1534 = CARTESIAN_POINT('',(1.016221752986,72.829670960271));
#1535 = CARTESIAN_POINT('',(1.128673303413,72.878922702768));
#1536 = CARTESIAN_POINT('',(1.239852850461,72.917308047402));
#1537 = CARTESIAN_POINT('',(1.350250197969,72.94343605688));
#1538 = CARTESIAN_POINT('',(1.46037620035,72.956563338824));
#1539 = CARTESIAN_POINT('',(1.570796326795,72.956563338824));
#1540 = ( GEOMETRIC_REPRESENTATION_CONTEXT(2) 
PARAMETRIC_REPRESENTATION_CONTEXT() REPRESENTATION_CONTEXT('2D SPACE',''
  ) );
#1541 = ORIENTED_EDGE('',*,*,#1542,.T.);
#1542 = EDGE_CURVE('',#1482,#1543,#1545,.T.);
#1543 = VERTEX_POINT('',#1544);
#1544 = CARTESIAN_POINT('',(8.625,-4.,78.956563338824));
#1545 = SURFACE_CURVE('',#1546,(#1550,#1556),.PCURVE_S1.);
#1546 = LINE('',#1547,#1548);
#1547 = CARTESIAN_POINT('',(-15.,-4.,78.956563338824));
#1548 = VECTOR('',#1549,1.);
#1549 = DIRECTION('',(1.,0.,0.));
#1550 = PCURVE('',#127,#1551);
#1551 = DEFINITIONAL_REPRESENTATION('',(#1552),#1555);
#1552 = B_SPLINE_CURVE_WITH_KNOTS('',1,(#1553,#1554),.UNSPECIFIED.,.F.,
  .F.,(2,2),(20.05,23.95),.PIECEWISE_BEZIER_KNOTS.);
#1553 = CARTESIAN_POINT('',(2.625107112724,20.05));
#1554 = CARTESIAN_POINT('',(2.625107112724,23.95));
#1555 = ( GEOMETRIC_REPRESENTATION_CONTEXT(2) 
PARAMETRIC_REPRESENTATION_CONTEXT() REPRESENTATION_CONTEXT('2D SPACE',''
  ) );
#1556 = PCURVE('',#1557,#1562);
#1557 = PLANE('',#1558);
#1558 = AXIS2_PLACEMENT_3D('',#1559,#1560,#1561);
#1559 = CARTESIAN_POINT('',(3.75,-4.,6.));
#1560 = DIRECTION('',(0.,1.,0.));
#1561 = DIRECTION('',(0.,0.,1.));
#1562 = DEFINITIONAL_REPRESENTATION('',(#1563),#1566);
#1563 = B_SPLINE_CURVE_WITH_KNOTS('',1,(#1564,#1565),.UNSPECIFIED.,.F.,
  .F.,(2,2),(20.05,23.95),.PIECEWISE_BEZIER_KNOTS.);
#1564 = CARTESIAN_POINT('',(72.956563338824,1.3));
#1565 = CARTESIAN_POINT('',(72.956563338824,5.2));
#1566 = ( GEOMETRIC_REPRESENTATION_CONTEXT(2) 
PARAMETRIC_REPRESENTATION_CONTEXT() REPRESENTATION_CONTEXT('2D SPACE',''
  ) );
#1567 = ORIENTED_EDGE('',*,*,#1568,.F.);
#1568 = EDGE_CURVE('',#1569,#1543,#1571,.T.);
#1569 = VERTEX_POINT('',#1570);
#1570 = CARTESIAN_POINT('',(10.25,-2.375,78.256010395152));
#1571 = SURFACE_CURVE('',#1572,(#1587,#1605),.PCURVE_S1.);
#1572 = B_SPLINE_CURVE_WITH_KNOTS('',7,(#1573,#1574,#1575,#1576,#1577,
    #1578,#1579,#1580,#1581,#1582,#1583,#1584,#1585,#1586),
  .UNSPECIFIED.,.F.,.F.,(8,6,8),(0.,0.469800358982,1.),.UNSPECIFIED.);
#1573 = CARTESIAN_POINT('',(10.25,-2.375,78.256010395152));
#1574 = CARTESIAN_POINT('',(10.25,-2.572062411141,78.316447359861));
#1575 = CARTESIAN_POINT('',(10.222119684977,-2.763628677612,
    78.381599590756));
#1576 = CARTESIAN_POINT('',(10.169156735558,-2.945630997226,
    78.449785689771));
#1577 = CARTESIAN_POINT('',(10.094239684579,-3.114813685489,
    78.51880395065));
#1578 = CARTESIAN_POINT('',(10.000840877536,-3.268641546349,
    78.586147564854));
#1579 = CARTESIAN_POINT('',(9.892755481508,-3.405341557348,
    78.649419735056));
#1580 = CARTESIAN_POINT('',(9.640080148656,-3.6580168902,78.771511202366
    ));
#1581 = CARTESIAN_POINT('',(9.490599027673,-3.771052625742,
    78.829670960271));
#1582 = CARTESIAN_POINT('',(9.329239967839,-3.862174405915,
    78.878922702768));
#1583 = CARTESIAN_POINT('',(9.159212034101,-3.93087587442,
    78.917308047402));
#1584 = CARTESIAN_POINT('',(8.983386586546,-3.976885086965,
    78.94343605688));
#1585 = CARTESIAN_POINT('',(8.804432705473,-4.,78.956563338824));
#1586 = CARTESIAN_POINT('',(8.625,-4.,78.956563338824));
#1587 = PCURVE('',#127,#1588);
#1588 = DEFINITIONAL_REPRESENTATION('',(#1589),#1604);
#1589 = B_SPLINE_CURVE_WITH_KNOTS('',7,(#1590,#1591,#1592,#1593,#1594,
    #1595,#1596,#1597,#1598,#1599,#1600,#1601,#1602,#1603),
  .UNSPECIFIED.,.F.,.F.,(8,6,8),(0.,0.469800358982,1.),.UNSPECIFIED.);
#1590 = CARTESIAN_POINT('',(2.844010093813,25.25));
#1591 = CARTESIAN_POINT('',(2.818562950777,25.25));
#1592 = CARTESIAN_POINT('',(2.793593822361,25.222119684977));
#1593 = CARTESIAN_POINT('',(2.769616872616,25.169156735558));
#1594 = CARTESIAN_POINT('',(2.747073382031,25.094239684579));
#1595 = CARTESIAN_POINT('',(2.726349580657,25.000840877536));
#1596 = CARTESIAN_POINT('',(2.707755509637,24.892755481508));
#1597 = CARTESIAN_POINT('',(2.673110280822,24.640080148656));
#1598 = CARTESIAN_POINT('',(2.65742140058,24.490599027673));
#1599 = CARTESIAN_POINT('',(2.644636465526,24.329239967839));
#1600 = CARTESIAN_POINT('',(2.634921209334,24.159212034101));
#1601 = CARTESIAN_POINT('',(2.628388824989,23.983386586546));
#1602 = CARTESIAN_POINT('',(2.625107112724,23.804432705473));
#1603 = CARTESIAN_POINT('',(2.625107112724,23.625));
#1604 = ( GEOMETRIC_REPRESENTATION_CONTEXT(2) 
PARAMETRIC_REPRESENTATION_CONTEXT() REPRESENTATION_CONTEXT('2D SPACE',''
  ) );
#1605 = PCURVE('',#1606,#1611);
#1606 = CYLINDRICAL_SURFACE('',#1607,1.625);
#1607 = AXIS2_PLACEMENT_3D('',#1608,#1609,#1610);
#1608 = CARTESIAN_POINT('',(8.625,-2.375,6.));
#1609 = DIRECTION('',(0.,0.,1.));
#1610 = DIRECTION('',(1.,0.,-0.));
#1611 = DEFINITIONAL_REPRESENTATION('',(#1612),#1627);
#1612 = B_SPLINE_CURVE_WITH_KNOTS('',7,(#1613,#1614,#1615,#1616,#1617,
    #1618,#1619,#1620,#1621,#1622,#1623,#1624,#1625,#1626),
  .UNSPECIFIED.,.F.,.F.,(8,6,8),(0.,0.469800358982,1.),.UNSPECIFIED.);
#1613 = CARTESIAN_POINT('',(0.,72.256010395152));
#1614 = CARTESIAN_POINT('',(-0.121269176087,72.316447359861));
#1615 = CARTESIAN_POINT('',(-0.239156227201,72.381599590756));
#1616 = CARTESIAN_POINT('',(-0.354069830402,72.449785689771));
#1617 = CARTESIAN_POINT('',(-0.466192381498,72.51880395065));
#1618 = CARTESIAN_POINT('',(-0.575572812769,72.586147564854));
#1619 = CARTESIAN_POINT('',(-0.682089242953,72.649419735056));
#1620 = CARTESIAN_POINT('',(-0.901988863013,72.771511202366));
#1621 = CARTESIAN_POINT('',(-1.016221752987,72.829670960271));
#1622 = CARTESIAN_POINT('',(-1.128673303413,72.878922702768));
#1623 = CARTESIAN_POINT('',(-1.239852850461,72.917308047402));
#1624 = CARTESIAN_POINT('',(-1.350250197969,72.94343605688));
#1625 = CARTESIAN_POINT('',(-1.46037620035,72.956563338824));
#1626 = CARTESIAN_POINT('',(-1.570796326795,72.956563338824));
#1627 = ( GEOMETRIC_REPRESENTATION_CONTEXT(2) 
PARAMETRIC_REPRESENTATION_CONTEXT() REPRESENTATION_CONTEXT('2D SPACE',''
  ) );
#1628 = ORIENTED_EDGE('',*,*,#1629,.T.);
#1629 = EDGE_CURVE('',#1569,#1630,#1632,.T.);
#1630 = VERTEX_POINT('',#1631);
#1631 = CARTESIAN_POINT('',(10.25,2.375,78.256010395152));
#1632 = SURFACE_CURVE('',#1633,(#1638,#1645),.PCURVE_S1.);
#1633 = CIRCLE('',#1634,8.1);
#1634 = AXIS2_PLACEMENT_3D('',#1635,#1636,#1637);
#1635 = CARTESIAN_POINT('',(10.25,0.,86.));
#1636 = DIRECTION('',(1.,0.,0.));
#1637 = DIRECTION('',(-0.,0.,1.));
#1638 = PCURVE('',#127,#1639);
#1639 = DEFINITIONAL_REPRESENTATION('',(#1640),#1644);
#1640 = LINE('',#1641,#1642);
#1641 = CARTESIAN_POINT('',(0.,25.25));
#1642 = VECTOR('',#1643,1.);
#1643 = DIRECTION('',(1.,0.));
#1644 = ( GEOMETRIC_REPRESENTATION_CONTEXT(2) 
PARAMETRIC_REPRESENTATION_CONTEXT() REPRESENTATION_CONTEXT('2D SPACE',''
  ) );
#1645 = PCURVE('',#1646,#1651);
#1646 = PLANE('',#1647);
#1647 = AXIS2_PLACEMENT_3D('',#1648,#1649,#1650);
#1648 = CARTESIAN_POINT('',(10.25,-4.,6.));
#1649 = DIRECTION('',(1.,0.,0.));
#1650 = DIRECTION('',(0.,0.,1.));
#1651 = DEFINITIONAL_REPRESENTATION('',(#1652),#1656);
#1652 = CIRCLE('',#1653,8.1);
#1653 = AXIS2_PLACEMENT_2D('',#1654,#1655);
#1654 = CARTESIAN_POINT('',(80.,-4.));
#1655 = DIRECTION('',(1.,0.));
#1656 = ( GEOMETRIC_REPRESENTATION_CONTEXT(2) 
PARAMETRIC_REPRESENTATION_CONTEXT() REPRESENTATION_CONTEXT('2D SPACE',''
  ) );
#1657 = ORIENTED_EDGE('',*,*,#1658,.T.);
#1658 = EDGE_CURVE('',#1630,#1659,#1661,.T.);
#1659 = VERTEX_POINT('',#1660);
#1660 = CARTESIAN_POINT('',(8.625,4.,78.956563338824));
#1661 = SURFACE_CURVE('',#1662,(#1677,#1695),.PCURVE_S1.);
#1662 = B_SPLINE_CURVE_WITH_KNOTS('',7,(#1663,#1664,#1665,#1666,#1667,
    #1668,#1669,#1670,#1671,#1672,#1673,#1674,#1675,#1676),
  .UNSPECIFIED.,.F.,.F.,(8,6,8),(0.,0.469800358982,1.),.UNSPECIFIED.);
#1663 = CARTESIAN_POINT('',(10.25,2.375,78.256010395152));
#1664 = CARTESIAN_POINT('',(10.25,2.572062411141,78.316447359861));
#1665 = CARTESIAN_POINT('',(10.222119684977,2.763628677612,
    78.381599590756));
#1666 = CARTESIAN_POINT('',(10.169156735558,2.945630997226,
    78.449785689771));
#1667 = CARTESIAN_POINT('',(10.094239684579,3.114813685489,
    78.51880395065));
#1668 = CARTESIAN_POINT('',(10.000840877536,3.268641546349,
    78.586147564854));
#1669 = CARTESIAN_POINT('',(9.892755481508,3.405341557348,
    78.649419735056));
#1670 = CARTESIAN_POINT('',(9.640080148656,3.6580168902,78.771511202366)
  );
#1671 = CARTESIAN_POINT('',(9.490599027673,3.771052625742,
    78.829670960271));
#1672 = CARTESIAN_POINT('',(9.329239967839,3.862174405915,
    78.878922702768));
#1673 = CARTESIAN_POINT('',(9.159212034101,3.93087587442,78.917308047402
    ));
#1674 = CARTESIAN_POINT('',(8.983386586546,3.976885086965,78.94343605688
    ));
#1675 = CARTESIAN_POINT('',(8.804432705473,4.,78.956563338824));
#1676 = CARTESIAN_POINT('',(8.625,4.,78.956563338824));
#1677 = PCURVE('',#127,#1678);
#1678 = DEFINITIONAL_REPRESENTATION('',(#1679),#1694);
#1679 = B_SPLINE_CURVE_WITH_KNOTS('',7,(#1680,#1681,#1682,#1683,#1684,
    #1685,#1686,#1687,#1688,#1689,#1690,#1691,#1692,#1693),
  .UNSPECIFIED.,.F.,.F.,(8,6,8),(0.,0.469800358982,1.),.UNSPECIFIED.);
#1680 = CARTESIAN_POINT('',(3.439175213367,25.25));
#1681 = CARTESIAN_POINT('',(3.464622356402,25.25));
#1682 = CARTESIAN_POINT('',(3.489591484818,25.222119684977));
#1683 = CARTESIAN_POINT('',(3.513568434563,25.169156735558));
#1684 = CARTESIAN_POINT('',(3.536111925148,25.094239684579));
#1685 = CARTESIAN_POINT('',(3.556835726522,25.000840877536));
#1686 = CARTESIAN_POINT('',(3.575429797543,24.892755481508));
#1687 = CARTESIAN_POINT('',(3.610075026357,24.640080148656));
#1688 = CARTESIAN_POINT('',(3.625763906599,24.490599027673));
#1689 = CARTESIAN_POINT('',(3.638548841654,24.329239967839));
#1690 = CARTESIAN_POINT('',(3.648264097845,24.159212034101));
#1691 = CARTESIAN_POINT('',(3.65479648219,23.983386586546));
#1692 = CARTESIAN_POINT('',(3.658078194455,23.804432705473));
#1693 = CARTESIAN_POINT('',(3.658078194455,23.625));
#1694 = ( GEOMETRIC_REPRESENTATION_CONTEXT(2) 
PARAMETRIC_REPRESENTATION_CONTEXT() REPRESENTATION_CONTEXT('2D SPACE',''
  ) );
#1695 = PCURVE('',#1696,#1701);
#1696 = CYLINDRICAL_SURFACE('',#1697,1.625);
#1697 = AXIS2_PLACEMENT_3D('',#1698,#1699,#1700);
#1698 = CARTESIAN_POINT('',(8.625,2.375,6.));
#1699 = DIRECTION('',(0.,0.,1.));
#1700 = DIRECTION('',(1.,0.,-0.));
#1701 = DEFINITIONAL_REPRESENTATION('',(#1702),#1717);
#1702 = B_SPLINE_CURVE_WITH_KNOTS('',7,(#1703,#1704,#1705,#1706,#1707,
    #1708,#1709,#1710,#1711,#1712,#1713,#1714,#1715,#1716),
  .UNSPECIFIED.,.F.,.F.,(8,6,8),(0.,0.469800358982,1.),.UNSPECIFIED.);
#1703 = CARTESIAN_POINT('',(0.,72.256010395152));
#1704 = CARTESIAN_POINT('',(0.121269176087,72.316447359861));
#1705 = CARTESIAN_POINT('',(0.239156227201,72.381599590756));
#1706 = CARTESIAN_POINT('',(0.354069830402,72.449785689771));
#1707 = CARTESIAN_POINT('',(0.466192381498,72.51880395065));
#1708 = CARTESIAN_POINT('',(0.575572812769,72.586147564854));
#1709 = CARTESIAN_POINT('',(0.682089242953,72.649419735056));
#1710 = CARTESIAN_POINT('',(0.901988863013,72.771511202366));
#1711 = CARTESIAN_POINT('',(1.016221752986,72.829670960271));
#1712 = CARTESIAN_POINT('',(1.128673303413,72.878922702768));
#1713 = CARTESIAN_POINT('',(1.239852850461,72.917308047402));
#1714 = CARTESIAN_POINT('',(1.350250197969,72.94343605688));
#1715 = CARTESIAN_POINT('',(1.46037620035,72.956563338824));
#1716 = CARTESIAN_POINT('',(1.570796326795,72.956563338824));
#1717 = ( GEOMETRIC_REPRESENTATION_CONTEXT(2) 
PARAMETRIC_REPRESENTATION_CONTEXT() REPRESENTATION_CONTEXT('2D SPACE',''
  ) );
#1718 = ORIENTED_EDGE('',*,*,#1719,.F.);
#1719 = EDGE_CURVE('',#1720,#1659,#1722,.T.);
#1720 = VERTEX_POINT('',#1721);
#1721 = CARTESIAN_POINT('',(5.375,4.,78.956563338824));
#1722 = SURFACE_CURVE('',#1723,(#1727,#1733),.PCURVE_S1.);
#1723 = LINE('',#1724,#1725);
#1724 = CARTESIAN_POINT('',(-15.,4.,78.956563338824));
#1725 = VECTOR('',#1726,1.);
#1726 = DIRECTION('',(1.,0.,0.));
#1727 = PCURVE('',#127,#1728);
#1728 = DEFINITIONAL_REPRESENTATION('',(#1729),#1732);
#1729 = B_SPLINE_CURVE_WITH_KNOTS('',1,(#1730,#1731),.UNSPECIFIED.,.F.,
  .F.,(2,2),(20.05,23.95),.PIECEWISE_BEZIER_KNOTS.);
#1730 = CARTESIAN_POINT('',(3.658078194455,20.05));
#1731 = CARTESIAN_POINT('',(3.658078194455,23.95));
#1732 = ( GEOMETRIC_REPRESENTATION_CONTEXT(2) 
PARAMETRIC_REPRESENTATION_CONTEXT() REPRESENTATION_CONTEXT('2D SPACE',''
  ) );
#1733 = PCURVE('',#1734,#1739);
#1734 = PLANE('',#1735);
#1735 = AXIS2_PLACEMENT_3D('',#1736,#1737,#1738);
#1736 = CARTESIAN_POINT('',(3.75,4.,6.));
#1737 = DIRECTION('',(0.,1.,0.));
#1738 = DIRECTION('',(0.,0.,1.));
#1739 = DEFINITIONAL_REPRESENTATION('',(#1740),#1743);
#1740 = B_SPLINE_CURVE_WITH_KNOTS('',1,(#1741,#1742),.UNSPECIFIED.,.F.,
  .F.,(2,2),(20.05,23.95),.PIECEWISE_BEZIER_KNOTS.);
#1741 = CARTESIAN_POINT('',(72.956563338824,1.3));
#1742 = CARTESIAN_POINT('',(72.956563338824,5.2));
#1743 = ( GEOMETRIC_REPRESENTATION_CONTEXT(2) 
PARAMETRIC_REPRESENTATION_CONTEXT() REPRESENTATION_CONTEXT('2D SPACE',''
  ) );
#1744 = ORIENTED_EDGE('',*,*,#1745,.F.);
#1745 = EDGE_CURVE('',#1746,#1720,#1748,.T.);
#1746 = VERTEX_POINT('',#1747);
#1747 = CARTESIAN_POINT('',(3.75,2.375,78.256010395152));
#1748 = SURFACE_CURVE('',#1749,(#1764,#1782),.PCURVE_S1.);
#1749 = B_SPLINE_CURVE_WITH_KNOTS('',7,(#1750,#1751,#1752,#1753,#1754,
    #1755,#1756,#1757,#1758,#1759,#1760,#1761,#1762,#1763),
  .UNSPECIFIED.,.F.,.F.,(8,6,8),(0.,0.469800362071,1.),.UNSPECIFIED.);
#1750 = CARTESIAN_POINT('',(3.75,2.375,78.256010395152));
#1751 = CARTESIAN_POINT('',(3.75,2.572062411141,78.316447359861));
#1752 = CARTESIAN_POINT('',(3.777880315023,2.763628677612,
    78.381599590756));
#1753 = CARTESIAN_POINT('',(3.830843264443,2.945630997226,
    78.449785689771));
#1754 = CARTESIAN_POINT('',(3.905760315421,3.114813685489,78.51880395065
    ));
#1755 = CARTESIAN_POINT('',(3.999159122465,3.26864154635,78.586147564854
    ));
#1756 = CARTESIAN_POINT('',(4.107244518492,3.405341557348,
    78.649419735056));
#1757 = CARTESIAN_POINT('',(4.359919849683,3.658016888539,
    78.771511201563));
#1758 = CARTESIAN_POINT('',(4.509400976816,3.771052628494,
    78.829670961624));
#1759 = CARTESIAN_POINT('',(4.670760029018,3.8621744053,78.878922702452)
  );
#1760 = CARTESIAN_POINT('',(4.840787963227,3.930875872583,
    78.917308046495));
#1761 = CARTESIAN_POINT('',(5.016613418518,3.976885088236,
    78.943436057516));
#1762 = CARTESIAN_POINT('',(5.195567292232,4.,78.956563338824));
#1763 = CARTESIAN_POINT('',(5.375,4.,78.956563338824));
#1764 = PCURVE('',#127,#1765);
#1765 = DEFINITIONAL_REPRESENTATION('',(#1766),#1781);
#1766 = B_SPLINE_CURVE_WITH_KNOTS('',7,(#1767,#1768,#1769,#1770,#1771,
    #1772,#1773,#1774,#1775,#1776,#1777,#1778,#1779,#1780),
  .UNSPECIFIED.,.F.,.F.,(8,6,8),(0.,0.469800362071,1.),.UNSPECIFIED.);
#1767 = CARTESIAN_POINT('',(3.439175213367,18.75));
#1768 = CARTESIAN_POINT('',(3.464622356402,18.75));
#1769 = CARTESIAN_POINT('',(3.489591484818,18.777880315023));
#1770 = CARTESIAN_POINT('',(3.513568434563,18.830843264443));
#1771 = CARTESIAN_POINT('',(3.536111925148,18.905760315421));
#1772 = CARTESIAN_POINT('',(3.556835726522,18.999159122465));
#1773 = CARTESIAN_POINT('',(3.575429797543,19.107244518492));
#1774 = CARTESIAN_POINT('',(3.61007502613,19.359919849683));
#1775 = CARTESIAN_POINT('',(3.625763906978,19.509400976816));
#1776 = CARTESIAN_POINT('',(3.638548841568,19.670760029018));
#1777 = CARTESIAN_POINT('',(3.648264097592,19.840787963227));
#1778 = CARTESIAN_POINT('',(3.654796482366,20.016613418518));
#1779 = CARTESIAN_POINT('',(3.658078194455,20.195567292232));
#1780 = CARTESIAN_POINT('',(3.658078194455,20.375));
#1781 = ( GEOMETRIC_REPRESENTATION_CONTEXT(2) 
PARAMETRIC_REPRESENTATION_CONTEXT() REPRESENTATION_CONTEXT('2D SPACE',''
  ) );
#1782 = PCURVE('',#1783,#1788);
#1783 = CYLINDRICAL_SURFACE('',#1784,1.625);
#1784 = AXIS2_PLACEMENT_3D('',#1785,#1786,#1787);
#1785 = CARTESIAN_POINT('',(5.375,2.375,6.));
#1786 = DIRECTION('',(0.,0.,1.));
#1787 = DIRECTION('',(-1.,-0.,0.));
#1788 = DEFINITIONAL_REPRESENTATION('',(#1789),#1804);
#1789 = B_SPLINE_CURVE_WITH_KNOTS('',7,(#1790,#1791,#1792,#1793,#1794,
    #1795,#1796,#1797,#1798,#1799,#1800,#1801,#1802,#1803),
  .UNSPECIFIED.,.F.,.F.,(8,6,8),(0.,0.469800362071,1.),.UNSPECIFIED.);
#1790 = CARTESIAN_POINT('',(0.,72.256010395152));
#1791 = CARTESIAN_POINT('',(-0.121269176087,72.316447359861));
#1792 = CARTESIAN_POINT('',(-0.2391562272,72.381599590756));
#1793 = CARTESIAN_POINT('',(-0.354069830403,72.449785689771));
#1794 = CARTESIAN_POINT('',(-0.466192381498,72.51880395065));
#1795 = CARTESIAN_POINT('',(-0.575572812769,72.586147564854));
#1796 = CARTESIAN_POINT('',(-0.682089242953,72.649419735056));
#1797 = CARTESIAN_POINT('',(-0.901988861567,72.771511201563));
#1798 = CARTESIAN_POINT('',(-1.016221756403,72.829670961624));
#1799 = CARTESIAN_POINT('',(-1.128673301364,72.878922702452));
#1800 = CARTESIAN_POINT('',(-1.239852848391,72.917308046495));
#1801 = CARTESIAN_POINT('',(-1.350250201361,72.943436057516));
#1802 = CARTESIAN_POINT('',(-1.460376198937,72.956563338824));
#1803 = CARTESIAN_POINT('',(-1.570796326795,72.956563338824));
#1804 = ( GEOMETRIC_REPRESENTATION_CONTEXT(2) 
PARAMETRIC_REPRESENTATION_CONTEXT() REPRESENTATION_CONTEXT('2D SPACE',''
  ) );
#1805 = ORIENTED_EDGE('',*,*,#1806,.F.);
#1806 = EDGE_CURVE('',#1480,#1746,#1807,.T.);
#1807 = SURFACE_CURVE('',#1808,(#1813,#1820),.PCURVE_S1.);
#1808 = CIRCLE('',#1809,8.1);
#1809 = AXIS2_PLACEMENT_3D('',#1810,#1811,#1812);
#1810 = CARTESIAN_POINT('',(3.75,0.,86.));
#1811 = DIRECTION('',(1.,0.,0.));
#1812 = DIRECTION('',(-0.,0.,1.));
#1813 = PCURVE('',#127,#1814);
#1814 = DEFINITIONAL_REPRESENTATION('',(#1815),#1819);
#1815 = LINE('',#1816,#1817);
#1816 = CARTESIAN_POINT('',(0.,18.75));
#1817 = VECTOR('',#1818,1.);
#1818 = DIRECTION('',(1.,0.));
#1819 = ( GEOMETRIC_REPRESENTATION_CONTEXT(2) 
PARAMETRIC_REPRESENTATION_CONTEXT() REPRESENTATION_CONTEXT('2D SPACE',''
  ) );
#1820 = PCURVE('',#1821,#1826);
#1821 = PLANE('',#1822);
#1822 = AXIS2_PLACEMENT_3D('',#1823,#1824,#1825);
#1823 = CARTESIAN_POINT('',(3.75,-4.,6.));
#1824 = DIRECTION('',(1.,0.,0.));
#1825 = DIRECTION('',(0.,0.,1.));
#1826 = DEFINITIONAL_REPRESENTATION('',(#1827),#1831);
#1827 = CIRCLE('',#1828,8.1);
#1828 = AXIS2_PLACEMENT_2D('',#1829,#1830);
#1829 = CARTESIAN_POINT('',(80.,-4.));
#1830 = DIRECTION('',(1.,0.));
#1831 = ( GEOMETRIC_REPRESENTATION_CONTEXT(2) 
PARAMETRIC_REPRESENTATION_CONTEXT() REPRESENTATION_CONTEXT('2D SPACE',''
  ) );
#1832 = ADVANCED_FACE('',(#1833),#100,.T.);
#1833 = FACE_BOUND('',#1834,.F.);
#1834 = EDGE_LOOP('',(#1835,#1836,#1865,#1893,#1917,#1938));
#1835 = ORIENTED_EDGE('',*,*,#84,.F.);
#1836 = ORIENTED_EDGE('',*,*,#1837,.T.);
#1837 = EDGE_CURVE('',#57,#1838,#1840,.T.);
#1838 = VERTEX_POINT('',#1839);
#1839 = CARTESIAN_POINT('',(-8.7,10.7,4.));
#1840 = SURFACE_CURVE('',#1841,(#1846,#1853),.PCURVE_S1.);
#1841 = CIRCLE('',#1842,4.);
#1842 = AXIS2_PLACEMENT_3D('',#1843,#1844,#1845);
#1843 = CARTESIAN_POINT('',(-8.7,6.7,4.));
#1844 = DIRECTION('',(-0.,0.,-1.));
#1845 = DIRECTION('',(-1.,2.22044604925E-16,0.));
#1846 = PCURVE('',#100,#1847);
#1847 = DEFINITIONAL_REPRESENTATION('',(#1848),#1852);
#1848 = LINE('',#1849,#1850);
#1849 = CARTESIAN_POINT('',(-0.,4.));
#1850 = VECTOR('',#1851,1.);
#1851 = DIRECTION('',(-1.,0.));
#1852 = ( GEOMETRIC_REPRESENTATION_CONTEXT(2) 
PARAMETRIC_REPRESENTATION_CONTEXT() REPRESENTATION_CONTEXT('2D SPACE',''
  ) );
#1853 = PCURVE('',#1854,#1859);
#1854 = SPHERICAL_SURFACE('',#1855,4.);
#1855 = AXIS2_PLACEMENT_3D('',#1856,#1857,#1858);
#1856 = CARTESIAN_POINT('',(-8.7,6.7,4.));
#1857 = DIRECTION('',(0.,0.,1.));
#1858 = DIRECTION('',(-1.,2.22044604925E-16,0.));
#1859 = DEFINITIONAL_REPRESENTATION('',(#1860),#1864);
#1860 = LINE('',#1861,#1862);
#1861 = CARTESIAN_POINT('',(-0.,0.));
#1862 = VECTOR('',#1863,1.);
#1863 = DIRECTION('',(-1.,0.));
#1864 = ( GEOMETRIC_REPRESENTATION_CONTEXT(2) 
PARAMETRIC_REPRESENTATION_CONTEXT() REPRESENTATION_CONTEXT('2D SPACE',''
  ) );
#1865 = ORIENTED_EDGE('',*,*,#1866,.T.);
#1866 = EDGE_CURVE('',#1838,#1867,#1869,.T.);
#1867 = VERTEX_POINT('',#1868);
#1868 = CARTESIAN_POINT('',(-8.7,10.7,91.));
#1869 = SURFACE_CURVE('',#1870,(#1874,#1881),.PCURVE_S1.);
#1870 = LINE('',#1871,#1872);
#1871 = CARTESIAN_POINT('',(-8.7,10.7,0.));
#1872 = VECTOR('',#1873,1.);
#1873 = DIRECTION('',(0.,0.,1.));
#1874 = PCURVE('',#100,#1875);
#1875 = DEFINITIONAL_REPRESENTATION('',(#1876),#1880);
#1876 = LINE('',#1877,#1878);
#1877 = CARTESIAN_POINT('',(-1.570796326795,0.));
#1878 = VECTOR('',#1879,1.);
#1879 = DIRECTION('',(-0.,1.));
#1880 = ( GEOMETRIC_REPRESENTATION_CONTEXT(2) 
PARAMETRIC_REPRESENTATION_CONTEXT() REPRESENTATION_CONTEXT('2D SPACE',''
  ) );
#1881 = PCURVE('',#1882,#1887);
#1882 = PLANE('',#1883);
#1883 = AXIS2_PLACEMENT_3D('',#1884,#1885,#1886);
#1884 = CARTESIAN_POINT('',(-12.7,10.7,0.));
#1885 = DIRECTION('',(0.,1.,0.));
#1886 = DIRECTION('',(0.,0.,1.));
#1887 = DEFINITIONAL_REPRESENTATION('',(#1888),#1892);
#1888 = LINE('',#1889,#1890);
#1889 = CARTESIAN_POINT('',(0.,4.));
#1890 = VECTOR('',#1891,1.);
#1891 = DIRECTION('',(1.,0.));
#1892 = ( GEOMETRIC_REPRESENTATION_CONTEXT(2) 
PARAMETRIC_REPRESENTATION_CONTEXT() REPRESENTATION_CONTEXT('2D SPACE',''
  ) );
#1893 = ORIENTED_EDGE('',*,*,#1894,.T.);
#1894 = EDGE_CURVE('',#1867,#1895,#1897,.T.);
#1895 = VERTEX_POINT('',#1896);
#1896 = CARTESIAN_POINT('',(-12.7,6.7,91.));
#1897 = SURFACE_CURVE('',#1898,(#1903,#1910),.PCURVE_S1.);
#1898 = CIRCLE('',#1899,4.);
#1899 = AXIS2_PLACEMENT_3D('',#1900,#1901,#1902);
#1900 = CARTESIAN_POINT('',(-8.7,6.7,91.));
#1901 = DIRECTION('',(0.,0.,1.));
#1902 = DIRECTION('',(-1.,-0.,0.));
#1903 = PCURVE('',#100,#1904);
#1904 = DEFINITIONAL_REPRESENTATION('',(#1905),#1909);
#1905 = LINE('',#1906,#1907);
#1906 = CARTESIAN_POINT('',(-6.28318530718,91.));
#1907 = VECTOR('',#1908,1.);
#1908 = DIRECTION('',(1.,-0.));
#1909 = ( GEOMETRIC_REPRESENTATION_CONTEXT(2) 
PARAMETRIC_REPRESENTATION_CONTEXT() REPRESENTATION_CONTEXT('2D SPACE',''
  ) );
#1910 = PCURVE('',#735,#1911);
#1911 = DEFINITIONAL_REPRESENTATION('',(#1912),#1916);
#1912 = CIRCLE('',#1913,4.);
#1913 = AXIS2_PLACEMENT_2D('',#1914,#1915);
#1914 = CARTESIAN_POINT('',(5.8,19.2));
#1915 = DIRECTION('',(-1.,0.));
#1916 = ( GEOMETRIC_REPRESENTATION_CONTEXT(2) 
PARAMETRIC_REPRESENTATION_CONTEXT() REPRESENTATION_CONTEXT('2D SPACE',''
  ) );
#1917 = ORIENTED_EDGE('',*,*,#1918,.F.);
#1918 = EDGE_CURVE('',#600,#1895,#1919,.T.);
#1919 = SURFACE_CURVE('',#1920,(#1924,#1931),.PCURVE_S1.);
#1920 = LINE('',#1921,#1922);
#1921 = CARTESIAN_POINT('',(-12.7,6.7,0.));
#1922 = VECTOR('',#1923,1.);
#1923 = DIRECTION('',(0.,0.,1.));
#1924 = PCURVE('',#100,#1925);
#1925 = DEFINITIONAL_REPRESENTATION('',(#1926),#1930);
#1926 = LINE('',#1927,#1928);
#1927 = CARTESIAN_POINT('',(-0.,0.));
#1928 = VECTOR('',#1929,1.);
#1929 = DIRECTION('',(-0.,1.));
#1930 = ( GEOMETRIC_REPRESENTATION_CONTEXT(2) 
PARAMETRIC_REPRESENTATION_CONTEXT() REPRESENTATION_CONTEXT('2D SPACE',''
  ) );
#1931 = PCURVE('',#708,#1932);
#1932 = DEFINITIONAL_REPRESENTATION('',(#1933),#1937);
#1933 = LINE('',#1934,#1935);
#1934 = CARTESIAN_POINT('',(0.,-17.4));
#1935 = VECTOR('',#1936,1.);
#1936 = DIRECTION('',(1.,0.));
#1937 = ( GEOMETRIC_REPRESENTATION_CONTEXT(2) 
PARAMETRIC_REPRESENTATION_CONTEXT() REPRESENTATION_CONTEXT('2D SPACE',''
  ) );
#1938 = ORIENTED_EDGE('',*,*,#599,.F.);
#1939 = ADVANCED_FACE('',(#1940),#72,.T.);
#1940 = FACE_BOUND('',#1941,.F.);
#1941 = EDGE_LOOP('',(#1942,#1966,#1994,#2016));
#1942 = ORIENTED_EDGE('',*,*,#1943,.F.);
#1943 = EDGE_CURVE('',#1944,#22,#1946,.T.);
#1944 = VERTEX_POINT('',#1945);
#1945 = CARTESIAN_POINT('',(-8.7,-6.7,0.));
#1946 = SURFACE_CURVE('',#1947,(#1952,#1959),.PCURVE_S1.);
#1947 = CIRCLE('',#1948,4.);
#1948 = AXIS2_PLACEMENT_3D('',#1949,#1950,#1951);
#1949 = CARTESIAN_POINT('',(-8.7,-6.7,4.));
#1950 = DIRECTION('',(0.,1.,-0.));
#1951 = DIRECTION('',(-1.,0.,0.));
#1952 = PCURVE('',#72,#1953);
#1953 = DEFINITIONAL_REPRESENTATION('',(#1954),#1958);
#1954 = LINE('',#1955,#1956);
#1955 = CARTESIAN_POINT('',(-6.28318530718,4.));
#1956 = VECTOR('',#1957,1.);
#1957 = DIRECTION('',(1.,-0.));
#1958 = ( GEOMETRIC_REPRESENTATION_CONTEXT(2) 
PARAMETRIC_REPRESENTATION_CONTEXT() REPRESENTATION_CONTEXT('2D SPACE',''
  ) );
#1959 = PCURVE('',#160,#1960);
#1960 = DEFINITIONAL_REPRESENTATION('',(#1961),#1965);
#1961 = LINE('',#1962,#1963);
#1962 = CARTESIAN_POINT('',(0.,-6.28318530718));
#1963 = VECTOR('',#1964,1.);
#1964 = DIRECTION('',(0.,1.));
#1965 = ( GEOMETRIC_REPRESENTATION_CONTEXT(2) 
PARAMETRIC_REPRESENTATION_CONTEXT() REPRESENTATION_CONTEXT('2D SPACE',''
  ) );
#1966 = ORIENTED_EDGE('',*,*,#1967,.T.);
#1967 = EDGE_CURVE('',#1944,#1968,#1970,.T.);
#1968 = VERTEX_POINT('',#1969);
#1969 = CARTESIAN_POINT('',(-8.7,6.7,0.));
#1970 = SURFACE_CURVE('',#1971,(#1975,#1982),.PCURVE_S1.);
#1971 = LINE('',#1972,#1973);
#1972 = CARTESIAN_POINT('',(-8.7,-10.7,0.));
#1973 = VECTOR('',#1974,1.);
#1974 = DIRECTION('',(0.,1.,0.));
#1975 = PCURVE('',#72,#1976);
#1976 = DEFINITIONAL_REPRESENTATION('',(#1977),#1981);
#1977 = LINE('',#1978,#1979);
#1978 = CARTESIAN_POINT('',(-1.570796326795,0.));
#1979 = VECTOR('',#1980,1.);
#1980 = DIRECTION('',(-0.,1.));
#1981 = ( GEOMETRIC_REPRESENTATION_CONTEXT(2) 
PARAMETRIC_REPRESENTATION_CONTEXT() REPRESENTATION_CONTEXT('2D SPACE',''
  ) );
#1982 = PCURVE('',#1983,#1988);
#1983 = PLANE('',#1984);
#1984 = AXIS2_PLACEMENT_3D('',#1985,#1986,#1987);
#1985 = CARTESIAN_POINT('',(-12.7,-10.7,0.));
#1986 = DIRECTION('',(0.,0.,1.));
#1987 = DIRECTION('',(1.,0.,0.));
#1988 = DEFINITIONAL_REPRESENTATION('',(#1989),#1993);
#1989 = LINE('',#1990,#1991);
#1990 = CARTESIAN_POINT('',(4.,0.));
#1991 = VECTOR('',#1992,1.);
#1992 = DIRECTION('',(0.,1.));
#1993 = ( GEOMETRIC_REPRESENTATION_CONTEXT(2) 
PARAMETRIC_REPRESENTATION_CONTEXT() REPRESENTATION_CONTEXT('2D SPACE',''
  ) );
#1994 = ORIENTED_EDGE('',*,*,#1995,.T.);
#1995 = EDGE_CURVE('',#1968,#57,#1996,.T.);
#1996 = SURFACE_CURVE('',#1997,(#2002,#2009),.PCURVE_S1.);
#1997 = CIRCLE('',#1998,4.);
#1998 = AXIS2_PLACEMENT_3D('',#1999,#2000,#2001);
#1999 = CARTESIAN_POINT('',(-8.7,6.7,4.));
#2000 = DIRECTION('',(2.22044604925E-16,1.,-0.));
#2001 = DIRECTION('',(-1.,2.22044604925E-16,0.));
#2002 = PCURVE('',#72,#2003);
#2003 = DEFINITIONAL_REPRESENTATION('',(#2004),#2008);
#2004 = LINE('',#2005,#2006);
#2005 = CARTESIAN_POINT('',(-6.28318530718,17.4));
#2006 = VECTOR('',#2007,1.);
#2007 = DIRECTION('',(1.,-0.));
#2008 = ( GEOMETRIC_REPRESENTATION_CONTEXT(2) 
PARAMETRIC_REPRESENTATION_CONTEXT() REPRESENTATION_CONTEXT('2D SPACE',''
  ) );
#2009 = PCURVE('',#1854,#2010);
#2010 = DEFINITIONAL_REPRESENTATION('',(#2011),#2015);
#2011 = LINE('',#2012,#2013);
#2012 = CARTESIAN_POINT('',(-0.,-6.28318530718));
#2013 = VECTOR('',#2014,1.);
#2014 = DIRECTION('',(-0.,1.));
#2015 = ( GEOMETRIC_REPRESENTATION_CONTEXT(2) 
PARAMETRIC_REPRESENTATION_CONTEXT() REPRESENTATION_CONTEXT('2D SPACE',''
  ) );
#2016 = ORIENTED_EDGE('',*,*,#56,.F.);
#2017 = ADVANCED_FACE('',(#2018),#245,.F.);
#2018 = FACE_BOUND('',#2019,.F.);
#2019 = EDGE_LOOP('',(#2020,#2021,#2022));
#2020 = ORIENTED_EDGE('',*,*,#229,.F.);
#2021 = ORIENTED_EDGE('',*,*,#575,.F.);
#2022 = ORIENTED_EDGE('',*,*,#2023,.T.);
#2023 = EDGE_CURVE('',#555,#201,#2024,.T.);
#2024 = SURFACE_CURVE('',#2025,(#2029,#2035),.PCURVE_S1.);
#2025 = LINE('',#2026,#2027);
#2026 = CARTESIAN_POINT('',(-12.7,-11.6,91.));
#2027 = VECTOR('',#2028,1.);
#2028 = DIRECTION('',(0.,-1.,0.));
#2029 = PCURVE('',#245,#2030);
#2030 = DEFINITIONAL_REPRESENTATION('',(#2031),#2034);
#2031 = B_SPLINE_CURVE_WITH_KNOTS('',1,(#2032,#2033),.UNSPECIFIED.,.F.,
  .F.,(2,2),(-18.3,-4.9),.PIECEWISE_BEZIER_KNOTS.);
#2032 = CARTESIAN_POINT('',(91.,-17.4));
#2033 = CARTESIAN_POINT('',(91.,-4.));
#2034 = ( GEOMETRIC_REPRESENTATION_CONTEXT(2) 
PARAMETRIC_REPRESENTATION_CONTEXT() REPRESENTATION_CONTEXT('2D SPACE',''
  ) );
#2035 = PCURVE('',#217,#2036);
#2036 = DEFINITIONAL_REPRESENTATION('',(#2037),#2040);
#2037 = B_SPLINE_CURVE_WITH_KNOTS('',1,(#2038,#2039),.UNSPECIFIED.,.F.,
  .F.,(2,2),(-18.3,-4.9),.PIECEWISE_BEZIER_KNOTS.);
#2038 = CARTESIAN_POINT('',(1.8,19.2));
#2039 = CARTESIAN_POINT('',(1.8,5.8));
#2040 = ( GEOMETRIC_REPRESENTATION_CONTEXT(2) 
PARAMETRIC_REPRESENTATION_CONTEXT() REPRESENTATION_CONTEXT('2D SPACE',''
  ) );
#2041 = ADVANCED_FACE('',(#2042),#217,.F.);
#2042 = FACE_BOUND('',#2043,.F.);
#2043 = EDGE_LOOP('',(#2044,#2067,#2095,#2116,#2117,#2138,#2162,#2181,
    #2182,#2183));
#2044 = ORIENTED_EDGE('',*,*,#2045,.F.);
#2045 = EDGE_CURVE('',#2046,#434,#2048,.T.);
#2046 = VERTEX_POINT('',#2047);
#2047 = CARTESIAN_POINT('',(-13.25,-11.25,91.));
#2048 = SURFACE_CURVE('',#2049,(#2053,#2060),.PCURVE_S1.);
#2049 = LINE('',#2050,#2051);
#2050 = CARTESIAN_POINT('',(-13.25,-12.5,91.));
#2051 = VECTOR('',#2052,1.);
#2052 = DIRECTION('',(0.,1.,0.));
#2053 = PCURVE('',#217,#2054);
#2054 = DEFINITIONAL_REPRESENTATION('',(#2055),#2059);
#2055 = LINE('',#2056,#2057);
#2056 = CARTESIAN_POINT('',(1.25,0.));
#2057 = VECTOR('',#2058,1.);
#2058 = DIRECTION('',(0.,1.));
#2059 = ( GEOMETRIC_REPRESENTATION_CONTEXT(2) 
PARAMETRIC_REPRESENTATION_CONTEXT() REPRESENTATION_CONTEXT('2D SPACE',''
  ) );
#2060 = PCURVE('',#511,#2061);
#2061 = DEFINITIONAL_REPRESENTATION('',(#2062),#2066);
#2062 = LINE('',#2063,#2064);
#2063 = CARTESIAN_POINT('',(-1.570796326795,0.));
#2064 = VECTOR('',#2065,1.);
#2065 = DIRECTION('',(-0.,1.));
#2066 = ( GEOMETRIC_REPRESENTATION_CONTEXT(2) 
PARAMETRIC_REPRESENTATION_CONTEXT() REPRESENTATION_CONTEXT('2D SPACE',''
  ) );
#2067 = ORIENTED_EDGE('',*,*,#2068,.T.);
#2068 = EDGE_CURVE('',#2046,#2069,#2071,.T.);
#2069 = VERTEX_POINT('',#2070);
#2070 = CARTESIAN_POINT('',(13.25,-11.25,91.));
#2071 = SURFACE_CURVE('',#2072,(#2076,#2083),.PCURVE_S1.);
#2072 = LINE('',#2073,#2074);
#2073 = CARTESIAN_POINT('',(-14.5,-11.25,91.));
#2074 = VECTOR('',#2075,1.);
#2075 = DIRECTION('',(1.,0.,0.));
#2076 = PCURVE('',#217,#2077);
#2077 = DEFINITIONAL_REPRESENTATION('',(#2078),#2082);
#2078 = LINE('',#2079,#2080);
#2079 = CARTESIAN_POINT('',(0.,1.25));
#2080 = VECTOR('',#2081,1.);
#2081 = DIRECTION('',(1.,0.));
#2082 = ( GEOMETRIC_REPRESENTATION_CONTEXT(2) 
PARAMETRIC_REPRESENTATION_CONTEXT() REPRESENTATION_CONTEXT('2D SPACE',''
  ) );
#2083 = PCURVE('',#2084,#2089);
#2084 = CYLINDRICAL_SURFACE('',#2085,1.25);
#2085 = AXIS2_PLACEMENT_3D('',#2086,#2087,#2088);
#2086 = CARTESIAN_POINT('',(-14.5,-11.25,92.25));
#2087 = DIRECTION('',(1.,0.,0.));
#2088 = DIRECTION('',(0.,-1.,0.));
#2089 = DEFINITIONAL_REPRESENTATION('',(#2090),#2094);
#2090 = LINE('',#2091,#2092);
#2091 = CARTESIAN_POINT('',(1.570796326795,0.));
#2092 = VECTOR('',#2093,1.);
#2093 = DIRECTION('',(0.,1.));
#2094 = ( GEOMETRIC_REPRESENTATION_CONTEXT(2) 
PARAMETRIC_REPRESENTATION_CONTEXT() REPRESENTATION_CONTEXT('2D SPACE',''
  ) );
#2095 = ORIENTED_EDGE('',*,*,#2096,.T.);
#2096 = EDGE_CURVE('',#2069,#1338,#2097,.T.);
#2097 = SURFACE_CURVE('',#2098,(#2102,#2109),.PCURVE_S1.);
#2098 = LINE('',#2099,#2100);
#2099 = CARTESIAN_POINT('',(13.25,-12.5,91.));
#2100 = VECTOR('',#2101,1.);
#2101 = DIRECTION('',(0.,1.,0.));
#2102 = PCURVE('',#217,#2103);
#2103 = DEFINITIONAL_REPRESENTATION('',(#2104),#2108);
#2104 = LINE('',#2105,#2106);
#2105 = CARTESIAN_POINT('',(27.75,0.));
#2106 = VECTOR('',#2107,1.);
#2107 = DIRECTION('',(0.,1.));
#2108 = ( GEOMETRIC_REPRESENTATION_CONTEXT(2) 
PARAMETRIC_REPRESENTATION_CONTEXT() REPRESENTATION_CONTEXT('2D SPACE',''
  ) );
#2109 = PCURVE('',#1434,#2110);
#2110 = DEFINITIONAL_REPRESENTATION('',(#2111),#2115);
#2111 = LINE('',#2112,#2113);
#2112 = CARTESIAN_POINT('',(1.570796326795,0.));
#2113 = VECTOR('',#2114,1.);
#2114 = DIRECTION('',(0.,1.));
#2115 = ( GEOMETRIC_REPRESENTATION_CONTEXT(2) 
PARAMETRIC_REPRESENTATION_CONTEXT() REPRESENTATION_CONTEXT('2D SPACE',''
  ) );
#2116 = ORIENTED_EDGE('',*,*,#1337,.F.);
#2117 = ORIENTED_EDGE('',*,*,#2118,.T.);
#2118 = EDGE_CURVE('',#1309,#2119,#2121,.T.);
#2119 = VERTEX_POINT('',#2120);
#2120 = CARTESIAN_POINT('',(12.7,-6.7,91.));
#2121 = SURFACE_CURVE('',#2122,(#2126,#2132),.PCURVE_S1.);
#2122 = LINE('',#2123,#2124);
#2123 = CARTESIAN_POINT('',(12.7,-11.6,91.));
#2124 = VECTOR('',#2125,1.);
#2125 = DIRECTION('',(0.,-1.,0.));
#2126 = PCURVE('',#217,#2127);
#2127 = DEFINITIONAL_REPRESENTATION('',(#2128),#2131);
#2128 = B_SPLINE_CURVE_WITH_KNOTS('',1,(#2129,#2130),.UNSPECIFIED.,.F.,
  .F.,(2,2),(-18.3,-4.9),.PIECEWISE_BEZIER_KNOTS.);
#2129 = CARTESIAN_POINT('',(27.2,19.2));
#2130 = CARTESIAN_POINT('',(27.2,5.8));
#2131 = ( GEOMETRIC_REPRESENTATION_CONTEXT(2) 
PARAMETRIC_REPRESENTATION_CONTEXT() REPRESENTATION_CONTEXT('2D SPACE',''
  ) );
#2132 = PCURVE('',#1325,#2133);
#2133 = DEFINITIONAL_REPRESENTATION('',(#2134),#2137);
#2134 = B_SPLINE_CURVE_WITH_KNOTS('',1,(#2135,#2136),.UNSPECIFIED.,.F.,
  .F.,(2,2),(-18.3,-4.9),.PIECEWISE_BEZIER_KNOTS.);
#2135 = CARTESIAN_POINT('',(91.,-17.4));
#2136 = CARTESIAN_POINT('',(91.,-4.));
#2137 = ( GEOMETRIC_REPRESENTATION_CONTEXT(2) 
PARAMETRIC_REPRESENTATION_CONTEXT() REPRESENTATION_CONTEXT('2D SPACE',''
  ) );
#2138 = ORIENTED_EDGE('',*,*,#2139,.F.);
#2139 = EDGE_CURVE('',#2140,#2119,#2142,.T.);
#2140 = VERTEX_POINT('',#2141);
#2141 = CARTESIAN_POINT('',(8.7,-10.7,91.));
#2142 = SURFACE_CURVE('',#2143,(#2148,#2155),.PCURVE_S1.);
#2143 = CIRCLE('',#2144,4.);
#2144 = AXIS2_PLACEMENT_3D('',#2145,#2146,#2147);
#2145 = CARTESIAN_POINT('',(8.7,-6.7,91.));
#2146 = DIRECTION('',(0.,0.,1.));
#2147 = DIRECTION('',(1.,0.,-0.));
#2148 = PCURVE('',#217,#2149);
#2149 = DEFINITIONAL_REPRESENTATION('',(#2150),#2154);
#2150 = CIRCLE('',#2151,4.);
#2151 = AXIS2_PLACEMENT_2D('',#2152,#2153);
#2152 = CARTESIAN_POINT('',(23.2,5.8));
#2153 = DIRECTION('',(1.,0.));
#2154 = ( GEOMETRIC_REPRESENTATION_CONTEXT(2) 
PARAMETRIC_REPRESENTATION_CONTEXT() REPRESENTATION_CONTEXT('2D SPACE',''
  ) );
#2155 = PCURVE('',#1273,#2156);
#2156 = DEFINITIONAL_REPRESENTATION('',(#2157),#2161);
#2157 = LINE('',#2158,#2159);
#2158 = CARTESIAN_POINT('',(-6.28318530718,91.));
#2159 = VECTOR('',#2160,1.);
#2160 = DIRECTION('',(1.,-0.));
#2161 = ( GEOMETRIC_REPRESENTATION_CONTEXT(2) 
PARAMETRIC_REPRESENTATION_CONTEXT() REPRESENTATION_CONTEXT('2D SPACE',''
  ) );
#2162 = ORIENTED_EDGE('',*,*,#2163,.F.);
#2163 = EDGE_CURVE('',#173,#2140,#2164,.T.);
#2164 = SURFACE_CURVE('',#2165,(#2169,#2175),.PCURVE_S1.);
#2165 = LINE('',#2166,#2167);
#2166 = CARTESIAN_POINT('',(-13.6,-10.7,91.));
#2167 = VECTOR('',#2168,1.);
#2168 = DIRECTION('',(1.,0.,0.));
#2169 = PCURVE('',#217,#2170);
#2170 = DEFINITIONAL_REPRESENTATION('',(#2171),#2174);
#2171 = B_SPLINE_CURVE_WITH_KNOTS('',1,(#2172,#2173),.UNSPECIFIED.,.F.,
  .F.,(2,2),(4.9,22.3),.PIECEWISE_BEZIER_KNOTS.);
#2172 = CARTESIAN_POINT('',(5.8,1.8));
#2173 = CARTESIAN_POINT('',(23.2,1.8));
#2174 = ( GEOMETRIC_REPRESENTATION_CONTEXT(2) 
PARAMETRIC_REPRESENTATION_CONTEXT() REPRESENTATION_CONTEXT('2D SPACE',''
  ) );
#2175 = PCURVE('',#188,#2176);
#2176 = DEFINITIONAL_REPRESENTATION('',(#2177),#2180);
#2177 = B_SPLINE_CURVE_WITH_KNOTS('',1,(#2178,#2179),.UNSPECIFIED.,.F.,
  .F.,(2,2),(4.9,22.3),.PIECEWISE_BEZIER_KNOTS.);
#2178 = CARTESIAN_POINT('',(91.,4.));
#2179 = CARTESIAN_POINT('',(91.,21.4));
#2180 = ( GEOMETRIC_REPRESENTATION_CONTEXT(2) 
PARAMETRIC_REPRESENTATION_CONTEXT() REPRESENTATION_CONTEXT('2D SPACE',''
  ) );
#2181 = ORIENTED_EDGE('',*,*,#200,.F.);
#2182 = ORIENTED_EDGE('',*,*,#2023,.F.);
#2183 = ORIENTED_EDGE('',*,*,#554,.F.);
#2184 = ADVANCED_FACE('',(#2185),#188,.F.);
#2185 = FACE_BOUND('',#2186,.F.);
#2186 = EDGE_LOOP('',(#2187,#2215,#2216,#2217));
#2187 = ORIENTED_EDGE('',*,*,#2188,.F.);
#2188 = EDGE_CURVE('',#144,#2189,#2191,.T.);
#2189 = VERTEX_POINT('',#2190);
#2190 = CARTESIAN_POINT('',(8.7,-10.7,4.));
#2191 = SURFACE_CURVE('',#2192,(#2196,#2203),.PCURVE_S1.);
#2192 = LINE('',#2193,#2194);
#2193 = CARTESIAN_POINT('',(-12.7,-10.7,4.));
#2194 = VECTOR('',#2195,1.);
#2195 = DIRECTION('',(1.,0.,0.));
#2196 = PCURVE('',#188,#2197);
#2197 = DEFINITIONAL_REPRESENTATION('',(#2198),#2202);
#2198 = LINE('',#2199,#2200);
#2199 = CARTESIAN_POINT('',(4.,0.));
#2200 = VECTOR('',#2201,1.);
#2201 = DIRECTION('',(0.,1.));
#2202 = ( GEOMETRIC_REPRESENTATION_CONTEXT(2) 
PARAMETRIC_REPRESENTATION_CONTEXT() REPRESENTATION_CONTEXT('2D SPACE',''
  ) );
#2203 = PCURVE('',#2204,#2209);
#2204 = CYLINDRICAL_SURFACE('',#2205,4.);
#2205 = AXIS2_PLACEMENT_3D('',#2206,#2207,#2208);
#2206 = CARTESIAN_POINT('',(-12.7,-6.7,4.));
#2207 = DIRECTION('',(1.,0.,0.));
#2208 = DIRECTION('',(0.,-1.,0.));
#2209 = DEFINITIONAL_REPRESENTATION('',(#2210),#2214);
#2210 = LINE('',#2211,#2212);
#2211 = CARTESIAN_POINT('',(0.,0.));
#2212 = VECTOR('',#2213,1.);
#2213 = DIRECTION('',(0.,1.));
#2214 = ( GEOMETRIC_REPRESENTATION_CONTEXT(2) 
PARAMETRIC_REPRESENTATION_CONTEXT() REPRESENTATION_CONTEXT('2D SPACE',''
  ) );
#2215 = ORIENTED_EDGE('',*,*,#172,.T.);
#2216 = ORIENTED_EDGE('',*,*,#2163,.T.);
#2217 = ORIENTED_EDGE('',*,*,#2218,.F.);
#2218 = EDGE_CURVE('',#2189,#2140,#2219,.T.);
#2219 = SURFACE_CURVE('',#2220,(#2224,#2231),.PCURVE_S1.);
#2220 = LINE('',#2221,#2222);
#2221 = CARTESIAN_POINT('',(8.7,-10.7,0.));
#2222 = VECTOR('',#2223,1.);
#2223 = DIRECTION('',(0.,0.,1.));
#2224 = PCURVE('',#188,#2225);
#2225 = DEFINITIONAL_REPRESENTATION('',(#2226),#2230);
#2226 = LINE('',#2227,#2228);
#2227 = CARTESIAN_POINT('',(0.,21.4));
#2228 = VECTOR('',#2229,1.);
#2229 = DIRECTION('',(1.,0.));
#2230 = ( GEOMETRIC_REPRESENTATION_CONTEXT(2) 
PARAMETRIC_REPRESENTATION_CONTEXT() REPRESENTATION_CONTEXT('2D SPACE',''
  ) );
#2231 = PCURVE('',#1273,#2232);
#2232 = DEFINITIONAL_REPRESENTATION('',(#2233),#2237);
#2233 = LINE('',#2234,#2235);
#2234 = CARTESIAN_POINT('',(-1.570796326795,0.));
#2235 = VECTOR('',#2236,1.);
#2236 = DIRECTION('',(-0.,1.));
#2237 = ( GEOMETRIC_REPRESENTATION_CONTEXT(2) 
PARAMETRIC_REPRESENTATION_CONTEXT() REPRESENTATION_CONTEXT('2D SPACE',''
  ) );
#2238 = ADVANCED_FACE('',(#2239),#160,.T.);
#2239 = FACE_BOUND('',#2240,.T.);
#2240 = EDGE_LOOP('',(#2241,#2242,#2264));
#2241 = ORIENTED_EDGE('',*,*,#1943,.F.);
#2242 = ORIENTED_EDGE('',*,*,#2243,.T.);
#2243 = EDGE_CURVE('',#1944,#144,#2244,.T.);
#2244 = SURFACE_CURVE('',#2245,(#2250,#2257),.PCURVE_S1.);
#2245 = CIRCLE('',#2246,4.);
#2246 = AXIS2_PLACEMENT_3D('',#2247,#2248,#2249);
#2247 = CARTESIAN_POINT('',(-8.7,-6.7,4.));
#2248 = DIRECTION('',(-1.,6.123233995737E-17,0.));
#2249 = DIRECTION('',(-6.123233995737E-17,-1.,0.));
#2250 = PCURVE('',#160,#2251);
#2251 = DEFINITIONAL_REPRESENTATION('',(#2252),#2256);
#2252 = LINE('',#2253,#2254);
#2253 = CARTESIAN_POINT('',(1.570796326795,-6.28318530718));
#2254 = VECTOR('',#2255,1.);
#2255 = DIRECTION('',(0.,1.));
#2256 = ( GEOMETRIC_REPRESENTATION_CONTEXT(2) 
PARAMETRIC_REPRESENTATION_CONTEXT() REPRESENTATION_CONTEXT('2D SPACE',''
  ) );
#2257 = PCURVE('',#2204,#2258);
#2258 = DEFINITIONAL_REPRESENTATION('',(#2259),#2263);
#2259 = LINE('',#2260,#2261);
#2260 = CARTESIAN_POINT('',(6.28318530718,4.));
#2261 = VECTOR('',#2262,1.);
#2262 = DIRECTION('',(-1.,-0.));
#2263 = ( GEOMETRIC_REPRESENTATION_CONTEXT(2) 
PARAMETRIC_REPRESENTATION_CONTEXT() REPRESENTATION_CONTEXT('2D SPACE',''
  ) );
#2264 = ORIENTED_EDGE('',*,*,#143,.F.);
#2265 = ADVANCED_FACE('',(#2266),#369,.T.);
#2266 = FACE_BOUND('',#2267,.T.);
#2267 = EDGE_LOOP('',(#2268,#2298,#2319,#2320,#2321,#2344,#2372));
#2268 = ORIENTED_EDGE('',*,*,#2269,.F.);
#2269 = EDGE_CURVE('',#2270,#2272,#2274,.T.);
#2270 = VERTEX_POINT('',#2271);
#2271 = CARTESIAN_POINT('',(14.5,-11.25,92.25));
#2272 = VERTEX_POINT('',#2273);
#2273 = CARTESIAN_POINT('',(14.5,-11.25,94.75));
#2274 = SURFACE_CURVE('',#2275,(#2279,#2286),.PCURVE_S1.);
#2275 = LINE('',#2276,#2277);
#2276 = CARTESIAN_POINT('',(14.5,-11.25,91.));
#2277 = VECTOR('',#2278,1.);
#2278 = DIRECTION('',(0.,0.,1.));
#2279 = PCURVE('',#369,#2280);
#2280 = DEFINITIONAL_REPRESENTATION('',(#2281),#2285);
#2281 = LINE('',#2282,#2283);
#2282 = CARTESIAN_POINT('',(0.,-1.25));
#2283 = VECTOR('',#2284,1.);
#2284 = DIRECTION('',(1.,0.));
#2285 = ( GEOMETRIC_REPRESENTATION_CONTEXT(2) 
PARAMETRIC_REPRESENTATION_CONTEXT() REPRESENTATION_CONTEXT('2D SPACE',''
  ) );
#2286 = PCURVE('',#2287,#2292);
#2287 = CYLINDRICAL_SURFACE('',#2288,1.25);
#2288 = AXIS2_PLACEMENT_3D('',#2289,#2290,#2291);
#2289 = CARTESIAN_POINT('',(13.25,-11.25,91.));
#2290 = DIRECTION('',(0.,0.,1.));
#2291 = DIRECTION('',(1.,0.,-0.));
#2292 = DEFINITIONAL_REPRESENTATION('',(#2293),#2297);
#2293 = LINE('',#2294,#2295);
#2294 = CARTESIAN_POINT('',(-0.,0.));
#2295 = VECTOR('',#2296,1.);
#2296 = DIRECTION('',(-0.,1.));
#2297 = ( GEOMETRIC_REPRESENTATION_CONTEXT(2) 
PARAMETRIC_REPRESENTATION_CONTEXT() REPRESENTATION_CONTEXT('2D SPACE',''
  ) );
#2298 = ORIENTED_EDGE('',*,*,#2299,.T.);
#2299 = EDGE_CURVE('',#2270,#353,#2300,.T.);
#2300 = SURFACE_CURVE('',#2301,(#2305,#2312),.PCURVE_S1.);
#2301 = LINE('',#2302,#2303);
#2302 = CARTESIAN_POINT('',(14.5,-12.5,92.25));
#2303 = VECTOR('',#2304,1.);
#2304 = DIRECTION('',(0.,1.,0.));
#2305 = PCURVE('',#369,#2306);
#2306 = DEFINITIONAL_REPRESENTATION('',(#2307),#2311);
#2307 = LINE('',#2308,#2309);
#2308 = CARTESIAN_POINT('',(1.25,0.));
#2309 = VECTOR('',#2310,1.);
#2310 = DIRECTION('',(0.,-1.));
#2311 = ( GEOMETRIC_REPRESENTATION_CONTEXT(2) 
PARAMETRIC_REPRESENTATION_CONTEXT() REPRESENTATION_CONTEXT('2D SPACE',''
  ) );
#2312 = PCURVE('',#1434,#2313);
#2313 = DEFINITIONAL_REPRESENTATION('',(#2314),#2318);
#2314 = LINE('',#2315,#2316);
#2315 = CARTESIAN_POINT('',(0.,0.));
#2316 = VECTOR('',#2317,1.);
#2317 = DIRECTION('',(0.,1.));
#2318 = ( GEOMETRIC_REPRESENTATION_CONTEXT(2) 
PARAMETRIC_REPRESENTATION_CONTEXT() REPRESENTATION_CONTEXT('2D SPACE',''
  ) );
#2319 = ORIENTED_EDGE('',*,*,#350,.F.);
#2320 = ORIENTED_EDGE('',*,*,#890,.F.);
#2321 = ORIENTED_EDGE('',*,*,#2322,.T.);
#2322 = EDGE_CURVE('',#891,#2323,#2325,.T.);
#2323 = VERTEX_POINT('',#2324);
#2324 = CARTESIAN_POINT('',(14.5,11.25,92.25));
#2325 = SURFACE_CURVE('',#2326,(#2330,#2337),.PCURVE_S1.);
#2326 = LINE('',#2327,#2328);
#2327 = CARTESIAN_POINT('',(14.5,-12.5,92.25));
#2328 = VECTOR('',#2329,1.);
#2329 = DIRECTION('',(0.,1.,0.));
#2330 = PCURVE('',#369,#2331);
#2331 = DEFINITIONAL_REPRESENTATION('',(#2332),#2336);
#2332 = LINE('',#2333,#2334);
#2333 = CARTESIAN_POINT('',(1.25,0.));
#2334 = VECTOR('',#2335,1.);
#2335 = DIRECTION('',(0.,-1.));
#2336 = ( GEOMETRIC_REPRESENTATION_CONTEXT(2) 
PARAMETRIC_REPRESENTATION_CONTEXT() REPRESENTATION_CONTEXT('2D SPACE',''
  ) );
#2337 = PCURVE('',#992,#2338);
#2338 = DEFINITIONAL_REPRESENTATION('',(#2339),#2343);
#2339 = LINE('',#2340,#2341);
#2340 = CARTESIAN_POINT('',(0.,0.));
#2341 = VECTOR('',#2342,1.);
#2342 = DIRECTION('',(0.,1.));
#2343 = ( GEOMETRIC_REPRESENTATION_CONTEXT(2) 
PARAMETRIC_REPRESENTATION_CONTEXT() REPRESENTATION_CONTEXT('2D SPACE',''
  ) );
#2344 = ORIENTED_EDGE('',*,*,#2345,.T.);
#2345 = EDGE_CURVE('',#2323,#2346,#2348,.T.);
#2346 = VERTEX_POINT('',#2347);
#2347 = CARTESIAN_POINT('',(14.5,11.25,94.75));
#2348 = SURFACE_CURVE('',#2349,(#2353,#2360),.PCURVE_S1.);
#2349 = LINE('',#2350,#2351);
#2350 = CARTESIAN_POINT('',(14.5,11.25,91.));
#2351 = VECTOR('',#2352,1.);
#2352 = DIRECTION('',(0.,0.,1.));
#2353 = PCURVE('',#369,#2354);
#2354 = DEFINITIONAL_REPRESENTATION('',(#2355),#2359);
#2355 = LINE('',#2356,#2357);
#2356 = CARTESIAN_POINT('',(0.,-23.75));
#2357 = VECTOR('',#2358,1.);
#2358 = DIRECTION('',(1.,0.));
#2359 = ( GEOMETRIC_REPRESENTATION_CONTEXT(2) 
PARAMETRIC_REPRESENTATION_CONTEXT() REPRESENTATION_CONTEXT('2D SPACE',''
  ) );
#2360 = PCURVE('',#2361,#2366);
#2361 = CYLINDRICAL_SURFACE('',#2362,1.25);
#2362 = AXIS2_PLACEMENT_3D('',#2363,#2364,#2365);
#2363 = CARTESIAN_POINT('',(13.25,11.25,91.));
#2364 = DIRECTION('',(0.,0.,1.));
#2365 = DIRECTION('',(1.,0.,-0.));
#2366 = DEFINITIONAL_REPRESENTATION('',(#2367),#2371);
#2367 = LINE('',#2368,#2369);
#2368 = CARTESIAN_POINT('',(0.,0.));
#2369 = VECTOR('',#2370,1.);
#2370 = DIRECTION('',(0.,1.));
#2371 = ( GEOMETRIC_REPRESENTATION_CONTEXT(2) 
PARAMETRIC_REPRESENTATION_CONTEXT() REPRESENTATION_CONTEXT('2D SPACE',''
  ) );
#2372 = ORIENTED_EDGE('',*,*,#2373,.F.);
#2373 = EDGE_CURVE('',#2272,#2346,#2374,.T.);
#2374 = SURFACE_CURVE('',#2375,(#2379,#2386),.PCURVE_S1.);
#2375 = LINE('',#2376,#2377);
#2376 = CARTESIAN_POINT('',(14.5,-12.5,94.75));
#2377 = VECTOR('',#2378,1.);
#2378 = DIRECTION('',(0.,1.,0.));
#2379 = PCURVE('',#369,#2380);
#2380 = DEFINITIONAL_REPRESENTATION('',(#2381),#2385);
#2381 = LINE('',#2382,#2383);
#2382 = CARTESIAN_POINT('',(3.75,0.));
#2383 = VECTOR('',#2384,1.);
#2384 = DIRECTION('',(0.,-1.));
#2385 = ( GEOMETRIC_REPRESENTATION_CONTEXT(2) 
PARAMETRIC_REPRESENTATION_CONTEXT() REPRESENTATION_CONTEXT('2D SPACE',''
  ) );
#2386 = PCURVE('',#2387,#2392);
#2387 = CYLINDRICAL_SURFACE('',#2388,1.25);
#2388 = AXIS2_PLACEMENT_3D('',#2389,#2390,#2391);
#2389 = CARTESIAN_POINT('',(13.25,-12.5,94.75));
#2390 = DIRECTION('',(0.,1.,0.));
#2391 = DIRECTION('',(1.,0.,-0.));
#2392 = DEFINITIONAL_REPRESENTATION('',(#2393),#2397);
#2393 = LINE('',#2394,#2395);
#2394 = CARTESIAN_POINT('',(-0.,0.));
#2395 = VECTOR('',#2396,1.);
#2396 = DIRECTION('',(-0.,1.));
#2397 = ( GEOMETRIC_REPRESENTATION_CONTEXT(2) 
PARAMETRIC_REPRESENTATION_CONTEXT() REPRESENTATION_CONTEXT('2D SPACE',''
  ) );
#2398 = ADVANCED_FACE('',(#2399),#1434,.T.);
#2399 = FACE_BOUND('',#2400,.T.);
#2400 = EDGE_LOOP('',(#2401,#2428,#2429,#2430));
#2401 = ORIENTED_EDGE('',*,*,#2402,.F.);
#2402 = EDGE_CURVE('',#2069,#2270,#2403,.T.);
#2403 = SURFACE_CURVE('',#2404,(#2409,#2416),.PCURVE_S1.);
#2404 = CIRCLE('',#2405,1.25);
#2405 = AXIS2_PLACEMENT_3D('',#2406,#2407,#2408);
#2406 = CARTESIAN_POINT('',(13.25,-11.25,92.25));
#2407 = DIRECTION('',(0.,-1.,0.));
#2408 = DIRECTION('',(1.,0.,0.));
#2409 = PCURVE('',#1434,#2410);
#2410 = DEFINITIONAL_REPRESENTATION('',(#2411),#2415);
#2411 = LINE('',#2412,#2413);
#2412 = CARTESIAN_POINT('',(6.28318530718,1.25));
#2413 = VECTOR('',#2414,1.);
#2414 = DIRECTION('',(-1.,-0.));
#2415 = ( GEOMETRIC_REPRESENTATION_CONTEXT(2) 
PARAMETRIC_REPRESENTATION_CONTEXT() REPRESENTATION_CONTEXT('2D SPACE',''
  ) );
#2416 = PCURVE('',#2417,#2422);
#2417 = SPHERICAL_SURFACE('',#2418,1.25);
#2418 = AXIS2_PLACEMENT_3D('',#2419,#2420,#2421);
#2419 = CARTESIAN_POINT('',(13.25,-11.25,92.25));
#2420 = DIRECTION('',(0.,0.,1.));
#2421 = DIRECTION('',(1.,0.,-0.));
#2422 = DEFINITIONAL_REPRESENTATION('',(#2423),#2427);
#2423 = LINE('',#2424,#2425);
#2424 = CARTESIAN_POINT('',(-0.,-6.28318530718));
#2425 = VECTOR('',#2426,1.);
#2426 = DIRECTION('',(-0.,1.));
#2427 = ( GEOMETRIC_REPRESENTATION_CONTEXT(2) 
PARAMETRIC_REPRESENTATION_CONTEXT() REPRESENTATION_CONTEXT('2D SPACE',''
  ) );
#2428 = ORIENTED_EDGE('',*,*,#2096,.T.);
#2429 = ORIENTED_EDGE('',*,*,#1358,.F.);
#2430 = ORIENTED_EDGE('',*,*,#2299,.F.);
#2431 = ADVANCED_FACE('',(#2432),#1325,.T.);
#2432 = FACE_BOUND('',#2433,.T.);
#2433 = EDGE_LOOP('',(#2434,#2455,#2456));
#2434 = ORIENTED_EDGE('',*,*,#2435,.F.);
#2435 = EDGE_CURVE('',#1212,#2119,#2436,.T.);
#2436 = SURFACE_CURVE('',#2437,(#2441,#2448),.PCURVE_S1.);
#2437 = LINE('',#2438,#2439);
#2438 = CARTESIAN_POINT('',(12.7,-6.7,0.));
#2439 = VECTOR('',#2440,1.);
#2440 = DIRECTION('',(0.,0.,1.));
#2441 = PCURVE('',#1325,#2442);
#2442 = DEFINITIONAL_REPRESENTATION('',(#2443),#2447);
#2443 = LINE('',#2444,#2445);
#2444 = CARTESIAN_POINT('',(0.,-4.));
#2445 = VECTOR('',#2446,1.);
#2446 = DIRECTION('',(1.,0.));
#2447 = ( GEOMETRIC_REPRESENTATION_CONTEXT(2) 
PARAMETRIC_REPRESENTATION_CONTEXT() REPRESENTATION_CONTEXT('2D SPACE',''
  ) );
#2448 = PCURVE('',#1273,#2449);
#2449 = DEFINITIONAL_REPRESENTATION('',(#2450),#2454);
#2450 = LINE('',#2451,#2452);
#2451 = CARTESIAN_POINT('',(-0.,0.));
#2452 = VECTOR('',#2453,1.);
#2453 = DIRECTION('',(-0.,1.));
#2454 = ( GEOMETRIC_REPRESENTATION_CONTEXT(2) 
PARAMETRIC_REPRESENTATION_CONTEXT() REPRESENTATION_CONTEXT('2D SPACE',''
  ) );
#2455 = ORIENTED_EDGE('',*,*,#1308,.F.);
#2456 = ORIENTED_EDGE('',*,*,#2118,.T.);
#2457 = ADVANCED_FACE('',(#2458),#1273,.T.);
#2458 = FACE_BOUND('',#2459,.F.);
#2459 = EDGE_LOOP('',(#2460,#2483,#2510,#2511,#2512,#2513));
#2460 = ORIENTED_EDGE('',*,*,#2461,.F.);
#2461 = EDGE_CURVE('',#2462,#1183,#2464,.T.);
#2462 = VERTEX_POINT('',#2463);
#2463 = CARTESIAN_POINT('',(12.7,-6.7,4.));
#2464 = SURFACE_CURVE('',#2465,(#2469,#2476),.PCURVE_S1.);
#2465 = LINE('',#2466,#2467);
#2466 = CARTESIAN_POINT('',(12.7,-6.7,0.));
#2467 = VECTOR('',#2468,1.);
#2468 = DIRECTION('',(0.,0.,1.));
#2469 = PCURVE('',#1273,#2470);
#2470 = DEFINITIONAL_REPRESENTATION('',(#2471),#2475);
#2471 = LINE('',#2472,#2473);
#2472 = CARTESIAN_POINT('',(-0.,0.));
#2473 = VECTOR('',#2474,1.);
#2474 = DIRECTION('',(-0.,1.));
#2475 = ( GEOMETRIC_REPRESENTATION_CONTEXT(2) 
PARAMETRIC_REPRESENTATION_CONTEXT() REPRESENTATION_CONTEXT('2D SPACE',''
  ) );
#2476 = PCURVE('',#1199,#2477);
#2477 = DEFINITIONAL_REPRESENTATION('',(#2478),#2482);
#2478 = LINE('',#2479,#2480);
#2479 = CARTESIAN_POINT('',(0.,-4.));
#2480 = VECTOR('',#2481,1.);
#2481 = DIRECTION('',(1.,0.));
#2482 = ( GEOMETRIC_REPRESENTATION_CONTEXT(2) 
PARAMETRIC_REPRESENTATION_CONTEXT() REPRESENTATION_CONTEXT('2D SPACE',''
  ) );
#2483 = ORIENTED_EDGE('',*,*,#2484,.T.);
#2484 = EDGE_CURVE('',#2462,#2189,#2485,.T.);
#2485 = SURFACE_CURVE('',#2486,(#2491,#2498),.PCURVE_S1.);
#2486 = CIRCLE('',#2487,4.);
#2487 = AXIS2_PLACEMENT_3D('',#2488,#2489,#2490);
#2488 = CARTESIAN_POINT('',(8.7,-6.7,4.));
#2489 = DIRECTION('',(0.,-0.,-1.));
#2490 = DIRECTION('',(1.,0.,-0.));
#2491 = PCURVE('',#1273,#2492);
#2492 = DEFINITIONAL_REPRESENTATION('',(#2493),#2497);
#2493 = LINE('',#2494,#2495);
#2494 = CARTESIAN_POINT('',(-0.,4.));
#2495 = VECTOR('',#2496,1.);
#2496 = DIRECTION('',(-1.,0.));
#2497 = ( GEOMETRIC_REPRESENTATION_CONTEXT(2) 
PARAMETRIC_REPRESENTATION_CONTEXT() REPRESENTATION_CONTEXT('2D SPACE',''
  ) );
#2498 = PCURVE('',#2499,#2504);
#2499 = SPHERICAL_SURFACE('',#2500,4.);
#2500 = AXIS2_PLACEMENT_3D('',#2501,#2502,#2503);
#2501 = CARTESIAN_POINT('',(8.7,-6.7,4.));
#2502 = DIRECTION('',(0.,0.,1.));
#2503 = DIRECTION('',(1.,0.,-0.));
#2504 = DEFINITIONAL_REPRESENTATION('',(#2505),#2509);
#2505 = LINE('',#2506,#2507);
#2506 = CARTESIAN_POINT('',(-0.,0.));
#2507 = VECTOR('',#2508,1.);
#2508 = DIRECTION('',(-1.,0.));
#2509 = ( GEOMETRIC_REPRESENTATION_CONTEXT(2) 
PARAMETRIC_REPRESENTATION_CONTEXT() REPRESENTATION_CONTEXT('2D SPACE',''
  ) );
#2510 = ORIENTED_EDGE('',*,*,#2218,.T.);
#2511 = ORIENTED_EDGE('',*,*,#2139,.T.);
#2512 = ORIENTED_EDGE('',*,*,#2435,.F.);
#2513 = ORIENTED_EDGE('',*,*,#1211,.T.);
#2514 = ADVANCED_FACE('',(#2515),#1199,.T.);
#2515 = FACE_BOUND('',#2516,.T.);
#2516 = EDGE_LOOP('',(#2517,#2518,#2546,#2567));
#2517 = ORIENTED_EDGE('',*,*,#2461,.F.);
#2518 = ORIENTED_EDGE('',*,*,#2519,.T.);
#2519 = EDGE_CURVE('',#2462,#2520,#2522,.T.);
#2520 = VERTEX_POINT('',#2521);
#2521 = CARTESIAN_POINT('',(12.7,6.7,4.));
#2522 = SURFACE_CURVE('',#2523,(#2527,#2534),.PCURVE_S1.);
#2523 = LINE('',#2524,#2525);
#2524 = CARTESIAN_POINT('',(12.7,-10.7,4.));
#2525 = VECTOR('',#2526,1.);
#2526 = DIRECTION('',(0.,1.,0.));
#2527 = PCURVE('',#1199,#2528);
#2528 = DEFINITIONAL_REPRESENTATION('',(#2529),#2533);
#2529 = LINE('',#2530,#2531);
#2530 = CARTESIAN_POINT('',(4.,0.));
#2531 = VECTOR('',#2532,1.);
#2532 = DIRECTION('',(0.,-1.));
#2533 = ( GEOMETRIC_REPRESENTATION_CONTEXT(2) 
PARAMETRIC_REPRESENTATION_CONTEXT() REPRESENTATION_CONTEXT('2D SPACE',''
  ) );
#2534 = PCURVE('',#2535,#2540);
#2535 = CYLINDRICAL_SURFACE('',#2536,4.);
#2536 = AXIS2_PLACEMENT_3D('',#2537,#2538,#2539);
#2537 = CARTESIAN_POINT('',(8.7,-10.7,4.));
#2538 = DIRECTION('',(0.,1.,0.));
#2539 = DIRECTION('',(1.,0.,-0.));
#2540 = DEFINITIONAL_REPRESENTATION('',(#2541),#2545);
#2541 = LINE('',#2542,#2543);
#2542 = CARTESIAN_POINT('',(0.,0.));
#2543 = VECTOR('',#2544,1.);
#2544 = DIRECTION('',(0.,1.));
#2545 = ( GEOMETRIC_REPRESENTATION_CONTEXT(2) 
PARAMETRIC_REPRESENTATION_CONTEXT() REPRESENTATION_CONTEXT('2D SPACE',''
  ) );
#2546 = ORIENTED_EDGE('',*,*,#2547,.T.);
#2547 = EDGE_CURVE('',#2520,#1086,#2548,.T.);
#2548 = SURFACE_CURVE('',#2549,(#2553,#2560),.PCURVE_S1.);
#2549 = LINE('',#2550,#2551);
#2550 = CARTESIAN_POINT('',(12.7,6.7,0.));
#2551 = VECTOR('',#2552,1.);
#2552 = DIRECTION('',(0.,0.,1.));
#2553 = PCURVE('',#1199,#2554);
#2554 = DEFINITIONAL_REPRESENTATION('',(#2555),#2559);
#2555 = LINE('',#2556,#2557);
#2556 = CARTESIAN_POINT('',(0.,-17.4));
#2557 = VECTOR('',#2558,1.);
#2558 = DIRECTION('',(1.,0.));
#2559 = ( GEOMETRIC_REPRESENTATION_CONTEXT(2) 
PARAMETRIC_REPRESENTATION_CONTEXT() REPRESENTATION_CONTEXT('2D SPACE',''
  ) );
#2560 = PCURVE('',#1147,#2561);
#2561 = DEFINITIONAL_REPRESENTATION('',(#2562),#2566);
#2562 = LINE('',#2563,#2564);
#2563 = CARTESIAN_POINT('',(0.,0.));
#2564 = VECTOR('',#2565,1.);
#2565 = DIRECTION('',(0.,1.));
#2566 = ( GEOMETRIC_REPRESENTATION_CONTEXT(2) 
PARAMETRIC_REPRESENTATION_CONTEXT() REPRESENTATION_CONTEXT('2D SPACE',''
  ) );
#2567 = ORIENTED_EDGE('',*,*,#1182,.F.);
#2568 = ADVANCED_FACE('',(#2569),#1147,.T.);
#2569 = FACE_BOUND('',#2570,.T.);
#2570 = EDGE_LOOP('',(#2571,#2572,#2601,#2624,#2648,#2669));
#2571 = ORIENTED_EDGE('',*,*,#2547,.F.);
#2572 = ORIENTED_EDGE('',*,*,#2573,.T.);
#2573 = EDGE_CURVE('',#2520,#2574,#2576,.T.);
#2574 = VERTEX_POINT('',#2575);
#2575 = CARTESIAN_POINT('',(8.7,10.7,4.));
#2576 = SURFACE_CURVE('',#2577,(#2582,#2589),.PCURVE_S1.);
#2577 = CIRCLE('',#2578,4.);
#2578 = AXIS2_PLACEMENT_3D('',#2579,#2580,#2581);
#2579 = CARTESIAN_POINT('',(8.7,6.7,4.));
#2580 = DIRECTION('',(0.,0.,1.));
#2581 = DIRECTION('',(1.,2.22044604925E-16,-0.));
#2582 = PCURVE('',#1147,#2583);
#2583 = DEFINITIONAL_REPRESENTATION('',(#2584),#2588);
#2584 = LINE('',#2585,#2586);
#2585 = CARTESIAN_POINT('',(0.,4.));
#2586 = VECTOR('',#2587,1.);
#2587 = DIRECTION('',(1.,0.));
#2588 = ( GEOMETRIC_REPRESENTATION_CONTEXT(2) 
PARAMETRIC_REPRESENTATION_CONTEXT() REPRESENTATION_CONTEXT('2D SPACE',''
  ) );
#2589 = PCURVE('',#2590,#2595);
#2590 = SPHERICAL_SURFACE('',#2591,4.);
#2591 = AXIS2_PLACEMENT_3D('',#2592,#2593,#2594);
#2592 = CARTESIAN_POINT('',(8.7,6.7,4.));
#2593 = DIRECTION('',(0.,0.,1.));
#2594 = DIRECTION('',(1.,2.22044604925E-16,-0.));
#2595 = DEFINITIONAL_REPRESENTATION('',(#2596),#2600);
#2596 = LINE('',#2597,#2598);
#2597 = CARTESIAN_POINT('',(0.,0.));
#2598 = VECTOR('',#2599,1.);
#2599 = DIRECTION('',(1.,0.));
#2600 = ( GEOMETRIC_REPRESENTATION_CONTEXT(2) 
PARAMETRIC_REPRESENTATION_CONTEXT() REPRESENTATION_CONTEXT('2D SPACE',''
  ) );
#2601 = ORIENTED_EDGE('',*,*,#2602,.T.);
#2602 = EDGE_CURVE('',#2574,#2603,#2605,.T.);
#2603 = VERTEX_POINT('',#2604);
#2604 = CARTESIAN_POINT('',(8.7,10.7,91.));
#2605 = SURFACE_CURVE('',#2606,(#2610,#2617),.PCURVE_S1.);
#2606 = LINE('',#2607,#2608);
#2607 = CARTESIAN_POINT('',(8.7,10.7,0.));
#2608 = VECTOR('',#2609,1.);
#2609 = DIRECTION('',(0.,0.,1.));
#2610 = PCURVE('',#1147,#2611);
#2611 = DEFINITIONAL_REPRESENTATION('',(#2612),#2616);
#2612 = LINE('',#2613,#2614);
#2613 = CARTESIAN_POINT('',(1.570796326795,0.));
#2614 = VECTOR('',#2615,1.);
#2615 = DIRECTION('',(0.,1.));
#2616 = ( GEOMETRIC_REPRESENTATION_CONTEXT(2) 
PARAMETRIC_REPRESENTATION_CONTEXT() REPRESENTATION_CONTEXT('2D SPACE',''
  ) );
#2617 = PCURVE('',#1882,#2618);
#2618 = DEFINITIONAL_REPRESENTATION('',(#2619),#2623);
#2619 = LINE('',#2620,#2621);
#2620 = CARTESIAN_POINT('',(0.,21.4));
#2621 = VECTOR('',#2622,1.);
#2622 = DIRECTION('',(1.,0.));
#2623 = ( GEOMETRIC_REPRESENTATION_CONTEXT(2) 
PARAMETRIC_REPRESENTATION_CONTEXT() REPRESENTATION_CONTEXT('2D SPACE',''
  ) );
#2624 = ORIENTED_EDGE('',*,*,#2625,.F.);
#2625 = EDGE_CURVE('',#2626,#2603,#2628,.T.);
#2626 = VERTEX_POINT('',#2627);
#2627 = CARTESIAN_POINT('',(12.7,6.7,91.));
#2628 = SURFACE_CURVE('',#2629,(#2634,#2641),.PCURVE_S1.);
#2629 = CIRCLE('',#2630,4.);
#2630 = AXIS2_PLACEMENT_3D('',#2631,#2632,#2633);
#2631 = CARTESIAN_POINT('',(8.7,6.7,91.));
#2632 = DIRECTION('',(0.,0.,1.));
#2633 = DIRECTION('',(1.,0.,-0.));
#2634 = PCURVE('',#1147,#2635);
#2635 = DEFINITIONAL_REPRESENTATION('',(#2636),#2640);
#2636 = LINE('',#2637,#2638);
#2637 = CARTESIAN_POINT('',(0.,91.));
#2638 = VECTOR('',#2639,1.);
#2639 = DIRECTION('',(1.,0.));
#2640 = ( GEOMETRIC_REPRESENTATION_CONTEXT(2) 
PARAMETRIC_REPRESENTATION_CONTEXT() REPRESENTATION_CONTEXT('2D SPACE',''
  ) );
#2641 = PCURVE('',#735,#2642);
#2642 = DEFINITIONAL_REPRESENTATION('',(#2643),#2647);
#2643 = CIRCLE('',#2644,4.);
#2644 = AXIS2_PLACEMENT_2D('',#2645,#2646);
#2645 = CARTESIAN_POINT('',(23.2,19.2));
#2646 = DIRECTION('',(1.,0.));
#2647 = ( GEOMETRIC_REPRESENTATION_CONTEXT(2) 
PARAMETRIC_REPRESENTATION_CONTEXT() REPRESENTATION_CONTEXT('2D SPACE',''
  ) );
#2648 = ORIENTED_EDGE('',*,*,#2649,.F.);
#2649 = EDGE_CURVE('',#1057,#2626,#2650,.T.);
#2650 = SURFACE_CURVE('',#2651,(#2655,#2662),.PCURVE_S1.);
#2651 = LINE('',#2652,#2653);
#2652 = CARTESIAN_POINT('',(12.7,6.7,0.));
#2653 = VECTOR('',#2654,1.);
#2654 = DIRECTION('',(0.,0.,1.));
#2655 = PCURVE('',#1147,#2656);
#2656 = DEFINITIONAL_REPRESENTATION('',(#2657),#2661);
#2657 = LINE('',#2658,#2659);
#2658 = CARTESIAN_POINT('',(0.,0.));
#2659 = VECTOR('',#2660,1.);
#2660 = DIRECTION('',(0.,1.));
#2661 = ( GEOMETRIC_REPRESENTATION_CONTEXT(2) 
PARAMETRIC_REPRESENTATION_CONTEXT() REPRESENTATION_CONTEXT('2D SPACE',''
  ) );
#2662 = PCURVE('',#1073,#2663);
#2663 = DEFINITIONAL_REPRESENTATION('',(#2664),#2668);
#2664 = LINE('',#2665,#2666);
#2665 = CARTESIAN_POINT('',(0.,-17.4));
#2666 = VECTOR('',#2667,1.);
#2667 = DIRECTION('',(1.,0.));
#2668 = ( GEOMETRIC_REPRESENTATION_CONTEXT(2) 
PARAMETRIC_REPRESENTATION_CONTEXT() REPRESENTATION_CONTEXT('2D SPACE',''
  ) );
#2669 = ORIENTED_EDGE('',*,*,#1085,.F.);
#2670 = ADVANCED_FACE('',(#2671),#1073,.T.);
#2671 = FACE_BOUND('',#2672,.T.);
#2672 = EDGE_LOOP('',(#2673,#2674,#2675));
#2673 = ORIENTED_EDGE('',*,*,#1056,.F.);
#2674 = ORIENTED_EDGE('',*,*,#2649,.T.);
#2675 = ORIENTED_EDGE('',*,*,#2676,.T.);
#2676 = EDGE_CURVE('',#2626,#1036,#2677,.T.);
#2677 = SURFACE_CURVE('',#2678,(#2682,#2688),.PCURVE_S1.);
#2678 = LINE('',#2679,#2680);
#2679 = CARTESIAN_POINT('',(12.7,-11.6,91.));
#2680 = VECTOR('',#2681,1.);
#2681 = DIRECTION('',(0.,-1.,0.));
#2682 = PCURVE('',#1073,#2683);
#2683 = DEFINITIONAL_REPRESENTATION('',(#2684),#2687);
#2684 = B_SPLINE_CURVE_WITH_KNOTS('',1,(#2685,#2686),.UNSPECIFIED.,.F.,
  .F.,(2,2),(-18.3,-4.9),.PIECEWISE_BEZIER_KNOTS.);
#2685 = CARTESIAN_POINT('',(91.,-17.4));
#2686 = CARTESIAN_POINT('',(91.,-4.));
#2687 = ( GEOMETRIC_REPRESENTATION_CONTEXT(2) 
PARAMETRIC_REPRESENTATION_CONTEXT() REPRESENTATION_CONTEXT('2D SPACE',''
  ) );
#2688 = PCURVE('',#735,#2689);
#2689 = DEFINITIONAL_REPRESENTATION('',(#2690),#2693);
#2690 = B_SPLINE_CURVE_WITH_KNOTS('',1,(#2691,#2692),.UNSPECIFIED.,.F.,
  .F.,(2,2),(-18.3,-4.9),.PIECEWISE_BEZIER_KNOTS.);
#2691 = CARTESIAN_POINT('',(27.2,19.2));
#2692 = CARTESIAN_POINT('',(27.2,5.8));
#2693 = ( GEOMETRIC_REPRESENTATION_CONTEXT(2) 
PARAMETRIC_REPRESENTATION_CONTEXT() REPRESENTATION_CONTEXT('2D SPACE',''
  ) );
#2694 = ADVANCED_FACE('',(#2695),#735,.F.);
#2695 = FACE_BOUND('',#2696,.F.);
#2696 = EDGE_LOOP('',(#2697,#2720,#2721,#2740,#2741,#2760,#2761,#2762,
    #2763,#2786));
#2697 = ORIENTED_EDGE('',*,*,#2698,.F.);
#2698 = EDGE_CURVE('',#721,#2699,#2701,.T.);
#2699 = VERTEX_POINT('',#2700);
#2700 = CARTESIAN_POINT('',(-13.25,11.25,91.));
#2701 = SURFACE_CURVE('',#2702,(#2706,#2713),.PCURVE_S1.);
#2702 = LINE('',#2703,#2704);
#2703 = CARTESIAN_POINT('',(-13.25,-12.5,91.));
#2704 = VECTOR('',#2705,1.);
#2705 = DIRECTION('',(0.,1.,0.));
#2706 = PCURVE('',#735,#2707);
#2707 = DEFINITIONAL_REPRESENTATION('',(#2708),#2712);
#2708 = LINE('',#2709,#2710);
#2709 = CARTESIAN_POINT('',(1.25,0.));
#2710 = VECTOR('',#2711,1.);
#2711 = DIRECTION('',(0.,1.));
#2712 = ( GEOMETRIC_REPRESENTATION_CONTEXT(2) 
PARAMETRIC_REPRESENTATION_CONTEXT() REPRESENTATION_CONTEXT('2D SPACE',''
  ) );
#2713 = PCURVE('',#824,#2714);
#2714 = DEFINITIONAL_REPRESENTATION('',(#2715),#2719);
#2715 = LINE('',#2716,#2717);
#2716 = CARTESIAN_POINT('',(-1.570796326795,0.));
#2717 = VECTOR('',#2718,1.);
#2718 = DIRECTION('',(-0.,1.));
#2719 = ( GEOMETRIC_REPRESENTATION_CONTEXT(2) 
PARAMETRIC_REPRESENTATION_CONTEXT() REPRESENTATION_CONTEXT('2D SPACE',''
  ) );
#2720 = ORIENTED_EDGE('',*,*,#720,.T.);
#2721 = ORIENTED_EDGE('',*,*,#2722,.F.);
#2722 = EDGE_CURVE('',#1895,#692,#2723,.T.);
#2723 = SURFACE_CURVE('',#2724,(#2728,#2734),.PCURVE_S1.);
#2724 = LINE('',#2725,#2726);
#2725 = CARTESIAN_POINT('',(-12.7,-11.6,91.));
#2726 = VECTOR('',#2727,1.);
#2727 = DIRECTION('',(0.,-1.,0.));
#2728 = PCURVE('',#735,#2729);
#2729 = DEFINITIONAL_REPRESENTATION('',(#2730),#2733);
#2730 = B_SPLINE_CURVE_WITH_KNOTS('',1,(#2731,#2732),.UNSPECIFIED.,.F.,
  .F.,(2,2),(-18.3,-4.9),.PIECEWISE_BEZIER_KNOTS.);
#2731 = CARTESIAN_POINT('',(1.8,19.2));
#2732 = CARTESIAN_POINT('',(1.8,5.8));
#2733 = ( GEOMETRIC_REPRESENTATION_CONTEXT(2) 
PARAMETRIC_REPRESENTATION_CONTEXT() REPRESENTATION_CONTEXT('2D SPACE',''
  ) );
#2734 = PCURVE('',#708,#2735);
#2735 = DEFINITIONAL_REPRESENTATION('',(#2736),#2739);
#2736 = B_SPLINE_CURVE_WITH_KNOTS('',1,(#2737,#2738),.UNSPECIFIED.,.F.,
  .F.,(2,2),(-18.3,-4.9),.PIECEWISE_BEZIER_KNOTS.);
#2737 = CARTESIAN_POINT('',(91.,-17.4));
#2738 = CARTESIAN_POINT('',(91.,-4.));
#2739 = ( GEOMETRIC_REPRESENTATION_CONTEXT(2) 
PARAMETRIC_REPRESENTATION_CONTEXT() REPRESENTATION_CONTEXT('2D SPACE',''
  ) );
#2740 = ORIENTED_EDGE('',*,*,#1894,.F.);
#2741 = ORIENTED_EDGE('',*,*,#2742,.T.);
#2742 = EDGE_CURVE('',#1867,#2603,#2743,.T.);
#2743 = SURFACE_CURVE('',#2744,(#2748,#2754),.PCURVE_S1.);
#2744 = LINE('',#2745,#2746);
#2745 = CARTESIAN_POINT('',(-13.6,10.7,91.));
#2746 = VECTOR('',#2747,1.);
#2747 = DIRECTION('',(1.,0.,0.));
#2748 = PCURVE('',#735,#2749);
#2749 = DEFINITIONAL_REPRESENTATION('',(#2750),#2753);
#2750 = B_SPLINE_CURVE_WITH_KNOTS('',1,(#2751,#2752),.UNSPECIFIED.,.F.,
  .F.,(2,2),(4.9,22.3),.PIECEWISE_BEZIER_KNOTS.);
#2751 = CARTESIAN_POINT('',(5.8,23.2));
#2752 = CARTESIAN_POINT('',(23.2,23.2));
#2753 = ( GEOMETRIC_REPRESENTATION_CONTEXT(2) 
PARAMETRIC_REPRESENTATION_CONTEXT() REPRESENTATION_CONTEXT('2D SPACE',''
  ) );
#2754 = PCURVE('',#1882,#2755);
#2755 = DEFINITIONAL_REPRESENTATION('',(#2756),#2759);
#2756 = B_SPLINE_CURVE_WITH_KNOTS('',1,(#2757,#2758),.UNSPECIFIED.,.F.,
  .F.,(2,2),(4.9,22.3),.PIECEWISE_BEZIER_KNOTS.);
#2757 = CARTESIAN_POINT('',(91.,4.));
#2758 = CARTESIAN_POINT('',(91.,21.4));
#2759 = ( GEOMETRIC_REPRESENTATION_CONTEXT(2) 
PARAMETRIC_REPRESENTATION_CONTEXT() REPRESENTATION_CONTEXT('2D SPACE',''
  ) );
#2760 = ORIENTED_EDGE('',*,*,#2625,.F.);
#2761 = ORIENTED_EDGE('',*,*,#2676,.T.);
#2762 = ORIENTED_EDGE('',*,*,#1035,.T.);
#2763 = ORIENTED_EDGE('',*,*,#2764,.T.);
#2764 = EDGE_CURVE('',#915,#2765,#2767,.T.);
#2765 = VERTEX_POINT('',#2766);
#2766 = CARTESIAN_POINT('',(13.25,11.25,91.));
#2767 = SURFACE_CURVE('',#2768,(#2772,#2779),.PCURVE_S1.);
#2768 = LINE('',#2769,#2770);
#2769 = CARTESIAN_POINT('',(13.25,-12.5,91.));
#2770 = VECTOR('',#2771,1.);
#2771 = DIRECTION('',(0.,1.,0.));
#2772 = PCURVE('',#735,#2773);
#2773 = DEFINITIONAL_REPRESENTATION('',(#2774),#2778);
#2774 = LINE('',#2775,#2776);
#2775 = CARTESIAN_POINT('',(27.75,0.));
#2776 = VECTOR('',#2777,1.);
#2777 = DIRECTION('',(0.,1.));
#2778 = ( GEOMETRIC_REPRESENTATION_CONTEXT(2) 
PARAMETRIC_REPRESENTATION_CONTEXT() REPRESENTATION_CONTEXT('2D SPACE',''
  ) );
#2779 = PCURVE('',#992,#2780);
#2780 = DEFINITIONAL_REPRESENTATION('',(#2781),#2785);
#2781 = LINE('',#2782,#2783);
#2782 = CARTESIAN_POINT('',(1.570796326795,0.));
#2783 = VECTOR('',#2784,1.);
#2784 = DIRECTION('',(0.,1.));
#2785 = ( GEOMETRIC_REPRESENTATION_CONTEXT(2) 
PARAMETRIC_REPRESENTATION_CONTEXT() REPRESENTATION_CONTEXT('2D SPACE',''
  ) );
#2786 = ORIENTED_EDGE('',*,*,#2787,.F.);
#2787 = EDGE_CURVE('',#2699,#2765,#2788,.T.);
#2788 = SURFACE_CURVE('',#2789,(#2793,#2800),.PCURVE_S1.);
#2789 = LINE('',#2790,#2791);
#2790 = CARTESIAN_POINT('',(-14.5,11.25,91.));
#2791 = VECTOR('',#2792,1.);
#2792 = DIRECTION('',(1.,0.,0.));
#2793 = PCURVE('',#735,#2794);
#2794 = DEFINITIONAL_REPRESENTATION('',(#2795),#2799);
#2795 = LINE('',#2796,#2797);
#2796 = CARTESIAN_POINT('',(0.,23.75));
#2797 = VECTOR('',#2798,1.);
#2798 = DIRECTION('',(1.,0.));
#2799 = ( GEOMETRIC_REPRESENTATION_CONTEXT(2) 
PARAMETRIC_REPRESENTATION_CONTEXT() REPRESENTATION_CONTEXT('2D SPACE',''
  ) );
#2800 = PCURVE('',#2801,#2806);
#2801 = CYLINDRICAL_SURFACE('',#2802,1.25);
#2802 = AXIS2_PLACEMENT_3D('',#2803,#2804,#2805);
#2803 = CARTESIAN_POINT('',(-14.5,11.25,92.25));
#2804 = DIRECTION('',(1.,0.,0.));
#2805 = DIRECTION('',(-0.,1.,0.));
#2806 = DEFINITIONAL_REPRESENTATION('',(#2807),#2811);
#2807 = LINE('',#2808,#2809);
#2808 = CARTESIAN_POINT('',(-1.570796326795,0.));
#2809 = VECTOR('',#2810,1.);
#2810 = DIRECTION('',(-0.,1.));
#2811 = ( GEOMETRIC_REPRESENTATION_CONTEXT(2) 
PARAMETRIC_REPRESENTATION_CONTEXT() REPRESENTATION_CONTEXT('2D SPACE',''
  ) );
#2812 = ADVANCED_FACE('',(#2813),#992,.T.);
#2813 = FACE_BOUND('',#2814,.T.);
#2814 = EDGE_LOOP('',(#2815,#2816,#2817,#2844));
#2815 = ORIENTED_EDGE('',*,*,#914,.T.);
#2816 = ORIENTED_EDGE('',*,*,#2764,.T.);
#2817 = ORIENTED_EDGE('',*,*,#2818,.T.);
#2818 = EDGE_CURVE('',#2765,#2323,#2819,.T.);
#2819 = SURFACE_CURVE('',#2820,(#2825,#2832),.PCURVE_S1.);
#2820 = CIRCLE('',#2821,1.25);
#2821 = AXIS2_PLACEMENT_3D('',#2822,#2823,#2824);
#2822 = CARTESIAN_POINT('',(13.25,11.25,92.25));
#2823 = DIRECTION('',(0.,-1.,0.));
#2824 = DIRECTION('',(1.,0.,0.));
#2825 = PCURVE('',#992,#2826);
#2826 = DEFINITIONAL_REPRESENTATION('',(#2827),#2831);
#2827 = LINE('',#2828,#2829);
#2828 = CARTESIAN_POINT('',(6.28318530718,23.75));
#2829 = VECTOR('',#2830,1.);
#2830 = DIRECTION('',(-1.,-0.));
#2831 = ( GEOMETRIC_REPRESENTATION_CONTEXT(2) 
PARAMETRIC_REPRESENTATION_CONTEXT() REPRESENTATION_CONTEXT('2D SPACE',''
  ) );
#2832 = PCURVE('',#2833,#2838);
#2833 = SPHERICAL_SURFACE('',#2834,1.25);
#2834 = AXIS2_PLACEMENT_3D('',#2835,#2836,#2837);
#2835 = CARTESIAN_POINT('',(13.25,11.25,92.25));
#2836 = DIRECTION('',(0.,0.,1.));
#2837 = DIRECTION('',(1.,0.,-0.));
#2838 = DEFINITIONAL_REPRESENTATION('',(#2839),#2843);
#2839 = LINE('',#2840,#2841);
#2840 = CARTESIAN_POINT('',(0.,-6.28318530718));
#2841 = VECTOR('',#2842,1.);
#2842 = DIRECTION('',(0.,1.));
#2843 = ( GEOMETRIC_REPRESENTATION_CONTEXT(2) 
PARAMETRIC_REPRESENTATION_CONTEXT() REPRESENTATION_CONTEXT('2D SPACE',''
  ) );
#2844 = ORIENTED_EDGE('',*,*,#2322,.F.);
#2845 = ADVANCED_FACE('',(#2846),#421,.F.);
#2846 = FACE_BOUND('',#2847,.F.);
#2847 = EDGE_LOOP('',(#2848,#2878,#2899,#2900,#2901,#2924,#2952));
#2848 = ORIENTED_EDGE('',*,*,#2849,.F.);
#2849 = EDGE_CURVE('',#2850,#2852,#2854,.T.);
#2850 = VERTEX_POINT('',#2851);
#2851 = CARTESIAN_POINT('',(-14.5,-11.25,92.25));
#2852 = VERTEX_POINT('',#2853);
#2853 = CARTESIAN_POINT('',(-14.5,-11.25,94.75));
#2854 = SURFACE_CURVE('',#2855,(#2859,#2866),.PCURVE_S1.);
#2855 = LINE('',#2856,#2857);
#2856 = CARTESIAN_POINT('',(-14.5,-11.25,91.));
#2857 = VECTOR('',#2858,1.);
#2858 = DIRECTION('',(0.,0.,1.));
#2859 = PCURVE('',#421,#2860);
#2860 = DEFINITIONAL_REPRESENTATION('',(#2861),#2865);
#2861 = LINE('',#2862,#2863);
#2862 = CARTESIAN_POINT('',(0.,-1.25));
#2863 = VECTOR('',#2864,1.);
#2864 = DIRECTION('',(1.,0.));
#2865 = ( GEOMETRIC_REPRESENTATION_CONTEXT(2) 
PARAMETRIC_REPRESENTATION_CONTEXT() REPRESENTATION_CONTEXT('2D SPACE',''
  ) );
#2866 = PCURVE('',#2867,#2872);
#2867 = CYLINDRICAL_SURFACE('',#2868,1.25);
#2868 = AXIS2_PLACEMENT_3D('',#2869,#2870,#2871);
#2869 = CARTESIAN_POINT('',(-13.25,-11.25,91.));
#2870 = DIRECTION('',(0.,0.,1.));
#2871 = DIRECTION('',(-1.,-0.,0.));
#2872 = DEFINITIONAL_REPRESENTATION('',(#2873),#2877);
#2873 = LINE('',#2874,#2875);
#2874 = CARTESIAN_POINT('',(0.,0.));
#2875 = VECTOR('',#2876,1.);
#2876 = DIRECTION('',(0.,1.));
#2877 = ( GEOMETRIC_REPRESENTATION_CONTEXT(2) 
PARAMETRIC_REPRESENTATION_CONTEXT() REPRESENTATION_CONTEXT('2D SPACE',''
  ) );
#2878 = ORIENTED_EDGE('',*,*,#2879,.T.);
#2879 = EDGE_CURVE('',#2850,#405,#2880,.T.);
#2880 = SURFACE_CURVE('',#2881,(#2885,#2892),.PCURVE_S1.);
#2881 = LINE('',#2882,#2883);
#2882 = CARTESIAN_POINT('',(-14.5,-12.5,92.25));
#2883 = VECTOR('',#2884,1.);
#2884 = DIRECTION('',(0.,1.,0.));
#2885 = PCURVE('',#421,#2886);
#2886 = DEFINITIONAL_REPRESENTATION('',(#2887),#2891);
#2887 = LINE('',#2888,#2889);
#2888 = CARTESIAN_POINT('',(1.25,0.));
#2889 = VECTOR('',#2890,1.);
#2890 = DIRECTION('',(0.,-1.));
#2891 = ( GEOMETRIC_REPRESENTATION_CONTEXT(2) 
PARAMETRIC_REPRESENTATION_CONTEXT() REPRESENTATION_CONTEXT('2D SPACE',''
  ) );
#2892 = PCURVE('',#511,#2893);
#2893 = DEFINITIONAL_REPRESENTATION('',(#2894),#2898);
#2894 = LINE('',#2895,#2896);
#2895 = CARTESIAN_POINT('',(-0.,0.));
#2896 = VECTOR('',#2897,1.);
#2897 = DIRECTION('',(-0.,1.));
#2898 = ( GEOMETRIC_REPRESENTATION_CONTEXT(2) 
PARAMETRIC_REPRESENTATION_CONTEXT() REPRESENTATION_CONTEXT('2D SPACE',''
  ) );
#2899 = ORIENTED_EDGE('',*,*,#404,.F.);
#2900 = ORIENTED_EDGE('',*,*,#867,.F.);
#2901 = ORIENTED_EDGE('',*,*,#2902,.T.);
#2902 = EDGE_CURVE('',#747,#2903,#2905,.T.);
#2903 = VERTEX_POINT('',#2904);
#2904 = CARTESIAN_POINT('',(-14.5,11.25,92.25));
#2905 = SURFACE_CURVE('',#2906,(#2910,#2917),.PCURVE_S1.);
#2906 = LINE('',#2907,#2908);
#2907 = CARTESIAN_POINT('',(-14.5,-12.5,92.25));
#2908 = VECTOR('',#2909,1.);
#2909 = DIRECTION('',(0.,1.,0.));
#2910 = PCURVE('',#421,#2911);
#2911 = DEFINITIONAL_REPRESENTATION('',(#2912),#2916);
#2912 = LINE('',#2913,#2914);
#2913 = CARTESIAN_POINT('',(1.25,0.));
#2914 = VECTOR('',#2915,1.);
#2915 = DIRECTION('',(0.,-1.));
#2916 = ( GEOMETRIC_REPRESENTATION_CONTEXT(2) 
PARAMETRIC_REPRESENTATION_CONTEXT() REPRESENTATION_CONTEXT('2D SPACE',''
  ) );
#2917 = PCURVE('',#824,#2918);
#2918 = DEFINITIONAL_REPRESENTATION('',(#2919),#2923);
#2919 = LINE('',#2920,#2921);
#2920 = CARTESIAN_POINT('',(-0.,0.));
#2921 = VECTOR('',#2922,1.);
#2922 = DIRECTION('',(-0.,1.));
#2923 = ( GEOMETRIC_REPRESENTATION_CONTEXT(2) 
PARAMETRIC_REPRESENTATION_CONTEXT() REPRESENTATION_CONTEXT('2D SPACE',''
  ) );
#2924 = ORIENTED_EDGE('',*,*,#2925,.T.);
#2925 = EDGE_CURVE('',#2903,#2926,#2928,.T.);
#2926 = VERTEX_POINT('',#2927);
#2927 = CARTESIAN_POINT('',(-14.5,11.25,94.75));
#2928 = SURFACE_CURVE('',#2929,(#2933,#2940),.PCURVE_S1.);
#2929 = LINE('',#2930,#2931);
#2930 = CARTESIAN_POINT('',(-14.5,11.25,91.));
#2931 = VECTOR('',#2932,1.);
#2932 = DIRECTION('',(0.,0.,1.));
#2933 = PCURVE('',#421,#2934);
#2934 = DEFINITIONAL_REPRESENTATION('',(#2935),#2939);
#2935 = LINE('',#2936,#2937);
#2936 = CARTESIAN_POINT('',(0.,-23.75));
#2937 = VECTOR('',#2938,1.);
#2938 = DIRECTION('',(1.,0.));
#2939 = ( GEOMETRIC_REPRESENTATION_CONTEXT(2) 
PARAMETRIC_REPRESENTATION_CONTEXT() REPRESENTATION_CONTEXT('2D SPACE',''
  ) );
#2940 = PCURVE('',#2941,#2946);
#2941 = CYLINDRICAL_SURFACE('',#2942,1.25);
#2942 = AXIS2_PLACEMENT_3D('',#2943,#2944,#2945);
#2943 = CARTESIAN_POINT('',(-13.25,11.25,91.));
#2944 = DIRECTION('',(0.,0.,1.));
#2945 = DIRECTION('',(-1.,-0.,0.));
#2946 = DEFINITIONAL_REPRESENTATION('',(#2947),#2951);
#2947 = LINE('',#2948,#2949);
#2948 = CARTESIAN_POINT('',(-0.,0.));
#2949 = VECTOR('',#2950,1.);
#2950 = DIRECTION('',(-0.,1.));
#2951 = ( GEOMETRIC_REPRESENTATION_CONTEXT(2) 
PARAMETRIC_REPRESENTATION_CONTEXT() REPRESENTATION_CONTEXT('2D SPACE',''
  ) );
#2952 = ORIENTED_EDGE('',*,*,#2953,.F.);
#2953 = EDGE_CURVE('',#2852,#2926,#2954,.T.);
#2954 = SURFACE_CURVE('',#2955,(#2959,#2966),.PCURVE_S1.);
#2955 = LINE('',#2956,#2957);
#2956 = CARTESIAN_POINT('',(-14.5,-12.5,94.75));
#2957 = VECTOR('',#2958,1.);
#2958 = DIRECTION('',(0.,1.,0.));
#2959 = PCURVE('',#421,#2960);
#2960 = DEFINITIONAL_REPRESENTATION('',(#2961),#2965);
#2961 = LINE('',#2962,#2963);
#2962 = CARTESIAN_POINT('',(3.75,0.));
#2963 = VECTOR('',#2964,1.);
#2964 = DIRECTION('',(0.,-1.));
#2965 = ( GEOMETRIC_REPRESENTATION_CONTEXT(2) 
PARAMETRIC_REPRESENTATION_CONTEXT() REPRESENTATION_CONTEXT('2D SPACE',''
  ) );
#2966 = PCURVE('',#2967,#2972);
#2967 = CYLINDRICAL_SURFACE('',#2968,1.25);
#2968 = AXIS2_PLACEMENT_3D('',#2969,#2970,#2971);
#2969 = CARTESIAN_POINT('',(-13.25,-12.5,94.75));
#2970 = DIRECTION('',(0.,1.,0.));
#2971 = DIRECTION('',(-1.,0.,0.));
#2972 = DEFINITIONAL_REPRESENTATION('',(#2973),#2977);
#2973 = LINE('',#2974,#2975);
#2974 = CARTESIAN_POINT('',(0.,0.));
#2975 = VECTOR('',#2976,1.);
#2976 = DIRECTION('',(0.,1.));
#2977 = ( GEOMETRIC_REPRESENTATION_CONTEXT(2) 
PARAMETRIC_REPRESENTATION_CONTEXT() REPRESENTATION_CONTEXT('2D SPACE',''
  ) );
#2978 = ADVANCED_FACE('',(#2979),#824,.T.);
#2979 = FACE_BOUND('',#2980,.F.);
#2980 = EDGE_LOOP('',(#2981,#2982,#2983,#3010));
#2981 = ORIENTED_EDGE('',*,*,#746,.T.);
#2982 = ORIENTED_EDGE('',*,*,#2698,.T.);
#2983 = ORIENTED_EDGE('',*,*,#2984,.T.);
#2984 = EDGE_CURVE('',#2699,#2903,#2985,.T.);
#2985 = SURFACE_CURVE('',#2986,(#2991,#2998),.PCURVE_S1.);
#2986 = CIRCLE('',#2987,1.25);
#2987 = AXIS2_PLACEMENT_3D('',#2988,#2989,#2990);
#2988 = CARTESIAN_POINT('',(-13.25,11.25,92.25));
#2989 = DIRECTION('',(0.,1.,-0.));
#2990 = DIRECTION('',(-1.,0.,0.));
#2991 = PCURVE('',#824,#2992);
#2992 = DEFINITIONAL_REPRESENTATION('',(#2993),#2997);
#2993 = LINE('',#2994,#2995);
#2994 = CARTESIAN_POINT('',(-6.28318530718,23.75));
#2995 = VECTOR('',#2996,1.);
#2996 = DIRECTION('',(1.,-0.));
#2997 = ( GEOMETRIC_REPRESENTATION_CONTEXT(2) 
PARAMETRIC_REPRESENTATION_CONTEXT() REPRESENTATION_CONTEXT('2D SPACE',''
  ) );
#2998 = PCURVE('',#2999,#3004);
#2999 = SPHERICAL_SURFACE('',#3000,1.25);
#3000 = AXIS2_PLACEMENT_3D('',#3001,#3002,#3003);
#3001 = CARTESIAN_POINT('',(-13.25,11.25,92.25));
#3002 = DIRECTION('',(0.,0.,1.));
#3003 = DIRECTION('',(-1.,0.,0.));
#3004 = DEFINITIONAL_REPRESENTATION('',(#3005),#3009);
#3005 = LINE('',#3006,#3007);
#3006 = CARTESIAN_POINT('',(-0.,-6.28318530718));
#3007 = VECTOR('',#3008,1.);
#3008 = DIRECTION('',(-0.,1.));
#3009 = ( GEOMETRIC_REPRESENTATION_CONTEXT(2) 
PARAMETRIC_REPRESENTATION_CONTEXT() REPRESENTATION_CONTEXT('2D SPACE',''
  ) );
#3010 = ORIENTED_EDGE('',*,*,#2902,.F.);
#3011 = ADVANCED_FACE('',(#3012),#708,.F.);
#3012 = FACE_BOUND('',#3013,.F.);
#3013 = EDGE_LOOP('',(#3014,#3015,#3016));
#3014 = ORIENTED_EDGE('',*,*,#691,.F.);
#3015 = ORIENTED_EDGE('',*,*,#1918,.T.);
#3016 = ORIENTED_EDGE('',*,*,#2722,.T.);
#3017 = ADVANCED_FACE('',(#3018),#511,.T.);
#3018 = FACE_BOUND('',#3019,.F.);
#3019 = EDGE_LOOP('',(#3020,#3047,#3048,#3049));
#3020 = ORIENTED_EDGE('',*,*,#3021,.F.);
#3021 = EDGE_CURVE('',#2046,#2850,#3022,.T.);
#3022 = SURFACE_CURVE('',#3023,(#3028,#3035),.PCURVE_S1.);
#3023 = CIRCLE('',#3024,1.25);
#3024 = AXIS2_PLACEMENT_3D('',#3025,#3026,#3027);
#3025 = CARTESIAN_POINT('',(-13.25,-11.25,92.25));
#3026 = DIRECTION('',(0.,1.,-0.));
#3027 = DIRECTION('',(-1.,0.,0.));
#3028 = PCURVE('',#511,#3029);
#3029 = DEFINITIONAL_REPRESENTATION('',(#3030),#3034);
#3030 = LINE('',#3031,#3032);
#3031 = CARTESIAN_POINT('',(-6.28318530718,1.25));
#3032 = VECTOR('',#3033,1.);
#3033 = DIRECTION('',(1.,-0.));
#3034 = ( GEOMETRIC_REPRESENTATION_CONTEXT(2) 
PARAMETRIC_REPRESENTATION_CONTEXT() REPRESENTATION_CONTEXT('2D SPACE',''
  ) );
#3035 = PCURVE('',#3036,#3041);
#3036 = SPHERICAL_SURFACE('',#3037,1.25);
#3037 = AXIS2_PLACEMENT_3D('',#3038,#3039,#3040);
#3038 = CARTESIAN_POINT('',(-13.25,-11.25,92.25));
#3039 = DIRECTION('',(0.,0.,1.));
#3040 = DIRECTION('',(-1.,0.,0.));
#3041 = DEFINITIONAL_REPRESENTATION('',(#3042),#3046);
#3042 = LINE('',#3043,#3044);
#3043 = CARTESIAN_POINT('',(0.,-6.28318530718));
#3044 = VECTOR('',#3045,1.);
#3045 = DIRECTION('',(0.,1.));
#3046 = ( GEOMETRIC_REPRESENTATION_CONTEXT(2) 
PARAMETRIC_REPRESENTATION_CONTEXT() REPRESENTATION_CONTEXT('2D SPACE',''
  ) );
#3047 = ORIENTED_EDGE('',*,*,#2045,.T.);
#3048 = ORIENTED_EDGE('',*,*,#433,.F.);
#3049 = ORIENTED_EDGE('',*,*,#2879,.F.);
#3050 = ADVANCED_FACE('',(#3051),#1519,.F.);
#3051 = FACE_BOUND('',#3052,.F.);
#3052 = EDGE_LOOP('',(#3053,#3076,#3105,#3142,#3293,#3314));
#3053 = ORIENTED_EDGE('',*,*,#3054,.F.);
#3054 = EDGE_CURVE('',#3055,#1480,#3057,.T.);
#3055 = VERTEX_POINT('',#3056);
#3056 = CARTESIAN_POINT('',(3.75,-2.375,15.));
#3057 = SURFACE_CURVE('',#3058,(#3062,#3069),.PCURVE_S1.);
#3058 = LINE('',#3059,#3060);
#3059 = CARTESIAN_POINT('',(3.75,-2.375,6.));
#3060 = VECTOR('',#3061,1.);
#3061 = DIRECTION('',(0.,0.,1.));
#3062 = PCURVE('',#1519,#3063);
#3063 = DEFINITIONAL_REPRESENTATION('',(#3064),#3068);
#3064 = LINE('',#3065,#3066);
#3065 = CARTESIAN_POINT('',(0.,0.));
#3066 = VECTOR('',#3067,1.);
#3067 = DIRECTION('',(0.,1.));
#3068 = ( GEOMETRIC_REPRESENTATION_CONTEXT(2) 
PARAMETRIC_REPRESENTATION_CONTEXT() REPRESENTATION_CONTEXT('2D SPACE',''
  ) );
#3069 = PCURVE('',#1821,#3070);
#3070 = DEFINITIONAL_REPRESENTATION('',(#3071),#3075);
#3071 = LINE('',#3072,#3073);
#3072 = CARTESIAN_POINT('',(0.,-1.625));
#3073 = VECTOR('',#3074,1.);
#3074 = DIRECTION('',(1.,0.));
#3075 = ( GEOMETRIC_REPRESENTATION_CONTEXT(2) 
PARAMETRIC_REPRESENTATION_CONTEXT() REPRESENTATION_CONTEXT('2D SPACE',''
  ) );
#3076 = ORIENTED_EDGE('',*,*,#3077,.T.);
#3077 = EDGE_CURVE('',#3055,#3078,#3080,.T.);
#3078 = VERTEX_POINT('',#3079);
#3079 = CARTESIAN_POINT('',(4.,-3.241025403784,15.));
#3080 = SURFACE_CURVE('',#3081,(#3086,#3093),.PCURVE_S1.);
#3081 = CIRCLE('',#3082,1.625);
#3082 = AXIS2_PLACEMENT_3D('',#3083,#3084,#3085);
#3083 = CARTESIAN_POINT('',(5.375,-2.375,15.));
#3084 = DIRECTION('',(0.,0.,1.));
#3085 = DIRECTION('',(-1.,-0.,0.));
#3086 = PCURVE('',#1519,#3087);
#3087 = DEFINITIONAL_REPRESENTATION('',(#3088),#3092);
#3088 = LINE('',#3089,#3090);
#3089 = CARTESIAN_POINT('',(0.,9.));
#3090 = VECTOR('',#3091,1.);
#3091 = DIRECTION('',(1.,0.));
#3092 = ( GEOMETRIC_REPRESENTATION_CONTEXT(2) 
PARAMETRIC_REPRESENTATION_CONTEXT() REPRESENTATION_CONTEXT('2D SPACE',''
  ) );
#3093 = PCURVE('',#3094,#3099);
#3094 = PLANE('',#3095);
#3095 = AXIS2_PLACEMENT_3D('',#3096,#3097,#3098);
#3096 = CARTESIAN_POINT('',(-6.,-5.5,15.));
#3097 = DIRECTION('',(0.,0.,1.));
#3098 = DIRECTION('',(1.,0.,0.));
#3099 = DEFINITIONAL_REPRESENTATION('',(#3100),#3104);
#3100 = CIRCLE('',#3101,1.625);
#3101 = AXIS2_PLACEMENT_2D('',#3102,#3103);
#3102 = CARTESIAN_POINT('',(11.375,3.125));
#3103 = DIRECTION('',(-1.,0.));
#3104 = ( GEOMETRIC_REPRESENTATION_CONTEXT(2) 
PARAMETRIC_REPRESENTATION_CONTEXT() REPRESENTATION_CONTEXT('2D SPACE',''
  ) );
#3105 = ORIENTED_EDGE('',*,*,#3106,.T.);
#3106 = EDGE_CURVE('',#3078,#3107,#3109,.T.);
#3107 = VERTEX_POINT('',#3108);
#3108 = CARTESIAN_POINT('',(4.202396060044,-3.5,14.989732603864));
#3109 = SURFACE_CURVE('',#3110,(#3117,#3127),.PCURVE_S1.);
#3110 = B_SPLINE_CURVE_WITH_KNOTS('',5,(#3111,#3112,#3113,#3114,#3115,
    #3116),.UNSPECIFIED.,.F.,.F.,(6,6),(0.,1.),
  .PIECEWISE_BEZIER_KNOTS.);
#3111 = CARTESIAN_POINT('',(4.,-3.241025403784,15.));
#3112 = CARTESIAN_POINT('',(4.034524116757,-3.295839801068,15.));
#3113 = CARTESIAN_POINT('',(4.072063324819,-3.349384094559,
    14.999255081838));
#3114 = CARTESIAN_POINT('',(4.112592588861,-3.401419699417,
    14.997504837399));
#3115 = CARTESIAN_POINT('',(4.156062578257,-3.451705984314,
    14.994445669876));
#3116 = CARTESIAN_POINT('',(4.202396635686,-3.5000006,14.989732545309));
#3117 = PCURVE('',#1519,#3118);
#3118 = DEFINITIONAL_REPRESENTATION('',(#3119),#3126);
#3119 = B_SPLINE_CURVE_WITH_KNOTS('',5,(#3120,#3121,#3122,#3123,#3124,
    #3125),.UNSPECIFIED.,.F.,.F.,(6,6),(0.,1.),
  .PIECEWISE_BEZIER_KNOTS.);
#3120 = CARTESIAN_POINT('',(0.562069803006,9.));
#3121 = CARTESIAN_POINT('',(0.601934819212,9.));
#3122 = CARTESIAN_POINT('',(0.642127314499,8.999255081838));
#3123 = CARTESIAN_POINT('',(0.682646842343,8.997504837399));
#3124 = CARTESIAN_POINT('',(0.723496882684,8.994445669876));
#3125 = CARTESIAN_POINT('',(0.764682689545,8.989732545309));
#3126 = ( GEOMETRIC_REPRESENTATION_CONTEXT(2) 
PARAMETRIC_REPRESENTATION_CONTEXT() REPRESENTATION_CONTEXT('2D SPACE',''
  ) );
#3127 = PCURVE('',#3128,#3133);
#3128 = CYLINDRICAL_SURFACE('',#3129,2.);
#3129 = AXIS2_PLACEMENT_3D('',#3130,#3131,#3132);
#3130 = CARTESIAN_POINT('',(4.,-5.5,13.));
#3131 = DIRECTION('',(0.,1.,0.));
#3132 = DIRECTION('',(1.,0.,-0.));
#3133 = DEFINITIONAL_REPRESENTATION('',(#3134),#3141);
#3134 = B_SPLINE_CURVE_WITH_KNOTS('',5,(#3135,#3136,#3137,#3138,#3139,
    #3140),.UNSPECIFIED.,.F.,.F.,(6,6),(0.,1.),
  .PIECEWISE_BEZIER_KNOTS.);
#3135 = CARTESIAN_POINT('',(-1.570796326795,2.258974596216));
#3136 = CARTESIAN_POINT('',(-1.553534268417,2.204160198932));
#3137 = CARTESIAN_POINT('',(-1.534764678128,2.150615905441));
#3138 = CARTESIAN_POINT('',(-1.514489271014,2.098580300583));
#3139 = CARTESIAN_POINT('',(-1.492711053342,2.048294015686));
#3140 = CARTESIAN_POINT('',(-1.469424477697,1.9999994));
#3141 = ( GEOMETRIC_REPRESENTATION_CONTEXT(2) 
PARAMETRIC_REPRESENTATION_CONTEXT() REPRESENTATION_CONTEXT('2D SPACE',''
  ) );
#3142 = ORIENTED_EDGE('',*,*,#3143,.T.);
#3143 = EDGE_CURVE('',#3107,#3144,#3146,.T.);
#3144 = VERTEX_POINT('',#3145);
#3145 = CARTESIAN_POINT('',(5.375,-4.,14.363589014329));
#3146 = SURFACE_CURVE('',#3147,(#3192,#3240),.PCURVE_S1.);
#3147 = B_SPLINE_CURVE_WITH_KNOTS('',8,(#3148,#3149,#3150,#3151,#3152,
    #3153,#3154,#3155,#3156,#3157,#3158,#3159,#3160,#3161,#3162,#3163,
    #3164,#3165,#3166,#3167,#3168,#3169,#3170,#3171,#3172,#3173,#3174,
    #3175,#3176,#3177,#3178,#3179,#3180,#3181,#3182,#3183,#3184,#3185,
    #3186,#3187,#3188,#3189,#3190,#3191),.UNSPECIFIED.,.F.,.F.,(9,7,7,7,
    7,7,9),(0.,0.174212808905,0.193859410204,0.313160400264,
    0.392355325363,0.669418437073,1.),.UNSPECIFIED.);
#3148 = CARTESIAN_POINT('',(4.202396060044,-3.5,14.989732603864));
#3149 = CARTESIAN_POINT('',(4.21112551504,-3.509098838508,
    14.988844641685));
#3150 = CARTESIAN_POINT('',(4.220755802337,-3.518974467509,
    14.98777289247));
#3151 = CARTESIAN_POINT('',(4.231517883929,-3.529818283523,
    14.986465724364));
#3152 = CARTESIAN_POINT('',(4.243688982993,-3.541828316324,
    14.98484276265));
#3153 = CARTESIAN_POINT('',(4.257586292572,-3.55522477521,
    14.982808449392));
#3154 = CARTESIAN_POINT('',(4.273596587647,-3.570218407109,
    14.980212685023));
#3155 = CARTESIAN_POINT('',(4.292089142595,-3.586897938537,
    14.976845628755));
#3156 = CARTESIAN_POINT('',(4.315424241929,-3.607044631647,
    14.972069722441));
#3157 = CARTESIAN_POINT('',(4.317819292876,-3.609103365627,
    14.971574229206));
#3158 = CARTESIAN_POINT('',(4.320244324412,-3.611178567036,
    14.971067082327));
#3159 = CARTESIAN_POINT('',(4.322699097101,-3.613269686595,
    14.97054812352));
#3160 = CARTESIAN_POINT('',(4.325183316496,-3.615376134065,
    14.970017208869));
#3161 = CARTESIAN_POINT('',(4.327696633136,-3.617497278248,
    14.969474208818));
#3162 = CARTESIAN_POINT('',(4.330238642547,-3.619632446985,
    14.968919008179));
#3163 = CARTESIAN_POINT('',(4.348416292028,-3.634827245336,
    14.964905436484));
#3164 = CARTESIAN_POINT('',(4.365061510215,-3.648361883059,
    14.961006587775));
#3165 = CARTESIAN_POINT('',(4.382624029957,-3.662211212488,
    14.956636793329));
#3166 = CARTESIAN_POINT('',(4.400953716829,-3.67619340283,
    14.951792957432));
#3167 = CARTESIAN_POINT('',(4.41989176751,-3.69014331673,14.946487061775
    ));
#3168 = CARTESIAN_POINT('',(4.439288438977,-3.703927721061,
    14.940742794638));
#3169 = CARTESIAN_POINT('',(4.45901755122,-3.717450812105,14.93458880284
    ));
#3170 = CARTESIAN_POINT('',(4.492244480452,-3.739412036583,
    14.923706996996));
#3171 = CARTESIAN_POINT('',(4.505616383224,-3.748037267773,
    14.919192319808));
#3172 = CARTESIAN_POINT('',(4.519082792461,-3.756511127156,
    14.91450918138));
#3173 = CARTESIAN_POINT('',(4.532625624364,-3.764822448273,
    14.909662390936));
#3174 = CARTESIAN_POINT('',(4.546229488065,-3.772963141863,
    14.904656626416));
#3175 = CARTESIAN_POINT('',(4.55988178305,-3.78092781798,14.899496140471
    ));
#3176 = CARTESIAN_POINT('',(4.573572796579,-3.788713408107,
    14.894184466461));
#3177 = CARTESIAN_POINT('',(4.635305674623,-3.822926174223,
    14.869621140971));
#3178 = CARTESIAN_POINT('',(4.683631831651,-3.84728623449,
    14.848728489229));
#3179 = CARTESIAN_POINT('',(4.732033166458,-3.869390835987,
    14.826144452448));
#3180 = CARTESIAN_POINT('',(4.780283915007,-3.889273442508,
    14.801977760666));
#3181 = CARTESIAN_POINT('',(4.828199459238,-3.90701041481,
    14.776333344508));
#3182 = CARTESIAN_POINT('',(4.875638905172,-3.922701457634,
    14.749300335373));
#3183 = CARTESIAN_POINT('',(4.9225065465,-3.936459445554,14.720943062966
    ));
#3184 = CARTESIAN_POINT('',(5.023923862904,-3.962645350921,
    14.655910078654));
#3185 = CARTESIAN_POINT('',(5.078134464762,-3.974283862638,
    14.618733231161));
#3186 = CARTESIAN_POINT('',(5.13121443704,-3.983501425746,
    14.579869039718));
#3187 = CARTESIAN_POINT('',(5.183011140445,-3.990487548234,
    14.539421260915));
#3188 = CARTESIAN_POINT('',(5.23339150694,-3.995435964507,
    14.497486584524));
#3189 = CARTESIAN_POINT('',(5.282242873041,-3.998542174928,
    14.454153104616));
#3190 = CARTESIAN_POINT('',(5.329471318866,-4.,14.409498695254));
#3191 = CARTESIAN_POINT('',(5.375,-4.,14.363589014329));
#3192 = PCURVE('',#1519,#3193);
#3193 = DEFINITIONAL_REPRESENTATION('',(#3194),#3239);
#3194 = B_SPLINE_CURVE_WITH_KNOTS('',8,(#3195,#3196,#3197,#3198,#3199,
    #3200,#3201,#3202,#3203,#3204,#3205,#3206,#3207,#3208,#3209,#3210,
    #3211,#3212,#3213,#3214,#3215,#3216,#3217,#3218,#3219,#3220,#3221,
    #3222,#3223,#3224,#3225,#3226,#3227,#3228,#3229,#3230,#3231,#3232,
    #3233,#3234,#3235,#3236,#3237,#3238),.UNSPECIFIED.,.F.,.F.,(9,7,7,7,
    7,7,9),(0.,0.174212808905,0.193859410204,0.313160400264,
    0.392355325363,0.669418437073,1.),.UNSPECIFIED.);
#3195 = CARTESIAN_POINT('',(0.764682177863,8.989732603864));
#3196 = CARTESIAN_POINT('',(0.772441693414,8.988844641685));
#3197 = CARTESIAN_POINT('',(0.780929982342,8.98777289247));
#3198 = CARTESIAN_POINT('',(0.790330906019,8.986465724364));
#3199 = CARTESIAN_POINT('',(0.800852344761,8.98484276265));
#3200 = CARTESIAN_POINT('',(0.812729019612,8.982808449392));
#3201 = CARTESIAN_POINT('',(0.8262240746,8.980212685023));
#3202 = CARTESIAN_POINT('',(0.841545633856,8.976845628755));
#3203 = CARTESIAN_POINT('',(0.860517215011,8.972069722441));
#3204 = CARTESIAN_POINT('',(0.862460759744,8.971574229206));
#3205 = CARTESIAN_POINT('',(0.864424902727,8.971067082327));
#3206 = CARTESIAN_POINT('',(0.866409323362,8.97054812352));
#3207 = CARTESIAN_POINT('',(0.868413659944,8.970017208869));
#3208 = CARTESIAN_POINT('',(0.870437509653,8.969474208818));
#3209 = CARTESIAN_POINT('',(0.872480428559,8.968919008179));
#3210 = CARTESIAN_POINT('',(0.887060094548,8.964905436484));
#3211 = CARTESIAN_POINT('',(0.900261014248,8.961006587775));
#3212 = CARTESIAN_POINT('',(0.914022150814,8.956636793329));
#3213 = CARTESIAN_POINT('',(0.928205389478,8.951792957432));
#3214 = CARTESIAN_POINT('',(0.94267591756,8.946487061775));
#3215 = CARTESIAN_POINT('',(0.95731593006,8.940742794638));
#3216 = CARTESIAN_POINT('',(0.972033163888,8.93458880284));
#3217 = CARTESIAN_POINT('',(0.996543124336,8.923706996996));
#3218 = CARTESIAN_POINT('',(1.00633471635,8.919192319808));
#3219 = CARTESIAN_POINT('',(1.016124897054,8.91450918138));
#3220 = CARTESIAN_POINT('',(1.025902023777,8.909662390936));
#3221 = CARTESIAN_POINT('',(1.035656856489,8.904656626416));
#3222 = CARTESIAN_POINT('',(1.04538246339,8.899496140471));
#3223 = CARTESIAN_POINT('',(1.055074126501,8.894184466461));
#3224 = CARTESIAN_POINT('',(1.09850764655,8.869621140971));
#3225 = CARTESIAN_POINT('',(1.131785904318,8.848728489229));
#3226 = CARTESIAN_POINT('',(1.164490538961,8.826144452448));
#3227 = CARTESIAN_POINT('',(1.196561476549,8.801977760666));
#3228 = CARTESIAN_POINT('',(1.227963704765,8.776333344508));
#3229 = CARTESIAN_POINT('',(1.25868287765,8.749300335373));
#3230 = CARTESIAN_POINT('',(1.288725277173,8.720943062966));
#3231 = CARTESIAN_POINT('',(1.353182736068,8.655910078654));
#3232 = CARTESIAN_POINT('',(1.387274317217,8.618733231161));
#3233 = CARTESIAN_POINT('',(1.420385465003,8.579869039718));
#3234 = CARTESIAN_POINT('',(1.452504779866,8.539421260915));
#3235 = CARTESIAN_POINT('',(1.48361911599,8.497486584524));
#3236 = CARTESIAN_POINT('',(1.513715020932,8.454153104616));
#3237 = CARTESIAN_POINT('',(1.542778676866,8.409498695254));
#3238 = CARTESIAN_POINT('',(1.570796326795,8.363589014329));
#3239 = ( GEOMETRIC_REPRESENTATION_CONTEXT(2) 
PARAMETRIC_REPRESENTATION_CONTEXT() REPRESENTATION_CONTEXT('2D SPACE',''
  ) );
#3240 = PCURVE('',#3241,#3246);
#3241 = SPHERICAL_SURFACE('',#3242,2.);
#3242 = AXIS2_PLACEMENT_3D('',#3243,#3244,#3245);
#3243 = CARTESIAN_POINT('',(4.,-3.5,13.));
#3244 = DIRECTION('',(-0.,-0.,-1.));
#3245 = DIRECTION('',(1.,0.,0.));
#3246 = DEFINITIONAL_REPRESENTATION('',(#3247),#3292);
#3247 = B_SPLINE_CURVE_WITH_KNOTS('',8,(#3248,#3249,#3250,#3251,#3252,
    #3253,#3254,#3255,#3256,#3257,#3258,#3259,#3260,#3261,#3262,#3263,
    #3264,#3265,#3266,#3267,#3268,#3269,#3270,#3271,#3272,#3273,#3274,
    #3275,#3276,#3277,#3278,#3279,#3280,#3281,#3282,#3283,#3284,#3285,
    #3286,#3287,#3288,#3289,#3290,#3291),.UNSPECIFIED.,.F.,.F.,(9,7,7,7,
    7,7,9),(0.,0.174212808905,0.193859410204,0.313160400264,
    0.392355325363,0.669418437073,1.),.UNSPECIFIED.);
#3248 = CARTESIAN_POINT('',(-6.217248937901E-15,-1.469424767004));
#3249 = CARTESIAN_POINT('',(4.495561082554E-02,-1.465037516687));
#3250 = CARTESIAN_POINT('',(8.932004481543E-02,-1.459960495688));
#3251 = CARTESIAN_POINT('',(0.133049094734,-1.454045707045));
#3252 = CARTESIAN_POINT('',(0.175842750343,-1.447111064562));
#3253 = CARTESIAN_POINT('',(0.217134758962,-1.438941377984));
#3254 = CARTESIAN_POINT('',(0.256107073818,-1.429286668464));
#3255 = CARTESIAN_POINT('',(0.291828561525,-1.417935015552));
#3256 = CARTESIAN_POINT('',(0.327202274234,-1.403471319722));
#3257 = CARTESIAN_POINT('',(0.330735147343,-1.401985397397));
#3258 = CARTESIAN_POINT('',(0.334214884489,-1.400479555104));
#3259 = CARTESIAN_POINT('',(0.337640499677,-1.398954015588));
#3260 = CARTESIAN_POINT('',(0.341011095791,-1.397409039219));
#3261 = CARTESIAN_POINT('',(0.34432586459,-1.395844923994));
#3262 = CARTESIAN_POINT('',(0.347584086709,-1.394262005532));
#3263 = CARTESIAN_POINT('',(0.370222988931,-1.382936712839));
#3264 = CARTESIAN_POINT('',(0.387549755246,-1.372535163581));
#3265 = CARTESIAN_POINT('',(0.402601008881,-1.361550470174));
#3266 = CARTESIAN_POINT('',(0.415439442484,-1.350098660543));
#3267 = CARTESIAN_POINT('',(0.426249058609,-1.33829773221));
#3268 = CARTESIAN_POINT('',(0.435258835383,-1.32625340217));
#3269 = CARTESIAN_POINT('',(0.442695862313,-1.314050204098));
#3270 = CARTESIAN_POINT('',(0.452798744573,-1.293581383349));
#3271 = CARTESIAN_POINT('',(0.456230848206,-1.285365646327));
#3272 = CARTESIAN_POINT('',(0.459125940465,-1.277114446632));
#3273 = CARTESIAN_POINT('',(0.461539324293,-1.268839198812));
#3274 = CARTESIAN_POINT('',(0.463520291582,-1.260549086583));
#3275 = CARTESIAN_POINT('',(0.465112492511,-1.252251142259));
#3276 = CARTESIAN_POINT('',(0.466354304873,-1.243950326174));
#3277 = CARTESIAN_POINT('',(0.470514957052,-1.206609571936));
#3278 = CARTESIAN_POINT('',(0.46986763046,-1.177616184087));
#3279 = CARTESIAN_POINT('',(0.466798279555,-1.148765929859));
#3280 = CARTESIAN_POINT('',(0.462005657537,-1.120115476338));
#3281 = CARTESIAN_POINT('',(0.456000947092,-1.091695511786));
#3282 = CARTESIAN_POINT('',(0.449101105419,-1.063512303842));
#3283 = CARTESIAN_POINT('',(0.441545899146,-1.03555073828));
#3284 = CARTESIAN_POINT('',(0.423900237362,-0.974629383309));
#3285 = CARTESIAN_POINT('',(0.413615326971,-0.941792029397));
#3286 = CARTESIAN_POINT('',(0.40294443384,-0.909243284968));
#3287 = CARTESIAN_POINT('',(0.392070506554,-0.876966863037));
#3288 = CARTESIAN_POINT('',(0.381125403511,-0.844945677403));
#3289 = CARTESIAN_POINT('',(0.370211448294,-0.813160929902));
#3290 = CARTESIAN_POINT('',(0.359405440053,-0.781591510873));
#3291 = CARTESIAN_POINT('',(0.348771003584,-0.750212880904));
#3292 = ( GEOMETRIC_REPRESENTATION_CONTEXT(2) 
PARAMETRIC_REPRESENTATION_CONTEXT() REPRESENTATION_CONTEXT('2D SPACE',''
  ) );
#3293 = ORIENTED_EDGE('',*,*,#3294,.T.);
#3294 = EDGE_CURVE('',#3144,#1482,#3295,.T.);
#3295 = SURFACE_CURVE('',#3296,(#3300,#3307),.PCURVE_S1.);
#3296 = LINE('',#3297,#3298);
#3297 = CARTESIAN_POINT('',(5.375,-4.,6.));
#3298 = VECTOR('',#3299,1.);
#3299 = DIRECTION('',(0.,0.,1.));
#3300 = PCURVE('',#1519,#3301);
#3301 = DEFINITIONAL_REPRESENTATION('',(#3302),#3306);
#3302 = LINE('',#3303,#3304);
#3303 = CARTESIAN_POINT('',(1.570796326795,0.));
#3304 = VECTOR('',#3305,1.);
#3305 = DIRECTION('',(0.,1.));
#3306 = ( GEOMETRIC_REPRESENTATION_CONTEXT(2) 
PARAMETRIC_REPRESENTATION_CONTEXT() REPRESENTATION_CONTEXT('2D SPACE',''
  ) );
#3307 = PCURVE('',#1557,#3308);
#3308 = DEFINITIONAL_REPRESENTATION('',(#3309),#3313);
#3309 = LINE('',#3310,#3311);
#3310 = CARTESIAN_POINT('',(0.,1.625));
#3311 = VECTOR('',#3312,1.);
#3312 = DIRECTION('',(1.,0.));
#3313 = ( GEOMETRIC_REPRESENTATION_CONTEXT(2) 
PARAMETRIC_REPRESENTATION_CONTEXT() REPRESENTATION_CONTEXT('2D SPACE',''
  ) );
#3314 = ORIENTED_EDGE('',*,*,#1479,.F.);
#3315 = ADVANCED_FACE('',(#3316),#1821,.T.);
#3316 = FACE_BOUND('',#3317,.T.);
#3317 = EDGE_LOOP('',(#3318,#3319,#3340,#3361));
#3318 = ORIENTED_EDGE('',*,*,#3054,.F.);
#3319 = ORIENTED_EDGE('',*,*,#3320,.F.);
#3320 = EDGE_CURVE('',#3321,#3055,#3323,.T.);
#3321 = VERTEX_POINT('',#3322);
#3322 = CARTESIAN_POINT('',(3.75,2.375,15.));
#3323 = SURFACE_CURVE('',#3324,(#3328,#3334),.PCURVE_S1.);
#3324 = LINE('',#3325,#3326);
#3325 = CARTESIAN_POINT('',(3.75,-4.75,15.));
#3326 = VECTOR('',#3327,1.);
#3327 = DIRECTION('',(0.,-1.,0.));
#3328 = PCURVE('',#1821,#3329);
#3329 = DEFINITIONAL_REPRESENTATION('',(#3330),#3333);
#3330 = B_SPLINE_CURVE_WITH_KNOTS('',1,(#3331,#3332),.UNSPECIFIED.,.F.,
  .F.,(2,2),(-7.125,-2.375),.PIECEWISE_BEZIER_KNOTS.);
#3331 = CARTESIAN_POINT('',(9.,-6.375));
#3332 = CARTESIAN_POINT('',(9.,-1.625));
#3333 = ( GEOMETRIC_REPRESENTATION_CONTEXT(2) 
PARAMETRIC_REPRESENTATION_CONTEXT() REPRESENTATION_CONTEXT('2D SPACE',''
  ) );
#3334 = PCURVE('',#3094,#3335);
#3335 = DEFINITIONAL_REPRESENTATION('',(#3336),#3339);
#3336 = B_SPLINE_CURVE_WITH_KNOTS('',1,(#3337,#3338),.UNSPECIFIED.,.F.,
  .F.,(2,2),(-7.125,-2.375),.PIECEWISE_BEZIER_KNOTS.);
#3337 = CARTESIAN_POINT('',(9.75,7.875));
#3338 = CARTESIAN_POINT('',(9.75,3.125));
#3339 = ( GEOMETRIC_REPRESENTATION_CONTEXT(2) 
PARAMETRIC_REPRESENTATION_CONTEXT() REPRESENTATION_CONTEXT('2D SPACE',''
  ) );
#3340 = ORIENTED_EDGE('',*,*,#3341,.T.);
#3341 = EDGE_CURVE('',#3321,#1746,#3342,.T.);
#3342 = SURFACE_CURVE('',#3343,(#3347,#3354),.PCURVE_S1.);
#3343 = LINE('',#3344,#3345);
#3344 = CARTESIAN_POINT('',(3.75,2.375,6.));
#3345 = VECTOR('',#3346,1.);
#3346 = DIRECTION('',(0.,0.,1.));
#3347 = PCURVE('',#1821,#3348);
#3348 = DEFINITIONAL_REPRESENTATION('',(#3349),#3353);
#3349 = LINE('',#3350,#3351);
#3350 = CARTESIAN_POINT('',(0.,-6.375));
#3351 = VECTOR('',#3352,1.);
#3352 = DIRECTION('',(1.,0.));
#3353 = ( GEOMETRIC_REPRESENTATION_CONTEXT(2) 
PARAMETRIC_REPRESENTATION_CONTEXT() REPRESENTATION_CONTEXT('2D SPACE',''
  ) );
#3354 = PCURVE('',#1783,#3355);
#3355 = DEFINITIONAL_REPRESENTATION('',(#3356),#3360);
#3356 = LINE('',#3357,#3358);
#3357 = CARTESIAN_POINT('',(-0.,0.));
#3358 = VECTOR('',#3359,1.);
#3359 = DIRECTION('',(-0.,1.));
#3360 = ( GEOMETRIC_REPRESENTATION_CONTEXT(2) 
PARAMETRIC_REPRESENTATION_CONTEXT() REPRESENTATION_CONTEXT('2D SPACE',''
  ) );
#3361 = ORIENTED_EDGE('',*,*,#1806,.F.);
#3362 = ADVANCED_FACE('',(#3363),#1783,.F.);
#3363 = FACE_BOUND('',#3364,.T.);
#3364 = EDGE_LOOP('',(#3365,#3366,#3390,#3427,#3500,#3521));
#3365 = ORIENTED_EDGE('',*,*,#3341,.F.);
#3366 = ORIENTED_EDGE('',*,*,#3367,.F.);
#3367 = EDGE_CURVE('',#3368,#3321,#3370,.T.);
#3368 = VERTEX_POINT('',#3369);
#3369 = CARTESIAN_POINT('',(4.,3.241025403784,15.));
#3370 = SURFACE_CURVE('',#3371,(#3376,#3383),.PCURVE_S1.);
#3371 = CIRCLE('',#3372,1.625);
#3372 = AXIS2_PLACEMENT_3D('',#3373,#3374,#3375);
#3373 = CARTESIAN_POINT('',(5.375,2.375,15.));
#3374 = DIRECTION('',(0.,0.,1.));
#3375 = DIRECTION('',(-1.,-0.,0.));
#3376 = PCURVE('',#1783,#3377);
#3377 = DEFINITIONAL_REPRESENTATION('',(#3378),#3382);
#3378 = LINE('',#3379,#3380);
#3379 = CARTESIAN_POINT('',(-6.28318530718,9.));
#3380 = VECTOR('',#3381,1.);
#3381 = DIRECTION('',(1.,-0.));
#3382 = ( GEOMETRIC_REPRESENTATION_CONTEXT(2) 
PARAMETRIC_REPRESENTATION_CONTEXT() REPRESENTATION_CONTEXT('2D SPACE',''
  ) );
#3383 = PCURVE('',#3094,#3384);
#3384 = DEFINITIONAL_REPRESENTATION('',(#3385),#3389);
#3385 = CIRCLE('',#3386,1.625);
#3386 = AXIS2_PLACEMENT_2D('',#3387,#3388);
#3387 = CARTESIAN_POINT('',(11.375,7.875));
#3388 = DIRECTION('',(-1.,0.));
#3389 = ( GEOMETRIC_REPRESENTATION_CONTEXT(2) 
PARAMETRIC_REPRESENTATION_CONTEXT() REPRESENTATION_CONTEXT('2D SPACE',''
  ) );
#3390 = ORIENTED_EDGE('',*,*,#3391,.T.);
#3391 = EDGE_CURVE('',#3368,#3392,#3394,.T.);
#3392 = VERTEX_POINT('',#3393);
#3393 = CARTESIAN_POINT('',(4.202396060044,3.5,14.989732603864));
#3394 = SURFACE_CURVE('',#3395,(#3402,#3412),.PCURVE_S1.);
#3395 = B_SPLINE_CURVE_WITH_KNOTS('',5,(#3396,#3397,#3398,#3399,#3400,
    #3401),.UNSPECIFIED.,.F.,.F.,(6,6),(0.,1.),
  .PIECEWISE_BEZIER_KNOTS.);
#3396 = CARTESIAN_POINT('',(4.,3.241025403784,15.));
#3397 = CARTESIAN_POINT('',(4.034524116757,3.295839801068,15.));
#3398 = CARTESIAN_POINT('',(4.072063324819,3.349384094559,
    14.999255081838));
#3399 = CARTESIAN_POINT('',(4.112592588861,3.401419699417,
    14.997504837399));
#3400 = CARTESIAN_POINT('',(4.156062578257,3.451705984314,
    14.994445669876));
#3401 = CARTESIAN_POINT('',(4.202396635686,3.5000006,14.989732545309));
#3402 = PCURVE('',#1783,#3403);
#3403 = DEFINITIONAL_REPRESENTATION('',(#3404),#3411);
#3404 = B_SPLINE_CURVE_WITH_KNOTS('',5,(#3405,#3406,#3407,#3408,#3409,
    #3410),.UNSPECIFIED.,.F.,.F.,(6,6),(0.,1.),
  .PIECEWISE_BEZIER_KNOTS.);
#3405 = CARTESIAN_POINT('',(-0.562069803006,9.));
#3406 = CARTESIAN_POINT('',(-0.601934819212,9.));
#3407 = CARTESIAN_POINT('',(-0.642127314499,8.999255081838));
#3408 = CARTESIAN_POINT('',(-0.682646842343,8.997504837399));
#3409 = CARTESIAN_POINT('',(-0.723496882684,8.994445669876));
#3410 = CARTESIAN_POINT('',(-0.764682689545,8.989732545309));
#3411 = ( GEOMETRIC_REPRESENTATION_CONTEXT(2) 
PARAMETRIC_REPRESENTATION_CONTEXT() REPRESENTATION_CONTEXT('2D SPACE',''
  ) );
#3412 = PCURVE('',#3413,#3418);
#3413 = CYLINDRICAL_SURFACE('',#3414,2.);
#3414 = AXIS2_PLACEMENT_3D('',#3415,#3416,#3417);
#3415 = CARTESIAN_POINT('',(4.,-5.5,13.));
#3416 = DIRECTION('',(0.,1.,0.));
#3417 = DIRECTION('',(1.,0.,-0.));
#3418 = DEFINITIONAL_REPRESENTATION('',(#3419),#3426);
#3419 = B_SPLINE_CURVE_WITH_KNOTS('',5,(#3420,#3421,#3422,#3423,#3424,
    #3425),.UNSPECIFIED.,.F.,.F.,(6,6),(0.,1.),
  .PIECEWISE_BEZIER_KNOTS.);
#3420 = CARTESIAN_POINT('',(-1.570796326795,8.741025403784));
#3421 = CARTESIAN_POINT('',(-1.553534268417,8.795839801068));
#3422 = CARTESIAN_POINT('',(-1.534764678128,8.849384094559));
#3423 = CARTESIAN_POINT('',(-1.514489271014,8.901419699417));
#3424 = CARTESIAN_POINT('',(-1.492711053342,8.951705984314));
#3425 = CARTESIAN_POINT('',(-1.469424477697,9.0000006));
#3426 = ( GEOMETRIC_REPRESENTATION_CONTEXT(2) 
PARAMETRIC_REPRESENTATION_CONTEXT() REPRESENTATION_CONTEXT('2D SPACE',''
  ) );
#3427 = ORIENTED_EDGE('',*,*,#3428,.T.);
#3428 = EDGE_CURVE('',#3392,#3429,#3431,.T.);
#3429 = VERTEX_POINT('',#3430);
#3430 = CARTESIAN_POINT('',(5.375,4.,14.363589014329));
#3431 = SURFACE_CURVE('',#3432,(#3451,#3473),.PCURVE_S1.);
#3432 = B_SPLINE_CURVE_WITH_KNOTS('',5,(#3433,#3434,#3435,#3436,#3437,
    #3438,#3439,#3440,#3441,#3442,#3443,#3444,#3445,#3446,#3447,#3448,
    #3449,#3450),.UNSPECIFIED.,.F.,.F.,(6,4,4,4,6),(0.,0.246561056035,
    0.512213664041,0.738954045961,1.),.UNSPECIFIED.);
#3433 = CARTESIAN_POINT('',(4.202396060044,3.5,14.989732603864));
#3434 = CARTESIAN_POINT('',(4.254983374263,3.554812526084,
    14.984383410115));
#3435 = CARTESIAN_POINT('',(4.310513922793,3.606281597826,
    14.975091795589));
#3436 = CARTESIAN_POINT('',(4.368400508931,3.653923748617,
    14.961938075394));
#3437 = CARTESIAN_POINT('',(4.42798396176,3.697504976721,14.945113200415
    ));
#3438 = CARTESIAN_POINT('',(4.553948394521,3.779483873092,
    14.903045362219));
#3439 = CARTESIAN_POINT('',(4.620508579255,3.817225129427,
    14.877248185468));
#3440 = CARTESIAN_POINT('',(4.687513879157,3.850133356285,
    14.847772810978));
#3441 = CARTESIAN_POINT('',(4.754284099334,3.878418704024,
    14.814957655054));
#3442 = CARTESIAN_POINT('',(4.876622558195,3.922849211094,
    14.748502262295));
#3443 = CARTESIAN_POINT('',(4.932399879979,3.940166285855,
    14.715686551308));
#3444 = CARTESIAN_POINT('',(4.987294319458,3.954536758495,
    14.680841159614));
#3445 = CARTESIAN_POINT('',(5.041050345463,3.966205808061,
    14.644133978156));
#3446 = CARTESIAN_POINT('',(5.15382962711,3.986044434055,14.561458018508
    ));
#3447 = CARTESIAN_POINT('',(5.212415714608,3.993416875839,
    14.514930886256));
#3448 = CARTESIAN_POINT('',(5.268939461732,3.997934800235,
    14.466330933246));
#3449 = CARTESIAN_POINT('',(5.323185766341,4.,14.415836847462));
#3450 = CARTESIAN_POINT('',(5.375,4.,14.363589014329));
#3451 = PCURVE('',#1783,#3452);
#3452 = DEFINITIONAL_REPRESENTATION('',(#3453),#3472);
#3453 = B_SPLINE_CURVE_WITH_KNOTS('',5,(#3454,#3455,#3456,#3457,#3458,
    #3459,#3460,#3461,#3462,#3463,#3464,#3465,#3466,#3467,#3468,#3469,
    #3470,#3471),.UNSPECIFIED.,.F.,.F.,(6,4,4,4,6),(0.,0.246561056035,
    0.512213664041,0.738954045961,1.),.UNSPECIFIED.);
#3454 = CARTESIAN_POINT('',(-0.764682177863,8.989732603864));
#3455 = CARTESIAN_POINT('',(-0.811426457168,8.984383410115));
#3456 = CARTESIAN_POINT('',(-0.857939768652,8.975091795589));
#3457 = CARTESIAN_POINT('',(-0.90397125243,8.961938075394));
#3458 = CARTESIAN_POINT('',(-0.949332024576,8.945113200415));
#3459 = CARTESIAN_POINT('',(-1.041819189121,8.903045362219));
#3460 = CARTESIAN_POINT('',(-1.088817613753,8.877248185468));
#3461 = CARTESIAN_POINT('',(-1.134654686122,8.847772810978));
#3462 = CARTESIAN_POINT('',(-1.179218053026,8.814957655054));
#3463 = CARTESIAN_POINT('',(-1.259314488335,8.748502262295));
#3464 = CARTESIAN_POINT('',(-1.295214931233,8.715686551308));
#3465 = CARTESIAN_POINT('',(-1.330090437924,8.680841159614));
#3466 = CARTESIAN_POINT('',(-1.363914955783,8.644133978156));
#3467 = CARTESIAN_POINT('',(-1.434383178375,8.561458018508));
#3468 = CARTESIAN_POINT('',(-1.470676968092,8.514930886256));
#3469 = CARTESIAN_POINT('',(-1.505528288812,8.466330933246));
#3470 = CARTESIAN_POINT('',(-1.538910644543,8.415836847462));
#3471 = CARTESIAN_POINT('',(-1.570796326795,8.363589014329));
#3472 = ( GEOMETRIC_REPRESENTATION_CONTEXT(2) 
PARAMETRIC_REPRESENTATION_CONTEXT() REPRESENTATION_CONTEXT('2D SPACE',''
  ) );
#3473 = PCURVE('',#3474,#3479);
#3474 = SPHERICAL_SURFACE('',#3475,2.);
#3475 = AXIS2_PLACEMENT_3D('',#3476,#3477,#3478);
#3476 = CARTESIAN_POINT('',(4.,3.5,13.));
#3477 = DIRECTION('',(-0.,-1.,-0.));
#3478 = DIRECTION('',(1.,-0.,2.22044604925E-16));
#3479 = DEFINITIONAL_REPRESENTATION('',(#3480),#3499);
#3480 = B_SPLINE_CURVE_WITH_KNOTS('',5,(#3481,#3482,#3483,#3484,#3485,
    #3486,#3487,#3488,#3489,#3490,#3491,#3492,#3493,#3494,#3495,#3496,
    #3497,#3498),.UNSPECIFIED.,.F.,.F.,(6,4,4,4,6),(0.,0.246561056035,
    0.512213664041,0.738954045961,1.),.UNSPECIFIED.);
#3481 = CARTESIAN_POINT('',(1.469424767004,-2.22044604925E-16));
#3482 = CARTESIAN_POINT('',(1.442995429656,-2.740626304212E-02));
#3483 = CARTESIAN_POINT('',(1.41490273654,-5.314070129794E-02));
#3484 = CARTESIAN_POINT('',(1.38527910333,-7.700512591167E-02));
#3485 = CARTESIAN_POINT('',(1.354303942246,-9.889150265348E-02));
#3486 = CARTESIAN_POINT('',(1.287612852664,-0.140171726974));
#3487 = CARTESIAN_POINT('',(1.251710217603,-0.159244675824));
#3488 = CARTESIAN_POINT('',(1.214758485541,-0.175942486402));
#3489 = CARTESIAN_POINT('',(1.17703462232,-0.190341858833));
#3490 = CARTESIAN_POINT('',(1.106122817203,-0.213020869679));
#3491 = CARTESIAN_POINT('',(1.073079212316,-0.221888192659));
#3492 = CARTESIAN_POINT('',(1.039789876635,-0.229264753908));
#3493 = CARTESIAN_POINT('',(1.00637995393,-0.235264536727));
#3494 = CARTESIAN_POINT('',(0.934441337634,-0.245476575233));
#3495 = CARTESIAN_POINT('',(0.895905200184,-0.249280727946));
#3496 = CARTESIAN_POINT('',(0.857469540828,-0.251613797554));
#3497 = CARTESIAN_POINT('',(0.8192298726,-0.252680255142));
#3498 = CARTESIAN_POINT('',(0.781231448504,-0.252680255142));
#3499 = ( GEOMETRIC_REPRESENTATION_CONTEXT(2) 
PARAMETRIC_REPRESENTATION_CONTEXT() REPRESENTATION_CONTEXT('2D SPACE',''
  ) );
#3500 = ORIENTED_EDGE('',*,*,#3501,.T.);
#3501 = EDGE_CURVE('',#3429,#1720,#3502,.T.);
#3502 = SURFACE_CURVE('',#3503,(#3507,#3514),.PCURVE_S1.);
#3503 = LINE('',#3504,#3505);
#3504 = CARTESIAN_POINT('',(5.375,4.,6.));
#3505 = VECTOR('',#3506,1.);
#3506 = DIRECTION('',(0.,0.,1.));
#3507 = PCURVE('',#1783,#3508);
#3508 = DEFINITIONAL_REPRESENTATION('',(#3509),#3513);
#3509 = LINE('',#3510,#3511);
#3510 = CARTESIAN_POINT('',(-1.570796326795,0.));
#3511 = VECTOR('',#3512,1.);
#3512 = DIRECTION('',(-0.,1.));
#3513 = ( GEOMETRIC_REPRESENTATION_CONTEXT(2) 
PARAMETRIC_REPRESENTATION_CONTEXT() REPRESENTATION_CONTEXT('2D SPACE',''
  ) );
#3514 = PCURVE('',#1734,#3515);
#3515 = DEFINITIONAL_REPRESENTATION('',(#3516),#3520);
#3516 = LINE('',#3517,#3518);
#3517 = CARTESIAN_POINT('',(0.,1.625));
#3518 = VECTOR('',#3519,1.);
#3519 = DIRECTION('',(1.,0.));
#3520 = ( GEOMETRIC_REPRESENTATION_CONTEXT(2) 
PARAMETRIC_REPRESENTATION_CONTEXT() REPRESENTATION_CONTEXT('2D SPACE',''
  ) );
#3521 = ORIENTED_EDGE('',*,*,#1745,.F.);
#3522 = ADVANCED_FACE('',(#3523),#1734,.F.);
#3523 = FACE_BOUND('',#3524,.F.);
#3524 = EDGE_LOOP('',(#3525,#3555,#3581,#3607,#3608,#3609));
#3525 = ORIENTED_EDGE('',*,*,#3526,.F.);
#3526 = EDGE_CURVE('',#3527,#3529,#3531,.T.);
#3527 = VERTEX_POINT('',#3528);
#3528 = CARTESIAN_POINT('',(5.936491673104,4.,7.625));
#3529 = VERTEX_POINT('',#3530);
#3530 = CARTESIAN_POINT('',(8.625,4.,7.625));
#3531 = SURFACE_CURVE('',#3532,(#3536,#3543),.PCURVE_S1.);
#3532 = LINE('',#3533,#3534);
#3533 = CARTESIAN_POINT('',(3.75,4.,7.625));
#3534 = VECTOR('',#3535,1.);
#3535 = DIRECTION('',(1.,0.,0.));
#3536 = PCURVE('',#1734,#3537);
#3537 = DEFINITIONAL_REPRESENTATION('',(#3538),#3542);
#3538 = LINE('',#3539,#3540);
#3539 = CARTESIAN_POINT('',(1.625,0.));
#3540 = VECTOR('',#3541,1.);
#3541 = DIRECTION('',(0.,1.));
#3542 = ( GEOMETRIC_REPRESENTATION_CONTEXT(2) 
PARAMETRIC_REPRESENTATION_CONTEXT() REPRESENTATION_CONTEXT('2D SPACE',''
  ) );
#3543 = PCURVE('',#3544,#3549);
#3544 = CYLINDRICAL_SURFACE('',#3545,1.625);
#3545 = AXIS2_PLACEMENT_3D('',#3546,#3547,#3548);
#3546 = CARTESIAN_POINT('',(3.75,2.375,7.625));
#3547 = DIRECTION('',(1.,0.,0.));
#3548 = DIRECTION('',(-0.,1.,0.));
#3549 = DEFINITIONAL_REPRESENTATION('',(#3550),#3554);
#3550 = LINE('',#3551,#3552);
#3551 = CARTESIAN_POINT('',(-0.,0.));
#3552 = VECTOR('',#3553,1.);
#3553 = DIRECTION('',(-0.,1.));
#3554 = ( GEOMETRIC_REPRESENTATION_CONTEXT(2) 
PARAMETRIC_REPRESENTATION_CONTEXT() REPRESENTATION_CONTEXT('2D SPACE',''
  ) );
#3555 = ORIENTED_EDGE('',*,*,#3556,.T.);
#3556 = EDGE_CURVE('',#3527,#3557,#3559,.T.);
#3557 = VERTEX_POINT('',#3558);
#3558 = CARTESIAN_POINT('',(5.936491673104,4.,13.));
#3559 = SURFACE_CURVE('',#3560,(#3564,#3570),.PCURVE_S1.);
#3560 = LINE('',#3561,#3562);
#3561 = CARTESIAN_POINT('',(5.936491673104,4.,5.));
#3562 = VECTOR('',#3563,1.);
#3563 = DIRECTION('',(0.,0.,1.));
#3564 = PCURVE('',#1734,#3565);
#3565 = DEFINITIONAL_REPRESENTATION('',(#3566),#3569);
#3566 = B_SPLINE_CURVE_WITH_KNOTS('',1,(#3567,#3568),.UNSPECIFIED.,.F.,
  .F.,(2,2),(1.9999994,8.0000006),.PIECEWISE_BEZIER_KNOTS.);
#3567 = CARTESIAN_POINT('',(0.9999994,2.186491673104));
#3568 = CARTESIAN_POINT('',(7.0000006,2.186491673104));
#3569 = ( GEOMETRIC_REPRESENTATION_CONTEXT(2) 
PARAMETRIC_REPRESENTATION_CONTEXT() REPRESENTATION_CONTEXT('2D SPACE',''
  ) );
#3570 = PCURVE('',#3571,#3576);
#3571 = CYLINDRICAL_SURFACE('',#3572,2.);
#3572 = AXIS2_PLACEMENT_3D('',#3573,#3574,#3575);
#3573 = CARTESIAN_POINT('',(4.,3.5,5.));
#3574 = DIRECTION('',(0.,0.,1.));
#3575 = DIRECTION('',(1.,0.,-0.));
#3576 = DEFINITIONAL_REPRESENTATION('',(#3577),#3580);
#3577 = B_SPLINE_CURVE_WITH_KNOTS('',1,(#3578,#3579),.UNSPECIFIED.,.F.,
  .F.,(2,2),(1.9999994,8.0000006),.PIECEWISE_BEZIER_KNOTS.);
#3578 = CARTESIAN_POINT('',(0.252680255142,1.9999994));
#3579 = CARTESIAN_POINT('',(0.252680255142,8.0000006));
#3580 = ( GEOMETRIC_REPRESENTATION_CONTEXT(2) 
PARAMETRIC_REPRESENTATION_CONTEXT() REPRESENTATION_CONTEXT('2D SPACE',''
  ) );
#3581 = ORIENTED_EDGE('',*,*,#3582,.T.);
#3582 = EDGE_CURVE('',#3557,#3429,#3583,.T.);
#3583 = SURFACE_CURVE('',#3584,(#3589,#3600),.PCURVE_S1.);
#3584 = CIRCLE('',#3585,1.936491673104);
#3585 = AXIS2_PLACEMENT_3D('',#3586,#3587,#3588);
#3586 = CARTESIAN_POINT('',(4.,4.,13.));
#3587 = DIRECTION('',(-0.,-1.,0.));
#3588 = DIRECTION('',(1.,-0.,2.22044604925E-16));
#3589 = PCURVE('',#1734,#3590);
#3590 = DEFINITIONAL_REPRESENTATION('',(#3591),#3599);
#3591 = ( BOUNDED_CURVE() B_SPLINE_CURVE(2,(#3592,#3593,#3594,#3595,
#3596,#3597,#3598),.UNSPECIFIED.,.T.,.F.) B_SPLINE_CURVE_WITH_KNOTS((1,2
    ,2,2,2,1),(-2.094395102393,0.,2.094395102393,4.188790204786,
6.28318530718,8.377580409573),.UNSPECIFIED.) CURVE() 
GEOMETRIC_REPRESENTATION_ITEM() RATIONAL_B_SPLINE_CURVE((1.,0.5,1.,0.5,
1.,0.5,1.)) REPRESENTATION_ITEM('') );
#3592 = CARTESIAN_POINT('',(7.,2.186491673104));
#3593 = CARTESIAN_POINT('',(10.35410196625,2.186491673104));
#3594 = CARTESIAN_POINT('',(8.677050983125,-0.718245836552));
#3595 = CARTESIAN_POINT('',(7.,-3.622983346207));
#3596 = CARTESIAN_POINT('',(5.322949016875,-0.718245836552));
#3597 = CARTESIAN_POINT('',(3.64589803375,2.186491673104));
#3598 = CARTESIAN_POINT('',(7.,2.186491673104));
#3599 = ( GEOMETRIC_REPRESENTATION_CONTEXT(2) 
PARAMETRIC_REPRESENTATION_CONTEXT() REPRESENTATION_CONTEXT('2D SPACE',''
  ) );
#3600 = PCURVE('',#3474,#3601);
#3601 = DEFINITIONAL_REPRESENTATION('',(#3602),#3606);
#3602 = LINE('',#3603,#3604);
#3603 = CARTESIAN_POINT('',(0.,-0.252680255142));
#3604 = VECTOR('',#3605,1.);
#3605 = DIRECTION('',(1.,0.));
#3606 = ( GEOMETRIC_REPRESENTATION_CONTEXT(2) 
PARAMETRIC_REPRESENTATION_CONTEXT() REPRESENTATION_CONTEXT('2D SPACE',''
  ) );
#3607 = ORIENTED_EDGE('',*,*,#3501,.T.);
#3608 = ORIENTED_EDGE('',*,*,#1719,.T.);
#3609 = ORIENTED_EDGE('',*,*,#3610,.F.);
#3610 = EDGE_CURVE('',#3529,#1659,#3611,.T.);
#3611 = SURFACE_CURVE('',#3612,(#3616,#3623),.PCURVE_S1.);
#3612 = LINE('',#3613,#3614);
#3613 = CARTESIAN_POINT('',(8.625,4.,6.));
#3614 = VECTOR('',#3615,1.);
#3615 = DIRECTION('',(0.,0.,1.));
#3616 = PCURVE('',#1734,#3617);
#3617 = DEFINITIONAL_REPRESENTATION('',(#3618),#3622);
#3618 = LINE('',#3619,#3620);
#3619 = CARTESIAN_POINT('',(0.,4.875));
#3620 = VECTOR('',#3621,1.);
#3621 = DIRECTION('',(1.,0.));
#3622 = ( GEOMETRIC_REPRESENTATION_CONTEXT(2) 
PARAMETRIC_REPRESENTATION_CONTEXT() REPRESENTATION_CONTEXT('2D SPACE',''
  ) );
#3623 = PCURVE('',#1696,#3624);
#3624 = DEFINITIONAL_REPRESENTATION('',(#3625),#3629);
#3625 = LINE('',#3626,#3627);
#3626 = CARTESIAN_POINT('',(1.570796326795,0.));
#3627 = VECTOR('',#3628,1.);
#3628 = DIRECTION('',(0.,1.));
#3629 = ( GEOMETRIC_REPRESENTATION_CONTEXT(2) 
PARAMETRIC_REPRESENTATION_CONTEXT() REPRESENTATION_CONTEXT('2D SPACE',''
  ) );
#3630 = ADVANCED_FACE('',(#3631),#1696,.F.);
#3631 = FACE_BOUND('',#3632,.F.);
#3632 = EDGE_LOOP('',(#3633,#3656,#3683,#3684));
#3633 = ORIENTED_EDGE('',*,*,#3634,.F.);
#3634 = EDGE_CURVE('',#3635,#1630,#3637,.T.);
#3635 = VERTEX_POINT('',#3636);
#3636 = CARTESIAN_POINT('',(10.25,2.375,7.625));
#3637 = SURFACE_CURVE('',#3638,(#3642,#3649),.PCURVE_S1.);
#3638 = LINE('',#3639,#3640);
#3639 = CARTESIAN_POINT('',(10.25,2.375,6.));
#3640 = VECTOR('',#3641,1.);
#3641 = DIRECTION('',(0.,0.,1.));
#3642 = PCURVE('',#1696,#3643);
#3643 = DEFINITIONAL_REPRESENTATION('',(#3644),#3648);
#3644 = LINE('',#3645,#3646);
#3645 = CARTESIAN_POINT('',(0.,0.));
#3646 = VECTOR('',#3647,1.);
#3647 = DIRECTION('',(0.,1.));
#3648 = ( GEOMETRIC_REPRESENTATION_CONTEXT(2) 
PARAMETRIC_REPRESENTATION_CONTEXT() REPRESENTATION_CONTEXT('2D SPACE',''
  ) );
#3649 = PCURVE('',#1646,#3650);
#3650 = DEFINITIONAL_REPRESENTATION('',(#3651),#3655);
#3651 = LINE('',#3652,#3653);
#3652 = CARTESIAN_POINT('',(0.,-6.375));
#3653 = VECTOR('',#3654,1.);
#3654 = DIRECTION('',(1.,0.));
#3655 = ( GEOMETRIC_REPRESENTATION_CONTEXT(2) 
PARAMETRIC_REPRESENTATION_CONTEXT() REPRESENTATION_CONTEXT('2D SPACE',''
  ) );
#3656 = ORIENTED_EDGE('',*,*,#3657,.T.);
#3657 = EDGE_CURVE('',#3635,#3529,#3658,.T.);
#3658 = SURFACE_CURVE('',#3659,(#3664,#3671),.PCURVE_S1.);
#3659 = CIRCLE('',#3660,1.625);
#3660 = AXIS2_PLACEMENT_3D('',#3661,#3662,#3663);
#3661 = CARTESIAN_POINT('',(8.625,2.375,7.625));
#3662 = DIRECTION('',(0.,0.,1.));
#3663 = DIRECTION('',(1.,0.,-0.));
#3664 = PCURVE('',#1696,#3665);
#3665 = DEFINITIONAL_REPRESENTATION('',(#3666),#3670);
#3666 = LINE('',#3667,#3668);
#3667 = CARTESIAN_POINT('',(0.,1.625));
#3668 = VECTOR('',#3669,1.);
#3669 = DIRECTION('',(1.,0.));
#3670 = ( GEOMETRIC_REPRESENTATION_CONTEXT(2) 
PARAMETRIC_REPRESENTATION_CONTEXT() REPRESENTATION_CONTEXT('2D SPACE',''
  ) );
#3671 = PCURVE('',#3672,#3677);
#3672 = SPHERICAL_SURFACE('',#3673,1.625);
#3673 = AXIS2_PLACEMENT_3D('',#3674,#3675,#3676);
#3674 = CARTESIAN_POINT('',(8.625,2.375,7.625));
#3675 = DIRECTION('',(0.,0.,1.));
#3676 = DIRECTION('',(1.,0.,-0.));
#3677 = DEFINITIONAL_REPRESENTATION('',(#3678),#3682);
#3678 = LINE('',#3679,#3680);
#3679 = CARTESIAN_POINT('',(0.,0.));
#3680 = VECTOR('',#3681,1.);
#3681 = DIRECTION('',(1.,0.));
#3682 = ( GEOMETRIC_REPRESENTATION_CONTEXT(2) 
PARAMETRIC_REPRESENTATION_CONTEXT() REPRESENTATION_CONTEXT('2D SPACE',''
  ) );
#3683 = ORIENTED_EDGE('',*,*,#3610,.T.);
#3684 = ORIENTED_EDGE('',*,*,#1658,.F.);
#3685 = ADVANCED_FACE('',(#3686),#1646,.F.);
#3686 = FACE_BOUND('',#3687,.F.);
#3687 = EDGE_LOOP('',(#3688,#3711,#3737,#3738));
#3688 = ORIENTED_EDGE('',*,*,#3689,.F.);
#3689 = EDGE_CURVE('',#3690,#1569,#3692,.T.);
#3690 = VERTEX_POINT('',#3691);
#3691 = CARTESIAN_POINT('',(10.25,-2.375,7.625));
#3692 = SURFACE_CURVE('',#3693,(#3697,#3704),.PCURVE_S1.);
#3693 = LINE('',#3694,#3695);
#3694 = CARTESIAN_POINT('',(10.25,-2.375,6.));
#3695 = VECTOR('',#3696,1.);
#3696 = DIRECTION('',(0.,0.,1.));
#3697 = PCURVE('',#1646,#3698);
#3698 = DEFINITIONAL_REPRESENTATION('',(#3699),#3703);
#3699 = LINE('',#3700,#3701);
#3700 = CARTESIAN_POINT('',(0.,-1.625));
#3701 = VECTOR('',#3702,1.);
#3702 = DIRECTION('',(1.,0.));
#3703 = ( GEOMETRIC_REPRESENTATION_CONTEXT(2) 
PARAMETRIC_REPRESENTATION_CONTEXT() REPRESENTATION_CONTEXT('2D SPACE',''
  ) );
#3704 = PCURVE('',#1606,#3705);
#3705 = DEFINITIONAL_REPRESENTATION('',(#3706),#3710);
#3706 = LINE('',#3707,#3708);
#3707 = CARTESIAN_POINT('',(-0.,0.));
#3708 = VECTOR('',#3709,1.);
#3709 = DIRECTION('',(-0.,1.));
#3710 = ( GEOMETRIC_REPRESENTATION_CONTEXT(2) 
PARAMETRIC_REPRESENTATION_CONTEXT() REPRESENTATION_CONTEXT('2D SPACE',''
  ) );
#3711 = ORIENTED_EDGE('',*,*,#3712,.T.);
#3712 = EDGE_CURVE('',#3690,#3635,#3713,.T.);
#3713 = SURFACE_CURVE('',#3714,(#3718,#3725),.PCURVE_S1.);
#3714 = LINE('',#3715,#3716);
#3715 = CARTESIAN_POINT('',(10.25,-4.,7.625));
#3716 = VECTOR('',#3717,1.);
#3717 = DIRECTION('',(0.,1.,0.));
#3718 = PCURVE('',#1646,#3719);
#3719 = DEFINITIONAL_REPRESENTATION('',(#3720),#3724);
#3720 = LINE('',#3721,#3722);
#3721 = CARTESIAN_POINT('',(1.625,0.));
#3722 = VECTOR('',#3723,1.);
#3723 = DIRECTION('',(0.,-1.));
#3724 = ( GEOMETRIC_REPRESENTATION_CONTEXT(2) 
PARAMETRIC_REPRESENTATION_CONTEXT() REPRESENTATION_CONTEXT('2D SPACE',''
  ) );
#3725 = PCURVE('',#3726,#3731);
#3726 = CYLINDRICAL_SURFACE('',#3727,1.625);
#3727 = AXIS2_PLACEMENT_3D('',#3728,#3729,#3730);
#3728 = CARTESIAN_POINT('',(8.625,-4.,7.625));
#3729 = DIRECTION('',(0.,1.,0.));
#3730 = DIRECTION('',(1.,0.,-0.));
#3731 = DEFINITIONAL_REPRESENTATION('',(#3732),#3736);
#3732 = LINE('',#3733,#3734);
#3733 = CARTESIAN_POINT('',(0.,0.));
#3734 = VECTOR('',#3735,1.);
#3735 = DIRECTION('',(0.,1.));
#3736 = ( GEOMETRIC_REPRESENTATION_CONTEXT(2) 
PARAMETRIC_REPRESENTATION_CONTEXT() REPRESENTATION_CONTEXT('2D SPACE',''
  ) );
#3737 = ORIENTED_EDGE('',*,*,#3634,.T.);
#3738 = ORIENTED_EDGE('',*,*,#1629,.F.);
#3739 = ADVANCED_FACE('',(#3740),#1606,.F.);
#3740 = FACE_BOUND('',#3741,.T.);
#3741 = EDGE_LOOP('',(#3742,#3743,#3772,#3793));
#3742 = ORIENTED_EDGE('',*,*,#3689,.F.);
#3743 = ORIENTED_EDGE('',*,*,#3744,.T.);
#3744 = EDGE_CURVE('',#3690,#3745,#3747,.T.);
#3745 = VERTEX_POINT('',#3746);
#3746 = CARTESIAN_POINT('',(8.625,-4.,7.625));
#3747 = SURFACE_CURVE('',#3748,(#3753,#3760),.PCURVE_S1.);
#3748 = CIRCLE('',#3749,1.625);
#3749 = AXIS2_PLACEMENT_3D('',#3750,#3751,#3752);
#3750 = CARTESIAN_POINT('',(8.625,-2.375,7.625));
#3751 = DIRECTION('',(0.,-0.,-1.));
#3752 = DIRECTION('',(1.,0.,-0.));
#3753 = PCURVE('',#1606,#3754);
#3754 = DEFINITIONAL_REPRESENTATION('',(#3755),#3759);
#3755 = LINE('',#3756,#3757);
#3756 = CARTESIAN_POINT('',(-0.,1.625));
#3757 = VECTOR('',#3758,1.);
#3758 = DIRECTION('',(-1.,0.));
#3759 = ( GEOMETRIC_REPRESENTATION_CONTEXT(2) 
PARAMETRIC_REPRESENTATION_CONTEXT() REPRESENTATION_CONTEXT('2D SPACE',''
  ) );
#3760 = PCURVE('',#3761,#3766);
#3761 = SPHERICAL_SURFACE('',#3762,1.625);
#3762 = AXIS2_PLACEMENT_3D('',#3763,#3764,#3765);
#3763 = CARTESIAN_POINT('',(8.625,-2.375,7.625));
#3764 = DIRECTION('',(0.,0.,1.));
#3765 = DIRECTION('',(1.,0.,-0.));
#3766 = DEFINITIONAL_REPRESENTATION('',(#3767),#3771);
#3767 = LINE('',#3768,#3769);
#3768 = CARTESIAN_POINT('',(-0.,0.));
#3769 = VECTOR('',#3770,1.);
#3770 = DIRECTION('',(-1.,0.));
#3771 = ( GEOMETRIC_REPRESENTATION_CONTEXT(2) 
PARAMETRIC_REPRESENTATION_CONTEXT() REPRESENTATION_CONTEXT('2D SPACE',''
  ) );
#3772 = ORIENTED_EDGE('',*,*,#3773,.T.);
#3773 = EDGE_CURVE('',#3745,#1543,#3774,.T.);
#3774 = SURFACE_CURVE('',#3775,(#3779,#3786),.PCURVE_S1.);
#3775 = LINE('',#3776,#3777);
#3776 = CARTESIAN_POINT('',(8.625,-4.,6.));
#3777 = VECTOR('',#3778,1.);
#3778 = DIRECTION('',(0.,0.,1.));
#3779 = PCURVE('',#1606,#3780);
#3780 = DEFINITIONAL_REPRESENTATION('',(#3781),#3785);
#3781 = LINE('',#3782,#3783);
#3782 = CARTESIAN_POINT('',(-1.570796326795,0.));
#3783 = VECTOR('',#3784,1.);
#3784 = DIRECTION('',(-0.,1.));
#3785 = ( GEOMETRIC_REPRESENTATION_CONTEXT(2) 
PARAMETRIC_REPRESENTATION_CONTEXT() REPRESENTATION_CONTEXT('2D SPACE',''
  ) );
#3786 = PCURVE('',#1557,#3787);
#3787 = DEFINITIONAL_REPRESENTATION('',(#3788),#3792);
#3788 = LINE('',#3789,#3790);
#3789 = CARTESIAN_POINT('',(0.,4.875));
#3790 = VECTOR('',#3791,1.);
#3791 = DIRECTION('',(1.,0.));
#3792 = ( GEOMETRIC_REPRESENTATION_CONTEXT(2) 
PARAMETRIC_REPRESENTATION_CONTEXT() REPRESENTATION_CONTEXT('2D SPACE',''
  ) );
#3793 = ORIENTED_EDGE('',*,*,#1568,.F.);
#3794 = ADVANCED_FACE('',(#3795),#1557,.T.);
#3795 = FACE_BOUND('',#3796,.T.);
#3796 = EDGE_LOOP('',(#3797,#3827,#3828,#3829,#3830,#3858));
#3797 = ORIENTED_EDGE('',*,*,#3798,.F.);
#3798 = EDGE_CURVE('',#3144,#3799,#3801,.T.);
#3799 = VERTEX_POINT('',#3800);
#3800 = CARTESIAN_POINT('',(5.936491673104,-4.,13.));
#3801 = SURFACE_CURVE('',#3802,(#3807,#3814),.PCURVE_S1.);
#3802 = CIRCLE('',#3803,1.936491673104);
#3803 = AXIS2_PLACEMENT_3D('',#3804,#3805,#3806);
#3804 = CARTESIAN_POINT('',(4.,-4.,13.));
#3805 = DIRECTION('',(0.,1.,0.));
#3806 = DIRECTION('',(0.,-0.,1.));
#3807 = PCURVE('',#1557,#3808);
#3808 = DEFINITIONAL_REPRESENTATION('',(#3809),#3813);
#3809 = CIRCLE('',#3810,1.936491673104);
#3810 = AXIS2_PLACEMENT_2D('',#3811,#3812);
#3811 = CARTESIAN_POINT('',(7.,0.25));
#3812 = DIRECTION('',(1.,0.));
#3813 = ( GEOMETRIC_REPRESENTATION_CONTEXT(2) 
PARAMETRIC_REPRESENTATION_CONTEXT() REPRESENTATION_CONTEXT('2D SPACE',''
  ) );
#3814 = PCURVE('',#3241,#3815);
#3815 = DEFINITIONAL_REPRESENTATION('',(#3816),#3826);
#3816 = B_SPLINE_CURVE_WITH_KNOTS('',8,(#3817,#3818,#3819,#3820,#3821,
    #3822,#3823,#3824,#3825),.UNSPECIFIED.,.F.,.F.,(9,9),(0.789564878291
    ,1.570796326795),.PIECEWISE_BEZIER_KNOTS.);
#3817 = CARTESIAN_POINT('',(0.348771003584,-0.750212880904));
#3818 = CARTESIAN_POINT('',(0.317667978158,-0.658438358713));
#3819 = CARTESIAN_POINT('',(0.296144819793,-0.565477786637));
#3820 = CARTESIAN_POINT('',(0.280281224861,-0.471890634711));
#3821 = CARTESIAN_POINT('',(0.268769929774,-0.377866313936));
#3822 = CARTESIAN_POINT('',(0.260589816047,-0.2835740211));
#3823 = CARTESIAN_POINT('',(0.255319246731,-0.189105872071));
#3824 = CARTESIAN_POINT('',(0.252680255142,-9.455301217467E-02));
#3825 = CARTESIAN_POINT('',(0.252680255142,0.));
#3826 = ( GEOMETRIC_REPRESENTATION_CONTEXT(2) 
PARAMETRIC_REPRESENTATION_CONTEXT() REPRESENTATION_CONTEXT('2D SPACE',''
  ) );
#3827 = ORIENTED_EDGE('',*,*,#3294,.T.);
#3828 = ORIENTED_EDGE('',*,*,#1542,.T.);
#3829 = ORIENTED_EDGE('',*,*,#3773,.F.);
#3830 = ORIENTED_EDGE('',*,*,#3831,.F.);
#3831 = EDGE_CURVE('',#3832,#3745,#3834,.T.);
#3832 = VERTEX_POINT('',#3833);
#3833 = CARTESIAN_POINT('',(5.936491673104,-4.,7.625));
#3834 = SURFACE_CURVE('',#3835,(#3839,#3846),.PCURVE_S1.);
#3835 = LINE('',#3836,#3837);
#3836 = CARTESIAN_POINT('',(3.75,-4.,7.625));
#3837 = VECTOR('',#3838,1.);
#3838 = DIRECTION('',(1.,0.,0.));
#3839 = PCURVE('',#1557,#3840);
#3840 = DEFINITIONAL_REPRESENTATION('',(#3841),#3845);
#3841 = LINE('',#3842,#3843);
#3842 = CARTESIAN_POINT('',(1.625,0.));
#3843 = VECTOR('',#3844,1.);
#3844 = DIRECTION('',(0.,1.));
#3845 = ( GEOMETRIC_REPRESENTATION_CONTEXT(2) 
PARAMETRIC_REPRESENTATION_CONTEXT() REPRESENTATION_CONTEXT('2D SPACE',''
  ) );
#3846 = PCURVE('',#3847,#3852);
#3847 = CYLINDRICAL_SURFACE('',#3848,1.625);
#3848 = AXIS2_PLACEMENT_3D('',#3849,#3850,#3851);
#3849 = CARTESIAN_POINT('',(3.75,-2.375,7.625));
#3850 = DIRECTION('',(1.,0.,0.));
#3851 = DIRECTION('',(0.,-1.,0.));
#3852 = DEFINITIONAL_REPRESENTATION('',(#3853),#3857);
#3853 = LINE('',#3854,#3855);
#3854 = CARTESIAN_POINT('',(0.,0.));
#3855 = VECTOR('',#3856,1.);
#3856 = DIRECTION('',(0.,1.));
#3857 = ( GEOMETRIC_REPRESENTATION_CONTEXT(2) 
PARAMETRIC_REPRESENTATION_CONTEXT() REPRESENTATION_CONTEXT('2D SPACE',''
  ) );
#3858 = ORIENTED_EDGE('',*,*,#3859,.T.);
#3859 = EDGE_CURVE('',#3832,#3799,#3860,.T.);
#3860 = SURFACE_CURVE('',#3861,(#3865,#3871),.PCURVE_S1.);
#3861 = LINE('',#3862,#3863);
#3862 = CARTESIAN_POINT('',(5.936491673104,-4.,5.));
#3863 = VECTOR('',#3864,1.);
#3864 = DIRECTION('',(0.,0.,1.));
#3865 = PCURVE('',#1557,#3866);
#3866 = DEFINITIONAL_REPRESENTATION('',(#3867),#3870);
#3867 = B_SPLINE_CURVE_WITH_KNOTS('',1,(#3868,#3869),.UNSPECIFIED.,.F.,
  .F.,(2,2),(1.9999994,8.0000006),.PIECEWISE_BEZIER_KNOTS.);
#3868 = CARTESIAN_POINT('',(0.9999994,2.186491673104));
#3869 = CARTESIAN_POINT('',(7.0000006,2.186491673104));
#3870 = ( GEOMETRIC_REPRESENTATION_CONTEXT(2) 
PARAMETRIC_REPRESENTATION_CONTEXT() REPRESENTATION_CONTEXT('2D SPACE',''
  ) );
#3871 = PCURVE('',#3872,#3877);
#3872 = CYLINDRICAL_SURFACE('',#3873,2.);
#3873 = AXIS2_PLACEMENT_3D('',#3874,#3875,#3876);
#3874 = CARTESIAN_POINT('',(4.,-3.5,5.));
#3875 = DIRECTION('',(0.,0.,1.));
#3876 = DIRECTION('',(1.,0.,-0.));
#3877 = DEFINITIONAL_REPRESENTATION('',(#3878),#3881);
#3878 = B_SPLINE_CURVE_WITH_KNOTS('',1,(#3879,#3880),.UNSPECIFIED.,.F.,
  .F.,(2,2),(1.9999994,8.0000006),.PIECEWISE_BEZIER_KNOTS.);
#3879 = CARTESIAN_POINT('',(-0.252680255142,1.9999994));
#3880 = CARTESIAN_POINT('',(-0.252680255142,8.0000006));
#3881 = ( GEOMETRIC_REPRESENTATION_CONTEXT(2) 
PARAMETRIC_REPRESENTATION_CONTEXT() REPRESENTATION_CONTEXT('2D SPACE',''
  ) );
#3882 = ADVANCED_FACE('',(#3883),#1882,.T.);
#3883 = FACE_BOUND('',#3884,.T.);
#3884 = EDGE_LOOP('',(#3885,#3911,#3912,#3913));
#3885 = ORIENTED_EDGE('',*,*,#3886,.F.);
#3886 = EDGE_CURVE('',#1838,#2574,#3887,.T.);
#3887 = SURFACE_CURVE('',#3888,(#3892,#3899),.PCURVE_S1.);
#3888 = LINE('',#3889,#3890);
#3889 = CARTESIAN_POINT('',(-12.7,10.7,4.));
#3890 = VECTOR('',#3891,1.);
#3891 = DIRECTION('',(1.,0.,0.));
#3892 = PCURVE('',#1882,#3893);
#3893 = DEFINITIONAL_REPRESENTATION('',(#3894),#3898);
#3894 = LINE('',#3895,#3896);
#3895 = CARTESIAN_POINT('',(4.,0.));
#3896 = VECTOR('',#3897,1.);
#3897 = DIRECTION('',(0.,1.));
#3898 = ( GEOMETRIC_REPRESENTATION_CONTEXT(2) 
PARAMETRIC_REPRESENTATION_CONTEXT() REPRESENTATION_CONTEXT('2D SPACE',''
  ) );
#3899 = PCURVE('',#3900,#3905);
#3900 = CYLINDRICAL_SURFACE('',#3901,4.);
#3901 = AXIS2_PLACEMENT_3D('',#3902,#3903,#3904);
#3902 = CARTESIAN_POINT('',(-12.7,6.7,4.));
#3903 = DIRECTION('',(1.,0.,0.));
#3904 = DIRECTION('',(-0.,1.,0.));
#3905 = DEFINITIONAL_REPRESENTATION('',(#3906),#3910);
#3906 = LINE('',#3907,#3908);
#3907 = CARTESIAN_POINT('',(-0.,0.));
#3908 = VECTOR('',#3909,1.);
#3909 = DIRECTION('',(-0.,1.));
#3910 = ( GEOMETRIC_REPRESENTATION_CONTEXT(2) 
PARAMETRIC_REPRESENTATION_CONTEXT() REPRESENTATION_CONTEXT('2D SPACE',''
  ) );
#3911 = ORIENTED_EDGE('',*,*,#1866,.T.);
#3912 = ORIENTED_EDGE('',*,*,#2742,.T.);
#3913 = ORIENTED_EDGE('',*,*,#2602,.F.);
#3914 = ADVANCED_FACE('',(#3915),#1854,.T.);
#3915 = FACE_BOUND('',#3916,.F.);
#3916 = EDGE_LOOP('',(#3917,#3918,#3940));
#3917 = ORIENTED_EDGE('',*,*,#1995,.F.);
#3918 = ORIENTED_EDGE('',*,*,#3919,.T.);
#3919 = EDGE_CURVE('',#1968,#1838,#3920,.T.);
#3920 = SURFACE_CURVE('',#3921,(#3926,#3933),.PCURVE_S1.);
#3921 = CIRCLE('',#3922,4.);
#3922 = AXIS2_PLACEMENT_3D('',#3923,#3924,#3925);
#3923 = CARTESIAN_POINT('',(-8.7,6.7,4.));
#3924 = DIRECTION('',(1.,6.123233995737E-17,-0.));
#3925 = DIRECTION('',(-6.123233995737E-17,1.,0.));
#3926 = PCURVE('',#1854,#3927);
#3927 = DEFINITIONAL_REPRESENTATION('',(#3928),#3932);
#3928 = LINE('',#3929,#3930);
#3929 = CARTESIAN_POINT('',(-1.570796326795,-6.28318530718));
#3930 = VECTOR('',#3931,1.);
#3931 = DIRECTION('',(-0.,1.));
#3932 = ( GEOMETRIC_REPRESENTATION_CONTEXT(2) 
PARAMETRIC_REPRESENTATION_CONTEXT() REPRESENTATION_CONTEXT('2D SPACE',''
  ) );
#3933 = PCURVE('',#3900,#3934);
#3934 = DEFINITIONAL_REPRESENTATION('',(#3935),#3939);
#3935 = LINE('',#3936,#3937);
#3936 = CARTESIAN_POINT('',(-6.28318530718,4.));
#3937 = VECTOR('',#3938,1.);
#3938 = DIRECTION('',(1.,-0.));
#3939 = ( GEOMETRIC_REPRESENTATION_CONTEXT(2) 
PARAMETRIC_REPRESENTATION_CONTEXT() REPRESENTATION_CONTEXT('2D SPACE',''
  ) );
#3940 = ORIENTED_EDGE('',*,*,#1837,.F.);
#3941 = ADVANCED_FACE('',(#3942,#4012),#1983,.F.);
#3942 = FACE_BOUND('',#3943,.F.);
#3943 = EDGE_LOOP('',(#3944,#3945,#3968,#3991));
#3944 = ORIENTED_EDGE('',*,*,#1967,.F.);
#3945 = ORIENTED_EDGE('',*,*,#3946,.T.);
#3946 = EDGE_CURVE('',#1944,#3947,#3949,.T.);
#3947 = VERTEX_POINT('',#3948);
#3948 = CARTESIAN_POINT('',(8.7,-6.7,0.));
#3949 = SURFACE_CURVE('',#3950,(#3954,#3961),.PCURVE_S1.);
#3950 = LINE('',#3951,#3952);
#3951 = CARTESIAN_POINT('',(-12.7,-6.7,0.));
#3952 = VECTOR('',#3953,1.);
#3953 = DIRECTION('',(1.,0.,0.));
#3954 = PCURVE('',#1983,#3955);
#3955 = DEFINITIONAL_REPRESENTATION('',(#3956),#3960);
#3956 = LINE('',#3957,#3958);
#3957 = CARTESIAN_POINT('',(0.,4.));
#3958 = VECTOR('',#3959,1.);
#3959 = DIRECTION('',(1.,0.));
#3960 = ( GEOMETRIC_REPRESENTATION_CONTEXT(2) 
PARAMETRIC_REPRESENTATION_CONTEXT() REPRESENTATION_CONTEXT('2D SPACE',''
  ) );
#3961 = PCURVE('',#2204,#3962);
#3962 = DEFINITIONAL_REPRESENTATION('',(#3963),#3967);
#3963 = LINE('',#3964,#3965);
#3964 = CARTESIAN_POINT('',(1.570796326795,0.));
#3965 = VECTOR('',#3966,1.);
#3966 = DIRECTION('',(0.,1.));
#3967 = ( GEOMETRIC_REPRESENTATION_CONTEXT(2) 
PARAMETRIC_REPRESENTATION_CONTEXT() REPRESENTATION_CONTEXT('2D SPACE',''
  ) );
#3968 = ORIENTED_EDGE('',*,*,#3969,.T.);
#3969 = EDGE_CURVE('',#3947,#3970,#3972,.T.);
#3970 = VERTEX_POINT('',#3971);
#3971 = CARTESIAN_POINT('',(8.7,6.7,0.));
#3972 = SURFACE_CURVE('',#3973,(#3977,#3984),.PCURVE_S1.);
#3973 = LINE('',#3974,#3975);
#3974 = CARTESIAN_POINT('',(8.7,-10.7,0.));
#3975 = VECTOR('',#3976,1.);
#3976 = DIRECTION('',(0.,1.,0.));
#3977 = PCURVE('',#1983,#3978);
#3978 = DEFINITIONAL_REPRESENTATION('',(#3979),#3983);
#3979 = LINE('',#3980,#3981);
#3980 = CARTESIAN_POINT('',(21.4,0.));
#3981 = VECTOR('',#3982,1.);
#3982 = DIRECTION('',(0.,1.));
#3983 = ( GEOMETRIC_REPRESENTATION_CONTEXT(2) 
PARAMETRIC_REPRESENTATION_CONTEXT() REPRESENTATION_CONTEXT('2D SPACE',''
  ) );
#3984 = PCURVE('',#2535,#3985);
#3985 = DEFINITIONAL_REPRESENTATION('',(#3986),#3990);
#3986 = LINE('',#3987,#3988);
#3987 = CARTESIAN_POINT('',(1.570796326795,0.));
#3988 = VECTOR('',#3989,1.);
#3989 = DIRECTION('',(0.,1.));
#3990 = ( GEOMETRIC_REPRESENTATION_CONTEXT(2) 
PARAMETRIC_REPRESENTATION_CONTEXT() REPRESENTATION_CONTEXT('2D SPACE',''
  ) );
#3991 = ORIENTED_EDGE('',*,*,#3992,.F.);
#3992 = EDGE_CURVE('',#1968,#3970,#3993,.T.);
#3993 = SURFACE_CURVE('',#3994,(#3998,#4005),.PCURVE_S1.);
#3994 = LINE('',#3995,#3996);
#3995 = CARTESIAN_POINT('',(-12.7,6.7,0.));
#3996 = VECTOR('',#3997,1.);
#3997 = DIRECTION('',(1.,0.,0.));
#3998 = PCURVE('',#1983,#3999);
#3999 = DEFINITIONAL_REPRESENTATION('',(#4000),#4004);
#4000 = LINE('',#4001,#4002);
#4001 = CARTESIAN_POINT('',(0.,17.4));
#4002 = VECTOR('',#4003,1.);
#4003 = DIRECTION('',(1.,0.));
#4004 = ( GEOMETRIC_REPRESENTATION_CONTEXT(2) 
PARAMETRIC_REPRESENTATION_CONTEXT() REPRESENTATION_CONTEXT('2D SPACE',''
  ) );
#4005 = PCURVE('',#3900,#4006);
#4006 = DEFINITIONAL_REPRESENTATION('',(#4007),#4011);
#4007 = LINE('',#4008,#4009);
#4008 = CARTESIAN_POINT('',(-1.570796326795,0.));
#4009 = VECTOR('',#4010,1.);
#4010 = DIRECTION('',(-0.,1.));
#4011 = ( GEOMETRIC_REPRESENTATION_CONTEXT(2) 
PARAMETRIC_REPRESENTATION_CONTEXT() REPRESENTATION_CONTEXT('2D SPACE',''
  ) );
#4012 = FACE_BOUND('',#4013,.F.);
#4013 = EDGE_LOOP('',(#4014));
#4014 = ORIENTED_EDGE('',*,*,#4015,.F.);
#4015 = EDGE_CURVE('',#4016,#4016,#4018,.T.);
#4016 = VERTEX_POINT('',#4017);
#4017 = CARTESIAN_POINT('',(3.1,-7.592810154714E-16,0.));
#4018 = SURFACE_CURVE('',#4019,(#4024,#4031),.PCURVE_S1.);
#4019 = CIRCLE('',#4020,3.1);
#4020 = AXIS2_PLACEMENT_3D('',#4021,#4022,#4023);
#4021 = CARTESIAN_POINT('',(0.,0.,0.));
#4022 = DIRECTION('',(0.,0.,1.));
#4023 = DIRECTION('',(1.,0.,-0.));
#4024 = PCURVE('',#1983,#4025);
#4025 = DEFINITIONAL_REPRESENTATION('',(#4026),#4030);
#4026 = CIRCLE('',#4027,3.1);
#4027 = AXIS2_PLACEMENT_2D('',#4028,#4029);
#4028 = CARTESIAN_POINT('',(12.7,10.7));
#4029 = DIRECTION('',(1.,0.));
#4030 = ( GEOMETRIC_REPRESENTATION_CONTEXT(2) 
PARAMETRIC_REPRESENTATION_CONTEXT() REPRESENTATION_CONTEXT('2D SPACE',''
  ) );
#4031 = PCURVE('',#4032,#4037);
#4032 = CYLINDRICAL_SURFACE('',#4033,3.1);
#4033 = AXIS2_PLACEMENT_3D('',#4034,#4035,#4036);
#4034 = CARTESIAN_POINT('',(0.,0.,0.));
#4035 = DIRECTION('',(0.,0.,1.));
#4036 = DIRECTION('',(1.,0.,-0.));
#4037 = DEFINITIONAL_REPRESENTATION('',(#4038),#4042);
#4038 = LINE('',#4039,#4040);
#4039 = CARTESIAN_POINT('',(0.,0.));
#4040 = VECTOR('',#4041,1.);
#4041 = DIRECTION('',(1.,0.));
#4042 = ( GEOMETRIC_REPRESENTATION_CONTEXT(2) 
PARAMETRIC_REPRESENTATION_CONTEXT() REPRESENTATION_CONTEXT('2D SPACE',''
  ) );
#4043 = ADVANCED_FACE('',(#4044),#2084,.T.);
#4044 = FACE_BOUND('',#4045,.T.);
#4045 = EDGE_LOOP('',(#4046,#4070,#4071,#4095));
#4046 = ORIENTED_EDGE('',*,*,#4047,.F.);
#4047 = EDGE_CURVE('',#2046,#4048,#4050,.T.);
#4048 = VERTEX_POINT('',#4049);
#4049 = CARTESIAN_POINT('',(-13.25,-12.5,92.25));
#4050 = SURFACE_CURVE('',#4051,(#4056,#4063),.PCURVE_S1.);
#4051 = CIRCLE('',#4052,1.25);
#4052 = AXIS2_PLACEMENT_3D('',#4053,#4054,#4055);
#4053 = CARTESIAN_POINT('',(-13.25,-11.25,92.25));
#4054 = DIRECTION('',(-1.,6.123233995737E-17,0.));
#4055 = DIRECTION('',(-6.123233995737E-17,-1.,0.));
#4056 = PCURVE('',#2084,#4057);
#4057 = DEFINITIONAL_REPRESENTATION('',(#4058),#4062);
#4058 = LINE('',#4059,#4060);
#4059 = CARTESIAN_POINT('',(6.28318530718,1.25));
#4060 = VECTOR('',#4061,1.);
#4061 = DIRECTION('',(-1.,-0.));
#4062 = ( GEOMETRIC_REPRESENTATION_CONTEXT(2) 
PARAMETRIC_REPRESENTATION_CONTEXT() REPRESENTATION_CONTEXT('2D SPACE',''
  ) );
#4063 = PCURVE('',#3036,#4064);
#4064 = DEFINITIONAL_REPRESENTATION('',(#4065),#4069);
#4065 = LINE('',#4066,#4067);
#4066 = CARTESIAN_POINT('',(1.570796326795,-6.28318530718));
#4067 = VECTOR('',#4068,1.);
#4068 = DIRECTION('',(0.,1.));
#4069 = ( GEOMETRIC_REPRESENTATION_CONTEXT(2) 
PARAMETRIC_REPRESENTATION_CONTEXT() REPRESENTATION_CONTEXT('2D SPACE',''
  ) );
#4070 = ORIENTED_EDGE('',*,*,#2068,.T.);
#4071 = ORIENTED_EDGE('',*,*,#4072,.T.);
#4072 = EDGE_CURVE('',#2069,#4073,#4075,.T.);
#4073 = VERTEX_POINT('',#4074);
#4074 = CARTESIAN_POINT('',(13.25,-12.5,92.25));
#4075 = SURFACE_CURVE('',#4076,(#4081,#4088),.PCURVE_S1.);
#4076 = CIRCLE('',#4077,1.25);
#4077 = AXIS2_PLACEMENT_3D('',#4078,#4079,#4080);
#4078 = CARTESIAN_POINT('',(13.25,-11.25,92.25));
#4079 = DIRECTION('',(-1.,-6.123233995737E-17,0.));
#4080 = DIRECTION('',(6.123233995737E-17,-1.,-0.));
#4081 = PCURVE('',#2084,#4082);
#4082 = DEFINITIONAL_REPRESENTATION('',(#4083),#4087);
#4083 = LINE('',#4084,#4085);
#4084 = CARTESIAN_POINT('',(6.28318530718,27.75));
#4085 = VECTOR('',#4086,1.);
#4086 = DIRECTION('',(-1.,-0.));
#4087 = ( GEOMETRIC_REPRESENTATION_CONTEXT(2) 
PARAMETRIC_REPRESENTATION_CONTEXT() REPRESENTATION_CONTEXT('2D SPACE',''
  ) );
#4088 = PCURVE('',#2417,#4089);
#4089 = DEFINITIONAL_REPRESENTATION('',(#4090),#4094);
#4090 = LINE('',#4091,#4092);
#4091 = CARTESIAN_POINT('',(-1.570796326795,-6.28318530718));
#4092 = VECTOR('',#4093,1.);
#4093 = DIRECTION('',(-0.,1.));
#4094 = ( GEOMETRIC_REPRESENTATION_CONTEXT(2) 
PARAMETRIC_REPRESENTATION_CONTEXT() REPRESENTATION_CONTEXT('2D SPACE',''
  ) );
#4095 = ORIENTED_EDGE('',*,*,#4096,.F.);
#4096 = EDGE_CURVE('',#4048,#4073,#4097,.T.);
#4097 = SURFACE_CURVE('',#4098,(#4102,#4109),.PCURVE_S1.);
#4098 = LINE('',#4099,#4100);
#4099 = CARTESIAN_POINT('',(-14.5,-12.5,92.25));
#4100 = VECTOR('',#4101,1.);
#4101 = DIRECTION('',(1.,0.,0.));
#4102 = PCURVE('',#2084,#4103);
#4103 = DEFINITIONAL_REPRESENTATION('',(#4104),#4108);
#4104 = LINE('',#4105,#4106);
#4105 = CARTESIAN_POINT('',(0.,0.));
#4106 = VECTOR('',#4107,1.);
#4107 = DIRECTION('',(0.,1.));
#4108 = ( GEOMETRIC_REPRESENTATION_CONTEXT(2) 
PARAMETRIC_REPRESENTATION_CONTEXT() REPRESENTATION_CONTEXT('2D SPACE',''
  ) );
#4109 = PCURVE('',#4110,#4115);
#4110 = PLANE('',#4111);
#4111 = AXIS2_PLACEMENT_3D('',#4112,#4113,#4114);
#4112 = CARTESIAN_POINT('',(-14.5,-12.5,91.));
#4113 = DIRECTION('',(0.,1.,0.));
#4114 = DIRECTION('',(0.,0.,1.));
#4115 = DEFINITIONAL_REPRESENTATION('',(#4116),#4120);
#4116 = LINE('',#4117,#4118);
#4117 = CARTESIAN_POINT('',(1.25,0.));
#4118 = VECTOR('',#4119,1.);
#4119 = DIRECTION('',(0.,1.));
#4120 = ( GEOMETRIC_REPRESENTATION_CONTEXT(2) 
PARAMETRIC_REPRESENTATION_CONTEXT() REPRESENTATION_CONTEXT('2D SPACE',''
  ) );
#4121 = ADVANCED_FACE('',(#4122),#2204,.T.);
#4122 = FACE_BOUND('',#4123,.T.);
#4123 = EDGE_LOOP('',(#4124,#4125,#4126,#4148));
#4124 = ORIENTED_EDGE('',*,*,#2243,.F.);
#4125 = ORIENTED_EDGE('',*,*,#3946,.T.);
#4126 = ORIENTED_EDGE('',*,*,#4127,.T.);
#4127 = EDGE_CURVE('',#3947,#2189,#4128,.T.);
#4128 = SURFACE_CURVE('',#4129,(#4134,#4141),.PCURVE_S1.);
#4129 = CIRCLE('',#4130,4.);
#4130 = AXIS2_PLACEMENT_3D('',#4131,#4132,#4133);
#4131 = CARTESIAN_POINT('',(8.7,-6.7,4.));
#4132 = DIRECTION('',(-1.,-6.123233995737E-17,0.));
#4133 = DIRECTION('',(6.123233995737E-17,-1.,-0.));
#4134 = PCURVE('',#2204,#4135);
#4135 = DEFINITIONAL_REPRESENTATION('',(#4136),#4140);
#4136 = LINE('',#4137,#4138);
#4137 = CARTESIAN_POINT('',(6.28318530718,21.4));
#4138 = VECTOR('',#4139,1.);
#4139 = DIRECTION('',(-1.,-0.));
#4140 = ( GEOMETRIC_REPRESENTATION_CONTEXT(2) 
PARAMETRIC_REPRESENTATION_CONTEXT() REPRESENTATION_CONTEXT('2D SPACE',''
  ) );
#4141 = PCURVE('',#2499,#4142);
#4142 = DEFINITIONAL_REPRESENTATION('',(#4143),#4147);
#4143 = LINE('',#4144,#4145);
#4144 = CARTESIAN_POINT('',(-1.570796326795,-6.28318530718));
#4145 = VECTOR('',#4146,1.);
#4146 = DIRECTION('',(-0.,1.));
#4147 = ( GEOMETRIC_REPRESENTATION_CONTEXT(2) 
PARAMETRIC_REPRESENTATION_CONTEXT() REPRESENTATION_CONTEXT('2D SPACE',''
  ) );
#4148 = ORIENTED_EDGE('',*,*,#2188,.F.);
#4149 = ADVANCED_FACE('',(#4150),#2287,.T.);
#4150 = FACE_BOUND('',#4151,.F.);
#4151 = EDGE_LOOP('',(#4152,#4153,#4175,#4198));
#4152 = ORIENTED_EDGE('',*,*,#2269,.F.);
#4153 = ORIENTED_EDGE('',*,*,#4154,.T.);
#4154 = EDGE_CURVE('',#2270,#4073,#4155,.T.);
#4155 = SURFACE_CURVE('',#4156,(#4161,#4168),.PCURVE_S1.);
#4156 = CIRCLE('',#4157,1.25);
#4157 = AXIS2_PLACEMENT_3D('',#4158,#4159,#4160);
#4158 = CARTESIAN_POINT('',(13.25,-11.25,92.25));
#4159 = DIRECTION('',(0.,-0.,-1.));
#4160 = DIRECTION('',(1.,0.,-0.));
#4161 = PCURVE('',#2287,#4162);
#4162 = DEFINITIONAL_REPRESENTATION('',(#4163),#4167);
#4163 = LINE('',#4164,#4165);
#4164 = CARTESIAN_POINT('',(-0.,1.25));
#4165 = VECTOR('',#4166,1.);
#4166 = DIRECTION('',(-1.,0.));
#4167 = ( GEOMETRIC_REPRESENTATION_CONTEXT(2) 
PARAMETRIC_REPRESENTATION_CONTEXT() REPRESENTATION_CONTEXT('2D SPACE',''
  ) );
#4168 = PCURVE('',#2417,#4169);
#4169 = DEFINITIONAL_REPRESENTATION('',(#4170),#4174);
#4170 = LINE('',#4171,#4172);
#4171 = CARTESIAN_POINT('',(-0.,0.));
#4172 = VECTOR('',#4173,1.);
#4173 = DIRECTION('',(-1.,0.));
#4174 = ( GEOMETRIC_REPRESENTATION_CONTEXT(2) 
PARAMETRIC_REPRESENTATION_CONTEXT() REPRESENTATION_CONTEXT('2D SPACE',''
  ) );
#4175 = ORIENTED_EDGE('',*,*,#4176,.T.);
#4176 = EDGE_CURVE('',#4073,#4177,#4179,.T.);
#4177 = VERTEX_POINT('',#4178);
#4178 = CARTESIAN_POINT('',(13.25,-12.5,94.75));
#4179 = SURFACE_CURVE('',#4180,(#4184,#4191),.PCURVE_S1.);
#4180 = LINE('',#4181,#4182);
#4181 = CARTESIAN_POINT('',(13.25,-12.5,91.));
#4182 = VECTOR('',#4183,1.);
#4183 = DIRECTION('',(0.,0.,1.));
#4184 = PCURVE('',#2287,#4185);
#4185 = DEFINITIONAL_REPRESENTATION('',(#4186),#4190);
#4186 = LINE('',#4187,#4188);
#4187 = CARTESIAN_POINT('',(-1.570796326795,0.));
#4188 = VECTOR('',#4189,1.);
#4189 = DIRECTION('',(-0.,1.));
#4190 = ( GEOMETRIC_REPRESENTATION_CONTEXT(2) 
PARAMETRIC_REPRESENTATION_CONTEXT() REPRESENTATION_CONTEXT('2D SPACE',''
  ) );
#4191 = PCURVE('',#4110,#4192);
#4192 = DEFINITIONAL_REPRESENTATION('',(#4193),#4197);
#4193 = LINE('',#4194,#4195);
#4194 = CARTESIAN_POINT('',(0.,27.75));
#4195 = VECTOR('',#4196,1.);
#4196 = DIRECTION('',(1.,0.));
#4197 = ( GEOMETRIC_REPRESENTATION_CONTEXT(2) 
PARAMETRIC_REPRESENTATION_CONTEXT() REPRESENTATION_CONTEXT('2D SPACE',''
  ) );
#4198 = ORIENTED_EDGE('',*,*,#4199,.F.);
#4199 = EDGE_CURVE('',#2272,#4177,#4200,.T.);
#4200 = SURFACE_CURVE('',#4201,(#4206,#4213),.PCURVE_S1.);
#4201 = CIRCLE('',#4202,1.25);
#4202 = AXIS2_PLACEMENT_3D('',#4203,#4204,#4205);
#4203 = CARTESIAN_POINT('',(13.25,-11.25,94.75));
#4204 = DIRECTION('',(0.,0.,-1.));
#4205 = DIRECTION('',(1.,0.,0.));
#4206 = PCURVE('',#2287,#4207);
#4207 = DEFINITIONAL_REPRESENTATION('',(#4208),#4212);
#4208 = LINE('',#4209,#4210);
#4209 = CARTESIAN_POINT('',(-0.,3.75));
#4210 = VECTOR('',#4211,1.);
#4211 = DIRECTION('',(-1.,0.));
#4212 = ( GEOMETRIC_REPRESENTATION_CONTEXT(2) 
PARAMETRIC_REPRESENTATION_CONTEXT() REPRESENTATION_CONTEXT('2D SPACE',''
  ) );
#4213 = PCURVE('',#4214,#4219);
#4214 = SPHERICAL_SURFACE('',#4215,1.25);
#4215 = AXIS2_PLACEMENT_3D('',#4216,#4217,#4218);
#4216 = CARTESIAN_POINT('',(13.25,-11.25,94.75));
#4217 = DIRECTION('',(-0.,-0.,-1.));
#4218 = DIRECTION('',(1.,0.,0.));
#4219 = DEFINITIONAL_REPRESENTATION('',(#4220),#4224);
#4220 = LINE('',#4221,#4222);
#4221 = CARTESIAN_POINT('',(0.,0.));
#4222 = VECTOR('',#4223,1.);
#4223 = DIRECTION('',(1.,0.));
#4224 = ( GEOMETRIC_REPRESENTATION_CONTEXT(2) 
PARAMETRIC_REPRESENTATION_CONTEXT() REPRESENTATION_CONTEXT('2D SPACE',''
  ) );
#4225 = ADVANCED_FACE('',(#4226),#2387,.T.);
#4226 = FACE_BOUND('',#4227,.F.);
#4227 = EDGE_LOOP('',(#4228,#4252,#4280,#4307));
#4228 = ORIENTED_EDGE('',*,*,#4229,.F.);
#4229 = EDGE_CURVE('',#4230,#2272,#4232,.T.);
#4230 = VERTEX_POINT('',#4231);
#4231 = CARTESIAN_POINT('',(13.25,-11.25,96.));
#4232 = SURFACE_CURVE('',#4233,(#4238,#4245),.PCURVE_S1.);
#4233 = CIRCLE('',#4234,1.25);
#4234 = AXIS2_PLACEMENT_3D('',#4235,#4236,#4237);
#4235 = CARTESIAN_POINT('',(13.25,-11.25,94.75));
#4236 = DIRECTION('',(-0.,1.,0.));
#4237 = DIRECTION('',(1.,0.,0.));
#4238 = PCURVE('',#2387,#4239);
#4239 = DEFINITIONAL_REPRESENTATION('',(#4240),#4244);
#4240 = LINE('',#4241,#4242);
#4241 = CARTESIAN_POINT('',(-6.28318530718,1.25));
#4242 = VECTOR('',#4243,1.);
#4243 = DIRECTION('',(1.,-0.));
#4244 = ( GEOMETRIC_REPRESENTATION_CONTEXT(2) 
PARAMETRIC_REPRESENTATION_CONTEXT() REPRESENTATION_CONTEXT('2D SPACE',''
  ) );
#4245 = PCURVE('',#4214,#4246);
#4246 = DEFINITIONAL_REPRESENTATION('',(#4247),#4251);
#4247 = LINE('',#4248,#4249);
#4248 = CARTESIAN_POINT('',(0.,-6.28318530718));
#4249 = VECTOR('',#4250,1.);
#4250 = DIRECTION('',(0.,1.));
#4251 = ( GEOMETRIC_REPRESENTATION_CONTEXT(2) 
PARAMETRIC_REPRESENTATION_CONTEXT() REPRESENTATION_CONTEXT('2D SPACE',''
  ) );
#4252 = ORIENTED_EDGE('',*,*,#4253,.T.);
#4253 = EDGE_CURVE('',#4230,#4254,#4256,.T.);
#4254 = VERTEX_POINT('',#4255);
#4255 = CARTESIAN_POINT('',(13.25,11.25,96.));
#4256 = SURFACE_CURVE('',#4257,(#4261,#4268),.PCURVE_S1.);
#4257 = LINE('',#4258,#4259);
#4258 = CARTESIAN_POINT('',(13.25,-12.5,96.));
#4259 = VECTOR('',#4260,1.);
#4260 = DIRECTION('',(0.,1.,0.));
#4261 = PCURVE('',#2387,#4262);
#4262 = DEFINITIONAL_REPRESENTATION('',(#4263),#4267);
#4263 = LINE('',#4264,#4265);
#4264 = CARTESIAN_POINT('',(-1.570796326795,0.));
#4265 = VECTOR('',#4266,1.);
#4266 = DIRECTION('',(-0.,1.));
#4267 = ( GEOMETRIC_REPRESENTATION_CONTEXT(2) 
PARAMETRIC_REPRESENTATION_CONTEXT() REPRESENTATION_CONTEXT('2D SPACE',''
  ) );
#4268 = PCURVE('',#4269,#4274);
#4269 = PLANE('',#4270);
#4270 = AXIS2_PLACEMENT_3D('',#4271,#4272,#4273);
#4271 = CARTESIAN_POINT('',(-14.5,-12.5,96.));
#4272 = DIRECTION('',(0.,0.,1.));
#4273 = DIRECTION('',(1.,0.,0.));
#4274 = DEFINITIONAL_REPRESENTATION('',(#4275),#4279);
#4275 = LINE('',#4276,#4277);
#4276 = CARTESIAN_POINT('',(27.75,0.));
#4277 = VECTOR('',#4278,1.);
#4278 = DIRECTION('',(0.,1.));
#4279 = ( GEOMETRIC_REPRESENTATION_CONTEXT(2) 
PARAMETRIC_REPRESENTATION_CONTEXT() REPRESENTATION_CONTEXT('2D SPACE',''
  ) );
#4280 = ORIENTED_EDGE('',*,*,#4281,.F.);
#4281 = EDGE_CURVE('',#2346,#4254,#4282,.T.);
#4282 = SURFACE_CURVE('',#4283,(#4288,#4295),.PCURVE_S1.);
#4283 = CIRCLE('',#4284,1.25);
#4284 = AXIS2_PLACEMENT_3D('',#4285,#4286,#4287);
#4285 = CARTESIAN_POINT('',(13.25,11.25,94.75));
#4286 = DIRECTION('',(-0.,-1.,0.));
#4287 = DIRECTION('',(1.,-0.,1.7763568394E-16));
#4288 = PCURVE('',#2387,#4289);
#4289 = DEFINITIONAL_REPRESENTATION('',(#4290),#4294);
#4290 = LINE('',#4291,#4292);
#4291 = CARTESIAN_POINT('',(-0.,23.75));
#4292 = VECTOR('',#4293,1.);
#4293 = DIRECTION('',(-1.,0.));
#4294 = ( GEOMETRIC_REPRESENTATION_CONTEXT(2) 
PARAMETRIC_REPRESENTATION_CONTEXT() REPRESENTATION_CONTEXT('2D SPACE',''
  ) );
#4295 = PCURVE('',#4296,#4301);
#4296 = SPHERICAL_SURFACE('',#4297,1.25);
#4297 = AXIS2_PLACEMENT_3D('',#4298,#4299,#4300);
#4298 = CARTESIAN_POINT('',(13.25,11.25,94.75));
#4299 = DIRECTION('',(-0.,-1.,-0.));
#4300 = DIRECTION('',(1.,-0.,1.7763568394E-16));
#4301 = DEFINITIONAL_REPRESENTATION('',(#4302),#4306);
#4302 = LINE('',#4303,#4304);
#4303 = CARTESIAN_POINT('',(0.,0.));
#4304 = VECTOR('',#4305,1.);
#4305 = DIRECTION('',(1.,0.));
#4306 = ( GEOMETRIC_REPRESENTATION_CONTEXT(2) 
PARAMETRIC_REPRESENTATION_CONTEXT() REPRESENTATION_CONTEXT('2D SPACE',''
  ) );
#4307 = ORIENTED_EDGE('',*,*,#2373,.F.);
#4308 = ADVANCED_FACE('',(#4309),#2361,.T.);
#4309 = FACE_BOUND('',#4310,.T.);
#4310 = EDGE_LOOP('',(#4311,#4312,#4336,#4364));
#4311 = ORIENTED_EDGE('',*,*,#2345,.F.);
#4312 = ORIENTED_EDGE('',*,*,#4313,.T.);
#4313 = EDGE_CURVE('',#2323,#4314,#4316,.T.);
#4314 = VERTEX_POINT('',#4315);
#4315 = CARTESIAN_POINT('',(13.25,12.5,92.25));
#4316 = SURFACE_CURVE('',#4317,(#4322,#4329),.PCURVE_S1.);
#4317 = CIRCLE('',#4318,1.25);
#4318 = AXIS2_PLACEMENT_3D('',#4319,#4320,#4321);
#4319 = CARTESIAN_POINT('',(13.25,11.25,92.25));
#4320 = DIRECTION('',(0.,0.,1.));
#4321 = DIRECTION('',(1.,0.,-0.));
#4322 = PCURVE('',#2361,#4323);
#4323 = DEFINITIONAL_REPRESENTATION('',(#4324),#4328);
#4324 = LINE('',#4325,#4326);
#4325 = CARTESIAN_POINT('',(0.,1.25));
#4326 = VECTOR('',#4327,1.);
#4327 = DIRECTION('',(1.,0.));
#4328 = ( GEOMETRIC_REPRESENTATION_CONTEXT(2) 
PARAMETRIC_REPRESENTATION_CONTEXT() REPRESENTATION_CONTEXT('2D SPACE',''
  ) );
#4329 = PCURVE('',#2833,#4330);
#4330 = DEFINITIONAL_REPRESENTATION('',(#4331),#4335);
#4331 = LINE('',#4332,#4333);
#4332 = CARTESIAN_POINT('',(0.,0.));
#4333 = VECTOR('',#4334,1.);
#4334 = DIRECTION('',(1.,0.));
#4335 = ( GEOMETRIC_REPRESENTATION_CONTEXT(2) 
PARAMETRIC_REPRESENTATION_CONTEXT() REPRESENTATION_CONTEXT('2D SPACE',''
  ) );
#4336 = ORIENTED_EDGE('',*,*,#4337,.T.);
#4337 = EDGE_CURVE('',#4314,#4338,#4340,.T.);
#4338 = VERTEX_POINT('',#4339);
#4339 = CARTESIAN_POINT('',(13.25,12.5,94.75));
#4340 = SURFACE_CURVE('',#4341,(#4345,#4352),.PCURVE_S1.);
#4341 = LINE('',#4342,#4343);
#4342 = CARTESIAN_POINT('',(13.25,12.5,91.));
#4343 = VECTOR('',#4344,1.);
#4344 = DIRECTION('',(0.,0.,1.));
#4345 = PCURVE('',#2361,#4346);
#4346 = DEFINITIONAL_REPRESENTATION('',(#4347),#4351);
#4347 = LINE('',#4348,#4349);
#4348 = CARTESIAN_POINT('',(1.570796326795,0.));
#4349 = VECTOR('',#4350,1.);
#4350 = DIRECTION('',(0.,1.));
#4351 = ( GEOMETRIC_REPRESENTATION_CONTEXT(2) 
PARAMETRIC_REPRESENTATION_CONTEXT() REPRESENTATION_CONTEXT('2D SPACE',''
  ) );
#4352 = PCURVE('',#4353,#4358);
#4353 = PLANE('',#4354);
#4354 = AXIS2_PLACEMENT_3D('',#4355,#4356,#4357);
#4355 = CARTESIAN_POINT('',(-14.5,12.5,91.));
#4356 = DIRECTION('',(0.,1.,0.));
#4357 = DIRECTION('',(0.,0.,1.));
#4358 = DEFINITIONAL_REPRESENTATION('',(#4359),#4363);
#4359 = LINE('',#4360,#4361);
#4360 = CARTESIAN_POINT('',(0.,27.75));
#4361 = VECTOR('',#4362,1.);
#4362 = DIRECTION('',(1.,0.));
#4363 = ( GEOMETRIC_REPRESENTATION_CONTEXT(2) 
PARAMETRIC_REPRESENTATION_CONTEXT() REPRESENTATION_CONTEXT('2D SPACE',''
  ) );
#4364 = ORIENTED_EDGE('',*,*,#4365,.T.);
#4365 = EDGE_CURVE('',#4338,#2346,#4366,.T.);
#4366 = SURFACE_CURVE('',#4367,(#4372,#4379),.PCURVE_S1.);
#4367 = CIRCLE('',#4368,1.25);
#4368 = AXIS2_PLACEMENT_3D('',#4369,#4370,#4371);
#4369 = CARTESIAN_POINT('',(13.25,11.25,94.75));
#4370 = DIRECTION('',(1.7763568394E-16,0.,-1.));
#4371 = DIRECTION('',(1.,0.,1.7763568394E-16));
#4372 = PCURVE('',#2361,#4373);
#4373 = DEFINITIONAL_REPRESENTATION('',(#4374),#4378);
#4374 = LINE('',#4375,#4376);
#4375 = CARTESIAN_POINT('',(6.28318530718,3.75));
#4376 = VECTOR('',#4377,1.);
#4377 = DIRECTION('',(-1.,-0.));
#4378 = ( GEOMETRIC_REPRESENTATION_CONTEXT(2) 
PARAMETRIC_REPRESENTATION_CONTEXT() REPRESENTATION_CONTEXT('2D SPACE',''
  ) );
#4379 = PCURVE('',#4296,#4380);
#4380 = DEFINITIONAL_REPRESENTATION('',(#4381),#4385);
#4381 = LINE('',#4382,#4383);
#4382 = CARTESIAN_POINT('',(0.,-6.28318530718));
#4383 = VECTOR('',#4384,1.);
#4384 = DIRECTION('',(0.,1.));
#4385 = ( GEOMETRIC_REPRESENTATION_CONTEXT(2) 
PARAMETRIC_REPRESENTATION_CONTEXT() REPRESENTATION_CONTEXT('2D SPACE',''
  ) );
#4386 = ADVANCED_FACE('',(#4387),#2417,.T.);
#4387 = FACE_BOUND('',#4388,.F.);
#4388 = EDGE_LOOP('',(#4389,#4390,#4391));
#4389 = ORIENTED_EDGE('',*,*,#2402,.F.);
#4390 = ORIENTED_EDGE('',*,*,#4072,.T.);
#4391 = ORIENTED_EDGE('',*,*,#4154,.F.);
#4392 = ADVANCED_FACE('',(#4393),#2499,.T.);
#4393 = FACE_BOUND('',#4394,.F.);
#4394 = EDGE_LOOP('',(#4395,#4417,#4418));
#4395 = ORIENTED_EDGE('',*,*,#4396,.F.);
#4396 = EDGE_CURVE('',#3947,#2462,#4397,.T.);
#4397 = SURFACE_CURVE('',#4398,(#4403,#4410),.PCURVE_S1.);
#4398 = CIRCLE('',#4399,4.);
#4399 = AXIS2_PLACEMENT_3D('',#4400,#4401,#4402);
#4400 = CARTESIAN_POINT('',(8.7,-6.7,4.));
#4401 = DIRECTION('',(0.,-1.,0.));
#4402 = DIRECTION('',(1.,0.,0.));
#4403 = PCURVE('',#2499,#4404);
#4404 = DEFINITIONAL_REPRESENTATION('',(#4405),#4409);
#4405 = LINE('',#4406,#4407);
#4406 = CARTESIAN_POINT('',(-0.,-6.28318530718));
#4407 = VECTOR('',#4408,1.);
#4408 = DIRECTION('',(-0.,1.));
#4409 = ( GEOMETRIC_REPRESENTATION_CONTEXT(2) 
PARAMETRIC_REPRESENTATION_CONTEXT() REPRESENTATION_CONTEXT('2D SPACE',''
  ) );
#4410 = PCURVE('',#2535,#4411);
#4411 = DEFINITIONAL_REPRESENTATION('',(#4412),#4416);
#4412 = LINE('',#4413,#4414);
#4413 = CARTESIAN_POINT('',(6.28318530718,4.));
#4414 = VECTOR('',#4415,1.);
#4415 = DIRECTION('',(-1.,-0.));
#4416 = ( GEOMETRIC_REPRESENTATION_CONTEXT(2) 
PARAMETRIC_REPRESENTATION_CONTEXT() REPRESENTATION_CONTEXT('2D SPACE',''
  ) );
#4417 = ORIENTED_EDGE('',*,*,#4127,.T.);
#4418 = ORIENTED_EDGE('',*,*,#2484,.F.);
#4419 = ADVANCED_FACE('',(#4420),#2535,.T.);
#4420 = FACE_BOUND('',#4421,.T.);
#4421 = EDGE_LOOP('',(#4422,#4423,#4424,#4446));
#4422 = ORIENTED_EDGE('',*,*,#4396,.F.);
#4423 = ORIENTED_EDGE('',*,*,#3969,.T.);
#4424 = ORIENTED_EDGE('',*,*,#4425,.T.);
#4425 = EDGE_CURVE('',#3970,#2520,#4426,.T.);
#4426 = SURFACE_CURVE('',#4427,(#4432,#4439),.PCURVE_S1.);
#4427 = CIRCLE('',#4428,4.);
#4428 = AXIS2_PLACEMENT_3D('',#4429,#4430,#4431);
#4429 = CARTESIAN_POINT('',(8.7,6.7,4.));
#4430 = DIRECTION('',(2.22044604925E-16,-1.,0.));
#4431 = DIRECTION('',(1.,2.22044604925E-16,0.));
#4432 = PCURVE('',#2535,#4433);
#4433 = DEFINITIONAL_REPRESENTATION('',(#4434),#4438);
#4434 = LINE('',#4435,#4436);
#4435 = CARTESIAN_POINT('',(6.28318530718,17.4));
#4436 = VECTOR('',#4437,1.);
#4437 = DIRECTION('',(-1.,-0.));
#4438 = ( GEOMETRIC_REPRESENTATION_CONTEXT(2) 
PARAMETRIC_REPRESENTATION_CONTEXT() REPRESENTATION_CONTEXT('2D SPACE',''
  ) );
#4439 = PCURVE('',#2590,#4440);
#4440 = DEFINITIONAL_REPRESENTATION('',(#4441),#4445);
#4441 = LINE('',#4442,#4443);
#4442 = CARTESIAN_POINT('',(0.,-6.28318530718));
#4443 = VECTOR('',#4444,1.);
#4444 = DIRECTION('',(0.,1.));
#4445 = ( GEOMETRIC_REPRESENTATION_CONTEXT(2) 
PARAMETRIC_REPRESENTATION_CONTEXT() REPRESENTATION_CONTEXT('2D SPACE',''
  ) );
#4446 = ORIENTED_EDGE('',*,*,#2519,.F.);
#4447 = ADVANCED_FACE('',(#4448),#2590,.T.);
#4448 = FACE_BOUND('',#4449,.T.);
#4449 = EDGE_LOOP('',(#4450,#4451,#4473));
#4450 = ORIENTED_EDGE('',*,*,#4425,.F.);
#4451 = ORIENTED_EDGE('',*,*,#4452,.T.);
#4452 = EDGE_CURVE('',#3970,#2574,#4453,.T.);
#4453 = SURFACE_CURVE('',#4454,(#4459,#4466),.PCURVE_S1.);
#4454 = CIRCLE('',#4455,4.);
#4455 = AXIS2_PLACEMENT_3D('',#4456,#4457,#4458);
#4456 = CARTESIAN_POINT('',(8.7,6.7,4.));
#4457 = DIRECTION('',(1.,-6.123233995737E-17,0.));
#4458 = DIRECTION('',(6.123233995737E-17,1.,0.));
#4459 = PCURVE('',#2590,#4460);
#4460 = DEFINITIONAL_REPRESENTATION('',(#4461),#4465);
#4461 = LINE('',#4462,#4463);
#4462 = CARTESIAN_POINT('',(1.570796326795,-6.28318530718));
#4463 = VECTOR('',#4464,1.);
#4464 = DIRECTION('',(0.,1.));
#4465 = ( GEOMETRIC_REPRESENTATION_CONTEXT(2) 
PARAMETRIC_REPRESENTATION_CONTEXT() REPRESENTATION_CONTEXT('2D SPACE',''
  ) );
#4466 = PCURVE('',#3900,#4467);
#4467 = DEFINITIONAL_REPRESENTATION('',(#4468),#4472);
#4468 = LINE('',#4469,#4470);
#4469 = CARTESIAN_POINT('',(-6.28318530718,21.4));
#4470 = VECTOR('',#4471,1.);
#4471 = DIRECTION('',(1.,-0.));
#4472 = ( GEOMETRIC_REPRESENTATION_CONTEXT(2) 
PARAMETRIC_REPRESENTATION_CONTEXT() REPRESENTATION_CONTEXT('2D SPACE',''
  ) );
#4473 = ORIENTED_EDGE('',*,*,#2573,.F.);
#4474 = ADVANCED_FACE('',(#4475),#2801,.T.);
#4475 = FACE_BOUND('',#4476,.F.);
#4476 = EDGE_LOOP('',(#4477,#4501,#4502,#4524));
#4477 = ORIENTED_EDGE('',*,*,#4478,.F.);
#4478 = EDGE_CURVE('',#2699,#4479,#4481,.T.);
#4479 = VERTEX_POINT('',#4480);
#4480 = CARTESIAN_POINT('',(-13.25,12.5,92.25));
#4481 = SURFACE_CURVE('',#4482,(#4487,#4494),.PCURVE_S1.);
#4482 = CIRCLE('',#4483,1.25);
#4483 = AXIS2_PLACEMENT_3D('',#4484,#4485,#4486);
#4484 = CARTESIAN_POINT('',(-13.25,11.25,92.25));
#4485 = DIRECTION('',(1.,6.123233995737E-17,-0.));
#4486 = DIRECTION('',(-6.123233995737E-17,1.,0.));
#4487 = PCURVE('',#2801,#4488);
#4488 = DEFINITIONAL_REPRESENTATION('',(#4489),#4493);
#4489 = LINE('',#4490,#4491);
#4490 = CARTESIAN_POINT('',(-6.28318530718,1.25));
#4491 = VECTOR('',#4492,1.);
#4492 = DIRECTION('',(1.,-0.));
#4493 = ( GEOMETRIC_REPRESENTATION_CONTEXT(2) 
PARAMETRIC_REPRESENTATION_CONTEXT() REPRESENTATION_CONTEXT('2D SPACE',''
  ) );
#4494 = PCURVE('',#2999,#4495);
#4495 = DEFINITIONAL_REPRESENTATION('',(#4496),#4500);
#4496 = LINE('',#4497,#4498);
#4497 = CARTESIAN_POINT('',(-1.570796326795,-6.28318530718));
#4498 = VECTOR('',#4499,1.);
#4499 = DIRECTION('',(-0.,1.));
#4500 = ( GEOMETRIC_REPRESENTATION_CONTEXT(2) 
PARAMETRIC_REPRESENTATION_CONTEXT() REPRESENTATION_CONTEXT('2D SPACE',''
  ) );
#4501 = ORIENTED_EDGE('',*,*,#2787,.T.);
#4502 = ORIENTED_EDGE('',*,*,#4503,.T.);
#4503 = EDGE_CURVE('',#2765,#4314,#4504,.T.);
#4504 = SURFACE_CURVE('',#4505,(#4510,#4517),.PCURVE_S1.);
#4505 = CIRCLE('',#4506,1.25);
#4506 = AXIS2_PLACEMENT_3D('',#4507,#4508,#4509);
#4507 = CARTESIAN_POINT('',(13.25,11.25,92.25));
#4508 = DIRECTION('',(1.,-6.123233995737E-17,0.));
#4509 = DIRECTION('',(6.123233995737E-17,1.,0.));
#4510 = PCURVE('',#2801,#4511);
#4511 = DEFINITIONAL_REPRESENTATION('',(#4512),#4516);
#4512 = LINE('',#4513,#4514);
#4513 = CARTESIAN_POINT('',(-6.28318530718,27.75));
#4514 = VECTOR('',#4515,1.);
#4515 = DIRECTION('',(1.,-0.));
#4516 = ( GEOMETRIC_REPRESENTATION_CONTEXT(2) 
PARAMETRIC_REPRESENTATION_CONTEXT() REPRESENTATION_CONTEXT('2D SPACE',''
  ) );
#4517 = PCURVE('',#2833,#4518);
#4518 = DEFINITIONAL_REPRESENTATION('',(#4519),#4523);
#4519 = LINE('',#4520,#4521);
#4520 = CARTESIAN_POINT('',(1.570796326795,-6.28318530718));
#4521 = VECTOR('',#4522,1.);
#4522 = DIRECTION('',(0.,1.));
#4523 = ( GEOMETRIC_REPRESENTATION_CONTEXT(2) 
PARAMETRIC_REPRESENTATION_CONTEXT() REPRESENTATION_CONTEXT('2D SPACE',''
  ) );
#4524 = ORIENTED_EDGE('',*,*,#4525,.F.);
#4525 = EDGE_CURVE('',#4479,#4314,#4526,.T.);
#4526 = SURFACE_CURVE('',#4527,(#4531,#4538),.PCURVE_S1.);
#4527 = LINE('',#4528,#4529);
#4528 = CARTESIAN_POINT('',(-14.5,12.5,92.25));
#4529 = VECTOR('',#4530,1.);
#4530 = DIRECTION('',(1.,0.,0.));
#4531 = PCURVE('',#2801,#4532);
#4532 = DEFINITIONAL_REPRESENTATION('',(#4533),#4537);
#4533 = LINE('',#4534,#4535);
#4534 = CARTESIAN_POINT('',(-0.,0.));
#4535 = VECTOR('',#4536,1.);
#4536 = DIRECTION('',(-0.,1.));
#4537 = ( GEOMETRIC_REPRESENTATION_CONTEXT(2) 
PARAMETRIC_REPRESENTATION_CONTEXT() REPRESENTATION_CONTEXT('2D SPACE',''
  ) );
#4538 = PCURVE('',#4353,#4539);
#4539 = DEFINITIONAL_REPRESENTATION('',(#4540),#4544);
#4540 = LINE('',#4541,#4542);
#4541 = CARTESIAN_POINT('',(1.25,0.));
#4542 = VECTOR('',#4543,1.);
#4543 = DIRECTION('',(0.,1.));
#4544 = ( GEOMETRIC_REPRESENTATION_CONTEXT(2) 
PARAMETRIC_REPRESENTATION_CONTEXT() REPRESENTATION_CONTEXT('2D SPACE',''
  ) );
#4545 = ADVANCED_FACE('',(#4546),#2833,.T.);
#4546 = FACE_BOUND('',#4547,.T.);
#4547 = EDGE_LOOP('',(#4548,#4549,#4550));
#4548 = ORIENTED_EDGE('',*,*,#2818,.F.);
#4549 = ORIENTED_EDGE('',*,*,#4503,.T.);
#4550 = ORIENTED_EDGE('',*,*,#4313,.F.);
#4551 = ADVANCED_FACE('',(#4552),#2867,.T.);
#4552 = FACE_BOUND('',#4553,.T.);
#4553 = EDGE_LOOP('',(#4554,#4555,#4577,#4600));
#4554 = ORIENTED_EDGE('',*,*,#2849,.F.);
#4555 = ORIENTED_EDGE('',*,*,#4556,.T.);
#4556 = EDGE_CURVE('',#2850,#4048,#4557,.T.);
#4557 = SURFACE_CURVE('',#4558,(#4563,#4570),.PCURVE_S1.);
#4558 = CIRCLE('',#4559,1.25);
#4559 = AXIS2_PLACEMENT_3D('',#4560,#4561,#4562);
#4560 = CARTESIAN_POINT('',(-13.25,-11.25,92.25));
#4561 = DIRECTION('',(0.,0.,1.));
#4562 = DIRECTION('',(-1.,0.,0.));
#4563 = PCURVE('',#2867,#4564);
#4564 = DEFINITIONAL_REPRESENTATION('',(#4565),#4569);
#4565 = LINE('',#4566,#4567);
#4566 = CARTESIAN_POINT('',(0.,1.25));
#4567 = VECTOR('',#4568,1.);
#4568 = DIRECTION('',(1.,0.));
#4569 = ( GEOMETRIC_REPRESENTATION_CONTEXT(2) 
PARAMETRIC_REPRESENTATION_CONTEXT() REPRESENTATION_CONTEXT('2D SPACE',''
  ) );
#4570 = PCURVE('',#3036,#4571);
#4571 = DEFINITIONAL_REPRESENTATION('',(#4572),#4576);
#4572 = LINE('',#4573,#4574);
#4573 = CARTESIAN_POINT('',(0.,0.));
#4574 = VECTOR('',#4575,1.);
#4575 = DIRECTION('',(1.,0.));
#4576 = ( GEOMETRIC_REPRESENTATION_CONTEXT(2) 
PARAMETRIC_REPRESENTATION_CONTEXT() REPRESENTATION_CONTEXT('2D SPACE',''
  ) );
#4577 = ORIENTED_EDGE('',*,*,#4578,.T.);
#4578 = EDGE_CURVE('',#4048,#4579,#4581,.T.);
#4579 = VERTEX_POINT('',#4580);
#4580 = CARTESIAN_POINT('',(-13.25,-12.5,94.75));
#4581 = SURFACE_CURVE('',#4582,(#4586,#4593),.PCURVE_S1.);
#4582 = LINE('',#4583,#4584);
#4583 = CARTESIAN_POINT('',(-13.25,-12.5,91.));
#4584 = VECTOR('',#4585,1.);
#4585 = DIRECTION('',(0.,0.,1.));
#4586 = PCURVE('',#2867,#4587);
#4587 = DEFINITIONAL_REPRESENTATION('',(#4588),#4592);
#4588 = LINE('',#4589,#4590);
#4589 = CARTESIAN_POINT('',(1.570796326795,0.));
#4590 = VECTOR('',#4591,1.);
#4591 = DIRECTION('',(0.,1.));
#4592 = ( GEOMETRIC_REPRESENTATION_CONTEXT(2) 
PARAMETRIC_REPRESENTATION_CONTEXT() REPRESENTATION_CONTEXT('2D SPACE',''
  ) );
#4593 = PCURVE('',#4110,#4594);
#4594 = DEFINITIONAL_REPRESENTATION('',(#4595),#4599);
#4595 = LINE('',#4596,#4597);
#4596 = CARTESIAN_POINT('',(0.,1.25));
#4597 = VECTOR('',#4598,1.);
#4598 = DIRECTION('',(1.,0.));
#4599 = ( GEOMETRIC_REPRESENTATION_CONTEXT(2) 
PARAMETRIC_REPRESENTATION_CONTEXT() REPRESENTATION_CONTEXT('2D SPACE',''
  ) );
#4600 = ORIENTED_EDGE('',*,*,#4601,.F.);
#4601 = EDGE_CURVE('',#2852,#4579,#4602,.T.);
#4602 = SURFACE_CURVE('',#4603,(#4608,#4615),.PCURVE_S1.);
#4603 = CIRCLE('',#4604,1.25);
#4604 = AXIS2_PLACEMENT_3D('',#4605,#4606,#4607);
#4605 = CARTESIAN_POINT('',(-13.25,-11.25,94.75));
#4606 = DIRECTION('',(0.,0.,1.));
#4607 = DIRECTION('',(-1.,0.,0.));
#4608 = PCURVE('',#2867,#4609);
#4609 = DEFINITIONAL_REPRESENTATION('',(#4610),#4614);
#4610 = LINE('',#4611,#4612);
#4611 = CARTESIAN_POINT('',(0.,3.75));
#4612 = VECTOR('',#4613,1.);
#4613 = DIRECTION('',(1.,0.));
#4614 = ( GEOMETRIC_REPRESENTATION_CONTEXT(2) 
PARAMETRIC_REPRESENTATION_CONTEXT() REPRESENTATION_CONTEXT('2D SPACE',''
  ) );
#4615 = PCURVE('',#4616,#4621);
#4616 = SPHERICAL_SURFACE('',#4617,1.25);
#4617 = AXIS2_PLACEMENT_3D('',#4618,#4619,#4620);
#4618 = CARTESIAN_POINT('',(-13.25,-11.25,94.75));
#4619 = DIRECTION('',(-0.,-0.,-1.));
#4620 = DIRECTION('',(-1.,0.,0.));
#4621 = DEFINITIONAL_REPRESENTATION('',(#4622),#4626);
#4622 = LINE('',#4623,#4624);
#4623 = CARTESIAN_POINT('',(-0.,0.));
#4624 = VECTOR('',#4625,1.);
#4625 = DIRECTION('',(-1.,0.));
#4626 = ( GEOMETRIC_REPRESENTATION_CONTEXT(2) 
PARAMETRIC_REPRESENTATION_CONTEXT() REPRESENTATION_CONTEXT('2D SPACE',''
  ) );
#4627 = ADVANCED_FACE('',(#4628),#2967,.T.);
#4628 = FACE_BOUND('',#4629,.T.);
#4629 = EDGE_LOOP('',(#4630,#4654,#4677,#4704));
#4630 = ORIENTED_EDGE('',*,*,#4631,.F.);
#4631 = EDGE_CURVE('',#4632,#2852,#4634,.T.);
#4632 = VERTEX_POINT('',#4633);
#4633 = CARTESIAN_POINT('',(-13.25,-11.25,96.));
#4634 = SURFACE_CURVE('',#4635,(#4640,#4647),.PCURVE_S1.);
#4635 = CIRCLE('',#4636,1.25);
#4636 = AXIS2_PLACEMENT_3D('',#4637,#4638,#4639);
#4637 = CARTESIAN_POINT('',(-13.25,-11.25,94.75));
#4638 = DIRECTION('',(0.,-1.,0.));
#4639 = DIRECTION('',(-1.,0.,0.));
#4640 = PCURVE('',#2967,#4641);
#4641 = DEFINITIONAL_REPRESENTATION('',(#4642),#4646);
#4642 = LINE('',#4643,#4644);
#4643 = CARTESIAN_POINT('',(6.28318530718,1.25));
#4644 = VECTOR('',#4645,1.);
#4645 = DIRECTION('',(-1.,-0.));
#4646 = ( GEOMETRIC_REPRESENTATION_CONTEXT(2) 
PARAMETRIC_REPRESENTATION_CONTEXT() REPRESENTATION_CONTEXT('2D SPACE',''
  ) );
#4647 = PCURVE('',#4616,#4648);
#4648 = DEFINITIONAL_REPRESENTATION('',(#4649),#4653);
#4649 = LINE('',#4650,#4651);
#4650 = CARTESIAN_POINT('',(-0.,-6.28318530718));
#4651 = VECTOR('',#4652,1.);
#4652 = DIRECTION('',(-0.,1.));
#4653 = ( GEOMETRIC_REPRESENTATION_CONTEXT(2) 
PARAMETRIC_REPRESENTATION_CONTEXT() REPRESENTATION_CONTEXT('2D SPACE',''
  ) );
#4654 = ORIENTED_EDGE('',*,*,#4655,.T.);
#4655 = EDGE_CURVE('',#4632,#4656,#4658,.T.);
#4656 = VERTEX_POINT('',#4657);
#4657 = CARTESIAN_POINT('',(-13.25,11.25,96.));
#4658 = SURFACE_CURVE('',#4659,(#4663,#4670),.PCURVE_S1.);
#4659 = LINE('',#4660,#4661);
#4660 = CARTESIAN_POINT('',(-13.25,-12.5,96.));
#4661 = VECTOR('',#4662,1.);
#4662 = DIRECTION('',(0.,1.,0.));
#4663 = PCURVE('',#2967,#4664);
#4664 = DEFINITIONAL_REPRESENTATION('',(#4665),#4669);
#4665 = LINE('',#4666,#4667);
#4666 = CARTESIAN_POINT('',(1.570796326795,0.));
#4667 = VECTOR('',#4668,1.);
#4668 = DIRECTION('',(0.,1.));
#4669 = ( GEOMETRIC_REPRESENTATION_CONTEXT(2) 
PARAMETRIC_REPRESENTATION_CONTEXT() REPRESENTATION_CONTEXT('2D SPACE',''
  ) );
#4670 = PCURVE('',#4269,#4671);
#4671 = DEFINITIONAL_REPRESENTATION('',(#4672),#4676);
#4672 = LINE('',#4673,#4674);
#4673 = CARTESIAN_POINT('',(1.25,0.));
#4674 = VECTOR('',#4675,1.);
#4675 = DIRECTION('',(0.,1.));
#4676 = ( GEOMETRIC_REPRESENTATION_CONTEXT(2) 
PARAMETRIC_REPRESENTATION_CONTEXT() REPRESENTATION_CONTEXT('2D SPACE',''
  ) );
#4677 = ORIENTED_EDGE('',*,*,#4678,.F.);
#4678 = EDGE_CURVE('',#2926,#4656,#4679,.T.);
#4679 = SURFACE_CURVE('',#4680,(#4685,#4692),.PCURVE_S1.);
#4680 = CIRCLE('',#4681,1.25);
#4681 = AXIS2_PLACEMENT_3D('',#4682,#4683,#4684);
#4682 = CARTESIAN_POINT('',(-13.25,11.25,94.75));
#4683 = DIRECTION('',(0.,1.,0.));
#4684 = DIRECTION('',(-1.,0.,1.7763568394E-16));
#4685 = PCURVE('',#2967,#4686);
#4686 = DEFINITIONAL_REPRESENTATION('',(#4687),#4691);
#4687 = LINE('',#4688,#4689);
#4688 = CARTESIAN_POINT('',(0.,23.75));
#4689 = VECTOR('',#4690,1.);
#4690 = DIRECTION('',(1.,0.));
#4691 = ( GEOMETRIC_REPRESENTATION_CONTEXT(2) 
PARAMETRIC_REPRESENTATION_CONTEXT() REPRESENTATION_CONTEXT('2D SPACE',''
  ) );
#4692 = PCURVE('',#4693,#4698);
#4693 = SPHERICAL_SURFACE('',#4694,1.25);
#4694 = AXIS2_PLACEMENT_3D('',#4695,#4696,#4697);
#4695 = CARTESIAN_POINT('',(-13.25,11.25,94.75));
#4696 = DIRECTION('',(-0.,-1.,-0.));
#4697 = DIRECTION('',(-1.,0.,1.7763568394E-16));
#4698 = DEFINITIONAL_REPRESENTATION('',(#4699),#4703);
#4699 = LINE('',#4700,#4701);
#4700 = CARTESIAN_POINT('',(-0.,0.));
#4701 = VECTOR('',#4702,1.);
#4702 = DIRECTION('',(-1.,0.));
#4703 = ( GEOMETRIC_REPRESENTATION_CONTEXT(2) 
PARAMETRIC_REPRESENTATION_CONTEXT() REPRESENTATION_CONTEXT('2D SPACE',''
  ) );
#4704 = ORIENTED_EDGE('',*,*,#2953,.F.);
#4705 = ADVANCED_FACE('',(#4706),#2941,.T.);
#4706 = FACE_BOUND('',#4707,.F.);
#4707 = EDGE_LOOP('',(#4708,#4709,#4731,#4754));
#4708 = ORIENTED_EDGE('',*,*,#2925,.F.);
#4709 = ORIENTED_EDGE('',*,*,#4710,.T.);
#4710 = EDGE_CURVE('',#2903,#4479,#4711,.T.);
#4711 = SURFACE_CURVE('',#4712,(#4717,#4724),.PCURVE_S1.);
#4712 = CIRCLE('',#4713,1.25);
#4713 = AXIS2_PLACEMENT_3D('',#4714,#4715,#4716);
#4714 = CARTESIAN_POINT('',(-13.25,11.25,92.25));
#4715 = DIRECTION('',(-0.,0.,-1.));
#4716 = DIRECTION('',(-1.,0.,0.));
#4717 = PCURVE('',#2941,#4718);
#4718 = DEFINITIONAL_REPRESENTATION('',(#4719),#4723);
#4719 = LINE('',#4720,#4721);
#4720 = CARTESIAN_POINT('',(-0.,1.25));
#4721 = VECTOR('',#4722,1.);
#4722 = DIRECTION('',(-1.,0.));
#4723 = ( GEOMETRIC_REPRESENTATION_CONTEXT(2) 
PARAMETRIC_REPRESENTATION_CONTEXT() REPRESENTATION_CONTEXT('2D SPACE',''
  ) );
#4724 = PCURVE('',#2999,#4725);
#4725 = DEFINITIONAL_REPRESENTATION('',(#4726),#4730);
#4726 = LINE('',#4727,#4728);
#4727 = CARTESIAN_POINT('',(-0.,0.));
#4728 = VECTOR('',#4729,1.);
#4729 = DIRECTION('',(-1.,0.));
#4730 = ( GEOMETRIC_REPRESENTATION_CONTEXT(2) 
PARAMETRIC_REPRESENTATION_CONTEXT() REPRESENTATION_CONTEXT('2D SPACE',''
  ) );
#4731 = ORIENTED_EDGE('',*,*,#4732,.T.);
#4732 = EDGE_CURVE('',#4479,#4733,#4735,.T.);
#4733 = VERTEX_POINT('',#4734);
#4734 = CARTESIAN_POINT('',(-13.25,12.5,94.75));
#4735 = SURFACE_CURVE('',#4736,(#4740,#4747),.PCURVE_S1.);
#4736 = LINE('',#4737,#4738);
#4737 = CARTESIAN_POINT('',(-13.25,12.5,91.));
#4738 = VECTOR('',#4739,1.);
#4739 = DIRECTION('',(0.,0.,1.));
#4740 = PCURVE('',#2941,#4741);
#4741 = DEFINITIONAL_REPRESENTATION('',(#4742),#4746);
#4742 = LINE('',#4743,#4744);
#4743 = CARTESIAN_POINT('',(-1.570796326795,0.));
#4744 = VECTOR('',#4745,1.);
#4745 = DIRECTION('',(-0.,1.));
#4746 = ( GEOMETRIC_REPRESENTATION_CONTEXT(2) 
PARAMETRIC_REPRESENTATION_CONTEXT() REPRESENTATION_CONTEXT('2D SPACE',''
  ) );
#4747 = PCURVE('',#4353,#4748);
#4748 = DEFINITIONAL_REPRESENTATION('',(#4749),#4753);
#4749 = LINE('',#4750,#4751);
#4750 = CARTESIAN_POINT('',(0.,1.25));
#4751 = VECTOR('',#4752,1.);
#4752 = DIRECTION('',(1.,0.));
#4753 = ( GEOMETRIC_REPRESENTATION_CONTEXT(2) 
PARAMETRIC_REPRESENTATION_CONTEXT() REPRESENTATION_CONTEXT('2D SPACE',''
  ) );
#4754 = ORIENTED_EDGE('',*,*,#4755,.T.);
#4755 = EDGE_CURVE('',#4733,#2926,#4756,.T.);
#4756 = SURFACE_CURVE('',#4757,(#4762,#4769),.PCURVE_S1.);
#4757 = CIRCLE('',#4758,1.25);
#4758 = AXIS2_PLACEMENT_3D('',#4759,#4760,#4761);
#4759 = CARTESIAN_POINT('',(-13.25,11.25,94.75));
#4760 = DIRECTION('',(1.7763568394E-16,0.,1.));
#4761 = DIRECTION('',(-1.,0.,1.7763568394E-16));
#4762 = PCURVE('',#2941,#4763);
#4763 = DEFINITIONAL_REPRESENTATION('',(#4764),#4768);
#4764 = LINE('',#4765,#4766);
#4765 = CARTESIAN_POINT('',(-6.28318530718,3.75));
#4766 = VECTOR('',#4767,1.);
#4767 = DIRECTION('',(1.,-0.));
#4768 = ( GEOMETRIC_REPRESENTATION_CONTEXT(2) 
PARAMETRIC_REPRESENTATION_CONTEXT() REPRESENTATION_CONTEXT('2D SPACE',''
  ) );
#4769 = PCURVE('',#4693,#4770);
#4770 = DEFINITIONAL_REPRESENTATION('',(#4771),#4775);
#4771 = LINE('',#4772,#4773);
#4772 = CARTESIAN_POINT('',(-0.,-6.28318530718));
#4773 = VECTOR('',#4774,1.);
#4774 = DIRECTION('',(-0.,1.));
#4775 = ( GEOMETRIC_REPRESENTATION_CONTEXT(2) 
PARAMETRIC_REPRESENTATION_CONTEXT() REPRESENTATION_CONTEXT('2D SPACE',''
  ) );
#4776 = ADVANCED_FACE('',(#4777),#2999,.T.);
#4777 = FACE_BOUND('',#4778,.F.);
#4778 = EDGE_LOOP('',(#4779,#4780,#4781));
#4779 = ORIENTED_EDGE('',*,*,#2984,.F.);
#4780 = ORIENTED_EDGE('',*,*,#4478,.T.);
#4781 = ORIENTED_EDGE('',*,*,#4710,.F.);
#4782 = ADVANCED_FACE('',(#4783),#3036,.T.);
#4783 = FACE_BOUND('',#4784,.T.);
#4784 = EDGE_LOOP('',(#4785,#4786,#4787));
#4785 = ORIENTED_EDGE('',*,*,#3021,.F.);
#4786 = ORIENTED_EDGE('',*,*,#4047,.T.);
#4787 = ORIENTED_EDGE('',*,*,#4556,.F.);
#4788 = ADVANCED_FACE('',(#4789),#3241,.F.);
#4789 = FACE_BOUND('',#4790,.F.);
#4790 = EDGE_LOOP('',(#4791,#4815,#4844,#4866,#4867));
#4791 = ORIENTED_EDGE('',*,*,#4792,.F.);
#4792 = EDGE_CURVE('',#4793,#3107,#4795,.T.);
#4793 = VERTEX_POINT('',#4794);
#4794 = CARTESIAN_POINT('',(4.,-3.5,15.));
#4795 = SURFACE_CURVE('',#4796,(#4801,#4808),.PCURVE_S1.);
#4796 = CIRCLE('',#4797,2.);
#4797 = AXIS2_PLACEMENT_3D('',#4798,#4799,#4800);
#4798 = CARTESIAN_POINT('',(4.,-3.5,13.));
#4799 = DIRECTION('',(-0.,1.,0.));
#4800 = DIRECTION('',(1.,0.,0.));
#4801 = PCURVE('',#3241,#4802);
#4802 = DEFINITIONAL_REPRESENTATION('',(#4803),#4807);
#4803 = LINE('',#4804,#4805);
#4804 = CARTESIAN_POINT('',(0.,-6.28318530718));
#4805 = VECTOR('',#4806,1.);
#4806 = DIRECTION('',(0.,1.));
#4807 = ( GEOMETRIC_REPRESENTATION_CONTEXT(2) 
PARAMETRIC_REPRESENTATION_CONTEXT() REPRESENTATION_CONTEXT('2D SPACE',''
  ) );
#4808 = PCURVE('',#3128,#4809);
#4809 = DEFINITIONAL_REPRESENTATION('',(#4810),#4814);
#4810 = LINE('',#4811,#4812);
#4811 = CARTESIAN_POINT('',(-6.28318530718,2.));
#4812 = VECTOR('',#4813,1.);
#4813 = DIRECTION('',(1.,-0.));
#4814 = ( GEOMETRIC_REPRESENTATION_CONTEXT(2) 
PARAMETRIC_REPRESENTATION_CONTEXT() REPRESENTATION_CONTEXT('2D SPACE',''
  ) );
#4815 = ORIENTED_EDGE('',*,*,#4816,.T.);
#4816 = EDGE_CURVE('',#4793,#4817,#4819,.T.);
#4817 = VERTEX_POINT('',#4818);
#4818 = CARTESIAN_POINT('',(4.,-5.5,13.));
#4819 = SURFACE_CURVE('',#4820,(#4825,#4832),.PCURVE_S1.);
#4820 = CIRCLE('',#4821,2.);
#4821 = AXIS2_PLACEMENT_3D('',#4822,#4823,#4824);
#4822 = CARTESIAN_POINT('',(4.,-3.5,13.));
#4823 = DIRECTION('',(1.,6.123233995737E-17,0.));
#4824 = DIRECTION('',(6.123233995737E-17,-1.,0.));
#4825 = PCURVE('',#3241,#4826);
#4826 = DEFINITIONAL_REPRESENTATION('',(#4827),#4831);
#4827 = LINE('',#4828,#4829);
#4828 = CARTESIAN_POINT('',(1.570796326795,-6.28318530718));
#4829 = VECTOR('',#4830,1.);
#4830 = DIRECTION('',(0.,1.));
#4831 = ( GEOMETRIC_REPRESENTATION_CONTEXT(2) 
PARAMETRIC_REPRESENTATION_CONTEXT() REPRESENTATION_CONTEXT('2D SPACE',''
  ) );
#4832 = PCURVE('',#4833,#4838);
#4833 = CYLINDRICAL_SURFACE('',#4834,2.);
#4834 = AXIS2_PLACEMENT_3D('',#4835,#4836,#4837);
#4835 = CARTESIAN_POINT('',(-6.,-3.5,13.));
#4836 = DIRECTION('',(1.,0.,0.));
#4837 = DIRECTION('',(0.,-1.,0.));
#4838 = DEFINITIONAL_REPRESENTATION('',(#4839),#4843);
#4839 = LINE('',#4840,#4841);
#4840 = CARTESIAN_POINT('',(-6.28318530718,10.));
#4841 = VECTOR('',#4842,1.);
#4842 = DIRECTION('',(1.,-0.));
#4843 = ( GEOMETRIC_REPRESENTATION_CONTEXT(2) 
PARAMETRIC_REPRESENTATION_CONTEXT() REPRESENTATION_CONTEXT('2D SPACE',''
  ) );
#4844 = ORIENTED_EDGE('',*,*,#4845,.F.);
#4845 = EDGE_CURVE('',#3799,#4817,#4846,.T.);
#4846 = SURFACE_CURVE('',#4847,(#4852,#4859),.PCURVE_S1.);
#4847 = CIRCLE('',#4848,2.);
#4848 = AXIS2_PLACEMENT_3D('',#4849,#4850,#4851);
#4849 = CARTESIAN_POINT('',(4.,-3.5,13.));
#4850 = DIRECTION('',(0.,0.,-1.));
#4851 = DIRECTION('',(1.,0.,0.));
#4852 = PCURVE('',#3241,#4853);
#4853 = DEFINITIONAL_REPRESENTATION('',(#4854),#4858);
#4854 = LINE('',#4855,#4856);
#4855 = CARTESIAN_POINT('',(0.,0.));
#4856 = VECTOR('',#4857,1.);
#4857 = DIRECTION('',(1.,0.));
#4858 = ( GEOMETRIC_REPRESENTATION_CONTEXT(2) 
PARAMETRIC_REPRESENTATION_CONTEXT() REPRESENTATION_CONTEXT('2D SPACE',''
  ) );
#4859 = PCURVE('',#3872,#4860);
#4860 = DEFINITIONAL_REPRESENTATION('',(#4861),#4865);
#4861 = LINE('',#4862,#4863);
#4862 = CARTESIAN_POINT('',(-0.,8.));
#4863 = VECTOR('',#4864,1.);
#4864 = DIRECTION('',(-1.,0.));
#4865 = ( GEOMETRIC_REPRESENTATION_CONTEXT(2) 
PARAMETRIC_REPRESENTATION_CONTEXT() REPRESENTATION_CONTEXT('2D SPACE',''
  ) );
#4866 = ORIENTED_EDGE('',*,*,#3798,.F.);
#4867 = ORIENTED_EDGE('',*,*,#3143,.F.);
#4868 = ADVANCED_FACE('',(#4869),#3128,.F.);
#4869 = FACE_BOUND('',#4870,.T.);
#4870 = EDGE_LOOP('',(#4871,#4872,#4893));
#4871 = ORIENTED_EDGE('',*,*,#4792,.F.);
#4872 = ORIENTED_EDGE('',*,*,#4873,.T.);
#4873 = EDGE_CURVE('',#4793,#3078,#4874,.T.);
#4874 = SURFACE_CURVE('',#4875,(#4879,#4886),.PCURVE_S1.);
#4875 = LINE('',#4876,#4877);
#4876 = CARTESIAN_POINT('',(4.,-5.5,15.));
#4877 = VECTOR('',#4878,1.);
#4878 = DIRECTION('',(0.,1.,0.));
#4879 = PCURVE('',#3128,#4880);
#4880 = DEFINITIONAL_REPRESENTATION('',(#4881),#4885);
#4881 = LINE('',#4882,#4883);
#4882 = CARTESIAN_POINT('',(-1.570796326795,0.));
#4883 = VECTOR('',#4884,1.);
#4884 = DIRECTION('',(-0.,1.));
#4885 = ( GEOMETRIC_REPRESENTATION_CONTEXT(2) 
PARAMETRIC_REPRESENTATION_CONTEXT() REPRESENTATION_CONTEXT('2D SPACE',''
  ) );
#4886 = PCURVE('',#3094,#4887);
#4887 = DEFINITIONAL_REPRESENTATION('',(#4888),#4892);
#4888 = LINE('',#4889,#4890);
#4889 = CARTESIAN_POINT('',(10.,0.));
#4890 = VECTOR('',#4891,1.);
#4891 = DIRECTION('',(0.,1.));
#4892 = ( GEOMETRIC_REPRESENTATION_CONTEXT(2) 
PARAMETRIC_REPRESENTATION_CONTEXT() REPRESENTATION_CONTEXT('2D SPACE',''
  ) );
#4893 = ORIENTED_EDGE('',*,*,#3106,.T.);
#4894 = ADVANCED_FACE('',(#4895,#5001),#3094,.F.);
#4895 = FACE_BOUND('',#4896,.F.);
#4896 = EDGE_LOOP('',(#4897,#4927,#4948,#4949,#4950,#4951,#4952,#4975));
#4897 = ORIENTED_EDGE('',*,*,#4898,.F.);
#4898 = EDGE_CURVE('',#4899,#4901,#4903,.T.);
#4899 = VERTEX_POINT('',#4900);
#4900 = CARTESIAN_POINT('',(-4.,-3.5,15.));
#4901 = VERTEX_POINT('',#4902);
#4902 = CARTESIAN_POINT('',(-4.,3.5,15.));
#4903 = SURFACE_CURVE('',#4904,(#4908,#4915),.PCURVE_S1.);
#4904 = LINE('',#4905,#4906);
#4905 = CARTESIAN_POINT('',(-4.,-5.5,15.));
#4906 = VECTOR('',#4907,1.);
#4907 = DIRECTION('',(0.,1.,0.));
#4908 = PCURVE('',#3094,#4909);
#4909 = DEFINITIONAL_REPRESENTATION('',(#4910),#4914);
#4910 = LINE('',#4911,#4912);
#4911 = CARTESIAN_POINT('',(2.,0.));
#4912 = VECTOR('',#4913,1.);
#4913 = DIRECTION('',(0.,1.));
#4914 = ( GEOMETRIC_REPRESENTATION_CONTEXT(2) 
PARAMETRIC_REPRESENTATION_CONTEXT() REPRESENTATION_CONTEXT('2D SPACE',''
  ) );
#4915 = PCURVE('',#4916,#4921);
#4916 = CYLINDRICAL_SURFACE('',#4917,2.);
#4917 = AXIS2_PLACEMENT_3D('',#4918,#4919,#4920);
#4918 = CARTESIAN_POINT('',(-4.,-5.5,13.));
#4919 = DIRECTION('',(0.,1.,0.));
#4920 = DIRECTION('',(-1.,0.,0.));
#4921 = DEFINITIONAL_REPRESENTATION('',(#4922),#4926);
#4922 = LINE('',#4923,#4924);
#4923 = CARTESIAN_POINT('',(1.570796326795,0.));
#4924 = VECTOR('',#4925,1.);
#4925 = DIRECTION('',(0.,1.));
#4926 = ( GEOMETRIC_REPRESENTATION_CONTEXT(2) 
PARAMETRIC_REPRESENTATION_CONTEXT() REPRESENTATION_CONTEXT('2D SPACE',''
  ) );
#4927 = ORIENTED_EDGE('',*,*,#4928,.T.);
#4928 = EDGE_CURVE('',#4899,#4793,#4929,.T.);
#4929 = SURFACE_CURVE('',#4930,(#4934,#4941),.PCURVE_S1.);
#4930 = LINE('',#4931,#4932);
#4931 = CARTESIAN_POINT('',(-6.,-3.5,15.));
#4932 = VECTOR('',#4933,1.);
#4933 = DIRECTION('',(1.,0.,0.));
#4934 = PCURVE('',#3094,#4935);
#4935 = DEFINITIONAL_REPRESENTATION('',(#4936),#4940);
#4936 = LINE('',#4937,#4938);
#4937 = CARTESIAN_POINT('',(0.,2.));
#4938 = VECTOR('',#4939,1.);
#4939 = DIRECTION('',(1.,0.));
#4940 = ( GEOMETRIC_REPRESENTATION_CONTEXT(2) 
PARAMETRIC_REPRESENTATION_CONTEXT() REPRESENTATION_CONTEXT('2D SPACE',''
  ) );
#4941 = PCURVE('',#4833,#4942);
#4942 = DEFINITIONAL_REPRESENTATION('',(#4943),#4947);
#4943 = LINE('',#4944,#4945);
#4944 = CARTESIAN_POINT('',(-1.570796326795,0.));
#4945 = VECTOR('',#4946,1.);
#4946 = DIRECTION('',(-0.,1.));
#4947 = ( GEOMETRIC_REPRESENTATION_CONTEXT(2) 
PARAMETRIC_REPRESENTATION_CONTEXT() REPRESENTATION_CONTEXT('2D SPACE',''
  ) );
#4948 = ORIENTED_EDGE('',*,*,#4873,.T.);
#4949 = ORIENTED_EDGE('',*,*,#3077,.F.);
#4950 = ORIENTED_EDGE('',*,*,#3320,.F.);
#4951 = ORIENTED_EDGE('',*,*,#3367,.F.);
#4952 = ORIENTED_EDGE('',*,*,#4953,.T.);
#4953 = EDGE_CURVE('',#3368,#4954,#4956,.T.);
#4954 = VERTEX_POINT('',#4955);
#4955 = CARTESIAN_POINT('',(4.,3.5,15.));
#4956 = SURFACE_CURVE('',#4957,(#4961,#4968),.PCURVE_S1.);
#4957 = LINE('',#4958,#4959);
#4958 = CARTESIAN_POINT('',(4.,-5.5,15.));
#4959 = VECTOR('',#4960,1.);
#4960 = DIRECTION('',(0.,1.,0.));
#4961 = PCURVE('',#3094,#4962);
#4962 = DEFINITIONAL_REPRESENTATION('',(#4963),#4967);
#4963 = LINE('',#4964,#4965);
#4964 = CARTESIAN_POINT('',(10.,0.));
#4965 = VECTOR('',#4966,1.);
#4966 = DIRECTION('',(0.,1.));
#4967 = ( GEOMETRIC_REPRESENTATION_CONTEXT(2) 
PARAMETRIC_REPRESENTATION_CONTEXT() REPRESENTATION_CONTEXT('2D SPACE',''
  ) );
#4968 = PCURVE('',#3413,#4969);
#4969 = DEFINITIONAL_REPRESENTATION('',(#4970),#4974);
#4970 = LINE('',#4971,#4972);
#4971 = CARTESIAN_POINT('',(-1.570796326795,0.));
#4972 = VECTOR('',#4973,1.);
#4973 = DIRECTION('',(-0.,1.));
#4974 = ( GEOMETRIC_REPRESENTATION_CONTEXT(2) 
PARAMETRIC_REPRESENTATION_CONTEXT() REPRESENTATION_CONTEXT('2D SPACE',''
  ) );
#4975 = ORIENTED_EDGE('',*,*,#4976,.F.);
#4976 = EDGE_CURVE('',#4901,#4954,#4977,.T.);
#4977 = SURFACE_CURVE('',#4978,(#4982,#4989),.PCURVE_S1.);
#4978 = LINE('',#4979,#4980);
#4979 = CARTESIAN_POINT('',(-6.,3.5,15.));
#4980 = VECTOR('',#4981,1.);
#4981 = DIRECTION('',(1.,0.,0.));
#4982 = PCURVE('',#3094,#4983);
#4983 = DEFINITIONAL_REPRESENTATION('',(#4984),#4988);
#4984 = LINE('',#4985,#4986);
#4985 = CARTESIAN_POINT('',(0.,9.));
#4986 = VECTOR('',#4987,1.);
#4987 = DIRECTION('',(1.,0.));
#4988 = ( GEOMETRIC_REPRESENTATION_CONTEXT(2) 
PARAMETRIC_REPRESENTATION_CONTEXT() REPRESENTATION_CONTEXT('2D SPACE',''
  ) );
#4989 = PCURVE('',#4990,#4995);
#4990 = CYLINDRICAL_SURFACE('',#4991,2.);
#4991 = AXIS2_PLACEMENT_3D('',#4992,#4993,#4994);
#4992 = CARTESIAN_POINT('',(-6.,3.5,13.));
#4993 = DIRECTION('',(1.,0.,0.));
#4994 = DIRECTION('',(-0.,1.,0.));
#4995 = DEFINITIONAL_REPRESENTATION('',(#4996),#5000);
#4996 = LINE('',#4997,#4998);
#4997 = CARTESIAN_POINT('',(1.570796326795,0.));
#4998 = VECTOR('',#4999,1.);
#4999 = DIRECTION('',(0.,1.));
#5000 = ( GEOMETRIC_REPRESENTATION_CONTEXT(2) 
PARAMETRIC_REPRESENTATION_CONTEXT() REPRESENTATION_CONTEXT('2D SPACE',''
  ) );
#5001 = FACE_BOUND('',#5002,.F.);
#5002 = EDGE_LOOP('',(#5003));
#5003 = ORIENTED_EDGE('',*,*,#5004,.F.);
#5004 = EDGE_CURVE('',#5005,#5005,#5007,.T.);
#5005 = VERTEX_POINT('',#5006);
#5006 = CARTESIAN_POINT('',(3.1,-7.592810154714E-16,15.));
#5007 = SURFACE_CURVE('',#5008,(#5013,#5020),.PCURVE_S1.);
#5008 = CIRCLE('',#5009,3.1);
#5009 = AXIS2_PLACEMENT_3D('',#5010,#5011,#5012);
#5010 = CARTESIAN_POINT('',(0.,0.,15.));
#5011 = DIRECTION('',(0.,0.,1.));
#5012 = DIRECTION('',(1.,0.,-0.));
#5013 = PCURVE('',#3094,#5014);
#5014 = DEFINITIONAL_REPRESENTATION('',(#5015),#5019);
#5015 = CIRCLE('',#5016,3.1);
#5016 = AXIS2_PLACEMENT_2D('',#5017,#5018);
#5017 = CARTESIAN_POINT('',(6.,5.5));
#5018 = DIRECTION('',(1.,0.));
#5019 = ( GEOMETRIC_REPRESENTATION_CONTEXT(2) 
PARAMETRIC_REPRESENTATION_CONTEXT() REPRESENTATION_CONTEXT('2D SPACE',''
  ) );
#5020 = PCURVE('',#5021,#5026);
#5021 = CYLINDRICAL_SURFACE('',#5022,3.1);
#5022 = AXIS2_PLACEMENT_3D('',#5023,#5024,#5025);
#5023 = CARTESIAN_POINT('',(0.,0.,0.));
#5024 = DIRECTION('',(0.,0.,1.));
#5025 = DIRECTION('',(1.,0.,-0.));
#5026 = DEFINITIONAL_REPRESENTATION('',(#5027),#5031);
#5027 = LINE('',#5028,#5029);
#5028 = CARTESIAN_POINT('',(0.,15.));
#5029 = VECTOR('',#5030,1.);
#5030 = DIRECTION('',(1.,0.));
#5031 = ( GEOMETRIC_REPRESENTATION_CONTEXT(2) 
PARAMETRIC_REPRESENTATION_CONTEXT() REPRESENTATION_CONTEXT('2D SPACE',''
  ) );
#5032 = ADVANCED_FACE('',(#5033),#3474,.F.);
#5033 = FACE_BOUND('',#5034,.F.);
#5034 = EDGE_LOOP('',(#5035,#5059,#5081,#5103,#5104));
#5035 = ORIENTED_EDGE('',*,*,#5036,.F.);
#5036 = EDGE_CURVE('',#5037,#3557,#5039,.T.);
#5037 = VERTEX_POINT('',#5038);
#5038 = CARTESIAN_POINT('',(4.,5.5,13.));
#5039 = SURFACE_CURVE('',#5040,(#5045,#5052),.PCURVE_S1.);
#5040 = CIRCLE('',#5041,2.);
#5041 = AXIS2_PLACEMENT_3D('',#5042,#5043,#5044);
#5042 = CARTESIAN_POINT('',(4.,3.5,13.));
#5043 = DIRECTION('',(2.22044604925E-16,0.,-1.));
#5044 = DIRECTION('',(1.,0.,2.22044604925E-16));
#5045 = PCURVE('',#3474,#5046);
#5046 = DEFINITIONAL_REPRESENTATION('',(#5047),#5051);
#5047 = LINE('',#5048,#5049);
#5048 = CARTESIAN_POINT('',(0.,-6.28318530718));
#5049 = VECTOR('',#5050,1.);
#5050 = DIRECTION('',(0.,1.));
#5051 = ( GEOMETRIC_REPRESENTATION_CONTEXT(2) 
PARAMETRIC_REPRESENTATION_CONTEXT() REPRESENTATION_CONTEXT('2D SPACE',''
  ) );
#5052 = PCURVE('',#3571,#5053);
#5053 = DEFINITIONAL_REPRESENTATION('',(#5054),#5058);
#5054 = LINE('',#5055,#5056);
#5055 = CARTESIAN_POINT('',(6.28318530718,8.));
#5056 = VECTOR('',#5057,1.);
#5057 = DIRECTION('',(-1.,-0.));
#5058 = ( GEOMETRIC_REPRESENTATION_CONTEXT(2) 
PARAMETRIC_REPRESENTATION_CONTEXT() REPRESENTATION_CONTEXT('2D SPACE',''
  ) );
#5059 = ORIENTED_EDGE('',*,*,#5060,.T.);
#5060 = EDGE_CURVE('',#5037,#4954,#5061,.T.);
#5061 = SURFACE_CURVE('',#5062,(#5067,#5074),.PCURVE_S1.);
#5062 = CIRCLE('',#5063,2.);
#5063 = AXIS2_PLACEMENT_3D('',#5064,#5065,#5066);
#5064 = CARTESIAN_POINT('',(4.,3.5,13.));
#5065 = DIRECTION('',(1.,0.,-6.123233995737E-17));
#5066 = DIRECTION('',(6.123233995737E-17,0.,1.));
#5067 = PCURVE('',#3474,#5068);
#5068 = DEFINITIONAL_REPRESENTATION('',(#5069),#5073);
#5069 = LINE('',#5070,#5071);
#5070 = CARTESIAN_POINT('',(1.570796326795,-6.28318530718));
#5071 = VECTOR('',#5072,1.);
#5072 = DIRECTION('',(0.,1.));
#5073 = ( GEOMETRIC_REPRESENTATION_CONTEXT(2) 
PARAMETRIC_REPRESENTATION_CONTEXT() REPRESENTATION_CONTEXT('2D SPACE',''
  ) );
#5074 = PCURVE('',#4990,#5075);
#5075 = DEFINITIONAL_REPRESENTATION('',(#5076),#5080);
#5076 = LINE('',#5077,#5078);
#5077 = CARTESIAN_POINT('',(-4.712388980385,10.));
#5078 = VECTOR('',#5079,1.);
#5079 = DIRECTION('',(1.,0.));
#5080 = ( GEOMETRIC_REPRESENTATION_CONTEXT(2) 
PARAMETRIC_REPRESENTATION_CONTEXT() REPRESENTATION_CONTEXT('2D SPACE',''
  ) );
#5081 = ORIENTED_EDGE('',*,*,#5082,.F.);
#5082 = EDGE_CURVE('',#3392,#4954,#5083,.T.);
#5083 = SURFACE_CURVE('',#5084,(#5089,#5096),.PCURVE_S1.);
#5084 = CIRCLE('',#5085,2.);
#5085 = AXIS2_PLACEMENT_3D('',#5086,#5087,#5088);
#5086 = CARTESIAN_POINT('',(4.,3.5,13.));
#5087 = DIRECTION('',(-0.,-1.,0.));
#5088 = DIRECTION('',(1.,-0.,2.22044604925E-16));
#5089 = PCURVE('',#3474,#5090);
#5090 = DEFINITIONAL_REPRESENTATION('',(#5091),#5095);
#5091 = LINE('',#5092,#5093);
#5092 = CARTESIAN_POINT('',(0.,0.));
#5093 = VECTOR('',#5094,1.);
#5094 = DIRECTION('',(1.,0.));
#5095 = ( GEOMETRIC_REPRESENTATION_CONTEXT(2) 
PARAMETRIC_REPRESENTATION_CONTEXT() REPRESENTATION_CONTEXT('2D SPACE',''
  ) );
#5096 = PCURVE('',#3413,#5097);
#5097 = DEFINITIONAL_REPRESENTATION('',(#5098),#5102);
#5098 = LINE('',#5099,#5100);
#5099 = CARTESIAN_POINT('',(-0.,9.));
#5100 = VECTOR('',#5101,1.);
#5101 = DIRECTION('',(-1.,0.));
#5102 = ( GEOMETRIC_REPRESENTATION_CONTEXT(2) 
PARAMETRIC_REPRESENTATION_CONTEXT() REPRESENTATION_CONTEXT('2D SPACE',''
  ) );
#5103 = ORIENTED_EDGE('',*,*,#3428,.T.);
#5104 = ORIENTED_EDGE('',*,*,#3582,.F.);
#5105 = ADVANCED_FACE('',(#5106),#3413,.F.);
#5106 = FACE_BOUND('',#5107,.T.);
#5107 = EDGE_LOOP('',(#5108,#5109,#5110));
#5108 = ORIENTED_EDGE('',*,*,#3391,.F.);
#5109 = ORIENTED_EDGE('',*,*,#4953,.T.);
#5110 = ORIENTED_EDGE('',*,*,#5082,.F.);
#5111 = ADVANCED_FACE('',(#5112),#3544,.F.);
#5112 = FACE_BOUND('',#5113,.T.);
#5113 = EDGE_LOOP('',(#5114,#5171,#5199,#5221,#5222,#5260));
#5114 = ORIENTED_EDGE('',*,*,#5115,.T.);
#5115 = EDGE_CURVE('',#5116,#5118,#5120,.T.);
#5116 = VERTEX_POINT('',#5117);
#5117 = CARTESIAN_POINT('',(5.923572178252,3.5,6.452396060044));
#5118 = VERTEX_POINT('',#5119);
#5119 = CARTESIAN_POINT('',(5.732050807569,2.375,6.));
#5120 = SURFACE_CURVE('',#5121,(#5134,#5150),.PCURVE_S1.);
#5121 = B_SPLINE_CURVE_WITH_KNOTS('',6,(#5122,#5123,#5124,#5125,#5126,
    #5127,#5128,#5129,#5130,#5131,#5132,#5133),.UNSPECIFIED.,.F.,.F.,(7,
    5,7),(0.,0.346374091372,1.),.UNSPECIFIED.);
#5122 = CARTESIAN_POINT('',(5.923572342126,3.5000006,6.452396635686));
#5123 = CARTESIAN_POINT('',(5.908784987432,3.445858974775,6.400452932712
    ));
#5124 = CARTESIAN_POINT('',(5.893219086308,3.389523888689,6.352165551613
    ));
#5125 = CARTESIAN_POINT('',(5.87727867543,3.331233368682,6.307490981633)
  );
#5126 = CARTESIAN_POINT('',(5.861332879723,3.271188177976,6.266390023128
    ));
#5127 = CARTESIAN_POINT('',(5.845719920658,3.209553029285,6.22883183186)
  );
#5128 = CARTESIAN_POINT('',(5.8025042285,3.02739381813,6.130574284799));
#5129 = CARTESIAN_POINT('',(5.776421104231,2.902582498652,6.078605330533
    ));
#5130 = CARTESIAN_POINT('',(5.754829404576,2.773656325332,6.03945079491)
  );
#5131 = CARTESIAN_POINT('',(5.739684217271,2.642041695565,6.013222260677
    ));
#5132 = CARTESIAN_POINT('',(5.732050807569,2.508807694252,6.));
#5133 = CARTESIAN_POINT('',(5.732050807569,2.375,6.));
#5134 = PCURVE('',#3544,#5135);
#5135 = DEFINITIONAL_REPRESENTATION('',(#5136),#5149);
#5136 = B_SPLINE_CURVE_WITH_KNOTS('',6,(#5137,#5138,#5139,#5140,#5141,
    #5142,#5143,#5144,#5145,#5146,#5147,#5148),.UNSPECIFIED.,.F.,.F.,(7,
    5,7),(0.,0.346374091372,1.),.UNSPECIFIED.);
#5137 = CARTESIAN_POINT('',(-0.80611363725,2.173572342126));
#5138 = CARTESIAN_POINT('',(-0.852285793047,2.158784987432));
#5139 = CARTESIAN_POINT('',(-0.897874278048,2.143219086308));
#5140 = CARTESIAN_POINT('',(-0.942968998959,2.12727867543));
#5141 = CARTESIAN_POINT('',(-0.987652614893,2.111332879723));
#5142 = CARTESIAN_POINT('',(-1.032007720059,2.095719920658));
#5143 = CARTESIAN_POINT('',(-1.159373788962,2.0525042285));
#5144 = CARTESIAN_POINT('',(-1.242155830166,2.026421104231));
#5145 = CARTESIAN_POINT('',(-1.324463410318,2.004829404576));
#5146 = CARTESIAN_POINT('',(-1.406463219739,1.989684217271));
#5147 = CARTESIAN_POINT('',(-1.488453130332,1.982050807569));
#5148 = CARTESIAN_POINT('',(-1.570796326795,1.982050807569));
#5149 = ( GEOMETRIC_REPRESENTATION_CONTEXT(2) 
PARAMETRIC_REPRESENTATION_CONTEXT() REPRESENTATION_CONTEXT('2D SPACE',''
  ) );
#5150 = PCURVE('',#5151,#5156);
#5151 = CYLINDRICAL_SURFACE('',#5152,2.);
#5152 = AXIS2_PLACEMENT_3D('',#5153,#5154,#5155);
#5153 = CARTESIAN_POINT('',(4.,-5.5,7.));
#5154 = DIRECTION('',(0.,1.,0.));
#5155 = DIRECTION('',(1.,0.,-0.));
#5156 = DEFINITIONAL_REPRESENTATION('',(#5157),#5170);
#5157 = B_SPLINE_CURVE_WITH_KNOTS('',6,(#5158,#5159,#5160,#5161,#5162,
    #5163,#5164,#5165,#5166,#5167,#5168,#5169),.UNSPECIFIED.,.F.,.F.,(7,
    5,7),(0.,0.346374091372,1.),.UNSPECIFIED.);
#5158 = CARTESIAN_POINT('',(0.277343551447,9.0000006));
#5159 = CARTESIAN_POINT('',(0.304347320339,8.945858974775));
#5160 = CARTESIAN_POINT('',(0.329699412405,8.889523888689));
#5161 = CARTESIAN_POINT('',(0.353400682927,8.831233368682));
#5162 = CARTESIAN_POINT('',(0.375433662466,8.771188177976));
#5163 = CARTESIAN_POINT('',(0.395766441202,8.709553029285));
#5164 = CARTESIAN_POINT('',(0.449437060732,8.52739381813));
#5165 = CARTESIAN_POINT('',(0.478472667384,8.402582498652));
#5166 = CARTESIAN_POINT('',(0.500819805143,8.273656325332));
#5167 = CARTESIAN_POINT('',(0.515965449693,8.142041695565));
#5168 = CARTESIAN_POINT('',(0.523598775598,8.008807694252));
#5169 = CARTESIAN_POINT('',(0.523598775598,7.875));
#5170 = ( GEOMETRIC_REPRESENTATION_CONTEXT(2) 
PARAMETRIC_REPRESENTATION_CONTEXT() REPRESENTATION_CONTEXT('2D SPACE',''
  ) );
#5171 = ORIENTED_EDGE('',*,*,#5172,.T.);
#5172 = EDGE_CURVE('',#5118,#5173,#5175,.T.);
#5173 = VERTEX_POINT('',#5174);
#5174 = CARTESIAN_POINT('',(8.625,2.375,6.));
#5175 = SURFACE_CURVE('',#5176,(#5180,#5187),.PCURVE_S1.);
#5176 = LINE('',#5177,#5178);
#5177 = CARTESIAN_POINT('',(3.75,2.375,6.));
#5178 = VECTOR('',#5179,1.);
#5179 = DIRECTION('',(1.,0.,0.));
#5180 = PCURVE('',#3544,#5181);
#5181 = DEFINITIONAL_REPRESENTATION('',(#5182),#5186);
#5182 = LINE('',#5183,#5184);
#5183 = CARTESIAN_POINT('',(-1.570796326795,0.));
#5184 = VECTOR('',#5185,1.);
#5185 = DIRECTION('',(-0.,1.));
#5186 = ( GEOMETRIC_REPRESENTATION_CONTEXT(2) 
PARAMETRIC_REPRESENTATION_CONTEXT() REPRESENTATION_CONTEXT('2D SPACE',''
  ) );
#5187 = PCURVE('',#5188,#5193);
#5188 = PLANE('',#5189);
#5189 = AXIS2_PLACEMENT_3D('',#5190,#5191,#5192);
#5190 = CARTESIAN_POINT('',(3.75,-4.,6.));
#5191 = DIRECTION('',(0.,0.,1.));
#5192 = DIRECTION('',(1.,0.,0.));
#5193 = DEFINITIONAL_REPRESENTATION('',(#5194),#5198);
#5194 = LINE('',#5195,#5196);
#5195 = CARTESIAN_POINT('',(0.,6.375));
#5196 = VECTOR('',#5197,1.);
#5197 = DIRECTION('',(1.,0.));
#5198 = ( GEOMETRIC_REPRESENTATION_CONTEXT(2) 
PARAMETRIC_REPRESENTATION_CONTEXT() REPRESENTATION_CONTEXT('2D SPACE',''
  ) );
#5199 = ORIENTED_EDGE('',*,*,#5200,.T.);
#5200 = EDGE_CURVE('',#5173,#3529,#5201,.T.);
#5201 = SURFACE_CURVE('',#5202,(#5207,#5214),.PCURVE_S1.);
#5202 = CIRCLE('',#5203,1.625);
#5203 = AXIS2_PLACEMENT_3D('',#5204,#5205,#5206);
#5204 = CARTESIAN_POINT('',(8.625,2.375,7.625));
#5205 = DIRECTION('',(1.,-6.123233995737E-17,0.));
#5206 = DIRECTION('',(6.123233995737E-17,1.,0.));
#5207 = PCURVE('',#3544,#5208);
#5208 = DEFINITIONAL_REPRESENTATION('',(#5209),#5213);
#5209 = LINE('',#5210,#5211);
#5210 = CARTESIAN_POINT('',(-6.28318530718,4.875));
#5211 = VECTOR('',#5212,1.);
#5212 = DIRECTION('',(1.,-0.));
#5213 = ( GEOMETRIC_REPRESENTATION_CONTEXT(2) 
PARAMETRIC_REPRESENTATION_CONTEXT() REPRESENTATION_CONTEXT('2D SPACE',''
  ) );
#5214 = PCURVE('',#3672,#5215);
#5215 = DEFINITIONAL_REPRESENTATION('',(#5216),#5220);
#5216 = LINE('',#5217,#5218);
#5217 = CARTESIAN_POINT('',(1.570796326795,-6.28318530718));
#5218 = VECTOR('',#5219,1.);
#5219 = DIRECTION('',(0.,1.));
#5220 = ( GEOMETRIC_REPRESENTATION_CONTEXT(2) 
PARAMETRIC_REPRESENTATION_CONTEXT() REPRESENTATION_CONTEXT('2D SPACE',''
  ) );
#5221 = ORIENTED_EDGE('',*,*,#3526,.F.);
#5222 = ORIENTED_EDGE('',*,*,#5223,.T.);
#5223 = EDGE_CURVE('',#3527,#5224,#5226,.T.);
#5224 = VERTEX_POINT('',#5225);
#5225 = CARTESIAN_POINT('',(5.964529205688,3.875,7.));
#5226 = SURFACE_CURVE('',#5227,(#5236,#5248),.PCURVE_S1.);
#5227 = B_SPLINE_CURVE_WITH_KNOTS('',4,(#5228,#5229,#5230,#5231,#5232,
    #5233,#5234,#5235),.UNSPECIFIED.,.F.,.F.,(5,3,5),(0.,0.511333820236,
    1.),.UNSPECIFIED.);
#5228 = CARTESIAN_POINT('',(5.936491673104,4.,7.625));
#5229 = CARTESIAN_POINT('',(5.936491673104,4.,7.543550362026));
#5230 = CARTESIAN_POINT('',(5.937897446645,3.994556386793,7.462100613337
    ));
#5231 = CARTESIAN_POINT('',(5.940707285067,3.983670772435,7.381059608181
    ));
#5232 = CARTESIAN_POINT('',(5.948383747294,3.951728338401,7.224156956517
    ));
#5233 = CARTESIAN_POINT('',(5.953153820055,3.931145635023,7.148234193744
    ));
#5234 = CARTESIAN_POINT('',(5.958692322471,3.90557796126,7.073387024341)
  );
#5235 = CARTESIAN_POINT('',(5.964529253409,3.87499975,6.9999994));
#5236 = PCURVE('',#3544,#5237);
#5237 = DEFINITIONAL_REPRESENTATION('',(#5238),#5247);
#5238 = B_SPLINE_CURVE_WITH_KNOTS('',4,(#5239,#5240,#5241,#5242,#5243,
    #5244,#5245,#5246),.UNSPECIFIED.,.F.,.F.,(5,3,5),(0.,0.511333820236,
    1.),.UNSPECIFIED.);
#5239 = CARTESIAN_POINT('',(-8.881784197001E-16,2.186491673104));
#5240 = CARTESIAN_POINT('',(-5.012285413815E-02,2.186491673104));
#5241 = CARTESIAN_POINT('',(-0.100246160625,2.187897446645));
#5242 = CARTESIAN_POINT('',(-0.150451846572,2.190707285067));
#5243 = CARTESIAN_POINT('',(-0.248987897592,2.198383747294));
#5244 = CARTESIAN_POINT('',(-0.297297713051,2.203153820055));
#5245 = CARTESIAN_POINT('',(-0.345866428652,2.208692322471));
#5246 = CARTESIAN_POINT('',(-0.3947915197,2.214529253409));
#5247 = ( GEOMETRIC_REPRESENTATION_CONTEXT(2) 
PARAMETRIC_REPRESENTATION_CONTEXT() REPRESENTATION_CONTEXT('2D SPACE',''
  ) );
#5248 = PCURVE('',#3571,#5249);
#5249 = DEFINITIONAL_REPRESENTATION('',(#5250),#5259);
#5250 = B_SPLINE_CURVE_WITH_KNOTS('',4,(#5251,#5252,#5253,#5254,#5255,
    #5256,#5257,#5258),.UNSPECIFIED.,.F.,.F.,(5,3,5),(0.,0.511333820236,
    1.),.UNSPECIFIED.);
#5251 = CARTESIAN_POINT('',(0.252680255142,2.625));
#5252 = CARTESIAN_POINT('',(0.252680255142,2.543550362026));
#5253 = CARTESIAN_POINT('',(0.249868988455,2.462100613337));
#5254 = CARTESIAN_POINT('',(0.244248345338,2.381059608181));
#5255 = CARTESIAN_POINT('',(0.227822396627,2.224156956517));
#5256 = CARTESIAN_POINT('',(0.217258223498,2.148234193744));
#5257 = CARTESIAN_POINT('',(0.204181418463,2.073387024341));
#5258 = CARTESIAN_POINT('',(0.188616258918,1.9999994));
#5259 = ( GEOMETRIC_REPRESENTATION_CONTEXT(2) 
PARAMETRIC_REPRESENTATION_CONTEXT() REPRESENTATION_CONTEXT('2D SPACE',''
  ) );
#5260 = ORIENTED_EDGE('',*,*,#5261,.T.);
#5261 = EDGE_CURVE('',#5224,#5116,#5262,.T.);
#5262 = SURFACE_CURVE('',#5263,(#5274,#5288),.PCURVE_S1.);
#5263 = B_SPLINE_CURVE_WITH_KNOTS('',5,(#5264,#5265,#5266,#5267,#5268,
    #5269,#5270,#5271,#5272,#5273),.UNSPECIFIED.,.F.,.F.,(6,4,6),(0.,
    0.405015560575,1.),.UNSPECIFIED.);
#5264 = CARTESIAN_POINT('',(5.964529205688,3.875,7.));
#5265 = CARTESIAN_POINT('',(5.968519577765,3.854095460033,6.94982910408)
  );
#5266 = CARTESIAN_POINT('',(5.971031624504,3.831035251129,6.900392864987
    ));
#5267 = CARTESIAN_POINT('',(5.972049045842,3.805874649527,6.851889425638
    ));
#5268 = CARTESIAN_POINT('',(5.971567711151,3.778703478269,6.804505975976
    ));
#5269 = CARTESIAN_POINT('',(5.966702059181,3.706959610749,6.69070041244)
  );
#5270 = CARTESIAN_POINT('',(5.960592544166,3.660197899624,6.625765542743
    ));
#5271 = CARTESIAN_POINT('',(5.951298823254,3.609760061889,6.564158539363
    ));
#5272 = CARTESIAN_POINT('',(5.938912463037,3.556166087424,6.506281985376
    ));
#5273 = CARTESIAN_POINT('',(5.923572178252,3.5,6.452396060044));
#5274 = PCURVE('',#3544,#5275);
#5275 = DEFINITIONAL_REPRESENTATION('',(#5276),#5287);
#5276 = B_SPLINE_CURVE_WITH_KNOTS('',5,(#5277,#5278,#5279,#5280,#5281,
    #5282,#5283,#5284,#5285,#5286),.UNSPECIFIED.,.F.,.F.,(6,4,6),(0.,
    0.405015560575,1.),.UNSPECIFIED.);
#5277 = CARTESIAN_POINT('',(-0.3947911197,2.214529205688));
#5278 = CARTESIAN_POINT('',(-0.428238383647,2.218519577765));
#5279 = CARTESIAN_POINT('',(-0.461778548608,2.221031624504));
#5280 = CARTESIAN_POINT('',(-0.495363910539,2.222049045842));
#5281 = CARTESIAN_POINT('',(-0.528947494504,2.221567711151));
#5282 = CARTESIAN_POINT('',(-0.611736485725,2.216702059181));
#5283 = CARTESIAN_POINT('',(-0.660885966595,2.210592544166));
#5284 = CARTESIAN_POINT('',(-0.709758892899,2.201298823254));
#5285 = CARTESIAN_POINT('',(-0.758215548637,2.188912463037));
#5286 = CARTESIAN_POINT('',(-0.806114148932,2.173572178252));
#5287 = ( GEOMETRIC_REPRESENTATION_CONTEXT(2) 
PARAMETRIC_REPRESENTATION_CONTEXT() REPRESENTATION_CONTEXT('2D SPACE',''
  ) );
#5288 = PCURVE('',#5289,#5294);
#5289 = SPHERICAL_SURFACE('',#5290,2.);
#5290 = AXIS2_PLACEMENT_3D('',#5291,#5292,#5293);
#5291 = CARTESIAN_POINT('',(4.,3.5,7.));
#5292 = DIRECTION('',(0.,0.,1.));
#5293 = DIRECTION('',(1.,2.22044604925E-16,-0.));
#5294 = DEFINITIONAL_REPRESENTATION('',(#5295),#5306);
#5295 = B_SPLINE_CURVE_WITH_KNOTS('',5,(#5296,#5297,#5298,#5299,#5300,
    #5301,#5302,#5303,#5304,#5305),.UNSPECIFIED.,.F.,.F.,(6,4,6),(0.,
    0.405015560575,1.),.UNSPECIFIED.);
#5296 = CARTESIAN_POINT('',(0.188616386175,8.881784197001E-16));
#5297 = CARTESIAN_POINT('',(0.177975393969,-2.508544796016E-02));
#5298 = CARTESIAN_POINT('',(0.16641425727,-4.980355886731E-02));
#5299 = CARTESIAN_POINT('',(0.153917410807,-7.408820299165E-02));
#5300 = CARTESIAN_POINT('',(0.140472412144,-9.787270960344E-02));
#5301 = CARTESIAN_POINT('',(0.104930868157,-0.155195226681));
#5302 = CARTESIAN_POINT('',(8.173200701508E-02,-0.188078944928));
#5303 = CARTESIAN_POINT('',(5.647838778134E-02,-0.219521443139));
#5304 = CARTESIAN_POINT('',(2.919884580332E-02,-0.249330383915));
#5305 = CARTESIAN_POINT('',(0.,-0.277343850704));
#5306 = ( GEOMETRIC_REPRESENTATION_CONTEXT(2) 
PARAMETRIC_REPRESENTATION_CONTEXT() REPRESENTATION_CONTEXT('2D SPACE',''
  ) );
#5307 = ADVANCED_FACE('',(#5308),#3571,.F.);
#5308 = FACE_BOUND('',#5309,.F.);
#5309 = EDGE_LOOP('',(#5310,#5311,#5335,#5361,#5362));
#5310 = ORIENTED_EDGE('',*,*,#5223,.T.);
#5311 = ORIENTED_EDGE('',*,*,#5312,.T.);
#5312 = EDGE_CURVE('',#5224,#5313,#5315,.T.);
#5313 = VERTEX_POINT('',#5314);
#5314 = CARTESIAN_POINT('',(4.,5.5,7.));
#5315 = SURFACE_CURVE('',#5316,(#5321,#5328),.PCURVE_S1.);
#5316 = CIRCLE('',#5317,2.);
#5317 = AXIS2_PLACEMENT_3D('',#5318,#5319,#5320);
#5318 = CARTESIAN_POINT('',(4.,3.5,7.));
#5319 = DIRECTION('',(0.,0.,1.));
#5320 = DIRECTION('',(1.,2.22044604925E-16,-0.));
#5321 = PCURVE('',#3571,#5322);
#5322 = DEFINITIONAL_REPRESENTATION('',(#5323),#5327);
#5323 = LINE('',#5324,#5325);
#5324 = CARTESIAN_POINT('',(0.,2.));
#5325 = VECTOR('',#5326,1.);
#5326 = DIRECTION('',(1.,0.));
#5327 = ( GEOMETRIC_REPRESENTATION_CONTEXT(2) 
PARAMETRIC_REPRESENTATION_CONTEXT() REPRESENTATION_CONTEXT('2D SPACE',''
  ) );
#5328 = PCURVE('',#5289,#5329);
#5329 = DEFINITIONAL_REPRESENTATION('',(#5330),#5334);
#5330 = LINE('',#5331,#5332);
#5331 = CARTESIAN_POINT('',(0.,0.));
#5332 = VECTOR('',#5333,1.);
#5333 = DIRECTION('',(1.,0.));
#5334 = ( GEOMETRIC_REPRESENTATION_CONTEXT(2) 
PARAMETRIC_REPRESENTATION_CONTEXT() REPRESENTATION_CONTEXT('2D SPACE',''
  ) );
#5335 = ORIENTED_EDGE('',*,*,#5336,.T.);
#5336 = EDGE_CURVE('',#5313,#5037,#5337,.T.);
#5337 = SURFACE_CURVE('',#5338,(#5342,#5349),.PCURVE_S1.);
#5338 = LINE('',#5339,#5340);
#5339 = CARTESIAN_POINT('',(4.,5.5,5.));
#5340 = VECTOR('',#5341,1.);
#5341 = DIRECTION('',(0.,0.,1.));
#5342 = PCURVE('',#3571,#5343);
#5343 = DEFINITIONAL_REPRESENTATION('',(#5344),#5348);
#5344 = LINE('',#5345,#5346);
#5345 = CARTESIAN_POINT('',(1.570796326795,0.));
#5346 = VECTOR('',#5347,1.);
#5347 = DIRECTION('',(0.,1.));
#5348 = ( GEOMETRIC_REPRESENTATION_CONTEXT(2) 
PARAMETRIC_REPRESENTATION_CONTEXT() REPRESENTATION_CONTEXT('2D SPACE',''
  ) );
#5349 = PCURVE('',#5350,#5355);
#5350 = PLANE('',#5351);
#5351 = AXIS2_PLACEMENT_3D('',#5352,#5353,#5354);
#5352 = CARTESIAN_POINT('',(-6.,5.5,5.));
#5353 = DIRECTION('',(0.,1.,0.));
#5354 = DIRECTION('',(0.,0.,1.));
#5355 = DEFINITIONAL_REPRESENTATION('',(#5356),#5360);
#5356 = LINE('',#5357,#5358);
#5357 = CARTESIAN_POINT('',(0.,10.));
#5358 = VECTOR('',#5359,1.);
#5359 = DIRECTION('',(1.,0.));
#5360 = ( GEOMETRIC_REPRESENTATION_CONTEXT(2) 
PARAMETRIC_REPRESENTATION_CONTEXT() REPRESENTATION_CONTEXT('2D SPACE',''
  ) );
#5361 = ORIENTED_EDGE('',*,*,#5036,.T.);
#5362 = ORIENTED_EDGE('',*,*,#3556,.F.);
#5363 = ADVANCED_FACE('',(#5364),#3672,.F.);
#5364 = FACE_BOUND('',#5365,.F.);
#5365 = EDGE_LOOP('',(#5366,#5388,#5389));
#5366 = ORIENTED_EDGE('',*,*,#5367,.F.);
#5367 = EDGE_CURVE('',#5173,#3635,#5368,.T.);
#5368 = SURFACE_CURVE('',#5369,(#5374,#5381),.PCURVE_S1.);
#5369 = CIRCLE('',#5370,1.625);
#5370 = AXIS2_PLACEMENT_3D('',#5371,#5372,#5373);
#5371 = CARTESIAN_POINT('',(8.625,2.375,7.625));
#5372 = DIRECTION('',(0.,-1.,0.));
#5373 = DIRECTION('',(1.,0.,0.));
#5374 = PCURVE('',#3672,#5375);
#5375 = DEFINITIONAL_REPRESENTATION('',(#5376),#5380);
#5376 = LINE('',#5377,#5378);
#5377 = CARTESIAN_POINT('',(0.,-6.28318530718));
#5378 = VECTOR('',#5379,1.);
#5379 = DIRECTION('',(0.,1.));
#5380 = ( GEOMETRIC_REPRESENTATION_CONTEXT(2) 
PARAMETRIC_REPRESENTATION_CONTEXT() REPRESENTATION_CONTEXT('2D SPACE',''
  ) );
#5381 = PCURVE('',#3726,#5382);
#5382 = DEFINITIONAL_REPRESENTATION('',(#5383),#5387);
#5383 = LINE('',#5384,#5385);
#5384 = CARTESIAN_POINT('',(6.28318530718,6.375));
#5385 = VECTOR('',#5386,1.);
#5386 = DIRECTION('',(-1.,-0.));
#5387 = ( GEOMETRIC_REPRESENTATION_CONTEXT(2) 
PARAMETRIC_REPRESENTATION_CONTEXT() REPRESENTATION_CONTEXT('2D SPACE',''
  ) );
#5388 = ORIENTED_EDGE('',*,*,#5200,.T.);
#5389 = ORIENTED_EDGE('',*,*,#3657,.F.);
#5390 = ADVANCED_FACE('',(#5391),#3726,.F.);
#5391 = FACE_BOUND('',#5392,.F.);
#5392 = EDGE_LOOP('',(#5393,#5417,#5438,#5439));
#5393 = ORIENTED_EDGE('',*,*,#5394,.F.);
#5394 = EDGE_CURVE('',#5395,#3690,#5397,.T.);
#5395 = VERTEX_POINT('',#5396);
#5396 = CARTESIAN_POINT('',(8.625,-2.375,6.));
#5397 = SURFACE_CURVE('',#5398,(#5403,#5410),.PCURVE_S1.);
#5398 = CIRCLE('',#5399,1.625);
#5399 = AXIS2_PLACEMENT_3D('',#5400,#5401,#5402);
#5400 = CARTESIAN_POINT('',(8.625,-2.375,7.625));
#5401 = DIRECTION('',(0.,-1.,0.));
#5402 = DIRECTION('',(1.,0.,0.));
#5403 = PCURVE('',#3726,#5404);
#5404 = DEFINITIONAL_REPRESENTATION('',(#5405),#5409);
#5405 = LINE('',#5406,#5407);
#5406 = CARTESIAN_POINT('',(6.28318530718,1.625));
#5407 = VECTOR('',#5408,1.);
#5408 = DIRECTION('',(-1.,-0.));
#5409 = ( GEOMETRIC_REPRESENTATION_CONTEXT(2) 
PARAMETRIC_REPRESENTATION_CONTEXT() REPRESENTATION_CONTEXT('2D SPACE',''
  ) );
#5410 = PCURVE('',#3761,#5411);
#5411 = DEFINITIONAL_REPRESENTATION('',(#5412),#5416);
#5412 = LINE('',#5413,#5414);
#5413 = CARTESIAN_POINT('',(-0.,-6.28318530718));
#5414 = VECTOR('',#5415,1.);
#5415 = DIRECTION('',(-0.,1.));
#5416 = ( GEOMETRIC_REPRESENTATION_CONTEXT(2) 
PARAMETRIC_REPRESENTATION_CONTEXT() REPRESENTATION_CONTEXT('2D SPACE',''
  ) );
#5417 = ORIENTED_EDGE('',*,*,#5418,.T.);
#5418 = EDGE_CURVE('',#5395,#5173,#5419,.T.);
#5419 = SURFACE_CURVE('',#5420,(#5424,#5431),.PCURVE_S1.);
#5420 = LINE('',#5421,#5422);
#5421 = CARTESIAN_POINT('',(8.625,-4.,6.));
#5422 = VECTOR('',#5423,1.);
#5423 = DIRECTION('',(0.,1.,0.));
#5424 = PCURVE('',#3726,#5425);
#5425 = DEFINITIONAL_REPRESENTATION('',(#5426),#5430);
#5426 = LINE('',#5427,#5428);
#5427 = CARTESIAN_POINT('',(1.570796326795,0.));
#5428 = VECTOR('',#5429,1.);
#5429 = DIRECTION('',(0.,1.));
#5430 = ( GEOMETRIC_REPRESENTATION_CONTEXT(2) 
PARAMETRIC_REPRESENTATION_CONTEXT() REPRESENTATION_CONTEXT('2D SPACE',''
  ) );
#5431 = PCURVE('',#5188,#5432);
#5432 = DEFINITIONAL_REPRESENTATION('',(#5433),#5437);
#5433 = LINE('',#5434,#5435);
#5434 = CARTESIAN_POINT('',(4.875,0.));
#5435 = VECTOR('',#5436,1.);
#5436 = DIRECTION('',(0.,1.));
#5437 = ( GEOMETRIC_REPRESENTATION_CONTEXT(2) 
PARAMETRIC_REPRESENTATION_CONTEXT() REPRESENTATION_CONTEXT('2D SPACE',''
  ) );
#5438 = ORIENTED_EDGE('',*,*,#5367,.T.);
#5439 = ORIENTED_EDGE('',*,*,#3712,.F.);
#5440 = ADVANCED_FACE('',(#5441),#3761,.F.);
#5441 = FACE_BOUND('',#5442,.T.);
#5442 = EDGE_LOOP('',(#5443,#5444,#5466));
#5443 = ORIENTED_EDGE('',*,*,#5394,.F.);
#5444 = ORIENTED_EDGE('',*,*,#5445,.T.);
#5445 = EDGE_CURVE('',#5395,#3745,#5446,.T.);
#5446 = SURFACE_CURVE('',#5447,(#5452,#5459),.PCURVE_S1.);
#5447 = CIRCLE('',#5448,1.625);
#5448 = AXIS2_PLACEMENT_3D('',#5449,#5450,#5451);
#5449 = CARTESIAN_POINT('',(8.625,-2.375,7.625));
#5450 = DIRECTION('',(-1.,-6.123233995737E-17,0.));
#5451 = DIRECTION('',(6.123233995737E-17,-1.,-0.));
#5452 = PCURVE('',#3761,#5453);
#5453 = DEFINITIONAL_REPRESENTATION('',(#5454),#5458);
#5454 = LINE('',#5455,#5456);
#5455 = CARTESIAN_POINT('',(-1.570796326795,-6.28318530718));
#5456 = VECTOR('',#5457,1.);
#5457 = DIRECTION('',(-0.,1.));
#5458 = ( GEOMETRIC_REPRESENTATION_CONTEXT(2) 
PARAMETRIC_REPRESENTATION_CONTEXT() REPRESENTATION_CONTEXT('2D SPACE',''
  ) );
#5459 = PCURVE('',#3847,#5460);
#5460 = DEFINITIONAL_REPRESENTATION('',(#5461),#5465);
#5461 = LINE('',#5462,#5463);
#5462 = CARTESIAN_POINT('',(6.28318530718,4.875));
#5463 = VECTOR('',#5464,1.);
#5464 = DIRECTION('',(-1.,-0.));
#5465 = ( GEOMETRIC_REPRESENTATION_CONTEXT(2) 
PARAMETRIC_REPRESENTATION_CONTEXT() REPRESENTATION_CONTEXT('2D SPACE',''
  ) );
#5466 = ORIENTED_EDGE('',*,*,#3744,.F.);
#5467 = ADVANCED_FACE('',(#5468),#3872,.F.);
#5468 = FACE_BOUND('',#5469,.T.);
#5469 = EDGE_LOOP('',(#5470,#5508,#5537,#5563,#5564));
#5470 = ORIENTED_EDGE('',*,*,#5471,.T.);
#5471 = EDGE_CURVE('',#3832,#5472,#5474,.T.);
#5472 = VERTEX_POINT('',#5473);
#5473 = CARTESIAN_POINT('',(5.964529205688,-3.875,7.));
#5474 = SURFACE_CURVE('',#5475,(#5484,#5496),.PCURVE_S1.);
#5475 = B_SPLINE_CURVE_WITH_KNOTS('',4,(#5476,#5477,#5478,#5479,#5480,
    #5481,#5482,#5483),.UNSPECIFIED.,.F.,.F.,(5,3,5),(0.,0.511333820236,
    1.),.UNSPECIFIED.);
#5476 = CARTESIAN_POINT('',(5.936491673104,-4.,7.625));
#5477 = CARTESIAN_POINT('',(5.936491673104,-4.,7.543550362026));
#5478 = CARTESIAN_POINT('',(5.937897446645,-3.994556386793,
    7.462100613337));
#5479 = CARTESIAN_POINT('',(5.940707285067,-3.983670772435,
    7.381059608181));
#5480 = CARTESIAN_POINT('',(5.948383747294,-3.951728338401,
    7.224156956517));
#5481 = CARTESIAN_POINT('',(5.953153820055,-3.931145635023,
    7.148234193744));
#5482 = CARTESIAN_POINT('',(5.958692322471,-3.90557796126,7.073387024341
    ));
#5483 = CARTESIAN_POINT('',(5.964529253409,-3.87499975,6.9999994));
#5484 = PCURVE('',#3872,#5485);
#5485 = DEFINITIONAL_REPRESENTATION('',(#5486),#5495);
#5486 = B_SPLINE_CURVE_WITH_KNOTS('',4,(#5487,#5488,#5489,#5490,#5491,
    #5492,#5493,#5494),.UNSPECIFIED.,.F.,.F.,(5,3,5),(0.,0.511333820236,
    1.),.UNSPECIFIED.);
#5487 = CARTESIAN_POINT('',(-0.252680255142,2.625));
#5488 = CARTESIAN_POINT('',(-0.252680255142,2.543550362026));
#5489 = CARTESIAN_POINT('',(-0.249868988455,2.462100613337));
#5490 = CARTESIAN_POINT('',(-0.244248345338,2.381059608181));
#5491 = CARTESIAN_POINT('',(-0.227822396627,2.224156956517));
#5492 = CARTESIAN_POINT('',(-0.217258223498,2.148234193744));
#5493 = CARTESIAN_POINT('',(-0.204181418463,2.073387024341));
#5494 = CARTESIAN_POINT('',(-0.188616258918,1.9999994));
#5495 = ( GEOMETRIC_REPRESENTATION_CONTEXT(2) 
PARAMETRIC_REPRESENTATION_CONTEXT() REPRESENTATION_CONTEXT('2D SPACE',''
  ) );
#5496 = PCURVE('',#3847,#5497);
#5497 = DEFINITIONAL_REPRESENTATION('',(#5498),#5507);
#5498 = B_SPLINE_CURVE_WITH_KNOTS('',4,(#5499,#5500,#5501,#5502,#5503,
    #5504,#5505,#5506),.UNSPECIFIED.,.F.,.F.,(5,3,5),(0.,0.511333820236,
    1.),.UNSPECIFIED.);
#5499 = CARTESIAN_POINT('',(0.,2.186491673104));
#5500 = CARTESIAN_POINT('',(5.012285413815E-02,2.186491673104));
#5501 = CARTESIAN_POINT('',(0.100246160625,2.187897446645));
#5502 = CARTESIAN_POINT('',(0.150451846572,2.190707285067));
#5503 = CARTESIAN_POINT('',(0.248987897592,2.198383747294));
#5504 = CARTESIAN_POINT('',(0.297297713051,2.203153820055));
#5505 = CARTESIAN_POINT('',(0.345866428652,2.208692322471));
#5506 = CARTESIAN_POINT('',(0.3947915197,2.214529253409));
#5507 = ( GEOMETRIC_REPRESENTATION_CONTEXT(2) 
PARAMETRIC_REPRESENTATION_CONTEXT() REPRESENTATION_CONTEXT('2D SPACE',''
  ) );
#5508 = ORIENTED_EDGE('',*,*,#5509,.T.);
#5509 = EDGE_CURVE('',#5472,#5510,#5512,.T.);
#5510 = VERTEX_POINT('',#5511);
#5511 = CARTESIAN_POINT('',(4.,-5.5,7.));
#5512 = SURFACE_CURVE('',#5513,(#5518,#5525),.PCURVE_S1.);
#5513 = CIRCLE('',#5514,2.);
#5514 = AXIS2_PLACEMENT_3D('',#5515,#5516,#5517);
#5515 = CARTESIAN_POINT('',(4.,-3.5,7.));
#5516 = DIRECTION('',(0.,-0.,-1.));
#5517 = DIRECTION('',(1.,0.,-0.));
#5518 = PCURVE('',#3872,#5519);
#5519 = DEFINITIONAL_REPRESENTATION('',(#5520),#5524);
#5520 = LINE('',#5521,#5522);
#5521 = CARTESIAN_POINT('',(-0.,2.));
#5522 = VECTOR('',#5523,1.);
#5523 = DIRECTION('',(-1.,0.));
#5524 = ( GEOMETRIC_REPRESENTATION_CONTEXT(2) 
PARAMETRIC_REPRESENTATION_CONTEXT() REPRESENTATION_CONTEXT('2D SPACE',''
  ) );
#5525 = PCURVE('',#5526,#5531);
#5526 = SPHERICAL_SURFACE('',#5527,2.);
#5527 = AXIS2_PLACEMENT_3D('',#5528,#5529,#5530);
#5528 = CARTESIAN_POINT('',(4.,-3.5,7.));
#5529 = DIRECTION('',(0.,0.,1.));
#5530 = DIRECTION('',(1.,0.,-0.));
#5531 = DEFINITIONAL_REPRESENTATION('',(#5532),#5536);
#5532 = LINE('',#5533,#5534);
#5533 = CARTESIAN_POINT('',(-0.,0.));
#5534 = VECTOR('',#5535,1.);
#5535 = DIRECTION('',(-1.,0.));
#5536 = ( GEOMETRIC_REPRESENTATION_CONTEXT(2) 
PARAMETRIC_REPRESENTATION_CONTEXT() REPRESENTATION_CONTEXT('2D SPACE',''
  ) );
#5537 = ORIENTED_EDGE('',*,*,#5538,.T.);
#5538 = EDGE_CURVE('',#5510,#4817,#5539,.T.);
#5539 = SURFACE_CURVE('',#5540,(#5544,#5551),.PCURVE_S1.);
#5540 = LINE('',#5541,#5542);
#5541 = CARTESIAN_POINT('',(4.,-5.5,5.));
#5542 = VECTOR('',#5543,1.);
#5543 = DIRECTION('',(0.,0.,1.));
#5544 = PCURVE('',#3872,#5545);
#5545 = DEFINITIONAL_REPRESENTATION('',(#5546),#5550);
#5546 = LINE('',#5547,#5548);
#5547 = CARTESIAN_POINT('',(-1.570796326795,0.));
#5548 = VECTOR('',#5549,1.);
#5549 = DIRECTION('',(-0.,1.));
#5550 = ( GEOMETRIC_REPRESENTATION_CONTEXT(2) 
PARAMETRIC_REPRESENTATION_CONTEXT() REPRESENTATION_CONTEXT('2D SPACE',''
  ) );
#5551 = PCURVE('',#5552,#5557);
#5552 = PLANE('',#5553);
#5553 = AXIS2_PLACEMENT_3D('',#5554,#5555,#5556);
#5554 = CARTESIAN_POINT('',(-6.,-5.5,5.));
#5555 = DIRECTION('',(0.,1.,0.));
#5556 = DIRECTION('',(0.,0.,1.));
#5557 = DEFINITIONAL_REPRESENTATION('',(#5558),#5562);
#5558 = LINE('',#5559,#5560);
#5559 = CARTESIAN_POINT('',(0.,10.));
#5560 = VECTOR('',#5561,1.);
#5561 = DIRECTION('',(1.,0.));
#5562 = ( GEOMETRIC_REPRESENTATION_CONTEXT(2) 
PARAMETRIC_REPRESENTATION_CONTEXT() REPRESENTATION_CONTEXT('2D SPACE',''
  ) );
#5563 = ORIENTED_EDGE('',*,*,#4845,.F.);
#5564 = ORIENTED_EDGE('',*,*,#3859,.F.);
#5565 = ADVANCED_FACE('',(#5566),#3847,.F.);
#5566 = FACE_BOUND('',#5567,.F.);
#5567 = EDGE_LOOP('',(#5568,#5620,#5641,#5642,#5643,#5644));
#5568 = ORIENTED_EDGE('',*,*,#5569,.T.);
#5569 = EDGE_CURVE('',#5570,#5572,#5574,.T.);
#5570 = VERTEX_POINT('',#5571);
#5571 = CARTESIAN_POINT('',(5.923572178252,-3.5,6.452396060044));
#5572 = VERTEX_POINT('',#5573);
#5573 = CARTESIAN_POINT('',(5.732050807569,-2.375,6.));
#5574 = SURFACE_CURVE('',#5575,(#5588,#5604),.PCURVE_S1.);
#5575 = B_SPLINE_CURVE_WITH_KNOTS('',6,(#5576,#5577,#5578,#5579,#5580,
    #5581,#5582,#5583,#5584,#5585,#5586,#5587),.UNSPECIFIED.,.F.,.F.,(7,
    5,7),(0.,0.346374091372,1.),.UNSPECIFIED.);
#5576 = CARTESIAN_POINT('',(5.923572342126,-3.5000006,6.452396635686));
#5577 = CARTESIAN_POINT('',(5.908784987432,-3.445858974775,
    6.400452932712));
#5578 = CARTESIAN_POINT('',(5.893219086308,-3.389523888689,
    6.352165551613));
#5579 = CARTESIAN_POINT('',(5.87727867543,-3.331233368682,6.307490981633
    ));
#5580 = CARTESIAN_POINT('',(5.861332879723,-3.271188177976,
    6.266390023128));
#5581 = CARTESIAN_POINT('',(5.845719920658,-3.209553029285,6.22883183186
    ));
#5582 = CARTESIAN_POINT('',(5.8025042285,-3.02739381813,6.130574284799)
  );
#5583 = CARTESIAN_POINT('',(5.776421104231,-2.902582498652,
    6.078605330533));
#5584 = CARTESIAN_POINT('',(5.754829404576,-2.773656325332,6.03945079491
    ));
#5585 = CARTESIAN_POINT('',(5.739684217271,-2.642041695565,
    6.013222260677));
#5586 = CARTESIAN_POINT('',(5.732050807569,-2.508807694252,6.));
#5587 = CARTESIAN_POINT('',(5.732050807569,-2.375,6.));
#5588 = PCURVE('',#3847,#5589);
#5589 = DEFINITIONAL_REPRESENTATION('',(#5590),#5603);
#5590 = B_SPLINE_CURVE_WITH_KNOTS('',6,(#5591,#5592,#5593,#5594,#5595,
    #5596,#5597,#5598,#5599,#5600,#5601,#5602),.UNSPECIFIED.,.F.,.F.,(7,
    5,7),(0.,0.346374091372,1.),.UNSPECIFIED.);
#5591 = CARTESIAN_POINT('',(0.80611363725,2.173572342126));
#5592 = CARTESIAN_POINT('',(0.852285793047,2.158784987432));
#5593 = CARTESIAN_POINT('',(0.897874278048,2.143219086308));
#5594 = CARTESIAN_POINT('',(0.942968998959,2.12727867543));
#5595 = CARTESIAN_POINT('',(0.987652614893,2.111332879723));
#5596 = CARTESIAN_POINT('',(1.032007720059,2.095719920658));
#5597 = CARTESIAN_POINT('',(1.159373788962,2.0525042285));
#5598 = CARTESIAN_POINT('',(1.242155830166,2.026421104231));
#5599 = CARTESIAN_POINT('',(1.324463410318,2.004829404576));
#5600 = CARTESIAN_POINT('',(1.406463219739,1.989684217271));
#5601 = CARTESIAN_POINT('',(1.488453130332,1.982050807569));
#5602 = CARTESIAN_POINT('',(1.570796326795,1.982050807569));
#5603 = ( GEOMETRIC_REPRESENTATION_CONTEXT(2) 
PARAMETRIC_REPRESENTATION_CONTEXT() REPRESENTATION_CONTEXT('2D SPACE',''
  ) );
#5604 = PCURVE('',#5151,#5605);
#5605 = DEFINITIONAL_REPRESENTATION('',(#5606),#5619);
#5606 = B_SPLINE_CURVE_WITH_KNOTS('',6,(#5607,#5608,#5609,#5610,#5611,
    #5612,#5613,#5614,#5615,#5616,#5617,#5618),.UNSPECIFIED.,.F.,.F.,(7,
    5,7),(0.,0.346374091372,1.),.UNSPECIFIED.);
#5607 = CARTESIAN_POINT('',(0.277343551447,1.9999994));
#5608 = CARTESIAN_POINT('',(0.304347320339,2.054141025225));
#5609 = CARTESIAN_POINT('',(0.329699412405,2.110476111311));
#5610 = CARTESIAN_POINT('',(0.353400682927,2.168766631318));
#5611 = CARTESIAN_POINT('',(0.375433662466,2.228811822024));
#5612 = CARTESIAN_POINT('',(0.395766441202,2.290446970715));
#5613 = CARTESIAN_POINT('',(0.449437060732,2.47260618187));
#5614 = CARTESIAN_POINT('',(0.478472667384,2.597417501348));
#5615 = CARTESIAN_POINT('',(0.500819805143,2.726343674668));
#5616 = CARTESIAN_POINT('',(0.515965449693,2.857958304435));
#5617 = CARTESIAN_POINT('',(0.523598775598,2.991192305748));
#5618 = CARTESIAN_POINT('',(0.523598775598,3.125));
#5619 = ( GEOMETRIC_REPRESENTATION_CONTEXT(2) 
PARAMETRIC_REPRESENTATION_CONTEXT() REPRESENTATION_CONTEXT('2D SPACE',''
  ) );
#5620 = ORIENTED_EDGE('',*,*,#5621,.T.);
#5621 = EDGE_CURVE('',#5572,#5395,#5622,.T.);
#5622 = SURFACE_CURVE('',#5623,(#5627,#5634),.PCURVE_S1.);
#5623 = LINE('',#5624,#5625);
#5624 = CARTESIAN_POINT('',(3.75,-2.375,6.));
#5625 = VECTOR('',#5626,1.);
#5626 = DIRECTION('',(1.,0.,0.));
#5627 = PCURVE('',#3847,#5628);
#5628 = DEFINITIONAL_REPRESENTATION('',(#5629),#5633);
#5629 = LINE('',#5630,#5631);
#5630 = CARTESIAN_POINT('',(1.570796326795,0.));
#5631 = VECTOR('',#5632,1.);
#5632 = DIRECTION('',(0.,1.));
#5633 = ( GEOMETRIC_REPRESENTATION_CONTEXT(2) 
PARAMETRIC_REPRESENTATION_CONTEXT() REPRESENTATION_CONTEXT('2D SPACE',''
  ) );
#5634 = PCURVE('',#5188,#5635);
#5635 = DEFINITIONAL_REPRESENTATION('',(#5636),#5640);
#5636 = LINE('',#5637,#5638);
#5637 = CARTESIAN_POINT('',(0.,1.625));
#5638 = VECTOR('',#5639,1.);
#5639 = DIRECTION('',(1.,0.));
#5640 = ( GEOMETRIC_REPRESENTATION_CONTEXT(2) 
PARAMETRIC_REPRESENTATION_CONTEXT() REPRESENTATION_CONTEXT('2D SPACE',''
  ) );
#5641 = ORIENTED_EDGE('',*,*,#5445,.T.);
#5642 = ORIENTED_EDGE('',*,*,#3831,.F.);
#5643 = ORIENTED_EDGE('',*,*,#5471,.T.);
#5644 = ORIENTED_EDGE('',*,*,#5645,.T.);
#5645 = EDGE_CURVE('',#5472,#5570,#5646,.T.);
#5646 = SURFACE_CURVE('',#5647,(#5658,#5672),.PCURVE_S1.);
#5647 = B_SPLINE_CURVE_WITH_KNOTS('',5,(#5648,#5649,#5650,#5651,#5652,
    #5653,#5654,#5655,#5656,#5657),.UNSPECIFIED.,.F.,.F.,(6,4,6),(0.,
    0.405015560575,1.),.UNSPECIFIED.);
#5648 = CARTESIAN_POINT('',(5.964529205688,-3.875,7.));
#5649 = CARTESIAN_POINT('',(5.968519577765,-3.854095460033,6.94982910408
    ));
#5650 = CARTESIAN_POINT('',(5.971031624504,-3.831035251129,
    6.900392864987));
#5651 = CARTESIAN_POINT('',(5.972049045842,-3.805874649527,
    6.851889425638));
#5652 = CARTESIAN_POINT('',(5.971567711151,-3.778703478269,
    6.804505975976));
#5653 = CARTESIAN_POINT('',(5.966702059181,-3.706959610749,6.69070041244
    ));
#5654 = CARTESIAN_POINT('',(5.960592544166,-3.660197899624,
    6.625765542743));
#5655 = CARTESIAN_POINT('',(5.951298823254,-3.609760061889,
    6.564158539363));
#5656 = CARTESIAN_POINT('',(5.938912463037,-3.556166087424,
    6.506281985376));
#5657 = CARTESIAN_POINT('',(5.923572178252,-3.5,6.452396060044));
#5658 = PCURVE('',#3847,#5659);
#5659 = DEFINITIONAL_REPRESENTATION('',(#5660),#5671);
#5660 = B_SPLINE_CURVE_WITH_KNOTS('',5,(#5661,#5662,#5663,#5664,#5665,
    #5666,#5667,#5668,#5669,#5670),.UNSPECIFIED.,.F.,.F.,(6,4,6),(0.,
    0.405015560575,1.),.UNSPECIFIED.);
#5661 = CARTESIAN_POINT('',(0.3947911197,2.214529205688));
#5662 = CARTESIAN_POINT('',(0.428238383647,2.218519577765));
#5663 = CARTESIAN_POINT('',(0.461778548608,2.221031624504));
#5664 = CARTESIAN_POINT('',(0.495363910539,2.222049045842));
#5665 = CARTESIAN_POINT('',(0.528947494504,2.221567711151));
#5666 = CARTESIAN_POINT('',(0.611736485725,2.216702059181));
#5667 = CARTESIAN_POINT('',(0.660885966595,2.210592544166));
#5668 = CARTESIAN_POINT('',(0.709758892899,2.201298823254));
#5669 = CARTESIAN_POINT('',(0.758215548637,2.188912463037));
#5670 = CARTESIAN_POINT('',(0.806114148932,2.173572178252));
#5671 = ( GEOMETRIC_REPRESENTATION_CONTEXT(2) 
PARAMETRIC_REPRESENTATION_CONTEXT() REPRESENTATION_CONTEXT('2D SPACE',''
  ) );
#5672 = PCURVE('',#5526,#5673);
#5673 = DEFINITIONAL_REPRESENTATION('',(#5674),#5685);
#5674 = B_SPLINE_CURVE_WITH_KNOTS('',5,(#5675,#5676,#5677,#5678,#5679,
    #5680,#5681,#5682,#5683,#5684),.UNSPECIFIED.,.F.,.F.,(6,4,6),(0.,
    0.405015560575,1.),.UNSPECIFIED.);
#5675 = CARTESIAN_POINT('',(-0.188616386175,8.881784197001E-16));
#5676 = CARTESIAN_POINT('',(-0.177975393969,-2.508544796016E-02));
#5677 = CARTESIAN_POINT('',(-0.16641425727,-4.980355886731E-02));
#5678 = CARTESIAN_POINT('',(-0.153917410807,-7.408820299165E-02));
#5679 = CARTESIAN_POINT('',(-0.140472412144,-9.787270960344E-02));
#5680 = CARTESIAN_POINT('',(-0.104930868157,-0.155195226681));
#5681 = CARTESIAN_POINT('',(-8.173200701509E-02,-0.188078944928));
#5682 = CARTESIAN_POINT('',(-5.647838778134E-02,-0.219521443139));
#5683 = CARTESIAN_POINT('',(-2.919884580332E-02,-0.249330383915));
#5684 = CARTESIAN_POINT('',(0.,-0.277343850704));
#5685 = ( GEOMETRIC_REPRESENTATION_CONTEXT(2) 
PARAMETRIC_REPRESENTATION_CONTEXT() REPRESENTATION_CONTEXT('2D SPACE',''
  ) );
#5686 = ADVANCED_FACE('',(#5687),#3900,.T.);
#5687 = FACE_BOUND('',#5688,.F.);
#5688 = EDGE_LOOP('',(#5689,#5690,#5691,#5692));
#5689 = ORIENTED_EDGE('',*,*,#3919,.F.);
#5690 = ORIENTED_EDGE('',*,*,#3992,.T.);
#5691 = ORIENTED_EDGE('',*,*,#4452,.T.);
#5692 = ORIENTED_EDGE('',*,*,#3886,.F.);
#5693 = ADVANCED_FACE('',(#5694),#4032,.F.);
#5694 = FACE_BOUND('',#5695,.F.);
#5695 = EDGE_LOOP('',(#5696,#5725,#5746,#5747));
#5696 = ORIENTED_EDGE('',*,*,#5697,.F.);
#5697 = EDGE_CURVE('',#5698,#5698,#5700,.T.);
#5698 = VERTEX_POINT('',#5699);
#5699 = CARTESIAN_POINT('',(3.1,-7.592810154714E-16,5.));
#5700 = SURFACE_CURVE('',#5701,(#5706,#5713),.PCURVE_S1.);
#5701 = CIRCLE('',#5702,3.1);
#5702 = AXIS2_PLACEMENT_3D('',#5703,#5704,#5705);
#5703 = CARTESIAN_POINT('',(0.,0.,5.));
#5704 = DIRECTION('',(0.,0.,1.));
#5705 = DIRECTION('',(1.,0.,-0.));
#5706 = PCURVE('',#4032,#5707);
#5707 = DEFINITIONAL_REPRESENTATION('',(#5708),#5712);
#5708 = LINE('',#5709,#5710);
#5709 = CARTESIAN_POINT('',(0.,5.));
#5710 = VECTOR('',#5711,1.);
#5711 = DIRECTION('',(1.,0.));
#5712 = ( GEOMETRIC_REPRESENTATION_CONTEXT(2) 
PARAMETRIC_REPRESENTATION_CONTEXT() REPRESENTATION_CONTEXT('2D SPACE',''
  ) );
#5713 = PCURVE('',#5714,#5719);
#5714 = PLANE('',#5715);
#5715 = AXIS2_PLACEMENT_3D('',#5716,#5717,#5718);
#5716 = CARTESIAN_POINT('',(-6.,-5.5,5.));
#5717 = DIRECTION('',(0.,0.,1.));
#5718 = DIRECTION('',(1.,0.,0.));
#5719 = DEFINITIONAL_REPRESENTATION('',(#5720),#5724);
#5720 = CIRCLE('',#5721,3.1);
#5721 = AXIS2_PLACEMENT_2D('',#5722,#5723);
#5722 = CARTESIAN_POINT('',(6.,5.5));
#5723 = DIRECTION('',(1.,0.));
#5724 = ( GEOMETRIC_REPRESENTATION_CONTEXT(2) 
PARAMETRIC_REPRESENTATION_CONTEXT() REPRESENTATION_CONTEXT('2D SPACE',''
  ) );
#5725 = ORIENTED_EDGE('',*,*,#5726,.F.);
#5726 = EDGE_CURVE('',#4016,#5698,#5727,.T.);
#5727 = SEAM_CURVE('',#5728,(#5732,#5739),.PCURVE_S1.);
#5728 = LINE('',#5729,#5730);
#5729 = CARTESIAN_POINT('',(3.1,-7.592810154714E-16,0.));
#5730 = VECTOR('',#5731,1.);
#5731 = DIRECTION('',(0.,0.,1.));
#5732 = PCURVE('',#4032,#5733);
#5733 = DEFINITIONAL_REPRESENTATION('',(#5734),#5738);
#5734 = LINE('',#5735,#5736);
#5735 = CARTESIAN_POINT('',(6.28318530718,-0.));
#5736 = VECTOR('',#5737,1.);
#5737 = DIRECTION('',(0.,1.));
#5738 = ( GEOMETRIC_REPRESENTATION_CONTEXT(2) 
PARAMETRIC_REPRESENTATION_CONTEXT() REPRESENTATION_CONTEXT('2D SPACE',''
  ) );
#5739 = PCURVE('',#4032,#5740);
#5740 = DEFINITIONAL_REPRESENTATION('',(#5741),#5745);
#5741 = LINE('',#5742,#5743);
#5742 = CARTESIAN_POINT('',(0.,-0.));
#5743 = VECTOR('',#5744,1.);
#5744 = DIRECTION('',(0.,1.));
#5745 = ( GEOMETRIC_REPRESENTATION_CONTEXT(2) 
PARAMETRIC_REPRESENTATION_CONTEXT() REPRESENTATION_CONTEXT('2D SPACE',''
  ) );
#5746 = ORIENTED_EDGE('',*,*,#4015,.T.);
#5747 = ORIENTED_EDGE('',*,*,#5726,.T.);
#5748 = ADVANCED_FACE('',(#5749),#4110,.F.);
#5749 = FACE_BOUND('',#5750,.F.);
#5750 = EDGE_LOOP('',(#5751,#5752,#5778,#5779));
#5751 = ORIENTED_EDGE('',*,*,#4578,.T.);
#5752 = ORIENTED_EDGE('',*,*,#5753,.T.);
#5753 = EDGE_CURVE('',#4579,#4177,#5754,.T.);
#5754 = SURFACE_CURVE('',#5755,(#5759,#5766),.PCURVE_S1.);
#5755 = LINE('',#5756,#5757);
#5756 = CARTESIAN_POINT('',(-14.5,-12.5,94.75));
#5757 = VECTOR('',#5758,1.);
#5758 = DIRECTION('',(1.,0.,0.));
#5759 = PCURVE('',#4110,#5760);
#5760 = DEFINITIONAL_REPRESENTATION('',(#5761),#5765);
#5761 = LINE('',#5762,#5763);
#5762 = CARTESIAN_POINT('',(3.75,0.));
#5763 = VECTOR('',#5764,1.);
#5764 = DIRECTION('',(0.,1.));
#5765 = ( GEOMETRIC_REPRESENTATION_CONTEXT(2) 
PARAMETRIC_REPRESENTATION_CONTEXT() REPRESENTATION_CONTEXT('2D SPACE',''
  ) );
#5766 = PCURVE('',#5767,#5772);
#5767 = CYLINDRICAL_SURFACE('',#5768,1.25);
#5768 = AXIS2_PLACEMENT_3D('',#5769,#5770,#5771);
#5769 = CARTESIAN_POINT('',(-14.5,-11.25,94.75));
#5770 = DIRECTION('',(1.,0.,0.));
#5771 = DIRECTION('',(0.,-1.,0.));
#5772 = DEFINITIONAL_REPRESENTATION('',(#5773),#5777);
#5773 = LINE('',#5774,#5775);
#5774 = CARTESIAN_POINT('',(-0.,0.));
#5775 = VECTOR('',#5776,1.);
#5776 = DIRECTION('',(-0.,1.));
#5777 = ( GEOMETRIC_REPRESENTATION_CONTEXT(2) 
PARAMETRIC_REPRESENTATION_CONTEXT() REPRESENTATION_CONTEXT('2D SPACE',''
  ) );
#5778 = ORIENTED_EDGE('',*,*,#4176,.F.);
#5779 = ORIENTED_EDGE('',*,*,#4096,.F.);
#5780 = ADVANCED_FACE('',(#5781),#4214,.T.);
#5781 = FACE_BOUND('',#5782,.T.);
#5782 = EDGE_LOOP('',(#5783,#5784,#5806));
#5783 = ORIENTED_EDGE('',*,*,#4229,.F.);
#5784 = ORIENTED_EDGE('',*,*,#5785,.T.);
#5785 = EDGE_CURVE('',#4230,#4177,#5786,.T.);
#5786 = SURFACE_CURVE('',#5787,(#5792,#5799),.PCURVE_S1.);
#5787 = CIRCLE('',#5788,1.25);
#5788 = AXIS2_PLACEMENT_3D('',#5789,#5790,#5791);
#5789 = CARTESIAN_POINT('',(13.25,-11.25,94.75));
#5790 = DIRECTION('',(1.,6.123233995737E-17,0.));
#5791 = DIRECTION('',(6.123233995737E-17,-1.,0.));
#5792 = PCURVE('',#4214,#5793);
#5793 = DEFINITIONAL_REPRESENTATION('',(#5794),#5798);
#5794 = LINE('',#5795,#5796);
#5795 = CARTESIAN_POINT('',(1.570796326795,-6.28318530718));
#5796 = VECTOR('',#5797,1.);
#5797 = DIRECTION('',(0.,1.));
#5798 = ( GEOMETRIC_REPRESENTATION_CONTEXT(2) 
PARAMETRIC_REPRESENTATION_CONTEXT() REPRESENTATION_CONTEXT('2D SPACE',''
  ) );
#5799 = PCURVE('',#5767,#5800);
#5800 = DEFINITIONAL_REPRESENTATION('',(#5801),#5805);
#5801 = LINE('',#5802,#5803);
#5802 = CARTESIAN_POINT('',(-6.28318530718,27.75));
#5803 = VECTOR('',#5804,1.);
#5804 = DIRECTION('',(1.,-0.));
#5805 = ( GEOMETRIC_REPRESENTATION_CONTEXT(2) 
PARAMETRIC_REPRESENTATION_CONTEXT() REPRESENTATION_CONTEXT('2D SPACE',''
  ) );
#5806 = ORIENTED_EDGE('',*,*,#4199,.F.);
#5807 = ADVANCED_FACE('',(#5808,#5859),#4269,.T.);
#5808 = FACE_BOUND('',#5809,.T.);
#5809 = EDGE_LOOP('',(#5810,#5811,#5832,#5833));
#5810 = ORIENTED_EDGE('',*,*,#4655,.F.);
#5811 = ORIENTED_EDGE('',*,*,#5812,.T.);
#5812 = EDGE_CURVE('',#4632,#4230,#5813,.T.);
#5813 = SURFACE_CURVE('',#5814,(#5818,#5825),.PCURVE_S1.);
#5814 = LINE('',#5815,#5816);
#5815 = CARTESIAN_POINT('',(-14.5,-11.25,96.));
#5816 = VECTOR('',#5817,1.);
#5817 = DIRECTION('',(1.,0.,0.));
#5818 = PCURVE('',#4269,#5819);
#5819 = DEFINITIONAL_REPRESENTATION('',(#5820),#5824);
#5820 = LINE('',#5821,#5822);
#5821 = CARTESIAN_POINT('',(0.,1.25));
#5822 = VECTOR('',#5823,1.);
#5823 = DIRECTION('',(1.,0.));
#5824 = ( GEOMETRIC_REPRESENTATION_CONTEXT(2) 
PARAMETRIC_REPRESENTATION_CONTEXT() REPRESENTATION_CONTEXT('2D SPACE',''
  ) );
#5825 = PCURVE('',#5767,#5826);
#5826 = DEFINITIONAL_REPRESENTATION('',(#5827),#5831);
#5827 = LINE('',#5828,#5829);
#5828 = CARTESIAN_POINT('',(-1.570796326795,0.));
#5829 = VECTOR('',#5830,1.);
#5830 = DIRECTION('',(-0.,1.));
#5831 = ( GEOMETRIC_REPRESENTATION_CONTEXT(2) 
PARAMETRIC_REPRESENTATION_CONTEXT() REPRESENTATION_CONTEXT('2D SPACE',''
  ) );
#5832 = ORIENTED_EDGE('',*,*,#4253,.T.);
#5833 = ORIENTED_EDGE('',*,*,#5834,.F.);
#5834 = EDGE_CURVE('',#4656,#4254,#5835,.T.);
#5835 = SURFACE_CURVE('',#5836,(#5840,#5847),.PCURVE_S1.);
#5836 = LINE('',#5837,#5838);
#5837 = CARTESIAN_POINT('',(-14.5,11.25,96.));
#5838 = VECTOR('',#5839,1.);
#5839 = DIRECTION('',(1.,0.,0.));
#5840 = PCURVE('',#4269,#5841);
#5841 = DEFINITIONAL_REPRESENTATION('',(#5842),#5846);
#5842 = LINE('',#5843,#5844);
#5843 = CARTESIAN_POINT('',(0.,23.75));
#5844 = VECTOR('',#5845,1.);
#5845 = DIRECTION('',(1.,0.));
#5846 = ( GEOMETRIC_REPRESENTATION_CONTEXT(2) 
PARAMETRIC_REPRESENTATION_CONTEXT() REPRESENTATION_CONTEXT('2D SPACE',''
  ) );
#5847 = PCURVE('',#5848,#5853);
#5848 = CYLINDRICAL_SURFACE('',#5849,1.25);
#5849 = AXIS2_PLACEMENT_3D('',#5850,#5851,#5852);
#5850 = CARTESIAN_POINT('',(-14.5,11.25,94.75));
#5851 = DIRECTION('',(1.,0.,0.));
#5852 = DIRECTION('',(-0.,1.,0.));
#5853 = DEFINITIONAL_REPRESENTATION('',(#5854),#5858);
#5854 = LINE('',#5855,#5856);
#5855 = CARTESIAN_POINT('',(1.570796326795,0.));
#5856 = VECTOR('',#5857,1.);
#5857 = DIRECTION('',(0.,1.));
#5858 = ( GEOMETRIC_REPRESENTATION_CONTEXT(2) 
PARAMETRIC_REPRESENTATION_CONTEXT() REPRESENTATION_CONTEXT('2D SPACE',''
  ) );
#5859 = FACE_BOUND('',#5860,.T.);
#5860 = EDGE_LOOP('',(#5861,#5891,#5914,#5937));
#5861 = ORIENTED_EDGE('',*,*,#5862,.F.);
#5862 = EDGE_CURVE('',#5863,#5865,#5867,.T.);
#5863 = VERTEX_POINT('',#5864);
#5864 = CARTESIAN_POINT('',(-8.7,-6.7,96.));
#5865 = VERTEX_POINT('',#5866);
#5866 = CARTESIAN_POINT('',(8.7,-6.7,96.));
#5867 = SURFACE_CURVE('',#5868,(#5872,#5879),.PCURVE_S1.);
#5868 = LINE('',#5869,#5870);
#5869 = CARTESIAN_POINT('',(-12.7,-6.7,96.));
#5870 = VECTOR('',#5871,1.);
#5871 = DIRECTION('',(1.,0.,0.));
#5872 = PCURVE('',#4269,#5873);
#5873 = DEFINITIONAL_REPRESENTATION('',(#5874),#5878);
#5874 = LINE('',#5875,#5876);
#5875 = CARTESIAN_POINT('',(1.8,5.8));
#5876 = VECTOR('',#5877,1.);
#5877 = DIRECTION('',(1.,0.));
#5878 = ( GEOMETRIC_REPRESENTATION_CONTEXT(2) 
PARAMETRIC_REPRESENTATION_CONTEXT() REPRESENTATION_CONTEXT('2D SPACE',''
  ) );
#5879 = PCURVE('',#5880,#5885);
#5880 = PLANE('',#5881);
#5881 = AXIS2_PLACEMENT_3D('',#5882,#5883,#5884);
#5882 = CARTESIAN_POINT('',(-12.7,-10.7,96.));
#5883 = DIRECTION('',(0.,0.,1.));
#5884 = DIRECTION('',(1.,0.,0.));
#5885 = DEFINITIONAL_REPRESENTATION('',(#5886),#5890);
#5886 = LINE('',#5887,#5888);
#5887 = CARTESIAN_POINT('',(0.,4.));
#5888 = VECTOR('',#5889,1.);
#5889 = DIRECTION('',(1.,0.));
#5890 = ( GEOMETRIC_REPRESENTATION_CONTEXT(2) 
PARAMETRIC_REPRESENTATION_CONTEXT() REPRESENTATION_CONTEXT('2D SPACE',''
  ) );
#5891 = ORIENTED_EDGE('',*,*,#5892,.T.);
#5892 = EDGE_CURVE('',#5863,#5893,#5895,.T.);
#5893 = VERTEX_POINT('',#5894);
#5894 = CARTESIAN_POINT('',(-8.7,6.7,96.));
#5895 = SURFACE_CURVE('',#5896,(#5900,#5907),.PCURVE_S1.);
#5896 = LINE('',#5897,#5898);
#5897 = CARTESIAN_POINT('',(-8.7,-10.7,96.));
#5898 = VECTOR('',#5899,1.);
#5899 = DIRECTION('',(0.,1.,0.));
#5900 = PCURVE('',#4269,#5901);
#5901 = DEFINITIONAL_REPRESENTATION('',(#5902),#5906);
#5902 = LINE('',#5903,#5904);
#5903 = CARTESIAN_POINT('',(5.8,1.8));
#5904 = VECTOR('',#5905,1.);
#5905 = DIRECTION('',(0.,1.));
#5906 = ( GEOMETRIC_REPRESENTATION_CONTEXT(2) 
PARAMETRIC_REPRESENTATION_CONTEXT() REPRESENTATION_CONTEXT('2D SPACE',''
  ) );
#5907 = PCURVE('',#5880,#5908);
#5908 = DEFINITIONAL_REPRESENTATION('',(#5909),#5913);
#5909 = LINE('',#5910,#5911);
#5910 = CARTESIAN_POINT('',(4.,0.));
#5911 = VECTOR('',#5912,1.);
#5912 = DIRECTION('',(0.,1.));
#5913 = ( GEOMETRIC_REPRESENTATION_CONTEXT(2) 
PARAMETRIC_REPRESENTATION_CONTEXT() REPRESENTATION_CONTEXT('2D SPACE',''
  ) );
#5914 = ORIENTED_EDGE('',*,*,#5915,.T.);
#5915 = EDGE_CURVE('',#5893,#5916,#5918,.T.);
#5916 = VERTEX_POINT('',#5917);
#5917 = CARTESIAN_POINT('',(8.7,6.7,96.));
#5918 = SURFACE_CURVE('',#5919,(#5923,#5930),.PCURVE_S1.);
#5919 = LINE('',#5920,#5921);
#5920 = CARTESIAN_POINT('',(-12.7,6.7,96.));
#5921 = VECTOR('',#5922,1.);
#5922 = DIRECTION('',(1.,0.,0.));
#5923 = PCURVE('',#4269,#5924);
#5924 = DEFINITIONAL_REPRESENTATION('',(#5925),#5929);
#5925 = LINE('',#5926,#5927);
#5926 = CARTESIAN_POINT('',(1.8,19.2));
#5927 = VECTOR('',#5928,1.);
#5928 = DIRECTION('',(1.,0.));
#5929 = ( GEOMETRIC_REPRESENTATION_CONTEXT(2) 
PARAMETRIC_REPRESENTATION_CONTEXT() REPRESENTATION_CONTEXT('2D SPACE',''
  ) );
#5930 = PCURVE('',#5880,#5931);
#5931 = DEFINITIONAL_REPRESENTATION('',(#5932),#5936);
#5932 = LINE('',#5933,#5934);
#5933 = CARTESIAN_POINT('',(0.,17.4));
#5934 = VECTOR('',#5935,1.);
#5935 = DIRECTION('',(1.,0.));
#5936 = ( GEOMETRIC_REPRESENTATION_CONTEXT(2) 
PARAMETRIC_REPRESENTATION_CONTEXT() REPRESENTATION_CONTEXT('2D SPACE',''
  ) );
#5937 = ORIENTED_EDGE('',*,*,#5938,.F.);
#5938 = EDGE_CURVE('',#5865,#5916,#5939,.T.);
#5939 = SURFACE_CURVE('',#5940,(#5944,#5951),.PCURVE_S1.);
#5940 = LINE('',#5941,#5942);
#5941 = CARTESIAN_POINT('',(8.7,-10.7,96.));
#5942 = VECTOR('',#5943,1.);
#5943 = DIRECTION('',(0.,1.,0.));
#5944 = PCURVE('',#4269,#5945);
#5945 = DEFINITIONAL_REPRESENTATION('',(#5946),#5950);
#5946 = LINE('',#5947,#5948);
#5947 = CARTESIAN_POINT('',(23.2,1.8));
#5948 = VECTOR('',#5949,1.);
#5949 = DIRECTION('',(0.,1.));
#5950 = ( GEOMETRIC_REPRESENTATION_CONTEXT(2) 
PARAMETRIC_REPRESENTATION_CONTEXT() REPRESENTATION_CONTEXT('2D SPACE',''
  ) );
#5951 = PCURVE('',#5880,#5952);
#5952 = DEFINITIONAL_REPRESENTATION('',(#5953),#5957);
#5953 = LINE('',#5954,#5955);
#5954 = CARTESIAN_POINT('',(21.4,0.));
#5955 = VECTOR('',#5956,1.);
#5956 = DIRECTION('',(0.,1.));
#5957 = ( GEOMETRIC_REPRESENTATION_CONTEXT(2) 
PARAMETRIC_REPRESENTATION_CONTEXT() REPRESENTATION_CONTEXT('2D SPACE',''
  ) );
#5958 = ADVANCED_FACE('',(#5959),#4296,.T.);
#5959 = FACE_BOUND('',#5960,.T.);
#5960 = EDGE_LOOP('',(#5961,#5962,#5984));
#5961 = ORIENTED_EDGE('',*,*,#4365,.F.);
#5962 = ORIENTED_EDGE('',*,*,#5963,.T.);
#5963 = EDGE_CURVE('',#4338,#4254,#5964,.T.);
#5964 = SURFACE_CURVE('',#5965,(#5970,#5977),.PCURVE_S1.);
#5965 = CIRCLE('',#5966,1.25);
#5966 = AXIS2_PLACEMENT_3D('',#5967,#5968,#5969);
#5967 = CARTESIAN_POINT('',(13.25,11.25,94.75));
#5968 = DIRECTION('',(1.,0.,-1.056412609424E-16));
#5969 = DIRECTION('',(1.056412609424E-16,0.,1.));
#5970 = PCURVE('',#4296,#5971);
#5971 = DEFINITIONAL_REPRESENTATION('',(#5972),#5976);
#5972 = LINE('',#5973,#5974);
#5973 = CARTESIAN_POINT('',(1.570796326795,-6.28318530718));
#5974 = VECTOR('',#5975,1.);
#5975 = DIRECTION('',(0.,1.));
#5976 = ( GEOMETRIC_REPRESENTATION_CONTEXT(2) 
PARAMETRIC_REPRESENTATION_CONTEXT() REPRESENTATION_CONTEXT('2D SPACE',''
  ) );
#5977 = PCURVE('',#5848,#5978);
#5978 = DEFINITIONAL_REPRESENTATION('',(#5979),#5983);
#5979 = LINE('',#5980,#5981);
#5980 = CARTESIAN_POINT('',(-4.712388980385,27.75));
#5981 = VECTOR('',#5982,1.);
#5982 = DIRECTION('',(1.,0.));
#5983 = ( GEOMETRIC_REPRESENTATION_CONTEXT(2) 
PARAMETRIC_REPRESENTATION_CONTEXT() REPRESENTATION_CONTEXT('2D SPACE',''
  ) );
#5984 = ORIENTED_EDGE('',*,*,#4281,.F.);
#5985 = ADVANCED_FACE('',(#5986),#4353,.T.);
#5986 = FACE_BOUND('',#5987,.T.);
#5987 = EDGE_LOOP('',(#5988,#5989,#6010,#6011));
#5988 = ORIENTED_EDGE('',*,*,#4732,.T.);
#5989 = ORIENTED_EDGE('',*,*,#5990,.T.);
#5990 = EDGE_CURVE('',#4733,#4338,#5991,.T.);
#5991 = SURFACE_CURVE('',#5992,(#5996,#6003),.PCURVE_S1.);
#5992 = LINE('',#5993,#5994);
#5993 = CARTESIAN_POINT('',(-14.5,12.5,94.75));
#5994 = VECTOR('',#5995,1.);
#5995 = DIRECTION('',(1.,0.,0.));
#5996 = PCURVE('',#4353,#5997);
#5997 = DEFINITIONAL_REPRESENTATION('',(#5998),#6002);
#5998 = LINE('',#5999,#6000);
#5999 = CARTESIAN_POINT('',(3.75,0.));
#6000 = VECTOR('',#6001,1.);
#6001 = DIRECTION('',(0.,1.));
#6002 = ( GEOMETRIC_REPRESENTATION_CONTEXT(2) 
PARAMETRIC_REPRESENTATION_CONTEXT() REPRESENTATION_CONTEXT('2D SPACE',''
  ) );
#6003 = PCURVE('',#5848,#6004);
#6004 = DEFINITIONAL_REPRESENTATION('',(#6005),#6009);
#6005 = LINE('',#6006,#6007);
#6006 = CARTESIAN_POINT('',(0.,0.));
#6007 = VECTOR('',#6008,1.);
#6008 = DIRECTION('',(0.,1.));
#6009 = ( GEOMETRIC_REPRESENTATION_CONTEXT(2) 
PARAMETRIC_REPRESENTATION_CONTEXT() REPRESENTATION_CONTEXT('2D SPACE',''
  ) );
#6010 = ORIENTED_EDGE('',*,*,#4337,.F.);
#6011 = ORIENTED_EDGE('',*,*,#4525,.F.);
#6012 = ADVANCED_FACE('',(#6013),#4616,.T.);
#6013 = FACE_BOUND('',#6014,.F.);
#6014 = EDGE_LOOP('',(#6015,#6016,#6038));
#6015 = ORIENTED_EDGE('',*,*,#4631,.F.);
#6016 = ORIENTED_EDGE('',*,*,#6017,.T.);
#6017 = EDGE_CURVE('',#4632,#4579,#6018,.T.);
#6018 = SURFACE_CURVE('',#6019,(#6024,#6031),.PCURVE_S1.);
#6019 = CIRCLE('',#6020,1.25);
#6020 = AXIS2_PLACEMENT_3D('',#6021,#6022,#6023);
#6021 = CARTESIAN_POINT('',(-13.25,-11.25,94.75));
#6022 = DIRECTION('',(1.,-6.123233995737E-17,0.));
#6023 = DIRECTION('',(-6.123233995737E-17,-1.,0.));
#6024 = PCURVE('',#4616,#6025);
#6025 = DEFINITIONAL_REPRESENTATION('',(#6026),#6030);
#6026 = LINE('',#6027,#6028);
#6027 = CARTESIAN_POINT('',(-1.570796326795,-6.28318530718));
#6028 = VECTOR('',#6029,1.);
#6029 = DIRECTION('',(-0.,1.));
#6030 = ( GEOMETRIC_REPRESENTATION_CONTEXT(2) 
PARAMETRIC_REPRESENTATION_CONTEXT() REPRESENTATION_CONTEXT('2D SPACE',''
  ) );
#6031 = PCURVE('',#5767,#6032);
#6032 = DEFINITIONAL_REPRESENTATION('',(#6033),#6037);
#6033 = LINE('',#6034,#6035);
#6034 = CARTESIAN_POINT('',(-6.28318530718,1.25));
#6035 = VECTOR('',#6036,1.);
#6036 = DIRECTION('',(1.,-0.));
#6037 = ( GEOMETRIC_REPRESENTATION_CONTEXT(2) 
PARAMETRIC_REPRESENTATION_CONTEXT() REPRESENTATION_CONTEXT('2D SPACE',''
  ) );
#6038 = ORIENTED_EDGE('',*,*,#4601,.F.);
#6039 = ADVANCED_FACE('',(#6040),#4693,.T.);
#6040 = FACE_BOUND('',#6041,.F.);
#6041 = EDGE_LOOP('',(#6042,#6043,#6065));
#6042 = ORIENTED_EDGE('',*,*,#4755,.F.);
#6043 = ORIENTED_EDGE('',*,*,#6044,.T.);
#6044 = EDGE_CURVE('',#4733,#4656,#6045,.T.);
#6045 = SURFACE_CURVE('',#6046,(#6051,#6058),.PCURVE_S1.);
#6046 = CIRCLE('',#6047,1.25);
#6047 = AXIS2_PLACEMENT_3D('',#6048,#6049,#6050);
#6048 = CARTESIAN_POINT('',(-13.25,11.25,94.75));
#6049 = DIRECTION('',(1.,0.,1.056412609424E-16));
#6050 = DIRECTION('',(-1.056412609424E-16,0.,1.));
#6051 = PCURVE('',#4693,#6052);
#6052 = DEFINITIONAL_REPRESENTATION('',(#6053),#6057);
#6053 = LINE('',#6054,#6055);
#6054 = CARTESIAN_POINT('',(-1.570796326795,-6.28318530718));
#6055 = VECTOR('',#6056,1.);
#6056 = DIRECTION('',(-0.,1.));
#6057 = ( GEOMETRIC_REPRESENTATION_CONTEXT(2) 
PARAMETRIC_REPRESENTATION_CONTEXT() REPRESENTATION_CONTEXT('2D SPACE',''
  ) );
#6058 = PCURVE('',#5848,#6059);
#6059 = DEFINITIONAL_REPRESENTATION('',(#6060),#6064);
#6060 = LINE('',#6061,#6062);
#6061 = CARTESIAN_POINT('',(-4.712388980385,1.25));
#6062 = VECTOR('',#6063,1.);
#6063 = DIRECTION('',(1.,0.));
#6064 = ( GEOMETRIC_REPRESENTATION_CONTEXT(2) 
PARAMETRIC_REPRESENTATION_CONTEXT() REPRESENTATION_CONTEXT('2D SPACE',''
  ) );
#6065 = ORIENTED_EDGE('',*,*,#4678,.F.);
#6066 = ADVANCED_FACE('',(#6067),#4833,.F.);
#6067 = FACE_BOUND('',#6068,.T.);
#6068 = EDGE_LOOP('',(#6069,#6098,#6099,#6100));
#6069 = ORIENTED_EDGE('',*,*,#6070,.F.);
#6070 = EDGE_CURVE('',#4899,#6071,#6073,.T.);
#6071 = VERTEX_POINT('',#6072);
#6072 = CARTESIAN_POINT('',(-4.,-5.5,13.));
#6073 = SURFACE_CURVE('',#6074,(#6079,#6086),.PCURVE_S1.);
#6074 = CIRCLE('',#6075,2.);
#6075 = AXIS2_PLACEMENT_3D('',#6076,#6077,#6078);
#6076 = CARTESIAN_POINT('',(-4.,-3.5,13.));
#6077 = DIRECTION('',(1.,-6.123233995737E-17,0.));
#6078 = DIRECTION('',(-6.123233995737E-17,-1.,0.));
#6079 = PCURVE('',#4833,#6080);
#6080 = DEFINITIONAL_REPRESENTATION('',(#6081),#6085);
#6081 = LINE('',#6082,#6083);
#6082 = CARTESIAN_POINT('',(-6.28318530718,2.));
#6083 = VECTOR('',#6084,1.);
#6084 = DIRECTION('',(1.,-0.));
#6085 = ( GEOMETRIC_REPRESENTATION_CONTEXT(2) 
PARAMETRIC_REPRESENTATION_CONTEXT() REPRESENTATION_CONTEXT('2D SPACE',''
  ) );
#6086 = PCURVE('',#6087,#6092);
#6087 = SPHERICAL_SURFACE('',#6088,2.);
#6088 = AXIS2_PLACEMENT_3D('',#6089,#6090,#6091);
#6089 = CARTESIAN_POINT('',(-4.,-3.5,13.));
#6090 = DIRECTION('',(-0.,-0.,-1.));
#6091 = DIRECTION('',(-1.,0.,0.));
#6092 = DEFINITIONAL_REPRESENTATION('',(#6093),#6097);
#6093 = LINE('',#6094,#6095);
#6094 = CARTESIAN_POINT('',(-1.570796326795,-6.28318530718));
#6095 = VECTOR('',#6096,1.);
#6096 = DIRECTION('',(-0.,1.));
#6097 = ( GEOMETRIC_REPRESENTATION_CONTEXT(2) 
PARAMETRIC_REPRESENTATION_CONTEXT() REPRESENTATION_CONTEXT('2D SPACE',''
  ) );
#6098 = ORIENTED_EDGE('',*,*,#4928,.T.);
#6099 = ORIENTED_EDGE('',*,*,#4816,.T.);
#6100 = ORIENTED_EDGE('',*,*,#6101,.F.);
#6101 = EDGE_CURVE('',#6071,#4817,#6102,.T.);
#6102 = SURFACE_CURVE('',#6103,(#6107,#6114),.PCURVE_S1.);
#6103 = LINE('',#6104,#6105);
#6104 = CARTESIAN_POINT('',(-6.,-5.5,13.));
#6105 = VECTOR('',#6106,1.);
#6106 = DIRECTION('',(1.,0.,0.));
#6107 = PCURVE('',#4833,#6108);
#6108 = DEFINITIONAL_REPRESENTATION('',(#6109),#6113);
#6109 = LINE('',#6110,#6111);
#6110 = CARTESIAN_POINT('',(-0.,0.));
#6111 = VECTOR('',#6112,1.);
#6112 = DIRECTION('',(-0.,1.));
#6113 = ( GEOMETRIC_REPRESENTATION_CONTEXT(2) 
PARAMETRIC_REPRESENTATION_CONTEXT() REPRESENTATION_CONTEXT('2D SPACE',''
  ) );
#6114 = PCURVE('',#5552,#6115);
#6115 = DEFINITIONAL_REPRESENTATION('',(#6116),#6120);
#6116 = LINE('',#6117,#6118);
#6117 = CARTESIAN_POINT('',(8.,0.));
#6118 = VECTOR('',#6119,1.);
#6119 = DIRECTION('',(0.,1.));
#6120 = ( GEOMETRIC_REPRESENTATION_CONTEXT(2) 
PARAMETRIC_REPRESENTATION_CONTEXT() REPRESENTATION_CONTEXT('2D SPACE',''
  ) );
#6121 = ADVANCED_FACE('',(#6122),#4916,.F.);
#6122 = FACE_BOUND('',#6123,.F.);
#6123 = EDGE_LOOP('',(#6124,#6148,#6149,#6178));
#6124 = ORIENTED_EDGE('',*,*,#6125,.F.);
#6125 = EDGE_CURVE('',#4899,#6126,#6128,.T.);
#6126 = VERTEX_POINT('',#6127);
#6127 = CARTESIAN_POINT('',(-6.,-3.5,13.));
#6128 = SURFACE_CURVE('',#6129,(#6134,#6141),.PCURVE_S1.);
#6129 = CIRCLE('',#6130,2.);
#6130 = AXIS2_PLACEMENT_3D('',#6131,#6132,#6133);
#6131 = CARTESIAN_POINT('',(-4.,-3.5,13.));
#6132 = DIRECTION('',(0.,-1.,0.));
#6133 = DIRECTION('',(-1.,0.,0.));
#6134 = PCURVE('',#4916,#6135);
#6135 = DEFINITIONAL_REPRESENTATION('',(#6136),#6140);
#6136 = LINE('',#6137,#6138);
#6137 = CARTESIAN_POINT('',(6.28318530718,2.));
#6138 = VECTOR('',#6139,1.);
#6139 = DIRECTION('',(-1.,-0.));
#6140 = ( GEOMETRIC_REPRESENTATION_CONTEXT(2) 
PARAMETRIC_REPRESENTATION_CONTEXT() REPRESENTATION_CONTEXT('2D SPACE',''
  ) );
#6141 = PCURVE('',#6087,#6142);
#6142 = DEFINITIONAL_REPRESENTATION('',(#6143),#6147);
#6143 = LINE('',#6144,#6145);
#6144 = CARTESIAN_POINT('',(-0.,-6.28318530718));
#6145 = VECTOR('',#6146,1.);
#6146 = DIRECTION('',(-0.,1.));
#6147 = ( GEOMETRIC_REPRESENTATION_CONTEXT(2) 
PARAMETRIC_REPRESENTATION_CONTEXT() REPRESENTATION_CONTEXT('2D SPACE',''
  ) );
#6148 = ORIENTED_EDGE('',*,*,#4898,.T.);
#6149 = ORIENTED_EDGE('',*,*,#6150,.F.);
#6150 = EDGE_CURVE('',#6151,#4901,#6153,.T.);
#6151 = VERTEX_POINT('',#6152);
#6152 = CARTESIAN_POINT('',(-6.,3.5,13.));
#6153 = SURFACE_CURVE('',#6154,(#6159,#6166),.PCURVE_S1.);
#6154 = CIRCLE('',#6155,2.);
#6155 = AXIS2_PLACEMENT_3D('',#6156,#6157,#6158);
#6156 = CARTESIAN_POINT('',(-4.,3.5,13.));
#6157 = DIRECTION('',(0.,1.,0.));
#6158 = DIRECTION('',(-1.,0.,2.22044604925E-16));
#6159 = PCURVE('',#4916,#6160);
#6160 = DEFINITIONAL_REPRESENTATION('',(#6161),#6165);
#6161 = LINE('',#6162,#6163);
#6162 = CARTESIAN_POINT('',(0.,9.));
#6163 = VECTOR('',#6164,1.);
#6164 = DIRECTION('',(1.,0.));
#6165 = ( GEOMETRIC_REPRESENTATION_CONTEXT(2) 
PARAMETRIC_REPRESENTATION_CONTEXT() REPRESENTATION_CONTEXT('2D SPACE',''
  ) );
#6166 = PCURVE('',#6167,#6172);
#6167 = SPHERICAL_SURFACE('',#6168,2.);
#6168 = AXIS2_PLACEMENT_3D('',#6169,#6170,#6171);
#6169 = CARTESIAN_POINT('',(-4.,3.5,13.));
#6170 = DIRECTION('',(-0.,-1.,-0.));
#6171 = DIRECTION('',(-1.,0.,2.22044604925E-16));
#6172 = DEFINITIONAL_REPRESENTATION('',(#6173),#6177);
#6173 = LINE('',#6174,#6175);
#6174 = CARTESIAN_POINT('',(-0.,0.));
#6175 = VECTOR('',#6176,1.);
#6176 = DIRECTION('',(-1.,0.));
#6177 = ( GEOMETRIC_REPRESENTATION_CONTEXT(2) 
PARAMETRIC_REPRESENTATION_CONTEXT() REPRESENTATION_CONTEXT('2D SPACE',''
  ) );
#6178 = ORIENTED_EDGE('',*,*,#6179,.F.);
#6179 = EDGE_CURVE('',#6126,#6151,#6180,.T.);
#6180 = SURFACE_CURVE('',#6181,(#6185,#6192),.PCURVE_S1.);
#6181 = LINE('',#6182,#6183);
#6182 = CARTESIAN_POINT('',(-6.,-5.5,13.));
#6183 = VECTOR('',#6184,1.);
#6184 = DIRECTION('',(0.,1.,0.));
#6185 = PCURVE('',#4916,#6186);
#6186 = DEFINITIONAL_REPRESENTATION('',(#6187),#6191);
#6187 = LINE('',#6188,#6189);
#6188 = CARTESIAN_POINT('',(0.,0.));
#6189 = VECTOR('',#6190,1.);
#6190 = DIRECTION('',(0.,1.));
#6191 = ( GEOMETRIC_REPRESENTATION_CONTEXT(2) 
PARAMETRIC_REPRESENTATION_CONTEXT() REPRESENTATION_CONTEXT('2D SPACE',''
  ) );
#6192 = PCURVE('',#6193,#6198);
#6193 = PLANE('',#6194);
#6194 = AXIS2_PLACEMENT_3D('',#6195,#6196,#6197);
#6195 = CARTESIAN_POINT('',(-6.,-5.5,5.));
#6196 = DIRECTION('',(1.,0.,0.));
#6197 = DIRECTION('',(0.,0.,1.));
#6198 = DEFINITIONAL_REPRESENTATION('',(#6199),#6203);
#6199 = LINE('',#6200,#6201);
#6200 = CARTESIAN_POINT('',(8.,0.));
#6201 = VECTOR('',#6202,1.);
#6202 = DIRECTION('',(0.,-1.));
#6203 = ( GEOMETRIC_REPRESENTATION_CONTEXT(2) 
PARAMETRIC_REPRESENTATION_CONTEXT() REPRESENTATION_CONTEXT('2D SPACE',''
  ) );
#6204 = ADVANCED_FACE('',(#6205),#4990,.F.);
#6205 = FACE_BOUND('',#6206,.F.);
#6206 = EDGE_LOOP('',(#6207,#6231,#6232,#6233));
#6207 = ORIENTED_EDGE('',*,*,#6208,.T.);
#6208 = EDGE_CURVE('',#6209,#4901,#6211,.T.);
#6209 = VERTEX_POINT('',#6210);
#6210 = CARTESIAN_POINT('',(-4.,5.5,13.));
#6211 = SURFACE_CURVE('',#6212,(#6217,#6224),.PCURVE_S1.);
#6212 = CIRCLE('',#6213,2.);
#6213 = AXIS2_PLACEMENT_3D('',#6214,#6215,#6216);
#6214 = CARTESIAN_POINT('',(-4.,3.5,13.));
#6215 = DIRECTION('',(1.,0.,6.123233995737E-17));
#6216 = DIRECTION('',(-6.123233995737E-17,0.,1.));
#6217 = PCURVE('',#4990,#6218);
#6218 = DEFINITIONAL_REPRESENTATION('',(#6219),#6223);
#6219 = LINE('',#6220,#6221);
#6220 = CARTESIAN_POINT('',(-4.712388980385,2.));
#6221 = VECTOR('',#6222,1.);
#6222 = DIRECTION('',(1.,0.));
#6223 = ( GEOMETRIC_REPRESENTATION_CONTEXT(2) 
PARAMETRIC_REPRESENTATION_CONTEXT() REPRESENTATION_CONTEXT('2D SPACE',''
  ) );
#6224 = PCURVE('',#6167,#6225);
#6225 = DEFINITIONAL_REPRESENTATION('',(#6226),#6230);
#6226 = LINE('',#6227,#6228);
#6227 = CARTESIAN_POINT('',(-1.570796326795,-6.28318530718));
#6228 = VECTOR('',#6229,1.);
#6229 = DIRECTION('',(-0.,1.));
#6230 = ( GEOMETRIC_REPRESENTATION_CONTEXT(2) 
PARAMETRIC_REPRESENTATION_CONTEXT() REPRESENTATION_CONTEXT('2D SPACE',''
  ) );
#6231 = ORIENTED_EDGE('',*,*,#4976,.T.);
#6232 = ORIENTED_EDGE('',*,*,#5060,.F.);
#6233 = ORIENTED_EDGE('',*,*,#6234,.F.);
#6234 = EDGE_CURVE('',#6209,#5037,#6235,.T.);
#6235 = SURFACE_CURVE('',#6236,(#6240,#6247),.PCURVE_S1.);
#6236 = LINE('',#6237,#6238);
#6237 = CARTESIAN_POINT('',(-6.,5.5,13.));
#6238 = VECTOR('',#6239,1.);
#6239 = DIRECTION('',(1.,0.,0.));
#6240 = PCURVE('',#4990,#6241);
#6241 = DEFINITIONAL_REPRESENTATION('',(#6242),#6246);
#6242 = LINE('',#6243,#6244);
#6243 = CARTESIAN_POINT('',(0.,0.));
#6244 = VECTOR('',#6245,1.);
#6245 = DIRECTION('',(0.,1.));
#6246 = ( GEOMETRIC_REPRESENTATION_CONTEXT(2) 
PARAMETRIC_REPRESENTATION_CONTEXT() REPRESENTATION_CONTEXT('2D SPACE',''
  ) );
#6247 = PCURVE('',#5350,#6248);
#6248 = DEFINITIONAL_REPRESENTATION('',(#6249),#6253);
#6249 = LINE('',#6250,#6251);
#6250 = CARTESIAN_POINT('',(8.,0.));
#6251 = VECTOR('',#6252,1.);
#6252 = DIRECTION('',(0.,1.));
#6253 = ( GEOMETRIC_REPRESENTATION_CONTEXT(2) 
PARAMETRIC_REPRESENTATION_CONTEXT() REPRESENTATION_CONTEXT('2D SPACE',''
  ) );
#6254 = ADVANCED_FACE('',(#6255),#5021,.F.);
#6255 = FACE_BOUND('',#6256,.F.);
#6256 = EDGE_LOOP('',(#6257,#6280,#6307,#6308));
#6257 = ORIENTED_EDGE('',*,*,#6258,.T.);
#6258 = EDGE_CURVE('',#5005,#6259,#6261,.T.);
#6259 = VERTEX_POINT('',#6260);
#6260 = CARTESIAN_POINT('',(3.1,-7.592810154714E-16,20.));
#6261 = SEAM_CURVE('',#6262,(#6266,#6273),.PCURVE_S1.);
#6262 = LINE('',#6263,#6264);
#6263 = CARTESIAN_POINT('',(3.1,-7.592810154714E-16,0.));
#6264 = VECTOR('',#6265,1.);
#6265 = DIRECTION('',(0.,0.,1.));
#6266 = PCURVE('',#5021,#6267);
#6267 = DEFINITIONAL_REPRESENTATION('',(#6268),#6272);
#6268 = LINE('',#6269,#6270);
#6269 = CARTESIAN_POINT('',(6.28318530718,-0.));
#6270 = VECTOR('',#6271,1.);
#6271 = DIRECTION('',(0.,1.));
#6272 = ( GEOMETRIC_REPRESENTATION_CONTEXT(2) 
PARAMETRIC_REPRESENTATION_CONTEXT() REPRESENTATION_CONTEXT('2D SPACE',''
  ) );
#6273 = PCURVE('',#5021,#6274);
#6274 = DEFINITIONAL_REPRESENTATION('',(#6275),#6279);
#6275 = LINE('',#6276,#6277);
#6276 = CARTESIAN_POINT('',(0.,-0.));
#6277 = VECTOR('',#6278,1.);
#6278 = DIRECTION('',(0.,1.));
#6279 = ( GEOMETRIC_REPRESENTATION_CONTEXT(2) 
PARAMETRIC_REPRESENTATION_CONTEXT() REPRESENTATION_CONTEXT('2D SPACE',''
  ) );
#6280 = ORIENTED_EDGE('',*,*,#6281,.F.);
#6281 = EDGE_CURVE('',#6259,#6259,#6282,.T.);
#6282 = SURFACE_CURVE('',#6283,(#6288,#6295),.PCURVE_S1.);
#6283 = CIRCLE('',#6284,3.1);
#6284 = AXIS2_PLACEMENT_3D('',#6285,#6286,#6287);
#6285 = CARTESIAN_POINT('',(0.,0.,20.));
#6286 = DIRECTION('',(0.,0.,1.));
#6287 = DIRECTION('',(1.,0.,-0.));
#6288 = PCURVE('',#5021,#6289);
#6289 = DEFINITIONAL_REPRESENTATION('',(#6290),#6294);
#6290 = LINE('',#6291,#6292);
#6291 = CARTESIAN_POINT('',(0.,20.));
#6292 = VECTOR('',#6293,1.);
#6293 = DIRECTION('',(1.,0.));
#6294 = ( GEOMETRIC_REPRESENTATION_CONTEXT(2) 
PARAMETRIC_REPRESENTATION_CONTEXT() REPRESENTATION_CONTEXT('2D SPACE',''
  ) );
#6295 = PCURVE('',#6296,#6301);
#6296 = PLANE('',#6297);
#6297 = AXIS2_PLACEMENT_3D('',#6298,#6299,#6300);
#6298 = CARTESIAN_POINT('',(0.,0.,20.));
#6299 = DIRECTION('',(0.,0.,1.));
#6300 = DIRECTION('',(1.,0.,-0.));
#6301 = DEFINITIONAL_REPRESENTATION('',(#6302),#6306);
#6302 = CIRCLE('',#6303,3.1);
#6303 = AXIS2_PLACEMENT_2D('',#6304,#6305);
#6304 = CARTESIAN_POINT('',(0.,0.));
#6305 = DIRECTION('',(1.,0.));
#6306 = ( GEOMETRIC_REPRESENTATION_CONTEXT(2) 
PARAMETRIC_REPRESENTATION_CONTEXT() REPRESENTATION_CONTEXT('2D SPACE',''
  ) );
#6307 = ORIENTED_EDGE('',*,*,#6258,.F.);
#6308 = ORIENTED_EDGE('',*,*,#5004,.T.);
#6309 = ADVANCED_FACE('',(#6310),#5151,.F.);
#6310 = FACE_BOUND('',#6311,.F.);
#6311 = EDGE_LOOP('',(#6312,#6336,#6359,#6381,#6382,#6401));
#6312 = ORIENTED_EDGE('',*,*,#6313,.F.);
#6313 = EDGE_CURVE('',#6314,#5570,#6316,.T.);
#6314 = VERTEX_POINT('',#6315);
#6315 = CARTESIAN_POINT('',(4.,-3.5,5.));
#6316 = SURFACE_CURVE('',#6317,(#6322,#6329),.PCURVE_S1.);
#6317 = CIRCLE('',#6318,2.);
#6318 = AXIS2_PLACEMENT_3D('',#6319,#6320,#6321);
#6319 = CARTESIAN_POINT('',(4.,-3.5,7.));
#6320 = DIRECTION('',(0.,-1.,0.));
#6321 = DIRECTION('',(1.,0.,0.));
#6322 = PCURVE('',#5151,#6323);
#6323 = DEFINITIONAL_REPRESENTATION('',(#6324),#6328);
#6324 = LINE('',#6325,#6326);
#6325 = CARTESIAN_POINT('',(6.28318530718,2.));
#6326 = VECTOR('',#6327,1.);
#6327 = DIRECTION('',(-1.,-0.));
#6328 = ( GEOMETRIC_REPRESENTATION_CONTEXT(2) 
PARAMETRIC_REPRESENTATION_CONTEXT() REPRESENTATION_CONTEXT('2D SPACE',''
  ) );
#6329 = PCURVE('',#5526,#6330);
#6330 = DEFINITIONAL_REPRESENTATION('',(#6331),#6335);
#6331 = LINE('',#6332,#6333);
#6332 = CARTESIAN_POINT('',(-0.,-6.28318530718));
#6333 = VECTOR('',#6334,1.);
#6334 = DIRECTION('',(-0.,1.));
#6335 = ( GEOMETRIC_REPRESENTATION_CONTEXT(2) 
PARAMETRIC_REPRESENTATION_CONTEXT() REPRESENTATION_CONTEXT('2D SPACE',''
  ) );
#6336 = ORIENTED_EDGE('',*,*,#6337,.T.);
#6337 = EDGE_CURVE('',#6314,#6338,#6340,.T.);
#6338 = VERTEX_POINT('',#6339);
#6339 = CARTESIAN_POINT('',(4.,3.5,5.));
#6340 = SURFACE_CURVE('',#6341,(#6345,#6352),.PCURVE_S1.);
#6341 = LINE('',#6342,#6343);
#6342 = CARTESIAN_POINT('',(4.,-5.5,5.));
#6343 = VECTOR('',#6344,1.);
#6344 = DIRECTION('',(0.,1.,0.));
#6345 = PCURVE('',#5151,#6346);
#6346 = DEFINITIONAL_REPRESENTATION('',(#6347),#6351);
#6347 = LINE('',#6348,#6349);
#6348 = CARTESIAN_POINT('',(1.570796326795,0.));
#6349 = VECTOR('',#6350,1.);
#6350 = DIRECTION('',(0.,1.));
#6351 = ( GEOMETRIC_REPRESENTATION_CONTEXT(2) 
PARAMETRIC_REPRESENTATION_CONTEXT() REPRESENTATION_CONTEXT('2D SPACE',''
  ) );
#6352 = PCURVE('',#5714,#6353);
#6353 = DEFINITIONAL_REPRESENTATION('',(#6354),#6358);
#6354 = LINE('',#6355,#6356);
#6355 = CARTESIAN_POINT('',(10.,0.));
#6356 = VECTOR('',#6357,1.);
#6357 = DIRECTION('',(0.,1.));
#6358 = ( GEOMETRIC_REPRESENTATION_CONTEXT(2) 
PARAMETRIC_REPRESENTATION_CONTEXT() REPRESENTATION_CONTEXT('2D SPACE',''
  ) );
#6359 = ORIENTED_EDGE('',*,*,#6360,.T.);
#6360 = EDGE_CURVE('',#6338,#5116,#6361,.T.);
#6361 = SURFACE_CURVE('',#6362,(#6367,#6374),.PCURVE_S1.);
#6362 = CIRCLE('',#6363,2.);
#6363 = AXIS2_PLACEMENT_3D('',#6364,#6365,#6366);
#6364 = CARTESIAN_POINT('',(4.,3.5,7.));
#6365 = DIRECTION('',(2.22044604925E-16,-1.,0.));
#6366 = DIRECTION('',(1.,2.22044604925E-16,0.));
#6367 = PCURVE('',#5151,#6368);
#6368 = DEFINITIONAL_REPRESENTATION('',(#6369),#6373);
#6369 = LINE('',#6370,#6371);
#6370 = CARTESIAN_POINT('',(6.28318530718,9.));
#6371 = VECTOR('',#6372,1.);
#6372 = DIRECTION('',(-1.,-0.));
#6373 = ( GEOMETRIC_REPRESENTATION_CONTEXT(2) 
PARAMETRIC_REPRESENTATION_CONTEXT() REPRESENTATION_CONTEXT('2D SPACE',''
  ) );
#6374 = PCURVE('',#5289,#6375);
#6375 = DEFINITIONAL_REPRESENTATION('',(#6376),#6380);
#6376 = LINE('',#6377,#6378);
#6377 = CARTESIAN_POINT('',(0.,-6.28318530718));
#6378 = VECTOR('',#6379,1.);
#6379 = DIRECTION('',(0.,1.));
#6380 = ( GEOMETRIC_REPRESENTATION_CONTEXT(2) 
PARAMETRIC_REPRESENTATION_CONTEXT() REPRESENTATION_CONTEXT('2D SPACE',''
  ) );
#6381 = ORIENTED_EDGE('',*,*,#5115,.T.);
#6382 = ORIENTED_EDGE('',*,*,#6383,.F.);
#6383 = EDGE_CURVE('',#5572,#5118,#6384,.T.);
#6384 = SURFACE_CURVE('',#6385,(#6389,#6395),.PCURVE_S1.);
#6385 = LINE('',#6386,#6387);
#6386 = CARTESIAN_POINT('',(5.732050807569,-5.5,6.));
#6387 = VECTOR('',#6388,1.);
#6388 = DIRECTION('',(0.,1.,0.));
#6389 = PCURVE('',#5151,#6390);
#6390 = DEFINITIONAL_REPRESENTATION('',(#6391),#6394);
#6391 = B_SPLINE_CURVE_WITH_KNOTS('',1,(#6392,#6393),.UNSPECIFIED.,.F.,
  .F.,(2,2),(2.65,8.35),.PIECEWISE_BEZIER_KNOTS.);
#6392 = CARTESIAN_POINT('',(0.523598775598,2.65));
#6393 = CARTESIAN_POINT('',(0.523598775598,8.35));
#6394 = ( GEOMETRIC_REPRESENTATION_CONTEXT(2) 
PARAMETRIC_REPRESENTATION_CONTEXT() REPRESENTATION_CONTEXT('2D SPACE',''
  ) );
#6395 = PCURVE('',#5188,#6396);
#6396 = DEFINITIONAL_REPRESENTATION('',(#6397),#6400);
#6397 = B_SPLINE_CURVE_WITH_KNOTS('',1,(#6398,#6399),.UNSPECIFIED.,.F.,
  .F.,(2,2),(2.65,8.35),.PIECEWISE_BEZIER_KNOTS.);
#6398 = CARTESIAN_POINT('',(1.982050807569,1.15));
#6399 = CARTESIAN_POINT('',(1.982050807569,6.85));
#6400 = ( GEOMETRIC_REPRESENTATION_CONTEXT(2) 
PARAMETRIC_REPRESENTATION_CONTEXT() REPRESENTATION_CONTEXT('2D SPACE',''
  ) );
#6401 = ORIENTED_EDGE('',*,*,#5569,.F.);
#6402 = ADVANCED_FACE('',(#6403),#5289,.F.);
#6403 = FACE_BOUND('',#6404,.F.);
#6404 = EDGE_LOOP('',(#6405,#6406,#6433,#6434));
#6405 = ORIENTED_EDGE('',*,*,#6360,.F.);
#6406 = ORIENTED_EDGE('',*,*,#6407,.T.);
#6407 = EDGE_CURVE('',#6338,#5313,#6408,.T.);
#6408 = SURFACE_CURVE('',#6409,(#6414,#6421),.PCURVE_S1.);
#6409 = CIRCLE('',#6410,2.);
#6410 = AXIS2_PLACEMENT_3D('',#6411,#6412,#6413);
#6411 = CARTESIAN_POINT('',(4.,3.5,7.));
#6412 = DIRECTION('',(1.,-6.123233995737E-17,0.));
#6413 = DIRECTION('',(6.123233995737E-17,1.,0.));
#6414 = PCURVE('',#5289,#6415);
#6415 = DEFINITIONAL_REPRESENTATION('',(#6416),#6420);
#6416 = LINE('',#6417,#6418);
#6417 = CARTESIAN_POINT('',(1.570796326795,-6.28318530718));
#6418 = VECTOR('',#6419,1.);
#6419 = DIRECTION('',(0.,1.));
#6420 = ( GEOMETRIC_REPRESENTATION_CONTEXT(2) 
PARAMETRIC_REPRESENTATION_CONTEXT() REPRESENTATION_CONTEXT('2D SPACE',''
  ) );
#6421 = PCURVE('',#6422,#6427);
#6422 = CYLINDRICAL_SURFACE('',#6423,2.);
#6423 = AXIS2_PLACEMENT_3D('',#6424,#6425,#6426);
#6424 = CARTESIAN_POINT('',(-6.,3.5,7.));
#6425 = DIRECTION('',(1.,0.,0.));
#6426 = DIRECTION('',(-0.,1.,0.));
#6427 = DEFINITIONAL_REPRESENTATION('',(#6428),#6432);
#6428 = LINE('',#6429,#6430);
#6429 = CARTESIAN_POINT('',(-6.28318530718,10.));
#6430 = VECTOR('',#6431,1.);
#6431 = DIRECTION('',(1.,-0.));
#6432 = ( GEOMETRIC_REPRESENTATION_CONTEXT(2) 
PARAMETRIC_REPRESENTATION_CONTEXT() REPRESENTATION_CONTEXT('2D SPACE',''
  ) );
#6433 = ORIENTED_EDGE('',*,*,#5312,.F.);
#6434 = ORIENTED_EDGE('',*,*,#5261,.T.);
#6435 = ADVANCED_FACE('',(#6436),#5188,.T.);
#6436 = FACE_BOUND('',#6437,.T.);
#6437 = EDGE_LOOP('',(#6438,#6439,#6440,#6441));
#6438 = ORIENTED_EDGE('',*,*,#6383,.F.);
#6439 = ORIENTED_EDGE('',*,*,#5621,.T.);
#6440 = ORIENTED_EDGE('',*,*,#5418,.T.);
#6441 = ORIENTED_EDGE('',*,*,#5172,.F.);
#6442 = ADVANCED_FACE('',(#6443),#5350,.F.);
#6443 = FACE_BOUND('',#6444,.F.);
#6444 = EDGE_LOOP('',(#6445,#6473,#6474,#6475));
#6445 = ORIENTED_EDGE('',*,*,#6446,.T.);
#6446 = EDGE_CURVE('',#6447,#6209,#6449,.T.);
#6447 = VERTEX_POINT('',#6448);
#6448 = CARTESIAN_POINT('',(-4.,5.5,7.));
#6449 = SURFACE_CURVE('',#6450,(#6454,#6461),.PCURVE_S1.);
#6450 = LINE('',#6451,#6452);
#6451 = CARTESIAN_POINT('',(-4.,5.5,5.));
#6452 = VECTOR('',#6453,1.);
#6453 = DIRECTION('',(0.,0.,1.));
#6454 = PCURVE('',#5350,#6455);
#6455 = DEFINITIONAL_REPRESENTATION('',(#6456),#6460);
#6456 = LINE('',#6457,#6458);
#6457 = CARTESIAN_POINT('',(0.,2.));
#6458 = VECTOR('',#6459,1.);
#6459 = DIRECTION('',(1.,0.));
#6460 = ( GEOMETRIC_REPRESENTATION_CONTEXT(2) 
PARAMETRIC_REPRESENTATION_CONTEXT() REPRESENTATION_CONTEXT('2D SPACE',''
  ) );
#6461 = PCURVE('',#6462,#6467);
#6462 = CYLINDRICAL_SURFACE('',#6463,2.);
#6463 = AXIS2_PLACEMENT_3D('',#6464,#6465,#6466);
#6464 = CARTESIAN_POINT('',(-4.,3.5,5.));
#6465 = DIRECTION('',(0.,0.,1.));
#6466 = DIRECTION('',(-1.,-0.,0.));
#6467 = DEFINITIONAL_REPRESENTATION('',(#6468),#6472);
#6468 = LINE('',#6469,#6470);
#6469 = CARTESIAN_POINT('',(-1.570796326795,0.));
#6470 = VECTOR('',#6471,1.);
#6471 = DIRECTION('',(-0.,1.));
#6472 = ( GEOMETRIC_REPRESENTATION_CONTEXT(2) 
PARAMETRIC_REPRESENTATION_CONTEXT() REPRESENTATION_CONTEXT('2D SPACE',''
  ) );
#6473 = ORIENTED_EDGE('',*,*,#6234,.T.);
#6474 = ORIENTED_EDGE('',*,*,#5336,.F.);
#6475 = ORIENTED_EDGE('',*,*,#6476,.F.);
#6476 = EDGE_CURVE('',#6447,#5313,#6477,.T.);
#6477 = SURFACE_CURVE('',#6478,(#6482,#6489),.PCURVE_S1.);
#6478 = LINE('',#6479,#6480);
#6479 = CARTESIAN_POINT('',(-6.,5.5,7.));
#6480 = VECTOR('',#6481,1.);
#6481 = DIRECTION('',(1.,0.,0.));
#6482 = PCURVE('',#5350,#6483);
#6483 = DEFINITIONAL_REPRESENTATION('',(#6484),#6488);
#6484 = LINE('',#6485,#6486);
#6485 = CARTESIAN_POINT('',(2.,0.));
#6486 = VECTOR('',#6487,1.);
#6487 = DIRECTION('',(0.,1.));
#6488 = ( GEOMETRIC_REPRESENTATION_CONTEXT(2) 
PARAMETRIC_REPRESENTATION_CONTEXT() REPRESENTATION_CONTEXT('2D SPACE',''
  ) );
#6489 = PCURVE('',#6422,#6490);
#6490 = DEFINITIONAL_REPRESENTATION('',(#6491),#6495);
#6491 = LINE('',#6492,#6493);
#6492 = CARTESIAN_POINT('',(-0.,0.));
#6493 = VECTOR('',#6494,1.);
#6494 = DIRECTION('',(-0.,1.));
#6495 = ( GEOMETRIC_REPRESENTATION_CONTEXT(2) 
PARAMETRIC_REPRESENTATION_CONTEXT() REPRESENTATION_CONTEXT('2D SPACE',''
  ) );
#6496 = ADVANCED_FACE('',(#6497),#5552,.T.);
#6497 = FACE_BOUND('',#6498,.T.);
#6498 = EDGE_LOOP('',(#6499,#6527,#6528,#6529));
#6499 = ORIENTED_EDGE('',*,*,#6500,.T.);
#6500 = EDGE_CURVE('',#6501,#6071,#6503,.T.);
#6501 = VERTEX_POINT('',#6502);
#6502 = CARTESIAN_POINT('',(-4.,-5.5,7.));
#6503 = SURFACE_CURVE('',#6504,(#6508,#6515),.PCURVE_S1.);
#6504 = LINE('',#6505,#6506);
#6505 = CARTESIAN_POINT('',(-4.,-5.5,5.));
#6506 = VECTOR('',#6507,1.);
#6507 = DIRECTION('',(0.,0.,1.));
#6508 = PCURVE('',#5552,#6509);
#6509 = DEFINITIONAL_REPRESENTATION('',(#6510),#6514);
#6510 = LINE('',#6511,#6512);
#6511 = CARTESIAN_POINT('',(0.,2.));
#6512 = VECTOR('',#6513,1.);
#6513 = DIRECTION('',(1.,0.));
#6514 = ( GEOMETRIC_REPRESENTATION_CONTEXT(2) 
PARAMETRIC_REPRESENTATION_CONTEXT() REPRESENTATION_CONTEXT('2D SPACE',''
  ) );
#6515 = PCURVE('',#6516,#6521);
#6516 = CYLINDRICAL_SURFACE('',#6517,2.);
#6517 = AXIS2_PLACEMENT_3D('',#6518,#6519,#6520);
#6518 = CARTESIAN_POINT('',(-4.,-3.5,5.));
#6519 = DIRECTION('',(0.,0.,1.));
#6520 = DIRECTION('',(-1.,-0.,0.));
#6521 = DEFINITIONAL_REPRESENTATION('',(#6522),#6526);
#6522 = LINE('',#6523,#6524);
#6523 = CARTESIAN_POINT('',(1.570796326795,0.));
#6524 = VECTOR('',#6525,1.);
#6525 = DIRECTION('',(0.,1.));
#6526 = ( GEOMETRIC_REPRESENTATION_CONTEXT(2) 
PARAMETRIC_REPRESENTATION_CONTEXT() REPRESENTATION_CONTEXT('2D SPACE',''
  ) );
#6527 = ORIENTED_EDGE('',*,*,#6101,.T.);
#6528 = ORIENTED_EDGE('',*,*,#5538,.F.);
#6529 = ORIENTED_EDGE('',*,*,#6530,.F.);
#6530 = EDGE_CURVE('',#6501,#5510,#6531,.T.);
#6531 = SURFACE_CURVE('',#6532,(#6536,#6543),.PCURVE_S1.);
#6532 = LINE('',#6533,#6534);
#6533 = CARTESIAN_POINT('',(-6.,-5.5,7.));
#6534 = VECTOR('',#6535,1.);
#6535 = DIRECTION('',(1.,0.,0.));
#6536 = PCURVE('',#5552,#6537);
#6537 = DEFINITIONAL_REPRESENTATION('',(#6538),#6542);
#6538 = LINE('',#6539,#6540);
#6539 = CARTESIAN_POINT('',(2.,0.));
#6540 = VECTOR('',#6541,1.);
#6541 = DIRECTION('',(0.,1.));
#6542 = ( GEOMETRIC_REPRESENTATION_CONTEXT(2) 
PARAMETRIC_REPRESENTATION_CONTEXT() REPRESENTATION_CONTEXT('2D SPACE',''
  ) );
#6543 = PCURVE('',#6544,#6549);
#6544 = CYLINDRICAL_SURFACE('',#6545,2.);
#6545 = AXIS2_PLACEMENT_3D('',#6546,#6547,#6548);
#6546 = CARTESIAN_POINT('',(-6.,-3.5,7.));
#6547 = DIRECTION('',(1.,0.,0.));
#6548 = DIRECTION('',(0.,-1.,0.));
#6549 = DEFINITIONAL_REPRESENTATION('',(#6550),#6554);
#6550 = LINE('',#6551,#6552);
#6551 = CARTESIAN_POINT('',(0.,0.));
#6552 = VECTOR('',#6553,1.);
#6553 = DIRECTION('',(0.,1.));
#6554 = ( GEOMETRIC_REPRESENTATION_CONTEXT(2) 
PARAMETRIC_REPRESENTATION_CONTEXT() REPRESENTATION_CONTEXT('2D SPACE',''
  ) );
#6555 = ADVANCED_FACE('',(#6556),#5526,.F.);
#6556 = FACE_BOUND('',#6557,.T.);
#6557 = EDGE_LOOP('',(#6558,#6559,#6581,#6582));
#6558 = ORIENTED_EDGE('',*,*,#6313,.F.);
#6559 = ORIENTED_EDGE('',*,*,#6560,.T.);
#6560 = EDGE_CURVE('',#6314,#5510,#6561,.T.);
#6561 = SURFACE_CURVE('',#6562,(#6567,#6574),.PCURVE_S1.);
#6562 = CIRCLE('',#6563,2.);
#6563 = AXIS2_PLACEMENT_3D('',#6564,#6565,#6566);
#6564 = CARTESIAN_POINT('',(4.,-3.5,7.));
#6565 = DIRECTION('',(-1.,-6.123233995737E-17,0.));
#6566 = DIRECTION('',(6.123233995737E-17,-1.,-0.));
#6567 = PCURVE('',#5526,#6568);
#6568 = DEFINITIONAL_REPRESENTATION('',(#6569),#6573);
#6569 = LINE('',#6570,#6571);
#6570 = CARTESIAN_POINT('',(-1.570796326795,-6.28318530718));
#6571 = VECTOR('',#6572,1.);
#6572 = DIRECTION('',(-0.,1.));
#6573 = ( GEOMETRIC_REPRESENTATION_CONTEXT(2) 
PARAMETRIC_REPRESENTATION_CONTEXT() REPRESENTATION_CONTEXT('2D SPACE',''
  ) );
#6574 = PCURVE('',#6544,#6575);
#6575 = DEFINITIONAL_REPRESENTATION('',(#6576),#6580);
#6576 = LINE('',#6577,#6578);
#6577 = CARTESIAN_POINT('',(6.28318530718,10.));
#6578 = VECTOR('',#6579,1.);
#6579 = DIRECTION('',(-1.,-0.));
#6580 = ( GEOMETRIC_REPRESENTATION_CONTEXT(2) 
PARAMETRIC_REPRESENTATION_CONTEXT() REPRESENTATION_CONTEXT('2D SPACE',''
  ) );
#6581 = ORIENTED_EDGE('',*,*,#5509,.F.);
#6582 = ORIENTED_EDGE('',*,*,#5645,.T.);
#6583 = ADVANCED_FACE('',(#6584,#6659),#5714,.T.);
#6584 = FACE_BOUND('',#6585,.T.);
#6585 = EDGE_LOOP('',(#6586,#6616,#6637,#6638));
#6586 = ORIENTED_EDGE('',*,*,#6587,.F.);
#6587 = EDGE_CURVE('',#6588,#6590,#6592,.T.);
#6588 = VERTEX_POINT('',#6589);
#6589 = CARTESIAN_POINT('',(-4.,-3.5,5.));
#6590 = VERTEX_POINT('',#6591);
#6591 = CARTESIAN_POINT('',(-4.,3.5,5.));
#6592 = SURFACE_CURVE('',#6593,(#6597,#6604),.PCURVE_S1.);
#6593 = LINE('',#6594,#6595);
#6594 = CARTESIAN_POINT('',(-4.,-5.5,5.));
#6595 = VECTOR('',#6596,1.);
#6596 = DIRECTION('',(0.,1.,0.));
#6597 = PCURVE('',#5714,#6598);
#6598 = DEFINITIONAL_REPRESENTATION('',(#6599),#6603);
#6599 = LINE('',#6600,#6601);
#6600 = CARTESIAN_POINT('',(2.,0.));
#6601 = VECTOR('',#6602,1.);
#6602 = DIRECTION('',(0.,1.));
#6603 = ( GEOMETRIC_REPRESENTATION_CONTEXT(2) 
PARAMETRIC_REPRESENTATION_CONTEXT() REPRESENTATION_CONTEXT('2D SPACE',''
  ) );
#6604 = PCURVE('',#6605,#6610);
#6605 = CYLINDRICAL_SURFACE('',#6606,2.);
#6606 = AXIS2_PLACEMENT_3D('',#6607,#6608,#6609);
#6607 = CARTESIAN_POINT('',(-4.,-5.5,7.));
#6608 = DIRECTION('',(0.,1.,0.));
#6609 = DIRECTION('',(-1.,0.,0.));
#6610 = DEFINITIONAL_REPRESENTATION('',(#6611),#6615);
#6611 = LINE('',#6612,#6613);
#6612 = CARTESIAN_POINT('',(-1.570796326795,0.));
#6613 = VECTOR('',#6614,1.);
#6614 = DIRECTION('',(-0.,1.));
#6615 = ( GEOMETRIC_REPRESENTATION_CONTEXT(2) 
PARAMETRIC_REPRESENTATION_CONTEXT() REPRESENTATION_CONTEXT('2D SPACE',''
  ) );
#6616 = ORIENTED_EDGE('',*,*,#6617,.T.);
#6617 = EDGE_CURVE('',#6588,#6314,#6618,.T.);
#6618 = SURFACE_CURVE('',#6619,(#6623,#6630),.PCURVE_S1.);
#6619 = LINE('',#6620,#6621);
#6620 = CARTESIAN_POINT('',(-6.,-3.5,5.));
#6621 = VECTOR('',#6622,1.);
#6622 = DIRECTION('',(1.,0.,0.));
#6623 = PCURVE('',#5714,#6624);
#6624 = DEFINITIONAL_REPRESENTATION('',(#6625),#6629);
#6625 = LINE('',#6626,#6627);
#6626 = CARTESIAN_POINT('',(0.,2.));
#6627 = VECTOR('',#6628,1.);
#6628 = DIRECTION('',(1.,0.));
#6629 = ( GEOMETRIC_REPRESENTATION_CONTEXT(2) 
PARAMETRIC_REPRESENTATION_CONTEXT() REPRESENTATION_CONTEXT('2D SPACE',''
  ) );
#6630 = PCURVE('',#6544,#6631);
#6631 = DEFINITIONAL_REPRESENTATION('',(#6632),#6636);
#6632 = LINE('',#6633,#6634);
#6633 = CARTESIAN_POINT('',(1.570796326795,0.));
#6634 = VECTOR('',#6635,1.);
#6635 = DIRECTION('',(0.,1.));
#6636 = ( GEOMETRIC_REPRESENTATION_CONTEXT(2) 
PARAMETRIC_REPRESENTATION_CONTEXT() REPRESENTATION_CONTEXT('2D SPACE',''
  ) );
#6637 = ORIENTED_EDGE('',*,*,#6337,.T.);
#6638 = ORIENTED_EDGE('',*,*,#6639,.F.);
#6639 = EDGE_CURVE('',#6590,#6338,#6640,.T.);
#6640 = SURFACE_CURVE('',#6641,(#6645,#6652),.PCURVE_S1.);
#6641 = LINE('',#6642,#6643);
#6642 = CARTESIAN_POINT('',(-6.,3.5,5.));
#6643 = VECTOR('',#6644,1.);
#6644 = DIRECTION('',(1.,0.,0.));
#6645 = PCURVE('',#5714,#6646);
#6646 = DEFINITIONAL_REPRESENTATION('',(#6647),#6651);
#6647 = LINE('',#6648,#6649);
#6648 = CARTESIAN_POINT('',(0.,9.));
#6649 = VECTOR('',#6650,1.);
#6650 = DIRECTION('',(1.,0.));
#6651 = ( GEOMETRIC_REPRESENTATION_CONTEXT(2) 
PARAMETRIC_REPRESENTATION_CONTEXT() REPRESENTATION_CONTEXT('2D SPACE',''
  ) );
#6652 = PCURVE('',#6422,#6653);
#6653 = DEFINITIONAL_REPRESENTATION('',(#6654),#6658);
#6654 = LINE('',#6655,#6656);
#6655 = CARTESIAN_POINT('',(-1.570796326795,0.));
#6656 = VECTOR('',#6657,1.);
#6657 = DIRECTION('',(-0.,1.));
#6658 = ( GEOMETRIC_REPRESENTATION_CONTEXT(2) 
PARAMETRIC_REPRESENTATION_CONTEXT() REPRESENTATION_CONTEXT('2D SPACE',''
  ) );
#6659 = FACE_BOUND('',#6660,.T.);
#6660 = EDGE_LOOP('',(#6661));
#6661 = ORIENTED_EDGE('',*,*,#5697,.F.);
#6662 = ADVANCED_FACE('',(#6663),#5767,.T.);
#6663 = FACE_BOUND('',#6664,.F.);
#6664 = EDGE_LOOP('',(#6665,#6666,#6667,#6668));
#6665 = ORIENTED_EDGE('',*,*,#6017,.F.);
#6666 = ORIENTED_EDGE('',*,*,#5812,.T.);
#6667 = ORIENTED_EDGE('',*,*,#5785,.T.);
#6668 = ORIENTED_EDGE('',*,*,#5753,.F.);
#6669 = ADVANCED_FACE('',(#6670),#5848,.T.);
#6670 = FACE_BOUND('',#6671,.T.);
#6671 = EDGE_LOOP('',(#6672,#6673,#6674,#6675));
#6672 = ORIENTED_EDGE('',*,*,#6044,.T.);
#6673 = ORIENTED_EDGE('',*,*,#5834,.T.);
#6674 = ORIENTED_EDGE('',*,*,#5963,.F.);
#6675 = ORIENTED_EDGE('',*,*,#5990,.F.);
#6676 = ADVANCED_FACE('',(#6677),#5880,.T.);
#6677 = FACE_BOUND('',#6678,.T.);
#6678 = EDGE_LOOP('',(#6679,#6680,#6681,#6682));
#6679 = ORIENTED_EDGE('',*,*,#5892,.F.);
#6680 = ORIENTED_EDGE('',*,*,#5862,.T.);
#6681 = ORIENTED_EDGE('',*,*,#5938,.T.);
#6682 = ORIENTED_EDGE('',*,*,#5915,.F.);
#6683 = ADVANCED_FACE('',(#6684),#6087,.F.);
#6684 = FACE_BOUND('',#6685,.T.);
#6685 = EDGE_LOOP('',(#6686,#6687,#6688));
#6686 = ORIENTED_EDGE('',*,*,#6125,.F.);
#6687 = ORIENTED_EDGE('',*,*,#6070,.T.);
#6688 = ORIENTED_EDGE('',*,*,#6689,.F.);
#6689 = EDGE_CURVE('',#6126,#6071,#6690,.T.);
#6690 = SURFACE_CURVE('',#6691,(#6696,#6703),.PCURVE_S1.);
#6691 = CIRCLE('',#6692,2.);
#6692 = AXIS2_PLACEMENT_3D('',#6693,#6694,#6695);
#6693 = CARTESIAN_POINT('',(-4.,-3.5,13.));
#6694 = DIRECTION('',(0.,0.,1.));
#6695 = DIRECTION('',(-1.,0.,0.));
#6696 = PCURVE('',#6087,#6697);
#6697 = DEFINITIONAL_REPRESENTATION('',(#6698),#6702);
#6698 = LINE('',#6699,#6700);
#6699 = CARTESIAN_POINT('',(-0.,0.));
#6700 = VECTOR('',#6701,1.);
#6701 = DIRECTION('',(-1.,0.));
#6702 = ( GEOMETRIC_REPRESENTATION_CONTEXT(2) 
PARAMETRIC_REPRESENTATION_CONTEXT() REPRESENTATION_CONTEXT('2D SPACE',''
  ) );
#6703 = PCURVE('',#6516,#6704);
#6704 = DEFINITIONAL_REPRESENTATION('',(#6705),#6709);
#6705 = LINE('',#6706,#6707);
#6706 = CARTESIAN_POINT('',(0.,8.));
#6707 = VECTOR('',#6708,1.);
#6708 = DIRECTION('',(1.,0.));
#6709 = ( GEOMETRIC_REPRESENTATION_CONTEXT(2) 
PARAMETRIC_REPRESENTATION_CONTEXT() REPRESENTATION_CONTEXT('2D SPACE',''
  ) );
#6710 = ADVANCED_FACE('',(#6711),#6193,.T.);
#6711 = FACE_BOUND('',#6712,.T.);
#6712 = EDGE_LOOP('',(#6713,#6736,#6759,#6780));
#6713 = ORIENTED_EDGE('',*,*,#6714,.F.);
#6714 = EDGE_CURVE('',#6715,#6126,#6717,.T.);
#6715 = VERTEX_POINT('',#6716);
#6716 = CARTESIAN_POINT('',(-6.,-3.5,7.));
#6717 = SURFACE_CURVE('',#6718,(#6722,#6729),.PCURVE_S1.);
#6718 = LINE('',#6719,#6720);
#6719 = CARTESIAN_POINT('',(-6.,-3.5,5.));
#6720 = VECTOR('',#6721,1.);
#6721 = DIRECTION('',(0.,0.,1.));
#6722 = PCURVE('',#6193,#6723);
#6723 = DEFINITIONAL_REPRESENTATION('',(#6724),#6728);
#6724 = LINE('',#6725,#6726);
#6725 = CARTESIAN_POINT('',(0.,-2.));
#6726 = VECTOR('',#6727,1.);
#6727 = DIRECTION('',(1.,0.));
#6728 = ( GEOMETRIC_REPRESENTATION_CONTEXT(2) 
PARAMETRIC_REPRESENTATION_CONTEXT() REPRESENTATION_CONTEXT('2D SPACE',''
  ) );
#6729 = PCURVE('',#6516,#6730);
#6730 = DEFINITIONAL_REPRESENTATION('',(#6731),#6735);
#6731 = LINE('',#6732,#6733);
#6732 = CARTESIAN_POINT('',(0.,0.));
#6733 = VECTOR('',#6734,1.);
#6734 = DIRECTION('',(0.,1.));
#6735 = ( GEOMETRIC_REPRESENTATION_CONTEXT(2) 
PARAMETRIC_REPRESENTATION_CONTEXT() REPRESENTATION_CONTEXT('2D SPACE',''
  ) );
#6736 = ORIENTED_EDGE('',*,*,#6737,.T.);
#6737 = EDGE_CURVE('',#6715,#6738,#6740,.T.);
#6738 = VERTEX_POINT('',#6739);
#6739 = CARTESIAN_POINT('',(-6.,3.5,7.));
#6740 = SURFACE_CURVE('',#6741,(#6745,#6752),.PCURVE_S1.);
#6741 = LINE('',#6742,#6743);
#6742 = CARTESIAN_POINT('',(-6.,-5.5,7.));
#6743 = VECTOR('',#6744,1.);
#6744 = DIRECTION('',(0.,1.,0.));
#6745 = PCURVE('',#6193,#6746);
#6746 = DEFINITIONAL_REPRESENTATION('',(#6747),#6751);
#6747 = LINE('',#6748,#6749);
#6748 = CARTESIAN_POINT('',(2.,0.));
#6749 = VECTOR('',#6750,1.);
#6750 = DIRECTION('',(0.,-1.));
#6751 = ( GEOMETRIC_REPRESENTATION_CONTEXT(2) 
PARAMETRIC_REPRESENTATION_CONTEXT() REPRESENTATION_CONTEXT('2D SPACE',''
  ) );
#6752 = PCURVE('',#6605,#6753);
#6753 = DEFINITIONAL_REPRESENTATION('',(#6754),#6758);
#6754 = LINE('',#6755,#6756);
#6755 = CARTESIAN_POINT('',(-0.,0.));
#6756 = VECTOR('',#6757,1.);
#6757 = DIRECTION('',(-0.,1.));
#6758 = ( GEOMETRIC_REPRESENTATION_CONTEXT(2) 
PARAMETRIC_REPRESENTATION_CONTEXT() REPRESENTATION_CONTEXT('2D SPACE',''
  ) );
#6759 = ORIENTED_EDGE('',*,*,#6760,.T.);
#6760 = EDGE_CURVE('',#6738,#6151,#6761,.T.);
#6761 = SURFACE_CURVE('',#6762,(#6766,#6773),.PCURVE_S1.);
#6762 = LINE('',#6763,#6764);
#6763 = CARTESIAN_POINT('',(-6.,3.5,5.));
#6764 = VECTOR('',#6765,1.);
#6765 = DIRECTION('',(0.,0.,1.));
#6766 = PCURVE('',#6193,#6767);
#6767 = DEFINITIONAL_REPRESENTATION('',(#6768),#6772);
#6768 = LINE('',#6769,#6770);
#6769 = CARTESIAN_POINT('',(0.,-9.));
#6770 = VECTOR('',#6771,1.);
#6771 = DIRECTION('',(1.,0.));
#6772 = ( GEOMETRIC_REPRESENTATION_CONTEXT(2) 
PARAMETRIC_REPRESENTATION_CONTEXT() REPRESENTATION_CONTEXT('2D SPACE',''
  ) );
#6773 = PCURVE('',#6462,#6774);
#6774 = DEFINITIONAL_REPRESENTATION('',(#6775),#6779);
#6775 = LINE('',#6776,#6777);
#6776 = CARTESIAN_POINT('',(-0.,0.));
#6777 = VECTOR('',#6778,1.);
#6778 = DIRECTION('',(-0.,1.));
#6779 = ( GEOMETRIC_REPRESENTATION_CONTEXT(2) 
PARAMETRIC_REPRESENTATION_CONTEXT() REPRESENTATION_CONTEXT('2D SPACE',''
  ) );
#6780 = ORIENTED_EDGE('',*,*,#6179,.F.);
#6781 = ADVANCED_FACE('',(#6782),#6167,.F.);
#6782 = FACE_BOUND('',#6783,.T.);
#6783 = EDGE_LOOP('',(#6784,#6806,#6807));
#6784 = ORIENTED_EDGE('',*,*,#6785,.F.);
#6785 = EDGE_CURVE('',#6209,#6151,#6786,.T.);
#6786 = SURFACE_CURVE('',#6787,(#6792,#6799),.PCURVE_S1.);
#6787 = CIRCLE('',#6788,2.);
#6788 = AXIS2_PLACEMENT_3D('',#6789,#6790,#6791);
#6789 = CARTESIAN_POINT('',(-4.,3.5,13.));
#6790 = DIRECTION('',(2.22044604925E-16,0.,1.));
#6791 = DIRECTION('',(-1.,0.,2.22044604925E-16));
#6792 = PCURVE('',#6167,#6793);
#6793 = DEFINITIONAL_REPRESENTATION('',(#6794),#6798);
#6794 = LINE('',#6795,#6796);
#6795 = CARTESIAN_POINT('',(-0.,-6.28318530718));
#6796 = VECTOR('',#6797,1.);
#6797 = DIRECTION('',(-0.,1.));
#6798 = ( GEOMETRIC_REPRESENTATION_CONTEXT(2) 
PARAMETRIC_REPRESENTATION_CONTEXT() REPRESENTATION_CONTEXT('2D SPACE',''
  ) );
#6799 = PCURVE('',#6462,#6800);
#6800 = DEFINITIONAL_REPRESENTATION('',(#6801),#6805);
#6801 = LINE('',#6802,#6803);
#6802 = CARTESIAN_POINT('',(-6.28318530718,8.));
#6803 = VECTOR('',#6804,1.);
#6804 = DIRECTION('',(1.,-0.));
#6805 = ( GEOMETRIC_REPRESENTATION_CONTEXT(2) 
PARAMETRIC_REPRESENTATION_CONTEXT() REPRESENTATION_CONTEXT('2D SPACE',''
  ) );
#6806 = ORIENTED_EDGE('',*,*,#6208,.T.);
#6807 = ORIENTED_EDGE('',*,*,#6150,.F.);
#6808 = ADVANCED_FACE('',(#6809),#6296,.F.);
#6809 = FACE_BOUND('',#6810,.F.);
#6810 = EDGE_LOOP('',(#6811));
#6811 = ORIENTED_EDGE('',*,*,#6281,.T.);
#6812 = ADVANCED_FACE('',(#6813),#6422,.F.);
#6813 = FACE_BOUND('',#6814,.T.);
#6814 = EDGE_LOOP('',(#6815,#6842,#6843,#6844));
#6815 = ORIENTED_EDGE('',*,*,#6816,.F.);
#6816 = EDGE_CURVE('',#6590,#6447,#6817,.T.);
#6817 = SURFACE_CURVE('',#6818,(#6823,#6830),.PCURVE_S1.);
#6818 = CIRCLE('',#6819,2.);
#6819 = AXIS2_PLACEMENT_3D('',#6820,#6821,#6822);
#6820 = CARTESIAN_POINT('',(-4.,3.5,7.));
#6821 = DIRECTION('',(1.,6.123233995737E-17,-0.));
#6822 = DIRECTION('',(-6.123233995737E-17,1.,0.));
#6823 = PCURVE('',#6422,#6824);
#6824 = DEFINITIONAL_REPRESENTATION('',(#6825),#6829);
#6825 = LINE('',#6826,#6827);
#6826 = CARTESIAN_POINT('',(-6.28318530718,2.));
#6827 = VECTOR('',#6828,1.);
#6828 = DIRECTION('',(1.,-0.));
#6829 = ( GEOMETRIC_REPRESENTATION_CONTEXT(2) 
PARAMETRIC_REPRESENTATION_CONTEXT() REPRESENTATION_CONTEXT('2D SPACE',''
  ) );
#6830 = PCURVE('',#6831,#6836);
#6831 = SPHERICAL_SURFACE('',#6832,2.);
#6832 = AXIS2_PLACEMENT_3D('',#6833,#6834,#6835);
#6833 = CARTESIAN_POINT('',(-4.,3.5,7.));
#6834 = DIRECTION('',(0.,0.,1.));
#6835 = DIRECTION('',(-1.,2.22044604925E-16,0.));
#6836 = DEFINITIONAL_REPRESENTATION('',(#6837),#6841);
#6837 = LINE('',#6838,#6839);
#6838 = CARTESIAN_POINT('',(-1.570796326795,-6.28318530718));
#6839 = VECTOR('',#6840,1.);
#6840 = DIRECTION('',(-0.,1.));
#6841 = ( GEOMETRIC_REPRESENTATION_CONTEXT(2) 
PARAMETRIC_REPRESENTATION_CONTEXT() REPRESENTATION_CONTEXT('2D SPACE',''
  ) );
#6842 = ORIENTED_EDGE('',*,*,#6639,.T.);
#6843 = ORIENTED_EDGE('',*,*,#6407,.T.);
#6844 = ORIENTED_EDGE('',*,*,#6476,.F.);
#6845 = ADVANCED_FACE('',(#6846),#6462,.F.);
#6846 = FACE_BOUND('',#6847,.T.);
#6847 = EDGE_LOOP('',(#6848,#6849,#6871,#6872));
#6848 = ORIENTED_EDGE('',*,*,#6760,.F.);
#6849 = ORIENTED_EDGE('',*,*,#6850,.T.);
#6850 = EDGE_CURVE('',#6738,#6447,#6851,.T.);
#6851 = SURFACE_CURVE('',#6852,(#6857,#6864),.PCURVE_S1.);
#6852 = CIRCLE('',#6853,2.);
#6853 = AXIS2_PLACEMENT_3D('',#6854,#6855,#6856);
#6854 = CARTESIAN_POINT('',(-4.,3.5,7.));
#6855 = DIRECTION('',(-0.,0.,-1.));
#6856 = DIRECTION('',(-1.,2.22044604925E-16,0.));
#6857 = PCURVE('',#6462,#6858);
#6858 = DEFINITIONAL_REPRESENTATION('',(#6859),#6863);
#6859 = LINE('',#6860,#6861);
#6860 = CARTESIAN_POINT('',(-0.,2.));
#6861 = VECTOR('',#6862,1.);
#6862 = DIRECTION('',(-1.,0.));
#6863 = ( GEOMETRIC_REPRESENTATION_CONTEXT(2) 
PARAMETRIC_REPRESENTATION_CONTEXT() REPRESENTATION_CONTEXT('2D SPACE',''
  ) );
#6864 = PCURVE('',#6831,#6865);
#6865 = DEFINITIONAL_REPRESENTATION('',(#6866),#6870);
#6866 = LINE('',#6867,#6868);
#6867 = CARTESIAN_POINT('',(-0.,0.));
#6868 = VECTOR('',#6869,1.);
#6869 = DIRECTION('',(-1.,0.));
#6870 = ( GEOMETRIC_REPRESENTATION_CONTEXT(2) 
PARAMETRIC_REPRESENTATION_CONTEXT() REPRESENTATION_CONTEXT('2D SPACE',''
  ) );
#6871 = ORIENTED_EDGE('',*,*,#6446,.T.);
#6872 = ORIENTED_EDGE('',*,*,#6785,.T.);
#6873 = ADVANCED_FACE('',(#6874),#6516,.F.);
#6874 = FACE_BOUND('',#6875,.F.);
#6875 = EDGE_LOOP('',(#6876,#6877,#6904,#6905));
#6876 = ORIENTED_EDGE('',*,*,#6714,.F.);
#6877 = ORIENTED_EDGE('',*,*,#6878,.T.);
#6878 = EDGE_CURVE('',#6715,#6501,#6879,.T.);
#6879 = SURFACE_CURVE('',#6880,(#6885,#6892),.PCURVE_S1.);
#6880 = CIRCLE('',#6881,2.);
#6881 = AXIS2_PLACEMENT_3D('',#6882,#6883,#6884);
#6882 = CARTESIAN_POINT('',(-4.,-3.5,7.));
#6883 = DIRECTION('',(0.,0.,1.));
#6884 = DIRECTION('',(-1.,0.,0.));
#6885 = PCURVE('',#6516,#6886);
#6886 = DEFINITIONAL_REPRESENTATION('',(#6887),#6891);
#6887 = LINE('',#6888,#6889);
#6888 = CARTESIAN_POINT('',(0.,2.));
#6889 = VECTOR('',#6890,1.);
#6890 = DIRECTION('',(1.,0.));
#6891 = ( GEOMETRIC_REPRESENTATION_CONTEXT(2) 
PARAMETRIC_REPRESENTATION_CONTEXT() REPRESENTATION_CONTEXT('2D SPACE',''
  ) );
#6892 = PCURVE('',#6893,#6898);
#6893 = SPHERICAL_SURFACE('',#6894,2.);
#6894 = AXIS2_PLACEMENT_3D('',#6895,#6896,#6897);
#6895 = CARTESIAN_POINT('',(-4.,-3.5,7.));
#6896 = DIRECTION('',(0.,0.,1.));
#6897 = DIRECTION('',(-1.,0.,0.));
#6898 = DEFINITIONAL_REPRESENTATION('',(#6899),#6903);
#6899 = LINE('',#6900,#6901);
#6900 = CARTESIAN_POINT('',(0.,0.));
#6901 = VECTOR('',#6902,1.);
#6902 = DIRECTION('',(1.,0.));
#6903 = ( GEOMETRIC_REPRESENTATION_CONTEXT(2) 
PARAMETRIC_REPRESENTATION_CONTEXT() REPRESENTATION_CONTEXT('2D SPACE',''
  ) );
#6904 = ORIENTED_EDGE('',*,*,#6500,.T.);
#6905 = ORIENTED_EDGE('',*,*,#6689,.F.);
#6906 = ADVANCED_FACE('',(#6907),#6544,.F.);
#6907 = FACE_BOUND('',#6908,.F.);
#6908 = EDGE_LOOP('',(#6909,#6931,#6932,#6933));
#6909 = ORIENTED_EDGE('',*,*,#6910,.F.);
#6910 = EDGE_CURVE('',#6588,#6501,#6911,.T.);
#6911 = SURFACE_CURVE('',#6912,(#6917,#6924),.PCURVE_S1.);
#6912 = CIRCLE('',#6913,2.);
#6913 = AXIS2_PLACEMENT_3D('',#6914,#6915,#6916);
#6914 = CARTESIAN_POINT('',(-4.,-3.5,7.));
#6915 = DIRECTION('',(-1.,6.123233995737E-17,0.));
#6916 = DIRECTION('',(-6.123233995737E-17,-1.,0.));
#6917 = PCURVE('',#6544,#6918);
#6918 = DEFINITIONAL_REPRESENTATION('',(#6919),#6923);
#6919 = LINE('',#6920,#6921);
#6920 = CARTESIAN_POINT('',(6.28318530718,2.));
#6921 = VECTOR('',#6922,1.);
#6922 = DIRECTION('',(-1.,-0.));
#6923 = ( GEOMETRIC_REPRESENTATION_CONTEXT(2) 
PARAMETRIC_REPRESENTATION_CONTEXT() REPRESENTATION_CONTEXT('2D SPACE',''
  ) );
#6924 = PCURVE('',#6893,#6925);
#6925 = DEFINITIONAL_REPRESENTATION('',(#6926),#6930);
#6926 = LINE('',#6927,#6928);
#6927 = CARTESIAN_POINT('',(1.570796326795,-6.28318530718));
#6928 = VECTOR('',#6929,1.);
#6929 = DIRECTION('',(0.,1.));
#6930 = ( GEOMETRIC_REPRESENTATION_CONTEXT(2) 
PARAMETRIC_REPRESENTATION_CONTEXT() REPRESENTATION_CONTEXT('2D SPACE',''
  ) );
#6931 = ORIENTED_EDGE('',*,*,#6617,.T.);
#6932 = ORIENTED_EDGE('',*,*,#6560,.T.);
#6933 = ORIENTED_EDGE('',*,*,#6530,.F.);
#6934 = ADVANCED_FACE('',(#6935),#6605,.F.);
#6935 = FACE_BOUND('',#6936,.T.);
#6936 = EDGE_LOOP('',(#6937,#6959,#6960,#6982));
#6937 = ORIENTED_EDGE('',*,*,#6938,.F.);
#6938 = EDGE_CURVE('',#6588,#6715,#6939,.T.);
#6939 = SURFACE_CURVE('',#6940,(#6945,#6952),.PCURVE_S1.);
#6940 = CIRCLE('',#6941,2.);
#6941 = AXIS2_PLACEMENT_3D('',#6942,#6943,#6944);
#6942 = CARTESIAN_POINT('',(-4.,-3.5,7.));
#6943 = DIRECTION('',(0.,1.,-0.));
#6944 = DIRECTION('',(-1.,0.,0.));
#6945 = PCURVE('',#6605,#6946);
#6946 = DEFINITIONAL_REPRESENTATION('',(#6947),#6951);
#6947 = LINE('',#6948,#6949);
#6948 = CARTESIAN_POINT('',(-6.28318530718,2.));
#6949 = VECTOR('',#6950,1.);
#6950 = DIRECTION('',(1.,-0.));
#6951 = ( GEOMETRIC_REPRESENTATION_CONTEXT(2) 
PARAMETRIC_REPRESENTATION_CONTEXT() REPRESENTATION_CONTEXT('2D SPACE',''
  ) );
#6952 = PCURVE('',#6893,#6953);
#6953 = DEFINITIONAL_REPRESENTATION('',(#6954),#6958);
#6954 = LINE('',#6955,#6956);
#6955 = CARTESIAN_POINT('',(0.,-6.28318530718));
#6956 = VECTOR('',#6957,1.);
#6957 = DIRECTION('',(0.,1.));
#6958 = ( GEOMETRIC_REPRESENTATION_CONTEXT(2) 
PARAMETRIC_REPRESENTATION_CONTEXT() REPRESENTATION_CONTEXT('2D SPACE',''
  ) );
#6959 = ORIENTED_EDGE('',*,*,#6587,.T.);
#6960 = ORIENTED_EDGE('',*,*,#6961,.T.);
#6961 = EDGE_CURVE('',#6590,#6738,#6962,.T.);
#6962 = SURFACE_CURVE('',#6963,(#6968,#6975),.PCURVE_S1.);
#6963 = CIRCLE('',#6964,2.);
#6964 = AXIS2_PLACEMENT_3D('',#6965,#6966,#6967);
#6965 = CARTESIAN_POINT('',(-4.,3.5,7.));
#6966 = DIRECTION('',(2.22044604925E-16,1.,-0.));
#6967 = DIRECTION('',(-1.,2.22044604925E-16,0.));
#6968 = PCURVE('',#6605,#6969);
#6969 = DEFINITIONAL_REPRESENTATION('',(#6970),#6974);
#6970 = LINE('',#6971,#6972);
#6971 = CARTESIAN_POINT('',(-6.28318530718,9.));
#6972 = VECTOR('',#6973,1.);
#6973 = DIRECTION('',(1.,-0.));
#6974 = ( GEOMETRIC_REPRESENTATION_CONTEXT(2) 
PARAMETRIC_REPRESENTATION_CONTEXT() REPRESENTATION_CONTEXT('2D SPACE',''
  ) );
#6975 = PCURVE('',#6831,#6976);
#6976 = DEFINITIONAL_REPRESENTATION('',(#6977),#6981);
#6977 = LINE('',#6978,#6979);
#6978 = CARTESIAN_POINT('',(-0.,-6.28318530718));
#6979 = VECTOR('',#6980,1.);
#6980 = DIRECTION('',(-0.,1.));
#6981 = ( GEOMETRIC_REPRESENTATION_CONTEXT(2) 
PARAMETRIC_REPRESENTATION_CONTEXT() REPRESENTATION_CONTEXT('2D SPACE',''
  ) );
#6982 = ORIENTED_EDGE('',*,*,#6737,.F.);
#6983 = ADVANCED_FACE('',(#6984),#6831,.F.);
#6984 = FACE_BOUND('',#6985,.T.);
#6985 = EDGE_LOOP('',(#6986,#6987,#6988));
#6986 = ORIENTED_EDGE('',*,*,#6961,.F.);
#6987 = ORIENTED_EDGE('',*,*,#6816,.T.);
#6988 = ORIENTED_EDGE('',*,*,#6850,.F.);
#6989 = ADVANCED_FACE('',(#6990),#6893,.F.);
#6990 = FACE_BOUND('',#6991,.F.);
#6991 = EDGE_LOOP('',(#6992,#6993,#6994));
#6992 = ORIENTED_EDGE('',*,*,#6938,.F.);
#6993 = ORIENTED_EDGE('',*,*,#6910,.T.);
#6994 = ORIENTED_EDGE('',*,*,#6878,.F.);
#6995 = ( GEOMETRIC_REPRESENTATION_CONTEXT(3) 
GLOBAL_UNCERTAINTY_ASSIGNED_CONTEXT((#6999)) 
GLOBAL_UNIT_ASSIGNED_CONTEXT((#6996,#6997,#6998)) REPRESENTATION_CONTEXT
('Context #1','3D Context with UNIT and UNCERTAINTY') );
#6996 = ( LENGTH_UNIT() NAMED_UNIT(*) SI_UNIT(.MILLI.,.METRE.) );
#6997 = ( NAMED_UNIT(*) PLANE_ANGLE_UNIT() SI_UNIT($,.RADIAN.) );
#6998 = ( NAMED_UNIT(*) SI_UNIT($,.STERADIAN.) SOLID_ANGLE_UNIT() );
#6999 = UNCERTAINTY_MEASURE_WITH_UNIT(LENGTH_MEASURE(1.E-07),#6996,
  'distance_accuracy_value','confusion accuracy');
#7000 = PRODUCT_RELATED_PRODUCT_CATEGORY('part',$,(#7));
ENDSEC;
END-ISO-10303-21;
