ISO-10303-21;
HEADER;
FILE_DESCRIPTION(('Open CASCADE Model'),'2;1');
FILE_NAME('Open CASCADE Shape Model','2026-08-23T11:27:53',('Author'),(
    'Open CASCADE'),'Open CASCADE STEP processor 7.9','Open CASCADE 7.9'
  ,'Unknown');
FILE_SCHEMA(('AUTOMOTIVE_DESIGN { 1 0 10303 214 1 1 1 1 }'));
ENDSEC;
DATA;
#1 = APPLICATION_PROTOCOL_DEFINITION('international standard',
  'automotive_design',2000,#2);
#2 = APPLICATION_CONTEXT(
  'core data for automotive mechanical design processes');
#3 = SHAPE_DEFINITION_REPRESENTATION(#4,#10);
#4 = PRODUCT_DEFINITION_SHAPE('','',#5);
#5 = PRODUCT_DEFINITION('design','',#6,#9);
#6 = PRODUCT_DEFINITION_FORMATION('','',#7);
#7 = PRODUCT('Open CASCADE STEP translator 7.9 26',
  'Open CASCADE STEP translator 7.9 26','',(#8));
#8 = PRODUCT_CONTEXT('',#2,'mechanical');
#9 = PRODUCT_DEFINITION_CONTEXT('part definition',#2,'design');
#10 = ADVANCED_BREP_SHAPE_REPRESENTATION('',(#11,#15),#4147);
#11 = AXIS2_PLACEMENT_3D('',#12,#13,#14);
#12 = CARTESIAN_POINT('',(0.,0.,0.));
#13 = DIRECTION('',(0.,0.,1.));
#14 = DIRECTION('',(1.,0.,-0.));
#15 = MANIFOLD_SOLID_BREP('',#16);
#16 = CLOSED_SHELL('',(#17,#137,#365,#448,#531,#609,#641,#804,#882,#936,
    #1020,#1200,#1227,#1308,#1335,#1416,#1443,#1616,#1649,#1703,#1801,
    #1943,#2429,#2479,#2534,#2566,#2615,#2812,#3464,#3520,#3555,#3626,
    #3659,#3730,#3799,#3805,#3855,#3887,#3914,#3921,#3927,#4016,#4065,
    #4093,#4120,#4126,#4132,#4139,#4143));
#17 = ADVANCED_FACE('',(#18),#32,.F.);
#18 = FACE_BOUND('',#19,.F.);
#19 = EDGE_LOOP('',(#20,#55,#83,#111));
#20 = ORIENTED_EDGE('',*,*,#21,.F.);
#21 = EDGE_CURVE('',#22,#24,#26,.T.);
#22 = VERTEX_POINT('',#23);
#23 = CARTESIAN_POINT('',(-5.5,-2.25,-28.25));
#24 = VERTEX_POINT('',#25);
#25 = CARTESIAN_POINT('',(-5.5,-2.25,-1.75));
#26 = SURFACE_CURVE('',#27,(#31,#43),.PCURVE_S1.);
#27 = LINE('',#28,#29);
#28 = CARTESIAN_POINT('',(-5.5,-2.25,-30.5));
#29 = VECTOR('',#30,1.);
#30 = DIRECTION('',(0.,0.,1.));
#31 = PCURVE('',#32,#37);
#32 = PLANE('',#33);
#33 = AXIS2_PLACEMENT_3D('',#34,#35,#36);
#34 = CARTESIAN_POINT('',(-5.5,-4.5,-30.5));
#35 = DIRECTION('',(1.,0.,0.));
#36 = DIRECTION('',(0.,0.,1.));
#37 = DEFINITIONAL_REPRESENTATION('',(#38),#42);
#38 = LINE('',#39,#40);
#39 = CARTESIAN_POINT('',(0.,-2.25));
#40 = VECTOR('',#41,1.);
#41 = DIRECTION('',(1.,0.));
#42 = ( GEOMETRIC_REPRESENTATION_CONTEXT(2) 
PARAMETRIC_REPRESENTATION_CONTEXT() REPRESENTATION_CONTEXT('2D SPACE',''
  ) );
#43 = PCURVE('',#44,#49);
#44 = CYLINDRICAL_SURFACE('',#45,2.25);
#45 = AXIS2_PLACEMENT_3D('',#46,#47,#48);
#46 = CARTESIAN_POINT('',(-3.25,-2.25,-30.5));
#47 = DIRECTION('',(0.,0.,1.));
#48 = DIRECTION('',(-1.,-0.,0.));
#49 = DEFINITIONAL_REPRESENTATION('',(#50),#54);
#50 = LINE('',#51,#52);
#51 = CARTESIAN_POINT('',(0.,0.));
#52 = VECTOR('',#53,1.);
#53 = DIRECTION('',(0.,1.));
#54 = ( GEOMETRIC_REPRESENTATION_CONTEXT(2) 
PARAMETRIC_REPRESENTATION_CONTEXT() REPRESENTATION_CONTEXT('2D SPACE',''
  ) );
#55 = ORIENTED_EDGE('',*,*,#56,.T.);
#56 = EDGE_CURVE('',#22,#57,#59,.T.);
#57 = VERTEX_POINT('',#58);
#58 = CARTESIAN_POINT('',(-5.5,2.25,-28.25));
#59 = SURFACE_CURVE('',#60,(#64,#71),.PCURVE_S1.);
#60 = LINE('',#61,#62);
#61 = CARTESIAN_POINT('',(-5.5,-4.5,-28.25));
#62 = VECTOR('',#63,1.);
#63 = DIRECTION('',(0.,1.,0.));
#64 = PCURVE('',#32,#65);
#65 = DEFINITIONAL_REPRESENTATION('',(#66),#70);
#66 = LINE('',#67,#68);
#67 = CARTESIAN_POINT('',(2.25,0.));
#68 = VECTOR('',#69,1.);
#69 = DIRECTION('',(0.,-1.));
#70 = ( GEOMETRIC_REPRESENTATION_CONTEXT(2) 
PARAMETRIC_REPRESENTATION_CONTEXT() REPRESENTATION_CONTEXT('2D SPACE',''
  ) );
#71 = PCURVE('',#72,#77);
#72 = CYLINDRICAL_SURFACE('',#73,2.25);
#73 = AXIS2_PLACEMENT_3D('',#74,#75,#76);
#74 = CARTESIAN_POINT('',(-3.25,-4.5,-28.25));
#75 = DIRECTION('',(0.,1.,0.));
#76 = DIRECTION('',(-1.,0.,0.));
#77 = DEFINITIONAL_REPRESENTATION('',(#78),#82);
#78 = LINE('',#79,#80);
#79 = CARTESIAN_POINT('',(-0.,0.));
#80 = VECTOR('',#81,1.);
#81 = DIRECTION('',(-0.,1.));
#82 = ( GEOMETRIC_REPRESENTATION_CONTEXT(2) 
PARAMETRIC_REPRESENTATION_CONTEXT() REPRESENTATION_CONTEXT('2D SPACE',''
  ) );
#83 = ORIENTED_EDGE('',*,*,#84,.T.);
#84 = EDGE_CURVE('',#57,#85,#87,.T.);
#85 = VERTEX_POINT('',#86);
#86 = CARTESIAN_POINT('',(-5.5,2.25,-1.75));
#87 = SURFACE_CURVE('',#88,(#92,#99),.PCURVE_S1.);
#88 = LINE('',#89,#90);
#89 = CARTESIAN_POINT('',(-5.5,2.25,-30.5));
#90 = VECTOR('',#91,1.);
#91 = DIRECTION('',(0.,0.,1.));
#92 = PCURVE('',#32,#93);
#93 = DEFINITIONAL_REPRESENTATION('',(#94),#98);
#94 = LINE('',#95,#96);
#95 = CARTESIAN_POINT('',(0.,-6.75));
#96 = VECTOR('',#97,1.);
#97 = DIRECTION('',(1.,0.));
#98 = ( GEOMETRIC_REPRESENTATION_CONTEXT(2) 
PARAMETRIC_REPRESENTATION_CONTEXT() REPRESENTATION_CONTEXT('2D SPACE',''
  ) );
#99 = PCURVE('',#100,#105);
#100 = CYLINDRICAL_SURFACE('',#101,2.25);
#101 = AXIS2_PLACEMENT_3D('',#102,#103,#104);
#102 = CARTESIAN_POINT('',(-3.25,2.25,-30.5));
#103 = DIRECTION('',(0.,0.,1.));
#104 = DIRECTION('',(-1.,-0.,0.));
#105 = DEFINITIONAL_REPRESENTATION('',(#106),#110);
#106 = LINE('',#107,#108);
#107 = CARTESIAN_POINT('',(-0.,0.));
#108 = VECTOR('',#109,1.);
#109 = DIRECTION('',(-0.,1.));
#110 = ( GEOMETRIC_REPRESENTATION_CONTEXT(2) 
PARAMETRIC_REPRESENTATION_CONTEXT() REPRESENTATION_CONTEXT('2D SPACE',''
  ) );
#111 = ORIENTED_EDGE('',*,*,#112,.F.);
#112 = EDGE_CURVE('',#24,#85,#113,.T.);
#113 = SURFACE_CURVE('',#114,(#118,#125),.PCURVE_S1.);
#114 = LINE('',#115,#116);
#115 = CARTESIAN_POINT('',(-5.5,-4.5,-1.75));
#116 = VECTOR('',#117,1.);
#117 = DIRECTION('',(0.,1.,0.));
#118 = PCURVE('',#32,#119);
#119 = DEFINITIONAL_REPRESENTATION('',(#120),#124);
#120 = LINE('',#121,#122);
#121 = CARTESIAN_POINT('',(28.75,0.));
#122 = VECTOR('',#123,1.);
#123 = DIRECTION('',(0.,-1.));
#124 = ( GEOMETRIC_REPRESENTATION_CONTEXT(2) 
PARAMETRIC_REPRESENTATION_CONTEXT() REPRESENTATION_CONTEXT('2D SPACE',''
  ) );
#125 = PCURVE('',#126,#131);
#126 = CYLINDRICAL_SURFACE('',#127,2.25);
#127 = AXIS2_PLACEMENT_3D('',#128,#129,#130);
#128 = CARTESIAN_POINT('',(-3.25,-4.5,-1.75));
#129 = DIRECTION('',(0.,1.,0.));
#130 = DIRECTION('',(-1.,0.,0.));
#131 = DEFINITIONAL_REPRESENTATION('',(#132),#136);
#132 = LINE('',#133,#134);
#133 = CARTESIAN_POINT('',(0.,0.));
#134 = VECTOR('',#135,1.);
#135 = DIRECTION('',(0.,1.));
#136 = ( GEOMETRIC_REPRESENTATION_CONTEXT(2) 
PARAMETRIC_REPRESENTATION_CONTEXT() REPRESENTATION_CONTEXT('2D SPACE',''
  ) );
#137 = ADVANCED_FACE('',(#138),#44,.T.);
#138 = FACE_BOUND('',#139,.T.);
#139 = EDGE_LOOP('',(#140,#141,#170,#198,#241,#267,#310,#338));
#140 = ORIENTED_EDGE('',*,*,#21,.F.);
#141 = ORIENTED_EDGE('',*,*,#142,.T.);
#142 = EDGE_CURVE('',#22,#143,#145,.T.);
#143 = VERTEX_POINT('',#144);
#144 = CARTESIAN_POINT('',(-3.25,-4.5,-28.25));
#145 = SURFACE_CURVE('',#146,(#151,#158),.PCURVE_S1.);
#146 = CIRCLE('',#147,2.25);
#147 = AXIS2_PLACEMENT_3D('',#148,#149,#150);
#148 = CARTESIAN_POINT('',(-3.25,-2.25,-28.25));
#149 = DIRECTION('',(0.,0.,1.));
#150 = DIRECTION('',(-1.,0.,0.));
#151 = PCURVE('',#44,#152);
#152 = DEFINITIONAL_REPRESENTATION('',(#153),#157);
#153 = LINE('',#154,#155);
#154 = CARTESIAN_POINT('',(0.,2.25));
#155 = VECTOR('',#156,1.);
#156 = DIRECTION('',(1.,0.));
#157 = ( GEOMETRIC_REPRESENTATION_CONTEXT(2) 
PARAMETRIC_REPRESENTATION_CONTEXT() REPRESENTATION_CONTEXT('2D SPACE',''
  ) );
#158 = PCURVE('',#159,#164);
#159 = SPHERICAL_SURFACE('',#160,2.25);
#160 = AXIS2_PLACEMENT_3D('',#161,#162,#163);
#161 = CARTESIAN_POINT('',(-3.25,-2.25,-28.25));
#162 = DIRECTION('',(0.,0.,1.));
#163 = DIRECTION('',(-1.,0.,0.));
#164 = DEFINITIONAL_REPRESENTATION('',(#165),#169);
#165 = LINE('',#166,#167);
#166 = CARTESIAN_POINT('',(0.,0.));
#167 = VECTOR('',#168,1.);
#168 = DIRECTION('',(1.,0.));
#169 = ( GEOMETRIC_REPRESENTATION_CONTEXT(2) 
PARAMETRIC_REPRESENTATION_CONTEXT() REPRESENTATION_CONTEXT('2D SPACE',''
  ) );
#170 = ORIENTED_EDGE('',*,*,#171,.T.);
#171 = EDGE_CURVE('',#143,#172,#174,.T.);
#172 = VERTEX_POINT('',#173);
#173 = CARTESIAN_POINT('',(-3.25,-4.5,-24.93301270189));
#174 = SURFACE_CURVE('',#175,(#179,#186),.PCURVE_S1.);
#175 = LINE('',#176,#177);
#176 = CARTESIAN_POINT('',(-3.25,-4.5,-30.5));
#177 = VECTOR('',#178,1.);
#178 = DIRECTION('',(0.,0.,1.));
#179 = PCURVE('',#44,#180);
#180 = DEFINITIONAL_REPRESENTATION('',(#181),#185);
#181 = LINE('',#182,#183);
#182 = CARTESIAN_POINT('',(1.570796326795,0.));
#183 = VECTOR('',#184,1.);
#184 = DIRECTION('',(0.,1.));
#185 = ( GEOMETRIC_REPRESENTATION_CONTEXT(2) 
PARAMETRIC_REPRESENTATION_CONTEXT() REPRESENTATION_CONTEXT('2D SPACE',''
  ) );
#186 = PCURVE('',#187,#192);
#187 = PLANE('',#188);
#188 = AXIS2_PLACEMENT_3D('',#189,#190,#191);
#189 = CARTESIAN_POINT('',(-5.5,-4.5,-30.5));
#190 = DIRECTION('',(0.,1.,0.));
#191 = DIRECTION('',(0.,0.,1.));
#192 = DEFINITIONAL_REPRESENTATION('',(#193),#197);
#193 = LINE('',#194,#195);
#194 = CARTESIAN_POINT('',(0.,2.25));
#195 = VECTOR('',#196,1.);
#196 = DIRECTION('',(1.,0.));
#197 = ( GEOMETRIC_REPRESENTATION_CONTEXT(2) 
PARAMETRIC_REPRESENTATION_CONTEXT() REPRESENTATION_CONTEXT('2D SPACE',''
  ) );
#198 = ORIENTED_EDGE('',*,*,#199,.F.);
#199 = EDGE_CURVE('',#200,#172,#202,.T.);
#200 = VERTEX_POINT('',#201);
#201 = CARTESIAN_POINT('',(-3.5,-4.4860679775,-24.5));
#202 = SURFACE_CURVE('',#203,(#212,#224),.PCURVE_S1.);
#203 = B_SPLINE_CURVE_WITH_KNOTS('',7,(#204,#205,#206,#207,#208,#209,
    #210,#211),.UNSPECIFIED.,.F.,.F.,(8,8),(0.,1.),
  .PIECEWISE_BEZIER_KNOTS.);
#204 = CARTESIAN_POINT('',(-3.5,-4.4860679775,-24.5));
#205 = CARTESIAN_POINT('',(-3.5,-4.4860679775,-24.57315338767));
#206 = CARTESIAN_POINT('',(-3.487513249217,-4.487464016815,
    -24.64660506758));
#207 = CARTESIAN_POINT('',(-3.462357316867,-4.490276586672,
    -24.71787166147));
#208 = CARTESIAN_POINT('',(-3.424922871466,-4.494017320406,
    -24.78447190056));
#209 = CARTESIAN_POINT('',(-3.376083029851,-4.497660432095,
    -24.84401018204));
#210 = CARTESIAN_POINT('',(-3.317170585005,-4.5,-24.89423174655));
#211 = CARTESIAN_POINT('',(-3.25,-4.5,-24.93301270189));
#212 = PCURVE('',#44,#213);
#213 = DEFINITIONAL_REPRESENTATION('',(#214),#223);
#214 = B_SPLINE_CURVE_WITH_KNOTS('',7,(#215,#216,#217,#218,#219,#220,
    #221,#222),.UNSPECIFIED.,.F.,.F.,(8,8),(0.,1.),
  .PIECEWISE_BEZIER_KNOTS.);
#215 = CARTESIAN_POINT('',(1.459455312454,6.));
#216 = CARTESIAN_POINT('',(1.459455312454,5.926846612322));
#217 = CARTESIAN_POINT('',(1.46503958535,5.853394932412));
#218 = CARTESIAN_POINT('',(1.476289481488,5.782128338522));
#219 = CARTESIAN_POINT('',(1.493009362937,5.715528099439));
#220 = CARTESIAN_POINT('',(1.514759430953,5.655989817958));
#221 = CARTESIAN_POINT('',(1.540942733459,5.605768253442));
#222 = CARTESIAN_POINT('',(1.570796326795,5.566987298108));
#223 = ( GEOMETRIC_REPRESENTATION_CONTEXT(2) 
PARAMETRIC_REPRESENTATION_CONTEXT() REPRESENTATION_CONTEXT('2D SPACE',''
  ) );
#224 = PCURVE('',#225,#230);
#225 = CYLINDRICAL_SURFACE('',#226,0.5);
#226 = AXIS2_PLACEMENT_3D('',#227,#228,#229);
#227 = CARTESIAN_POINT('',(-3.,-5.5,-24.5));
#228 = DIRECTION('',(0.,1.,0.));
#229 = DIRECTION('',(-1.,0.,0.));
#230 = DEFINITIONAL_REPRESENTATION('',(#231),#240);
#231 = B_SPLINE_CURVE_WITH_KNOTS('',7,(#232,#233,#234,#235,#236,#237,
    #238,#239),.UNSPECIFIED.,.F.,.F.,(8,8),(0.,1.),
  .PIECEWISE_BEZIER_KNOTS.);
#232 = CARTESIAN_POINT('',(0.,1.0139320225));
#233 = CARTESIAN_POINT('',(-0.146306775356,1.0139320225));
#234 = CARTESIAN_POINT('',(-0.293209666374,1.012535983185));
#235 = CARTESIAN_POINT('',(-0.440860682572,1.009723413328));
#236 = CARTESIAN_POINT('',(-0.589587126257,1.005982679594));
#237 = CARTESIAN_POINT('',(-0.739812257123,1.002339567905));
#238 = CARTESIAN_POINT('',(-0.89207372986,1.));
#239 = CARTESIAN_POINT('',(-1.047197551197,1.));
#240 = ( GEOMETRIC_REPRESENTATION_CONTEXT(2) 
PARAMETRIC_REPRESENTATION_CONTEXT() REPRESENTATION_CONTEXT('2D SPACE',''
  ) );
#241 = ORIENTED_EDGE('',*,*,#242,.T.);
#242 = EDGE_CURVE('',#200,#243,#245,.T.);
#243 = VERTEX_POINT('',#244);
#244 = CARTESIAN_POINT('',(-3.5,-4.4860679775,-7.5));
#245 = SURFACE_CURVE('',#246,(#250,#256),.PCURVE_S1.);
#246 = LINE('',#247,#248);
#247 = CARTESIAN_POINT('',(-3.5,-4.4860679775,-30.5));
#248 = VECTOR('',#249,1.);
#249 = DIRECTION('',(0.,0.,1.));
#250 = PCURVE('',#44,#251);
#251 = DEFINITIONAL_REPRESENTATION('',(#252),#255);
#252 = B_SPLINE_CURVE_WITH_KNOTS('',1,(#253,#254),.UNSPECIFIED.,.F.,.F.,
  (2,2),(4.3,24.7),.PIECEWISE_BEZIER_KNOTS.);
#253 = CARTESIAN_POINT('',(1.459455312454,4.3));
#254 = CARTESIAN_POINT('',(1.459455312454,24.7));
#255 = ( GEOMETRIC_REPRESENTATION_CONTEXT(2) 
PARAMETRIC_REPRESENTATION_CONTEXT() REPRESENTATION_CONTEXT('2D SPACE',''
  ) );
#256 = PCURVE('',#257,#262);
#257 = PLANE('',#258);
#258 = AXIS2_PLACEMENT_3D('',#259,#260,#261);
#259 = CARTESIAN_POINT('',(-3.5,-5.5,-25.));
#260 = DIRECTION('',(1.,0.,0.));
#261 = DIRECTION('',(0.,0.,1.));
#262 = DEFINITIONAL_REPRESENTATION('',(#263),#266);
#263 = B_SPLINE_CURVE_WITH_KNOTS('',1,(#264,#265),.UNSPECIFIED.,.F.,.F.,
  (2,2),(4.3,24.7),.PIECEWISE_BEZIER_KNOTS.);
#264 = CARTESIAN_POINT('',(-1.2,-1.0139320225));
#265 = CARTESIAN_POINT('',(19.2,-1.0139320225));
#266 = ( GEOMETRIC_REPRESENTATION_CONTEXT(2) 
PARAMETRIC_REPRESENTATION_CONTEXT() REPRESENTATION_CONTEXT('2D SPACE',''
  ) );
#267 = ORIENTED_EDGE('',*,*,#268,.T.);
#268 = EDGE_CURVE('',#243,#269,#271,.T.);
#269 = VERTEX_POINT('',#270);
#270 = CARTESIAN_POINT('',(-3.25,-4.5,-7.066987298108));
#271 = SURFACE_CURVE('',#272,(#281,#293),.PCURVE_S1.);
#272 = B_SPLINE_CURVE_WITH_KNOTS('',7,(#273,#274,#275,#276,#277,#278,
    #279,#280),.UNSPECIFIED.,.F.,.F.,(8,8),(0.,1.),
  .PIECEWISE_BEZIER_KNOTS.);
#273 = CARTESIAN_POINT('',(-3.5,-4.4860679775,-7.5));
#274 = CARTESIAN_POINT('',(-3.5,-4.4860679775,-7.426846612322));
#275 = CARTESIAN_POINT('',(-3.487513249217,-4.487464016815,
    -7.353394932412));
#276 = CARTESIAN_POINT('',(-3.462357316867,-4.490276586672,
    -7.282128338522));
#277 = CARTESIAN_POINT('',(-3.424922871466,-4.494017320406,
    -7.215528099439));
#278 = CARTESIAN_POINT('',(-3.376083029851,-4.497660432095,
    -7.155989817958));
#279 = CARTESIAN_POINT('',(-3.317170585005,-4.5,-7.105768253442));
#280 = CARTESIAN_POINT('',(-3.25,-4.5,-7.066987298108));
#281 = PCURVE('',#44,#282);
#282 = DEFINITIONAL_REPRESENTATION('',(#283),#292);
#283 = B_SPLINE_CURVE_WITH_KNOTS('',7,(#284,#285,#286,#287,#288,#289,
    #290,#291),.UNSPECIFIED.,.F.,.F.,(8,8),(0.,1.),
  .PIECEWISE_BEZIER_KNOTS.);
#284 = CARTESIAN_POINT('',(1.459455312454,23.));
#285 = CARTESIAN_POINT('',(1.459455312454,23.073153387678));
#286 = CARTESIAN_POINT('',(1.46503958535,23.146605067588));
#287 = CARTESIAN_POINT('',(1.476289481488,23.217871661478));
#288 = CARTESIAN_POINT('',(1.493009362937,23.284471900561));
#289 = CARTESIAN_POINT('',(1.514759430953,23.344010182042));
#290 = CARTESIAN_POINT('',(1.540942733459,23.394231746558));
#291 = CARTESIAN_POINT('',(1.570796326795,23.433012701892));
#292 = ( GEOMETRIC_REPRESENTATION_CONTEXT(2) 
PARAMETRIC_REPRESENTATION_CONTEXT() REPRESENTATION_CONTEXT('2D SPACE',''
  ) );
#293 = PCURVE('',#294,#299);
#294 = CYLINDRICAL_SURFACE('',#295,0.5);
#295 = AXIS2_PLACEMENT_3D('',#296,#297,#298);
#296 = CARTESIAN_POINT('',(-3.,-5.5,-7.5));
#297 = DIRECTION('',(0.,1.,0.));
#298 = DIRECTION('',(-1.,0.,0.));
#299 = DEFINITIONAL_REPRESENTATION('',(#300),#309);
#300 = B_SPLINE_CURVE_WITH_KNOTS('',7,(#301,#302,#303,#304,#305,#306,
    #307,#308),.UNSPECIFIED.,.F.,.F.,(8,8),(0.,1.),
  .PIECEWISE_BEZIER_KNOTS.);
#301 = CARTESIAN_POINT('',(0.,1.0139320225));
#302 = CARTESIAN_POINT('',(0.146306775356,1.0139320225));
#303 = CARTESIAN_POINT('',(0.293209666374,1.012535983185));
#304 = CARTESIAN_POINT('',(0.440860682572,1.009723413328));
#305 = CARTESIAN_POINT('',(0.589587126257,1.005982679594));
#306 = CARTESIAN_POINT('',(0.739812257123,1.002339567905));
#307 = CARTESIAN_POINT('',(0.89207372986,1.));
#308 = CARTESIAN_POINT('',(1.047197551197,1.));
#309 = ( GEOMETRIC_REPRESENTATION_CONTEXT(2) 
PARAMETRIC_REPRESENTATION_CONTEXT() REPRESENTATION_CONTEXT('2D SPACE',''
  ) );
#310 = ORIENTED_EDGE('',*,*,#311,.T.);
#311 = EDGE_CURVE('',#269,#312,#314,.T.);
#312 = VERTEX_POINT('',#313);
#313 = CARTESIAN_POINT('',(-3.25,-4.5,-1.75));
#314 = SURFACE_CURVE('',#315,(#319,#326),.PCURVE_S1.);
#315 = LINE('',#316,#317);
#316 = CARTESIAN_POINT('',(-3.25,-4.5,-30.5));
#317 = VECTOR('',#318,1.);
#318 = DIRECTION('',(0.,0.,1.));
#319 = PCURVE('',#44,#320);
#320 = DEFINITIONAL_REPRESENTATION('',(#321),#325);
#321 = LINE('',#322,#323);
#322 = CARTESIAN_POINT('',(1.570796326795,0.));
#323 = VECTOR('',#324,1.);
#324 = DIRECTION('',(0.,1.));
#325 = ( GEOMETRIC_REPRESENTATION_CONTEXT(2) 
PARAMETRIC_REPRESENTATION_CONTEXT() REPRESENTATION_CONTEXT('2D SPACE',''
  ) );
#326 = PCURVE('',#327,#332);
#327 = PLANE('',#328);
#328 = AXIS2_PLACEMENT_3D('',#329,#330,#331);
#329 = CARTESIAN_POINT('',(-5.5,-4.5,-30.5));
#330 = DIRECTION('',(0.,1.,0.));
#331 = DIRECTION('',(0.,0.,1.));
#332 = DEFINITIONAL_REPRESENTATION('',(#333),#337);
#333 = LINE('',#334,#335);
#334 = CARTESIAN_POINT('',(0.,2.25));
#335 = VECTOR('',#336,1.);
#336 = DIRECTION('',(1.,0.));
#337 = ( GEOMETRIC_REPRESENTATION_CONTEXT(2) 
PARAMETRIC_REPRESENTATION_CONTEXT() REPRESENTATION_CONTEXT('2D SPACE',''
  ) );
#338 = ORIENTED_EDGE('',*,*,#339,.F.);
#339 = EDGE_CURVE('',#24,#312,#340,.T.);
#340 = SURFACE_CURVE('',#341,(#346,#353),.PCURVE_S1.);
#341 = CIRCLE('',#342,2.25);
#342 = AXIS2_PLACEMENT_3D('',#343,#344,#345);
#343 = CARTESIAN_POINT('',(-3.25,-2.25,-1.75));
#344 = DIRECTION('',(0.,0.,1.));
#345 = DIRECTION('',(-1.,0.,0.));
#346 = PCURVE('',#44,#347);
#347 = DEFINITIONAL_REPRESENTATION('',(#348),#352);
#348 = LINE('',#349,#350);
#349 = CARTESIAN_POINT('',(0.,28.75));
#350 = VECTOR('',#351,1.);
#351 = DIRECTION('',(1.,0.));
#352 = ( GEOMETRIC_REPRESENTATION_CONTEXT(2) 
PARAMETRIC_REPRESENTATION_CONTEXT() REPRESENTATION_CONTEXT('2D SPACE',''
  ) );
#353 = PCURVE('',#354,#359);
#354 = SPHERICAL_SURFACE('',#355,2.25);
#355 = AXIS2_PLACEMENT_3D('',#356,#357,#358);
#356 = CARTESIAN_POINT('',(-3.25,-2.25,-1.75));
#357 = DIRECTION('',(-0.,-0.,-1.));
#358 = DIRECTION('',(-1.,0.,0.));
#359 = DEFINITIONAL_REPRESENTATION('',(#360),#364);
#360 = LINE('',#361,#362);
#361 = CARTESIAN_POINT('',(-0.,0.));
#362 = VECTOR('',#363,1.);
#363 = DIRECTION('',(-1.,0.));
#364 = ( GEOMETRIC_REPRESENTATION_CONTEXT(2) 
PARAMETRIC_REPRESENTATION_CONTEXT() REPRESENTATION_CONTEXT('2D SPACE',''
  ) );
#365 = ADVANCED_FACE('',(#366),#72,.T.);
#366 = FACE_BOUND('',#367,.F.);
#367 = EDGE_LOOP('',(#368,#392,#420,#447));
#368 = ORIENTED_EDGE('',*,*,#369,.F.);
#369 = EDGE_CURVE('',#370,#22,#372,.T.);
#370 = VERTEX_POINT('',#371);
#371 = CARTESIAN_POINT('',(-3.25,-2.25,-30.5));
#372 = SURFACE_CURVE('',#373,(#378,#385),.PCURVE_S1.);
#373 = CIRCLE('',#374,2.25);
#374 = AXIS2_PLACEMENT_3D('',#375,#376,#377);
#375 = CARTESIAN_POINT('',(-3.25,-2.25,-28.25));
#376 = DIRECTION('',(0.,1.,-0.));
#377 = DIRECTION('',(-1.,0.,0.));
#378 = PCURVE('',#72,#379);
#379 = DEFINITIONAL_REPRESENTATION('',(#380),#384);
#380 = LINE('',#381,#382);
#381 = CARTESIAN_POINT('',(-6.28318530718,2.25));
#382 = VECTOR('',#383,1.);
#383 = DIRECTION('',(1.,-0.));
#384 = ( GEOMETRIC_REPRESENTATION_CONTEXT(2) 
PARAMETRIC_REPRESENTATION_CONTEXT() REPRESENTATION_CONTEXT('2D SPACE',''
  ) );
#385 = PCURVE('',#159,#386);
#386 = DEFINITIONAL_REPRESENTATION('',(#387),#391);
#387 = LINE('',#388,#389);
#388 = CARTESIAN_POINT('',(0.,-6.28318530718));
#389 = VECTOR('',#390,1.);
#390 = DIRECTION('',(0.,1.));
#391 = ( GEOMETRIC_REPRESENTATION_CONTEXT(2) 
PARAMETRIC_REPRESENTATION_CONTEXT() REPRESENTATION_CONTEXT('2D SPACE',''
  ) );
#392 = ORIENTED_EDGE('',*,*,#393,.T.);
#393 = EDGE_CURVE('',#370,#394,#396,.T.);
#394 = VERTEX_POINT('',#395);
#395 = CARTESIAN_POINT('',(-3.25,2.25,-30.5));
#396 = SURFACE_CURVE('',#397,(#401,#408),.PCURVE_S1.);
#397 = LINE('',#398,#399);
#398 = CARTESIAN_POINT('',(-3.25,-4.5,-30.5));
#399 = VECTOR('',#400,1.);
#400 = DIRECTION('',(0.,1.,0.));
#401 = PCURVE('',#72,#402);
#402 = DEFINITIONAL_REPRESENTATION('',(#403),#407);
#403 = LINE('',#404,#405);
#404 = CARTESIAN_POINT('',(-1.570796326795,0.));
#405 = VECTOR('',#406,1.);
#406 = DIRECTION('',(-0.,1.));
#407 = ( GEOMETRIC_REPRESENTATION_CONTEXT(2) 
PARAMETRIC_REPRESENTATION_CONTEXT() REPRESENTATION_CONTEXT('2D SPACE',''
  ) );
#408 = PCURVE('',#409,#414);
#409 = PLANE('',#410);
#410 = AXIS2_PLACEMENT_3D('',#411,#412,#413);
#411 = CARTESIAN_POINT('',(-5.5,-4.5,-30.5));
#412 = DIRECTION('',(0.,0.,1.));
#413 = DIRECTION('',(1.,0.,0.));
#414 = DEFINITIONAL_REPRESENTATION('',(#415),#419);
#415 = LINE('',#416,#417);
#416 = CARTESIAN_POINT('',(2.25,0.));
#417 = VECTOR('',#418,1.);
#418 = DIRECTION('',(0.,1.));
#419 = ( GEOMETRIC_REPRESENTATION_CONTEXT(2) 
PARAMETRIC_REPRESENTATION_CONTEXT() REPRESENTATION_CONTEXT('2D SPACE',''
  ) );
#420 = ORIENTED_EDGE('',*,*,#421,.T.);
#421 = EDGE_CURVE('',#394,#57,#422,.T.);
#422 = SURFACE_CURVE('',#423,(#428,#435),.PCURVE_S1.);
#423 = CIRCLE('',#424,2.25);
#424 = AXIS2_PLACEMENT_3D('',#425,#426,#427);
#425 = CARTESIAN_POINT('',(-3.25,2.25,-28.25));
#426 = DIRECTION('',(1.973729821556E-16,1.,-0.));
#427 = DIRECTION('',(-1.,1.973729821556E-16,0.));
#428 = PCURVE('',#72,#429);
#429 = DEFINITIONAL_REPRESENTATION('',(#430),#434);
#430 = LINE('',#431,#432);
#431 = CARTESIAN_POINT('',(-6.28318530718,6.75));
#432 = VECTOR('',#433,1.);
#433 = DIRECTION('',(1.,-0.));
#434 = ( GEOMETRIC_REPRESENTATION_CONTEXT(2) 
PARAMETRIC_REPRESENTATION_CONTEXT() REPRESENTATION_CONTEXT('2D SPACE',''
  ) );
#435 = PCURVE('',#436,#441);
#436 = SPHERICAL_SURFACE('',#437,2.25);
#437 = AXIS2_PLACEMENT_3D('',#438,#439,#440);
#438 = CARTESIAN_POINT('',(-3.25,2.25,-28.25));
#439 = DIRECTION('',(0.,0.,1.));
#440 = DIRECTION('',(-1.,1.973729821556E-16,0.));
#441 = DEFINITIONAL_REPRESENTATION('',(#442),#446);
#442 = LINE('',#443,#444);
#443 = CARTESIAN_POINT('',(-0.,-6.28318530718));
#444 = VECTOR('',#445,1.);
#445 = DIRECTION('',(-0.,1.));
#446 = ( GEOMETRIC_REPRESENTATION_CONTEXT(2) 
PARAMETRIC_REPRESENTATION_CONTEXT() REPRESENTATION_CONTEXT('2D SPACE',''
  ) );
#447 = ORIENTED_EDGE('',*,*,#56,.F.);
#448 = ADVANCED_FACE('',(#449),#126,.T.);
#449 = FACE_BOUND('',#450,.T.);
#450 = EDGE_LOOP('',(#451,#475,#503,#530));
#451 = ORIENTED_EDGE('',*,*,#452,.F.);
#452 = EDGE_CURVE('',#453,#24,#455,.T.);
#453 = VERTEX_POINT('',#454);
#454 = CARTESIAN_POINT('',(-3.25,-2.25,0.5));
#455 = SURFACE_CURVE('',#456,(#461,#468),.PCURVE_S1.);
#456 = CIRCLE('',#457,2.25);
#457 = AXIS2_PLACEMENT_3D('',#458,#459,#460);
#458 = CARTESIAN_POINT('',(-3.25,-2.25,-1.75));
#459 = DIRECTION('',(0.,-1.,0.));
#460 = DIRECTION('',(-1.,0.,0.));
#461 = PCURVE('',#126,#462);
#462 = DEFINITIONAL_REPRESENTATION('',(#463),#467);
#463 = LINE('',#464,#465);
#464 = CARTESIAN_POINT('',(6.28318530718,2.25));
#465 = VECTOR('',#466,1.);
#466 = DIRECTION('',(-1.,-0.));
#467 = ( GEOMETRIC_REPRESENTATION_CONTEXT(2) 
PARAMETRIC_REPRESENTATION_CONTEXT() REPRESENTATION_CONTEXT('2D SPACE',''
  ) );
#468 = PCURVE('',#354,#469);
#469 = DEFINITIONAL_REPRESENTATION('',(#470),#474);
#470 = LINE('',#471,#472);
#471 = CARTESIAN_POINT('',(-0.,-6.28318530718));
#472 = VECTOR('',#473,1.);
#473 = DIRECTION('',(-0.,1.));
#474 = ( GEOMETRIC_REPRESENTATION_CONTEXT(2) 
PARAMETRIC_REPRESENTATION_CONTEXT() REPRESENTATION_CONTEXT('2D SPACE',''
  ) );
#475 = ORIENTED_EDGE('',*,*,#476,.T.);
#476 = EDGE_CURVE('',#453,#477,#479,.T.);
#477 = VERTEX_POINT('',#478);
#478 = CARTESIAN_POINT('',(-3.25,2.25,0.5));
#479 = SURFACE_CURVE('',#480,(#484,#491),.PCURVE_S1.);
#480 = LINE('',#481,#482);
#481 = CARTESIAN_POINT('',(-3.25,-4.5,0.5));
#482 = VECTOR('',#483,1.);
#483 = DIRECTION('',(0.,1.,0.));
#484 = PCURVE('',#126,#485);
#485 = DEFINITIONAL_REPRESENTATION('',(#486),#490);
#486 = LINE('',#487,#488);
#487 = CARTESIAN_POINT('',(1.570796326795,0.));
#488 = VECTOR('',#489,1.);
#489 = DIRECTION('',(0.,1.));
#490 = ( GEOMETRIC_REPRESENTATION_CONTEXT(2) 
PARAMETRIC_REPRESENTATION_CONTEXT() REPRESENTATION_CONTEXT('2D SPACE',''
  ) );
#491 = PCURVE('',#492,#497);
#492 = PLANE('',#493);
#493 = AXIS2_PLACEMENT_3D('',#494,#495,#496);
#494 = CARTESIAN_POINT('',(-5.5,-4.5,0.5));
#495 = DIRECTION('',(0.,0.,1.));
#496 = DIRECTION('',(1.,0.,0.));
#497 = DEFINITIONAL_REPRESENTATION('',(#498),#502);
#498 = LINE('',#499,#500);
#499 = CARTESIAN_POINT('',(2.25,0.));
#500 = VECTOR('',#501,1.);
#501 = DIRECTION('',(0.,1.));
#502 = ( GEOMETRIC_REPRESENTATION_CONTEXT(2) 
PARAMETRIC_REPRESENTATION_CONTEXT() REPRESENTATION_CONTEXT('2D SPACE',''
  ) );
#503 = ORIENTED_EDGE('',*,*,#504,.F.);
#504 = EDGE_CURVE('',#85,#477,#505,.T.);
#505 = SURFACE_CURVE('',#506,(#511,#518),.PCURVE_S1.);
#506 = CIRCLE('',#507,2.25);
#507 = AXIS2_PLACEMENT_3D('',#508,#509,#510);
#508 = CARTESIAN_POINT('',(-3.25,2.25,-1.75));
#509 = DIRECTION('',(0.,1.,0.));
#510 = DIRECTION('',(-1.,0.,0.));
#511 = PCURVE('',#126,#512);
#512 = DEFINITIONAL_REPRESENTATION('',(#513),#517);
#513 = LINE('',#514,#515);
#514 = CARTESIAN_POINT('',(0.,6.75));
#515 = VECTOR('',#516,1.);
#516 = DIRECTION('',(1.,0.));
#517 = ( GEOMETRIC_REPRESENTATION_CONTEXT(2) 
PARAMETRIC_REPRESENTATION_CONTEXT() REPRESENTATION_CONTEXT('2D SPACE',''
  ) );
#518 = PCURVE('',#519,#524);
#519 = SPHERICAL_SURFACE('',#520,2.25);
#520 = AXIS2_PLACEMENT_3D('',#521,#522,#523);
#521 = CARTESIAN_POINT('',(-3.25,2.25,-1.75));
#522 = DIRECTION('',(-0.,-1.,-0.));
#523 = DIRECTION('',(-1.,0.,0.));
#524 = DEFINITIONAL_REPRESENTATION('',(#525),#529);
#525 = LINE('',#526,#527);
#526 = CARTESIAN_POINT('',(-0.,0.));
#527 = VECTOR('',#528,1.);
#528 = DIRECTION('',(-1.,0.));
#529 = ( GEOMETRIC_REPRESENTATION_CONTEXT(2) 
PARAMETRIC_REPRESENTATION_CONTEXT() REPRESENTATION_CONTEXT('2D SPACE',''
  ) );
#530 = ORIENTED_EDGE('',*,*,#112,.F.);
#531 = ADVANCED_FACE('',(#532),#100,.T.);
#532 = FACE_BOUND('',#533,.F.);
#533 = EDGE_LOOP('',(#534,#535,#559,#587));
#534 = ORIENTED_EDGE('',*,*,#84,.F.);
#535 = ORIENTED_EDGE('',*,*,#536,.T.);
#536 = EDGE_CURVE('',#57,#537,#539,.T.);
#537 = VERTEX_POINT('',#538);
#538 = CARTESIAN_POINT('',(-3.25,4.5,-28.25));
#539 = SURFACE_CURVE('',#540,(#545,#552),.PCURVE_S1.);
#540 = CIRCLE('',#541,2.25);
#541 = AXIS2_PLACEMENT_3D('',#542,#543,#544);
#542 = CARTESIAN_POINT('',(-3.25,2.25,-28.25));
#543 = DIRECTION('',(-0.,0.,-1.));
#544 = DIRECTION('',(-1.,1.973729821556E-16,0.));
#545 = PCURVE('',#100,#546);
#546 = DEFINITIONAL_REPRESENTATION('',(#547),#551);
#547 = LINE('',#548,#549);
#548 = CARTESIAN_POINT('',(-0.,2.25));
#549 = VECTOR('',#550,1.);
#550 = DIRECTION('',(-1.,0.));
#551 = ( GEOMETRIC_REPRESENTATION_CONTEXT(2) 
PARAMETRIC_REPRESENTATION_CONTEXT() REPRESENTATION_CONTEXT('2D SPACE',''
  ) );
#552 = PCURVE('',#436,#553);
#553 = DEFINITIONAL_REPRESENTATION('',(#554),#558);
#554 = LINE('',#555,#556);
#555 = CARTESIAN_POINT('',(-0.,0.));
#556 = VECTOR('',#557,1.);
#557 = DIRECTION('',(-1.,0.));
#558 = ( GEOMETRIC_REPRESENTATION_CONTEXT(2) 
PARAMETRIC_REPRESENTATION_CONTEXT() REPRESENTATION_CONTEXT('2D SPACE',''
  ) );
#559 = ORIENTED_EDGE('',*,*,#560,.T.);
#560 = EDGE_CURVE('',#537,#561,#563,.T.);
#561 = VERTEX_POINT('',#562);
#562 = CARTESIAN_POINT('',(-3.25,4.5,-1.75));
#563 = SURFACE_CURVE('',#564,(#568,#575),.PCURVE_S1.);
#564 = LINE('',#565,#566);
#565 = CARTESIAN_POINT('',(-3.25,4.5,-30.5));
#566 = VECTOR('',#567,1.);
#567 = DIRECTION('',(0.,0.,1.));
#568 = PCURVE('',#100,#569);
#569 = DEFINITIONAL_REPRESENTATION('',(#570),#574);
#570 = LINE('',#571,#572);
#571 = CARTESIAN_POINT('',(-1.570796326795,0.));
#572 = VECTOR('',#573,1.);
#573 = DIRECTION('',(-0.,1.));
#574 = ( GEOMETRIC_REPRESENTATION_CONTEXT(2) 
PARAMETRIC_REPRESENTATION_CONTEXT() REPRESENTATION_CONTEXT('2D SPACE',''
  ) );
#575 = PCURVE('',#576,#581);
#576 = PLANE('',#577);
#577 = AXIS2_PLACEMENT_3D('',#578,#579,#580);
#578 = CARTESIAN_POINT('',(-5.5,4.5,-30.5));
#579 = DIRECTION('',(0.,1.,0.));
#580 = DIRECTION('',(0.,0.,1.));
#581 = DEFINITIONAL_REPRESENTATION('',(#582),#586);
#582 = LINE('',#583,#584);
#583 = CARTESIAN_POINT('',(0.,2.25));
#584 = VECTOR('',#585,1.);
#585 = DIRECTION('',(1.,0.));
#586 = ( GEOMETRIC_REPRESENTATION_CONTEXT(2) 
PARAMETRIC_REPRESENTATION_CONTEXT() REPRESENTATION_CONTEXT('2D SPACE',''
  ) );
#587 = ORIENTED_EDGE('',*,*,#588,.T.);
#588 = EDGE_CURVE('',#561,#85,#589,.T.);
#589 = SURFACE_CURVE('',#590,(#595,#602),.PCURVE_S1.);
#590 = CIRCLE('',#591,2.25);
#591 = AXIS2_PLACEMENT_3D('',#592,#593,#594);
#592 = CARTESIAN_POINT('',(-3.25,2.25,-1.75));
#593 = DIRECTION('',(0.,0.,1.));
#594 = DIRECTION('',(-1.,0.,0.));
#595 = PCURVE('',#100,#596);
#596 = DEFINITIONAL_REPRESENTATION('',(#597),#601);
#597 = LINE('',#598,#599);
#598 = CARTESIAN_POINT('',(-6.28318530718,28.75));
#599 = VECTOR('',#600,1.);
#600 = DIRECTION('',(1.,-0.));
#601 = ( GEOMETRIC_REPRESENTATION_CONTEXT(2) 
PARAMETRIC_REPRESENTATION_CONTEXT() REPRESENTATION_CONTEXT('2D SPACE',''
  ) );
#602 = PCURVE('',#519,#603);
#603 = DEFINITIONAL_REPRESENTATION('',(#604),#608);
#604 = LINE('',#605,#606);
#605 = CARTESIAN_POINT('',(-0.,-6.28318530718));
#606 = VECTOR('',#607,1.);
#607 = DIRECTION('',(-0.,1.));
#608 = ( GEOMETRIC_REPRESENTATION_CONTEXT(2) 
PARAMETRIC_REPRESENTATION_CONTEXT() REPRESENTATION_CONTEXT('2D SPACE',''
  ) );
#609 = ADVANCED_FACE('',(#610),#354,.T.);
#610 = FACE_BOUND('',#611,.F.);
#611 = EDGE_LOOP('',(#612,#613,#640));
#612 = ORIENTED_EDGE('',*,*,#452,.F.);
#613 = ORIENTED_EDGE('',*,*,#614,.T.);
#614 = EDGE_CURVE('',#453,#312,#615,.T.);
#615 = SURFACE_CURVE('',#616,(#621,#628),.PCURVE_S1.);
#616 = CIRCLE('',#617,2.25);
#617 = AXIS2_PLACEMENT_3D('',#618,#619,#620);
#618 = CARTESIAN_POINT('',(-3.25,-2.25,-1.75));
#619 = DIRECTION('',(1.,-2.832769448824E-16,0.));
#620 = DIRECTION('',(-2.832769448824E-16,-1.,0.));
#621 = PCURVE('',#354,#622);
#622 = DEFINITIONAL_REPRESENTATION('',(#623),#627);
#623 = LINE('',#624,#625);
#624 = CARTESIAN_POINT('',(-1.570796326795,-6.28318530718));
#625 = VECTOR('',#626,1.);
#626 = DIRECTION('',(-0.,1.));
#627 = ( GEOMETRIC_REPRESENTATION_CONTEXT(2) 
PARAMETRIC_REPRESENTATION_CONTEXT() REPRESENTATION_CONTEXT('2D SPACE',''
  ) );
#628 = PCURVE('',#629,#634);
#629 = CYLINDRICAL_SURFACE('',#630,2.25);
#630 = AXIS2_PLACEMENT_3D('',#631,#632,#633);
#631 = CARTESIAN_POINT('',(-5.5,-2.25,-1.75));
#632 = DIRECTION('',(1.,0.,0.));
#633 = DIRECTION('',(0.,-1.,0.));
#634 = DEFINITIONAL_REPRESENTATION('',(#635),#639);
#635 = LINE('',#636,#637);
#636 = CARTESIAN_POINT('',(-6.28318530718,2.25));
#637 = VECTOR('',#638,1.);
#638 = DIRECTION('',(1.,-0.));
#639 = ( GEOMETRIC_REPRESENTATION_CONTEXT(2) 
PARAMETRIC_REPRESENTATION_CONTEXT() REPRESENTATION_CONTEXT('2D SPACE',''
  ) );
#640 = ORIENTED_EDGE('',*,*,#339,.F.);
#641 = ADVANCED_FACE('',(#642,#773),#327,.F.);
#642 = FACE_BOUND('',#643,.F.);
#643 = EDGE_LOOP('',(#644,#668,#669,#692,#720,#749));
#644 = ORIENTED_EDGE('',*,*,#645,.F.);
#645 = EDGE_CURVE('',#269,#646,#648,.T.);
#646 = VERTEX_POINT('',#647);
#647 = CARTESIAN_POINT('',(-3.,-4.5,-7.));
#648 = SURFACE_CURVE('',#649,(#654,#661),.PCURVE_S1.);
#649 = CIRCLE('',#650,0.5);
#650 = AXIS2_PLACEMENT_3D('',#651,#652,#653);
#651 = CARTESIAN_POINT('',(-3.,-4.5,-7.5));
#652 = DIRECTION('',(0.,1.,0.));
#653 = DIRECTION('',(-1.,0.,0.));
#654 = PCURVE('',#327,#655);
#655 = DEFINITIONAL_REPRESENTATION('',(#656),#660);
#656 = CIRCLE('',#657,0.5);
#657 = AXIS2_PLACEMENT_2D('',#658,#659);
#658 = CARTESIAN_POINT('',(23.,2.5));
#659 = DIRECTION('',(0.,-1.));
#660 = ( GEOMETRIC_REPRESENTATION_CONTEXT(2) 
PARAMETRIC_REPRESENTATION_CONTEXT() REPRESENTATION_CONTEXT('2D SPACE',''
  ) );
#661 = PCURVE('',#294,#662);
#662 = DEFINITIONAL_REPRESENTATION('',(#663),#667);
#663 = LINE('',#664,#665);
#664 = CARTESIAN_POINT('',(0.,1.));
#665 = VECTOR('',#666,1.);
#666 = DIRECTION('',(1.,0.));
#667 = ( GEOMETRIC_REPRESENTATION_CONTEXT(2) 
PARAMETRIC_REPRESENTATION_CONTEXT() REPRESENTATION_CONTEXT('2D SPACE',''
  ) );
#668 = ORIENTED_EDGE('',*,*,#311,.T.);
#669 = ORIENTED_EDGE('',*,*,#670,.T.);
#670 = EDGE_CURVE('',#312,#671,#673,.T.);
#671 = VERTEX_POINT('',#672);
#672 = CARTESIAN_POINT('',(3.25,-4.5,-1.75));
#673 = SURFACE_CURVE('',#674,(#678,#685),.PCURVE_S1.);
#674 = LINE('',#675,#676);
#675 = CARTESIAN_POINT('',(-5.5,-4.5,-1.75));
#676 = VECTOR('',#677,1.);
#677 = DIRECTION('',(1.,0.,0.));
#678 = PCURVE('',#327,#679);
#679 = DEFINITIONAL_REPRESENTATION('',(#680),#684);
#680 = LINE('',#681,#682);
#681 = CARTESIAN_POINT('',(28.75,0.));
#682 = VECTOR('',#683,1.);
#683 = DIRECTION('',(0.,1.));
#684 = ( GEOMETRIC_REPRESENTATION_CONTEXT(2) 
PARAMETRIC_REPRESENTATION_CONTEXT() REPRESENTATION_CONTEXT('2D SPACE',''
  ) );
#685 = PCURVE('',#629,#686);
#686 = DEFINITIONAL_REPRESENTATION('',(#687),#691);
#687 = LINE('',#688,#689);
#688 = CARTESIAN_POINT('',(-0.,0.));
#689 = VECTOR('',#690,1.);
#690 = DIRECTION('',(-0.,1.));
#691 = ( GEOMETRIC_REPRESENTATION_CONTEXT(2) 
PARAMETRIC_REPRESENTATION_CONTEXT() REPRESENTATION_CONTEXT('2D SPACE',''
  ) );
#692 = ORIENTED_EDGE('',*,*,#693,.F.);
#693 = EDGE_CURVE('',#694,#671,#696,.T.);
#694 = VERTEX_POINT('',#695);
#695 = CARTESIAN_POINT('',(3.25,-4.5,-7.066987298108));
#696 = SURFACE_CURVE('',#697,(#701,#708),.PCURVE_S1.);
#697 = LINE('',#698,#699);
#698 = CARTESIAN_POINT('',(3.25,-4.5,-30.5));
#699 = VECTOR('',#700,1.);
#700 = DIRECTION('',(0.,0.,1.));
#701 = PCURVE('',#327,#702);
#702 = DEFINITIONAL_REPRESENTATION('',(#703),#707);
#703 = LINE('',#704,#705);
#704 = CARTESIAN_POINT('',(0.,8.75));
#705 = VECTOR('',#706,1.);
#706 = DIRECTION('',(1.,0.));
#707 = ( GEOMETRIC_REPRESENTATION_CONTEXT(2) 
PARAMETRIC_REPRESENTATION_CONTEXT() REPRESENTATION_CONTEXT('2D SPACE',''
  ) );
#708 = PCURVE('',#709,#714);
#709 = CYLINDRICAL_SURFACE('',#710,2.25);
#710 = AXIS2_PLACEMENT_3D('',#711,#712,#713);
#711 = CARTESIAN_POINT('',(3.25,-2.25,-30.5));
#712 = DIRECTION('',(0.,0.,1.));
#713 = DIRECTION('',(1.,0.,-0.));
#714 = DEFINITIONAL_REPRESENTATION('',(#715),#719);
#715 = LINE('',#716,#717);
#716 = CARTESIAN_POINT('',(-1.570796326795,0.));
#717 = VECTOR('',#718,1.);
#718 = DIRECTION('',(-0.,1.));
#719 = ( GEOMETRIC_REPRESENTATION_CONTEXT(2) 
PARAMETRIC_REPRESENTATION_CONTEXT() REPRESENTATION_CONTEXT('2D SPACE',''
  ) );
#720 = ORIENTED_EDGE('',*,*,#721,.F.);
#721 = EDGE_CURVE('',#722,#694,#724,.T.);
#722 = VERTEX_POINT('',#723);
#723 = CARTESIAN_POINT('',(3.,-4.5,-7.));
#724 = SURFACE_CURVE('',#725,(#730,#737),.PCURVE_S1.);
#725 = CIRCLE('',#726,0.5);
#726 = AXIS2_PLACEMENT_3D('',#727,#728,#729);
#727 = CARTESIAN_POINT('',(3.,-4.5,-7.5));
#728 = DIRECTION('',(0.,1.,0.));
#729 = DIRECTION('',(1.,0.,-0.));
#730 = PCURVE('',#327,#731);
#731 = DEFINITIONAL_REPRESENTATION('',(#732),#736);
#732 = CIRCLE('',#733,0.5);
#733 = AXIS2_PLACEMENT_2D('',#734,#735);
#734 = CARTESIAN_POINT('',(23.,8.5));
#735 = DIRECTION('',(0.,1.));
#736 = ( GEOMETRIC_REPRESENTATION_CONTEXT(2) 
PARAMETRIC_REPRESENTATION_CONTEXT() REPRESENTATION_CONTEXT('2D SPACE',''
  ) );
#737 = PCURVE('',#738,#743);
#738 = CYLINDRICAL_SURFACE('',#739,0.5);
#739 = AXIS2_PLACEMENT_3D('',#740,#741,#742);
#740 = CARTESIAN_POINT('',(3.,-5.5,-7.5));
#741 = DIRECTION('',(0.,1.,0.));
#742 = DIRECTION('',(1.,0.,-0.));
#743 = DEFINITIONAL_REPRESENTATION('',(#744),#748);
#744 = LINE('',#745,#746);
#745 = CARTESIAN_POINT('',(-6.28318530718,1.));
#746 = VECTOR('',#747,1.);
#747 = DIRECTION('',(1.,-0.));
#748 = ( GEOMETRIC_REPRESENTATION_CONTEXT(2) 
PARAMETRIC_REPRESENTATION_CONTEXT() REPRESENTATION_CONTEXT('2D SPACE',''
  ) );
#749 = ORIENTED_EDGE('',*,*,#750,.F.);
#750 = EDGE_CURVE('',#646,#722,#751,.T.);
#751 = SURFACE_CURVE('',#752,(#756,#762),.PCURVE_S1.);
#752 = LINE('',#753,#754);
#753 = CARTESIAN_POINT('',(-4.5,-4.5,-7.));
#754 = VECTOR('',#755,1.);
#755 = DIRECTION('',(1.,0.,0.));
#756 = PCURVE('',#327,#757);
#757 = DEFINITIONAL_REPRESENTATION('',(#758),#761);
#758 = B_SPLINE_CURVE_WITH_KNOTS('',1,(#759,#760),.UNSPECIFIED.,.F.,.F.,
  (2,2),(1.5,7.5),.PIECEWISE_BEZIER_KNOTS.);
#759 = CARTESIAN_POINT('',(23.5,2.5));
#760 = CARTESIAN_POINT('',(23.5,8.5));
#761 = ( GEOMETRIC_REPRESENTATION_CONTEXT(2) 
PARAMETRIC_REPRESENTATION_CONTEXT() REPRESENTATION_CONTEXT('2D SPACE',''
  ) );
#762 = PCURVE('',#763,#768);
#763 = PLANE('',#764);
#764 = AXIS2_PLACEMENT_3D('',#765,#766,#767);
#765 = CARTESIAN_POINT('',(-3.5,-5.5,-7.));
#766 = DIRECTION('',(0.,0.,1.));
#767 = DIRECTION('',(1.,0.,0.));
#768 = DEFINITIONAL_REPRESENTATION('',(#769),#772);
#769 = B_SPLINE_CURVE_WITH_KNOTS('',1,(#770,#771),.UNSPECIFIED.,.F.,.F.,
  (2,2),(1.5,7.5),.PIECEWISE_BEZIER_KNOTS.);
#770 = CARTESIAN_POINT('',(0.5,1.));
#771 = CARTESIAN_POINT('',(6.5,1.));
#772 = ( GEOMETRIC_REPRESENTATION_CONTEXT(2) 
PARAMETRIC_REPRESENTATION_CONTEXT() REPRESENTATION_CONTEXT('2D SPACE',''
  ) );
#773 = FACE_BOUND('',#774,.F.);
#774 = EDGE_LOOP('',(#775));
#775 = ORIENTED_EDGE('',*,*,#776,.F.);
#776 = EDGE_CURVE('',#777,#777,#779,.T.);
#777 = VERTEX_POINT('',#778);
#778 = CARTESIAN_POINT('',(-3.918869757272E-16,-4.5,-2.4));
#779 = SURFACE_CURVE('',#780,(#785,#792),.PCURVE_S1.);
#780 = CIRCLE('',#781,1.6);
#781 = AXIS2_PLACEMENT_3D('',#782,#783,#784);
#782 = CARTESIAN_POINT('',(0.,-4.5,-4.));
#783 = DIRECTION('',(0.,1.,0.));
#784 = DIRECTION('',(0.,-0.,1.));
#785 = PCURVE('',#327,#786);
#786 = DEFINITIONAL_REPRESENTATION('',(#787),#791);
#787 = CIRCLE('',#788,1.6);
#788 = AXIS2_PLACEMENT_2D('',#789,#790);
#789 = CARTESIAN_POINT('',(26.5,5.5));
#790 = DIRECTION('',(1.,0.));
#791 = ( GEOMETRIC_REPRESENTATION_CONTEXT(2) 
PARAMETRIC_REPRESENTATION_CONTEXT() REPRESENTATION_CONTEXT('2D SPACE',''
  ) );
#792 = PCURVE('',#793,#798);
#793 = CYLINDRICAL_SURFACE('',#794,1.6);
#794 = AXIS2_PLACEMENT_3D('',#795,#796,#797);
#795 = CARTESIAN_POINT('',(0.,-6.5,-4.));
#796 = DIRECTION('',(0.,1.,0.));
#797 = DIRECTION('',(0.,-0.,1.));
#798 = DEFINITIONAL_REPRESENTATION('',(#799),#803);
#799 = LINE('',#800,#801);
#800 = CARTESIAN_POINT('',(0.,2.));
#801 = VECTOR('',#802,1.);
#802 = DIRECTION('',(1.,0.));
#803 = ( GEOMETRIC_REPRESENTATION_CONTEXT(2) 
PARAMETRIC_REPRESENTATION_CONTEXT() REPRESENTATION_CONTEXT('2D SPACE',''
  ) );
#804 = ADVANCED_FACE('',(#805),#294,.F.);
#805 = FACE_BOUND('',#806,.F.);
#806 = EDGE_LOOP('',(#807,#808,#831,#860,#881));
#807 = ORIENTED_EDGE('',*,*,#645,.T.);
#808 = ORIENTED_EDGE('',*,*,#809,.T.);
#809 = EDGE_CURVE('',#646,#810,#812,.T.);
#810 = VERTEX_POINT('',#811);
#811 = CARTESIAN_POINT('',(-3.,-4.,-7.));
#812 = SURFACE_CURVE('',#813,(#817,#824),.PCURVE_S1.);
#813 = LINE('',#814,#815);
#814 = CARTESIAN_POINT('',(-3.,-5.5,-7.));
#815 = VECTOR('',#816,1.);
#816 = DIRECTION('',(0.,1.,0.));
#817 = PCURVE('',#294,#818);
#818 = DEFINITIONAL_REPRESENTATION('',(#819),#823);
#819 = LINE('',#820,#821);
#820 = CARTESIAN_POINT('',(1.570796326795,0.));
#821 = VECTOR('',#822,1.);
#822 = DIRECTION('',(0.,1.));
#823 = ( GEOMETRIC_REPRESENTATION_CONTEXT(2) 
PARAMETRIC_REPRESENTATION_CONTEXT() REPRESENTATION_CONTEXT('2D SPACE',''
  ) );
#824 = PCURVE('',#763,#825);
#825 = DEFINITIONAL_REPRESENTATION('',(#826),#830);
#826 = LINE('',#827,#828);
#827 = CARTESIAN_POINT('',(0.5,0.));
#828 = VECTOR('',#829,1.);
#829 = DIRECTION('',(0.,1.));
#830 = ( GEOMETRIC_REPRESENTATION_CONTEXT(2) 
PARAMETRIC_REPRESENTATION_CONTEXT() REPRESENTATION_CONTEXT('2D SPACE',''
  ) );
#831 = ORIENTED_EDGE('',*,*,#832,.F.);
#832 = EDGE_CURVE('',#833,#810,#835,.T.);
#833 = VERTEX_POINT('',#834);
#834 = CARTESIAN_POINT('',(-3.5,-4.,-7.5));
#835 = SURFACE_CURVE('',#836,(#841,#848),.PCURVE_S1.);
#836 = CIRCLE('',#837,0.5);
#837 = AXIS2_PLACEMENT_3D('',#838,#839,#840);
#838 = CARTESIAN_POINT('',(-3.,-4.,-7.5));
#839 = DIRECTION('',(0.,1.,0.));
#840 = DIRECTION('',(-1.,0.,0.));
#841 = PCURVE('',#294,#842);
#842 = DEFINITIONAL_REPRESENTATION('',(#843),#847);
#843 = LINE('',#844,#845);
#844 = CARTESIAN_POINT('',(0.,1.5));
#845 = VECTOR('',#846,1.);
#846 = DIRECTION('',(1.,0.));
#847 = ( GEOMETRIC_REPRESENTATION_CONTEXT(2) 
PARAMETRIC_REPRESENTATION_CONTEXT() REPRESENTATION_CONTEXT('2D SPACE',''
  ) );
#848 = PCURVE('',#849,#854);
#849 = SPHERICAL_SURFACE('',#850,0.5);
#850 = AXIS2_PLACEMENT_3D('',#851,#852,#853);
#851 = CARTESIAN_POINT('',(-3.,-4.,-7.5));
#852 = DIRECTION('',(-0.,-1.,-0.));
#853 = DIRECTION('',(-1.,0.,0.));
#854 = DEFINITIONAL_REPRESENTATION('',(#855),#859);
#855 = LINE('',#856,#857);
#856 = CARTESIAN_POINT('',(-0.,0.));
#857 = VECTOR('',#858,1.);
#858 = DIRECTION('',(-1.,0.));
#859 = ( GEOMETRIC_REPRESENTATION_CONTEXT(2) 
PARAMETRIC_REPRESENTATION_CONTEXT() REPRESENTATION_CONTEXT('2D SPACE',''
  ) );
#860 = ORIENTED_EDGE('',*,*,#861,.F.);
#861 = EDGE_CURVE('',#243,#833,#862,.T.);
#862 = SURFACE_CURVE('',#863,(#867,#874),.PCURVE_S1.);
#863 = LINE('',#864,#865);
#864 = CARTESIAN_POINT('',(-3.5,-5.5,-7.5));
#865 = VECTOR('',#866,1.);
#866 = DIRECTION('',(0.,1.,0.));
#867 = PCURVE('',#294,#868);
#868 = DEFINITIONAL_REPRESENTATION('',(#869),#873);
#869 = LINE('',#870,#871);
#870 = CARTESIAN_POINT('',(0.,0.));
#871 = VECTOR('',#872,1.);
#872 = DIRECTION('',(0.,1.));
#873 = ( GEOMETRIC_REPRESENTATION_CONTEXT(2) 
PARAMETRIC_REPRESENTATION_CONTEXT() REPRESENTATION_CONTEXT('2D SPACE',''
  ) );
#874 = PCURVE('',#257,#875);
#875 = DEFINITIONAL_REPRESENTATION('',(#876),#880);
#876 = LINE('',#877,#878);
#877 = CARTESIAN_POINT('',(17.5,0.));
#878 = VECTOR('',#879,1.);
#879 = DIRECTION('',(0.,-1.));
#880 = ( GEOMETRIC_REPRESENTATION_CONTEXT(2) 
PARAMETRIC_REPRESENTATION_CONTEXT() REPRESENTATION_CONTEXT('2D SPACE',''
  ) );
#881 = ORIENTED_EDGE('',*,*,#268,.T.);
#882 = ADVANCED_FACE('',(#883),#257,.T.);
#883 = FACE_BOUND('',#884,.T.);
#884 = EDGE_LOOP('',(#885,#886,#909,#935));
#885 = ORIENTED_EDGE('',*,*,#242,.F.);
#886 = ORIENTED_EDGE('',*,*,#887,.T.);
#887 = EDGE_CURVE('',#200,#888,#890,.T.);
#888 = VERTEX_POINT('',#889);
#889 = CARTESIAN_POINT('',(-3.5,-4.,-24.5));
#890 = SURFACE_CURVE('',#891,(#895,#902),.PCURVE_S1.);
#891 = LINE('',#892,#893);
#892 = CARTESIAN_POINT('',(-3.5,-5.5,-24.5));
#893 = VECTOR('',#894,1.);
#894 = DIRECTION('',(0.,1.,0.));
#895 = PCURVE('',#257,#896);
#896 = DEFINITIONAL_REPRESENTATION('',(#897),#901);
#897 = LINE('',#898,#899);
#898 = CARTESIAN_POINT('',(0.5,0.));
#899 = VECTOR('',#900,1.);
#900 = DIRECTION('',(0.,-1.));
#901 = ( GEOMETRIC_REPRESENTATION_CONTEXT(2) 
PARAMETRIC_REPRESENTATION_CONTEXT() REPRESENTATION_CONTEXT('2D SPACE',''
  ) );
#902 = PCURVE('',#225,#903);
#903 = DEFINITIONAL_REPRESENTATION('',(#904),#908);
#904 = LINE('',#905,#906);
#905 = CARTESIAN_POINT('',(-0.,0.));
#906 = VECTOR('',#907,1.);
#907 = DIRECTION('',(-0.,1.));
#908 = ( GEOMETRIC_REPRESENTATION_CONTEXT(2) 
PARAMETRIC_REPRESENTATION_CONTEXT() REPRESENTATION_CONTEXT('2D SPACE',''
  ) );
#909 = ORIENTED_EDGE('',*,*,#910,.T.);
#910 = EDGE_CURVE('',#888,#833,#911,.T.);
#911 = SURFACE_CURVE('',#912,(#916,#923),.PCURVE_S1.);
#912 = LINE('',#913,#914);
#913 = CARTESIAN_POINT('',(-3.5,-4.,-25.));
#914 = VECTOR('',#915,1.);
#915 = DIRECTION('',(0.,0.,1.));
#916 = PCURVE('',#257,#917);
#917 = DEFINITIONAL_REPRESENTATION('',(#918),#922);
#918 = LINE('',#919,#920);
#919 = CARTESIAN_POINT('',(0.,-1.5));
#920 = VECTOR('',#921,1.);
#921 = DIRECTION('',(1.,0.));
#922 = ( GEOMETRIC_REPRESENTATION_CONTEXT(2) 
PARAMETRIC_REPRESENTATION_CONTEXT() REPRESENTATION_CONTEXT('2D SPACE',''
  ) );
#923 = PCURVE('',#924,#929);
#924 = CYLINDRICAL_SURFACE('',#925,0.5);
#925 = AXIS2_PLACEMENT_3D('',#926,#927,#928);
#926 = CARTESIAN_POINT('',(-3.,-4.,-25.));
#927 = DIRECTION('',(0.,0.,1.));
#928 = DIRECTION('',(-1.,-0.,0.));
#929 = DEFINITIONAL_REPRESENTATION('',(#930),#934);
#930 = LINE('',#931,#932);
#931 = CARTESIAN_POINT('',(-0.,0.));
#932 = VECTOR('',#933,1.);
#933 = DIRECTION('',(-0.,1.));
#934 = ( GEOMETRIC_REPRESENTATION_CONTEXT(2) 
PARAMETRIC_REPRESENTATION_CONTEXT() REPRESENTATION_CONTEXT('2D SPACE',''
  ) );
#935 = ORIENTED_EDGE('',*,*,#861,.F.);
#936 = ADVANCED_FACE('',(#937),#225,.F.);
#937 = FACE_BOUND('',#938,.T.);
#938 = EDGE_LOOP('',(#939,#963,#991,#1018,#1019));
#939 = ORIENTED_EDGE('',*,*,#940,.F.);
#940 = EDGE_CURVE('',#941,#172,#943,.T.);
#941 = VERTEX_POINT('',#942);
#942 = CARTESIAN_POINT('',(-3.,-4.5,-25.));
#943 = SURFACE_CURVE('',#944,(#949,#956),.PCURVE_S1.);
#944 = CIRCLE('',#945,0.5);
#945 = AXIS2_PLACEMENT_3D('',#946,#947,#948);
#946 = CARTESIAN_POINT('',(-3.,-4.5,-24.5));
#947 = DIRECTION('',(0.,1.,0.));
#948 = DIRECTION('',(-1.,0.,0.));
#949 = PCURVE('',#225,#950);
#950 = DEFINITIONAL_REPRESENTATION('',(#951),#955);
#951 = LINE('',#952,#953);
#952 = CARTESIAN_POINT('',(-6.28318530718,1.));
#953 = VECTOR('',#954,1.);
#954 = DIRECTION('',(1.,-0.));
#955 = ( GEOMETRIC_REPRESENTATION_CONTEXT(2) 
PARAMETRIC_REPRESENTATION_CONTEXT() REPRESENTATION_CONTEXT('2D SPACE',''
  ) );
#956 = PCURVE('',#187,#957);
#957 = DEFINITIONAL_REPRESENTATION('',(#958),#962);
#958 = CIRCLE('',#959,0.5);
#959 = AXIS2_PLACEMENT_2D('',#960,#961);
#960 = CARTESIAN_POINT('',(6.,2.5));
#961 = DIRECTION('',(0.,-1.));
#962 = ( GEOMETRIC_REPRESENTATION_CONTEXT(2) 
PARAMETRIC_REPRESENTATION_CONTEXT() REPRESENTATION_CONTEXT('2D SPACE',''
  ) );
#963 = ORIENTED_EDGE('',*,*,#964,.T.);
#964 = EDGE_CURVE('',#941,#965,#967,.T.);
#965 = VERTEX_POINT('',#966);
#966 = CARTESIAN_POINT('',(-3.,-4.,-25.));
#967 = SURFACE_CURVE('',#968,(#972,#979),.PCURVE_S1.);
#968 = LINE('',#969,#970);
#969 = CARTESIAN_POINT('',(-3.,-5.5,-25.));
#970 = VECTOR('',#971,1.);
#971 = DIRECTION('',(0.,1.,0.));
#972 = PCURVE('',#225,#973);
#973 = DEFINITIONAL_REPRESENTATION('',(#974),#978);
#974 = LINE('',#975,#976);
#975 = CARTESIAN_POINT('',(-1.570796326795,0.));
#976 = VECTOR('',#977,1.);
#977 = DIRECTION('',(-0.,1.));
#978 = ( GEOMETRIC_REPRESENTATION_CONTEXT(2) 
PARAMETRIC_REPRESENTATION_CONTEXT() REPRESENTATION_CONTEXT('2D SPACE',''
  ) );
#979 = PCURVE('',#980,#985);
#980 = PLANE('',#981);
#981 = AXIS2_PLACEMENT_3D('',#982,#983,#984);
#982 = CARTESIAN_POINT('',(-3.5,-5.5,-25.));
#983 = DIRECTION('',(0.,0.,1.));
#984 = DIRECTION('',(1.,0.,0.));
#985 = DEFINITIONAL_REPRESENTATION('',(#986),#990);
#986 = LINE('',#987,#988);
#987 = CARTESIAN_POINT('',(0.5,0.));
#988 = VECTOR('',#989,1.);
#989 = DIRECTION('',(0.,1.));
#990 = ( GEOMETRIC_REPRESENTATION_CONTEXT(2) 
PARAMETRIC_REPRESENTATION_CONTEXT() REPRESENTATION_CONTEXT('2D SPACE',''
  ) );
#991 = ORIENTED_EDGE('',*,*,#992,.T.);
#992 = EDGE_CURVE('',#965,#888,#993,.T.);
#993 = SURFACE_CURVE('',#994,(#999,#1006),.PCURVE_S1.);
#994 = CIRCLE('',#995,0.5);
#995 = AXIS2_PLACEMENT_3D('',#996,#997,#998);
#996 = CARTESIAN_POINT('',(-3.,-4.,-24.5));
#997 = DIRECTION('',(2.22044604925E-16,1.,-0.));
#998 = DIRECTION('',(-1.,2.22044604925E-16,0.));
#999 = PCURVE('',#225,#1000);
#1000 = DEFINITIONAL_REPRESENTATION('',(#1001),#1005);
#1001 = LINE('',#1002,#1003);
#1002 = CARTESIAN_POINT('',(-6.28318530718,1.5));
#1003 = VECTOR('',#1004,1.);
#1004 = DIRECTION('',(1.,-0.));
#1005 = ( GEOMETRIC_REPRESENTATION_CONTEXT(2) 
PARAMETRIC_REPRESENTATION_CONTEXT() REPRESENTATION_CONTEXT('2D SPACE',''
  ) );
#1006 = PCURVE('',#1007,#1012);
#1007 = SPHERICAL_SURFACE('',#1008,0.5);
#1008 = AXIS2_PLACEMENT_3D('',#1009,#1010,#1011);
#1009 = CARTESIAN_POINT('',(-3.,-4.,-24.5));
#1010 = DIRECTION('',(0.,0.,1.));
#1011 = DIRECTION('',(-1.,2.22044604925E-16,0.));
#1012 = DEFINITIONAL_REPRESENTATION('',(#1013),#1017);
#1013 = LINE('',#1014,#1015);
#1014 = CARTESIAN_POINT('',(-0.,-6.28318530718));
#1015 = VECTOR('',#1016,1.);
#1016 = DIRECTION('',(-0.,1.));
#1017 = ( GEOMETRIC_REPRESENTATION_CONTEXT(2) 
PARAMETRIC_REPRESENTATION_CONTEXT() REPRESENTATION_CONTEXT('2D SPACE',''
  ) );
#1018 = ORIENTED_EDGE('',*,*,#887,.F.);
#1019 = ORIENTED_EDGE('',*,*,#199,.T.);
#1020 = ADVANCED_FACE('',(#1021),#187,.F.);
#1021 = FACE_BOUND('',#1022,.F.);
#1022 = EDGE_LOOP('',(#1023,#1051,#1052,#1053,#1074,#1103,#1126,#1149,
    #1178));
#1023 = ORIENTED_EDGE('',*,*,#1024,.F.);
#1024 = EDGE_CURVE('',#143,#1025,#1027,.T.);
#1025 = VERTEX_POINT('',#1026);
#1026 = CARTESIAN_POINT('',(-1.580348062928,-4.5,-28.25));
#1027 = SURFACE_CURVE('',#1028,(#1032,#1039),.PCURVE_S1.);
#1028 = LINE('',#1029,#1030);
#1029 = CARTESIAN_POINT('',(-5.5,-4.5,-28.25));
#1030 = VECTOR('',#1031,1.);
#1031 = DIRECTION('',(1.,0.,0.));
#1032 = PCURVE('',#187,#1033);
#1033 = DEFINITIONAL_REPRESENTATION('',(#1034),#1038);
#1034 = LINE('',#1035,#1036);
#1035 = CARTESIAN_POINT('',(2.25,0.));
#1036 = VECTOR('',#1037,1.);
#1037 = DIRECTION('',(0.,1.));
#1038 = ( GEOMETRIC_REPRESENTATION_CONTEXT(2) 
PARAMETRIC_REPRESENTATION_CONTEXT() REPRESENTATION_CONTEXT('2D SPACE',''
  ) );
#1039 = PCURVE('',#1040,#1045);
#1040 = CYLINDRICAL_SURFACE('',#1041,2.25);
#1041 = AXIS2_PLACEMENT_3D('',#1042,#1043,#1044);
#1042 = CARTESIAN_POINT('',(-5.5,-2.25,-28.25));
#1043 = DIRECTION('',(1.,0.,0.));
#1044 = DIRECTION('',(0.,-1.,0.));
#1045 = DEFINITIONAL_REPRESENTATION('',(#1046),#1050);
#1046 = LINE('',#1047,#1048);
#1047 = CARTESIAN_POINT('',(0.,0.));
#1048 = VECTOR('',#1049,1.);
#1049 = DIRECTION('',(0.,1.));
#1050 = ( GEOMETRIC_REPRESENTATION_CONTEXT(2) 
PARAMETRIC_REPRESENTATION_CONTEXT() REPRESENTATION_CONTEXT('2D SPACE',''
  ) );
#1051 = ORIENTED_EDGE('',*,*,#171,.T.);
#1052 = ORIENTED_EDGE('',*,*,#940,.F.);
#1053 = ORIENTED_EDGE('',*,*,#1054,.T.);
#1054 = EDGE_CURVE('',#941,#1055,#1057,.T.);
#1055 = VERTEX_POINT('',#1056);
#1056 = CARTESIAN_POINT('',(3.,-4.5,-25.));
#1057 = SURFACE_CURVE('',#1058,(#1062,#1068),.PCURVE_S1.);
#1058 = LINE('',#1059,#1060);
#1059 = CARTESIAN_POINT('',(-4.5,-4.5,-25.));
#1060 = VECTOR('',#1061,1.);
#1061 = DIRECTION('',(1.,0.,0.));
#1062 = PCURVE('',#187,#1063);
#1063 = DEFINITIONAL_REPRESENTATION('',(#1064),#1067);
#1064 = B_SPLINE_CURVE_WITH_KNOTS('',1,(#1065,#1066),.UNSPECIFIED.,.F.,
  .F.,(2,2),(1.5,7.5),.PIECEWISE_BEZIER_KNOTS.);
#1065 = CARTESIAN_POINT('',(5.5,2.5));
#1066 = CARTESIAN_POINT('',(5.5,8.5));
#1067 = ( GEOMETRIC_REPRESENTATION_CONTEXT(2) 
PARAMETRIC_REPRESENTATION_CONTEXT() REPRESENTATION_CONTEXT('2D SPACE',''
  ) );
#1068 = PCURVE('',#980,#1069);
#1069 = DEFINITIONAL_REPRESENTATION('',(#1070),#1073);
#1070 = B_SPLINE_CURVE_WITH_KNOTS('',1,(#1071,#1072),.UNSPECIFIED.,.F.,
  .F.,(2,2),(1.5,7.5),.PIECEWISE_BEZIER_KNOTS.);
#1071 = CARTESIAN_POINT('',(0.5,1.));
#1072 = CARTESIAN_POINT('',(6.5,1.));
#1073 = ( GEOMETRIC_REPRESENTATION_CONTEXT(2) 
PARAMETRIC_REPRESENTATION_CONTEXT() REPRESENTATION_CONTEXT('2D SPACE',''
  ) );
#1074 = ORIENTED_EDGE('',*,*,#1075,.F.);
#1075 = EDGE_CURVE('',#1076,#1055,#1078,.T.);
#1076 = VERTEX_POINT('',#1077);
#1077 = CARTESIAN_POINT('',(3.25,-4.5,-24.93301270189));
#1078 = SURFACE_CURVE('',#1079,(#1084,#1091),.PCURVE_S1.);
#1079 = CIRCLE('',#1080,0.5);
#1080 = AXIS2_PLACEMENT_3D('',#1081,#1082,#1083);
#1081 = CARTESIAN_POINT('',(3.,-4.5,-24.5));
#1082 = DIRECTION('',(0.,1.,0.));
#1083 = DIRECTION('',(1.,0.,-0.));
#1084 = PCURVE('',#187,#1085);
#1085 = DEFINITIONAL_REPRESENTATION('',(#1086),#1090);
#1086 = CIRCLE('',#1087,0.5);
#1087 = AXIS2_PLACEMENT_2D('',#1088,#1089);
#1088 = CARTESIAN_POINT('',(6.,8.5));
#1089 = DIRECTION('',(0.,1.));
#1090 = ( GEOMETRIC_REPRESENTATION_CONTEXT(2) 
PARAMETRIC_REPRESENTATION_CONTEXT() REPRESENTATION_CONTEXT('2D SPACE',''
  ) );
#1091 = PCURVE('',#1092,#1097);
#1092 = CYLINDRICAL_SURFACE('',#1093,0.5);
#1093 = AXIS2_PLACEMENT_3D('',#1094,#1095,#1096);
#1094 = CARTESIAN_POINT('',(3.,-5.5,-24.5));
#1095 = DIRECTION('',(0.,1.,0.));
#1096 = DIRECTION('',(1.,0.,-0.));
#1097 = DEFINITIONAL_REPRESENTATION('',(#1098),#1102);
#1098 = LINE('',#1099,#1100);
#1099 = CARTESIAN_POINT('',(0.,1.));
#1100 = VECTOR('',#1101,1.);
#1101 = DIRECTION('',(1.,0.));
#1102 = ( GEOMETRIC_REPRESENTATION_CONTEXT(2) 
PARAMETRIC_REPRESENTATION_CONTEXT() REPRESENTATION_CONTEXT('2D SPACE',''
  ) );
#1103 = ORIENTED_EDGE('',*,*,#1104,.F.);
#1104 = EDGE_CURVE('',#1105,#1076,#1107,.T.);
#1105 = VERTEX_POINT('',#1106);
#1106 = CARTESIAN_POINT('',(3.25,-4.5,-28.25));
#1107 = SURFACE_CURVE('',#1108,(#1112,#1119),.PCURVE_S1.);
#1108 = LINE('',#1109,#1110);
#1109 = CARTESIAN_POINT('',(3.25,-4.5,-30.5));
#1110 = VECTOR('',#1111,1.);
#1111 = DIRECTION('',(0.,0.,1.));
#1112 = PCURVE('',#187,#1113);
#1113 = DEFINITIONAL_REPRESENTATION('',(#1114),#1118);
#1114 = LINE('',#1115,#1116);
#1115 = CARTESIAN_POINT('',(0.,8.75));
#1116 = VECTOR('',#1117,1.);
#1117 = DIRECTION('',(1.,0.));
#1118 = ( GEOMETRIC_REPRESENTATION_CONTEXT(2) 
PARAMETRIC_REPRESENTATION_CONTEXT() REPRESENTATION_CONTEXT('2D SPACE',''
  ) );
#1119 = PCURVE('',#709,#1120);
#1120 = DEFINITIONAL_REPRESENTATION('',(#1121),#1125);
#1121 = LINE('',#1122,#1123);
#1122 = CARTESIAN_POINT('',(-1.570796326795,0.));
#1123 = VECTOR('',#1124,1.);
#1124 = DIRECTION('',(-0.,1.));
#1125 = ( GEOMETRIC_REPRESENTATION_CONTEXT(2) 
PARAMETRIC_REPRESENTATION_CONTEXT() REPRESENTATION_CONTEXT('2D SPACE',''
  ) );
#1126 = ORIENTED_EDGE('',*,*,#1127,.F.);
#1127 = EDGE_CURVE('',#1128,#1105,#1130,.T.);
#1128 = VERTEX_POINT('',#1129);
#1129 = CARTESIAN_POINT('',(1.580348062928,-4.5,-28.25));
#1130 = SURFACE_CURVE('',#1131,(#1135,#1142),.PCURVE_S1.);
#1131 = LINE('',#1132,#1133);
#1132 = CARTESIAN_POINT('',(-5.5,-4.5,-28.25));
#1133 = VECTOR('',#1134,1.);
#1134 = DIRECTION('',(1.,0.,0.));
#1135 = PCURVE('',#187,#1136);
#1136 = DEFINITIONAL_REPRESENTATION('',(#1137),#1141);
#1137 = LINE('',#1138,#1139);
#1138 = CARTESIAN_POINT('',(2.25,0.));
#1139 = VECTOR('',#1140,1.);
#1140 = DIRECTION('',(0.,1.));
#1141 = ( GEOMETRIC_REPRESENTATION_CONTEXT(2) 
PARAMETRIC_REPRESENTATION_CONTEXT() REPRESENTATION_CONTEXT('2D SPACE',''
  ) );
#1142 = PCURVE('',#1040,#1143);
#1143 = DEFINITIONAL_REPRESENTATION('',(#1144),#1148);
#1144 = LINE('',#1145,#1146);
#1145 = CARTESIAN_POINT('',(0.,0.));
#1146 = VECTOR('',#1147,1.);
#1147 = DIRECTION('',(0.,1.));
#1148 = ( GEOMETRIC_REPRESENTATION_CONTEXT(2) 
PARAMETRIC_REPRESENTATION_CONTEXT() REPRESENTATION_CONTEXT('2D SPACE',''
  ) );
#1149 = ORIENTED_EDGE('',*,*,#1150,.F.);
#1150 = EDGE_CURVE('',#1151,#1128,#1153,.T.);
#1151 = VERTEX_POINT('',#1152);
#1152 = CARTESIAN_POINT('',(-3.918869757272E-16,-4.5,-26.4));
#1153 = SURFACE_CURVE('',#1154,(#1159,#1166),.PCURVE_S1.);
#1154 = CIRCLE('',#1155,1.6);
#1155 = AXIS2_PLACEMENT_3D('',#1156,#1157,#1158);
#1156 = CARTESIAN_POINT('',(0.,-4.5,-28.));
#1157 = DIRECTION('',(0.,1.,0.));
#1158 = DIRECTION('',(0.,-0.,1.));
#1159 = PCURVE('',#187,#1160);
#1160 = DEFINITIONAL_REPRESENTATION('',(#1161),#1165);
#1161 = CIRCLE('',#1162,1.6);
#1162 = AXIS2_PLACEMENT_2D('',#1163,#1164);
#1163 = CARTESIAN_POINT('',(2.5,5.5));
#1164 = DIRECTION('',(1.,0.));
#1165 = ( GEOMETRIC_REPRESENTATION_CONTEXT(2) 
PARAMETRIC_REPRESENTATION_CONTEXT() REPRESENTATION_CONTEXT('2D SPACE',''
  ) );
#1166 = PCURVE('',#1167,#1172);
#1167 = CYLINDRICAL_SURFACE('',#1168,1.6);
#1168 = AXIS2_PLACEMENT_3D('',#1169,#1170,#1171);
#1169 = CARTESIAN_POINT('',(0.,-6.5,-28.));
#1170 = DIRECTION('',(0.,1.,0.));
#1171 = DIRECTION('',(0.,-0.,1.));
#1172 = DEFINITIONAL_REPRESENTATION('',(#1173),#1177);
#1173 = LINE('',#1174,#1175);
#1174 = CARTESIAN_POINT('',(0.,2.));
#1175 = VECTOR('',#1176,1.);
#1176 = DIRECTION('',(1.,0.));
#1177 = ( GEOMETRIC_REPRESENTATION_CONTEXT(2) 
PARAMETRIC_REPRESENTATION_CONTEXT() REPRESENTATION_CONTEXT('2D SPACE',''
  ) );
#1178 = ORIENTED_EDGE('',*,*,#1179,.F.);
#1179 = EDGE_CURVE('',#1025,#1151,#1180,.T.);
#1180 = SURFACE_CURVE('',#1181,(#1186,#1193),.PCURVE_S1.);
#1181 = CIRCLE('',#1182,1.6);
#1182 = AXIS2_PLACEMENT_3D('',#1183,#1184,#1185);
#1183 = CARTESIAN_POINT('',(0.,-4.5,-28.));
#1184 = DIRECTION('',(0.,1.,0.));
#1185 = DIRECTION('',(0.,-0.,1.));
#1186 = PCURVE('',#187,#1187);
#1187 = DEFINITIONAL_REPRESENTATION('',(#1188),#1192);
#1188 = CIRCLE('',#1189,1.6);
#1189 = AXIS2_PLACEMENT_2D('',#1190,#1191);
#1190 = CARTESIAN_POINT('',(2.5,5.5));
#1191 = DIRECTION('',(1.,0.));
#1192 = ( GEOMETRIC_REPRESENTATION_CONTEXT(2) 
PARAMETRIC_REPRESENTATION_CONTEXT() REPRESENTATION_CONTEXT('2D SPACE',''
  ) );
#1193 = PCURVE('',#1167,#1194);
#1194 = DEFINITIONAL_REPRESENTATION('',(#1195),#1199);
#1195 = LINE('',#1196,#1197);
#1196 = CARTESIAN_POINT('',(0.,2.));
#1197 = VECTOR('',#1198,1.);
#1198 = DIRECTION('',(1.,0.));
#1199 = ( GEOMETRIC_REPRESENTATION_CONTEXT(2) 
PARAMETRIC_REPRESENTATION_CONTEXT() REPRESENTATION_CONTEXT('2D SPACE',''
  ) );
#1200 = ADVANCED_FACE('',(#1201),#159,.T.);
#1201 = FACE_BOUND('',#1202,.T.);
#1202 = EDGE_LOOP('',(#1203,#1204,#1226));
#1203 = ORIENTED_EDGE('',*,*,#369,.F.);
#1204 = ORIENTED_EDGE('',*,*,#1205,.T.);
#1205 = EDGE_CURVE('',#370,#143,#1206,.T.);
#1206 = SURFACE_CURVE('',#1207,(#1212,#1219),.PCURVE_S1.);
#1207 = CIRCLE('',#1208,2.25);
#1208 = AXIS2_PLACEMENT_3D('',#1209,#1210,#1211);
#1209 = CARTESIAN_POINT('',(-3.25,-2.25,-28.25));
#1210 = DIRECTION('',(-1.,2.832769448824E-16,0.));
#1211 = DIRECTION('',(-2.832769448824E-16,-1.,0.));
#1212 = PCURVE('',#159,#1213);
#1213 = DEFINITIONAL_REPRESENTATION('',(#1214),#1218);
#1214 = LINE('',#1215,#1216);
#1215 = CARTESIAN_POINT('',(1.570796326795,-6.28318530718));
#1216 = VECTOR('',#1217,1.);
#1217 = DIRECTION('',(0.,1.));
#1218 = ( GEOMETRIC_REPRESENTATION_CONTEXT(2) 
PARAMETRIC_REPRESENTATION_CONTEXT() REPRESENTATION_CONTEXT('2D SPACE',''
  ) );
#1219 = PCURVE('',#1040,#1220);
#1220 = DEFINITIONAL_REPRESENTATION('',(#1221),#1225);
#1221 = LINE('',#1222,#1223);
#1222 = CARTESIAN_POINT('',(6.28318530718,2.25));
#1223 = VECTOR('',#1224,1.);
#1224 = DIRECTION('',(-1.,-0.));
#1225 = ( GEOMETRIC_REPRESENTATION_CONTEXT(2) 
PARAMETRIC_REPRESENTATION_CONTEXT() REPRESENTATION_CONTEXT('2D SPACE',''
  ) );
#1226 = ORIENTED_EDGE('',*,*,#142,.F.);
#1227 = ADVANCED_FACE('',(#1228),#409,.F.);
#1228 = FACE_BOUND('',#1229,.F.);
#1229 = EDGE_LOOP('',(#1230,#1231,#1254,#1282));
#1230 = ORIENTED_EDGE('',*,*,#393,.F.);
#1231 = ORIENTED_EDGE('',*,*,#1232,.T.);
#1232 = EDGE_CURVE('',#370,#1233,#1235,.T.);
#1233 = VERTEX_POINT('',#1234);
#1234 = CARTESIAN_POINT('',(3.25,-2.25,-30.5));
#1235 = SURFACE_CURVE('',#1236,(#1240,#1247),.PCURVE_S1.);
#1236 = LINE('',#1237,#1238);
#1237 = CARTESIAN_POINT('',(-5.5,-2.25,-30.5));
#1238 = VECTOR('',#1239,1.);
#1239 = DIRECTION('',(1.,0.,0.));
#1240 = PCURVE('',#409,#1241);
#1241 = DEFINITIONAL_REPRESENTATION('',(#1242),#1246);
#1242 = LINE('',#1243,#1244);
#1243 = CARTESIAN_POINT('',(0.,2.25));
#1244 = VECTOR('',#1245,1.);
#1245 = DIRECTION('',(1.,0.));
#1246 = ( GEOMETRIC_REPRESENTATION_CONTEXT(2) 
PARAMETRIC_REPRESENTATION_CONTEXT() REPRESENTATION_CONTEXT('2D SPACE',''
  ) );
#1247 = PCURVE('',#1040,#1248);
#1248 = DEFINITIONAL_REPRESENTATION('',(#1249),#1253);
#1249 = LINE('',#1250,#1251);
#1250 = CARTESIAN_POINT('',(1.570796326795,0.));
#1251 = VECTOR('',#1252,1.);
#1252 = DIRECTION('',(0.,1.));
#1253 = ( GEOMETRIC_REPRESENTATION_CONTEXT(2) 
PARAMETRIC_REPRESENTATION_CONTEXT() REPRESENTATION_CONTEXT('2D SPACE',''
  ) );
#1254 = ORIENTED_EDGE('',*,*,#1255,.T.);
#1255 = EDGE_CURVE('',#1233,#1256,#1258,.T.);
#1256 = VERTEX_POINT('',#1257);
#1257 = CARTESIAN_POINT('',(3.25,2.25,-30.5));
#1258 = SURFACE_CURVE('',#1259,(#1263,#1270),.PCURVE_S1.);
#1259 = LINE('',#1260,#1261);
#1260 = CARTESIAN_POINT('',(3.25,-4.5,-30.5));
#1261 = VECTOR('',#1262,1.);
#1262 = DIRECTION('',(0.,1.,0.));
#1263 = PCURVE('',#409,#1264);
#1264 = DEFINITIONAL_REPRESENTATION('',(#1265),#1269);
#1265 = LINE('',#1266,#1267);
#1266 = CARTESIAN_POINT('',(8.75,0.));
#1267 = VECTOR('',#1268,1.);
#1268 = DIRECTION('',(0.,1.));
#1269 = ( GEOMETRIC_REPRESENTATION_CONTEXT(2) 
PARAMETRIC_REPRESENTATION_CONTEXT() REPRESENTATION_CONTEXT('2D SPACE',''
  ) );
#1270 = PCURVE('',#1271,#1276);
#1271 = CYLINDRICAL_SURFACE('',#1272,2.25);
#1272 = AXIS2_PLACEMENT_3D('',#1273,#1274,#1275);
#1273 = CARTESIAN_POINT('',(3.25,-4.5,-28.25));
#1274 = DIRECTION('',(0.,1.,0.));
#1275 = DIRECTION('',(1.,0.,-0.));
#1276 = DEFINITIONAL_REPRESENTATION('',(#1277),#1281);
#1277 = LINE('',#1278,#1279);
#1278 = CARTESIAN_POINT('',(1.570796326795,0.));
#1279 = VECTOR('',#1280,1.);
#1280 = DIRECTION('',(0.,1.));
#1281 = ( GEOMETRIC_REPRESENTATION_CONTEXT(2) 
PARAMETRIC_REPRESENTATION_CONTEXT() REPRESENTATION_CONTEXT('2D SPACE',''
  ) );
#1282 = ORIENTED_EDGE('',*,*,#1283,.F.);
#1283 = EDGE_CURVE('',#394,#1256,#1284,.T.);
#1284 = SURFACE_CURVE('',#1285,(#1289,#1296),.PCURVE_S1.);
#1285 = LINE('',#1286,#1287);
#1286 = CARTESIAN_POINT('',(-5.5,2.25,-30.5));
#1287 = VECTOR('',#1288,1.);
#1288 = DIRECTION('',(1.,0.,0.));
#1289 = PCURVE('',#409,#1290);
#1290 = DEFINITIONAL_REPRESENTATION('',(#1291),#1295);
#1291 = LINE('',#1292,#1293);
#1292 = CARTESIAN_POINT('',(0.,6.75));
#1293 = VECTOR('',#1294,1.);
#1294 = DIRECTION('',(1.,0.));
#1295 = ( GEOMETRIC_REPRESENTATION_CONTEXT(2) 
PARAMETRIC_REPRESENTATION_CONTEXT() REPRESENTATION_CONTEXT('2D SPACE',''
  ) );
#1296 = PCURVE('',#1297,#1302);
#1297 = CYLINDRICAL_SURFACE('',#1298,2.25);
#1298 = AXIS2_PLACEMENT_3D('',#1299,#1300,#1301);
#1299 = CARTESIAN_POINT('',(-5.5,2.25,-28.25));
#1300 = DIRECTION('',(1.,0.,0.));
#1301 = DIRECTION('',(-0.,1.,0.));
#1302 = DEFINITIONAL_REPRESENTATION('',(#1303),#1307);
#1303 = LINE('',#1304,#1305);
#1304 = CARTESIAN_POINT('',(-1.570796326795,0.));
#1305 = VECTOR('',#1306,1.);
#1306 = DIRECTION('',(-0.,1.));
#1307 = ( GEOMETRIC_REPRESENTATION_CONTEXT(2) 
PARAMETRIC_REPRESENTATION_CONTEXT() REPRESENTATION_CONTEXT('2D SPACE',''
  ) );
#1308 = ADVANCED_FACE('',(#1309),#436,.T.);
#1309 = FACE_BOUND('',#1310,.F.);
#1310 = EDGE_LOOP('',(#1311,#1312,#1334));
#1311 = ORIENTED_EDGE('',*,*,#421,.F.);
#1312 = ORIENTED_EDGE('',*,*,#1313,.T.);
#1313 = EDGE_CURVE('',#394,#537,#1314,.T.);
#1314 = SURFACE_CURVE('',#1315,(#1320,#1327),.PCURVE_S1.);
#1315 = CIRCLE('',#1316,2.25);
#1316 = AXIS2_PLACEMENT_3D('',#1317,#1318,#1319);
#1317 = CARTESIAN_POINT('',(-3.25,2.25,-28.25));
#1318 = DIRECTION('',(1.,3.079485676518E-16,-0.));
#1319 = DIRECTION('',(-3.079485676518E-16,1.,0.));
#1320 = PCURVE('',#436,#1321);
#1321 = DEFINITIONAL_REPRESENTATION('',(#1322),#1326);
#1322 = LINE('',#1323,#1324);
#1323 = CARTESIAN_POINT('',(-1.570796326795,-6.28318530718));
#1324 = VECTOR('',#1325,1.);
#1325 = DIRECTION('',(-0.,1.));
#1326 = ( GEOMETRIC_REPRESENTATION_CONTEXT(2) 
PARAMETRIC_REPRESENTATION_CONTEXT() REPRESENTATION_CONTEXT('2D SPACE',''
  ) );
#1327 = PCURVE('',#1297,#1328);
#1328 = DEFINITIONAL_REPRESENTATION('',(#1329),#1333);
#1329 = LINE('',#1330,#1331);
#1330 = CARTESIAN_POINT('',(-6.28318530718,2.25));
#1331 = VECTOR('',#1332,1.);
#1332 = DIRECTION('',(1.,-0.));
#1333 = ( GEOMETRIC_REPRESENTATION_CONTEXT(2) 
PARAMETRIC_REPRESENTATION_CONTEXT() REPRESENTATION_CONTEXT('2D SPACE',''
  ) );
#1334 = ORIENTED_EDGE('',*,*,#536,.F.);
#1335 = ADVANCED_FACE('',(#1336),#492,.T.);
#1336 = FACE_BOUND('',#1337,.T.);
#1337 = EDGE_LOOP('',(#1338,#1339,#1362,#1390));
#1338 = ORIENTED_EDGE('',*,*,#476,.F.);
#1339 = ORIENTED_EDGE('',*,*,#1340,.T.);
#1340 = EDGE_CURVE('',#453,#1341,#1343,.T.);
#1341 = VERTEX_POINT('',#1342);
#1342 = CARTESIAN_POINT('',(3.25,-2.25,0.5));
#1343 = SURFACE_CURVE('',#1344,(#1348,#1355),.PCURVE_S1.);
#1344 = LINE('',#1345,#1346);
#1345 = CARTESIAN_POINT('',(-5.5,-2.25,0.5));
#1346 = VECTOR('',#1347,1.);
#1347 = DIRECTION('',(1.,0.,0.));
#1348 = PCURVE('',#492,#1349);
#1349 = DEFINITIONAL_REPRESENTATION('',(#1350),#1354);
#1350 = LINE('',#1351,#1352);
#1351 = CARTESIAN_POINT('',(0.,2.25));
#1352 = VECTOR('',#1353,1.);
#1353 = DIRECTION('',(1.,0.));
#1354 = ( GEOMETRIC_REPRESENTATION_CONTEXT(2) 
PARAMETRIC_REPRESENTATION_CONTEXT() REPRESENTATION_CONTEXT('2D SPACE',''
  ) );
#1355 = PCURVE('',#629,#1356);
#1356 = DEFINITIONAL_REPRESENTATION('',(#1357),#1361);
#1357 = LINE('',#1358,#1359);
#1358 = CARTESIAN_POINT('',(-1.570796326795,0.));
#1359 = VECTOR('',#1360,1.);
#1360 = DIRECTION('',(-0.,1.));
#1361 = ( GEOMETRIC_REPRESENTATION_CONTEXT(2) 
PARAMETRIC_REPRESENTATION_CONTEXT() REPRESENTATION_CONTEXT('2D SPACE',''
  ) );
#1362 = ORIENTED_EDGE('',*,*,#1363,.T.);
#1363 = EDGE_CURVE('',#1341,#1364,#1366,.T.);
#1364 = VERTEX_POINT('',#1365);
#1365 = CARTESIAN_POINT('',(3.25,2.25,0.5));
#1366 = SURFACE_CURVE('',#1367,(#1371,#1378),.PCURVE_S1.);
#1367 = LINE('',#1368,#1369);
#1368 = CARTESIAN_POINT('',(3.25,-4.5,0.5));
#1369 = VECTOR('',#1370,1.);
#1370 = DIRECTION('',(0.,1.,0.));
#1371 = PCURVE('',#492,#1372);
#1372 = DEFINITIONAL_REPRESENTATION('',(#1373),#1377);
#1373 = LINE('',#1374,#1375);
#1374 = CARTESIAN_POINT('',(8.75,0.));
#1375 = VECTOR('',#1376,1.);
#1376 = DIRECTION('',(0.,1.));
#1377 = ( GEOMETRIC_REPRESENTATION_CONTEXT(2) 
PARAMETRIC_REPRESENTATION_CONTEXT() REPRESENTATION_CONTEXT('2D SPACE',''
  ) );
#1378 = PCURVE('',#1379,#1384);
#1379 = CYLINDRICAL_SURFACE('',#1380,2.25);
#1380 = AXIS2_PLACEMENT_3D('',#1381,#1382,#1383);
#1381 = CARTESIAN_POINT('',(3.25,-4.5,-1.75));
#1382 = DIRECTION('',(0.,1.,0.));
#1383 = DIRECTION('',(1.,0.,-0.));
#1384 = DEFINITIONAL_REPRESENTATION('',(#1385),#1389);
#1385 = LINE('',#1386,#1387);
#1386 = CARTESIAN_POINT('',(-1.570796326795,0.));
#1387 = VECTOR('',#1388,1.);
#1388 = DIRECTION('',(-0.,1.));
#1389 = ( GEOMETRIC_REPRESENTATION_CONTEXT(2) 
PARAMETRIC_REPRESENTATION_CONTEXT() REPRESENTATION_CONTEXT('2D SPACE',''
  ) );
#1390 = ORIENTED_EDGE('',*,*,#1391,.F.);
#1391 = EDGE_CURVE('',#477,#1364,#1392,.T.);
#1392 = SURFACE_CURVE('',#1393,(#1397,#1404),.PCURVE_S1.);
#1393 = LINE('',#1394,#1395);
#1394 = CARTESIAN_POINT('',(-5.5,2.25,0.5));
#1395 = VECTOR('',#1396,1.);
#1396 = DIRECTION('',(1.,0.,0.));
#1397 = PCURVE('',#492,#1398);
#1398 = DEFINITIONAL_REPRESENTATION('',(#1399),#1403);
#1399 = LINE('',#1400,#1401);
#1400 = CARTESIAN_POINT('',(0.,6.75));
#1401 = VECTOR('',#1402,1.);
#1402 = DIRECTION('',(1.,0.));
#1403 = ( GEOMETRIC_REPRESENTATION_CONTEXT(2) 
PARAMETRIC_REPRESENTATION_CONTEXT() REPRESENTATION_CONTEXT('2D SPACE',''
  ) );
#1404 = PCURVE('',#1405,#1410);
#1405 = CYLINDRICAL_SURFACE('',#1406,2.25);
#1406 = AXIS2_PLACEMENT_3D('',#1407,#1408,#1409);
#1407 = CARTESIAN_POINT('',(-5.5,2.25,-1.75));
#1408 = DIRECTION('',(1.,0.,0.));
#1409 = DIRECTION('',(-0.,1.,0.));
#1410 = DEFINITIONAL_REPRESENTATION('',(#1411),#1415);
#1411 = LINE('',#1412,#1413);
#1412 = CARTESIAN_POINT('',(1.570796326795,0.));
#1413 = VECTOR('',#1414,1.);
#1414 = DIRECTION('',(0.,1.));
#1415 = ( GEOMETRIC_REPRESENTATION_CONTEXT(2) 
PARAMETRIC_REPRESENTATION_CONTEXT() REPRESENTATION_CONTEXT('2D SPACE',''
  ) );
#1416 = ADVANCED_FACE('',(#1417),#519,.T.);
#1417 = FACE_BOUND('',#1418,.F.);
#1418 = EDGE_LOOP('',(#1419,#1420,#1442));
#1419 = ORIENTED_EDGE('',*,*,#588,.F.);
#1420 = ORIENTED_EDGE('',*,*,#1421,.T.);
#1421 = EDGE_CURVE('',#561,#477,#1422,.T.);
#1422 = SURFACE_CURVE('',#1423,(#1428,#1435),.PCURVE_S1.);
#1423 = CIRCLE('',#1424,2.25);
#1424 = AXIS2_PLACEMENT_3D('',#1425,#1426,#1427);
#1425 = CARTESIAN_POINT('',(-3.25,2.25,-1.75));
#1426 = DIRECTION('',(1.,0.,2.832769448824E-16));
#1427 = DIRECTION('',(-2.832769448824E-16,0.,1.));
#1428 = PCURVE('',#519,#1429);
#1429 = DEFINITIONAL_REPRESENTATION('',(#1430),#1434);
#1430 = LINE('',#1431,#1432);
#1431 = CARTESIAN_POINT('',(-1.570796326795,-6.28318530718));
#1432 = VECTOR('',#1433,1.);
#1433 = DIRECTION('',(-0.,1.));
#1434 = ( GEOMETRIC_REPRESENTATION_CONTEXT(2) 
PARAMETRIC_REPRESENTATION_CONTEXT() REPRESENTATION_CONTEXT('2D SPACE',''
  ) );
#1435 = PCURVE('',#1405,#1436);
#1436 = DEFINITIONAL_REPRESENTATION('',(#1437),#1441);
#1437 = LINE('',#1438,#1439);
#1438 = CARTESIAN_POINT('',(-4.712388980385,2.25));
#1439 = VECTOR('',#1440,1.);
#1440 = DIRECTION('',(1.,0.));
#1441 = ( GEOMETRIC_REPRESENTATION_CONTEXT(2) 
PARAMETRIC_REPRESENTATION_CONTEXT() REPRESENTATION_CONTEXT('2D SPACE',''
  ) );
#1442 = ORIENTED_EDGE('',*,*,#504,.F.);
#1443 = ADVANCED_FACE('',(#1444,#1590),#576,.T.);
#1444 = FACE_BOUND('',#1445,.T.);
#1445 = EDGE_LOOP('',(#1446,#1469,#1470,#1493,#1521,#1544,#1568));
#1446 = ORIENTED_EDGE('',*,*,#1447,.F.);
#1447 = EDGE_CURVE('',#537,#1448,#1450,.T.);
#1448 = VERTEX_POINT('',#1449);
#1449 = CARTESIAN_POINT('',(-1.580348062928,4.5,-28.25));
#1450 = SURFACE_CURVE('',#1451,(#1455,#1462),.PCURVE_S1.);
#1451 = LINE('',#1452,#1453);
#1452 = CARTESIAN_POINT('',(-5.5,4.5,-28.25));
#1453 = VECTOR('',#1454,1.);
#1454 = DIRECTION('',(1.,0.,0.));
#1455 = PCURVE('',#576,#1456);
#1456 = DEFINITIONAL_REPRESENTATION('',(#1457),#1461);
#1457 = LINE('',#1458,#1459);
#1458 = CARTESIAN_POINT('',(2.25,0.));
#1459 = VECTOR('',#1460,1.);
#1460 = DIRECTION('',(0.,1.));
#1461 = ( GEOMETRIC_REPRESENTATION_CONTEXT(2) 
PARAMETRIC_REPRESENTATION_CONTEXT() REPRESENTATION_CONTEXT('2D SPACE',''
  ) );
#1462 = PCURVE('',#1297,#1463);
#1463 = DEFINITIONAL_REPRESENTATION('',(#1464),#1468);
#1464 = LINE('',#1465,#1466);
#1465 = CARTESIAN_POINT('',(-0.,0.));
#1466 = VECTOR('',#1467,1.);
#1467 = DIRECTION('',(-0.,1.));
#1468 = ( GEOMETRIC_REPRESENTATION_CONTEXT(2) 
PARAMETRIC_REPRESENTATION_CONTEXT() REPRESENTATION_CONTEXT('2D SPACE',''
  ) );
#1469 = ORIENTED_EDGE('',*,*,#560,.T.);
#1470 = ORIENTED_EDGE('',*,*,#1471,.T.);
#1471 = EDGE_CURVE('',#561,#1472,#1474,.T.);
#1472 = VERTEX_POINT('',#1473);
#1473 = CARTESIAN_POINT('',(3.25,4.5,-1.75));
#1474 = SURFACE_CURVE('',#1475,(#1479,#1486),.PCURVE_S1.);
#1475 = LINE('',#1476,#1477);
#1476 = CARTESIAN_POINT('',(-5.5,4.5,-1.75));
#1477 = VECTOR('',#1478,1.);
#1478 = DIRECTION('',(1.,0.,0.));
#1479 = PCURVE('',#576,#1480);
#1480 = DEFINITIONAL_REPRESENTATION('',(#1481),#1485);
#1481 = LINE('',#1482,#1483);
#1482 = CARTESIAN_POINT('',(28.75,0.));
#1483 = VECTOR('',#1484,1.);
#1484 = DIRECTION('',(0.,1.));
#1485 = ( GEOMETRIC_REPRESENTATION_CONTEXT(2) 
PARAMETRIC_REPRESENTATION_CONTEXT() REPRESENTATION_CONTEXT('2D SPACE',''
  ) );
#1486 = PCURVE('',#1405,#1487);
#1487 = DEFINITIONAL_REPRESENTATION('',(#1488),#1492);
#1488 = LINE('',#1489,#1490);
#1489 = CARTESIAN_POINT('',(0.,0.));
#1490 = VECTOR('',#1491,1.);
#1491 = DIRECTION('',(0.,1.));
#1492 = ( GEOMETRIC_REPRESENTATION_CONTEXT(2) 
PARAMETRIC_REPRESENTATION_CONTEXT() REPRESENTATION_CONTEXT('2D SPACE',''
  ) );
#1493 = ORIENTED_EDGE('',*,*,#1494,.F.);
#1494 = EDGE_CURVE('',#1495,#1472,#1497,.T.);
#1495 = VERTEX_POINT('',#1496);
#1496 = CARTESIAN_POINT('',(3.25,4.5,-28.25));
#1497 = SURFACE_CURVE('',#1498,(#1502,#1509),.PCURVE_S1.);
#1498 = LINE('',#1499,#1500);
#1499 = CARTESIAN_POINT('',(3.25,4.5,-30.5));
#1500 = VECTOR('',#1501,1.);
#1501 = DIRECTION('',(0.,0.,1.));
#1502 = PCURVE('',#576,#1503);
#1503 = DEFINITIONAL_REPRESENTATION('',(#1504),#1508);
#1504 = LINE('',#1505,#1506);
#1505 = CARTESIAN_POINT('',(0.,8.75));
#1506 = VECTOR('',#1507,1.);
#1507 = DIRECTION('',(1.,0.));
#1508 = ( GEOMETRIC_REPRESENTATION_CONTEXT(2) 
PARAMETRIC_REPRESENTATION_CONTEXT() REPRESENTATION_CONTEXT('2D SPACE',''
  ) );
#1509 = PCURVE('',#1510,#1515);
#1510 = CYLINDRICAL_SURFACE('',#1511,2.25);
#1511 = AXIS2_PLACEMENT_3D('',#1512,#1513,#1514);
#1512 = CARTESIAN_POINT('',(3.25,2.25,-30.5));
#1513 = DIRECTION('',(0.,0.,1.));
#1514 = DIRECTION('',(1.,0.,-0.));
#1515 = DEFINITIONAL_REPRESENTATION('',(#1516),#1520);
#1516 = LINE('',#1517,#1518);
#1517 = CARTESIAN_POINT('',(1.570796326795,0.));
#1518 = VECTOR('',#1519,1.);
#1519 = DIRECTION('',(0.,1.));
#1520 = ( GEOMETRIC_REPRESENTATION_CONTEXT(2) 
PARAMETRIC_REPRESENTATION_CONTEXT() REPRESENTATION_CONTEXT('2D SPACE',''
  ) );
#1521 = ORIENTED_EDGE('',*,*,#1522,.F.);
#1522 = EDGE_CURVE('',#1523,#1495,#1525,.T.);
#1523 = VERTEX_POINT('',#1524);
#1524 = CARTESIAN_POINT('',(1.580348062928,4.5,-28.25));
#1525 = SURFACE_CURVE('',#1526,(#1530,#1537),.PCURVE_S1.);
#1526 = LINE('',#1527,#1528);
#1527 = CARTESIAN_POINT('',(-5.5,4.5,-28.25));
#1528 = VECTOR('',#1529,1.);
#1529 = DIRECTION('',(1.,0.,0.));
#1530 = PCURVE('',#576,#1531);
#1531 = DEFINITIONAL_REPRESENTATION('',(#1532),#1536);
#1532 = LINE('',#1533,#1534);
#1533 = CARTESIAN_POINT('',(2.25,0.));
#1534 = VECTOR('',#1535,1.);
#1535 = DIRECTION('',(0.,1.));
#1536 = ( GEOMETRIC_REPRESENTATION_CONTEXT(2) 
PARAMETRIC_REPRESENTATION_CONTEXT() REPRESENTATION_CONTEXT('2D SPACE',''
  ) );
#1537 = PCURVE('',#1297,#1538);
#1538 = DEFINITIONAL_REPRESENTATION('',(#1539),#1543);
#1539 = LINE('',#1540,#1541);
#1540 = CARTESIAN_POINT('',(-0.,0.));
#1541 = VECTOR('',#1542,1.);
#1542 = DIRECTION('',(-0.,1.));
#1543 = ( GEOMETRIC_REPRESENTATION_CONTEXT(2) 
PARAMETRIC_REPRESENTATION_CONTEXT() REPRESENTATION_CONTEXT('2D SPACE',''
  ) );
#1544 = ORIENTED_EDGE('',*,*,#1545,.F.);
#1545 = EDGE_CURVE('',#1546,#1523,#1548,.T.);
#1546 = VERTEX_POINT('',#1547);
#1547 = CARTESIAN_POINT('',(-3.918869757272E-16,4.5,-26.4));
#1548 = SURFACE_CURVE('',#1549,(#1554,#1561),.PCURVE_S1.);
#1549 = CIRCLE('',#1550,1.6);
#1550 = AXIS2_PLACEMENT_3D('',#1551,#1552,#1553);
#1551 = CARTESIAN_POINT('',(0.,4.5,-28.));
#1552 = DIRECTION('',(0.,1.,0.));
#1553 = DIRECTION('',(0.,-0.,1.));
#1554 = PCURVE('',#576,#1555);
#1555 = DEFINITIONAL_REPRESENTATION('',(#1556),#1560);
#1556 = CIRCLE('',#1557,1.6);
#1557 = AXIS2_PLACEMENT_2D('',#1558,#1559);
#1558 = CARTESIAN_POINT('',(2.5,5.5));
#1559 = DIRECTION('',(1.,0.));
#1560 = ( GEOMETRIC_REPRESENTATION_CONTEXT(2) 
PARAMETRIC_REPRESENTATION_CONTEXT() REPRESENTATION_CONTEXT('2D SPACE',''
  ) );
#1561 = PCURVE('',#1167,#1562);
#1562 = DEFINITIONAL_REPRESENTATION('',(#1563),#1567);
#1563 = LINE('',#1564,#1565);
#1564 = CARTESIAN_POINT('',(0.,11.));
#1565 = VECTOR('',#1566,1.);
#1566 = DIRECTION('',(1.,0.));
#1567 = ( GEOMETRIC_REPRESENTATION_CONTEXT(2) 
PARAMETRIC_REPRESENTATION_CONTEXT() REPRESENTATION_CONTEXT('2D SPACE',''
  ) );
#1568 = ORIENTED_EDGE('',*,*,#1569,.F.);
#1569 = EDGE_CURVE('',#1448,#1546,#1570,.T.);
#1570 = SURFACE_CURVE('',#1571,(#1576,#1583),.PCURVE_S1.);
#1571 = CIRCLE('',#1572,1.6);
#1572 = AXIS2_PLACEMENT_3D('',#1573,#1574,#1575);
#1573 = CARTESIAN_POINT('',(0.,4.5,-28.));
#1574 = DIRECTION('',(0.,1.,0.));
#1575 = DIRECTION('',(0.,-0.,1.));
#1576 = PCURVE('',#576,#1577);
#1577 = DEFINITIONAL_REPRESENTATION('',(#1578),#1582);
#1578 = CIRCLE('',#1579,1.6);
#1579 = AXIS2_PLACEMENT_2D('',#1580,#1581);
#1580 = CARTESIAN_POINT('',(2.5,5.5));
#1581 = DIRECTION('',(1.,0.));
#1582 = ( GEOMETRIC_REPRESENTATION_CONTEXT(2) 
PARAMETRIC_REPRESENTATION_CONTEXT() REPRESENTATION_CONTEXT('2D SPACE',''
  ) );
#1583 = PCURVE('',#1167,#1584);
#1584 = DEFINITIONAL_REPRESENTATION('',(#1585),#1589);
#1585 = LINE('',#1586,#1587);
#1586 = CARTESIAN_POINT('',(0.,11.));
#1587 = VECTOR('',#1588,1.);
#1588 = DIRECTION('',(1.,0.));
#1589 = ( GEOMETRIC_REPRESENTATION_CONTEXT(2) 
PARAMETRIC_REPRESENTATION_CONTEXT() REPRESENTATION_CONTEXT('2D SPACE',''
  ) );
#1590 = FACE_BOUND('',#1591,.T.);
#1591 = EDGE_LOOP('',(#1592));
#1592 = ORIENTED_EDGE('',*,*,#1593,.F.);
#1593 = EDGE_CURVE('',#1594,#1594,#1596,.T.);
#1594 = VERTEX_POINT('',#1595);
#1595 = CARTESIAN_POINT('',(-3.918869757272E-16,4.5,-2.4));
#1596 = SURFACE_CURVE('',#1597,(#1602,#1609),.PCURVE_S1.);
#1597 = CIRCLE('',#1598,1.6);
#1598 = AXIS2_PLACEMENT_3D('',#1599,#1600,#1601);
#1599 = CARTESIAN_POINT('',(0.,4.5,-4.));
#1600 = DIRECTION('',(0.,1.,0.));
#1601 = DIRECTION('',(0.,-0.,1.));
#1602 = PCURVE('',#576,#1603);
#1603 = DEFINITIONAL_REPRESENTATION('',(#1604),#1608);
#1604 = CIRCLE('',#1605,1.6);
#1605 = AXIS2_PLACEMENT_2D('',#1606,#1607);
#1606 = CARTESIAN_POINT('',(26.5,5.5));
#1607 = DIRECTION('',(1.,0.));
#1608 = ( GEOMETRIC_REPRESENTATION_CONTEXT(2) 
PARAMETRIC_REPRESENTATION_CONTEXT() REPRESENTATION_CONTEXT('2D SPACE',''
  ) );
#1609 = PCURVE('',#793,#1610);
#1610 = DEFINITIONAL_REPRESENTATION('',(#1611),#1615);
#1611 = LINE('',#1612,#1613);
#1612 = CARTESIAN_POINT('',(0.,11.));
#1613 = VECTOR('',#1614,1.);
#1614 = DIRECTION('',(1.,0.));
#1615 = ( GEOMETRIC_REPRESENTATION_CONTEXT(2) 
PARAMETRIC_REPRESENTATION_CONTEXT() REPRESENTATION_CONTEXT('2D SPACE',''
  ) );
#1616 = ADVANCED_FACE('',(#1617),#629,.T.);
#1617 = FACE_BOUND('',#1618,.F.);
#1618 = EDGE_LOOP('',(#1619,#1620,#1621,#1648));
#1619 = ORIENTED_EDGE('',*,*,#614,.F.);
#1620 = ORIENTED_EDGE('',*,*,#1340,.T.);
#1621 = ORIENTED_EDGE('',*,*,#1622,.T.);
#1622 = EDGE_CURVE('',#1341,#671,#1623,.T.);
#1623 = SURFACE_CURVE('',#1624,(#1629,#1636),.PCURVE_S1.);
#1624 = CIRCLE('',#1625,2.25);
#1625 = AXIS2_PLACEMENT_3D('',#1626,#1627,#1628);
#1626 = CARTESIAN_POINT('',(3.25,-2.25,-1.75));
#1627 = DIRECTION('',(1.,2.832769448824E-16,0.));
#1628 = DIRECTION('',(2.832769448824E-16,-1.,0.));
#1629 = PCURVE('',#629,#1630);
#1630 = DEFINITIONAL_REPRESENTATION('',(#1631),#1635);
#1631 = LINE('',#1632,#1633);
#1632 = CARTESIAN_POINT('',(-6.28318530718,8.75));
#1633 = VECTOR('',#1634,1.);
#1634 = DIRECTION('',(1.,-0.));
#1635 = ( GEOMETRIC_REPRESENTATION_CONTEXT(2) 
PARAMETRIC_REPRESENTATION_CONTEXT() REPRESENTATION_CONTEXT('2D SPACE',''
  ) );
#1636 = PCURVE('',#1637,#1642);
#1637 = SPHERICAL_SURFACE('',#1638,2.25);
#1638 = AXIS2_PLACEMENT_3D('',#1639,#1640,#1641);
#1639 = CARTESIAN_POINT('',(3.25,-2.25,-1.75));
#1640 = DIRECTION('',(-0.,-0.,-1.));
#1641 = DIRECTION('',(1.,0.,0.));
#1642 = DEFINITIONAL_REPRESENTATION('',(#1643),#1647);
#1643 = LINE('',#1644,#1645);
#1644 = CARTESIAN_POINT('',(1.570796326795,-6.28318530718));
#1645 = VECTOR('',#1646,1.);
#1646 = DIRECTION('',(0.,1.));
#1647 = ( GEOMETRIC_REPRESENTATION_CONTEXT(2) 
PARAMETRIC_REPRESENTATION_CONTEXT() REPRESENTATION_CONTEXT('2D SPACE',''
  ) );
#1648 = ORIENTED_EDGE('',*,*,#670,.F.);
#1649 = ADVANCED_FACE('',(#1650),#763,.F.);
#1650 = FACE_BOUND('',#1651,.F.);
#1651 = EDGE_LOOP('',(#1652,#1653,#1654,#1677));
#1652 = ORIENTED_EDGE('',*,*,#809,.F.);
#1653 = ORIENTED_EDGE('',*,*,#750,.T.);
#1654 = ORIENTED_EDGE('',*,*,#1655,.T.);
#1655 = EDGE_CURVE('',#722,#1656,#1658,.T.);
#1656 = VERTEX_POINT('',#1657);
#1657 = CARTESIAN_POINT('',(3.,-4.,-7.));
#1658 = SURFACE_CURVE('',#1659,(#1663,#1670),.PCURVE_S1.);
#1659 = LINE('',#1660,#1661);
#1660 = CARTESIAN_POINT('',(3.,-5.5,-7.));
#1661 = VECTOR('',#1662,1.);
#1662 = DIRECTION('',(0.,1.,0.));
#1663 = PCURVE('',#763,#1664);
#1664 = DEFINITIONAL_REPRESENTATION('',(#1665),#1669);
#1665 = LINE('',#1666,#1667);
#1666 = CARTESIAN_POINT('',(6.5,0.));
#1667 = VECTOR('',#1668,1.);
#1668 = DIRECTION('',(0.,1.));
#1669 = ( GEOMETRIC_REPRESENTATION_CONTEXT(2) 
PARAMETRIC_REPRESENTATION_CONTEXT() REPRESENTATION_CONTEXT('2D SPACE',''
  ) );
#1670 = PCURVE('',#738,#1671);
#1671 = DEFINITIONAL_REPRESENTATION('',(#1672),#1676);
#1672 = LINE('',#1673,#1674);
#1673 = CARTESIAN_POINT('',(-1.570796326795,0.));
#1674 = VECTOR('',#1675,1.);
#1675 = DIRECTION('',(-0.,1.));
#1676 = ( GEOMETRIC_REPRESENTATION_CONTEXT(2) 
PARAMETRIC_REPRESENTATION_CONTEXT() REPRESENTATION_CONTEXT('2D SPACE',''
  ) );
#1677 = ORIENTED_EDGE('',*,*,#1678,.F.);
#1678 = EDGE_CURVE('',#810,#1656,#1679,.T.);
#1679 = SURFACE_CURVE('',#1680,(#1684,#1691),.PCURVE_S1.);
#1680 = LINE('',#1681,#1682);
#1681 = CARTESIAN_POINT('',(-3.5,-4.,-7.));
#1682 = VECTOR('',#1683,1.);
#1683 = DIRECTION('',(1.,0.,0.));
#1684 = PCURVE('',#763,#1685);
#1685 = DEFINITIONAL_REPRESENTATION('',(#1686),#1690);
#1686 = LINE('',#1687,#1688);
#1687 = CARTESIAN_POINT('',(0.,1.5));
#1688 = VECTOR('',#1689,1.);
#1689 = DIRECTION('',(1.,0.));
#1690 = ( GEOMETRIC_REPRESENTATION_CONTEXT(2) 
PARAMETRIC_REPRESENTATION_CONTEXT() REPRESENTATION_CONTEXT('2D SPACE',''
  ) );
#1691 = PCURVE('',#1692,#1697);
#1692 = CYLINDRICAL_SURFACE('',#1693,0.5);
#1693 = AXIS2_PLACEMENT_3D('',#1694,#1695,#1696);
#1694 = CARTESIAN_POINT('',(-3.5,-4.,-7.5));
#1695 = DIRECTION('',(1.,0.,0.));
#1696 = DIRECTION('',(-0.,1.,0.));
#1697 = DEFINITIONAL_REPRESENTATION('',(#1698),#1702);
#1698 = LINE('',#1699,#1700);
#1699 = CARTESIAN_POINT('',(1.570796326795,0.));
#1700 = VECTOR('',#1701,1.);
#1701 = DIRECTION('',(0.,1.));
#1702 = ( GEOMETRIC_REPRESENTATION_CONTEXT(2) 
PARAMETRIC_REPRESENTATION_CONTEXT() REPRESENTATION_CONTEXT('2D SPACE',''
  ) );
#1703 = ADVANCED_FACE('',(#1704),#738,.F.);
#1704 = FACE_BOUND('',#1705,.T.);
#1705 = EDGE_LOOP('',(#1706,#1707,#1708,#1737,#1765));
#1706 = ORIENTED_EDGE('',*,*,#721,.F.);
#1707 = ORIENTED_EDGE('',*,*,#1655,.T.);
#1708 = ORIENTED_EDGE('',*,*,#1709,.F.);
#1709 = EDGE_CURVE('',#1710,#1656,#1712,.T.);
#1710 = VERTEX_POINT('',#1711);
#1711 = CARTESIAN_POINT('',(3.5,-4.,-7.5));
#1712 = SURFACE_CURVE('',#1713,(#1718,#1725),.PCURVE_S1.);
#1713 = CIRCLE('',#1714,0.5);
#1714 = AXIS2_PLACEMENT_3D('',#1715,#1716,#1717);
#1715 = CARTESIAN_POINT('',(3.,-4.,-7.5));
#1716 = DIRECTION('',(-0.,-1.,0.));
#1717 = DIRECTION('',(1.,-0.,0.));
#1718 = PCURVE('',#738,#1719);
#1719 = DEFINITIONAL_REPRESENTATION('',(#1720),#1724);
#1720 = LINE('',#1721,#1722);
#1721 = CARTESIAN_POINT('',(-0.,1.5));
#1722 = VECTOR('',#1723,1.);
#1723 = DIRECTION('',(-1.,0.));
#1724 = ( GEOMETRIC_REPRESENTATION_CONTEXT(2) 
PARAMETRIC_REPRESENTATION_CONTEXT() REPRESENTATION_CONTEXT('2D SPACE',''
  ) );
#1725 = PCURVE('',#1726,#1731);
#1726 = SPHERICAL_SURFACE('',#1727,0.5);
#1727 = AXIS2_PLACEMENT_3D('',#1728,#1729,#1730);
#1728 = CARTESIAN_POINT('',(3.,-4.,-7.5));
#1729 = DIRECTION('',(-0.,-1.,-0.));
#1730 = DIRECTION('',(1.,-0.,0.));
#1731 = DEFINITIONAL_REPRESENTATION('',(#1732),#1736);
#1732 = LINE('',#1733,#1734);
#1733 = CARTESIAN_POINT('',(0.,0.));
#1734 = VECTOR('',#1735,1.);
#1735 = DIRECTION('',(1.,0.));
#1736 = ( GEOMETRIC_REPRESENTATION_CONTEXT(2) 
PARAMETRIC_REPRESENTATION_CONTEXT() REPRESENTATION_CONTEXT('2D SPACE',''
  ) );
#1737 = ORIENTED_EDGE('',*,*,#1738,.F.);
#1738 = EDGE_CURVE('',#1739,#1710,#1741,.T.);
#1739 = VERTEX_POINT('',#1740);
#1740 = CARTESIAN_POINT('',(3.5,-4.4860679775,-7.5));
#1741 = SURFACE_CURVE('',#1742,(#1746,#1753),.PCURVE_S1.);
#1742 = LINE('',#1743,#1744);
#1743 = CARTESIAN_POINT('',(3.5,-5.5,-7.5));
#1744 = VECTOR('',#1745,1.);
#1745 = DIRECTION('',(0.,1.,0.));
#1746 = PCURVE('',#738,#1747);
#1747 = DEFINITIONAL_REPRESENTATION('',(#1748),#1752);
#1748 = LINE('',#1749,#1750);
#1749 = CARTESIAN_POINT('',(-0.,0.));
#1750 = VECTOR('',#1751,1.);
#1751 = DIRECTION('',(-0.,1.));
#1752 = ( GEOMETRIC_REPRESENTATION_CONTEXT(2) 
PARAMETRIC_REPRESENTATION_CONTEXT() REPRESENTATION_CONTEXT('2D SPACE',''
  ) );
#1753 = PCURVE('',#1754,#1759);
#1754 = PLANE('',#1755);
#1755 = AXIS2_PLACEMENT_3D('',#1756,#1757,#1758);
#1756 = CARTESIAN_POINT('',(3.5,-5.5,-25.));
#1757 = DIRECTION('',(1.,0.,0.));
#1758 = DIRECTION('',(0.,0.,1.));
#1759 = DEFINITIONAL_REPRESENTATION('',(#1760),#1764);
#1760 = LINE('',#1761,#1762);
#1761 = CARTESIAN_POINT('',(17.5,0.));
#1762 = VECTOR('',#1763,1.);
#1763 = DIRECTION('',(0.,-1.));
#1764 = ( GEOMETRIC_REPRESENTATION_CONTEXT(2) 
PARAMETRIC_REPRESENTATION_CONTEXT() REPRESENTATION_CONTEXT('2D SPACE',''
  ) );
#1765 = ORIENTED_EDGE('',*,*,#1766,.T.);
#1766 = EDGE_CURVE('',#1739,#694,#1767,.T.);
#1767 = SURFACE_CURVE('',#1768,(#1777,#1789),.PCURVE_S1.);
#1768 = B_SPLINE_CURVE_WITH_KNOTS('',7,(#1769,#1770,#1771,#1772,#1773,
    #1774,#1775,#1776),.UNSPECIFIED.,.F.,.F.,(8,8),(0.,1.),
  .PIECEWISE_BEZIER_KNOTS.);
#1769 = CARTESIAN_POINT('',(3.5,-4.4860679775,-7.5));
#1770 = CARTESIAN_POINT('',(3.5,-4.4860679775,-7.426846612322));
#1771 = CARTESIAN_POINT('',(3.487513249217,-4.487464016815,
    -7.353394932412));
#1772 = CARTESIAN_POINT('',(3.462357316867,-4.490276586672,
    -7.282128338522));
#1773 = CARTESIAN_POINT('',(3.424922871466,-4.494017320406,
    -7.215528099439));
#1774 = CARTESIAN_POINT('',(3.376083029851,-4.497660432095,
    -7.155989817958));
#1775 = CARTESIAN_POINT('',(3.317170585005,-4.5,-7.105768253442));
#1776 = CARTESIAN_POINT('',(3.25,-4.5,-7.066987298108));
#1777 = PCURVE('',#738,#1778);
#1778 = DEFINITIONAL_REPRESENTATION('',(#1779),#1788);
#1779 = B_SPLINE_CURVE_WITH_KNOTS('',7,(#1780,#1781,#1782,#1783,#1784,
    #1785,#1786,#1787),.UNSPECIFIED.,.F.,.F.,(8,8),(0.,1.),
  .PIECEWISE_BEZIER_KNOTS.);
#1780 = CARTESIAN_POINT('',(0.,1.0139320225));
#1781 = CARTESIAN_POINT('',(-0.146306775356,1.0139320225));
#1782 = CARTESIAN_POINT('',(-0.293209666374,1.012535983185));
#1783 = CARTESIAN_POINT('',(-0.440860682572,1.009723413328));
#1784 = CARTESIAN_POINT('',(-0.589587126257,1.005982679594));
#1785 = CARTESIAN_POINT('',(-0.739812257123,1.002339567905));
#1786 = CARTESIAN_POINT('',(-0.89207372986,1.));
#1787 = CARTESIAN_POINT('',(-1.047197551197,1.));
#1788 = ( GEOMETRIC_REPRESENTATION_CONTEXT(2) 
PARAMETRIC_REPRESENTATION_CONTEXT() REPRESENTATION_CONTEXT('2D SPACE',''
  ) );
#1789 = PCURVE('',#709,#1790);
#1790 = DEFINITIONAL_REPRESENTATION('',(#1791),#1800);
#1791 = B_SPLINE_CURVE_WITH_KNOTS('',7,(#1792,#1793,#1794,#1795,#1796,
    #1797,#1798,#1799),.UNSPECIFIED.,.F.,.F.,(8,8),(0.,1.),
  .PIECEWISE_BEZIER_KNOTS.);
#1792 = CARTESIAN_POINT('',(-1.459455312454,23.));
#1793 = CARTESIAN_POINT('',(-1.459455312454,23.073153387678));
#1794 = CARTESIAN_POINT('',(-1.46503958535,23.146605067588));
#1795 = CARTESIAN_POINT('',(-1.476289481488,23.217871661478));
#1796 = CARTESIAN_POINT('',(-1.493009362937,23.284471900561));
#1797 = CARTESIAN_POINT('',(-1.514759430953,23.344010182042));
#1798 = CARTESIAN_POINT('',(-1.540942733459,23.394231746558));
#1799 = CARTESIAN_POINT('',(-1.570796326795,23.433012701892));
#1800 = ( GEOMETRIC_REPRESENTATION_CONTEXT(2) 
PARAMETRIC_REPRESENTATION_CONTEXT() REPRESENTATION_CONTEXT('2D SPACE',''
  ) );
#1801 = ADVANCED_FACE('',(#1802),#709,.T.);
#1802 = FACE_BOUND('',#1803,.F.);
#1803 = EDGE_LOOP('',(#1804,#1834,#1861,#1862,#1900,#1919,#1920,#1921));
#1804 = ORIENTED_EDGE('',*,*,#1805,.F.);
#1805 = EDGE_CURVE('',#1806,#1808,#1810,.T.);
#1806 = VERTEX_POINT('',#1807);
#1807 = CARTESIAN_POINT('',(5.5,-2.25,-28.25));
#1808 = VERTEX_POINT('',#1809);
#1809 = CARTESIAN_POINT('',(5.5,-2.25,-1.75));
#1810 = SURFACE_CURVE('',#1811,(#1815,#1822),.PCURVE_S1.);
#1811 = LINE('',#1812,#1813);
#1812 = CARTESIAN_POINT('',(5.5,-2.25,-30.5));
#1813 = VECTOR('',#1814,1.);
#1814 = DIRECTION('',(0.,0.,1.));
#1815 = PCURVE('',#709,#1816);
#1816 = DEFINITIONAL_REPRESENTATION('',(#1817),#1821);
#1817 = LINE('',#1818,#1819);
#1818 = CARTESIAN_POINT('',(-0.,0.));
#1819 = VECTOR('',#1820,1.);
#1820 = DIRECTION('',(-0.,1.));
#1821 = ( GEOMETRIC_REPRESENTATION_CONTEXT(2) 
PARAMETRIC_REPRESENTATION_CONTEXT() REPRESENTATION_CONTEXT('2D SPACE',''
  ) );
#1822 = PCURVE('',#1823,#1828);
#1823 = PLANE('',#1824);
#1824 = AXIS2_PLACEMENT_3D('',#1825,#1826,#1827);
#1825 = CARTESIAN_POINT('',(5.5,-4.5,-30.5));
#1826 = DIRECTION('',(1.,0.,0.));
#1827 = DIRECTION('',(0.,0.,1.));
#1828 = DEFINITIONAL_REPRESENTATION('',(#1829),#1833);
#1829 = LINE('',#1830,#1831);
#1830 = CARTESIAN_POINT('',(0.,-2.25));
#1831 = VECTOR('',#1832,1.);
#1832 = DIRECTION('',(1.,0.));
#1833 = ( GEOMETRIC_REPRESENTATION_CONTEXT(2) 
PARAMETRIC_REPRESENTATION_CONTEXT() REPRESENTATION_CONTEXT('2D SPACE',''
  ) );
#1834 = ORIENTED_EDGE('',*,*,#1835,.T.);
#1835 = EDGE_CURVE('',#1806,#1105,#1836,.T.);
#1836 = SURFACE_CURVE('',#1837,(#1842,#1849),.PCURVE_S1.);
#1837 = CIRCLE('',#1838,2.25);
#1838 = AXIS2_PLACEMENT_3D('',#1839,#1840,#1841);
#1839 = CARTESIAN_POINT('',(3.25,-2.25,-28.25));
#1840 = DIRECTION('',(0.,-0.,-1.));
#1841 = DIRECTION('',(1.,0.,-0.));
#1842 = PCURVE('',#709,#1843);
#1843 = DEFINITIONAL_REPRESENTATION('',(#1844),#1848);
#1844 = LINE('',#1845,#1846);
#1845 = CARTESIAN_POINT('',(-0.,2.25));
#1846 = VECTOR('',#1847,1.);
#1847 = DIRECTION('',(-1.,0.));
#1848 = ( GEOMETRIC_REPRESENTATION_CONTEXT(2) 
PARAMETRIC_REPRESENTATION_CONTEXT() REPRESENTATION_CONTEXT('2D SPACE',''
  ) );
#1849 = PCURVE('',#1850,#1855);
#1850 = SPHERICAL_SURFACE('',#1851,2.25);
#1851 = AXIS2_PLACEMENT_3D('',#1852,#1853,#1854);
#1852 = CARTESIAN_POINT('',(3.25,-2.25,-28.25));
#1853 = DIRECTION('',(0.,0.,1.));
#1854 = DIRECTION('',(1.,0.,-0.));
#1855 = DEFINITIONAL_REPRESENTATION('',(#1856),#1860);
#1856 = LINE('',#1857,#1858);
#1857 = CARTESIAN_POINT('',(-0.,0.));
#1858 = VECTOR('',#1859,1.);
#1859 = DIRECTION('',(-1.,0.));
#1860 = ( GEOMETRIC_REPRESENTATION_CONTEXT(2) 
PARAMETRIC_REPRESENTATION_CONTEXT() REPRESENTATION_CONTEXT('2D SPACE',''
  ) );
#1861 = ORIENTED_EDGE('',*,*,#1104,.T.);
#1862 = ORIENTED_EDGE('',*,*,#1863,.F.);
#1863 = EDGE_CURVE('',#1864,#1076,#1866,.T.);
#1864 = VERTEX_POINT('',#1865);
#1865 = CARTESIAN_POINT('',(3.5,-4.4860679775,-24.5));
#1866 = SURFACE_CURVE('',#1867,(#1876,#1888),.PCURVE_S1.);
#1867 = B_SPLINE_CURVE_WITH_KNOTS('',7,(#1868,#1869,#1870,#1871,#1872,
    #1873,#1874,#1875),.UNSPECIFIED.,.F.,.F.,(8,8),(0.,1.),
  .PIECEWISE_BEZIER_KNOTS.);
#1868 = CARTESIAN_POINT('',(3.5,-4.4860679775,-24.5));
#1869 = CARTESIAN_POINT('',(3.5,-4.4860679775,-24.57315338767));
#1870 = CARTESIAN_POINT('',(3.487513249217,-4.487464016815,
    -24.64660506758));
#1871 = CARTESIAN_POINT('',(3.462357316867,-4.490276586672,
    -24.71787166147));
#1872 = CARTESIAN_POINT('',(3.424922871466,-4.494017320406,
    -24.78447190056));
#1873 = CARTESIAN_POINT('',(3.376083029851,-4.497660432095,
    -24.84401018204));
#1874 = CARTESIAN_POINT('',(3.317170585005,-4.5,-24.89423174655));
#1875 = CARTESIAN_POINT('',(3.25,-4.5,-24.93301270189));
#1876 = PCURVE('',#709,#1877);
#1877 = DEFINITIONAL_REPRESENTATION('',(#1878),#1887);
#1878 = B_SPLINE_CURVE_WITH_KNOTS('',7,(#1879,#1880,#1881,#1882,#1883,
    #1884,#1885,#1886),.UNSPECIFIED.,.F.,.F.,(8,8),(0.,1.),
  .PIECEWISE_BEZIER_KNOTS.);
#1879 = CARTESIAN_POINT('',(-1.459455312454,6.));
#1880 = CARTESIAN_POINT('',(-1.459455312454,5.926846612322));
#1881 = CARTESIAN_POINT('',(-1.46503958535,5.853394932412));
#1882 = CARTESIAN_POINT('',(-1.476289481488,5.782128338522));
#1883 = CARTESIAN_POINT('',(-1.493009362937,5.715528099439));
#1884 = CARTESIAN_POINT('',(-1.514759430953,5.655989817958));
#1885 = CARTESIAN_POINT('',(-1.540942733459,5.605768253442));
#1886 = CARTESIAN_POINT('',(-1.570796326795,5.566987298108));
#1887 = ( GEOMETRIC_REPRESENTATION_CONTEXT(2) 
PARAMETRIC_REPRESENTATION_CONTEXT() REPRESENTATION_CONTEXT('2D SPACE',''
  ) );
#1888 = PCURVE('',#1092,#1889);
#1889 = DEFINITIONAL_REPRESENTATION('',(#1890),#1899);
#1890 = B_SPLINE_CURVE_WITH_KNOTS('',7,(#1891,#1892,#1893,#1894,#1895,
    #1896,#1897,#1898),.UNSPECIFIED.,.F.,.F.,(8,8),(0.,1.),
  .PIECEWISE_BEZIER_KNOTS.);
#1891 = CARTESIAN_POINT('',(0.,1.0139320225));
#1892 = CARTESIAN_POINT('',(0.146306775356,1.0139320225));
#1893 = CARTESIAN_POINT('',(0.293209666374,1.012535983185));
#1894 = CARTESIAN_POINT('',(0.440860682572,1.009723413328));
#1895 = CARTESIAN_POINT('',(0.589587126256,1.005982679594));
#1896 = CARTESIAN_POINT('',(0.739812257123,1.002339567905));
#1897 = CARTESIAN_POINT('',(0.89207372986,1.));
#1898 = CARTESIAN_POINT('',(1.047197551197,1.));
#1899 = ( GEOMETRIC_REPRESENTATION_CONTEXT(2) 
PARAMETRIC_REPRESENTATION_CONTEXT() REPRESENTATION_CONTEXT('2D SPACE',''
  ) );
#1900 = ORIENTED_EDGE('',*,*,#1901,.T.);
#1901 = EDGE_CURVE('',#1864,#1739,#1902,.T.);
#1902 = SURFACE_CURVE('',#1903,(#1907,#1913),.PCURVE_S1.);
#1903 = LINE('',#1904,#1905);
#1904 = CARTESIAN_POINT('',(3.5,-4.4860679775,-30.5));
#1905 = VECTOR('',#1906,1.);
#1906 = DIRECTION('',(0.,0.,1.));
#1907 = PCURVE('',#709,#1908);
#1908 = DEFINITIONAL_REPRESENTATION('',(#1909),#1912);
#1909 = B_SPLINE_CURVE_WITH_KNOTS('',1,(#1910,#1911),.UNSPECIFIED.,.F.,
  .F.,(2,2),(4.3,24.7),.PIECEWISE_BEZIER_KNOTS.);
#1910 = CARTESIAN_POINT('',(-1.459455312454,4.3));
#1911 = CARTESIAN_POINT('',(-1.459455312454,24.7));
#1912 = ( GEOMETRIC_REPRESENTATION_CONTEXT(2) 
PARAMETRIC_REPRESENTATION_CONTEXT() REPRESENTATION_CONTEXT('2D SPACE',''
  ) );
#1913 = PCURVE('',#1754,#1914);
#1914 = DEFINITIONAL_REPRESENTATION('',(#1915),#1918);
#1915 = B_SPLINE_CURVE_WITH_KNOTS('',1,(#1916,#1917),.UNSPECIFIED.,.F.,
  .F.,(2,2),(4.3,24.7),.PIECEWISE_BEZIER_KNOTS.);
#1916 = CARTESIAN_POINT('',(-1.2,-1.0139320225));
#1917 = CARTESIAN_POINT('',(19.2,-1.0139320225));
#1918 = ( GEOMETRIC_REPRESENTATION_CONTEXT(2) 
PARAMETRIC_REPRESENTATION_CONTEXT() REPRESENTATION_CONTEXT('2D SPACE',''
  ) );
#1919 = ORIENTED_EDGE('',*,*,#1766,.T.);
#1920 = ORIENTED_EDGE('',*,*,#693,.T.);
#1921 = ORIENTED_EDGE('',*,*,#1922,.F.);
#1922 = EDGE_CURVE('',#1808,#671,#1923,.T.);
#1923 = SURFACE_CURVE('',#1924,(#1929,#1936),.PCURVE_S1.);
#1924 = CIRCLE('',#1925,2.25);
#1925 = AXIS2_PLACEMENT_3D('',#1926,#1927,#1928);
#1926 = CARTESIAN_POINT('',(3.25,-2.25,-1.75));
#1927 = DIRECTION('',(0.,0.,-1.));
#1928 = DIRECTION('',(1.,0.,0.));
#1929 = PCURVE('',#709,#1930);
#1930 = DEFINITIONAL_REPRESENTATION('',(#1931),#1935);
#1931 = LINE('',#1932,#1933);
#1932 = CARTESIAN_POINT('',(-0.,28.75));
#1933 = VECTOR('',#1934,1.);
#1934 = DIRECTION('',(-1.,0.));
#1935 = ( GEOMETRIC_REPRESENTATION_CONTEXT(2) 
PARAMETRIC_REPRESENTATION_CONTEXT() REPRESENTATION_CONTEXT('2D SPACE',''
  ) );
#1936 = PCURVE('',#1637,#1937);
#1937 = DEFINITIONAL_REPRESENTATION('',(#1938),#1942);
#1938 = LINE('',#1939,#1940);
#1939 = CARTESIAN_POINT('',(0.,0.));
#1940 = VECTOR('',#1941,1.);
#1941 = DIRECTION('',(1.,0.));
#1942 = ( GEOMETRIC_REPRESENTATION_CONTEXT(2) 
PARAMETRIC_REPRESENTATION_CONTEXT() REPRESENTATION_CONTEXT('2D SPACE',''
  ) );
#1943 = ADVANCED_FACE('',(#1944,#1970),#793,.F.);
#1944 = FACE_BOUND('',#1945,.F.);
#1945 = EDGE_LOOP('',(#1946,#1967,#1968,#1969));
#1946 = ORIENTED_EDGE('',*,*,#1947,.T.);
#1947 = EDGE_CURVE('',#777,#1594,#1948,.T.);
#1948 = SEAM_CURVE('',#1949,(#1953,#1960),.PCURVE_S1.);
#1949 = LINE('',#1950,#1951);
#1950 = CARTESIAN_POINT('',(-3.918869757272E-16,-6.5,-2.4));
#1951 = VECTOR('',#1952,1.);
#1952 = DIRECTION('',(0.,1.,0.));
#1953 = PCURVE('',#793,#1954);
#1954 = DEFINITIONAL_REPRESENTATION('',(#1955),#1959);
#1955 = LINE('',#1956,#1957);
#1956 = CARTESIAN_POINT('',(6.28318530718,-0.));
#1957 = VECTOR('',#1958,1.);
#1958 = DIRECTION('',(0.,1.));
#1959 = ( GEOMETRIC_REPRESENTATION_CONTEXT(2) 
PARAMETRIC_REPRESENTATION_CONTEXT() REPRESENTATION_CONTEXT('2D SPACE',''
  ) );
#1960 = PCURVE('',#793,#1961);
#1961 = DEFINITIONAL_REPRESENTATION('',(#1962),#1966);
#1962 = LINE('',#1963,#1964);
#1963 = CARTESIAN_POINT('',(0.,-0.));
#1964 = VECTOR('',#1965,1.);
#1965 = DIRECTION('',(0.,1.));
#1966 = ( GEOMETRIC_REPRESENTATION_CONTEXT(2) 
PARAMETRIC_REPRESENTATION_CONTEXT() REPRESENTATION_CONTEXT('2D SPACE',''
  ) );
#1967 = ORIENTED_EDGE('',*,*,#1593,.F.);
#1968 = ORIENTED_EDGE('',*,*,#1947,.F.);
#1969 = ORIENTED_EDGE('',*,*,#776,.T.);
#1970 = FACE_BOUND('',#1971,.F.);
#1971 = EDGE_LOOP('',(#1972));
#1972 = ORIENTED_EDGE('',*,*,#1973,.F.);
#1973 = EDGE_CURVE('',#1974,#1974,#1976,.T.);
#1974 = VERTEX_POINT('',#1975);
#1975 = CARTESIAN_POINT('',(1.6,-0.80622577483,-4.));
#1976 = SURFACE_CURVE('',#1977,(#2124,#2274),.PCURVE_S1.);
#1977 = B_SPLINE_CURVE_WITH_KNOTS('',7,(#1978,#1979,#1980,#1981,#1982,
    #1983,#1984,#1985,#1986,#1987,#1988,#1989,#1990,#1991,#1992,#1993,
    #1994,#1995,#1996,#1997,#1998,#1999,#2000,#2001,#2002,#2003,#2004,
    #2005,#2006,#2007,#2008,#2009,#2010,#2011,#2012,#2013,#2014,#2015,
    #2016,#2017,#2018,#2019,#2020,#2021,#2022,#2023,#2024,#2025,#2026,
    #2027,#2028,#2029,#2030,#2031,#2032,#2033,#2034,#2035,#2036,#2037,
    #2038,#2039,#2040,#2041,#2042,#2043,#2044,#2045,#2046,#2047,#2048,
    #2049,#2050,#2051,#2052,#2053,#2054,#2055,#2056,#2057,#2058,#2059,
    #2060,#2061,#2062,#2063,#2064,#2065,#2066,#2067,#2068,#2069,#2070,
    #2071,#2072,#2073,#2074,#2075,#2076,#2077,#2078,#2079,#2080,#2081,
    #2082,#2083,#2084,#2085,#2086,#2087,#2088,#2089,#2090,#2091,#2092,
    #2093,#2094,#2095,#2096,#2097,#2098,#2099,#2100,#2101,#2102,#2103,
    #2104,#2105,#2106,#2107,#2108,#2109,#2110,#2111,#2112,#2113,#2114,
    #2115,#2116,#2117,#2118,#2119,#2120,#2121,#2122,#2123),
  .UNSPECIFIED.,.T.,.F.,(8,6,6,6,6,6,6,6,6,6,6,6,6,6,6,6,6,6,6,6,6,6,6,6
    ,8),(0.,9.542416775828E-02,0.133119001549,0.165999867252,
    0.205046072747,0.219487026083,0.250129442443,0.294972226036,
    0.334173618622,0.366100460777,0.404276793296,0.431022381655,0.5,
    0.568977618345,0.595723206704,0.633899539223,0.665826381378,
    0.705027773965,0.749870557557,0.780512973917,0.794953927253,
    0.834000132748,0.866880998451,0.904575832242,1.),.UNSPECIFIED.);
#1978 = CARTESIAN_POINT('',(1.6,-0.80622577483,-4.));
#1979 = CARTESIAN_POINT('',(1.6,-0.80622577483,-4.09845890614));
#1980 = CARTESIAN_POINT('',(1.592931346017,-0.802718795791,
    -4.197183763955));
#1981 = CARTESIAN_POINT('',(1.578725292502,-0.795670306181,
    -4.295114723691));
#1982 = CARTESIAN_POINT('',(1.557572642281,-0.784690093151,
    -4.391166101172));
#1983 = CARTESIAN_POINT('',(1.529937760623,-0.769004010534,
    -4.484276585533));
#1984 = CARTESIAN_POINT('',(1.496567178677,-0.747536735239,
    -4.573418940999));
#1985 = CARTESIAN_POINT('',(1.443637868082,-0.707681551517,
    -4.690825308058));
#1986 = CARTESIAN_POINT('',(1.427952745022,-0.695299672634,
    -4.723258208966));
#1987 = CARTESIAN_POINT('',(1.411670085816,-0.681763249208,
    -4.754762673435));
#1988 = CARTESIAN_POINT('',(1.394904102841,-0.667018443838,
    -4.785237363419));
#1989 = CARTESIAN_POINT('',(1.377780651175,-0.651018115266,
    -4.814594850499));
#1990 = CARTESIAN_POINT('',(1.360434441376,-0.63372403577,-4.84276106923
    ));
#1991 = CARTESIAN_POINT('',(1.327803799075,-0.598871474366,
    -4.893151350876));
#1992 = CARTESIAN_POINT('',(1.312545983759,-0.581636323837,
    -4.915664058449));
#1993 = CARTESIAN_POINT('',(1.297337838069,-0.563399314974,
    -4.937155760842));
#1994 = CARTESIAN_POINT('',(1.282287919621,-0.544167431863,
    -4.957581121458));
#1995 = CARTESIAN_POINT('',(1.267505366131,-0.523959759793,
    -4.976905620704));
#1996 = CARTESIAN_POINT('',(1.253096949654,-0.502808260372,
    -4.995104577245));
#1997 = CARTESIAN_POINT('',(1.222618833266,-0.454574392595,
    -5.032418151838));
#1998 = CARTESIAN_POINT('',(1.206755166656,-0.427140940899,
    -5.051051106234));
#1999 = CARTESIAN_POINT('',(1.191732529779,-0.39852293679,
    -5.068049285707));
#2000 = CARTESIAN_POINT('',(1.177701239628,-0.36880797982,
    -5.083412339214));
#2001 = CARTESIAN_POINT('',(1.164797402971,-0.338105894799,
    -5.097149020531));
#2002 = CARTESIAN_POINT('',(1.153137787932,-0.306548102731,
    -5.109274897373));
#2003 = CARTESIAN_POINT('',(1.138996775392,-0.262355455968,
    -5.123706413494));
#2004 = CARTESIAN_POINT('',(1.135360637229,-0.250324453205,
    -5.127386233181));
#2005 = CARTESIAN_POINT('',(1.131910699995,-0.238200327258,
    -5.130850810607));
#2006 = CARTESIAN_POINT('',(1.128650982892,-0.225989446287,
    -5.134101425877));
#2007 = CARTESIAN_POINT('',(1.125585105391,-0.213698202814,
    -5.137139348169));
#2008 = CARTESIAN_POINT('',(1.122716287234,-0.201333013728,
    -5.139965835734));
#2009 = CARTESIAN_POINT('',(1.114384098091,-0.162519252487,
    -5.148133691735));
#2010 = CARTESIAN_POINT('',(1.109621649909,-0.135837936041,
    -5.152737973302));
#2011 = CARTESIAN_POINT('',(1.10578576119,-0.108913835933,
    -5.156407891991));
#2012 = CARTESIAN_POINT('',(1.102895924099,-8.180638543616E-02,
    -5.159153366565));
#2013 = CARTESIAN_POINT('',(1.100965191032,-5.457661521956E-02,
    -5.160981207922));
#2014 = CARTESIAN_POINT('',(1.1,-2.728678246836E-02,-5.161895003862));
#2015 = CARTESIAN_POINT('',(1.1,3.993207542232E-02,-5.161895003862));
#2016 = CARTESIAN_POINT('',(1.102067119758,7.988458005955E-02,
    -5.159937769053));
#2017 = CARTESIAN_POINT('',(1.106204835906,0.119649632423,
    -5.156020918499));
#2018 = CARTESIAN_POINT('',(1.112382736881,0.159025382561,
    -5.150128126118));
#2019 = CARTESIAN_POINT('',(1.120538498885,0.197818714074,
    -5.142230316785));
#2020 = CARTESIAN_POINT('',(1.130579861843,0.235847946135,
    -5.132286862424));
#2021 = CARTESIAN_POINT('',(1.152708016107,0.30537610845,-5.10972138174)
  );
#2022 = CARTESIAN_POINT('',(1.164380526417,0.337101093194,
    -5.097591785335));
#2023 = CARTESIAN_POINT('',(1.177311174837,0.367965820376,
    -5.083837525225));
#2024 = CARTESIAN_POINT('',(1.191382054542,0.397836892705,
    -5.068442666428));
#2025 = CARTESIAN_POINT('',(1.20645553969,0.426602835825,-5.051398139437
    ));
#2026 = CARTESIAN_POINT('',(1.222379511777,0.454174749197,
    -5.032704076995));
#2027 = CARTESIAN_POINT('',(1.25252279405,0.501916443243,-4.99581319332)
  );
#2028 = CARTESIAN_POINT('',(1.266502806582,0.522498843613,
    -4.978176809673));
#2029 = CARTESIAN_POINT('',(1.280839585683,0.542192127884,
    -4.959477507886));
#2030 = CARTESIAN_POINT('',(1.295435336155,0.560966442033,
    -4.939737690628));
#2031 = CARTESIAN_POINT('',(1.310190064307,0.578803450844,
    -4.918988509205));
#2032 = CARTESIAN_POINT('',(1.325004136753,0.595695680532,
    -4.897270717469));
#2033 = CARTESIAN_POINT('',(1.357449993717,0.630718195697,
    -4.847569629195));
#2034 = CARTESIAN_POINT('',(1.375055495336,0.648432545882,
    -4.819207712307));
#2035 = CARTESIAN_POINT('',(1.392449768607,0.664814987288,
    -4.789612510059));
#2036 = CARTESIAN_POINT('',(1.409491320152,0.679903726514,
    -4.758860417665));
#2037 = CARTESIAN_POINT('',(1.426047795592,0.69374672275,-4.727042103213
    ));
#2038 = CARTESIAN_POINT('',(1.441999036455,0.706399309139,
    -4.694263120326));
#2039 = CARTESIAN_POINT('',(1.467917752675,0.725994254697,
    -4.637091990638));
#2040 = CARTESIAN_POINT('',(1.478250735165,0.733514847422,
    -4.613118724989));
#2041 = CARTESIAN_POINT('',(1.488209067551,0.740508789997,
    -4.588751267592));
#2042 = CARTESIAN_POINT('',(1.497765482684,0.747000427849,
    -4.564017363424));
#2043 = CARTESIAN_POINT('',(1.506895463258,0.753013254143,
    -4.538945958716));
#2044 = CARTESIAN_POINT('',(1.515577241814,0.758569909776,
    -4.513567200949));
#2045 = CARTESIAN_POINT('',(1.544977377327,0.776902669879,
    -4.421748091889));
#2046 = CARTESIAN_POINT('',(1.563042893201,0.787215418104,
    -4.353786951305));
#2047 = CARTESIAN_POINT('',(1.577723377959,0.795038834079,
    -4.284402488581));
#2048 = CARTESIAN_POINT('',(1.588840167238,0.80068908419,-4.213965225984
    ));
#2049 = CARTESIAN_POINT('',(1.596282787687,0.804381460824,
    -4.142842630143));
#2050 = CARTESIAN_POINT('',(1.6,0.80622577483,-4.071399664406));
#2051 = CARTESIAN_POINT('',(1.6,0.80622577483,-3.928600335594));
#2052 = CARTESIAN_POINT('',(1.596282787687,0.804381460824,
    -3.857157369857));
#2053 = CARTESIAN_POINT('',(1.588840167238,0.80068908419,-3.786034774016
    ));
#2054 = CARTESIAN_POINT('',(1.577723377959,0.795038834079,
    -3.715597511419));
#2055 = CARTESIAN_POINT('',(1.563042893201,0.787215418104,
    -3.646213048695));
#2056 = CARTESIAN_POINT('',(1.544977377327,0.776902669879,
    -3.578251908111));
#2057 = CARTESIAN_POINT('',(1.515577241814,0.758569909776,
    -3.486432799051));
#2058 = CARTESIAN_POINT('',(1.506895463258,0.753013254143,
    -3.461054041284));
#2059 = CARTESIAN_POINT('',(1.497765482684,0.747000427849,
    -3.435982636576));
#2060 = CARTESIAN_POINT('',(1.488209067551,0.740508789997,
    -3.411248732408));
#2061 = CARTESIAN_POINT('',(1.478250735165,0.733514847422,
    -3.386881275011));
#2062 = CARTESIAN_POINT('',(1.467917752675,0.725994254697,
    -3.362908009362));
#2063 = CARTESIAN_POINT('',(1.441999036455,0.706399309139,
    -3.305736879674));
#2064 = CARTESIAN_POINT('',(1.426047795592,0.69374672275,-3.272957896787
    ));
#2065 = CARTESIAN_POINT('',(1.409491320152,0.679903726514,
    -3.241139582335));
#2066 = CARTESIAN_POINT('',(1.392449768607,0.664814987288,
    -3.210387489941));
#2067 = CARTESIAN_POINT('',(1.375055495336,0.648432545882,
    -3.180792287693));
#2068 = CARTESIAN_POINT('',(1.357449993717,0.630718195697,
    -3.152430370805));
#2069 = CARTESIAN_POINT('',(1.325004136753,0.595695680532,
    -3.102729282531));
#2070 = CARTESIAN_POINT('',(1.310190064307,0.578803450844,
    -3.081011490795));
#2071 = CARTESIAN_POINT('',(1.295435336155,0.560966442033,
    -3.060262309372));
#2072 = CARTESIAN_POINT('',(1.280839585683,0.542192127884,
    -3.040522492114));
#2073 = CARTESIAN_POINT('',(1.266502806582,0.522498843613,
    -3.021823190327));
#2074 = CARTESIAN_POINT('',(1.25252279405,0.501916443243,-3.00418680668)
  );
#2075 = CARTESIAN_POINT('',(1.222379511777,0.454174749197,
    -2.967295923005));
#2076 = CARTESIAN_POINT('',(1.20645553969,0.426602835825,-2.948601860563
    ));
#2077 = CARTESIAN_POINT('',(1.191382054542,0.397836892705,
    -2.931557333572));
#2078 = CARTESIAN_POINT('',(1.177311174837,0.367965820376,
    -2.916162474775));
#2079 = CARTESIAN_POINT('',(1.164380526417,0.337101093194,
    -2.902408214665));
#2080 = CARTESIAN_POINT('',(1.152708016107,0.30537610845,-2.89027861826)
  );
#2081 = CARTESIAN_POINT('',(1.130579861843,0.235847946135,
    -2.867713137576));
#2082 = CARTESIAN_POINT('',(1.120538498885,0.197818714074,
    -2.857769683215));
#2083 = CARTESIAN_POINT('',(1.112382736881,0.159025382561,
    -2.849871873882));
#2084 = CARTESIAN_POINT('',(1.106204835906,0.119649632423,
    -2.843979081501));
#2085 = CARTESIAN_POINT('',(1.102067119758,7.988458005957E-02,
    -2.840062230947));
#2086 = CARTESIAN_POINT('',(1.1,3.993207542231E-02,-2.838104996138));
#2087 = CARTESIAN_POINT('',(1.1,-2.728678246836E-02,-2.838104996138));
#2088 = CARTESIAN_POINT('',(1.100965191032,-5.457661521956E-02,
    -2.839018792079));
#2089 = CARTESIAN_POINT('',(1.102895924099,-8.180638543617E-02,
    -2.840846633435));
#2090 = CARTESIAN_POINT('',(1.10578576119,-0.108913835933,
    -2.843592108009));
#2091 = CARTESIAN_POINT('',(1.109621649908,-0.135837936041,
    -2.847262026698));
#2092 = CARTESIAN_POINT('',(1.114384098091,-0.162519252487,
    -2.851866308265));
#2093 = CARTESIAN_POINT('',(1.122716287234,-0.201333013728,
    -2.860034164266));
#2094 = CARTESIAN_POINT('',(1.125585105391,-0.213698202814,
    -2.862860651831));
#2095 = CARTESIAN_POINT('',(1.128650982892,-0.225989446287,
    -2.865898574123));
#2096 = CARTESIAN_POINT('',(1.131910699995,-0.238200327258,
    -2.869149189393));
#2097 = CARTESIAN_POINT('',(1.135360637229,-0.250324453205,
    -2.872613766819));
#2098 = CARTESIAN_POINT('',(1.138996775392,-0.262355455968,
    -2.876293586506));
#2099 = CARTESIAN_POINT('',(1.153137787932,-0.306548102731,
    -2.890725102627));
#2100 = CARTESIAN_POINT('',(1.164797402971,-0.338105894799,
    -2.902850979469));
#2101 = CARTESIAN_POINT('',(1.177701239628,-0.36880797982,
    -2.916587660786));
#2102 = CARTESIAN_POINT('',(1.191732529779,-0.39852293679,
    -2.931950714293));
#2103 = CARTESIAN_POINT('',(1.206755166656,-0.427140940899,
    -2.948948893765));
#2104 = CARTESIAN_POINT('',(1.222618833266,-0.454574392595,
    -2.967581848162));
#2105 = CARTESIAN_POINT('',(1.253096949654,-0.502808260372,
    -3.004895422755));
#2106 = CARTESIAN_POINT('',(1.267505366131,-0.523959759793,
    -3.023094379296));
#2107 = CARTESIAN_POINT('',(1.282287919621,-0.544167431863,
    -3.042418878542));
#2108 = CARTESIAN_POINT('',(1.297337838069,-0.563399314974,
    -3.062844239158));
#2109 = CARTESIAN_POINT('',(1.312545983759,-0.581636323837,
    -3.084335941551));
#2110 = CARTESIAN_POINT('',(1.327803799075,-0.598871474366,
    -3.106848649124));
#2111 = CARTESIAN_POINT('',(1.360434441376,-0.63372403577,-3.15723893077
    ));
#2112 = CARTESIAN_POINT('',(1.377780651175,-0.651018115266,
    -3.185405149501));
#2113 = CARTESIAN_POINT('',(1.394904102841,-0.667018443838,
    -3.214762636581));
#2114 = CARTESIAN_POINT('',(1.411670085816,-0.681763249208,
    -3.245237326565));
#2115 = CARTESIAN_POINT('',(1.427952745022,-0.695299672634,
    -3.276741791034));
#2116 = CARTESIAN_POINT('',(1.443637868082,-0.707681551517,
    -3.309174691942));
#2117 = CARTESIAN_POINT('',(1.496567178677,-0.747536735239,
    -3.426581059001));
#2118 = CARTESIAN_POINT('',(1.529937760623,-0.769004010534,
    -3.515723414467));
#2119 = CARTESIAN_POINT('',(1.557572642281,-0.784690093151,
    -3.608833898828));
#2120 = CARTESIAN_POINT('',(1.578725292502,-0.795670306181,
    -3.704885276309));
#2121 = CARTESIAN_POINT('',(1.592931346017,-0.802718795791,
    -3.802816236044));
#2122 = CARTESIAN_POINT('',(1.6,-0.80622577483,-3.90154109386));
#2123 = CARTESIAN_POINT('',(1.6,-0.80622577483,-4.));
#2124 = PCURVE('',#793,#2125);
#2125 = DEFINITIONAL_REPRESENTATION('',(#2126),#2273);
#2126 = B_SPLINE_CURVE_WITH_KNOTS('',7,(#2127,#2128,#2129,#2130,#2131,
    #2132,#2133,#2134,#2135,#2136,#2137,#2138,#2139,#2140,#2141,#2142,
    #2143,#2144,#2145,#2146,#2147,#2148,#2149,#2150,#2151,#2152,#2153,
    #2154,#2155,#2156,#2157,#2158,#2159,#2160,#2161,#2162,#2163,#2164,
    #2165,#2166,#2167,#2168,#2169,#2170,#2171,#2172,#2173,#2174,#2175,
    #2176,#2177,#2178,#2179,#2180,#2181,#2182,#2183,#2184,#2185,#2186,
    #2187,#2188,#2189,#2190,#2191,#2192,#2193,#2194,#2195,#2196,#2197,
    #2198,#2199,#2200,#2201,#2202,#2203,#2204,#2205,#2206,#2207,#2208,
    #2209,#2210,#2211,#2212,#2213,#2214,#2215,#2216,#2217,#2218,#2219,
    #2220,#2221,#2222,#2223,#2224,#2225,#2226,#2227,#2228,#2229,#2230,
    #2231,#2232,#2233,#2234,#2235,#2236,#2237,#2238,#2239,#2240,#2241,
    #2242,#2243,#2244,#2245,#2246,#2247,#2248,#2249,#2250,#2251,#2252,
    #2253,#2254,#2255,#2256,#2257,#2258,#2259,#2260,#2261,#2262,#2263,
    #2264,#2265,#2266,#2267,#2268,#2269,#2270,#2271,#2272),
  .UNSPECIFIED.,.T.,.F.,(8,6,6,6,6,6,6,6,6,6,6,6,6,6,6,6,6,6,6,6,6,6,6,6
    ,8),(0.,9.542416775828E-02,0.133119001549,0.165999867252,
    0.205046072747,0.219487026083,0.250129442443,0.294972226036,
    0.334173618622,0.366100460777,0.404276793296,0.431022381655,0.5,
    0.568977618345,0.595723206704,0.633899539223,0.665826381378,
    0.705027773965,0.749870557557,0.780512973917,0.794953927253,
    0.834000132748,0.866880998451,0.904575832242,1.),.UNSPECIFIED.);
#2127 = CARTESIAN_POINT('',(1.570796326795,5.69377422517));
#2128 = CARTESIAN_POINT('',(1.632333143133,5.69377422517));
#2129 = CARTESIAN_POINT('',(1.69403620406,5.697281204209));
#2130 = CARTESIAN_POINT('',(1.755623528109,5.704329693819));
#2131 = CARTESIAN_POINT('',(1.816807118856,5.715309906849));
#2132 = CARTESIAN_POINT('',(1.877271530985,5.730995989466));
#2133 = CARTESIAN_POINT('',(1.936634462272,5.752463264761));
#2134 = CARTESIAN_POINT('',(2.01712555006,5.792318448483));
#2135 = CARTESIAN_POINT('',(2.03963397476,5.804700327366));
#2136 = CARTESIAN_POINT('',(2.061786351465,5.818236750792));
#2137 = CARTESIAN_POINT('',(2.08351257159,5.832981556162));
#2138 = CARTESIAN_POINT('',(2.104744042577,5.848981884734));
#2139 = CARTESIAN_POINT('',(2.125413214616,5.86627596423));
#2140 = CARTESIAN_POINT('',(2.162933726201,5.901128525634));
#2141 = CARTESIAN_POINT('',(2.179927459446,5.918363676163));
#2142 = CARTESIAN_POINT('',(2.196377508112,5.936600685026));
#2143 = CARTESIAN_POINT('',(2.212229589069,5.955832568137));
#2144 = CARTESIAN_POINT('',(2.227432452646,5.976040240207));
#2145 = CARTESIAN_POINT('',(2.241938400241,5.997191739628));
#2146 = CARTESIAN_POINT('',(2.272050290719,6.045425607405));
#2147 = CARTESIAN_POINT('',(2.287341625466,6.072859059101));
#2148 = CARTESIAN_POINT('',(2.301516350486,6.10147706321));
#2149 = CARTESIAN_POINT('',(2.314517686354,6.13119202018));
#2150 = CARTESIAN_POINT('',(2.326295620285,6.161894105201));
#2151 = CARTESIAN_POINT('',(2.336808996506,6.193451897269));
#2152 = CARTESIAN_POINT('',(2.349437042134,6.237644544032));
#2153 = CARTESIAN_POINT('',(2.352670301763,6.249675546795));
#2154 = CARTESIAN_POINT('',(2.355726085571,6.261799672742));
#2155 = CARTESIAN_POINT('',(2.35860324373,6.274010553713));
#2156 = CARTESIAN_POINT('',(2.36130077654,6.286301797186));
#2157 = CARTESIAN_POINT('',(2.363817834433,6.298666986272));
#2158 = CARTESIAN_POINT('',(2.371110254716,6.337480747513));
#2159 = CARTESIAN_POINT('',(2.37525030338,6.364162063959));
#2160 = CARTESIAN_POINT('',(2.378568181608,6.391086164067));
#2161 = CARTESIAN_POINT('',(2.381059473791,6.418193614564));
#2162 = CARTESIAN_POINT('',(2.382721183871,6.44542338478));
#2163 = CARTESIAN_POINT('',(2.383551888164,6.472713217532));
#2164 = CARTESIAN_POINT('',(2.383551888164,6.539932075422));
#2165 = CARTESIAN_POINT('',(2.381772777276,6.57988458006));
#2166 = CARTESIAN_POINT('',(2.378211633829,6.619649632423));
#2167 = CARTESIAN_POINT('',(2.372875652013,6.659025382561));
#2168 = CARTESIAN_POINT('',(2.365780592553,6.697818714074));
#2169 = CARTESIAN_POINT('',(2.356949233383,6.735847946135));
#2170 = CARTESIAN_POINT('',(2.337196305103,6.80537610845));
#2171 = CARTESIAN_POINT('',(2.326675664534,6.837101093194));
#2172 = CARTESIAN_POINT('',(2.314878251637,6.867965820376));
#2173 = CARTESIAN_POINT('',(2.301845567319,6.897836892705));
#2174 = CARTESIAN_POINT('',(2.287628124882,6.926602835825));
#2175 = CARTESIAN_POINT('',(2.272283314533,6.954174749197));
#2176 = CARTESIAN_POINT('',(2.242508411848,7.001916443243));
#2177 = CARTESIAN_POINT('',(2.228444197343,7.022498843613));
#2178 = CARTESIAN_POINT('',(2.21372063736,7.042192127884));
#2179 = CARTESIAN_POINT('',(2.19838139493,7.060966442033));
#2180 = CARTESIAN_POINT('',(2.182473324056,7.078803450844));
#2181 = CARTESIAN_POINT('',(2.166046010622,7.095695680532));
#2182 = CARTESIAN_POINT('',(2.128949579012,7.130718195697));
#2183 = CARTESIAN_POINT('',(2.108091268812,7.148432545882));
#2184 = CARTESIAN_POINT('',(2.086646355925,7.164814987288));
#2185 = CARTESIAN_POINT('',(2.0646855272,7.179903726514));
#2186 = CARTESIAN_POINT('',(2.042280667857,7.19374672275));
#2187 = CARTESIAN_POINT('',(2.019505346232,7.206399309139));
#2188 = CARTESIAN_POINT('',(1.980272876419,7.225994254697));
#2189 = CARTESIAN_POINT('',(1.96395997505,7.233514847422));
#2190 = CARTESIAN_POINT('',(1.94751236312,7.240508789997));
#2191 = CARTESIAN_POINT('',(1.930945441026,7.247000427849));
#2192 = CARTESIAN_POINT('',(1.914274240841,7.253013254143));
#2193 = CARTESIAN_POINT('',(1.897513426316,7.258569909776));
#2194 = CARTESIAN_POINT('',(1.837256435161,7.276902669879));
#2195 = CARTESIAN_POINT('',(1.793360751225,7.287215418104));
#2196 = CARTESIAN_POINT('',(1.749129182143,7.295038834079));
#2197 = CARTESIAN_POINT('',(1.704669816596,7.30068908419));
#2198 = CARTESIAN_POINT('',(1.66007293909,7.304381460824));
#2199 = CARTESIAN_POINT('',(1.615421117049,7.30622577483));
#2200 = CARTESIAN_POINT('',(1.526171536541,7.30622577483));
#2201 = CARTESIAN_POINT('',(1.481519714499,7.304381460824));
#2202 = CARTESIAN_POINT('',(1.436922836994,7.30068908419));
#2203 = CARTESIAN_POINT('',(1.392463471447,7.295038834079));
#2204 = CARTESIAN_POINT('',(1.348231902364,7.287215418104));
#2205 = CARTESIAN_POINT('',(1.304336218429,7.276902669879));
#2206 = CARTESIAN_POINT('',(1.244079227274,7.258569909776));
#2207 = CARTESIAN_POINT('',(1.227318412749,7.253013254143));
#2208 = CARTESIAN_POINT('',(1.210647212564,7.247000427849));
#2209 = CARTESIAN_POINT('',(1.19408029047,7.240508789997));
#2210 = CARTESIAN_POINT('',(1.17763267854,7.233514847422));
#2211 = CARTESIAN_POINT('',(1.161319777171,7.225994254697));
#2212 = CARTESIAN_POINT('',(1.122087307358,7.206399309139));
#2213 = CARTESIAN_POINT('',(1.099311985732,7.19374672275));
#2214 = CARTESIAN_POINT('',(1.07690712639,7.179903726514));
#2215 = CARTESIAN_POINT('',(1.054946297665,7.164814987288));
#2216 = CARTESIAN_POINT('',(1.033501384778,7.148432545882));
#2217 = CARTESIAN_POINT('',(1.012643074577,7.130718195697));
#2218 = CARTESIAN_POINT('',(0.975546642967,7.095695680532));
#2219 = CARTESIAN_POINT('',(0.959119329534,7.078803450844));
#2220 = CARTESIAN_POINT('',(0.943211258659,7.060966442033));
#2221 = CARTESIAN_POINT('',(0.92787201623,7.042192127884));
#2222 = CARTESIAN_POINT('',(0.913148456246,7.022498843613));
#2223 = CARTESIAN_POINT('',(0.899084241742,7.001916443243));
#2224 = CARTESIAN_POINT('',(0.869309339057,6.954174749197));
#2225 = CARTESIAN_POINT('',(0.853964528708,6.926602835825));
#2226 = CARTESIAN_POINT('',(0.839747086271,6.897836892705));
#2227 = CARTESIAN_POINT('',(0.826714401953,6.867965820376));
#2228 = CARTESIAN_POINT('',(0.814916989055,6.837101093194));
#2229 = CARTESIAN_POINT('',(0.804396348487,6.80537610845));
#2230 = CARTESIAN_POINT('',(0.784643420206,6.735847946135));
#2231 = CARTESIAN_POINT('',(0.775812061037,6.697818714074));
#2232 = CARTESIAN_POINT('',(0.768717001577,6.659025382561));
#2233 = CARTESIAN_POINT('',(0.763381019761,6.619649632423));
#2234 = CARTESIAN_POINT('',(0.759819876314,6.57988458006));
#2235 = CARTESIAN_POINT('',(0.758040765426,6.539932075422));
#2236 = CARTESIAN_POINT('',(0.758040765426,6.472713217532));
#2237 = CARTESIAN_POINT('',(0.758871469718,6.44542338478));
#2238 = CARTESIAN_POINT('',(0.760533179799,6.418193614564));
#2239 = CARTESIAN_POINT('',(0.763024471982,6.391086164067));
#2240 = CARTESIAN_POINT('',(0.76634235021,6.364162063959));
#2241 = CARTESIAN_POINT('',(0.770482398874,6.337480747513));
#2242 = CARTESIAN_POINT('',(0.777774819157,6.298666986272));
#2243 = CARTESIAN_POINT('',(0.78029187705,6.286301797186));
#2244 = CARTESIAN_POINT('',(0.78298940986,6.274010553713));
#2245 = CARTESIAN_POINT('',(0.785866568019,6.261799672742));
#2246 = CARTESIAN_POINT('',(0.788922351827,6.249675546795));
#2247 = CARTESIAN_POINT('',(0.792155611456,6.237644544032));
#2248 = CARTESIAN_POINT('',(0.804783657084,6.193451897269));
#2249 = CARTESIAN_POINT('',(0.815297033305,6.161894105201));
#2250 = CARTESIAN_POINT('',(0.827074967235,6.13119202018));
#2251 = CARTESIAN_POINT('',(0.840076303104,6.10147706321));
#2252 = CARTESIAN_POINT('',(0.854251028124,6.072859059101));
#2253 = CARTESIAN_POINT('',(0.86954236287,6.045425607405));
#2254 = CARTESIAN_POINT('',(0.899654253349,5.997191739628));
#2255 = CARTESIAN_POINT('',(0.914160200944,5.976040240207));
#2256 = CARTESIAN_POINT('',(0.929363064521,5.955832568137));
#2257 = CARTESIAN_POINT('',(0.945215145478,5.936600685026));
#2258 = CARTESIAN_POINT('',(0.961665194144,5.918363676163));
#2259 = CARTESIAN_POINT('',(0.978658927389,5.901128525634));
#2260 = CARTESIAN_POINT('',(1.016179438974,5.86627596423));
#2261 = CARTESIAN_POINT('',(1.036848611012,5.848981884734));
#2262 = CARTESIAN_POINT('',(1.058080082,5.832981556162));
#2263 = CARTESIAN_POINT('',(1.079806302125,5.818236750792));
#2264 = CARTESIAN_POINT('',(1.10195867883,5.804700327366));
#2265 = CARTESIAN_POINT('',(1.12446710353,5.792318448483));
#2266 = CARTESIAN_POINT('',(1.204958191318,5.752463264761));
#2267 = CARTESIAN_POINT('',(1.264321122604,5.730995989466));
#2268 = CARTESIAN_POINT('',(1.324785534734,5.715309906849));
#2269 = CARTESIAN_POINT('',(1.38596912548,5.704329693819));
#2270 = CARTESIAN_POINT('',(1.447556449529,5.697281204209));
#2271 = CARTESIAN_POINT('',(1.509259510457,5.69377422517));
#2272 = CARTESIAN_POINT('',(1.570796326795,5.69377422517));
#2273 = ( GEOMETRIC_REPRESENTATION_CONTEXT(2) 
PARAMETRIC_REPRESENTATION_CONTEXT() REPRESENTATION_CONTEXT('2D SPACE',''
  ) );
#2274 = PCURVE('',#2275,#2280);
#2275 = CYLINDRICAL_SURFACE('',#2276,0.9);
#2276 = AXIS2_PLACEMENT_3D('',#2277,#2278,#2279);
#2277 = CARTESIAN_POINT('',(2.,0.,-30.));
#2278 = DIRECTION('',(0.,0.,1.));
#2279 = DIRECTION('',(1.,0.,-0.));
#2280 = DEFINITIONAL_REPRESENTATION('',(#2281),#2428);
#2281 = B_SPLINE_CURVE_WITH_KNOTS('',7,(#2282,#2283,#2284,#2285,#2286,
    #2287,#2288,#2289,#2290,#2291,#2292,#2293,#2294,#2295,#2296,#2297,
    #2298,#2299,#2300,#2301,#2302,#2303,#2304,#2305,#2306,#2307,#2308,
    #2309,#2310,#2311,#2312,#2313,#2314,#2315,#2316,#2317,#2318,#2319,
    #2320,#2321,#2322,#2323,#2324,#2325,#2326,#2327,#2328,#2329,#2330,
    #2331,#2332,#2333,#2334,#2335,#2336,#2337,#2338,#2339,#2340,#2341,
    #2342,#2343,#2344,#2345,#2346,#2347,#2348,#2349,#2350,#2351,#2352,
    #2353,#2354,#2355,#2356,#2357,#2358,#2359,#2360,#2361,#2362,#2363,
    #2364,#2365,#2366,#2367,#2368,#2369,#2370,#2371,#2372,#2373,#2374,
    #2375,#2376,#2377,#2378,#2379,#2380,#2381,#2382,#2383,#2384,#2385,
    #2386,#2387,#2388,#2389,#2390,#2391,#2392,#2393,#2394,#2395,#2396,
    #2397,#2398,#2399,#2400,#2401,#2402,#2403,#2404,#2405,#2406,#2407,
    #2408,#2409,#2410,#2411,#2412,#2413,#2414,#2415,#2416,#2417,#2418,
    #2419,#2420,#2421,#2422,#2423,#2424,#2425,#2426,#2427),
  .UNSPECIFIED.,.T.,.F.,(8,6,6,6,6,6,6,6,6,6,6,6,6,6,6,6,6,6,6,6,6,6,6,6
    ,8),(0.,9.542416775828E-02,0.133119001549,0.165999867252,
    0.205046072747,0.219487026083,0.250129442443,0.294972226036,
    0.334173618622,0.366100460777,0.404276793296,0.431022381655,0.5,
    0.568977618345,0.595723206704,0.633899539223,0.665826381378,
    0.705027773965,0.749870557557,0.780512973917,0.794953927253,
    0.834000132748,0.866880998451,0.904575832242,1.),.UNSPECIFIED.);
#2282 = CARTESIAN_POINT('',(4.251834988703,26.));
#2283 = CARTESIAN_POINT('',(4.251834988703,25.90154109386));
#2284 = CARTESIAN_POINT('',(4.243067495932,25.802816236045));
#2285 = CARTESIAN_POINT('',(4.225446600985,25.704885276309));
#2286 = CARTESIAN_POINT('',(4.198970759786,25.608833898828));
#2287 = CARTESIAN_POINT('',(4.163718169185,25.515723414467));
#2288 = CARTESIAN_POINT('',(4.119749949022,25.426581059001));
#2289 = CARTESIAN_POINT('',(4.04613141615,25.309174691942));
#2290 = CARTESIAN_POINT('',(4.023933422982,25.276741791034));
#2291 = CARTESIAN_POINT('',(4.000418783937,25.245237326565));
#2292 = CARTESIAN_POINT('',(3.975629163611,25.214762636581));
#2293 = CARTESIAN_POINT('',(3.94961050396,25.185405149501));
#2294 = CARTESIAN_POINT('',(3.92241068646,25.15723893077));
#2295 = CARTESIAN_POINT('',(3.869362142962,25.106848649124));
#2296 = CARTESIAN_POINT('',(3.843795878674,25.084335941551));
#2297 = CARTESIAN_POINT('',(3.817430296024,25.062844239158));
#2298 = CARTESIAN_POINT('',(3.790320817867,25.042418878542));
#2299 = CARTESIAN_POINT('',(3.762525891164,25.023094379296));
#2300 = CARTESIAN_POINT('',(3.734106482837,25.004895422755));
#2301 = CARTESIAN_POINT('',(3.670710591907,24.967581848162));
#2302 = CARTESIAN_POINT('',(3.635526538638,24.948948893766));
#2303 = CARTESIAN_POINT('',(3.59966290337,24.931950714293));
#2304 = CARTESIAN_POINT('',(3.563210444809,24.916587660786));
#2305 = CARTESIAN_POINT('',(3.526262897192,24.902850979469));
#2306 = CARTESIAN_POINT('',(3.488918674668,24.890725102627));
#2307 = CARTESIAN_POINT('',(3.437363139903,24.876293586506));
#2308 = CARTESIAN_POINT('',(3.423400013494,24.872613766819));
#2309 = CARTESIAN_POINT('',(3.409396966039,24.869149189393));
#2310 = CARTESIAN_POINT('',(3.395357577868,24.865898574123));
#2311 = CARTESIAN_POINT('',(3.381285240053,24.862860651831));
#2312 = CARTESIAN_POINT('',(3.367183154404,24.860034164266));
#2313 = CARTESIAN_POINT('',(3.323074234257,24.851866308265));
#2314 = CARTESIAN_POINT('',(3.292978028752,24.847262026698));
#2315 = CARTESIAN_POINT('',(3.262790153873,24.843592108009));
#2316 = CARTESIAN_POINT('',(3.232534161424,24.840846633435));
#2317 = CARTESIAN_POINT('',(3.202233333981,24.839018792078));
#2318 = CARTESIAN_POINT('',(3.171911300777,24.838104996138));
#2319 = CARTESIAN_POINT('',(3.097223680898,24.838104996138));
#2320 = CARTESIAN_POINT('',(3.05283206594,24.840062230947));
#2321 = CARTESIAN_POINT('',(3.008505891665,24.843979081501));
#2322 = CARTESIAN_POINT('',(2.964326455963,24.849871873882));
#2323 = CARTESIAN_POINT('',(2.920372438905,24.857769683215));
#2324 = CARTESIAN_POINT('',(2.876724069974,24.867713137576));
#2325 = CARTESIAN_POINT('',(2.795652385751,24.89027861826));
#2326 = CARTESIAN_POINT('',(2.758129432367,24.902408214665));
#2327 = CARTESIAN_POINT('',(2.72100453723,24.916162474775));
#2328 = CARTESIAN_POINT('',(2.684377297765,24.931557333572));
#2329 = CARTESIAN_POINT('',(2.648342556064,24.948601860563));
#2330 = CARTESIAN_POINT('',(2.612992148203,24.967295923005));
#2331 = CARTESIAN_POINT('',(2.550257287586,25.00418680668));
#2332 = CARTESIAN_POINT('',(2.52262702151,25.021823190327));
#2333 = CARTESIAN_POINT('',(2.495583788115,25.040522492114));
#2334 = CARTESIAN_POINT('',(2.469183679023,25.060262309372));
#2335 = CARTESIAN_POINT('',(2.443480523333,25.081011490795));
#2336 = CARTESIAN_POINT('',(2.418525466273,25.102729282531));
#2337 = CARTESIAN_POINT('',(2.365478664173,25.152430370805));
#2338 = CARTESIAN_POINT('',(2.337745804938,25.180792287693));
#2339 = CARTESIAN_POINT('',(2.311218447053,25.210387489941));
#2340 = CARTESIAN_POINT('',(2.285947494535,25.241139582335));
#2341 = CARTESIAN_POINT('',(2.261981783169,25.272957896787));
#2342 = CARTESIAN_POINT('',(2.239365585153,25.305736879674));
#2343 = CARTESIAN_POINT('',(2.20326316326,25.362908009362));
#2344 = CARTESIAN_POINT('',(2.189065232884,25.386881275011));
#2345 = CARTESIAN_POINT('',(2.175547187818,25.411248732408));
#2346 = CARTESIAN_POINT('',(2.162713567145,25.435982636576));
#2347 = CARTESIAN_POINT('',(2.150568583821,25.461054041284));
#2348 = CARTESIAN_POINT('',(2.139116124684,25.486432799051));
#2349 = CARTESIAN_POINT('',(2.100618761279,25.578251908111));
#2350 = CARTESIAN_POINT('',(2.077523063902,25.646213048695));
#2351 = CARTESIAN_POINT('',(2.059047559772,25.715597511419));
#2352 = CARTESIAN_POINT('',(2.045192305924,25.786034774016));
#2353 = CARTESIAN_POINT('',(2.035960989982,25.857157369857));
#2354 = CARTESIAN_POINT('',(2.031350318476,25.928600335594));
#2355 = CARTESIAN_POINT('',(2.031350318476,26.071399664406));
#2356 = CARTESIAN_POINT('',(2.035960989982,26.142842630143));
#2357 = CARTESIAN_POINT('',(2.045192305924,26.213965225984));
#2358 = CARTESIAN_POINT('',(2.059047559772,26.284402488581));
#2359 = CARTESIAN_POINT('',(2.077523063902,26.353786951305));
#2360 = CARTESIAN_POINT('',(2.100618761279,26.421748091889));
#2361 = CARTESIAN_POINT('',(2.139116124684,26.513567200949));
#2362 = CARTESIAN_POINT('',(2.150568583821,26.538945958716));
#2363 = CARTESIAN_POINT('',(2.162713567145,26.564017363424));
#2364 = CARTESIAN_POINT('',(2.175547187818,26.588751267592));
#2365 = CARTESIAN_POINT('',(2.189065232884,26.613118724989));
#2366 = CARTESIAN_POINT('',(2.20326316326,26.637091990638));
#2367 = CARTESIAN_POINT('',(2.239365585153,26.694263120326));
#2368 = CARTESIAN_POINT('',(2.261981783169,26.727042103213));
#2369 = CARTESIAN_POINT('',(2.285947494535,26.758860417665));
#2370 = CARTESIAN_POINT('',(2.311218447053,26.789612510059));
#2371 = CARTESIAN_POINT('',(2.337745804938,26.819207712307));
#2372 = CARTESIAN_POINT('',(2.365478664173,26.847569629195));
#2373 = CARTESIAN_POINT('',(2.418525466273,26.897270717469));
#2374 = CARTESIAN_POINT('',(2.443480523333,26.918988509205));
#2375 = CARTESIAN_POINT('',(2.469183679023,26.939737690628));
#2376 = CARTESIAN_POINT('',(2.495583788115,26.959477507886));
#2377 = CARTESIAN_POINT('',(2.52262702151,26.978176809673));
#2378 = CARTESIAN_POINT('',(2.550257287586,26.99581319332));
#2379 = CARTESIAN_POINT('',(2.612992148203,27.032704076995));
#2380 = CARTESIAN_POINT('',(2.648342556064,27.051398139437));
#2381 = CARTESIAN_POINT('',(2.684377297765,27.068442666428));
#2382 = CARTESIAN_POINT('',(2.72100453723,27.083837525225));
#2383 = CARTESIAN_POINT('',(2.758129432367,27.097591785335));
#2384 = CARTESIAN_POINT('',(2.795652385751,27.10972138174));
#2385 = CARTESIAN_POINT('',(2.876724069974,27.132286862424));
#2386 = CARTESIAN_POINT('',(2.920372438905,27.142230316785));
#2387 = CARTESIAN_POINT('',(2.964326455963,27.150128126118));
#2388 = CARTESIAN_POINT('',(3.008505891665,27.156020918499));
#2389 = CARTESIAN_POINT('',(3.05283206594,27.159937769053));
#2390 = CARTESIAN_POINT('',(3.097223680898,27.161895003862));
#2391 = CARTESIAN_POINT('',(3.171911300777,27.161895003862));
#2392 = CARTESIAN_POINT('',(3.202233333981,27.160981207921));
#2393 = CARTESIAN_POINT('',(3.232534161424,27.159153366565));
#2394 = CARTESIAN_POINT('',(3.262790153873,27.156407891991));
#2395 = CARTESIAN_POINT('',(3.292978028752,27.152737973302));
#2396 = CARTESIAN_POINT('',(3.323074234257,27.148133691735));
#2397 = CARTESIAN_POINT('',(3.367183154404,27.139965835734));
#2398 = CARTESIAN_POINT('',(3.381285240053,27.137139348169));
#2399 = CARTESIAN_POINT('',(3.395357577868,27.134101425877));
#2400 = CARTESIAN_POINT('',(3.409396966039,27.130850810607));
#2401 = CARTESIAN_POINT('',(3.423400013494,27.127386233181));
#2402 = CARTESIAN_POINT('',(3.437363139903,27.123706413494));
#2403 = CARTESIAN_POINT('',(3.488918674668,27.109274897373));
#2404 = CARTESIAN_POINT('',(3.526262897192,27.097149020531));
#2405 = CARTESIAN_POINT('',(3.563210444809,27.083412339214));
#2406 = CARTESIAN_POINT('',(3.59966290337,27.068049285707));
#2407 = CARTESIAN_POINT('',(3.635526538638,27.051051106234));
#2408 = CARTESIAN_POINT('',(3.670710591907,27.032418151838));
#2409 = CARTESIAN_POINT('',(3.734106482837,26.995104577245));
#2410 = CARTESIAN_POINT('',(3.762525891164,26.976905620704));
#2411 = CARTESIAN_POINT('',(3.790320817867,26.957581121458));
#2412 = CARTESIAN_POINT('',(3.817430296024,26.937155760842));
#2413 = CARTESIAN_POINT('',(3.843795878674,26.915664058449));
#2414 = CARTESIAN_POINT('',(3.869362142962,26.893151350876));
#2415 = CARTESIAN_POINT('',(3.92241068646,26.84276106923));
#2416 = CARTESIAN_POINT('',(3.94961050396,26.814594850499));
#2417 = CARTESIAN_POINT('',(3.975629163611,26.785237363419));
#2418 = CARTESIAN_POINT('',(4.000418783937,26.754762673435));
#2419 = CARTESIAN_POINT('',(4.023933422982,26.723258208966));
#2420 = CARTESIAN_POINT('',(4.04613141615,26.690825308058));
#2421 = CARTESIAN_POINT('',(4.119749949022,26.573418940999));
#2422 = CARTESIAN_POINT('',(4.163718169185,26.484276585533));
#2423 = CARTESIAN_POINT('',(4.198970759786,26.391166101172));
#2424 = CARTESIAN_POINT('',(4.225446600985,26.295114723691));
#2425 = CARTESIAN_POINT('',(4.243067495932,26.197183763955));
#2426 = CARTESIAN_POINT('',(4.251834988703,26.09845890614));
#2427 = CARTESIAN_POINT('',(4.251834988703,26.));
#2428 = ( GEOMETRIC_REPRESENTATION_CONTEXT(2) 
PARAMETRIC_REPRESENTATION_CONTEXT() REPRESENTATION_CONTEXT('2D SPACE',''
  ) );
#2429 = ADVANCED_FACE('',(#2430),#849,.F.);
#2430 = FACE_BOUND('',#2431,.T.);
#2431 = EDGE_LOOP('',(#2432,#2456,#2478));
#2432 = ORIENTED_EDGE('',*,*,#2433,.F.);
#2433 = EDGE_CURVE('',#2434,#833,#2436,.T.);
#2434 = VERTEX_POINT('',#2435);
#2435 = CARTESIAN_POINT('',(-3.,-3.5,-7.5));
#2436 = SURFACE_CURVE('',#2437,(#2442,#2449),.PCURVE_S1.);
#2437 = CIRCLE('',#2438,0.5);
#2438 = AXIS2_PLACEMENT_3D('',#2439,#2440,#2441);
#2439 = CARTESIAN_POINT('',(-3.,-4.,-7.5));
#2440 = DIRECTION('',(0.,0.,1.));
#2441 = DIRECTION('',(-1.,0.,0.));
#2442 = PCURVE('',#849,#2443);
#2443 = DEFINITIONAL_REPRESENTATION('',(#2444),#2448);
#2444 = LINE('',#2445,#2446);
#2445 = CARTESIAN_POINT('',(-0.,-6.28318530718));
#2446 = VECTOR('',#2447,1.);
#2447 = DIRECTION('',(-0.,1.));
#2448 = ( GEOMETRIC_REPRESENTATION_CONTEXT(2) 
PARAMETRIC_REPRESENTATION_CONTEXT() REPRESENTATION_CONTEXT('2D SPACE',''
  ) );
#2449 = PCURVE('',#924,#2450);
#2450 = DEFINITIONAL_REPRESENTATION('',(#2451),#2455);
#2451 = LINE('',#2452,#2453);
#2452 = CARTESIAN_POINT('',(-6.28318530718,17.5));
#2453 = VECTOR('',#2454,1.);
#2454 = DIRECTION('',(1.,-0.));
#2455 = ( GEOMETRIC_REPRESENTATION_CONTEXT(2) 
PARAMETRIC_REPRESENTATION_CONTEXT() REPRESENTATION_CONTEXT('2D SPACE',''
  ) );
#2456 = ORIENTED_EDGE('',*,*,#2457,.T.);
#2457 = EDGE_CURVE('',#2434,#810,#2458,.T.);
#2458 = SURFACE_CURVE('',#2459,(#2464,#2471),.PCURVE_S1.);
#2459 = CIRCLE('',#2460,0.5);
#2460 = AXIS2_PLACEMENT_3D('',#2461,#2462,#2463);
#2461 = CARTESIAN_POINT('',(-3.,-4.,-7.5));
#2462 = DIRECTION('',(1.,0.,6.123233995737E-17));
#2463 = DIRECTION('',(-6.123233995737E-17,0.,1.));
#2464 = PCURVE('',#849,#2465);
#2465 = DEFINITIONAL_REPRESENTATION('',(#2466),#2470);
#2466 = LINE('',#2467,#2468);
#2467 = CARTESIAN_POINT('',(-1.570796326795,-6.28318530718));
#2468 = VECTOR('',#2469,1.);
#2469 = DIRECTION('',(-0.,1.));
#2470 = ( GEOMETRIC_REPRESENTATION_CONTEXT(2) 
PARAMETRIC_REPRESENTATION_CONTEXT() REPRESENTATION_CONTEXT('2D SPACE',''
  ) );
#2471 = PCURVE('',#1692,#2472);
#2472 = DEFINITIONAL_REPRESENTATION('',(#2473),#2477);
#2473 = LINE('',#2474,#2475);
#2474 = CARTESIAN_POINT('',(-4.712388980385,0.5));
#2475 = VECTOR('',#2476,1.);
#2476 = DIRECTION('',(1.,0.));
#2477 = ( GEOMETRIC_REPRESENTATION_CONTEXT(2) 
PARAMETRIC_REPRESENTATION_CONTEXT() REPRESENTATION_CONTEXT('2D SPACE',''
  ) );
#2478 = ORIENTED_EDGE('',*,*,#832,.F.);
#2479 = ADVANCED_FACE('',(#2480),#924,.F.);
#2480 = FACE_BOUND('',#2481,.T.);
#2481 = EDGE_LOOP('',(#2482,#2483,#2507,#2533));
#2482 = ORIENTED_EDGE('',*,*,#910,.F.);
#2483 = ORIENTED_EDGE('',*,*,#2484,.T.);
#2484 = EDGE_CURVE('',#888,#2485,#2487,.T.);
#2485 = VERTEX_POINT('',#2486);
#2486 = CARTESIAN_POINT('',(-3.,-3.5,-24.5));
#2487 = SURFACE_CURVE('',#2488,(#2493,#2500),.PCURVE_S1.);
#2488 = CIRCLE('',#2489,0.5);
#2489 = AXIS2_PLACEMENT_3D('',#2490,#2491,#2492);
#2490 = CARTESIAN_POINT('',(-3.,-4.,-24.5));
#2491 = DIRECTION('',(-0.,0.,-1.));
#2492 = DIRECTION('',(-1.,2.22044604925E-16,0.));
#2493 = PCURVE('',#924,#2494);
#2494 = DEFINITIONAL_REPRESENTATION('',(#2495),#2499);
#2495 = LINE('',#2496,#2497);
#2496 = CARTESIAN_POINT('',(-0.,0.5));
#2497 = VECTOR('',#2498,1.);
#2498 = DIRECTION('',(-1.,0.));
#2499 = ( GEOMETRIC_REPRESENTATION_CONTEXT(2) 
PARAMETRIC_REPRESENTATION_CONTEXT() REPRESENTATION_CONTEXT('2D SPACE',''
  ) );
#2500 = PCURVE('',#1007,#2501);
#2501 = DEFINITIONAL_REPRESENTATION('',(#2502),#2506);
#2502 = LINE('',#2503,#2504);
#2503 = CARTESIAN_POINT('',(-0.,0.));
#2504 = VECTOR('',#2505,1.);
#2505 = DIRECTION('',(-1.,0.));
#2506 = ( GEOMETRIC_REPRESENTATION_CONTEXT(2) 
PARAMETRIC_REPRESENTATION_CONTEXT() REPRESENTATION_CONTEXT('2D SPACE',''
  ) );
#2507 = ORIENTED_EDGE('',*,*,#2508,.T.);
#2508 = EDGE_CURVE('',#2485,#2434,#2509,.T.);
#2509 = SURFACE_CURVE('',#2510,(#2514,#2521),.PCURVE_S1.);
#2510 = LINE('',#2511,#2512);
#2511 = CARTESIAN_POINT('',(-3.,-3.5,-25.));
#2512 = VECTOR('',#2513,1.);
#2513 = DIRECTION('',(0.,0.,1.));
#2514 = PCURVE('',#924,#2515);
#2515 = DEFINITIONAL_REPRESENTATION('',(#2516),#2520);
#2516 = LINE('',#2517,#2518);
#2517 = CARTESIAN_POINT('',(-1.570796326795,0.));
#2518 = VECTOR('',#2519,1.);
#2519 = DIRECTION('',(-0.,1.));
#2520 = ( GEOMETRIC_REPRESENTATION_CONTEXT(2) 
PARAMETRIC_REPRESENTATION_CONTEXT() REPRESENTATION_CONTEXT('2D SPACE',''
  ) );
#2521 = PCURVE('',#2522,#2527);
#2522 = PLANE('',#2523);
#2523 = AXIS2_PLACEMENT_3D('',#2524,#2525,#2526);
#2524 = CARTESIAN_POINT('',(-3.5,-3.5,-25.));
#2525 = DIRECTION('',(0.,1.,0.));
#2526 = DIRECTION('',(0.,0.,1.));
#2527 = DEFINITIONAL_REPRESENTATION('',(#2528),#2532);
#2528 = LINE('',#2529,#2530);
#2529 = CARTESIAN_POINT('',(0.,0.5));
#2530 = VECTOR('',#2531,1.);
#2531 = DIRECTION('',(1.,0.));
#2532 = ( GEOMETRIC_REPRESENTATION_CONTEXT(2) 
PARAMETRIC_REPRESENTATION_CONTEXT() REPRESENTATION_CONTEXT('2D SPACE',''
  ) );
#2533 = ORIENTED_EDGE('',*,*,#2433,.T.);
#2534 = ADVANCED_FACE('',(#2535),#1007,.F.);
#2535 = FACE_BOUND('',#2536,.T.);
#2536 = EDGE_LOOP('',(#2537,#2538,#2565));
#2537 = ORIENTED_EDGE('',*,*,#992,.F.);
#2538 = ORIENTED_EDGE('',*,*,#2539,.T.);
#2539 = EDGE_CURVE('',#965,#2485,#2540,.T.);
#2540 = SURFACE_CURVE('',#2541,(#2546,#2553),.PCURVE_S1.);
#2541 = CIRCLE('',#2542,0.5);
#2542 = AXIS2_PLACEMENT_3D('',#2543,#2544,#2545);
#2543 = CARTESIAN_POINT('',(-3.,-4.,-24.5));
#2544 = DIRECTION('',(1.,6.123233995737E-17,-0.));
#2545 = DIRECTION('',(-6.123233995737E-17,1.,0.));
#2546 = PCURVE('',#1007,#2547);
#2547 = DEFINITIONAL_REPRESENTATION('',(#2548),#2552);
#2548 = LINE('',#2549,#2550);
#2549 = CARTESIAN_POINT('',(-1.570796326795,-6.28318530718));
#2550 = VECTOR('',#2551,1.);
#2551 = DIRECTION('',(-0.,1.));
#2552 = ( GEOMETRIC_REPRESENTATION_CONTEXT(2) 
PARAMETRIC_REPRESENTATION_CONTEXT() REPRESENTATION_CONTEXT('2D SPACE',''
  ) );
#2553 = PCURVE('',#2554,#2559);
#2554 = CYLINDRICAL_SURFACE('',#2555,0.5);
#2555 = AXIS2_PLACEMENT_3D('',#2556,#2557,#2558);
#2556 = CARTESIAN_POINT('',(-3.5,-4.,-24.5));
#2557 = DIRECTION('',(1.,0.,0.));
#2558 = DIRECTION('',(-0.,1.,0.));
#2559 = DEFINITIONAL_REPRESENTATION('',(#2560),#2564);
#2560 = LINE('',#2561,#2562);
#2561 = CARTESIAN_POINT('',(-6.28318530718,0.5));
#2562 = VECTOR('',#2563,1.);
#2563 = DIRECTION('',(1.,-0.));
#2564 = ( GEOMETRIC_REPRESENTATION_CONTEXT(2) 
PARAMETRIC_REPRESENTATION_CONTEXT() REPRESENTATION_CONTEXT('2D SPACE',''
  ) );
#2565 = ORIENTED_EDGE('',*,*,#2484,.F.);
#2566 = ADVANCED_FACE('',(#2567),#980,.T.);
#2567 = FACE_BOUND('',#2568,.T.);
#2568 = EDGE_LOOP('',(#2569,#2570,#2571,#2594));
#2569 = ORIENTED_EDGE('',*,*,#964,.F.);
#2570 = ORIENTED_EDGE('',*,*,#1054,.T.);
#2571 = ORIENTED_EDGE('',*,*,#2572,.T.);
#2572 = EDGE_CURVE('',#1055,#2573,#2575,.T.);
#2573 = VERTEX_POINT('',#2574);
#2574 = CARTESIAN_POINT('',(3.,-4.,-25.));
#2575 = SURFACE_CURVE('',#2576,(#2580,#2587),.PCURVE_S1.);
#2576 = LINE('',#2577,#2578);
#2577 = CARTESIAN_POINT('',(3.,-5.5,-25.));
#2578 = VECTOR('',#2579,1.);
#2579 = DIRECTION('',(0.,1.,0.));
#2580 = PCURVE('',#980,#2581);
#2581 = DEFINITIONAL_REPRESENTATION('',(#2582),#2586);
#2582 = LINE('',#2583,#2584);
#2583 = CARTESIAN_POINT('',(6.5,0.));
#2584 = VECTOR('',#2585,1.);
#2585 = DIRECTION('',(0.,1.));
#2586 = ( GEOMETRIC_REPRESENTATION_CONTEXT(2) 
PARAMETRIC_REPRESENTATION_CONTEXT() REPRESENTATION_CONTEXT('2D SPACE',''
  ) );
#2587 = PCURVE('',#1092,#2588);
#2588 = DEFINITIONAL_REPRESENTATION('',(#2589),#2593);
#2589 = LINE('',#2590,#2591);
#2590 = CARTESIAN_POINT('',(1.570796326795,0.));
#2591 = VECTOR('',#2592,1.);
#2592 = DIRECTION('',(0.,1.));
#2593 = ( GEOMETRIC_REPRESENTATION_CONTEXT(2) 
PARAMETRIC_REPRESENTATION_CONTEXT() REPRESENTATION_CONTEXT('2D SPACE',''
  ) );
#2594 = ORIENTED_EDGE('',*,*,#2595,.F.);
#2595 = EDGE_CURVE('',#965,#2573,#2596,.T.);
#2596 = SURFACE_CURVE('',#2597,(#2601,#2608),.PCURVE_S1.);
#2597 = LINE('',#2598,#2599);
#2598 = CARTESIAN_POINT('',(-3.5,-4.,-25.));
#2599 = VECTOR('',#2600,1.);
#2600 = DIRECTION('',(1.,0.,0.));
#2601 = PCURVE('',#980,#2602);
#2602 = DEFINITIONAL_REPRESENTATION('',(#2603),#2607);
#2603 = LINE('',#2604,#2605);
#2604 = CARTESIAN_POINT('',(0.,1.5));
#2605 = VECTOR('',#2606,1.);
#2606 = DIRECTION('',(1.,0.));
#2607 = ( GEOMETRIC_REPRESENTATION_CONTEXT(2) 
PARAMETRIC_REPRESENTATION_CONTEXT() REPRESENTATION_CONTEXT('2D SPACE',''
  ) );
#2608 = PCURVE('',#2554,#2609);
#2609 = DEFINITIONAL_REPRESENTATION('',(#2610),#2614);
#2610 = LINE('',#2611,#2612);
#2611 = CARTESIAN_POINT('',(-1.570796326795,0.));
#2612 = VECTOR('',#2613,1.);
#2613 = DIRECTION('',(-0.,1.));
#2614 = ( GEOMETRIC_REPRESENTATION_CONTEXT(2) 
PARAMETRIC_REPRESENTATION_CONTEXT() REPRESENTATION_CONTEXT('2D SPACE',''
  ) );
#2615 = ADVANCED_FACE('',(#2616),#1040,.T.);
#2616 = FACE_BOUND('',#2617,.T.);
#2617 = EDGE_LOOP('',(#2618,#2619,#2620,#2642,#2643,#2811));
#2618 = ORIENTED_EDGE('',*,*,#1205,.F.);
#2619 = ORIENTED_EDGE('',*,*,#1232,.T.);
#2620 = ORIENTED_EDGE('',*,*,#2621,.T.);
#2621 = EDGE_CURVE('',#1233,#1105,#2622,.T.);
#2622 = SURFACE_CURVE('',#2623,(#2628,#2635),.PCURVE_S1.);
#2623 = CIRCLE('',#2624,2.25);
#2624 = AXIS2_PLACEMENT_3D('',#2625,#2626,#2627);
#2625 = CARTESIAN_POINT('',(3.25,-2.25,-28.25));
#2626 = DIRECTION('',(-1.,-2.832769448824E-16,0.));
#2627 = DIRECTION('',(2.832769448824E-16,-1.,-0.));
#2628 = PCURVE('',#1040,#2629);
#2629 = DEFINITIONAL_REPRESENTATION('',(#2630),#2634);
#2630 = LINE('',#2631,#2632);
#2631 = CARTESIAN_POINT('',(6.28318530718,8.75));
#2632 = VECTOR('',#2633,1.);
#2633 = DIRECTION('',(-1.,-0.));
#2634 = ( GEOMETRIC_REPRESENTATION_CONTEXT(2) 
PARAMETRIC_REPRESENTATION_CONTEXT() REPRESENTATION_CONTEXT('2D SPACE',''
  ) );
#2635 = PCURVE('',#1850,#2636);
#2636 = DEFINITIONAL_REPRESENTATION('',(#2637),#2641);
#2637 = LINE('',#2638,#2639);
#2638 = CARTESIAN_POINT('',(-1.570796326795,-6.28318530718));
#2639 = VECTOR('',#2640,1.);
#2640 = DIRECTION('',(-0.,1.));
#2641 = ( GEOMETRIC_REPRESENTATION_CONTEXT(2) 
PARAMETRIC_REPRESENTATION_CONTEXT() REPRESENTATION_CONTEXT('2D SPACE',''
  ) );
#2642 = ORIENTED_EDGE('',*,*,#1127,.F.);
#2643 = ORIENTED_EDGE('',*,*,#2644,.T.);
#2644 = EDGE_CURVE('',#1128,#1025,#2645,.T.);
#2645 = SURFACE_CURVE('',#2646,(#2699,#2755),.PCURVE_S1.);
#2646 = B_SPLINE_CURVE_WITH_KNOTS('',6,(#2647,#2648,#2649,#2650,#2651,
    #2652,#2653,#2654,#2655,#2656,#2657,#2658,#2659,#2660,#2661,#2662,
    #2663,#2664,#2665,#2666,#2667,#2668,#2669,#2670,#2671,#2672,#2673,
    #2674,#2675,#2676,#2677,#2678,#2679,#2680,#2681,#2682,#2683,#2684,
    #2685,#2686,#2687,#2688,#2689,#2690,#2691,#2692,#2693,#2694,#2695,
    #2696,#2697,#2698),.UNSPECIFIED.,.F.,.F.,(7,5,5,5,5,5,5,5,5,5,7),(0.
    ,0.103863115267,0.157229293093,0.284100736451,0.392189377105,
    0.500046334144,0.606420283327,0.71593591661,0.841417866886,
    0.895680234578,1.),.UNSPECIFIED.);
#2647 = CARTESIAN_POINT('',(1.580348062928,-4.5,-28.25));
#2648 = CARTESIAN_POINT('',(1.566223824654,-4.5,-28.33928485038));
#2649 = CARTESIAN_POINT('',(1.546171089736,-4.495748338774,
    -28.42682391828));
#2650 = CARTESIAN_POINT('',(1.520502339304,-4.48755705413,
    -28.51194032286));
#2651 = CARTESIAN_POINT('',(1.48967123958,-4.475881341184,
    -28.59399413834));
#2652 = CARTESIAN_POINT('',(1.454278239492,-4.461305831686,
    -28.67240226403));
#2653 = CARTESIAN_POINT('',(1.394962287612,-4.435863379006,
    -28.78481936821));
#2654 = CARTESIAN_POINT('',(1.373792873482,-4.426623210563,
    -28.8219489303));
#2655 = CARTESIAN_POINT('',(1.351651389762,-4.416850931582,
    -28.85803976279));
#2656 = CARTESIAN_POINT('',(1.328599742412,-4.406617348685,
    -28.89308247341));
#2657 = CARTESIAN_POINT('',(1.30469719706,-4.39599159922,-28.92707037683
    ));
#2658 = CARTESIAN_POINT('',(1.221286768964,-4.359007824631,
    -29.03828437243));
#2659 = CARTESIAN_POINT('',(1.158080470499,-4.331137579175,
    -29.11058970135));
#2660 = CARTESIAN_POINT('',(1.091018352968,-4.302279823539,
    -29.17702416728));
#2661 = CARTESIAN_POINT('',(1.020574100197,-4.273191013181,
    -29.23771818866));
#2662 = CARTESIAN_POINT('',(0.947089909564,-4.244569421347,
    -29.29278331361));
#2663 = CARTESIAN_POINT('',(0.805819671697,-4.193678628987,
    -29.38443337811));
#2664 = CARTESIAN_POINT('',(0.738753522076,-4.171079386528,
    -29.42257802385));
#2665 = CARTESIAN_POINT('',(0.669834921544,-4.149739421145,
    -29.45667440128));
#2666 = CARTESIAN_POINT('',(0.599255151333,-4.130091011737,
    -29.48669457653));
#2667 = CARTESIAN_POINT('',(0.527173918082,-4.112537100655,
    -29.51259865505));
#2668 = CARTESIAN_POINT('',(0.380426878459,-4.082369099394,
    -29.55599398996));
#2669 = CARTESIAN_POINT('',(0.30573271945,-4.069737332235,
    -29.57351316896));
#2670 = CARTESIAN_POINT('',(0.230020524069,-4.059954065929,
    -29.58672793886));
#2671 = CARTESIAN_POINT('',(0.153625699352,-4.053322352603,
    -29.59557018893));
#2672 = CARTESIAN_POINT('',(7.685342154582E-02,-4.05,-29.6));
#2673 = CARTESIAN_POINT('',(-7.579670503044E-02,-4.05,-29.6));
#2674 = CARTESIAN_POINT('',(-0.151517281587,-4.053231619343,
    -29.59569116739));
#2675 = CARTESIAN_POINT('',(-0.226875668255,-4.059682832707,
    -29.58708958035));
#2676 = CARTESIAN_POINT('',(-0.301577578191,-4.069204116738,
    -29.57423330512));
#2677 = CARTESIAN_POINT('',(-0.375300368793,-4.081507994734,
    -29.55718756489));
#2678 = CARTESIAN_POINT('',(-0.52219343803,-4.111330408363,
    -29.51437715431));
#2679 = CARTESIAN_POINT('',(-0.595311681063,-4.128998173181,
    -29.48836162562));
#2680 = CARTESIAN_POINT('',(-0.66689708304,-4.14883399932,
    -29.45811789265));
#2681 = CARTESIAN_POINT('',(-0.736783104936,-4.170419352886,
    -29.42368791078));
#2682 = CARTESIAN_POINT('',(-0.804769956236,-4.193304259903,
    -29.38510140291));
#2683 = CARTESIAN_POINT('',(-0.946074948384,-4.244199477853,
    -29.29345661622));
#2684 = CARTESIAN_POINT('',(-1.018791365897,-4.272494312659,
    -29.23906564175));
#2685 = CARTESIAN_POINT('',(-1.088536750813,-4.301254389988,
    -29.17916920653));
#2686 = CARTESIAN_POINT('',(-1.154981473826,-4.329804483579,
    -29.11366011939));
#2687 = CARTESIAN_POINT('',(-1.21767064701,-4.35741419371,
    -29.04241222219));
#2688 = CARTESIAN_POINT('',(-1.301214643281,-4.394443692941,
    -28.93198065907));
#2689 = CARTESIAN_POINT('',(-1.325620078344,-4.405293988444,
    -28.89754832012));
#2690 = CARTESIAN_POINT('',(-1.349151104698,-4.415745220483,
    -28.86202519303));
#2691 = CARTESIAN_POINT('',(-1.371745803414,-4.425724917226,
    -28.82541788482));
#2692 = CARTESIAN_POINT('',(-1.39333938292,-4.435158791221,
    -28.78773584735));
#2693 = CARTESIAN_POINT('',(-1.45332323695,-4.460911768794,
    -28.67450487421));
#2694 = CARTESIAN_POINT('',(-1.489019871702,-4.475635011352,
    -28.59573696089));
#2695 = CARTESIAN_POINT('',(-1.52012061056,-4.487438110152,
    -28.5132367959));
#2696 = CARTESIAN_POINT('',(-1.545990536979,-4.495713350572,
    -28.42764227436));
#2697 = CARTESIAN_POINT('',(-1.566165790051,-4.5,-28.33965170987));
#2698 = CARTESIAN_POINT('',(-1.580348062928,-4.5,-28.25));
#2699 = PCURVE('',#1040,#2700);
#2700 = DEFINITIONAL_REPRESENTATION('',(#2701),#2754);
#2701 = B_SPLINE_CURVE_WITH_KNOTS('',6,(#2702,#2703,#2704,#2705,#2706,
    #2707,#2708,#2709,#2710,#2711,#2712,#2713,#2714,#2715,#2716,#2717,
    #2718,#2719,#2720,#2721,#2722,#2723,#2724,#2725,#2726,#2727,#2728,
    #2729,#2730,#2731,#2732,#2733,#2734,#2735,#2736,#2737,#2738,#2739,
    #2740,#2741,#2742,#2743,#2744,#2745,#2746,#2747,#2748,#2749,#2750,
    #2751,#2752,#2753),.UNSPECIFIED.,.F.,.F.,(7,5,5,5,5,5,5,5,5,5,7),(0.
    ,0.103863115267,0.157229293093,0.284100736451,0.392189377105,
    0.500046334144,0.606420283327,0.71593591661,0.841417866886,
    0.895680234578,1.),.UNSPECIFIED.);
#2702 = CARTESIAN_POINT('',(0.,7.080348062928));
#2703 = CARTESIAN_POINT('',(3.968215572702E-02,7.066223824654));
#2704 = CARTESIAN_POINT('',(7.858842113045E-02,7.046171089736));
#2705 = CARTESIAN_POINT('',(0.116530348228,7.020502339304));
#2706 = CARTESIAN_POINT('',(0.153314300789,6.98967123958));
#2707 = CARTESIAN_POINT('',(0.188732714837,6.954278239492));
#2708 = CARTESIAN_POINT('',(0.239959489688,6.894962287612));
#2709 = CARTESIAN_POINT('',(0.256961022186,6.873792873482));
#2710 = CARTESIAN_POINT('',(0.2735738632,6.851651389762));
#2711 = CARTESIAN_POINT('',(0.289794444225,6.828599742412));
#2712 = CARTESIAN_POINT('',(0.305618652151,6.80469719706));
#2713 = CARTESIAN_POINT('',(0.35770851259,6.721286768964));
#2714 = CARTESIAN_POINT('',(0.392111174876,6.658080470499));
#2715 = CARTESIAN_POINT('',(0.424264488966,6.591018352968));
#2716 = CARTESIAN_POINT('',(0.454152990663,6.520574100197));
#2717 = CARTESIAN_POINT('',(0.48172431749,6.447089909564));
#2718 = CARTESIAN_POINT('',(0.528316018271,6.305819671697));
#2719 = CARTESIAN_POINT('',(0.548013461884,6.238753522076));
#2720 = CARTESIAN_POINT('',(0.565884047223,6.169834921544));
#2721 = CARTESIAN_POINT('',(0.581826725807,6.099255151333));
#2722 = CARTESIAN_POINT('',(0.595733110013,6.027173918082));
#2723 = CARTESIAN_POINT('',(0.619222591312,5.880426878459));
#2724 = CARTESIAN_POINT('',(0.628820366443,5.80573271945));
#2725 = CARTESIAN_POINT('',(0.636127695126,5.730020524069));
#2726 = CARTESIAN_POINT('',(0.641040115311,5.653625699352));
#2727 = CARTESIAN_POINT('',(0.643501108793,5.576853421546));
#2728 = CARTESIAN_POINT('',(0.643501108793,5.42420329497));
#2729 = CARTESIAN_POINT('',(0.641107324324,5.348482718413));
#2730 = CARTESIAN_POINT('',(0.636328611644,5.273124331745));
#2731 = CARTESIAN_POINT('',(0.629218597153,5.198422421809));
#2732 = CARTESIAN_POINT('',(0.61987661905,5.124699631207));
#2733 = CARTESIAN_POINT('',(0.596688254114,4.97780656197));
#2734 = CARTESIAN_POINT('',(0.582712466435,4.904688318937));
#2735 = CARTESIAN_POINT('',(0.566641083319,4.83310291696));
#2736 = CARTESIAN_POINT('',(0.548587159738,4.763216895064));
#2737 = CARTESIAN_POINT('',(0.528656359559,4.695230043764));
#2738 = CARTESIAN_POINT('',(0.482065754588,4.553925051616));
#2739 = CARTESIAN_POINT('',(0.454826903032,4.481208634103));
#2740 = CARTESIAN_POINT('',(0.425320328053,4.411463249187));
#2741 = CARTESIAN_POINT('',(0.393597172033,4.345018526174));
#2742 = CARTESIAN_POINT('',(0.359672994078,4.28232935299));
#2743 = CARTESIAN_POINT('',(0.307906540481,4.198785356719));
#2744 = CARTESIAN_POINT('',(0.291864080776,4.174379921656));
#2745 = CARTESIAN_POINT('',(0.275411585321,4.150848895302));
#2746 = CARTESIAN_POINT('',(0.258553296347,4.128254196586));
#2747 = CARTESIAN_POINT('',(0.241292863433,4.10666061708));
#2748 = CARTESIAN_POINT('',(0.189682798127,4.04667676305));
#2749 = CARTESIAN_POINT('',(0.1540953713,4.010980128298));
#2750 = CARTESIAN_POINT('',(0.117107952224,3.97987938944));
#2751 = CARTESIAN_POINT('',(7.895212865132E-02,3.954009463021));
#2752 = CARTESIAN_POINT('',(3.984520438978E-02,3.933834209949));
#2753 = CARTESIAN_POINT('',(0.,3.919651937072));
#2754 = ( GEOMETRIC_REPRESENTATION_CONTEXT(2) 
PARAMETRIC_REPRESENTATION_CONTEXT() REPRESENTATION_CONTEXT('2D SPACE',''
  ) );
#2755 = PCURVE('',#1167,#2756);
#2756 = DEFINITIONAL_REPRESENTATION('',(#2757),#2810);
#2757 = B_SPLINE_CURVE_WITH_KNOTS('',6,(#2758,#2759,#2760,#2761,#2762,
    #2763,#2764,#2765,#2766,#2767,#2768,#2769,#2770,#2771,#2772,#2773,
    #2774,#2775,#2776,#2777,#2778,#2779,#2780,#2781,#2782,#2783,#2784,
    #2785,#2786,#2787,#2788,#2789,#2790,#2791,#2792,#2793,#2794,#2795,
    #2796,#2797,#2798,#2799,#2800,#2801,#2802,#2803,#2804,#2805,#2806,
    #2807,#2808,#2809),.UNSPECIFIED.,.F.,.F.,(7,5,5,5,5,5,5,5,5,5,7),(0.
    ,0.103863115267,0.157229293093,0.284100736451,0.392189377105,
    0.500046334144,0.606420283327,0.71593591661,0.841417866886,
    0.895680234578,1.),.UNSPECIFIED.);
#2758 = CARTESIAN_POINT('',(1.727689197815,2.));
#2759 = CARTESIAN_POINT('',(1.784186150911,2.));
#2760 = CARTESIAN_POINT('',(1.840184333861,2.004251661226));
#2761 = CARTESIAN_POINT('',(1.895560063219,2.01244294587));
#2762 = CARTESIAN_POINT('',(1.950169620898,2.024118658816));
#2763 = CARTESIAN_POINT('',(2.003834298902,2.038694168314));
#2764 = CARTESIAN_POINT('',(2.083275677301,2.064136620994));
#2765 = CARTESIAN_POINT('',(2.109974307342,2.073376789437));
#2766 = CARTESIAN_POINT('',(2.136417396327,2.083149068418));
#2767 = CARTESIAN_POINT('',(2.162613693861,2.093382651315));
#2768 = CARTESIAN_POINT('',(2.188571175109,2.10400840078));
#2769 = CARTESIAN_POINT('',(2.275457083444,2.140992175369));
#2770 = CARTESIAN_POINT('',(2.335312330332,2.168862420825));
#2771 = CARTESIAN_POINT('',(2.394088932319,2.197720176461));
#2772 = CARTESIAN_POINT('',(2.452001050614,2.226808986819));
#2773 = CARTESIAN_POINT('',(2.509261384534,2.255430578653));
#2774 = CARTESIAN_POINT('',(2.614508516379,2.306321371013));
#2775 = CARTESIAN_POINT('',(2.662648136112,2.328920613472));
#2776 = CARTESIAN_POINT('',(2.710586612876,2.350260578855));
#2777 = CARTESIAN_POINT('',(2.758405990495,2.369908988263));
#2778 = CARTESIAN_POINT('',(2.806198617034,2.387462899345));
#2779 = CARTESIAN_POINT('',(2.901841688712,2.417630900606));
#2780 = CARTESIAN_POINT('',(2.949714139919,2.430262667765));
#2781 = CARTESIAN_POINT('',(2.99763023364,2.440045934071));
#2782 = CARTESIAN_POINT('',(3.04557662067,2.446677647397));
#2783 = CARTESIAN_POINT('',(3.093559265124,2.45));
#2784 = CARTESIAN_POINT('',(3.188965594234,2.45));
#2785 = CARTESIAN_POINT('',(3.236290927835,2.446768380657));
#2786 = CARTESIAN_POINT('',(3.283581413624,2.440317167293));
#2787 = CARTESIAN_POINT('',(3.330841945484,2.430795883262));
#2788 = CARTESIAN_POINT('',(3.378059159181,2.418492005266));
#2789 = CARTESIAN_POINT('',(3.473686824675,2.388669591637));
#2790 = CARTESIAN_POINT('',(3.522109998233,2.371001826819));
#2791 = CARTESIAN_POINT('',(3.570557889036,2.35116600068));
#2792 = CARTESIAN_POINT('',(3.619126102263,2.329580647114));
#2793 = CARTESIAN_POINT('',(3.667899163479,2.306695740097));
#2794 = CARTESIAN_POINT('',(3.773162723571,2.255800522147));
#2795 = CARTESIAN_POINT('',(3.829790672921,2.227505687341));
#2796 = CARTESIAN_POINT('',(3.887053211135,2.198745610012));
#2797 = CARTESIAN_POINT('',(3.945156362652,2.170195516421));
#2798 = CARTESIAN_POINT('',(4.004307717932,2.14258580629));
#2799 = CARTESIAN_POINT('',(4.090853247511,2.105556307059));
#2800 = CARTESIAN_POINT('',(4.117218360536,2.094706011556));
#2801 = CARTESIAN_POINT('',(4.143829378959,2.084254779517));
#2802 = CARTESIAN_POINT('',(4.170694838864,2.074275082774));
#2803 = CARTESIAN_POINT('',(4.197824100424,2.064841208779));
#2804 = CARTESIAN_POINT('',(4.27791027477,2.039088231206));
#2805 = CARTESIAN_POINT('',(4.331856978722,2.024364988648));
#2806 = CARTESIAN_POINT('',(4.386783609576,2.012561889848));
#2807 = CARTESIAN_POINT('',(4.442478144445,2.004286649428));
#2808 = CARTESIAN_POINT('',(4.498767017856,2.));
#2809 = CARTESIAN_POINT('',(4.555496109364,2.));
#2810 = ( GEOMETRIC_REPRESENTATION_CONTEXT(2) 
PARAMETRIC_REPRESENTATION_CONTEXT() REPRESENTATION_CONTEXT('2D SPACE',''
  ) );
#2811 = ORIENTED_EDGE('',*,*,#1024,.F.);
#2812 = ADVANCED_FACE('',(#2813,#3010),#1167,.F.);
#2813 = FACE_BOUND('',#2814,.F.);
#2814 = EDGE_LOOP('',(#2815,#2836,#2837,#3005,#3006,#3007,#3008,#3009));
#2815 = ORIENTED_EDGE('',*,*,#2816,.T.);
#2816 = EDGE_CURVE('',#1151,#1546,#2817,.T.);
#2817 = SEAM_CURVE('',#2818,(#2822,#2829),.PCURVE_S1.);
#2818 = LINE('',#2819,#2820);
#2819 = CARTESIAN_POINT('',(-3.918869757272E-16,-6.5,-26.4));
#2820 = VECTOR('',#2821,1.);
#2821 = DIRECTION('',(0.,1.,0.));
#2822 = PCURVE('',#1167,#2823);
#2823 = DEFINITIONAL_REPRESENTATION('',(#2824),#2828);
#2824 = LINE('',#2825,#2826);
#2825 = CARTESIAN_POINT('',(6.28318530718,-0.));
#2826 = VECTOR('',#2827,1.);
#2827 = DIRECTION('',(0.,1.));
#2828 = ( GEOMETRIC_REPRESENTATION_CONTEXT(2) 
PARAMETRIC_REPRESENTATION_CONTEXT() REPRESENTATION_CONTEXT('2D SPACE',''
  ) );
#2829 = PCURVE('',#1167,#2830);
#2830 = DEFINITIONAL_REPRESENTATION('',(#2831),#2835);
#2831 = LINE('',#2832,#2833);
#2832 = CARTESIAN_POINT('',(0.,-0.));
#2833 = VECTOR('',#2834,1.);
#2834 = DIRECTION('',(0.,1.));
#2835 = ( GEOMETRIC_REPRESENTATION_CONTEXT(2) 
PARAMETRIC_REPRESENTATION_CONTEXT() REPRESENTATION_CONTEXT('2D SPACE',''
  ) );
#2836 = ORIENTED_EDGE('',*,*,#1569,.F.);
#2837 = ORIENTED_EDGE('',*,*,#2838,.F.);
#2838 = EDGE_CURVE('',#1523,#1448,#2839,.T.);
#2839 = SURFACE_CURVE('',#2840,(#2893,#2949),.PCURVE_S1.);
#2840 = B_SPLINE_CURVE_WITH_KNOTS('',6,(#2841,#2842,#2843,#2844,#2845,
    #2846,#2847,#2848,#2849,#2850,#2851,#2852,#2853,#2854,#2855,#2856,
    #2857,#2858,#2859,#2860,#2861,#2862,#2863,#2864,#2865,#2866,#2867,
    #2868,#2869,#2870,#2871,#2872,#2873,#2874,#2875,#2876,#2877,#2878,
    #2879,#2880,#2881,#2882,#2883,#2884,#2885,#2886,#2887,#2888,#2889,
    #2890,#2891,#2892),.UNSPECIFIED.,.F.,.F.,(7,5,5,5,5,5,5,5,5,5,7),(0.
    ,0.103863106356,0.15722928239,0.284100727359,0.392189369387,
    0.500046327795,0.60642027833,0.715935913003,0.841417864873,
    0.895680233253,1.),.UNSPECIFIED.);
#2841 = CARTESIAN_POINT('',(1.580348062928,4.5,-28.25));
#2842 = CARTESIAN_POINT('',(1.566223824654,4.5,-28.33928485038));
#2843 = CARTESIAN_POINT('',(1.546171089736,4.495748338774,
    -28.42682391828));
#2844 = CARTESIAN_POINT('',(1.520502339304,4.48755705413,-28.51194032286
    ));
#2845 = CARTESIAN_POINT('',(1.48967123958,4.475881341184,-28.59399413834
    ));
#2846 = CARTESIAN_POINT('',(1.454278239492,4.461305831686,
    -28.67240226403));
#2847 = CARTESIAN_POINT('',(1.39496228656,4.435863378555,-28.78481937021
    ));
#2848 = CARTESIAN_POINT('',(1.373792873804,4.426623210711,
    -28.82194893005));
#2849 = CARTESIAN_POINT('',(1.351651390849,4.416850932057,
    -28.85803976107));
#2850 = CARTESIAN_POINT('',(1.328599742662,4.406617348788,
    -28.89308247278));
#2851 = CARTESIAN_POINT('',(1.304697195917,4.395991598713,
    -28.92707037836));
#2852 = CARTESIAN_POINT('',(1.221286768964,4.359007824631,
    -29.03828437243));
#2853 = CARTESIAN_POINT('',(1.158080470499,4.331137579175,
    -29.11058970135));
#2854 = CARTESIAN_POINT('',(1.091018352968,4.302279823539,
    -29.17702416728));
#2855 = CARTESIAN_POINT('',(1.020574100197,4.273191013181,
    -29.23771818866));
#2856 = CARTESIAN_POINT('',(0.947089909564,4.244569421347,
    -29.29278331361));
#2857 = CARTESIAN_POINT('',(0.805819671697,4.193678628987,
    -29.38443337811));
#2858 = CARTESIAN_POINT('',(0.738753522076,4.171079386528,
    -29.42257802385));
#2859 = CARTESIAN_POINT('',(0.669834921544,4.149739421145,
    -29.45667440128));
#2860 = CARTESIAN_POINT('',(0.599255151333,4.130091011737,
    -29.48669457653));
#2861 = CARTESIAN_POINT('',(0.527173918082,4.112537100655,
    -29.51259865505));
#2862 = CARTESIAN_POINT('',(0.380426878459,4.082369099394,
    -29.55599398996));
#2863 = CARTESIAN_POINT('',(0.30573271945,4.069737332235,-29.57351316896
    ));
#2864 = CARTESIAN_POINT('',(0.230020524069,4.059954065929,
    -29.58672793886));
#2865 = CARTESIAN_POINT('',(0.153625699352,4.053322352603,
    -29.59557018893));
#2866 = CARTESIAN_POINT('',(7.685342154599E-02,4.05,-29.6));
#2867 = CARTESIAN_POINT('',(-7.579670503041E-02,4.05,-29.6));
#2868 = CARTESIAN_POINT('',(-0.151517281587,4.053231619343,
    -29.59569116739));
#2869 = CARTESIAN_POINT('',(-0.226875668255,4.059682832707,
    -29.58708958035));
#2870 = CARTESIAN_POINT('',(-0.301577578191,4.069204116738,
    -29.57423330512));
#2871 = CARTESIAN_POINT('',(-0.375300368793,4.081507994734,
    -29.55718756489));
#2872 = CARTESIAN_POINT('',(-0.52219343803,4.111330408363,
    -29.51437715431));
#2873 = CARTESIAN_POINT('',(-0.595311681063,4.128998173181,
    -29.48836162562));
#2874 = CARTESIAN_POINT('',(-0.66689708304,4.14883399932,-29.45811789265
    ));
#2875 = CARTESIAN_POINT('',(-0.736783104936,4.170419352886,
    -29.42368791078));
#2876 = CARTESIAN_POINT('',(-0.804769956236,4.193304259903,
    -29.38510140291));
#2877 = CARTESIAN_POINT('',(-0.946074948384,4.244199477853,
    -29.29345661622));
#2878 = CARTESIAN_POINT('',(-1.018791365897,4.272494312659,
    -29.23906564175));
#2879 = CARTESIAN_POINT('',(-1.088536750813,4.301254389988,
    -29.17916920653));
#2880 = CARTESIAN_POINT('',(-1.154981473826,4.329804483579,
    -29.11366011939));
#2881 = CARTESIAN_POINT('',(-1.21767064701,4.35741419371,-29.04241222219
    ));
#2882 = CARTESIAN_POINT('',(-1.301214643281,4.394443692941,
    -28.93198065907));
#2883 = CARTESIAN_POINT('',(-1.325620078344,4.405293988444,
    -28.89754832012));
#2884 = CARTESIAN_POINT('',(-1.349151104698,4.415745220483,
    -28.86202519303));
#2885 = CARTESIAN_POINT('',(-1.371745803414,4.425724917226,
    -28.82541788482));
#2886 = CARTESIAN_POINT('',(-1.39333938292,4.435158791221,
    -28.78773584735));
#2887 = CARTESIAN_POINT('',(-1.45332323695,4.460911768794,
    -28.67450487421));
#2888 = CARTESIAN_POINT('',(-1.489019871702,4.475635011352,
    -28.59573696089));
#2889 = CARTESIAN_POINT('',(-1.52012061056,4.487438110152,-28.5132367959
    ));
#2890 = CARTESIAN_POINT('',(-1.545990536979,4.495713350572,
    -28.42764227436));
#2891 = CARTESIAN_POINT('',(-1.566165790051,4.5,-28.33965170987));
#2892 = CARTESIAN_POINT('',(-1.580348062928,4.5,-28.25));
#2893 = PCURVE('',#1167,#2894);
#2894 = DEFINITIONAL_REPRESENTATION('',(#2895),#2948);
#2895 = B_SPLINE_CURVE_WITH_KNOTS('',6,(#2896,#2897,#2898,#2899,#2900,
    #2901,#2902,#2903,#2904,#2905,#2906,#2907,#2908,#2909,#2910,#2911,
    #2912,#2913,#2914,#2915,#2916,#2917,#2918,#2919,#2920,#2921,#2922,
    #2923,#2924,#2925,#2926,#2927,#2928,#2929,#2930,#2931,#2932,#2933,
    #2934,#2935,#2936,#2937,#2938,#2939,#2940,#2941,#2942,#2943,#2944,
    #2945,#2946,#2947),.UNSPECIFIED.,.F.,.F.,(7,5,5,5,5,5,5,5,5,5,7),(0.
    ,0.103863106356,0.15722928239,0.284100727359,0.392189369387,
    0.500046327795,0.60642027833,0.715935913003,0.841417864873,
    0.895680233253,1.),.UNSPECIFIED.);
#2896 = CARTESIAN_POINT('',(1.727689197815,11.));
#2897 = CARTESIAN_POINT('',(1.784186150911,11.));
#2898 = CARTESIAN_POINT('',(1.840184333861,10.995748338774));
#2899 = CARTESIAN_POINT('',(1.895560063219,10.98755705413));
#2900 = CARTESIAN_POINT('',(1.950169620898,10.975881341184));
#2901 = CARTESIAN_POINT('',(2.003834298902,10.961305831686));
#2902 = CARTESIAN_POINT('',(2.08327567871,10.935863378555));
#2903 = CARTESIAN_POINT('',(2.1099743071,10.926623210711));
#2904 = CARTESIAN_POINT('',(2.136417395053,10.916850932057));
#2905 = CARTESIAN_POINT('',(2.162613693444,10.906617348788));
#2906 = CARTESIAN_POINT('',(2.188571176299,10.895991598713));
#2907 = CARTESIAN_POINT('',(2.275457083444,10.859007824631));
#2908 = CARTESIAN_POINT('',(2.335312330332,10.831137579175));
#2909 = CARTESIAN_POINT('',(2.394088932319,10.802279823539));
#2910 = CARTESIAN_POINT('',(2.452001050614,10.773191013181));
#2911 = CARTESIAN_POINT('',(2.509261384534,10.744569421347));
#2912 = CARTESIAN_POINT('',(2.614508516379,10.693678628987));
#2913 = CARTESIAN_POINT('',(2.662648136112,10.671079386528));
#2914 = CARTESIAN_POINT('',(2.710586612876,10.649739421145));
#2915 = CARTESIAN_POINT('',(2.758405990495,10.630091011737));
#2916 = CARTESIAN_POINT('',(2.806198617034,10.612537100655));
#2917 = CARTESIAN_POINT('',(2.901841688712,10.582369099394));
#2918 = CARTESIAN_POINT('',(2.949714139919,10.569737332235));
#2919 = CARTESIAN_POINT('',(2.99763023364,10.559954065929));
#2920 = CARTESIAN_POINT('',(3.04557662067,10.553322352603));
#2921 = CARTESIAN_POINT('',(3.093559265124,10.55));
#2922 = CARTESIAN_POINT('',(3.188965594234,10.55));
#2923 = CARTESIAN_POINT('',(3.236290927835,10.553231619343));
#2924 = CARTESIAN_POINT('',(3.283581413624,10.559682832707));
#2925 = CARTESIAN_POINT('',(3.330841945484,10.569204116738));
#2926 = CARTESIAN_POINT('',(3.378059159181,10.581507994734));
#2927 = CARTESIAN_POINT('',(3.473686824675,10.611330408363));
#2928 = CARTESIAN_POINT('',(3.522109998233,10.628998173181));
#2929 = CARTESIAN_POINT('',(3.570557889036,10.64883399932));
#2930 = CARTESIAN_POINT('',(3.619126102263,10.670419352886));
#2931 = CARTESIAN_POINT('',(3.667899163479,10.693304259903));
#2932 = CARTESIAN_POINT('',(3.773162723571,10.744199477853));
#2933 = CARTESIAN_POINT('',(3.829790672921,10.772494312659));
#2934 = CARTESIAN_POINT('',(3.887053211135,10.801254389988));
#2935 = CARTESIAN_POINT('',(3.945156362652,10.829804483579));
#2936 = CARTESIAN_POINT('',(4.004307717932,10.85741419371));
#2937 = CARTESIAN_POINT('',(4.090853247511,10.894443692941));
#2938 = CARTESIAN_POINT('',(4.117218360536,10.905293988444));
#2939 = CARTESIAN_POINT('',(4.143829378959,10.915745220483));
#2940 = CARTESIAN_POINT('',(4.170694838864,10.925724917226));
#2941 = CARTESIAN_POINT('',(4.197824100424,10.935158791221));
#2942 = CARTESIAN_POINT('',(4.27791027477,10.960911768794));
#2943 = CARTESIAN_POINT('',(4.331856978722,10.975635011352));
#2944 = CARTESIAN_POINT('',(4.386783609575,10.987438110152));
#2945 = CARTESIAN_POINT('',(4.442478144445,10.995713350572));
#2946 = CARTESIAN_POINT('',(4.498767017856,11.));
#2947 = CARTESIAN_POINT('',(4.555496109364,11.));
#2948 = ( GEOMETRIC_REPRESENTATION_CONTEXT(2) 
PARAMETRIC_REPRESENTATION_CONTEXT() REPRESENTATION_CONTEXT('2D SPACE',''
  ) );
#2949 = PCURVE('',#1297,#2950);
#2950 = DEFINITIONAL_REPRESENTATION('',(#2951),#3004);
#2951 = B_SPLINE_CURVE_WITH_KNOTS('',6,(#2952,#2953,#2954,#2955,#2956,
    #2957,#2958,#2959,#2960,#2961,#2962,#2963,#2964,#2965,#2966,#2967,
    #2968,#2969,#2970,#2971,#2972,#2973,#2974,#2975,#2976,#2977,#2978,
    #2979,#2980,#2981,#2982,#2983,#2984,#2985,#2986,#2987,#2988,#2989,
    #2990,#2991,#2992,#2993,#2994,#2995,#2996,#2997,#2998,#2999,#3000,
    #3001,#3002,#3003),.UNSPECIFIED.,.F.,.F.,(7,5,5,5,5,5,5,5,5,5,7),(0.
    ,0.103863106356,0.15722928239,0.284100727359,0.392189369387,
    0.500046327795,0.60642027833,0.715935913003,0.841417864873,
    0.895680233253,1.),.UNSPECIFIED.);
#2952 = CARTESIAN_POINT('',(0.,7.080348062928));
#2953 = CARTESIAN_POINT('',(-3.968215572702E-02,7.066223824654));
#2954 = CARTESIAN_POINT('',(-7.858842113045E-02,7.046171089736));
#2955 = CARTESIAN_POINT('',(-0.116530348228,7.020502339304));
#2956 = CARTESIAN_POINT('',(-0.153314300789,6.98967123958));
#2957 = CARTESIAN_POINT('',(-0.188732714837,6.954278239492));
#2958 = CARTESIAN_POINT('',(-0.239959490597,6.89496228656));
#2959 = CARTESIAN_POINT('',(-0.256961022059,6.873792873804));
#2960 = CARTESIAN_POINT('',(-0.273573862407,6.851651390849));
#2961 = CARTESIAN_POINT('',(-0.289794443943,6.828599742662));
#2962 = CARTESIAN_POINT('',(-0.305618652865,6.804697195917));
#2963 = CARTESIAN_POINT('',(-0.35770851259,6.721286768964));
#2964 = CARTESIAN_POINT('',(-0.392111174876,6.658080470499));
#2965 = CARTESIAN_POINT('',(-0.424264488966,6.591018352968));
#2966 = CARTESIAN_POINT('',(-0.454152990663,6.520574100197));
#2967 = CARTESIAN_POINT('',(-0.48172431749,6.447089909564));
#2968 = CARTESIAN_POINT('',(-0.528316018271,6.305819671697));
#2969 = CARTESIAN_POINT('',(-0.548013461884,6.238753522076));
#2970 = CARTESIAN_POINT('',(-0.565884047223,6.169834921544));
#2971 = CARTESIAN_POINT('',(-0.581826725807,6.099255151333));
#2972 = CARTESIAN_POINT('',(-0.595733110013,6.027173918082));
#2973 = CARTESIAN_POINT('',(-0.619222591312,5.880426878459));
#2974 = CARTESIAN_POINT('',(-0.628820366443,5.80573271945));
#2975 = CARTESIAN_POINT('',(-0.636127695126,5.730020524069));
#2976 = CARTESIAN_POINT('',(-0.641040115311,5.653625699352));
#2977 = CARTESIAN_POINT('',(-0.643501108793,5.576853421546));
#2978 = CARTESIAN_POINT('',(-0.643501108793,5.42420329497));
#2979 = CARTESIAN_POINT('',(-0.641107324324,5.348482718413));
#2980 = CARTESIAN_POINT('',(-0.636328611644,5.273124331745));
#2981 = CARTESIAN_POINT('',(-0.629218597153,5.198422421809));
#2982 = CARTESIAN_POINT('',(-0.61987661905,5.124699631207));
#2983 = CARTESIAN_POINT('',(-0.596688254114,4.97780656197));
#2984 = CARTESIAN_POINT('',(-0.582712466435,4.904688318937));
#2985 = CARTESIAN_POINT('',(-0.566641083319,4.83310291696));
#2986 = CARTESIAN_POINT('',(-0.548587159738,4.763216895064));
#2987 = CARTESIAN_POINT('',(-0.528656359559,4.695230043764));
#2988 = CARTESIAN_POINT('',(-0.482065754588,4.553925051616));
#2989 = CARTESIAN_POINT('',(-0.454826903032,4.481208634103));
#2990 = CARTESIAN_POINT('',(-0.425320328053,4.411463249187));
#2991 = CARTESIAN_POINT('',(-0.393597172033,4.345018526174));
#2992 = CARTESIAN_POINT('',(-0.359672994078,4.28232935299));
#2993 = CARTESIAN_POINT('',(-0.307906540481,4.198785356719));
#2994 = CARTESIAN_POINT('',(-0.291864080776,4.174379921656));
#2995 = CARTESIAN_POINT('',(-0.275411585321,4.150848895302));
#2996 = CARTESIAN_POINT('',(-0.258553296347,4.128254196586));
#2997 = CARTESIAN_POINT('',(-0.241292863433,4.10666061708));
#2998 = CARTESIAN_POINT('',(-0.189682798127,4.04667676305));
#2999 = CARTESIAN_POINT('',(-0.1540953713,4.010980128298));
#3000 = CARTESIAN_POINT('',(-0.117107952224,3.97987938944));
#3001 = CARTESIAN_POINT('',(-7.895212865129E-02,3.954009463021));
#3002 = CARTESIAN_POINT('',(-3.984520438979E-02,3.933834209949));
#3003 = CARTESIAN_POINT('',(0.,3.919651937072));
#3004 = ( GEOMETRIC_REPRESENTATION_CONTEXT(2) 
PARAMETRIC_REPRESENTATION_CONTEXT() REPRESENTATION_CONTEXT('2D SPACE',''
  ) );
#3005 = ORIENTED_EDGE('',*,*,#1545,.F.);
#3006 = ORIENTED_EDGE('',*,*,#2816,.F.);
#3007 = ORIENTED_EDGE('',*,*,#1150,.T.);
#3008 = ORIENTED_EDGE('',*,*,#2644,.T.);
#3009 = ORIENTED_EDGE('',*,*,#1179,.T.);
#3010 = FACE_BOUND('',#3011,.F.);
#3011 = EDGE_LOOP('',(#3012));
#3012 = ORIENTED_EDGE('',*,*,#3013,.F.);
#3013 = EDGE_CURVE('',#3014,#3014,#3016,.T.);
#3014 = VERTEX_POINT('',#3015);
#3015 = CARTESIAN_POINT('',(1.6,-0.80622577483,-28.));
#3016 = SURFACE_CURVE('',#3017,(#3164,#3314),.PCURVE_S1.);
#3017 = B_SPLINE_CURVE_WITH_KNOTS('',7,(#3018,#3019,#3020,#3021,#3022,
    #3023,#3024,#3025,#3026,#3027,#3028,#3029,#3030,#3031,#3032,#3033,
    #3034,#3035,#3036,#3037,#3038,#3039,#3040,#3041,#3042,#3043,#3044,
    #3045,#3046,#3047,#3048,#3049,#3050,#3051,#3052,#3053,#3054,#3055,
    #3056,#3057,#3058,#3059,#3060,#3061,#3062,#3063,#3064,#3065,#3066,
    #3067,#3068,#3069,#3070,#3071,#3072,#3073,#3074,#3075,#3076,#3077,
    #3078,#3079,#3080,#3081,#3082,#3083,#3084,#3085,#3086,#3087,#3088,
    #3089,#3090,#3091,#3092,#3093,#3094,#3095,#3096,#3097,#3098,#3099,
    #3100,#3101,#3102,#3103,#3104,#3105,#3106,#3107,#3108,#3109,#3110,
    #3111,#3112,#3113,#3114,#3115,#3116,#3117,#3118,#3119,#3120,#3121,
    #3122,#3123,#3124,#3125,#3126,#3127,#3128,#3129,#3130,#3131,#3132,
    #3133,#3134,#3135,#3136,#3137,#3138,#3139,#3140,#3141,#3142,#3143,
    #3144,#3145,#3146,#3147,#3148,#3149,#3150,#3151,#3152,#3153,#3154,
    #3155,#3156,#3157,#3158,#3159,#3160,#3161,#3162,#3163),
  .UNSPECIFIED.,.T.,.F.,(8,6,6,6,6,6,6,6,6,6,6,6,6,6,6,6,6,6,6,6,6,6,6,6
    ,8),(0.,9.54226620138E-02,0.133116901,0.165997247859,0.205042837225,
    0.219483562691,0.250125495528,0.294967571525,0.334168345534,
    0.366094683899,0.404270414016,0.431015580343,0.499992110257,
    0.549558513447,0.595731754856,0.633907280163,0.665833447246,
    0.705034010947,0.74987584637,0.780517614817,0.79495826281,
    0.8340036427,0.866883813159,0.904577849919,1.),.UNSPECIFIED.);
#3018 = CARTESIAN_POINT('',(1.6,-0.80622577483,-28.));
#3019 = CARTESIAN_POINT('',(1.6,-0.80622577483,-28.09845890614));
#3020 = CARTESIAN_POINT('',(1.592931346017,-0.802718795791,
    -28.19718376395));
#3021 = CARTESIAN_POINT('',(1.578725292502,-0.795670306181,
    -28.29511472369));
#3022 = CARTESIAN_POINT('',(1.557572642281,-0.784690093151,
    -28.39116610117));
#3023 = CARTESIAN_POINT('',(1.529937760623,-0.769004010534,
    -28.48427658553));
#3024 = CARTESIAN_POINT('',(1.496567178677,-0.747536735239,
    -28.57341894099));
#3025 = CARTESIAN_POINT('',(1.443637868082,-0.707681551517,
    -28.69082530805));
#3026 = CARTESIAN_POINT('',(1.427952745022,-0.695299672634,
    -28.72325820896));
#3027 = CARTESIAN_POINT('',(1.411670085816,-0.681763249208,
    -28.75476267343));
#3028 = CARTESIAN_POINT('',(1.394904102841,-0.667018443838,
    -28.78523736341));
#3029 = CARTESIAN_POINT('',(1.377780651175,-0.651018115266,
    -28.81459485049));
#3030 = CARTESIAN_POINT('',(1.360434441376,-0.63372403577,
    -28.84276106923));
#3031 = CARTESIAN_POINT('',(1.327803799075,-0.598871474366,
    -28.89315135087));
#3032 = CARTESIAN_POINT('',(1.312545983759,-0.581636323837,
    -28.91566405844));
#3033 = CARTESIAN_POINT('',(1.297337838069,-0.563399314974,
    -28.93715576084));
#3034 = CARTESIAN_POINT('',(1.282287919621,-0.544167431863,
    -28.95758112145));
#3035 = CARTESIAN_POINT('',(1.267505366131,-0.523959759793,
    -28.9769056207));
#3036 = CARTESIAN_POINT('',(1.253096949654,-0.502808260372,
    -28.99510457724));
#3037 = CARTESIAN_POINT('',(1.222618833266,-0.454574392595,
    -29.03241815183));
#3038 = CARTESIAN_POINT('',(1.206755166656,-0.427140940899,
    -29.05105110623));
#3039 = CARTESIAN_POINT('',(1.191732529779,-0.39852293679,-29.0680492857
    ));
#3040 = CARTESIAN_POINT('',(1.177701239628,-0.36880797982,
    -29.08341233921));
#3041 = CARTESIAN_POINT('',(1.164797402971,-0.338105894799,
    -29.09714902053));
#3042 = CARTESIAN_POINT('',(1.153137787932,-0.306548102731,
    -29.10927489737));
#3043 = CARTESIAN_POINT('',(1.138996775392,-0.262355455968,
    -29.12370641349));
#3044 = CARTESIAN_POINT('',(1.135360637229,-0.250324453205,
    -29.12738623318));
#3045 = CARTESIAN_POINT('',(1.131910699995,-0.238200327258,
    -29.1308508106));
#3046 = CARTESIAN_POINT('',(1.128650982892,-0.225989446287,
    -29.13410142587));
#3047 = CARTESIAN_POINT('',(1.125585105391,-0.213698202814,
    -29.13713934816));
#3048 = CARTESIAN_POINT('',(1.122716287234,-0.201333013728,
    -29.13996583573));
#3049 = CARTESIAN_POINT('',(1.114384098091,-0.162519252487,
    -29.14813369173));
#3050 = CARTESIAN_POINT('',(1.109621649909,-0.135837936041,
    -29.1527379733));
#3051 = CARTESIAN_POINT('',(1.10578576119,-0.108913835933,
    -29.15640789199));
#3052 = CARTESIAN_POINT('',(1.102895924099,-8.180638543616E-02,
    -29.15915336656));
#3053 = CARTESIAN_POINT('',(1.100965191032,-5.457661521955E-02,
    -29.16098120792));
#3054 = CARTESIAN_POINT('',(1.1,-2.728678246836E-02,-29.16189500386));
#3055 = CARTESIAN_POINT('',(1.1,3.993207542232E-02,-29.16189500386));
#3056 = CARTESIAN_POINT('',(1.102067119758,7.988458005955E-02,
    -29.15993776905));
#3057 = CARTESIAN_POINT('',(1.106204835906,0.119649632423,
    -29.15602091849));
#3058 = CARTESIAN_POINT('',(1.112382736881,0.159025382561,
    -29.15012812611));
#3059 = CARTESIAN_POINT('',(1.120538498885,0.197818714074,
    -29.14223031678));
#3060 = CARTESIAN_POINT('',(1.130579861843,0.235847946135,
    -29.13228686242));
#3061 = CARTESIAN_POINT('',(1.152708016107,0.30537610845,-29.10972138174
    ));
#3062 = CARTESIAN_POINT('',(1.164380526417,0.337101093194,
    -29.09759178533));
#3063 = CARTESIAN_POINT('',(1.177311174837,0.367965820376,
    -29.08383752522));
#3064 = CARTESIAN_POINT('',(1.191382054542,0.397836892705,
    -29.06844266642));
#3065 = CARTESIAN_POINT('',(1.20645553969,0.426602835825,-29.05139813943
    ));
#3066 = CARTESIAN_POINT('',(1.222379511777,0.454174749197,
    -29.03270407699));
#3067 = CARTESIAN_POINT('',(1.25252279405,0.501916443243,-28.99581319332
    ));
#3068 = CARTESIAN_POINT('',(1.266502806582,0.522498843613,
    -28.97817680967));
#3069 = CARTESIAN_POINT('',(1.280839585683,0.542192127884,
    -28.95947750788));
#3070 = CARTESIAN_POINT('',(1.295435336155,0.560966442033,
    -28.93973769062));
#3071 = CARTESIAN_POINT('',(1.310190064307,0.578803450844,-28.9189885092
    ));
#3072 = CARTESIAN_POINT('',(1.325004136753,0.595695680532,
    -28.89727071746));
#3073 = CARTESIAN_POINT('',(1.357449993717,0.630718195697,
    -28.84756962919));
#3074 = CARTESIAN_POINT('',(1.375055495336,0.648432545882,-28.8192077123
    ));
#3075 = CARTESIAN_POINT('',(1.392449768607,0.664814987288,
    -28.78961251006));
#3076 = CARTESIAN_POINT('',(1.409491320152,0.679903726514,
    -28.75886041766));
#3077 = CARTESIAN_POINT('',(1.426047795592,0.69374672275,-28.72704210321
    ));
#3078 = CARTESIAN_POINT('',(1.441999036455,0.706399309139,
    -28.69426312032));
#3079 = CARTESIAN_POINT('',(1.467917752675,0.725994254697,
    -28.63709199063));
#3080 = CARTESIAN_POINT('',(1.478250735164,0.733514847422,
    -28.61311872498));
#3081 = CARTESIAN_POINT('',(1.488209067551,0.740508789997,
    -28.58875126759));
#3082 = CARTESIAN_POINT('',(1.497765482684,0.747000427849,
    -28.56401736342));
#3083 = CARTESIAN_POINT('',(1.506895463258,0.753013254143,
    -28.53894595871));
#3084 = CARTESIAN_POINT('',(1.515577241814,0.758569909776,
    -28.51356720094));
#3085 = CARTESIAN_POINT('',(1.544977377327,0.776902669879,
    -28.42174809188));
#3086 = CARTESIAN_POINT('',(1.563042893201,0.787215418104,-28.3537869513
    ));
#3087 = CARTESIAN_POINT('',(1.577723377959,0.795038834079,
    -28.28440248858));
#3088 = CARTESIAN_POINT('',(1.588840167238,0.80068908419,-28.21396522598
    ));
#3089 = CARTESIAN_POINT('',(1.596282787687,0.804381460824,
    -28.14284263014));
#3090 = CARTESIAN_POINT('',(1.6,0.80622577483,-28.0713996644));
#3091 = CARTESIAN_POINT('',(1.6,0.80622577483,-27.94869233697));
#3092 = CARTESIAN_POINT('',(1.598080429471,0.805273415062,
    -27.89737833824));
#3093 = CARTESIAN_POINT('',(1.594240651012,0.803368331959,
    -27.84618528001));
#3094 = CARTESIAN_POINT('',(1.588493617448,0.800481111145,
    -27.79524204703));
#3095 = CARTESIAN_POINT('',(1.580867160928,0.796553748152,-27.744678763)
  );
#3096 = CARTESIAN_POINT('',(1.571405282015,0.79150010914,-27.69462642094
    ));
#3097 = CARTESIAN_POINT('',(1.549702766431,0.779343522399,
    -27.59918905464));
#3098 = CARTESIAN_POINT('',(1.53769130165,0.772401478674,-27.55369532017
    ));
#3099 = CARTESIAN_POINT('',(1.524192507331,0.764292220049,
    -27.50888782767));
#3100 = CARTESIAN_POINT('',(1.509285516613,0.754911804456,
    -27.46491321856));
#3101 = CARTESIAN_POINT('',(1.493071532211,0.744143061678,
    -27.42191180644));
#3102 = CARTESIAN_POINT('',(1.475674225749,0.731858266877,
    -27.38001712558));
#3103 = CARTESIAN_POINT('',(1.441999036455,0.706399309139,
    -27.30573687967));
#3104 = CARTESIAN_POINT('',(1.426047795592,0.69374672275,-27.27295789678
    ));
#3105 = CARTESIAN_POINT('',(1.409491320152,0.679903726514,
    -27.24113958233));
#3106 = CARTESIAN_POINT('',(1.392449768607,0.664814987288,
    -27.21038748994));
#3107 = CARTESIAN_POINT('',(1.375055495336,0.648432545882,
    -27.18079228769));
#3108 = CARTESIAN_POINT('',(1.357449993717,0.630718195697,-27.1524303708
    ));
#3109 = CARTESIAN_POINT('',(1.325004136753,0.595695680532,
    -27.10272928253));
#3110 = CARTESIAN_POINT('',(1.310190064307,0.578803450844,
    -27.08101149079));
#3111 = CARTESIAN_POINT('',(1.295435336155,0.560966442033,
    -27.06026230937));
#3112 = CARTESIAN_POINT('',(1.280839585683,0.542192127883,
    -27.04052249211));
#3113 = CARTESIAN_POINT('',(1.266502806582,0.522498843613,
    -27.02182319032));
#3114 = CARTESIAN_POINT('',(1.25252279405,0.501916443243,-27.00418680668
    ));
#3115 = CARTESIAN_POINT('',(1.222379511777,0.454174749197,-26.967295923)
  );
#3116 = CARTESIAN_POINT('',(1.20645553969,0.426602835825,-26.94860186056
    ));
#3117 = CARTESIAN_POINT('',(1.191382054542,0.397836892705,
    -26.93155733357));
#3118 = CARTESIAN_POINT('',(1.177311174837,0.367965820376,
    -26.91616247477));
#3119 = CARTESIAN_POINT('',(1.164380526417,0.337101093194,
    -26.90240821466));
#3120 = CARTESIAN_POINT('',(1.152708016107,0.30537610845,-26.89027861826
    ));
#3121 = CARTESIAN_POINT('',(1.130579861843,0.235847946135,
    -26.86771313757));
#3122 = CARTESIAN_POINT('',(1.120538498885,0.197818714074,
    -26.85776968321));
#3123 = CARTESIAN_POINT('',(1.112382736881,0.159025382561,
    -26.84987187388));
#3124 = CARTESIAN_POINT('',(1.106204835906,0.119649632423,-26.8439790815
    ));
#3125 = CARTESIAN_POINT('',(1.102067119758,7.988458005954E-02,
    -26.84006223094));
#3126 = CARTESIAN_POINT('',(1.1,3.993207542232E-02,-26.83810499613));
#3127 = CARTESIAN_POINT('',(1.1,-2.728678246836E-02,-26.83810499613));
#3128 = CARTESIAN_POINT('',(1.100965191032,-5.457661521955E-02,
    -26.83901879207));
#3129 = CARTESIAN_POINT('',(1.102895924099,-8.180638543617E-02,
    -26.84084663343));
#3130 = CARTESIAN_POINT('',(1.10578576119,-0.108913835933,-26.843592108)
  );
#3131 = CARTESIAN_POINT('',(1.109621649909,-0.135837936041,
    -26.84726202669));
#3132 = CARTESIAN_POINT('',(1.114384098091,-0.162519252487,
    -26.85186630826));
#3133 = CARTESIAN_POINT('',(1.122716287234,-0.201333013728,
    -26.86003416426));
#3134 = CARTESIAN_POINT('',(1.125585105391,-0.213698202814,
    -26.86286065183));
#3135 = CARTESIAN_POINT('',(1.128650982892,-0.225989446287,
    -26.86589857412));
#3136 = CARTESIAN_POINT('',(1.131910699995,-0.238200327258,
    -26.86914918939));
#3137 = CARTESIAN_POINT('',(1.135360637229,-0.250324453205,
    -26.87261376681));
#3138 = CARTESIAN_POINT('',(1.138996775392,-0.262355455968,
    -26.8762935865));
#3139 = CARTESIAN_POINT('',(1.153137787932,-0.306548102731,
    -26.89072510262));
#3140 = CARTESIAN_POINT('',(1.164797402971,-0.338105894799,
    -26.90285097946));
#3141 = CARTESIAN_POINT('',(1.177701239628,-0.36880797982,
    -26.91658766078));
#3142 = CARTESIAN_POINT('',(1.191732529779,-0.39852293679,
    -26.93195071429));
#3143 = CARTESIAN_POINT('',(1.206755166656,-0.427140940899,
    -26.94894889376));
#3144 = CARTESIAN_POINT('',(1.222618833266,-0.454574392595,
    -26.96758184816));
#3145 = CARTESIAN_POINT('',(1.253096949654,-0.502808260372,
    -27.00489542275));
#3146 = CARTESIAN_POINT('',(1.267505366131,-0.523959759793,
    -27.02309437929));
#3147 = CARTESIAN_POINT('',(1.282287919621,-0.544167431863,
    -27.04241887854));
#3148 = CARTESIAN_POINT('',(1.297337838069,-0.563399314974,
    -27.06284423915));
#3149 = CARTESIAN_POINT('',(1.312545983759,-0.581636323837,
    -27.08433594155));
#3150 = CARTESIAN_POINT('',(1.327803799075,-0.598871474366,
    -27.10684864912));
#3151 = CARTESIAN_POINT('',(1.360434441376,-0.63372403577,
    -27.15723893077));
#3152 = CARTESIAN_POINT('',(1.377780651175,-0.651018115266,
    -27.1854051495));
#3153 = CARTESIAN_POINT('',(1.394904102841,-0.667018443838,
    -27.21476263658));
#3154 = CARTESIAN_POINT('',(1.411670085816,-0.681763249208,
    -27.24523732656));
#3155 = CARTESIAN_POINT('',(1.427952745022,-0.695299672634,
    -27.27674179103));
#3156 = CARTESIAN_POINT('',(1.443637868082,-0.707681551517,
    -27.30917469194));
#3157 = CARTESIAN_POINT('',(1.496567178677,-0.747536735239,-27.426581059
    ));
#3158 = CARTESIAN_POINT('',(1.529937760623,-0.769004010534,
    -27.51572341446));
#3159 = CARTESIAN_POINT('',(1.557572642281,-0.784690093151,
    -27.60883389882));
#3160 = CARTESIAN_POINT('',(1.578725292502,-0.795670306181,
    -27.7048852763));
#3161 = CARTESIAN_POINT('',(1.592931346017,-0.802718795791,
    -27.80281623604));
#3162 = CARTESIAN_POINT('',(1.6,-0.80622577483,-27.90154109386));
#3163 = CARTESIAN_POINT('',(1.6,-0.80622577483,-28.));
#3164 = PCURVE('',#1167,#3165);
#3165 = DEFINITIONAL_REPRESENTATION('',(#3166),#3313);
#3166 = B_SPLINE_CURVE_WITH_KNOTS('',7,(#3167,#3168,#3169,#3170,#3171,
    #3172,#3173,#3174,#3175,#3176,#3177,#3178,#3179,#3180,#3181,#3182,
    #3183,#3184,#3185,#3186,#3187,#3188,#3189,#3190,#3191,#3192,#3193,
    #3194,#3195,#3196,#3197,#3198,#3199,#3200,#3201,#3202,#3203,#3204,
    #3205,#3206,#3207,#3208,#3209,#3210,#3211,#3212,#3213,#3214,#3215,
    #3216,#3217,#3218,#3219,#3220,#3221,#3222,#3223,#3224,#3225,#3226,
    #3227,#3228,#3229,#3230,#3231,#3232,#3233,#3234,#3235,#3236,#3237,
    #3238,#3239,#3240,#3241,#3242,#3243,#3244,#3245,#3246,#3247,#3248,
    #3249,#3250,#3251,#3252,#3253,#3254,#3255,#3256,#3257,#3258,#3259,
    #3260,#3261,#3262,#3263,#3264,#3265,#3266,#3267,#3268,#3269,#3270,
    #3271,#3272,#3273,#3274,#3275,#3276,#3277,#3278,#3279,#3280,#3281,
    #3282,#3283,#3284,#3285,#3286,#3287,#3288,#3289,#3290,#3291,#3292,
    #3293,#3294,#3295,#3296,#3297,#3298,#3299,#3300,#3301,#3302,#3303,
    #3304,#3305,#3306,#3307,#3308,#3309,#3310,#3311,#3312),
  .UNSPECIFIED.,.T.,.F.,(8,6,6,6,6,6,6,6,6,6,6,6,6,6,6,6,6,6,6,6,6,6,6,6
    ,8),(0.,9.54226620138E-02,0.133116901,0.165997247859,0.205042837225,
    0.219483562691,0.250125495528,0.294967571525,0.334168345534,
    0.366094683899,0.404270414016,0.431015580343,0.499992110257,
    0.549558513447,0.595731754856,0.633907280163,0.665833447246,
    0.705034010947,0.74987584637,0.780517614817,0.79495826281,
    0.8340036427,0.866883813159,0.904577849919,1.),.UNSPECIFIED.);
#3167 = CARTESIAN_POINT('',(1.570796326795,5.69377422517));
#3168 = CARTESIAN_POINT('',(1.632333143133,5.69377422517));
#3169 = CARTESIAN_POINT('',(1.694036204061,5.697281204209));
#3170 = CARTESIAN_POINT('',(1.755623528109,5.704329693819));
#3171 = CARTESIAN_POINT('',(1.816807118856,5.715309906849));
#3172 = CARTESIAN_POINT('',(1.877271530985,5.730995989466));
#3173 = CARTESIAN_POINT('',(1.936634462272,5.752463264761));
#3174 = CARTESIAN_POINT('',(2.01712555006,5.792318448483));
#3175 = CARTESIAN_POINT('',(2.03963397476,5.804700327366));
#3176 = CARTESIAN_POINT('',(2.061786351465,5.818236750792));
#3177 = CARTESIAN_POINT('',(2.08351257159,5.832981556162));
#3178 = CARTESIAN_POINT('',(2.104744042577,5.848981884734));
#3179 = CARTESIAN_POINT('',(2.125413214616,5.86627596423));
#3180 = CARTESIAN_POINT('',(2.162933726201,5.901128525634));
#3181 = CARTESIAN_POINT('',(2.179927459446,5.918363676163));
#3182 = CARTESIAN_POINT('',(2.196377508112,5.936600685026));
#3183 = CARTESIAN_POINT('',(2.212229589069,5.955832568137));
#3184 = CARTESIAN_POINT('',(2.227432452646,5.976040240207));
#3185 = CARTESIAN_POINT('',(2.241938400241,5.997191739628));
#3186 = CARTESIAN_POINT('',(2.272050290719,6.045425607405));
#3187 = CARTESIAN_POINT('',(2.287341625466,6.072859059101));
#3188 = CARTESIAN_POINT('',(2.301516350486,6.10147706321));
#3189 = CARTESIAN_POINT('',(2.314517686354,6.13119202018));
#3190 = CARTESIAN_POINT('',(2.326295620285,6.161894105201));
#3191 = CARTESIAN_POINT('',(2.336808996506,6.193451897269));
#3192 = CARTESIAN_POINT('',(2.349437042134,6.237644544032));
#3193 = CARTESIAN_POINT('',(2.352670301763,6.249675546795));
#3194 = CARTESIAN_POINT('',(2.355726085571,6.261799672742));
#3195 = CARTESIAN_POINT('',(2.35860324373,6.274010553713));
#3196 = CARTESIAN_POINT('',(2.36130077654,6.286301797186));
#3197 = CARTESIAN_POINT('',(2.363817834433,6.298666986272));
#3198 = CARTESIAN_POINT('',(2.371110254716,6.337480747513));
#3199 = CARTESIAN_POINT('',(2.37525030338,6.364162063959));
#3200 = CARTESIAN_POINT('',(2.378568181608,6.391086164067));
#3201 = CARTESIAN_POINT('',(2.381059473791,6.418193614564));
#3202 = CARTESIAN_POINT('',(2.382721183871,6.44542338478));
#3203 = CARTESIAN_POINT('',(2.383551888164,6.472713217532));
#3204 = CARTESIAN_POINT('',(2.383551888164,6.539932075422));
#3205 = CARTESIAN_POINT('',(2.381772777276,6.57988458006));
#3206 = CARTESIAN_POINT('',(2.378211633829,6.619649632423));
#3207 = CARTESIAN_POINT('',(2.372875652013,6.659025382561));
#3208 = CARTESIAN_POINT('',(2.365780592553,6.697818714074));
#3209 = CARTESIAN_POINT('',(2.356949233383,6.735847946135));
#3210 = CARTESIAN_POINT('',(2.337196305103,6.80537610845));
#3211 = CARTESIAN_POINT('',(2.326675664534,6.837101093194));
#3212 = CARTESIAN_POINT('',(2.314878251637,6.867965820376));
#3213 = CARTESIAN_POINT('',(2.301845567319,6.897836892705));
#3214 = CARTESIAN_POINT('',(2.287628124882,6.926602835825));
#3215 = CARTESIAN_POINT('',(2.272283314533,6.954174749197));
#3216 = CARTESIAN_POINT('',(2.242508411848,7.001916443243));
#3217 = CARTESIAN_POINT('',(2.228444197343,7.022498843613));
#3218 = CARTESIAN_POINT('',(2.21372063736,7.042192127884));
#3219 = CARTESIAN_POINT('',(2.19838139493,7.060966442033));
#3220 = CARTESIAN_POINT('',(2.182473324056,7.078803450844));
#3221 = CARTESIAN_POINT('',(2.166046010622,7.095695680532));
#3222 = CARTESIAN_POINT('',(2.128949579012,7.130718195697));
#3223 = CARTESIAN_POINT('',(2.108091268812,7.148432545882));
#3224 = CARTESIAN_POINT('',(2.086646355925,7.164814987288));
#3225 = CARTESIAN_POINT('',(2.0646855272,7.179903726514));
#3226 = CARTESIAN_POINT('',(2.042280667857,7.19374672275));
#3227 = CARTESIAN_POINT('',(2.019505346232,7.206399309139));
#3228 = CARTESIAN_POINT('',(1.980272876419,7.225994254697));
#3229 = CARTESIAN_POINT('',(1.96395997505,7.233514847422));
#3230 = CARTESIAN_POINT('',(1.94751236312,7.240508789997));
#3231 = CARTESIAN_POINT('',(1.930945441026,7.247000427849));
#3232 = CARTESIAN_POINT('',(1.914274240841,7.253013254143));
#3233 = CARTESIAN_POINT('',(1.897513426316,7.258569909776));
#3234 = CARTESIAN_POINT('',(1.837256435161,7.276902669879));
#3235 = CARTESIAN_POINT('',(1.793360751226,7.287215418104));
#3236 = CARTESIAN_POINT('',(1.749129182143,7.295038834079));
#3237 = CARTESIAN_POINT('',(1.704669816596,7.30068908419));
#3238 = CARTESIAN_POINT('',(1.66007293909,7.304381460824));
#3239 = CARTESIAN_POINT('',(1.615421117049,7.30622577483));
#3240 = CARTESIAN_POINT('',(1.538729037403,7.30622577483));
#3241 = CARTESIAN_POINT('',(1.506657765585,7.305273415062));
#3242 = CARTESIAN_POINT('',(1.474608283597,7.303368331959));
#3243 = CARTESIAN_POINT('',(1.442607134323,7.300481111145));
#3244 = CARTESIAN_POINT('',(1.410682938592,7.296553748152));
#3245 = CARTESIAN_POINT('',(1.378867702489,7.29150010914));
#3246 = CARTESIAN_POINT('',(1.317696547658,7.279343522399));
#3247 = CARTESIAN_POINT('',(1.288306155215,7.272401478674));
#3248 = CARTESIAN_POINT('',(1.259085923993,7.264292220049));
#3249 = CARTESIAN_POINT('',(1.230095677364,7.254911804456));
#3250 = CARTESIAN_POINT('',(1.201398065206,7.244143061678));
#3251 = CARTESIAN_POINT('',(1.173060543695,7.231858266877));
#3252 = CARTESIAN_POINT('',(1.122087307358,7.206399309139));
#3253 = CARTESIAN_POINT('',(1.099311985732,7.19374672275));
#3254 = CARTESIAN_POINT('',(1.07690712639,7.179903726514));
#3255 = CARTESIAN_POINT('',(1.054946297665,7.164814987288));
#3256 = CARTESIAN_POINT('',(1.033501384778,7.148432545882));
#3257 = CARTESIAN_POINT('',(1.012643074577,7.130718195697));
#3258 = CARTESIAN_POINT('',(0.975546642967,7.095695680532));
#3259 = CARTESIAN_POINT('',(0.959119329534,7.078803450844));
#3260 = CARTESIAN_POINT('',(0.943211258659,7.060966442033));
#3261 = CARTESIAN_POINT('',(0.92787201623,7.042192127883));
#3262 = CARTESIAN_POINT('',(0.913148456246,7.022498843613));
#3263 = CARTESIAN_POINT('',(0.899084241742,7.001916443243));
#3264 = CARTESIAN_POINT('',(0.869309339057,6.954174749197));
#3265 = CARTESIAN_POINT('',(0.853964528708,6.926602835825));
#3266 = CARTESIAN_POINT('',(0.839747086271,6.897836892705));
#3267 = CARTESIAN_POINT('',(0.826714401953,6.867965820376));
#3268 = CARTESIAN_POINT('',(0.814916989055,6.837101093194));
#3269 = CARTESIAN_POINT('',(0.804396348487,6.80537610845));
#3270 = CARTESIAN_POINT('',(0.784643420206,6.735847946135));
#3271 = CARTESIAN_POINT('',(0.775812061037,6.697818714074));
#3272 = CARTESIAN_POINT('',(0.768717001577,6.659025382561));
#3273 = CARTESIAN_POINT('',(0.763381019761,6.619649632423));
#3274 = CARTESIAN_POINT('',(0.759819876314,6.57988458006));
#3275 = CARTESIAN_POINT('',(0.758040765426,6.539932075422));
#3276 = CARTESIAN_POINT('',(0.758040765426,6.472713217532));
#3277 = CARTESIAN_POINT('',(0.758871469718,6.44542338478));
#3278 = CARTESIAN_POINT('',(0.760533179799,6.418193614564));
#3279 = CARTESIAN_POINT('',(0.763024471982,6.391086164067));
#3280 = CARTESIAN_POINT('',(0.76634235021,6.364162063959));
#3281 = CARTESIAN_POINT('',(0.770482398874,6.337480747513));
#3282 = CARTESIAN_POINT('',(0.777774819157,6.298666986272));
#3283 = CARTESIAN_POINT('',(0.78029187705,6.286301797186));
#3284 = CARTESIAN_POINT('',(0.78298940986,6.274010553713));
#3285 = CARTESIAN_POINT('',(0.785866568019,6.261799672742));
#3286 = CARTESIAN_POINT('',(0.788922351827,6.249675546795));
#3287 = CARTESIAN_POINT('',(0.792155611456,6.237644544032));
#3288 = CARTESIAN_POINT('',(0.804783657084,6.193451897269));
#3289 = CARTESIAN_POINT('',(0.815297033305,6.161894105201));
#3290 = CARTESIAN_POINT('',(0.827074967235,6.13119202018));
#3291 = CARTESIAN_POINT('',(0.840076303104,6.10147706321));
#3292 = CARTESIAN_POINT('',(0.854251028124,6.072859059101));
#3293 = CARTESIAN_POINT('',(0.86954236287,6.045425607405));
#3294 = CARTESIAN_POINT('',(0.899654253349,5.997191739628));
#3295 = CARTESIAN_POINT('',(0.914160200944,5.976040240207));
#3296 = CARTESIAN_POINT('',(0.929363064521,5.955832568137));
#3297 = CARTESIAN_POINT('',(0.945215145478,5.936600685026));
#3298 = CARTESIAN_POINT('',(0.961665194144,5.918363676163));
#3299 = CARTESIAN_POINT('',(0.978658927389,5.901128525634));
#3300 = CARTESIAN_POINT('',(1.016179438974,5.86627596423));
#3301 = CARTESIAN_POINT('',(1.036848611012,5.848981884734));
#3302 = CARTESIAN_POINT('',(1.058080082,5.832981556162));
#3303 = CARTESIAN_POINT('',(1.079806302125,5.818236750792));
#3304 = CARTESIAN_POINT('',(1.10195867883,5.804700327366));
#3305 = CARTESIAN_POINT('',(1.12446710353,5.792318448483));
#3306 = CARTESIAN_POINT('',(1.204958191318,5.752463264761));
#3307 = CARTESIAN_POINT('',(1.264321122604,5.730995989466));
#3308 = CARTESIAN_POINT('',(1.324785534734,5.715309906849));
#3309 = CARTESIAN_POINT('',(1.38596912548,5.704329693819));
#3310 = CARTESIAN_POINT('',(1.447556449529,5.697281204209));
#3311 = CARTESIAN_POINT('',(1.509259510457,5.69377422517));
#3312 = CARTESIAN_POINT('',(1.570796326795,5.69377422517));
#3313 = ( GEOMETRIC_REPRESENTATION_CONTEXT(2) 
PARAMETRIC_REPRESENTATION_CONTEXT() REPRESENTATION_CONTEXT('2D SPACE',''
  ) );
#3314 = PCURVE('',#2275,#3315);
#3315 = DEFINITIONAL_REPRESENTATION('',(#3316),#3463);
#3316 = B_SPLINE_CURVE_WITH_KNOTS('',7,(#3317,#3318,#3319,#3320,#3321,
    #3322,#3323,#3324,#3325,#3326,#3327,#3328,#3329,#3330,#3331,#3332,
    #3333,#3334,#3335,#3336,#3337,#3338,#3339,#3340,#3341,#3342,#3343,
    #3344,#3345,#3346,#3347,#3348,#3349,#3350,#3351,#3352,#3353,#3354,
    #3355,#3356,#3357,#3358,#3359,#3360,#3361,#3362,#3363,#3364,#3365,
    #3366,#3367,#3368,#3369,#3370,#3371,#3372,#3373,#3374,#3375,#3376,
    #3377,#3378,#3379,#3380,#3381,#3382,#3383,#3384,#3385,#3386,#3387,
    #3388,#3389,#3390,#3391,#3392,#3393,#3394,#3395,#3396,#3397,#3398,
    #3399,#3400,#3401,#3402,#3403,#3404,#3405,#3406,#3407,#3408,#3409,
    #3410,#3411,#3412,#3413,#3414,#3415,#3416,#3417,#3418,#3419,#3420,
    #3421,#3422,#3423,#3424,#3425,#3426,#3427,#3428,#3429,#3430,#3431,
    #3432,#3433,#3434,#3435,#3436,#3437,#3438,#3439,#3440,#3441,#3442,
    #3443,#3444,#3445,#3446,#3447,#3448,#3449,#3450,#3451,#3452,#3453,
    #3454,#3455,#3456,#3457,#3458,#3459,#3460,#3461,#3462),
  .UNSPECIFIED.,.T.,.F.,(8,6,6,6,6,6,6,6,6,6,6,6,6,6,6,6,6,6,6,6,6,6,6,6
    ,8),(0.,9.54226620138E-02,0.133116901,0.165997247859,0.205042837225,
    0.219483562691,0.250125495528,0.294967571525,0.334168345534,
    0.366094683899,0.404270414016,0.431015580343,0.499992110257,
    0.549558513447,0.595731754856,0.633907280163,0.665833447246,
    0.705034010947,0.74987584637,0.780517614817,0.79495826281,
    0.8340036427,0.866883813159,0.904577849919,1.),.UNSPECIFIED.);
#3317 = CARTESIAN_POINT('',(4.251834988703,2.));
#3318 = CARTESIAN_POINT('',(4.251834988703,1.90154109386));
#3319 = CARTESIAN_POINT('',(4.243067495932,1.802816236044));
#3320 = CARTESIAN_POINT('',(4.225446600985,1.704885276309));
#3321 = CARTESIAN_POINT('',(4.198970759787,1.608833898828));
#3322 = CARTESIAN_POINT('',(4.163718169185,1.515723414467));
#3323 = CARTESIAN_POINT('',(4.119749949022,1.426581059001));
#3324 = CARTESIAN_POINT('',(4.04613141615,1.309174691942));
#3325 = CARTESIAN_POINT('',(4.023933422982,1.276741791034));
#3326 = CARTESIAN_POINT('',(4.000418783937,1.245237326565));
#3327 = CARTESIAN_POINT('',(3.975629163611,1.214762636581));
#3328 = CARTESIAN_POINT('',(3.94961050396,1.185405149501));
#3329 = CARTESIAN_POINT('',(3.92241068646,1.15723893077));
#3330 = CARTESIAN_POINT('',(3.869362142962,1.106848649124));
#3331 = CARTESIAN_POINT('',(3.843795878674,1.084335941551));
#3332 = CARTESIAN_POINT('',(3.817430296024,1.062844239158));
#3333 = CARTESIAN_POINT('',(3.790320817867,1.042418878542));
#3334 = CARTESIAN_POINT('',(3.762525891164,1.023094379296));
#3335 = CARTESIAN_POINT('',(3.734106482837,1.004895422755));
#3336 = CARTESIAN_POINT('',(3.670710591907,0.967581848162));
#3337 = CARTESIAN_POINT('',(3.635526538638,0.948948893766));
#3338 = CARTESIAN_POINT('',(3.59966290337,0.931950714293));
#3339 = CARTESIAN_POINT('',(3.563210444809,0.916587660786));
#3340 = CARTESIAN_POINT('',(3.526262897192,0.902850979469));
#3341 = CARTESIAN_POINT('',(3.488918674668,0.890725102627));
#3342 = CARTESIAN_POINT('',(3.437363139903,0.876293586506));
#3343 = CARTESIAN_POINT('',(3.423400013494,0.872613766819));
#3344 = CARTESIAN_POINT('',(3.409396966039,0.869149189393));
#3345 = CARTESIAN_POINT('',(3.395357577868,0.865898574123));
#3346 = CARTESIAN_POINT('',(3.381285240053,0.862860651831));
#3347 = CARTESIAN_POINT('',(3.367183154404,0.860034164266));
#3348 = CARTESIAN_POINT('',(3.323074234257,0.851866308265));
#3349 = CARTESIAN_POINT('',(3.292978028752,0.847262026698));
#3350 = CARTESIAN_POINT('',(3.262790153873,0.843592108009));
#3351 = CARTESIAN_POINT('',(3.232534161424,0.840846633435));
#3352 = CARTESIAN_POINT('',(3.202233333981,0.839018792078));
#3353 = CARTESIAN_POINT('',(3.171911300777,0.838104996138));
#3354 = CARTESIAN_POINT('',(3.097223680898,0.838104996138));
#3355 = CARTESIAN_POINT('',(3.05283206594,0.840062230947));
#3356 = CARTESIAN_POINT('',(3.008505891665,0.843979081501));
#3357 = CARTESIAN_POINT('',(2.964326455963,0.849871873882));
#3358 = CARTESIAN_POINT('',(2.920372438905,0.857769683215));
#3359 = CARTESIAN_POINT('',(2.876724069974,0.867713137576));
#3360 = CARTESIAN_POINT('',(2.795652385751,0.89027861826));
#3361 = CARTESIAN_POINT('',(2.758129432367,0.902408214665));
#3362 = CARTESIAN_POINT('',(2.72100453723,0.916162474775));
#3363 = CARTESIAN_POINT('',(2.684377297765,0.931557333572));
#3364 = CARTESIAN_POINT('',(2.648342556064,0.948601860563));
#3365 = CARTESIAN_POINT('',(2.612992148203,0.967295923005));
#3366 = CARTESIAN_POINT('',(2.550257287587,1.00418680668));
#3367 = CARTESIAN_POINT('',(2.52262702151,1.021823190327));
#3368 = CARTESIAN_POINT('',(2.495583788115,1.040522492114));
#3369 = CARTESIAN_POINT('',(2.469183679023,1.060262309372));
#3370 = CARTESIAN_POINT('',(2.443480523333,1.081011490795));
#3371 = CARTESIAN_POINT('',(2.418525466274,1.102729282531));
#3372 = CARTESIAN_POINT('',(2.365478664173,1.152430370805));
#3373 = CARTESIAN_POINT('',(2.337745804938,1.180792287693));
#3374 = CARTESIAN_POINT('',(2.311218447053,1.21038748994));
#3375 = CARTESIAN_POINT('',(2.285947494535,1.241139582335));
#3376 = CARTESIAN_POINT('',(2.261981783169,1.272957896787));
#3377 = CARTESIAN_POINT('',(2.239365585153,1.305736879674));
#3378 = CARTESIAN_POINT('',(2.203263163261,1.362908009362));
#3379 = CARTESIAN_POINT('',(2.189065232884,1.386881275011));
#3380 = CARTESIAN_POINT('',(2.175547187818,1.411248732408));
#3381 = CARTESIAN_POINT('',(2.162713567145,1.435982636576));
#3382 = CARTESIAN_POINT('',(2.150568583821,1.461054041284));
#3383 = CARTESIAN_POINT('',(2.139116124684,1.486432799051));
#3384 = CARTESIAN_POINT('',(2.100618761279,1.578251908111));
#3385 = CARTESIAN_POINT('',(2.077523063902,1.646213048695));
#3386 = CARTESIAN_POINT('',(2.059047559772,1.715597511419));
#3387 = CARTESIAN_POINT('',(2.045192305924,1.786034774015));
#3388 = CARTESIAN_POINT('',(2.035960989982,1.857157369857));
#3389 = CARTESIAN_POINT('',(2.031350318476,1.928600335594));
#3390 = CARTESIAN_POINT('',(2.031350318476,2.051307663027));
#3391 = CARTESIAN_POINT('',(2.033731020839,2.102621661753));
#3392 = CARTESIAN_POINT('',(2.038494107507,2.153814719989));
#3393 = CARTESIAN_POINT('',(2.045640149451,2.20475795297));
#3394 = CARTESIAN_POINT('',(2.055170086004,2.255321236992));
#3395 = CARTESIAN_POINT('',(2.067086704191,2.305373579052));
#3396 = CARTESIAN_POINT('',(2.094725953967,2.400810945355));
#3397 = CARTESIAN_POINT('',(2.110139181899,2.446304679824));
#3398 = CARTESIAN_POINT('',(2.127632186233,2.491112172322));
#3399 = CARTESIAN_POINT('',(2.147193490465,2.53508678144));
#3400 = CARTESIAN_POINT('',(2.168807642421,2.578088193551));
#3401 = CARTESIAN_POINT('',(2.192459099473,2.619982874419));
#3402 = CARTESIAN_POINT('',(2.239365585153,2.694263120326));
#3403 = CARTESIAN_POINT('',(2.261981783169,2.727042103213));
#3404 = CARTESIAN_POINT('',(2.285947494535,2.758860417665));
#3405 = CARTESIAN_POINT('',(2.311218447053,2.78961251006));
#3406 = CARTESIAN_POINT('',(2.337745804938,2.819207712307));
#3407 = CARTESIAN_POINT('',(2.365478664173,2.847569629195));
#3408 = CARTESIAN_POINT('',(2.418525466274,2.897270717469));
#3409 = CARTESIAN_POINT('',(2.443480523333,2.918988509205));
#3410 = CARTESIAN_POINT('',(2.469183679023,2.939737690628));
#3411 = CARTESIAN_POINT('',(2.495583788115,2.959477507886));
#3412 = CARTESIAN_POINT('',(2.52262702151,2.978176809673));
#3413 = CARTESIAN_POINT('',(2.550257287586,2.99581319332));
#3414 = CARTESIAN_POINT('',(2.612992148203,3.032704076995));
#3415 = CARTESIAN_POINT('',(2.648342556064,3.051398139437));
#3416 = CARTESIAN_POINT('',(2.684377297765,3.068442666428));
#3417 = CARTESIAN_POINT('',(2.72100453723,3.083837525225));
#3418 = CARTESIAN_POINT('',(2.758129432367,3.097591785335));
#3419 = CARTESIAN_POINT('',(2.795652385751,3.10972138174));
#3420 = CARTESIAN_POINT('',(2.876724069974,3.132286862424));
#3421 = CARTESIAN_POINT('',(2.920372438905,3.142230316785));
#3422 = CARTESIAN_POINT('',(2.964326455963,3.150128126118));
#3423 = CARTESIAN_POINT('',(3.008505891665,3.156020918499));
#3424 = CARTESIAN_POINT('',(3.05283206594,3.159937769053));
#3425 = CARTESIAN_POINT('',(3.097223680898,3.161895003862));
#3426 = CARTESIAN_POINT('',(3.171911300777,3.161895003862));
#3427 = CARTESIAN_POINT('',(3.202233333981,3.160981207922));
#3428 = CARTESIAN_POINT('',(3.232534161424,3.159153366565));
#3429 = CARTESIAN_POINT('',(3.262790153873,3.156407891991));
#3430 = CARTESIAN_POINT('',(3.292978028752,3.152737973302));
#3431 = CARTESIAN_POINT('',(3.323074234257,3.148133691735));
#3432 = CARTESIAN_POINT('',(3.367183154404,3.139965835734));
#3433 = CARTESIAN_POINT('',(3.381285240053,3.137139348169));
#3434 = CARTESIAN_POINT('',(3.395357577868,3.134101425877));
#3435 = CARTESIAN_POINT('',(3.409396966039,3.130850810607));
#3436 = CARTESIAN_POINT('',(3.423400013494,3.127386233181));
#3437 = CARTESIAN_POINT('',(3.437363139903,3.123706413494));
#3438 = CARTESIAN_POINT('',(3.488918674668,3.109274897373));
#3439 = CARTESIAN_POINT('',(3.526262897192,3.097149020531));
#3440 = CARTESIAN_POINT('',(3.563210444809,3.083412339214));
#3441 = CARTESIAN_POINT('',(3.59966290337,3.068049285707));
#3442 = CARTESIAN_POINT('',(3.635526538638,3.051051106234));
#3443 = CARTESIAN_POINT('',(3.670710591907,3.032418151838));
#3444 = CARTESIAN_POINT('',(3.734106482837,2.995104577245));
#3445 = CARTESIAN_POINT('',(3.762525891164,2.976905620704));
#3446 = CARTESIAN_POINT('',(3.790320817867,2.957581121458));
#3447 = CARTESIAN_POINT('',(3.817430296024,2.937155760842));
#3448 = CARTESIAN_POINT('',(3.843795878674,2.915664058449));
#3449 = CARTESIAN_POINT('',(3.869362142962,2.893151350876));
#3450 = CARTESIAN_POINT('',(3.92241068646,2.84276106923));
#3451 = CARTESIAN_POINT('',(3.94961050396,2.814594850499));
#3452 = CARTESIAN_POINT('',(3.975629163611,2.785237363419));
#3453 = CARTESIAN_POINT('',(4.000418783937,2.754762673435));
#3454 = CARTESIAN_POINT('',(4.023933422982,2.723258208966));
#3455 = CARTESIAN_POINT('',(4.04613141615,2.690825308058));
#3456 = CARTESIAN_POINT('',(4.119749949022,2.573418940999));
#3457 = CARTESIAN_POINT('',(4.163718169185,2.484276585533));
#3458 = CARTESIAN_POINT('',(4.198970759786,2.391166101171));
#3459 = CARTESIAN_POINT('',(4.225446600985,2.295114723692));
#3460 = CARTESIAN_POINT('',(4.243067495932,2.197183763955));
#3461 = CARTESIAN_POINT('',(4.251834988703,2.09845890614));
#3462 = CARTESIAN_POINT('',(4.251834988703,2.));
#3463 = ( GEOMETRIC_REPRESENTATION_CONTEXT(2) 
PARAMETRIC_REPRESENTATION_CONTEXT() REPRESENTATION_CONTEXT('2D SPACE',''
  ) );
#3464 = ADVANCED_FACE('',(#3465),#1092,.F.);
#3465 = FACE_BOUND('',#3466,.F.);
#3466 = EDGE_LOOP('',(#3467,#3468,#3469,#3498,#3519));
#3467 = ORIENTED_EDGE('',*,*,#1075,.T.);
#3468 = ORIENTED_EDGE('',*,*,#2572,.T.);
#3469 = ORIENTED_EDGE('',*,*,#3470,.T.);
#3470 = EDGE_CURVE('',#2573,#3471,#3473,.T.);
#3471 = VERTEX_POINT('',#3472);
#3472 = CARTESIAN_POINT('',(3.5,-4.,-24.5));
#3473 = SURFACE_CURVE('',#3474,(#3479,#3486),.PCURVE_S1.);
#3474 = CIRCLE('',#3475,0.5);
#3475 = AXIS2_PLACEMENT_3D('',#3476,#3477,#3478);
#3476 = CARTESIAN_POINT('',(3.,-4.,-24.5));
#3477 = DIRECTION('',(2.22044604925E-16,-1.,0.));
#3478 = DIRECTION('',(1.,2.22044604925E-16,0.));
#3479 = PCURVE('',#1092,#3480);
#3480 = DEFINITIONAL_REPRESENTATION('',(#3481),#3485);
#3481 = LINE('',#3482,#3483);
#3482 = CARTESIAN_POINT('',(6.28318530718,1.5));
#3483 = VECTOR('',#3484,1.);
#3484 = DIRECTION('',(-1.,-0.));
#3485 = ( GEOMETRIC_REPRESENTATION_CONTEXT(2) 
PARAMETRIC_REPRESENTATION_CONTEXT() REPRESENTATION_CONTEXT('2D SPACE',''
  ) );
#3486 = PCURVE('',#3487,#3492);
#3487 = SPHERICAL_SURFACE('',#3488,0.5);
#3488 = AXIS2_PLACEMENT_3D('',#3489,#3490,#3491);
#3489 = CARTESIAN_POINT('',(3.,-4.,-24.5));
#3490 = DIRECTION('',(0.,0.,1.));
#3491 = DIRECTION('',(1.,2.22044604925E-16,-0.));
#3492 = DEFINITIONAL_REPRESENTATION('',(#3493),#3497);
#3493 = LINE('',#3494,#3495);
#3494 = CARTESIAN_POINT('',(0.,-6.28318530718));
#3495 = VECTOR('',#3496,1.);
#3496 = DIRECTION('',(0.,1.));
#3497 = ( GEOMETRIC_REPRESENTATION_CONTEXT(2) 
PARAMETRIC_REPRESENTATION_CONTEXT() REPRESENTATION_CONTEXT('2D SPACE',''
  ) );
#3498 = ORIENTED_EDGE('',*,*,#3499,.F.);
#3499 = EDGE_CURVE('',#1864,#3471,#3500,.T.);
#3500 = SURFACE_CURVE('',#3501,(#3505,#3512),.PCURVE_S1.);
#3501 = LINE('',#3502,#3503);
#3502 = CARTESIAN_POINT('',(3.5,-5.5,-24.5));
#3503 = VECTOR('',#3504,1.);
#3504 = DIRECTION('',(0.,1.,0.));
#3505 = PCURVE('',#1092,#3506);
#3506 = DEFINITIONAL_REPRESENTATION('',(#3507),#3511);
#3507 = LINE('',#3508,#3509);
#3508 = CARTESIAN_POINT('',(0.,0.));
#3509 = VECTOR('',#3510,1.);
#3510 = DIRECTION('',(0.,1.));
#3511 = ( GEOMETRIC_REPRESENTATION_CONTEXT(2) 
PARAMETRIC_REPRESENTATION_CONTEXT() REPRESENTATION_CONTEXT('2D SPACE',''
  ) );
#3512 = PCURVE('',#1754,#3513);
#3513 = DEFINITIONAL_REPRESENTATION('',(#3514),#3518);
#3514 = LINE('',#3515,#3516);
#3515 = CARTESIAN_POINT('',(0.5,0.));
#3516 = VECTOR('',#3517,1.);
#3517 = DIRECTION('',(0.,-1.));
#3518 = ( GEOMETRIC_REPRESENTATION_CONTEXT(2) 
PARAMETRIC_REPRESENTATION_CONTEXT() REPRESENTATION_CONTEXT('2D SPACE',''
  ) );
#3519 = ORIENTED_EDGE('',*,*,#1863,.T.);
#3520 = ADVANCED_FACE('',(#3521),#1297,.T.);
#3521 = FACE_BOUND('',#3522,.F.);
#3522 = EDGE_LOOP('',(#3523,#3524,#3525,#3552,#3553,#3554));
#3523 = ORIENTED_EDGE('',*,*,#1313,.F.);
#3524 = ORIENTED_EDGE('',*,*,#1283,.T.);
#3525 = ORIENTED_EDGE('',*,*,#3526,.T.);
#3526 = EDGE_CURVE('',#1256,#1495,#3527,.T.);
#3527 = SURFACE_CURVE('',#3528,(#3533,#3540),.PCURVE_S1.);
#3528 = CIRCLE('',#3529,2.25);
#3529 = AXIS2_PLACEMENT_3D('',#3530,#3531,#3532);
#3530 = CARTESIAN_POINT('',(3.25,2.25,-28.25));
#3531 = DIRECTION('',(1.,-3.079485676518E-16,0.));
#3532 = DIRECTION('',(3.079485676518E-16,1.,0.));
#3533 = PCURVE('',#1297,#3534);
#3534 = DEFINITIONAL_REPRESENTATION('',(#3535),#3539);
#3535 = LINE('',#3536,#3537);
#3536 = CARTESIAN_POINT('',(-6.28318530718,8.75));
#3537 = VECTOR('',#3538,1.);
#3538 = DIRECTION('',(1.,-0.));
#3539 = ( GEOMETRIC_REPRESENTATION_CONTEXT(2) 
PARAMETRIC_REPRESENTATION_CONTEXT() REPRESENTATION_CONTEXT('2D SPACE',''
  ) );
#3540 = PCURVE('',#3541,#3546);
#3541 = SPHERICAL_SURFACE('',#3542,2.25);
#3542 = AXIS2_PLACEMENT_3D('',#3543,#3544,#3545);
#3543 = CARTESIAN_POINT('',(3.25,2.25,-28.25));
#3544 = DIRECTION('',(0.,0.,1.));
#3545 = DIRECTION('',(1.,1.973729821556E-16,-0.));
#3546 = DEFINITIONAL_REPRESENTATION('',(#3547),#3551);
#3547 = LINE('',#3548,#3549);
#3548 = CARTESIAN_POINT('',(1.570796326795,-6.28318530718));
#3549 = VECTOR('',#3550,1.);
#3550 = DIRECTION('',(0.,1.));
#3551 = ( GEOMETRIC_REPRESENTATION_CONTEXT(2) 
PARAMETRIC_REPRESENTATION_CONTEXT() REPRESENTATION_CONTEXT('2D SPACE',''
  ) );
#3552 = ORIENTED_EDGE('',*,*,#1522,.F.);
#3553 = ORIENTED_EDGE('',*,*,#2838,.T.);
#3554 = ORIENTED_EDGE('',*,*,#1447,.F.);
#3555 = ADVANCED_FACE('',(#3556),#1271,.T.);
#3556 = FACE_BOUND('',#3557,.T.);
#3557 = EDGE_LOOP('',(#3558,#3580,#3581,#3605));
#3558 = ORIENTED_EDGE('',*,*,#3559,.F.);
#3559 = EDGE_CURVE('',#1233,#1806,#3560,.T.);
#3560 = SURFACE_CURVE('',#3561,(#3566,#3573),.PCURVE_S1.);
#3561 = CIRCLE('',#3562,2.25);
#3562 = AXIS2_PLACEMENT_3D('',#3563,#3564,#3565);
#3563 = CARTESIAN_POINT('',(3.25,-2.25,-28.25));
#3564 = DIRECTION('',(0.,-1.,0.));
#3565 = DIRECTION('',(1.,0.,0.));
#3566 = PCURVE('',#1271,#3567);
#3567 = DEFINITIONAL_REPRESENTATION('',(#3568),#3572);
#3568 = LINE('',#3569,#3570);
#3569 = CARTESIAN_POINT('',(6.28318530718,2.25));
#3570 = VECTOR('',#3571,1.);
#3571 = DIRECTION('',(-1.,-0.));
#3572 = ( GEOMETRIC_REPRESENTATION_CONTEXT(2) 
PARAMETRIC_REPRESENTATION_CONTEXT() REPRESENTATION_CONTEXT('2D SPACE',''
  ) );
#3573 = PCURVE('',#1850,#3574);
#3574 = DEFINITIONAL_REPRESENTATION('',(#3575),#3579);
#3575 = LINE('',#3576,#3577);
#3576 = CARTESIAN_POINT('',(-0.,-6.28318530718));
#3577 = VECTOR('',#3578,1.);
#3578 = DIRECTION('',(-0.,1.));
#3579 = ( GEOMETRIC_REPRESENTATION_CONTEXT(2) 
PARAMETRIC_REPRESENTATION_CONTEXT() REPRESENTATION_CONTEXT('2D SPACE',''
  ) );
#3580 = ORIENTED_EDGE('',*,*,#1255,.T.);
#3581 = ORIENTED_EDGE('',*,*,#3582,.T.);
#3582 = EDGE_CURVE('',#1256,#3583,#3585,.T.);
#3583 = VERTEX_POINT('',#3584);
#3584 = CARTESIAN_POINT('',(5.5,2.25,-28.25));
#3585 = SURFACE_CURVE('',#3586,(#3591,#3598),.PCURVE_S1.);
#3586 = CIRCLE('',#3587,2.25);
#3587 = AXIS2_PLACEMENT_3D('',#3588,#3589,#3590);
#3588 = CARTESIAN_POINT('',(3.25,2.25,-28.25));
#3589 = DIRECTION('',(1.973729821556E-16,-1.,0.));
#3590 = DIRECTION('',(1.,1.973729821556E-16,0.));
#3591 = PCURVE('',#1271,#3592);
#3592 = DEFINITIONAL_REPRESENTATION('',(#3593),#3597);
#3593 = LINE('',#3594,#3595);
#3594 = CARTESIAN_POINT('',(6.28318530718,6.75));
#3595 = VECTOR('',#3596,1.);
#3596 = DIRECTION('',(-1.,-0.));
#3597 = ( GEOMETRIC_REPRESENTATION_CONTEXT(2) 
PARAMETRIC_REPRESENTATION_CONTEXT() REPRESENTATION_CONTEXT('2D SPACE',''
  ) );
#3598 = PCURVE('',#3541,#3599);
#3599 = DEFINITIONAL_REPRESENTATION('',(#3600),#3604);
#3600 = LINE('',#3601,#3602);
#3601 = CARTESIAN_POINT('',(0.,-6.28318530718));
#3602 = VECTOR('',#3603,1.);
#3603 = DIRECTION('',(0.,1.));
#3604 = ( GEOMETRIC_REPRESENTATION_CONTEXT(2) 
PARAMETRIC_REPRESENTATION_CONTEXT() REPRESENTATION_CONTEXT('2D SPACE',''
  ) );
#3605 = ORIENTED_EDGE('',*,*,#3606,.F.);
#3606 = EDGE_CURVE('',#1806,#3583,#3607,.T.);
#3607 = SURFACE_CURVE('',#3608,(#3612,#3619),.PCURVE_S1.);
#3608 = LINE('',#3609,#3610);
#3609 = CARTESIAN_POINT('',(5.5,-4.5,-28.25));
#3610 = VECTOR('',#3611,1.);
#3611 = DIRECTION('',(0.,1.,0.));
#3612 = PCURVE('',#1271,#3613);
#3613 = DEFINITIONAL_REPRESENTATION('',(#3614),#3618);
#3614 = LINE('',#3615,#3616);
#3615 = CARTESIAN_POINT('',(0.,0.));
#3616 = VECTOR('',#3617,1.);
#3617 = DIRECTION('',(0.,1.));
#3618 = ( GEOMETRIC_REPRESENTATION_CONTEXT(2) 
PARAMETRIC_REPRESENTATION_CONTEXT() REPRESENTATION_CONTEXT('2D SPACE',''
  ) );
#3619 = PCURVE('',#1823,#3620);
#3620 = DEFINITIONAL_REPRESENTATION('',(#3621),#3625);
#3621 = LINE('',#3622,#3623);
#3622 = CARTESIAN_POINT('',(2.25,0.));
#3623 = VECTOR('',#3624,1.);
#3624 = DIRECTION('',(0.,-1.));
#3625 = ( GEOMETRIC_REPRESENTATION_CONTEXT(2) 
PARAMETRIC_REPRESENTATION_CONTEXT() REPRESENTATION_CONTEXT('2D SPACE',''
  ) );
#3626 = ADVANCED_FACE('',(#3627),#1405,.T.);
#3627 = FACE_BOUND('',#3628,.T.);
#3628 = EDGE_LOOP('',(#3629,#3630,#3631,#3658));
#3629 = ORIENTED_EDGE('',*,*,#1421,.T.);
#3630 = ORIENTED_EDGE('',*,*,#1391,.T.);
#3631 = ORIENTED_EDGE('',*,*,#3632,.F.);
#3632 = EDGE_CURVE('',#1472,#1364,#3633,.T.);
#3633 = SURFACE_CURVE('',#3634,(#3639,#3646),.PCURVE_S1.);
#3634 = CIRCLE('',#3635,2.25);
#3635 = AXIS2_PLACEMENT_3D('',#3636,#3637,#3638);
#3636 = CARTESIAN_POINT('',(3.25,2.25,-1.75));
#3637 = DIRECTION('',(1.,0.,-2.832769448824E-16));
#3638 = DIRECTION('',(2.832769448824E-16,0.,1.));
#3639 = PCURVE('',#1405,#3640);
#3640 = DEFINITIONAL_REPRESENTATION('',(#3641),#3645);
#3641 = LINE('',#3642,#3643);
#3642 = CARTESIAN_POINT('',(-4.712388980385,8.75));
#3643 = VECTOR('',#3644,1.);
#3644 = DIRECTION('',(1.,0.));
#3645 = ( GEOMETRIC_REPRESENTATION_CONTEXT(2) 
PARAMETRIC_REPRESENTATION_CONTEXT() REPRESENTATION_CONTEXT('2D SPACE',''
  ) );
#3646 = PCURVE('',#3647,#3652);
#3647 = SPHERICAL_SURFACE('',#3648,2.25);
#3648 = AXIS2_PLACEMENT_3D('',#3649,#3650,#3651);
#3649 = CARTESIAN_POINT('',(3.25,2.25,-1.75));
#3650 = DIRECTION('',(-0.,-1.,-0.));
#3651 = DIRECTION('',(1.,-0.,0.));
#3652 = DEFINITIONAL_REPRESENTATION('',(#3653),#3657);
#3653 = LINE('',#3654,#3655);
#3654 = CARTESIAN_POINT('',(1.570796326795,-6.28318530718));
#3655 = VECTOR('',#3656,1.);
#3656 = DIRECTION('',(0.,1.));
#3657 = ( GEOMETRIC_REPRESENTATION_CONTEXT(2) 
PARAMETRIC_REPRESENTATION_CONTEXT() REPRESENTATION_CONTEXT('2D SPACE',''
  ) );
#3658 = ORIENTED_EDGE('',*,*,#1471,.F.);
#3659 = ADVANCED_FACE('',(#3660),#1379,.T.);
#3660 = FACE_BOUND('',#3661,.F.);
#3661 = EDGE_LOOP('',(#3662,#3684,#3685,#3709));
#3662 = ORIENTED_EDGE('',*,*,#3663,.F.);
#3663 = EDGE_CURVE('',#1341,#1808,#3664,.T.);
#3664 = SURFACE_CURVE('',#3665,(#3670,#3677),.PCURVE_S1.);
#3665 = CIRCLE('',#3666,2.25);
#3666 = AXIS2_PLACEMENT_3D('',#3667,#3668,#3669);
#3667 = CARTESIAN_POINT('',(3.25,-2.25,-1.75));
#3668 = DIRECTION('',(-0.,1.,0.));
#3669 = DIRECTION('',(1.,0.,0.));
#3670 = PCURVE('',#1379,#3671);
#3671 = DEFINITIONAL_REPRESENTATION('',(#3672),#3676);
#3672 = LINE('',#3673,#3674);
#3673 = CARTESIAN_POINT('',(-6.28318530718,2.25));
#3674 = VECTOR('',#3675,1.);
#3675 = DIRECTION('',(1.,-0.));
#3676 = ( GEOMETRIC_REPRESENTATION_CONTEXT(2) 
PARAMETRIC_REPRESENTATION_CONTEXT() REPRESENTATION_CONTEXT('2D SPACE',''
  ) );
#3677 = PCURVE('',#1637,#3678);
#3678 = DEFINITIONAL_REPRESENTATION('',(#3679),#3683);
#3679 = LINE('',#3680,#3681);
#3680 = CARTESIAN_POINT('',(0.,-6.28318530718));
#3681 = VECTOR('',#3682,1.);
#3682 = DIRECTION('',(0.,1.));
#3683 = ( GEOMETRIC_REPRESENTATION_CONTEXT(2) 
PARAMETRIC_REPRESENTATION_CONTEXT() REPRESENTATION_CONTEXT('2D SPACE',''
  ) );
#3684 = ORIENTED_EDGE('',*,*,#1363,.T.);
#3685 = ORIENTED_EDGE('',*,*,#3686,.F.);
#3686 = EDGE_CURVE('',#3687,#1364,#3689,.T.);
#3687 = VERTEX_POINT('',#3688);
#3688 = CARTESIAN_POINT('',(5.5,2.25,-1.75));
#3689 = SURFACE_CURVE('',#3690,(#3695,#3702),.PCURVE_S1.);
#3690 = CIRCLE('',#3691,2.25);
#3691 = AXIS2_PLACEMENT_3D('',#3692,#3693,#3694);
#3692 = CARTESIAN_POINT('',(3.25,2.25,-1.75));
#3693 = DIRECTION('',(-0.,-1.,0.));
#3694 = DIRECTION('',(1.,-0.,0.));
#3695 = PCURVE('',#1379,#3696);
#3696 = DEFINITIONAL_REPRESENTATION('',(#3697),#3701);
#3697 = LINE('',#3698,#3699);
#3698 = CARTESIAN_POINT('',(-0.,6.75));
#3699 = VECTOR('',#3700,1.);
#3700 = DIRECTION('',(-1.,0.));
#3701 = ( GEOMETRIC_REPRESENTATION_CONTEXT(2) 
PARAMETRIC_REPRESENTATION_CONTEXT() REPRESENTATION_CONTEXT('2D SPACE',''
  ) );
#3702 = PCURVE('',#3647,#3703);
#3703 = DEFINITIONAL_REPRESENTATION('',(#3704),#3708);
#3704 = LINE('',#3705,#3706);
#3705 = CARTESIAN_POINT('',(0.,0.));
#3706 = VECTOR('',#3707,1.);
#3707 = DIRECTION('',(1.,0.));
#3708 = ( GEOMETRIC_REPRESENTATION_CONTEXT(2) 
PARAMETRIC_REPRESENTATION_CONTEXT() REPRESENTATION_CONTEXT('2D SPACE',''
  ) );
#3709 = ORIENTED_EDGE('',*,*,#3710,.F.);
#3710 = EDGE_CURVE('',#1808,#3687,#3711,.T.);
#3711 = SURFACE_CURVE('',#3712,(#3716,#3723),.PCURVE_S1.);
#3712 = LINE('',#3713,#3714);
#3713 = CARTESIAN_POINT('',(5.5,-4.5,-1.75));
#3714 = VECTOR('',#3715,1.);
#3715 = DIRECTION('',(0.,1.,0.));
#3716 = PCURVE('',#1379,#3717);
#3717 = DEFINITIONAL_REPRESENTATION('',(#3718),#3722);
#3718 = LINE('',#3719,#3720);
#3719 = CARTESIAN_POINT('',(-0.,0.));
#3720 = VECTOR('',#3721,1.);
#3721 = DIRECTION('',(-0.,1.));
#3722 = ( GEOMETRIC_REPRESENTATION_CONTEXT(2) 
PARAMETRIC_REPRESENTATION_CONTEXT() REPRESENTATION_CONTEXT('2D SPACE',''
  ) );
#3723 = PCURVE('',#1823,#3724);
#3724 = DEFINITIONAL_REPRESENTATION('',(#3725),#3729);
#3725 = LINE('',#3726,#3727);
#3726 = CARTESIAN_POINT('',(28.75,0.));
#3727 = VECTOR('',#3728,1.);
#3728 = DIRECTION('',(0.,-1.));
#3729 = ( GEOMETRIC_REPRESENTATION_CONTEXT(2) 
PARAMETRIC_REPRESENTATION_CONTEXT() REPRESENTATION_CONTEXT('2D SPACE',''
  ) );
#3730 = ADVANCED_FACE('',(#3731),#1510,.T.);
#3731 = FACE_BOUND('',#3732,.T.);
#3732 = EDGE_LOOP('',(#3733,#3754,#3776,#3777));
#3733 = ORIENTED_EDGE('',*,*,#3734,.F.);
#3734 = EDGE_CURVE('',#3583,#3687,#3735,.T.);
#3735 = SURFACE_CURVE('',#3736,(#3740,#3747),.PCURVE_S1.);
#3736 = LINE('',#3737,#3738);
#3737 = CARTESIAN_POINT('',(5.5,2.25,-30.5));
#3738 = VECTOR('',#3739,1.);
#3739 = DIRECTION('',(0.,0.,1.));
#3740 = PCURVE('',#1510,#3741);
#3741 = DEFINITIONAL_REPRESENTATION('',(#3742),#3746);
#3742 = LINE('',#3743,#3744);
#3743 = CARTESIAN_POINT('',(0.,0.));
#3744 = VECTOR('',#3745,1.);
#3745 = DIRECTION('',(0.,1.));
#3746 = ( GEOMETRIC_REPRESENTATION_CONTEXT(2) 
PARAMETRIC_REPRESENTATION_CONTEXT() REPRESENTATION_CONTEXT('2D SPACE',''
  ) );
#3747 = PCURVE('',#1823,#3748);
#3748 = DEFINITIONAL_REPRESENTATION('',(#3749),#3753);
#3749 = LINE('',#3750,#3751);
#3750 = CARTESIAN_POINT('',(0.,-6.75));
#3751 = VECTOR('',#3752,1.);
#3752 = DIRECTION('',(1.,0.));
#3753 = ( GEOMETRIC_REPRESENTATION_CONTEXT(2) 
PARAMETRIC_REPRESENTATION_CONTEXT() REPRESENTATION_CONTEXT('2D SPACE',''
  ) );
#3754 = ORIENTED_EDGE('',*,*,#3755,.T.);
#3755 = EDGE_CURVE('',#3583,#1495,#3756,.T.);
#3756 = SURFACE_CURVE('',#3757,(#3762,#3769),.PCURVE_S1.);
#3757 = CIRCLE('',#3758,2.25);
#3758 = AXIS2_PLACEMENT_3D('',#3759,#3760,#3761);
#3759 = CARTESIAN_POINT('',(3.25,2.25,-28.25));
#3760 = DIRECTION('',(0.,0.,1.));
#3761 = DIRECTION('',(1.,1.973729821556E-16,-0.));
#3762 = PCURVE('',#1510,#3763);
#3763 = DEFINITIONAL_REPRESENTATION('',(#3764),#3768);
#3764 = LINE('',#3765,#3766);
#3765 = CARTESIAN_POINT('',(0.,2.25));
#3766 = VECTOR('',#3767,1.);
#3767 = DIRECTION('',(1.,0.));
#3768 = ( GEOMETRIC_REPRESENTATION_CONTEXT(2) 
PARAMETRIC_REPRESENTATION_CONTEXT() REPRESENTATION_CONTEXT('2D SPACE',''
  ) );
#3769 = PCURVE('',#3541,#3770);
#3770 = DEFINITIONAL_REPRESENTATION('',(#3771),#3775);
#3771 = LINE('',#3772,#3773);
#3772 = CARTESIAN_POINT('',(0.,0.));
#3773 = VECTOR('',#3774,1.);
#3774 = DIRECTION('',(1.,0.));
#3775 = ( GEOMETRIC_REPRESENTATION_CONTEXT(2) 
PARAMETRIC_REPRESENTATION_CONTEXT() REPRESENTATION_CONTEXT('2D SPACE',''
  ) );
#3776 = ORIENTED_EDGE('',*,*,#1494,.T.);
#3777 = ORIENTED_EDGE('',*,*,#3778,.T.);
#3778 = EDGE_CURVE('',#1472,#3687,#3779,.T.);
#3779 = SURFACE_CURVE('',#3780,(#3785,#3792),.PCURVE_S1.);
#3780 = CIRCLE('',#3781,2.25);
#3781 = AXIS2_PLACEMENT_3D('',#3782,#3783,#3784);
#3782 = CARTESIAN_POINT('',(3.25,2.25,-1.75));
#3783 = DIRECTION('',(0.,0.,-1.));
#3784 = DIRECTION('',(1.,0.,0.));
#3785 = PCURVE('',#1510,#3786);
#3786 = DEFINITIONAL_REPRESENTATION('',(#3787),#3791);
#3787 = LINE('',#3788,#3789);
#3788 = CARTESIAN_POINT('',(6.28318530718,28.75));
#3789 = VECTOR('',#3790,1.);
#3790 = DIRECTION('',(-1.,-0.));
#3791 = ( GEOMETRIC_REPRESENTATION_CONTEXT(2) 
PARAMETRIC_REPRESENTATION_CONTEXT() REPRESENTATION_CONTEXT('2D SPACE',''
  ) );
#3792 = PCURVE('',#3647,#3793);
#3793 = DEFINITIONAL_REPRESENTATION('',(#3794),#3798);
#3794 = LINE('',#3795,#3796);
#3795 = CARTESIAN_POINT('',(0.,-6.28318530718));
#3796 = VECTOR('',#3797,1.);
#3797 = DIRECTION('',(0.,1.));
#3798 = ( GEOMETRIC_REPRESENTATION_CONTEXT(2) 
PARAMETRIC_REPRESENTATION_CONTEXT() REPRESENTATION_CONTEXT('2D SPACE',''
  ) );
#3799 = ADVANCED_FACE('',(#3800),#1637,.T.);
#3800 = FACE_BOUND('',#3801,.T.);
#3801 = EDGE_LOOP('',(#3802,#3803,#3804));
#3802 = ORIENTED_EDGE('',*,*,#3663,.F.);
#3803 = ORIENTED_EDGE('',*,*,#1622,.T.);
#3804 = ORIENTED_EDGE('',*,*,#1922,.F.);
#3805 = ADVANCED_FACE('',(#3806),#1692,.F.);
#3806 = FACE_BOUND('',#3807,.F.);
#3807 = EDGE_LOOP('',(#3808,#3809,#3810,#3834));
#3808 = ORIENTED_EDGE('',*,*,#2457,.T.);
#3809 = ORIENTED_EDGE('',*,*,#1678,.T.);
#3810 = ORIENTED_EDGE('',*,*,#3811,.F.);
#3811 = EDGE_CURVE('',#3812,#1656,#3814,.T.);
#3812 = VERTEX_POINT('',#3813);
#3813 = CARTESIAN_POINT('',(3.,-3.5,-7.5));
#3814 = SURFACE_CURVE('',#3815,(#3820,#3827),.PCURVE_S1.);
#3815 = CIRCLE('',#3816,0.5);
#3816 = AXIS2_PLACEMENT_3D('',#3817,#3818,#3819);
#3817 = CARTESIAN_POINT('',(3.,-4.,-7.5));
#3818 = DIRECTION('',(1.,0.,-6.123233995737E-17));
#3819 = DIRECTION('',(6.123233995737E-17,0.,1.));
#3820 = PCURVE('',#1692,#3821);
#3821 = DEFINITIONAL_REPRESENTATION('',(#3822),#3826);
#3822 = LINE('',#3823,#3824);
#3823 = CARTESIAN_POINT('',(-4.712388980385,6.5));
#3824 = VECTOR('',#3825,1.);
#3825 = DIRECTION('',(1.,0.));
#3826 = ( GEOMETRIC_REPRESENTATION_CONTEXT(2) 
PARAMETRIC_REPRESENTATION_CONTEXT() REPRESENTATION_CONTEXT('2D SPACE',''
  ) );
#3827 = PCURVE('',#1726,#3828);
#3828 = DEFINITIONAL_REPRESENTATION('',(#3829),#3833);
#3829 = LINE('',#3830,#3831);
#3830 = CARTESIAN_POINT('',(1.570796326795,-6.28318530718));
#3831 = VECTOR('',#3832,1.);
#3832 = DIRECTION('',(0.,1.));
#3833 = ( GEOMETRIC_REPRESENTATION_CONTEXT(2) 
PARAMETRIC_REPRESENTATION_CONTEXT() REPRESENTATION_CONTEXT('2D SPACE',''
  ) );
#3834 = ORIENTED_EDGE('',*,*,#3835,.F.);
#3835 = EDGE_CURVE('',#2434,#3812,#3836,.T.);
#3836 = SURFACE_CURVE('',#3837,(#3841,#3848),.PCURVE_S1.);
#3837 = LINE('',#3838,#3839);
#3838 = CARTESIAN_POINT('',(-3.5,-3.5,-7.5));
#3839 = VECTOR('',#3840,1.);
#3840 = DIRECTION('',(1.,0.,0.));
#3841 = PCURVE('',#1692,#3842);
#3842 = DEFINITIONAL_REPRESENTATION('',(#3843),#3847);
#3843 = LINE('',#3844,#3845);
#3844 = CARTESIAN_POINT('',(0.,0.));
#3845 = VECTOR('',#3846,1.);
#3846 = DIRECTION('',(0.,1.));
#3847 = ( GEOMETRIC_REPRESENTATION_CONTEXT(2) 
PARAMETRIC_REPRESENTATION_CONTEXT() REPRESENTATION_CONTEXT('2D SPACE',''
  ) );
#3848 = PCURVE('',#2522,#3849);
#3849 = DEFINITIONAL_REPRESENTATION('',(#3850),#3854);
#3850 = LINE('',#3851,#3852);
#3851 = CARTESIAN_POINT('',(17.5,0.));
#3852 = VECTOR('',#3853,1.);
#3853 = DIRECTION('',(0.,1.));
#3854 = ( GEOMETRIC_REPRESENTATION_CONTEXT(2) 
PARAMETRIC_REPRESENTATION_CONTEXT() REPRESENTATION_CONTEXT('2D SPACE',''
  ) );
#3855 = ADVANCED_FACE('',(#3856),#1754,.F.);
#3856 = FACE_BOUND('',#3857,.F.);
#3857 = EDGE_LOOP('',(#3858,#3859,#3860,#3886));
#3858 = ORIENTED_EDGE('',*,*,#1901,.F.);
#3859 = ORIENTED_EDGE('',*,*,#3499,.T.);
#3860 = ORIENTED_EDGE('',*,*,#3861,.T.);
#3861 = EDGE_CURVE('',#3471,#1710,#3862,.T.);
#3862 = SURFACE_CURVE('',#3863,(#3867,#3874),.PCURVE_S1.);
#3863 = LINE('',#3864,#3865);
#3864 = CARTESIAN_POINT('',(3.5,-4.,-25.));
#3865 = VECTOR('',#3866,1.);
#3866 = DIRECTION('',(0.,0.,1.));
#3867 = PCURVE('',#1754,#3868);
#3868 = DEFINITIONAL_REPRESENTATION('',(#3869),#3873);
#3869 = LINE('',#3870,#3871);
#3870 = CARTESIAN_POINT('',(0.,-1.5));
#3871 = VECTOR('',#3872,1.);
#3872 = DIRECTION('',(1.,0.));
#3873 = ( GEOMETRIC_REPRESENTATION_CONTEXT(2) 
PARAMETRIC_REPRESENTATION_CONTEXT() REPRESENTATION_CONTEXT('2D SPACE',''
  ) );
#3874 = PCURVE('',#3875,#3880);
#3875 = CYLINDRICAL_SURFACE('',#3876,0.5);
#3876 = AXIS2_PLACEMENT_3D('',#3877,#3878,#3879);
#3877 = CARTESIAN_POINT('',(3.,-4.,-25.));
#3878 = DIRECTION('',(0.,0.,1.));
#3879 = DIRECTION('',(1.,0.,-0.));
#3880 = DEFINITIONAL_REPRESENTATION('',(#3881),#3885);
#3881 = LINE('',#3882,#3883);
#3882 = CARTESIAN_POINT('',(0.,0.));
#3883 = VECTOR('',#3884,1.);
#3884 = DIRECTION('',(0.,1.));
#3885 = ( GEOMETRIC_REPRESENTATION_CONTEXT(2) 
PARAMETRIC_REPRESENTATION_CONTEXT() REPRESENTATION_CONTEXT('2D SPACE',''
  ) );
#3886 = ORIENTED_EDGE('',*,*,#1738,.F.);
#3887 = ADVANCED_FACE('',(#3888),#1726,.F.);
#3888 = FACE_BOUND('',#3889,.F.);
#3889 = EDGE_LOOP('',(#3890,#3912,#3913));
#3890 = ORIENTED_EDGE('',*,*,#3891,.F.);
#3891 = EDGE_CURVE('',#3812,#1710,#3892,.T.);
#3892 = SURFACE_CURVE('',#3893,(#3898,#3905),.PCURVE_S1.);
#3893 = CIRCLE('',#3894,0.5);
#3894 = AXIS2_PLACEMENT_3D('',#3895,#3896,#3897);
#3895 = CARTESIAN_POINT('',(3.,-4.,-7.5));
#3896 = DIRECTION('',(0.,0.,-1.));
#3897 = DIRECTION('',(1.,0.,0.));
#3898 = PCURVE('',#1726,#3899);
#3899 = DEFINITIONAL_REPRESENTATION('',(#3900),#3904);
#3900 = LINE('',#3901,#3902);
#3901 = CARTESIAN_POINT('',(0.,-6.28318530718));
#3902 = VECTOR('',#3903,1.);
#3903 = DIRECTION('',(0.,1.));
#3904 = ( GEOMETRIC_REPRESENTATION_CONTEXT(2) 
PARAMETRIC_REPRESENTATION_CONTEXT() REPRESENTATION_CONTEXT('2D SPACE',''
  ) );
#3905 = PCURVE('',#3875,#3906);
#3906 = DEFINITIONAL_REPRESENTATION('',(#3907),#3911);
#3907 = LINE('',#3908,#3909);
#3908 = CARTESIAN_POINT('',(6.28318530718,17.5));
#3909 = VECTOR('',#3910,1.);
#3910 = DIRECTION('',(-1.,-0.));
#3911 = ( GEOMETRIC_REPRESENTATION_CONTEXT(2) 
PARAMETRIC_REPRESENTATION_CONTEXT() REPRESENTATION_CONTEXT('2D SPACE',''
  ) );
#3912 = ORIENTED_EDGE('',*,*,#3811,.T.);
#3913 = ORIENTED_EDGE('',*,*,#1709,.F.);
#3914 = ADVANCED_FACE('',(#3915),#1823,.T.);
#3915 = FACE_BOUND('',#3916,.T.);
#3916 = EDGE_LOOP('',(#3917,#3918,#3919,#3920));
#3917 = ORIENTED_EDGE('',*,*,#1805,.F.);
#3918 = ORIENTED_EDGE('',*,*,#3606,.T.);
#3919 = ORIENTED_EDGE('',*,*,#3734,.T.);
#3920 = ORIENTED_EDGE('',*,*,#3710,.F.);
#3921 = ADVANCED_FACE('',(#3922),#1850,.T.);
#3922 = FACE_BOUND('',#3923,.F.);
#3923 = EDGE_LOOP('',(#3924,#3925,#3926));
#3924 = ORIENTED_EDGE('',*,*,#3559,.F.);
#3925 = ORIENTED_EDGE('',*,*,#2621,.T.);
#3926 = ORIENTED_EDGE('',*,*,#1835,.F.);
#3927 = ADVANCED_FACE('',(#3928,#4010,#4013),#2275,.F.);
#3928 = FACE_BOUND('',#3929,.F.);
#3929 = EDGE_LOOP('',(#3930,#3955,#3982,#3983));
#3930 = ORIENTED_EDGE('',*,*,#3931,.T.);
#3931 = EDGE_CURVE('',#3932,#3934,#3936,.T.);
#3932 = VERTEX_POINT('',#3933);
#3933 = CARTESIAN_POINT('',(2.9,-2.204364238465E-16,-30.));
#3934 = VERTEX_POINT('',#3935);
#3935 = CARTESIAN_POINT('',(2.9,-2.204364238465E-16,0.));
#3936 = SEAM_CURVE('',#3937,(#3941,#3948),.PCURVE_S1.);
#3937 = LINE('',#3938,#3939);
#3938 = CARTESIAN_POINT('',(2.9,-2.204364238465E-16,-30.));
#3939 = VECTOR('',#3940,1.);
#3940 = DIRECTION('',(0.,0.,1.));
#3941 = PCURVE('',#2275,#3942);
#3942 = DEFINITIONAL_REPRESENTATION('',(#3943),#3947);
#3943 = LINE('',#3944,#3945);
#3944 = CARTESIAN_POINT('',(6.28318530718,-0.));
#3945 = VECTOR('',#3946,1.);
#3946 = DIRECTION('',(0.,1.));
#3947 = ( GEOMETRIC_REPRESENTATION_CONTEXT(2) 
PARAMETRIC_REPRESENTATION_CONTEXT() REPRESENTATION_CONTEXT('2D SPACE',''
  ) );
#3948 = PCURVE('',#2275,#3949);
#3949 = DEFINITIONAL_REPRESENTATION('',(#3950),#3954);
#3950 = LINE('',#3951,#3952);
#3951 = CARTESIAN_POINT('',(0.,-0.));
#3952 = VECTOR('',#3953,1.);
#3953 = DIRECTION('',(0.,1.));
#3954 = ( GEOMETRIC_REPRESENTATION_CONTEXT(2) 
PARAMETRIC_REPRESENTATION_CONTEXT() REPRESENTATION_CONTEXT('2D SPACE',''
  ) );
#3955 = ORIENTED_EDGE('',*,*,#3956,.F.);
#3956 = EDGE_CURVE('',#3934,#3934,#3957,.T.);
#3957 = SURFACE_CURVE('',#3958,(#3963,#3970),.PCURVE_S1.);
#3958 = CIRCLE('',#3959,0.9);
#3959 = AXIS2_PLACEMENT_3D('',#3960,#3961,#3962);
#3960 = CARTESIAN_POINT('',(2.,0.,0.));
#3961 = DIRECTION('',(0.,0.,1.));
#3962 = DIRECTION('',(1.,0.,-0.));
#3963 = PCURVE('',#2275,#3964);
#3964 = DEFINITIONAL_REPRESENTATION('',(#3965),#3969);
#3965 = LINE('',#3966,#3967);
#3966 = CARTESIAN_POINT('',(0.,30.));
#3967 = VECTOR('',#3968,1.);
#3968 = DIRECTION('',(1.,0.));
#3969 = ( GEOMETRIC_REPRESENTATION_CONTEXT(2) 
PARAMETRIC_REPRESENTATION_CONTEXT() REPRESENTATION_CONTEXT('2D SPACE',''
  ) );
#3970 = PCURVE('',#3971,#3976);
#3971 = PLANE('',#3972);
#3972 = AXIS2_PLACEMENT_3D('',#3973,#3974,#3975);
#3973 = CARTESIAN_POINT('',(2.,0.,0.));
#3974 = DIRECTION('',(0.,0.,1.));
#3975 = DIRECTION('',(1.,0.,-0.));
#3976 = DEFINITIONAL_REPRESENTATION('',(#3977),#3981);
#3977 = CIRCLE('',#3978,0.9);
#3978 = AXIS2_PLACEMENT_2D('',#3979,#3980);
#3979 = CARTESIAN_POINT('',(0.,0.));
#3980 = DIRECTION('',(1.,0.));
#3981 = ( GEOMETRIC_REPRESENTATION_CONTEXT(2) 
PARAMETRIC_REPRESENTATION_CONTEXT() REPRESENTATION_CONTEXT('2D SPACE',''
  ) );
#3982 = ORIENTED_EDGE('',*,*,#3931,.F.);
#3983 = ORIENTED_EDGE('',*,*,#3984,.T.);
#3984 = EDGE_CURVE('',#3932,#3932,#3985,.T.);
#3985 = SURFACE_CURVE('',#3986,(#3991,#3998),.PCURVE_S1.);
#3986 = CIRCLE('',#3987,0.9);
#3987 = AXIS2_PLACEMENT_3D('',#3988,#3989,#3990);
#3988 = CARTESIAN_POINT('',(2.,0.,-30.));
#3989 = DIRECTION('',(0.,0.,1.));
#3990 = DIRECTION('',(1.,0.,-0.));
#3991 = PCURVE('',#2275,#3992);
#3992 = DEFINITIONAL_REPRESENTATION('',(#3993),#3997);
#3993 = LINE('',#3994,#3995);
#3994 = CARTESIAN_POINT('',(0.,0.));
#3995 = VECTOR('',#3996,1.);
#3996 = DIRECTION('',(1.,0.));
#3997 = ( GEOMETRIC_REPRESENTATION_CONTEXT(2) 
PARAMETRIC_REPRESENTATION_CONTEXT() REPRESENTATION_CONTEXT('2D SPACE',''
  ) );
#3998 = PCURVE('',#3999,#4004);
#3999 = PLANE('',#4000);
#4000 = AXIS2_PLACEMENT_3D('',#4001,#4002,#4003);
#4001 = CARTESIAN_POINT('',(2.,0.,-30.));
#4002 = DIRECTION('',(0.,0.,1.));
#4003 = DIRECTION('',(1.,0.,-0.));
#4004 = DEFINITIONAL_REPRESENTATION('',(#4005),#4009);
#4005 = CIRCLE('',#4006,0.9);
#4006 = AXIS2_PLACEMENT_2D('',#4007,#4008);
#4007 = CARTESIAN_POINT('',(0.,0.));
#4008 = DIRECTION('',(1.,0.));
#4009 = ( GEOMETRIC_REPRESENTATION_CONTEXT(2) 
PARAMETRIC_REPRESENTATION_CONTEXT() REPRESENTATION_CONTEXT('2D SPACE',''
  ) );
#4010 = FACE_BOUND('',#4011,.F.);
#4011 = EDGE_LOOP('',(#4012));
#4012 = ORIENTED_EDGE('',*,*,#3013,.T.);
#4013 = FACE_BOUND('',#4014,.F.);
#4014 = EDGE_LOOP('',(#4015));
#4015 = ORIENTED_EDGE('',*,*,#1973,.T.);
#4016 = ADVANCED_FACE('',(#4017),#2522,.F.);
#4017 = FACE_BOUND('',#4018,.F.);
#4018 = EDGE_LOOP('',(#4019,#4020,#4021,#4044));
#4019 = ORIENTED_EDGE('',*,*,#2508,.T.);
#4020 = ORIENTED_EDGE('',*,*,#3835,.T.);
#4021 = ORIENTED_EDGE('',*,*,#4022,.F.);
#4022 = EDGE_CURVE('',#4023,#3812,#4025,.T.);
#4023 = VERTEX_POINT('',#4024);
#4024 = CARTESIAN_POINT('',(3.,-3.5,-24.5));
#4025 = SURFACE_CURVE('',#4026,(#4030,#4037),.PCURVE_S1.);
#4026 = LINE('',#4027,#4028);
#4027 = CARTESIAN_POINT('',(3.,-3.5,-25.));
#4028 = VECTOR('',#4029,1.);
#4029 = DIRECTION('',(0.,0.,1.));
#4030 = PCURVE('',#2522,#4031);
#4031 = DEFINITIONAL_REPRESENTATION('',(#4032),#4036);
#4032 = LINE('',#4033,#4034);
#4033 = CARTESIAN_POINT('',(0.,6.5));
#4034 = VECTOR('',#4035,1.);
#4035 = DIRECTION('',(1.,0.));
#4036 = ( GEOMETRIC_REPRESENTATION_CONTEXT(2) 
PARAMETRIC_REPRESENTATION_CONTEXT() REPRESENTATION_CONTEXT('2D SPACE',''
  ) );
#4037 = PCURVE('',#3875,#4038);
#4038 = DEFINITIONAL_REPRESENTATION('',(#4039),#4043);
#4039 = LINE('',#4040,#4041);
#4040 = CARTESIAN_POINT('',(1.570796326795,0.));
#4041 = VECTOR('',#4042,1.);
#4042 = DIRECTION('',(0.,1.));
#4043 = ( GEOMETRIC_REPRESENTATION_CONTEXT(2) 
PARAMETRIC_REPRESENTATION_CONTEXT() REPRESENTATION_CONTEXT('2D SPACE',''
  ) );
#4044 = ORIENTED_EDGE('',*,*,#4045,.F.);
#4045 = EDGE_CURVE('',#2485,#4023,#4046,.T.);
#4046 = SURFACE_CURVE('',#4047,(#4051,#4058),.PCURVE_S1.);
#4047 = LINE('',#4048,#4049);
#4048 = CARTESIAN_POINT('',(-3.5,-3.5,-24.5));
#4049 = VECTOR('',#4050,1.);
#4050 = DIRECTION('',(1.,0.,0.));
#4051 = PCURVE('',#2522,#4052);
#4052 = DEFINITIONAL_REPRESENTATION('',(#4053),#4057);
#4053 = LINE('',#4054,#4055);
#4054 = CARTESIAN_POINT('',(0.5,0.));
#4055 = VECTOR('',#4056,1.);
#4056 = DIRECTION('',(0.,1.));
#4057 = ( GEOMETRIC_REPRESENTATION_CONTEXT(2) 
PARAMETRIC_REPRESENTATION_CONTEXT() REPRESENTATION_CONTEXT('2D SPACE',''
  ) );
#4058 = PCURVE('',#2554,#4059);
#4059 = DEFINITIONAL_REPRESENTATION('',(#4060),#4064);
#4060 = LINE('',#4061,#4062);
#4061 = CARTESIAN_POINT('',(-0.,0.));
#4062 = VECTOR('',#4063,1.);
#4063 = DIRECTION('',(-0.,1.));
#4064 = ( GEOMETRIC_REPRESENTATION_CONTEXT(2) 
PARAMETRIC_REPRESENTATION_CONTEXT() REPRESENTATION_CONTEXT('2D SPACE',''
  ) );
#4065 = ADVANCED_FACE('',(#4066),#2554,.F.);
#4066 = FACE_BOUND('',#4067,.T.);
#4067 = EDGE_LOOP('',(#4068,#4069,#4070,#4092));
#4068 = ORIENTED_EDGE('',*,*,#2539,.F.);
#4069 = ORIENTED_EDGE('',*,*,#2595,.T.);
#4070 = ORIENTED_EDGE('',*,*,#4071,.T.);
#4071 = EDGE_CURVE('',#2573,#4023,#4072,.T.);
#4072 = SURFACE_CURVE('',#4073,(#4078,#4085),.PCURVE_S1.);
#4073 = CIRCLE('',#4074,0.5);
#4074 = AXIS2_PLACEMENT_3D('',#4075,#4076,#4077);
#4075 = CARTESIAN_POINT('',(3.,-4.,-24.5));
#4076 = DIRECTION('',(1.,-6.123233995737E-17,0.));
#4077 = DIRECTION('',(6.123233995737E-17,1.,0.));
#4078 = PCURVE('',#2554,#4079);
#4079 = DEFINITIONAL_REPRESENTATION('',(#4080),#4084);
#4080 = LINE('',#4081,#4082);
#4081 = CARTESIAN_POINT('',(-6.28318530718,6.5));
#4082 = VECTOR('',#4083,1.);
#4083 = DIRECTION('',(1.,-0.));
#4084 = ( GEOMETRIC_REPRESENTATION_CONTEXT(2) 
PARAMETRIC_REPRESENTATION_CONTEXT() REPRESENTATION_CONTEXT('2D SPACE',''
  ) );
#4085 = PCURVE('',#3487,#4086);
#4086 = DEFINITIONAL_REPRESENTATION('',(#4087),#4091);
#4087 = LINE('',#4088,#4089);
#4088 = CARTESIAN_POINT('',(1.570796326795,-6.28318530718));
#4089 = VECTOR('',#4090,1.);
#4090 = DIRECTION('',(0.,1.));
#4091 = ( GEOMETRIC_REPRESENTATION_CONTEXT(2) 
PARAMETRIC_REPRESENTATION_CONTEXT() REPRESENTATION_CONTEXT('2D SPACE',''
  ) );
#4092 = ORIENTED_EDGE('',*,*,#4045,.F.);
#4093 = ADVANCED_FACE('',(#4094),#3487,.F.);
#4094 = FACE_BOUND('',#4095,.F.);
#4095 = EDGE_LOOP('',(#4096,#4097,#4098));
#4096 = ORIENTED_EDGE('',*,*,#3470,.F.);
#4097 = ORIENTED_EDGE('',*,*,#4071,.T.);
#4098 = ORIENTED_EDGE('',*,*,#4099,.F.);
#4099 = EDGE_CURVE('',#3471,#4023,#4100,.T.);
#4100 = SURFACE_CURVE('',#4101,(#4106,#4113),.PCURVE_S1.);
#4101 = CIRCLE('',#4102,0.5);
#4102 = AXIS2_PLACEMENT_3D('',#4103,#4104,#4105);
#4103 = CARTESIAN_POINT('',(3.,-4.,-24.5));
#4104 = DIRECTION('',(0.,0.,1.));
#4105 = DIRECTION('',(1.,2.22044604925E-16,-0.));
#4106 = PCURVE('',#3487,#4107);
#4107 = DEFINITIONAL_REPRESENTATION('',(#4108),#4112);
#4108 = LINE('',#4109,#4110);
#4109 = CARTESIAN_POINT('',(0.,0.));
#4110 = VECTOR('',#4111,1.);
#4111 = DIRECTION('',(1.,0.));
#4112 = ( GEOMETRIC_REPRESENTATION_CONTEXT(2) 
PARAMETRIC_REPRESENTATION_CONTEXT() REPRESENTATION_CONTEXT('2D SPACE',''
  ) );
#4113 = PCURVE('',#3875,#4114);
#4114 = DEFINITIONAL_REPRESENTATION('',(#4115),#4119);
#4115 = LINE('',#4116,#4117);
#4116 = CARTESIAN_POINT('',(0.,0.5));
#4117 = VECTOR('',#4118,1.);
#4118 = DIRECTION('',(1.,0.));
#4119 = ( GEOMETRIC_REPRESENTATION_CONTEXT(2) 
PARAMETRIC_REPRESENTATION_CONTEXT() REPRESENTATION_CONTEXT('2D SPACE',''
  ) );
#4120 = ADVANCED_FACE('',(#4121),#3541,.T.);
#4121 = FACE_BOUND('',#4122,.T.);
#4122 = EDGE_LOOP('',(#4123,#4124,#4125));
#4123 = ORIENTED_EDGE('',*,*,#3582,.F.);
#4124 = ORIENTED_EDGE('',*,*,#3526,.T.);
#4125 = ORIENTED_EDGE('',*,*,#3755,.F.);
#4126 = ADVANCED_FACE('',(#4127),#3647,.T.);
#4127 = FACE_BOUND('',#4128,.T.);
#4128 = EDGE_LOOP('',(#4129,#4130,#4131));
#4129 = ORIENTED_EDGE('',*,*,#3778,.F.);
#4130 = ORIENTED_EDGE('',*,*,#3632,.T.);
#4131 = ORIENTED_EDGE('',*,*,#3686,.F.);
#4132 = ADVANCED_FACE('',(#4133),#3875,.F.);
#4133 = FACE_BOUND('',#4134,.F.);
#4134 = EDGE_LOOP('',(#4135,#4136,#4137,#4138));
#4135 = ORIENTED_EDGE('',*,*,#3861,.F.);
#4136 = ORIENTED_EDGE('',*,*,#4099,.T.);
#4137 = ORIENTED_EDGE('',*,*,#4022,.T.);
#4138 = ORIENTED_EDGE('',*,*,#3891,.T.);
#4139 = ADVANCED_FACE('',(#4140),#3999,.T.);
#4140 = FACE_BOUND('',#4141,.F.);
#4141 = EDGE_LOOP('',(#4142));
#4142 = ORIENTED_EDGE('',*,*,#3984,.F.);
#4143 = ADVANCED_FACE('',(#4144),#3971,.F.);
#4144 = FACE_BOUND('',#4145,.F.);
#4145 = EDGE_LOOP('',(#4146));
#4146 = ORIENTED_EDGE('',*,*,#3956,.T.);
#4147 = ( GEOMETRIC_REPRESENTATION_CONTEXT(3) 
GLOBAL_UNCERTAINTY_ASSIGNED_CONTEXT((#4151)) 
GLOBAL_UNIT_ASSIGNED_CONTEXT((#4148,#4149,#4150)) REPRESENTATION_CONTEXT
('Context #1','3D Context with UNIT and UNCERTAINTY') );
#4148 = ( LENGTH_UNIT() NAMED_UNIT(*) SI_UNIT(.MILLI.,.METRE.) );
#4149 = ( NAMED_UNIT(*) PLANE_ANGLE_UNIT() SI_UNIT($,.RADIAN.) );
#4150 = ( NAMED_UNIT(*) SI_UNIT($,.STERADIAN.) SOLID_ANGLE_UNIT() );
#4151 = UNCERTAINTY_MEASURE_WITH_UNIT(LENGTH_MEASURE(1.E-07),#4148,
  'distance_accuracy_value','confusion accuracy');
#4152 = PRODUCT_RELATED_PRODUCT_CATEGORY('part',$,(#7));
ENDSEC;
END-ISO-10303-21;
