ISO-10303-21;
HEADER;
FILE_DESCRIPTION(('Open CASCADE Model'),'2;1');
FILE_NAME('Open CASCADE Shape Model','2026-08-23T11:27:52',('Author'),(
    'Open CASCADE'),'Open CASCADE STEP processor 7.9','Open CASCADE 7.9'
  ,'Unknown');
FILE_SCHEMA(('AUTOMOTIVE_DESIGN { 1 0 10303 214 1 1 1 1 }'));
ENDSEC;
DATA;
#1 = APPLICATION_PROTOCOL_DEFINITION('international standard',
  'automotive_design',2000,#2);
#2 = APPLICATION_CONTEXT(
  'core data for automotive mechanical design processes');
#3 = SHAPE_DEFINITION_REPRESENTATION(#4,#10);
#4 = PRODUCT_DEFINITION_SHAPE('','',#5);
#5 = PRODUCT_DEFINITION('design','',#6,#9);
#6 = PRODUCT_DEFINITION_FORMATION('','',#7);
#7 = PRODUCT('Open CASCADE STEP translator 7.9 11',
  'Open CASCADE STEP translator 7.9 11','',(#8));
#8 = PRODUCT_CONTEXT('',#2,'mechanical');
#9 = PRODUCT_DEFINITION_CONTEXT('part definition',#2,'design');
#10 = ADVANCED_BREP_SHAPE_REPRESENTATION('',(#11,#15),#9384);
#11 = AXIS2_PLACEMENT_3D('',#12,#13,#14);
#12 = CARTESIAN_POINT('',(0.,0.,0.));
#13 = DIRECTION('',(0.,0.,1.));
#14 = DIRECTION('',(1.,0.,-0.));
#15 = MANIFOLD_SOLID_BREP('',#16);
#16 = CLOSED_SHELL('',(#17,#851,#1069,#1603,#1734,#1835,#1881,#2001,
    #2089,#2284,#2843,#2930,#3040,#3086,#3186,#3251,#3300,#3420,#3453,
    #3646,#3701,#3872,#3921,#4011,#4204,#4449,#4498,#4602,#4783,#4837,
    #4981,#5071,#5110,#5149,#5339,#5378,#5484,#5602,#5708,#5843,#5987,
    #6081,#6433,#6477,#6660,#6687,#6715,#6721,#6833,#6839,#6845,#7385,
    #7391,#7453,#7515,#7634,#7711,#7792,#7869,#7950,#8040,#8046,#8141,
    #8264,#8310,#8428,#8501,#8622,#8668,#8755,#8828,#8901,#8998,#9065,
    #9121,#9193,#9249,#9372,#9378));
#17 = ADVANCED_FACE('',(#18),#37,.T.);
#18 = FACE_BOUND('',#19,.T.);
#19 = EDGE_LOOP('',(#20,#81,#121,#173,#261,#286,#326,#388,#440,#464,#518
    ,#558,#592,#671,#696,#733,#795,#829));
#20 = ORIENTED_EDGE('',*,*,#21,.F.);
#21 = EDGE_CURVE('',#22,#24,#26,.T.);
#22 = VERTEX_POINT('',#23);
#23 = CARTESIAN_POINT('',(-47.21683574305,-18.10841770808,
    208.89025206304));
#24 = VERTEX_POINT('',#25);
#25 = CARTESIAN_POINT('',(-48.77781136122,-18.88890551296,
    272.89025206304));
#26 = SURFACE_CURVE('',#27,(#36,#49),.PCURVE_S1.);
#27 = B_SPLINE_CURVE_WITH_KNOTS('',3,(#28,#29,#30,#31,#32,#33,#34,#35),
  .UNSPECIFIED.,.F.,.F.,(4,2,2,4),(-3.231589924731,-0.219430620577,
    81.920791292606,84.93295059676),.UNSPECIFIED.);
#28 = CARTESIAN_POINT('',(-46.92656019896,-17.96328,196.98896));
#29 = CARTESIAN_POINT('',(-46.95104019896,-17.97552,197.99264));
#30 = CARTESIAN_POINT('',(-46.97552019896,-17.98776,198.99632));
#31 = CARTESIAN_POINT('',(-47.66755872738,-18.3337792642,227.36989966504
    ));
#32 = CARTESIAN_POINT('',(-48.33511725579,-18.66755852841,
    254.73979933009));
#33 = CARTESIAN_POINT('',(-49.02715578421,-19.01357779262,
    283.11337899513));
#34 = CARTESIAN_POINT('',(-49.05163578421,-19.02581779262,
    284.11705899513));
#35 = CARTESIAN_POINT('',(-49.07611578421,-19.03805779262,
    285.12073899513));
#36 = PCURVE('',#37,#42);
#37 = B_SPLINE_SURFACE_WITH_KNOTS('',1,1,(
    (#38,#39)
    ,(#40,#41)),.UNSPECIFIED.,.F.,.F.,.F.,(2,2),(2,2),(0.,116.),(0.,1.),
  .PIECEWISE_BEZIER_KNOTS.);
#38 = CARTESIAN_POINT('',(-56.,-18.,200.));
#39 = CARTESIAN_POINT('',(-58.,-19.,282.));
#40 = CARTESIAN_POINT('',(56.,-18.,200.));
#41 = CARTESIAN_POINT('',(58.,-19.,282.));
#42 = DEFINITIONAL_REPRESENTATION('',(#43),#48);
#43 = B_SPLINE_CURVE_WITH_KNOTS('',3,(#44,#45,#46,#47),.UNSPECIFIED.,.F.
  ,.F.,(4,4),(8.674126246146,72.697917184108),.PIECEWISE_BEZIER_KNOTS.);
#44 = CARTESIAN_POINT('',(9.285474309905,0.108417708086));
#45 = CARTESIAN_POINT('',(9.199530347545,0.368580309552));
#46 = CARTESIAN_POINT('',(9.115971589184,0.628742911174));
#47 = CARTESIAN_POINT('',(9.034609849078,0.888905512964));
#48 = ( GEOMETRIC_REPRESENTATION_CONTEXT(2) 
PARAMETRIC_REPRESENTATION_CONTEXT() REPRESENTATION_CONTEXT('2D SPACE',''
  ) );
#49 = PCURVE('',#50,#75);
#50 = ( BOUNDED_SURFACE() B_SPLINE_SURFACE(2,3,(
    (#51,#52,#53,#54,#55,#56,#57,#58)
    ,(#59,#60,#61,#62,#63,#64,#65,#66)
    ,(#67,#68,#69,#70,#71,#72,#73,#74
)),.UNSPECIFIED.,.F.,.F.,.F.) B_SPLINE_SURFACE_WITH_KNOTS((3,3),(4,2,2,4
    ),(0.,82.140221913184),(-3.231589924731,-0.219430620577,
    81.920791292606,84.93295059676),.UNSPECIFIED.) 
GEOMETRIC_REPRESENTATION_ITEM() RATIONAL_B_SPLINE_SURFACE((
    (1.,1.,1.,1.,1.,1.,1.,1.)
    ,(0.707211895919,0.707211895919,0.707211895919,0.707211895919
      ,0.707211895919,0.707211895919,0.707211895919,0.707211895919)
,(1.,1.,1.,1.,1.,1.,1.,1.))) REPRESENTATION_ITEM('') SURFACE() );
#51 = CARTESIAN_POINT('',(-46.92656019896,-17.96328,196.98896));
#52 = CARTESIAN_POINT('',(-46.95104019896,-17.97552,197.99264));
#53 = CARTESIAN_POINT('',(-46.97552019896,-17.98776,198.99632));
#54 = CARTESIAN_POINT('',(-47.66755872738,-18.3337792642,227.36989966504
    ));
#55 = CARTESIAN_POINT('',(-48.33511725579,-18.66755852841,
    254.73979933009));
#56 = CARTESIAN_POINT('',(-49.02715578421,-19.01357779262,
    283.11337899513));
#57 = CARTESIAN_POINT('',(-49.05163578421,-19.02581779262,
    284.11705899513));
#58 = CARTESIAN_POINT('',(-49.07611578421,-19.03805779262,
    285.12073899513));
#59 = CARTESIAN_POINT('',(-55.92121002241,-17.9606050112,196.7696109188)
  );
#60 = CARTESIAN_POINT('',(-55.94569002241,-17.9728450112,197.7732909188)
  );
#61 = CARTESIAN_POINT('',(-55.97017002241,-17.9850850112,198.7769709188)
  );
#62 = CARTESIAN_POINT('',(-56.66220855082,-18.33110427541,
    227.15055058385));
#63 = CARTESIAN_POINT('',(-57.32976707924,-18.66488353962,
    254.52045024889));
#64 = CARTESIAN_POINT('',(-58.02180560765,-19.01090280382,
    282.89402991394));
#65 = CARTESIAN_POINT('',(-58.04628560765,-19.02314280382,
    283.89770991394));
#66 = CARTESIAN_POINT('',(-58.07076560765,-19.03538280382,
    284.90138991394));
#67 = CARTESIAN_POINT('',(-55.92388441475,-8.963949169859,
    196.87926100486));
#68 = CARTESIAN_POINT('',(-55.94836441475,-8.976189169859,
    197.88294100486));
#69 = CARTESIAN_POINT('',(-55.97284441475,-8.988429169859,
    198.88662100486));
#70 = CARTESIAN_POINT('',(-56.66488294316,-9.334448434066,227.2602006699
    ));
#71 = CARTESIAN_POINT('',(-57.33244147158,-9.668227698274,
    254.63010033495));
#72 = CARTESIAN_POINT('',(-58.02448,-10.01424696248,283.00368));
#73 = CARTESIAN_POINT('',(-58.04896,-10.02648696248,284.00736));
#74 = CARTESIAN_POINT('',(-58.07344,-10.03872696248,285.01104));
#75 = DEFINITIONAL_REPRESENTATION('',(#76),#80);
#76 = LINE('',#77,#78);
#77 = CARTESIAN_POINT('',(0.,0.));
#78 = VECTOR('',#79,1.);
#79 = DIRECTION('',(0.,1.));
#80 = ( GEOMETRIC_REPRESENTATION_CONTEXT(2) 
PARAMETRIC_REPRESENTATION_CONTEXT() REPRESENTATION_CONTEXT('2D SPACE',''
  ) );
#81 = ORIENTED_EDGE('',*,*,#82,.T.);
#82 = EDGE_CURVE('',#22,#83,#85,.T.);
#83 = VERTEX_POINT('',#84);
#84 = CARTESIAN_POINT('',(-43.26,-18.10841770808,208.89025206304));
#85 = SURFACE_CURVE('',#86,(#92,#98),.PCURVE_S1.);
#86 = B_SPLINE_CURVE_WITH_KNOTS('',2,(#87,#88,#89,#90,#91),
  .UNSPECIFIED.,.F.,.F.,(3,1,1,3),(-4.329475416172,-0.216835416172,
    112.21683541617,116.32947541617),.UNSPECIFIED.);
#87 = CARTESIAN_POINT('',(-60.32947541617,-18.10841770808,
    208.89025206304));
#88 = CARTESIAN_POINT('',(-58.27315541617,-18.10841770808,
    208.89025206304));
#89 = CARTESIAN_POINT('',(-7.105427357601E-15,-18.10841770808,
    208.89025206304));
#90 = CARTESIAN_POINT('',(58.273155416172,-18.10841770808,
    208.89025206304));
#91 = CARTESIAN_POINT('',(60.329475416172,-18.10841770808,
    208.89025206304));
#92 = PCURVE('',#37,#93);
#93 = DEFINITIONAL_REPRESENTATION('',(#94),#97);
#94 = B_SPLINE_CURVE_WITH_KNOTS('',1,(#95,#96),.UNSPECIFIED.,.F.,.F.,(2,
    2),(-0.216835416172,112.21683541617),.PIECEWISE_BEZIER_KNOTS.);
#95 = CARTESIAN_POINT('',(-1.887379141863E-14,0.108417708086));
#96 = CARTESIAN_POINT('',(116.,0.108417708086));
#97 = ( GEOMETRIC_REPRESENTATION_CONTEXT(2) 
PARAMETRIC_REPRESENTATION_CONTEXT() REPRESENTATION_CONTEXT('2D SPACE',''
  ) );
#98 = PCURVE('',#99,#115);
#99 = ( BOUNDED_SURFACE() B_SPLINE_SURFACE(2,2,(
    (#100,#101,#102,#103,#104)
    ,(#105,#106,#107,#108,#109)
    ,(#110,#111,#112,#113,#114
)),.UNSPECIFIED.,.F.,.F.,.F.) B_SPLINE_SURFACE_WITH_KNOTS((3,3),(3,1,1,3
    ),(0.,112.43367083234),(-4.329475416172,-0.216835416172,
    112.21683541617,116.32947541617),.UNSPECIFIED.) 
GEOMETRIC_REPRESENTATION_ITEM() RATIONAL_B_SPLINE_SURFACE((
    (1.,1.,1.,1.,1.)
    ,(0.711405023604,0.711405023604,0.711405023604,0.711405023604
      ,0.711405023604)
,(1.,1.,1.,1.,1.))) REPRESENTATION_ITEM('') SURFACE() );
#100 = CARTESIAN_POINT('',(-60.32947541617,-18.10841770808,
    208.89025206304));
#101 = CARTESIAN_POINT('',(-58.27315541617,-18.10841770808,
    208.89025206304));
#102 = CARTESIAN_POINT('',(-7.105427357601E-15,-18.10841770808,
    208.89025206304));
#103 = CARTESIAN_POINT('',(58.273155416172,-18.10841770808,
    208.89025206304));
#104 = CARTESIAN_POINT('',(60.329475416172,-18.10841770808,
    208.89025206304));
#105 = CARTESIAN_POINT('',(-60.32947541617,-18.,200.));
#106 = CARTESIAN_POINT('',(-58.27315541617,-18.,200.));
#107 = CARTESIAN_POINT('',(-1.498181863042E-14,-18.,200.));
#108 = CARTESIAN_POINT('',(58.273155416172,-18.,200.));
#109 = CARTESIAN_POINT('',(60.329475416172,-18.,200.));
#110 = CARTESIAN_POINT('',(-60.32947541617,-9.109086877944,200.));
#111 = CARTESIAN_POINT('',(-58.27315541617,-9.109086877944,200.));
#112 = CARTESIAN_POINT('',(-1.42108547152E-14,-9.109086877944,200.));
#113 = CARTESIAN_POINT('',(58.273155416172,-9.109086877944,200.));
#114 = CARTESIAN_POINT('',(60.329475416172,-9.109086877944,200.));
#115 = DEFINITIONAL_REPRESENTATION('',(#116),#120);
#116 = LINE('',#117,#118);
#117 = CARTESIAN_POINT('',(0.,0.));
#118 = VECTOR('',#119,1.);
#119 = DIRECTION('',(0.,1.));
#120 = ( GEOMETRIC_REPRESENTATION_CONTEXT(2) 
PARAMETRIC_REPRESENTATION_CONTEXT() REPRESENTATION_CONTEXT('2D SPACE',''
  ) );
#121 = ORIENTED_EDGE('',*,*,#122,.T.);
#122 = EDGE_CURVE('',#83,#123,#125,.T.);
#123 = VERTEX_POINT('',#124);
#124 = CARTESIAN_POINT('',(-43.26,-18.72719512195,259.63));
#125 = SURFACE_CURVE('',#126,(#138,#153),.PCURVE_S1.);
#126 = B_SPLINE_CURVE_WITH_KNOTS('',4,(#127,#128,#129,#130,#131,#132,
    #133,#134,#135,#136,#137),.UNSPECIFIED.,.F.,.F.,(5,3,3,5),(0.,
    0.499502116778,0.962420843201,1.),.UNSPECIFIED.);
#127 = CARTESIAN_POINT('',(-43.26,-18.10841710808,208.89020286304));
#128 = CARTESIAN_POINT('',(-43.26,-18.18568672525,215.22631147061));
#129 = CARTESIAN_POINT('',(-43.26,-18.26295655466,221.56243748288));
#130 = CARTESIAN_POINT('',(-43.26,-18.34022659051,227.8985804219));
#131 = CARTESIAN_POINT('',(-43.26,-18.48910781436,240.10684077778));
#132 = CARTESIAN_POINT('',(-43.26,-18.56071897401,245.97895586908));
#133 = CARTESIAN_POINT('',(-43.26,-18.63233030192,251.85108475772));
#134 = CARTESIAN_POINT('',(-43.26,-18.70975512436,258.19992019821));
#135 = CARTESIAN_POINT('',(-43.26,-18.71556845581,258.67661337685));
#136 = CARTESIAN_POINT('',(-43.26,-18.72138178834,259.15330664435));
#137 = CARTESIAN_POINT('',(-43.26,-18.72719512195,259.63));
#138 = PCURVE('',#37,#139);
#139 = DEFINITIONAL_REPRESENTATION('',(#140),#152);
#140 = B_SPLINE_CURVE_WITH_KNOTS('',4,(#141,#142,#143,#144,#145,#146,
    #147,#148,#149,#150,#151),.UNSPECIFIED.,.F.,.F.,(5,3,3,5),(0.,
    0.499502116778,0.962420843201,1.),.UNSPECIFIED.);
#141 = CARTESIAN_POINT('',(13.367817576639,0.108417108086));
#142 = CARTESIAN_POINT('',(13.490510776895,0.185686725251));
#143 = CARTESIAN_POINT('',(13.612304896709,0.262956554669));
#144 = CARTESIAN_POINT('',(13.733214747146,0.340226590511));
#145 = CARTESIAN_POINT('',(13.964502588511,0.489107814363));
#146 = CARTESIAN_POINT('',(14.075003363531,0.560718974013));
#147 = CARTESIAN_POINT('',(14.184768117564,0.632330301923));
#148 = CARTESIAN_POINT('',(14.302659388504,0.709755124369));
#149 = CARTESIAN_POINT('',(14.311506311104,0.715568455815));
#150 = CARTESIAN_POINT('',(14.320348442058,0.721381788346));
#151 = CARTESIAN_POINT('',(14.329185817604,0.727195121951));
#152 = ( GEOMETRIC_REPRESENTATION_CONTEXT(2) 
PARAMETRIC_REPRESENTATION_CONTEXT() REPRESENTATION_CONTEXT('2D SPACE',''
  ) );
#153 = PCURVE('',#154,#159);
#154 = PLANE('',#155);
#155 = AXIS2_PLACEMENT_3D('',#156,#157,#158);
#156 = CARTESIAN_POINT('',(-43.26,-24.,205.37));
#157 = DIRECTION('',(1.,0.,0.));
#158 = DIRECTION('',(0.,0.,1.));
#159 = DEFINITIONAL_REPRESENTATION('',(#160),#172);
#160 = B_SPLINE_CURVE_WITH_KNOTS('',4,(#161,#162,#163,#164,#165,#166,
    #167,#168,#169,#170,#171),.UNSPECIFIED.,.F.,.F.,(5,3,3,5),(0.,
    0.499502116778,0.962420843201,1.),.UNSPECIFIED.);
#161 = CARTESIAN_POINT('',(3.520202863047,-5.891582891914));
#162 = CARTESIAN_POINT('',(9.856311470619,-5.814313274749));
#163 = CARTESIAN_POINT('',(16.19243748288,-5.737043445331));
#164 = CARTESIAN_POINT('',(22.528580421909,-5.659773409489));
#165 = CARTESIAN_POINT('',(34.736840777783,-5.510892185637));
#166 = CARTESIAN_POINT('',(40.608955869087,-5.439281025987));
#167 = CARTESIAN_POINT('',(46.48108475772,-5.367669698077));
#168 = CARTESIAN_POINT('',(52.829920198219,-5.290244875631));
#169 = CARTESIAN_POINT('',(53.306613376851,-5.284431544185));
#170 = CARTESIAN_POINT('',(53.783306644358,-5.278618211654));
#171 = CARTESIAN_POINT('',(54.26,-5.272804878049));
#172 = ( GEOMETRIC_REPRESENTATION_CONTEXT(2) 
PARAMETRIC_REPRESENTATION_CONTEXT() REPRESENTATION_CONTEXT('2D SPACE',''
  ) );
#173 = ORIENTED_EDGE('',*,*,#174,.T.);
#174 = EDGE_CURVE('',#123,#175,#177,.T.);
#175 = VERTEX_POINT('',#176);
#176 = CARTESIAN_POINT('',(-40.26,-18.7637804878,262.63));
#177 = SURFACE_CURVE('',#178,(#202,#229),.PCURVE_S1.);
#178 = B_SPLINE_CURVE_WITH_KNOTS('',8,(#179,#180,#181,#182,#183,#184,
    #185,#186,#187,#188,#189,#190,#191,#192,#193,#194,#195,#196,#197,
    #198,#199,#200,#201),.UNSPECIFIED.,.F.,.F.,(9,7,7,9),(0.,
    0.183857382619,0.510498637042,1.),.UNSPECIFIED.);
#179 = CARTESIAN_POINT('',(-43.26,-18.72719512195,259.63));
#180 = CARTESIAN_POINT('',(-43.26,-18.72878654704,259.76049685794));
#181 = CARTESIAN_POINT('',(-43.25351244364,-18.73037707584,
    259.89092021939));
#182 = CARTESIAN_POINT('',(-43.24055086126,-18.73195706037,
    260.02047895045));
#183 = CARTESIAN_POINT('',(-43.22126838012,-18.73351804102,
    260.14847936429));
#184 = CARTESIAN_POINT('',(-43.19591982185,-18.73505265501,
    260.27431771108));
#185 = CARTESIAN_POINT('',(-43.16483228603,-18.73655455909,
    260.39747384579));
#186 = CARTESIAN_POINT('',(-43.12838421979,-18.73801836675,
    260.51750607372));
#187 = CARTESIAN_POINT('',(-43.01345723417,-18.74196456386,
    260.84109423701));
#188 = CARTESIAN_POINT('',(-42.92437089961,-18.74435334341,
    261.03697416007));
#189 = CARTESIAN_POINT('',(-42.82185816186,-18.74658987193,
    261.22036949866));
#190 = CARTESIAN_POINT('',(-42.70804035441,-18.74866620942,
    261.39062917275));
#191 = CARTESIAN_POINT('',(-42.58484395764,-18.75057981681,
    261.54754497906));
#192 = CARTESIAN_POINT('',(-42.45391259289,-18.75233209886,
    261.69123210681));
#193 = CARTESIAN_POINT('',(-42.3165510809,-18.75392731095,
    261.82203949792));
#194 = CARTESIAN_POINT('',(-41.95944898047,-18.75753431208,
    262.11781359055));
#195 = CARTESIAN_POINT('',(-41.73329086114,-18.75935212515,
    262.26687426281));
#196 = CARTESIAN_POINT('',(-41.49816981668,-18.76084581534,
    262.38935685838));
#197 = CARTESIAN_POINT('',(-41.25649972813,-18.76202658362,
    262.48617985681));
#198 = CARTESIAN_POINT('',(-41.01034769297,-18.76290488626,
    262.55820067367));
#199 = CARTESIAN_POINT('',(-40.7613882881,-18.76348789749,
    262.60600759461));
#200 = CARTESIAN_POINT('',(-40.51095673691,-18.7637804878,262.63));
#201 = CARTESIAN_POINT('',(-40.26,-18.7637804878,262.63));
#202 = PCURVE('',#37,#203);
#203 = DEFINITIONAL_REPRESENTATION('',(#204),#228);
#204 = B_SPLINE_CURVE_WITH_KNOTS('',8,(#205,#206,#207,#208,#209,#210,
    #211,#212,#213,#214,#215,#216,#217,#218,#219,#220,#221,#222,#223,
    #224,#225,#226,#227),.UNSPECIFIED.,.F.,.F.,(9,7,7,9),(0.,
    0.183857382619,0.510498637042,1.),.UNSPECIFIED.);
#205 = CARTESIAN_POINT('',(14.329185822901,0.727195121951));
#206 = CARTESIAN_POINT('',(14.331605092495,0.728786547048));
#207 = CARTESIAN_POINT('',(14.340571858334,0.730377075846));
#208 = CARTESIAN_POINT('',(14.356056342645,0.731957060371));
#209 = CARTESIAN_POINT('',(14.377889673881,0.733518041028));
#210 = CARTESIAN_POINT('',(14.405802140124,0.735052655013));
#211 = CARTESIAN_POINT('',(14.439452851335,0.736554559095));
#212 = CARTESIAN_POINT('',(14.478450810464,0.738018366753));
#213 = CARTESIAN_POINT('',(14.600389649222,0.741964563866));
#214 = CARTESIAN_POINT('',(14.693881796512,0.744353343416));
#215 = CARTESIAN_POINT('',(14.800672114358,0.746589871935));
#216 = CARTESIAN_POINT('',(14.918606409369,0.748666209424));
#217 = CARTESIAN_POINT('',(15.045737259378,0.750579816818));
#218 = CARTESIAN_POINT('',(15.180409891702,0.752332098864));
#219 = CARTESIAN_POINT('',(15.321316253114,0.75392731095));
#220 = CARTESIAN_POINT('',(15.686791467986,0.75753431208));
#221 = CARTESIAN_POINT('',(15.917524624837,0.759352125156));
#222 = CARTESIAN_POINT('',(16.156786913248,0.760845815346));
#223 = CARTESIAN_POINT('',(16.402169508747,0.76202658362));
#224 = CARTESIAN_POINT('',(16.651613237624,0.762904886264));
#225 = CARTESIAN_POINT('',(16.903450215913,0.763487897495));
#226 = CARTESIAN_POINT('',(17.156351305471,0.763780487805));
#227 = CARTESIAN_POINT('',(17.409368998105,0.763780487805));
#228 = ( GEOMETRIC_REPRESENTATION_CONTEXT(2) 
PARAMETRIC_REPRESENTATION_CONTEXT() REPRESENTATION_CONTEXT('2D SPACE',''
  ) );
#229 = PCURVE('',#230,#235);
#230 = CYLINDRICAL_SURFACE('',#231,3.);
#231 = AXIS2_PLACEMENT_3D('',#232,#233,#234);
#232 = CARTESIAN_POINT('',(-40.26,-24.,259.63));
#233 = DIRECTION('',(0.,1.,0.));
#234 = DIRECTION('',(-1.,0.,0.));
#235 = DEFINITIONAL_REPRESENTATION('',(#236),#260);
#236 = B_SPLINE_CURVE_WITH_KNOTS('',8,(#237,#238,#239,#240,#241,#242,
    #243,#244,#245,#246,#247,#248,#249,#250,#251,#252,#253,#254,#255,
    #256,#257,#258,#259),.UNSPECIFIED.,.F.,.F.,(9,7,7,9),(0.,
    0.183857382619,0.510498637042,1.),.UNSPECIFIED.);
#237 = CARTESIAN_POINT('',(0.,5.272804878049));
#238 = CARTESIAN_POINT('',(4.349895264794E-02,5.271213452952));
#239 = CARTESIAN_POINT('',(8.697335924005E-02,5.269622924154));
#240 = CARTESIAN_POINT('',(0.130285158412,5.268042939629));
#241 = CARTESIAN_POINT('',(0.173327520291,5.266481958972));
#242 = CARTESIAN_POINT('',(0.216014609108,5.264947344987));
#243 = CARTESIAN_POINT('',(0.258274287174,5.263445440905));
#244 = CARTESIAN_POINT('',(0.300043760218,5.261981633247));
#245 = CARTESIAN_POINT('',(0.414507491227,5.258035436134));
#246 = CARTESIAN_POINT('',(0.485973836685,5.255646656584));
#247 = CARTESIAN_POINT('',(0.555615726591,5.253410128065));
#248 = CARTESIAN_POINT('',(0.623466791377,5.251333790576));
#249 = CARTESIAN_POINT('',(0.689599795406,5.249420183182));
#250 = CARTESIAN_POINT('',(0.754123229685,5.247667901136));
#251 = CARTESIAN_POINT('',(0.81719883902,5.24607268905));
#252 = CARTESIAN_POINT('',(0.971760665558,5.24246568792));
#253 = CARTESIAN_POINT('',(1.061512637624,5.240647874844));
#254 = CARTESIAN_POINT('',(1.149127038618,5.239154184654));
#255 = CARTESIAN_POINT('',(1.235074937508,5.23797341638));
#256 = CARTESIAN_POINT('',(1.319789426844,5.237095113736));
#257 = CARTESIAN_POINT('',(1.403666688734,5.236512102505));
#258 = CARTESIAN_POINT('',(1.487144081158,5.236219512195));
#259 = CARTESIAN_POINT('',(1.570796326795,5.236219512195));
#260 = ( GEOMETRIC_REPRESENTATION_CONTEXT(2) 
PARAMETRIC_REPRESENTATION_CONTEXT() REPRESENTATION_CONTEXT('2D SPACE',''
  ) );
#261 = ORIENTED_EDGE('',*,*,#262,.F.);
#262 = EDGE_CURVE('',#263,#175,#265,.T.);
#263 = VERTEX_POINT('',#264);
#264 = CARTESIAN_POINT('',(40.26,-18.7637804878,262.63));
#265 = SURFACE_CURVE('',#266,(#269,#275),.PCURVE_S1.);
#266 = B_SPLINE_CURVE_WITH_KNOTS('',1,(#267,#268),.UNSPECIFIED.,.F.,.F.,
  (2,2),(0.,1.),.PIECEWISE_BEZIER_KNOTS.);
#267 = CARTESIAN_POINT('',(40.26,-18.7637804878,262.63));
#268 = CARTESIAN_POINT('',(-40.26,-18.7637804878,262.63));
#269 = PCURVE('',#37,#270);
#270 = DEFINITIONAL_REPRESENTATION('',(#271),#274);
#271 = B_SPLINE_CURVE_WITH_KNOTS('',1,(#272,#273),.UNSPECIFIED.,.F.,.F.,
  (2,2),(0.,1.),.PIECEWISE_BEZIER_KNOTS.);
#272 = CARTESIAN_POINT('',(98.590631001895,0.763780487805));
#273 = CARTESIAN_POINT('',(17.409368998105,0.763780487805));
#274 = ( GEOMETRIC_REPRESENTATION_CONTEXT(2) 
PARAMETRIC_REPRESENTATION_CONTEXT() REPRESENTATION_CONTEXT('2D SPACE',''
  ) );
#275 = PCURVE('',#276,#281);
#276 = PLANE('',#277);
#277 = AXIS2_PLACEMENT_3D('',#278,#279,#280);
#278 = CARTESIAN_POINT('',(-43.26,-24.,262.63));
#279 = DIRECTION('',(0.,0.,1.));
#280 = DIRECTION('',(1.,0.,0.));
#281 = DEFINITIONAL_REPRESENTATION('',(#282),#285);
#282 = B_SPLINE_CURVE_WITH_KNOTS('',1,(#283,#284),.UNSPECIFIED.,.F.,.F.,
  (2,2),(0.,1.),.PIECEWISE_BEZIER_KNOTS.);
#283 = CARTESIAN_POINT('',(83.52,5.236219512195));
#284 = CARTESIAN_POINT('',(3.,5.236219512195));
#285 = ( GEOMETRIC_REPRESENTATION_CONTEXT(2) 
PARAMETRIC_REPRESENTATION_CONTEXT() REPRESENTATION_CONTEXT('2D SPACE',''
  ) );
#286 = ORIENTED_EDGE('',*,*,#287,.T.);
#287 = EDGE_CURVE('',#263,#288,#290,.T.);
#288 = VERTEX_POINT('',#289);
#289 = CARTESIAN_POINT('',(41.497613890708,-18.76052221008,
    262.36282122677));
#290 = SURFACE_CURVE('',#291,(#299,#310),.PCURVE_S1.);
#291 = B_SPLINE_CURVE_WITH_KNOTS('',6,(#292,#293,#294,#295,#296,#297,
    #298),.UNSPECIFIED.,.F.,.F.,(7,7),(0.,1.),.PIECEWISE_BEZIER_KNOTS.);
#292 = CARTESIAN_POINT('',(40.26,-18.7637804878,262.63));
#293 = CARTESIAN_POINT('',(40.470008683422,-18.7637804878,262.63));
#294 = CARTESIAN_POINT('',(40.679825980124,-18.76356534569,
    262.61235834715));
#295 = CARTESIAN_POINT('',(40.888583232067,-18.76313581029,
    262.57713644437));
#296 = CARTESIAN_POINT('',(41.095265323562,-18.76248903137,
    262.52410057247));
#297 = CARTESIAN_POINT('',(41.298720993806,-18.76162065775,
    262.45289393609));
#298 = CARTESIAN_POINT('',(41.497613890708,-18.76052221008,
    262.36282122677));
#299 = PCURVE('',#37,#300);
#300 = DEFINITIONAL_REPRESENTATION('',(#301),#309);
#301 = B_SPLINE_CURVE_WITH_KNOTS('',6,(#302,#303,#304,#305,#306,#307,
    #308),.UNSPECIFIED.,.F.,.F.,(7,7),(0.,1.),.PIECEWISE_BEZIER_KNOTS.);
#302 = CARTESIAN_POINT('',(98.590631001895,0.763780487805));
#303 = CARTESIAN_POINT('',(98.80236435947,0.763780487805));
#304 = CARTESIAN_POINT('',(99.014208362001,0.763565345697));
#305 = CARTESIAN_POINT('',(99.225293280716,0.763135810297));
#306 = CARTESIAN_POINT('',(99.434606804865,0.762489031372));
#307 = CARTESIAN_POINT('',(99.641001424213,0.761620657757));
#308 = CARTESIAN_POINT('',(99.843148536734,0.760522210083));
#309 = ( GEOMETRIC_REPRESENTATION_CONTEXT(2) 
PARAMETRIC_REPRESENTATION_CONTEXT() REPRESENTATION_CONTEXT('2D SPACE',''
  ) );
#310 = PCURVE('',#311,#316);
#311 = CYLINDRICAL_SURFACE('',#312,3.);
#312 = AXIS2_PLACEMENT_3D('',#313,#314,#315);
#313 = CARTESIAN_POINT('',(40.26,-24.,259.63));
#314 = DIRECTION('',(0.,1.,0.));
#315 = DIRECTION('',(1.,0.,-0.));
#316 = DEFINITIONAL_REPRESENTATION('',(#317),#325);
#317 = B_SPLINE_CURVE_WITH_KNOTS('',6,(#318,#319,#320,#321,#322,#323,
    #324),.UNSPECIFIED.,.F.,.F.,(7,7),(0.,1.),.PIECEWISE_BEZIER_KNOTS.);
#318 = CARTESIAN_POINT('',(-1.570796326795,5.236219512195));
#319 = CARTESIAN_POINT('',(-1.500793432321,5.236219512195));
#320 = CARTESIAN_POINT('',(-1.430854075855,5.236434654303));
#321 = CARTESIAN_POINT('',(-1.360652092867,5.236864189703));
#322 = CARTESIAN_POINT('',(-1.289907980254,5.237510968628));
#323 = CARTESIAN_POINT('',(-1.218337254334,5.238379342243));
#324 = CARTESIAN_POINT('',(-1.145557924697,5.239477789917));
#325 = ( GEOMETRIC_REPRESENTATION_CONTEXT(2) 
PARAMETRIC_REPRESENTATION_CONTEXT() REPRESENTATION_CONTEXT('2D SPACE',''
  ) );
#326 = ORIENTED_EDGE('',*,*,#327,.T.);
#327 = EDGE_CURVE('',#288,#328,#330,.T.);
#328 = VERTEX_POINT('',#329);
#329 = CARTESIAN_POINT('',(43.26,-18.72719512195,259.63));
#330 = SURFACE_CURVE('',#331,(#348,#368),.PCURVE_S1.);
#331 = B_SPLINE_CURVE_WITH_KNOTS('',8,(#332,#333,#334,#335,#336,#337,
    #338,#339,#340,#341,#342,#343,#344,#345,#346,#347),.UNSPECIFIED.,.F.
  ,.F.,(9,7,9),(0.,0.734001801077,1.),.UNSPECIFIED.);
#332 = CARTESIAN_POINT('',(41.497613890708,-18.76052221008,
    262.36282122677));
#333 = CARTESIAN_POINT('',(41.744502958732,-18.75915868867,
    262.25101247139));
#334 = CARTESIAN_POINT('',(41.983826986908,-18.75746232977,
    262.11191104167));
#335 = CARTESIAN_POINT('',(42.214655708984,-18.75541712223,
    261.94420402343));
#336 = CARTESIAN_POINT('',(42.434029548453,-18.75300068378,
    261.74605607044));
#337 = CARTESIAN_POINT('',(42.637370278341,-18.75019592205,
    261.51606560885));
#338 = CARTESIAN_POINT('',(42.818684951391,-18.7469963987,261.2537046939
    ));
#339 = CARTESIAN_POINT('',(42.970842232007,-18.74341304848,
    260.95986997602));
#340 = CARTESIAN_POINT('',(43.127471724559,-18.73805494721,
    260.52050567176));
#341 = CARTESIAN_POINT('',(43.164164921982,-18.73658673836,
    260.40011254559));
#342 = CARTESIAN_POINT('',(43.195465745644,-18.73508007915,
    260.27656649041));
#343 = CARTESIAN_POINT('',(43.220991425369,-18.73354039262,
    260.15031219483));
#344 = CARTESIAN_POINT('',(43.240410855945,-18.73197406431,
    260.02187327414));
#345 = CARTESIAN_POINT('',(43.253465619018,-18.73038851263,
    259.89185803588));
#346 = CARTESIAN_POINT('',(43.26,-18.7287922767,259.76096668951));
#347 = CARTESIAN_POINT('',(43.26,-18.72719512195,259.63));
#348 = PCURVE('',#37,#349);
#349 = DEFINITIONAL_REPRESENTATION('',(#350),#367);
#350 = B_SPLINE_CURVE_WITH_KNOTS('',8,(#351,#352,#353,#354,#355,#356,
    #357,#358,#359,#360,#361,#362,#363,#364,#365,#366),.UNSPECIFIED.,.F.
  ,.F.,(9,7,9),(0.,0.734001801077,1.),.UNSPECIFIED.);
#351 = CARTESIAN_POINT('',(99.843148536734,0.760522210083));
#352 = CARTESIAN_POINT('',(100.09407711684,0.759158688676));
#353 = CARTESIAN_POINT('',(100.33788909771,0.757462329777));
#354 = CARTESIAN_POINT('',(100.57368001994,0.755417122237));
#355 = CARTESIAN_POINT('',(100.79850822126,0.753000683786));
#356 = CARTESIAN_POINT('',(101.0077909807,0.750195922059));
#357 = CARTESIAN_POINT('',(101.19549881126,0.746996398706));
#358 = CARTESIAN_POINT('',(101.35441803597,0.743413048488));
#359 = CARTESIAN_POINT('',(101.52057295867,0.738054947217));
#360 = CARTESIAN_POINT('',(101.5598248558,0.736586738361));
#361 = CARTESIAN_POINT('',(101.59369795613,0.735080079151));
#362 = CARTESIAN_POINT('',(101.62179683834,0.73354039262));
#363 = CARTESIAN_POINT('',(101.64377649564,0.731974064319));
#364 = CARTESIAN_POINT('',(101.65936348841,0.730388512633));
#365 = CARTESIAN_POINT('',(101.66838619734,0.728792276701));
#366 = CARTESIAN_POINT('',(101.67081417709,0.727195121951));
#367 = ( GEOMETRIC_REPRESENTATION_CONTEXT(2) 
PARAMETRIC_REPRESENTATION_CONTEXT() REPRESENTATION_CONTEXT('2D SPACE',''
  ) );
#368 = PCURVE('',#311,#369);
#369 = DEFINITIONAL_REPRESENTATION('',(#370),#387);
#370 = B_SPLINE_CURVE_WITH_KNOTS('',8,(#371,#372,#373,#374,#375,#376,
    #377,#378,#379,#380,#381,#382,#383,#384,#385,#386),.UNSPECIFIED.,.F.
  ,.F.,(9,7,9),(0.,0.734001801077,1.),.UNSPECIFIED.);
#371 = CARTESIAN_POINT('',(-1.145557924697,5.239477789917));
#372 = CARTESIAN_POINT('',(-1.05521572975,5.240841311324));
#373 = CARTESIAN_POINT('',(-0.963417431036,5.242537670223));
#374 = CARTESIAN_POINT('',(-0.869142301554,5.244582877763));
#375 = CARTESIAN_POINT('',(-0.771757292123,5.246999316214));
#376 = CARTESIAN_POINT('',(-0.670794212449,5.249804077941));
#377 = CARTESIAN_POINT('',(-0.565859437733,5.253003601294));
#378 = CARTESIAN_POINT('',(-0.456570420873,5.256586951512));
#379 = CARTESIAN_POINT('',(-0.30108773524,5.261945052783));
#380 = CARTESIAN_POINT('',(-0.259179826152,5.263413261639));
#381 = CARTESIAN_POINT('',(-0.216777511685,5.264919920849));
#382 = CARTESIAN_POINT('',(-0.173943885318,5.26645960738));
#383 = CARTESIAN_POINT('',(-0.130751298278,5.268025935681));
#384 = CARTESIAN_POINT('',(-8.728595682736E-02,5.269611487367));
#385 = CARTESIAN_POINT('',(-4.365556317094E-02,5.271207723299));
#386 = CARTESIAN_POINT('',(0.,5.272804878049));
#387 = ( GEOMETRIC_REPRESENTATION_CONTEXT(2) 
PARAMETRIC_REPRESENTATION_CONTEXT() REPRESENTATION_CONTEXT('2D SPACE',''
  ) );
#388 = ORIENTED_EDGE('',*,*,#389,.F.);
#389 = EDGE_CURVE('',#390,#328,#392,.T.);
#390 = VERTEX_POINT('',#391);
#391 = CARTESIAN_POINT('',(43.26,-18.10841770808,208.89025206304));
#392 = SURFACE_CURVE('',#393,(#405,#420),.PCURVE_S1.);
#393 = B_SPLINE_CURVE_WITH_KNOTS('',4,(#394,#395,#396,#397,#398,#399,
    #400,#401,#402,#403,#404),.UNSPECIFIED.,.F.,.F.,(5,3,3,5),(0.,
    0.499502116777,0.9624208432,1.),.UNSPECIFIED.);
#394 = CARTESIAN_POINT('',(43.26,-18.10841710808,208.89020286304));
#395 = CARTESIAN_POINT('',(43.26,-18.18568672525,215.22631147061));
#396 = CARTESIAN_POINT('',(43.26,-18.26295655466,221.56243748287));
#397 = CARTESIAN_POINT('',(43.26,-18.34022659051,227.8985804219));
#398 = CARTESIAN_POINT('',(43.26,-18.48910781436,240.10684077777));
#399 = CARTESIAN_POINT('',(43.26,-18.56071897401,245.97895586908));
#400 = CARTESIAN_POINT('',(43.26,-18.63233030192,251.85108475771));
#401 = CARTESIAN_POINT('',(43.26,-18.70975512436,258.19992019821));
#402 = CARTESIAN_POINT('',(43.26,-18.71556845581,258.67661337684));
#403 = CARTESIAN_POINT('',(43.26,-18.72138178834,259.15330664435));
#404 = CARTESIAN_POINT('',(43.26,-18.72719512195,259.63));
#405 = PCURVE('',#37,#406);
#406 = DEFINITIONAL_REPRESENTATION('',(#407),#419);
#407 = B_SPLINE_CURVE_WITH_KNOTS('',4,(#408,#409,#410,#411,#412,#413,
    #414,#415,#416,#417,#418),.UNSPECIFIED.,.F.,.F.,(5,3,3,5),(0.,
    0.499502116777,0.9624208432,1.),.UNSPECIFIED.);
#408 = CARTESIAN_POINT('',(102.63218242336,0.108417108086));
#409 = CARTESIAN_POINT('',(102.5094892231,0.185686725251));
#410 = CARTESIAN_POINT('',(102.38769510329,0.262956554669));
#411 = CARTESIAN_POINT('',(102.26678525285,0.340226590511));
#412 = CARTESIAN_POINT('',(102.03549741149,0.489107814363));
#413 = CARTESIAN_POINT('',(101.92499663646,0.560718974013));
#414 = CARTESIAN_POINT('',(101.81523188243,0.632330301923));
#415 = CARTESIAN_POINT('',(101.69734061149,0.709755124368));
#416 = CARTESIAN_POINT('',(101.68849368889,0.715568455815));
#417 = CARTESIAN_POINT('',(101.67965155794,0.721381788346));
#418 = CARTESIAN_POINT('',(101.67081418239,0.727195121951));
#419 = ( GEOMETRIC_REPRESENTATION_CONTEXT(2) 
PARAMETRIC_REPRESENTATION_CONTEXT() REPRESENTATION_CONTEXT('2D SPACE',''
  ) );
#420 = PCURVE('',#421,#426);
#421 = PLANE('',#422);
#422 = AXIS2_PLACEMENT_3D('',#423,#424,#425);
#423 = CARTESIAN_POINT('',(43.26,-24.,205.37));
#424 = DIRECTION('',(1.,0.,0.));
#425 = DIRECTION('',(0.,0.,1.));
#426 = DEFINITIONAL_REPRESENTATION('',(#427),#439);
#427 = B_SPLINE_CURVE_WITH_KNOTS('',4,(#428,#429,#430,#431,#432,#433,
    #434,#435,#436,#437,#438),.UNSPECIFIED.,.F.,.F.,(5,3,3,5),(0.,
    0.499502116777,0.9624208432,1.),.UNSPECIFIED.);
#428 = CARTESIAN_POINT('',(3.520202863047,-5.891582891914));
#429 = CARTESIAN_POINT('',(9.856311470619,-5.814313274749));
#430 = CARTESIAN_POINT('',(16.192437482878,-5.737043445331));
#431 = CARTESIAN_POINT('',(22.528580421906,-5.659773409489));
#432 = CARTESIAN_POINT('',(34.736840777779,-5.510892185637));
#433 = CARTESIAN_POINT('',(40.608955869081,-5.439281025987));
#434 = CARTESIAN_POINT('',(46.481084757714,-5.367669698077));
#435 = CARTESIAN_POINT('',(52.829920198213,-5.290244875632));
#436 = CARTESIAN_POINT('',(53.306613376847,-5.284431544185));
#437 = CARTESIAN_POINT('',(53.783306644356,-5.278618211654));
#438 = CARTESIAN_POINT('',(54.26,-5.272804878049));
#439 = ( GEOMETRIC_REPRESENTATION_CONTEXT(2) 
PARAMETRIC_REPRESENTATION_CONTEXT() REPRESENTATION_CONTEXT('2D SPACE',''
  ) );
#440 = ORIENTED_EDGE('',*,*,#441,.T.);
#441 = EDGE_CURVE('',#390,#442,#444,.T.);
#442 = VERTEX_POINT('',#443);
#443 = CARTESIAN_POINT('',(47.216835743051,-18.10841770808,
    208.89025206304));
#444 = SURFACE_CURVE('',#445,(#451,#457),.PCURVE_S1.);
#445 = B_SPLINE_CURVE_WITH_KNOTS('',2,(#446,#447,#448,#449,#450),
  .UNSPECIFIED.,.F.,.F.,(3,1,1,3),(-4.329475416172,-0.216835416172,
    112.21683541617,116.32947541617),.UNSPECIFIED.);
#446 = CARTESIAN_POINT('',(-60.32947541617,-18.10841770808,
    208.89025206304));
#447 = CARTESIAN_POINT('',(-58.27315541617,-18.10841770808,
    208.89025206304));
#448 = CARTESIAN_POINT('',(-7.105427357601E-15,-18.10841770808,
    208.89025206304));
#449 = CARTESIAN_POINT('',(58.273155416172,-18.10841770808,
    208.89025206304));
#450 = CARTESIAN_POINT('',(60.329475416172,-18.10841770808,
    208.89025206304));
#451 = PCURVE('',#37,#452);
#452 = DEFINITIONAL_REPRESENTATION('',(#453),#456);
#453 = B_SPLINE_CURVE_WITH_KNOTS('',1,(#454,#455),.UNSPECIFIED.,.F.,.F.,
  (2,2),(-0.216835416172,112.21683541617),.PIECEWISE_BEZIER_KNOTS.);
#454 = CARTESIAN_POINT('',(-1.887379141863E-14,0.108417708086));
#455 = CARTESIAN_POINT('',(116.,0.108417708086));
#456 = ( GEOMETRIC_REPRESENTATION_CONTEXT(2) 
PARAMETRIC_REPRESENTATION_CONTEXT() REPRESENTATION_CONTEXT('2D SPACE',''
  ) );
#457 = PCURVE('',#99,#458);
#458 = DEFINITIONAL_REPRESENTATION('',(#459),#463);
#459 = LINE('',#460,#461);
#460 = CARTESIAN_POINT('',(0.,0.));
#461 = VECTOR('',#462,1.);
#462 = DIRECTION('',(0.,1.));
#463 = ( GEOMETRIC_REPRESENTATION_CONTEXT(2) 
PARAMETRIC_REPRESENTATION_CONTEXT() REPRESENTATION_CONTEXT('2D SPACE',''
  ) );
#464 = ORIENTED_EDGE('',*,*,#465,.T.);
#465 = EDGE_CURVE('',#442,#466,#468,.T.);
#466 = VERTEX_POINT('',#467);
#467 = CARTESIAN_POINT('',(48.777811224893,-18.88890551296,
    272.89025206304));
#468 = SURFACE_CURVE('',#469,(#478,#486),.PCURVE_S1.);
#469 = B_SPLINE_CURVE_WITH_KNOTS('',3,(#470,#471,#472,#473,#474,#475,
    #476,#477),.UNSPECIFIED.,.F.,.F.,(4,2,2,4),(-3.231589924731,
    -0.219430620577,81.920791292607,84.93295059676),.UNSPECIFIED.);
#470 = CARTESIAN_POINT('',(46.926560198965,-17.96328,196.98896));
#471 = CARTESIAN_POINT('',(46.951040198965,-17.97552,197.99264));
#472 = CARTESIAN_POINT('',(46.975520198965,-17.98776,198.99632));
#473 = CARTESIAN_POINT('',(47.667558727381,-18.3337792642,
    227.36989966504));
#474 = CARTESIAN_POINT('',(48.335117255797,-18.66755852841,
    254.73979933009));
#475 = CARTESIAN_POINT('',(49.027155784213,-19.01357779262,
    283.11337899513));
#476 = CARTESIAN_POINT('',(49.051635784213,-19.02581779262,
    284.11705899513));
#477 = CARTESIAN_POINT('',(49.076115784213,-19.03805779262,
    285.12073899513));
#478 = PCURVE('',#37,#479);
#479 = DEFINITIONAL_REPRESENTATION('',(#480),#485);
#480 = B_SPLINE_CURVE_WITH_KNOTS('',3,(#481,#482,#483,#484),
  .UNSPECIFIED.,.F.,.F.,(4,4),(8.674126246146,72.697917184108),
  .PIECEWISE_BEZIER_KNOTS.);
#481 = CARTESIAN_POINT('',(106.71452569009,0.108417708086));
#482 = CARTESIAN_POINT('',(106.80046965245,0.368580309552));
#483 = CARTESIAN_POINT('',(106.88402841081,0.628742911174));
#484 = CARTESIAN_POINT('',(106.96539015092,0.888905512964));
#485 = ( GEOMETRIC_REPRESENTATION_CONTEXT(2) 
PARAMETRIC_REPRESENTATION_CONTEXT() REPRESENTATION_CONTEXT('2D SPACE',''
  ) );
#486 = PCURVE('',#487,#512);
#487 = ( BOUNDED_SURFACE() B_SPLINE_SURFACE(2,3,(
    (#488,#489,#490,#491,#492,#493,#494,#495)
    ,(#496,#497,#498,#499,#500,#501,#502,#503)
    ,(#504,#505,#506,#507,#508,#509,#510,#511
)),.UNSPECIFIED.,.F.,.F.,.F.) B_SPLINE_SURFACE_WITH_KNOTS((3,3),(4,2,2,4
    ),(0.,82.140221913184),(-3.231589924731,-0.219430620577,
    81.920791292607,84.93295059676),.UNSPECIFIED.) 
GEOMETRIC_REPRESENTATION_ITEM() RATIONAL_B_SPLINE_SURFACE((
    (1.,1.,1.,1.,1.,1.,1.,1.)
    ,(0.707211895919,0.707211895919,0.707211895919,0.707211895919
      ,0.707211895919,0.707211895919,0.707211895919,0.707211895919)
,(1.,1.,1.,1.,1.,1.,1.,1.))) REPRESENTATION_ITEM('') SURFACE() );
#488 = CARTESIAN_POINT('',(46.926560198965,-17.96328,196.98896));
#489 = CARTESIAN_POINT('',(46.951040198965,-17.97552,197.99264));
#490 = CARTESIAN_POINT('',(46.975520198965,-17.98776,198.99632));
#491 = CARTESIAN_POINT('',(47.667558727381,-18.3337792642,
    227.36989966504));
#492 = CARTESIAN_POINT('',(48.335117255797,-18.66755852841,
    254.73979933009));
#493 = CARTESIAN_POINT('',(49.027155784213,-19.01357779262,
    283.11337899513));
#494 = CARTESIAN_POINT('',(49.051635784213,-19.02581779262,
    284.11705899513));
#495 = CARTESIAN_POINT('',(49.076115784213,-19.03805779262,
    285.12073899513));
#496 = CARTESIAN_POINT('',(55.92121002241,-17.9606050112,196.7696109188)
  );
#497 = CARTESIAN_POINT('',(55.94569002241,-17.9728450112,197.7732909188)
  );
#498 = CARTESIAN_POINT('',(55.97017002241,-17.9850850112,198.7769709188)
  );
#499 = CARTESIAN_POINT('',(56.662208550826,-18.33110427541,
    227.15055058385));
#500 = CARTESIAN_POINT('',(57.329767079241,-18.66488353962,
    254.52045024889));
#501 = CARTESIAN_POINT('',(58.021805607657,-19.01090280382,
    282.89402991394));
#502 = CARTESIAN_POINT('',(58.046285607657,-19.02314280382,
    283.89770991394));
#503 = CARTESIAN_POINT('',(58.070765607657,-19.03538280382,
    284.90138991394));
#504 = CARTESIAN_POINT('',(55.923884414753,-8.963949169859,
    196.87926100486));
#505 = CARTESIAN_POINT('',(55.948364414753,-8.976189169859,
    197.88294100486));
#506 = CARTESIAN_POINT('',(55.972844414753,-8.988429169859,
    198.88662100486));
#507 = CARTESIAN_POINT('',(56.664882943168,-9.334448434066,
    227.2602006699));
#508 = CARTESIAN_POINT('',(57.332441471584,-9.668227698274,
    254.63010033495));
#509 = CARTESIAN_POINT('',(58.02448,-10.01424696248,283.00368));
#510 = CARTESIAN_POINT('',(58.04896,-10.02648696248,284.00736));
#511 = CARTESIAN_POINT('',(58.07344,-10.03872696248,285.01104));
#512 = DEFINITIONAL_REPRESENTATION('',(#513),#517);
#513 = LINE('',#514,#515);
#514 = CARTESIAN_POINT('',(0.,0.));
#515 = VECTOR('',#516,1.);
#516 = DIRECTION('',(0.,1.));
#517 = ( GEOMETRIC_REPRESENTATION_CONTEXT(2) 
PARAMETRIC_REPRESENTATION_CONTEXT() REPRESENTATION_CONTEXT('2D SPACE',''
  ) );
#518 = ORIENTED_EDGE('',*,*,#519,.F.);
#519 = EDGE_CURVE('',#520,#466,#522,.T.);
#520 = VERTEX_POINT('',#521);
#521 = CARTESIAN_POINT('',(20.,-18.88890551296,272.89025206304));
#522 = SURFACE_CURVE('',#523,(#529,#535),.PCURVE_S1.);
#523 = B_SPLINE_CURVE_WITH_KNOTS('',2,(#524,#525,#526,#527,#528),
  .UNSPECIFIED.,.F.,.F.,(3,1,1,3),(-4.25952,4.584231322284E-14,116.,
    120.25952),.UNSPECIFIED.);
#524 = CARTESIAN_POINT('',(-62.25952,-18.88890551296,272.89025206304));
#525 = CARTESIAN_POINT('',(-60.12976,-18.88890551296,272.89025206304));
#526 = CARTESIAN_POINT('',(-7.105427357601E-15,-18.88890551296,
    272.89025206304));
#527 = CARTESIAN_POINT('',(60.12976,-18.88890551296,272.89025206304));
#528 = CARTESIAN_POINT('',(62.25952,-18.88890551296,272.89025206304));
#529 = PCURVE('',#37,#530);
#530 = DEFINITIONAL_REPRESENTATION('',(#531),#534);
#531 = B_SPLINE_CURVE_WITH_KNOTS('',1,(#532,#533),.UNSPECIFIED.,.F.,.F.,
  (2,2),(4.584231322284E-14,116.),.PIECEWISE_BEZIER_KNOTS.);
#532 = CARTESIAN_POINT('',(-0.223043418699,0.888905512964));
#533 = CARTESIAN_POINT('',(116.22304341869,0.888905512964));
#534 = ( GEOMETRIC_REPRESENTATION_CONTEXT(2) 
PARAMETRIC_REPRESENTATION_CONTEXT() REPRESENTATION_CONTEXT('2D SPACE',''
  ) );
#535 = PCURVE('',#536,#552);
#536 = ( BOUNDED_SURFACE() B_SPLINE_SURFACE(2,2,(
    (#537,#538,#539,#540,#541)
    ,(#542,#543,#544,#545,#546)
    ,(#547,#548,#549,#550,#551
)),.UNSPECIFIED.,.F.,.F.,.F.) B_SPLINE_SURFACE_WITH_KNOTS((3,3),(3,1,1,3
    ),(0.,116.),(-4.25952,4.584231322284E-14,116.,120.25952),
.UNSPECIFIED.) GEOMETRIC_REPRESENTATION_ITEM() RATIONAL_B_SPLINE_SURFACE
((
    (1.,1.,1.,1.,1.)
    ,(0.70278225105,0.70278225105,0.70278225105,0.70278225105
      ,0.70278225105)
,(1.,1.,1.,1.,1.))) REPRESENTATION_ITEM('') SURFACE() );
#537 = CARTESIAN_POINT('',(-62.25952,-18.88890551296,272.89025206304));
#538 = CARTESIAN_POINT('',(-60.12976,-18.88890551296,272.89025206304));
#539 = CARTESIAN_POINT('',(-7.105427357601E-15,-18.88890551296,
    272.89025206304));
#540 = CARTESIAN_POINT('',(60.12976,-18.88890551296,272.89025206304));
#541 = CARTESIAN_POINT('',(62.25952,-18.88890551296,272.89025206304));
#542 = CARTESIAN_POINT('',(-62.25952,-19.,282.));
#543 = CARTESIAN_POINT('',(-60.12976,-19.,282.));
#544 = CARTESIAN_POINT('',(-1.011042516652E-14,-19.,282.));
#545 = CARTESIAN_POINT('',(60.12976,-19.,282.));
#546 = CARTESIAN_POINT('',(62.25952,-19.,282.));
#547 = CARTESIAN_POINT('',(-62.25952,-9.889574682823,282.));
#548 = CARTESIAN_POINT('',(-60.12976,-9.889574682823,282.));
#549 = CARTESIAN_POINT('',(-7.105427357601E-15,-9.889574682823,282.));
#550 = CARTESIAN_POINT('',(60.12976,-9.889574682823,282.));
#551 = CARTESIAN_POINT('',(62.25952,-9.889574682823,282.));
#552 = DEFINITIONAL_REPRESENTATION('',(#553),#557);
#553 = LINE('',#554,#555);
#554 = CARTESIAN_POINT('',(0.,0.));
#555 = VECTOR('',#556,1.);
#556 = DIRECTION('',(0.,1.));
#557 = ( GEOMETRIC_REPRESENTATION_CONTEXT(2) 
PARAMETRIC_REPRESENTATION_CONTEXT() REPRESENTATION_CONTEXT('2D SPACE',''
  ) );
#558 = ORIENTED_EDGE('',*,*,#559,.F.);
#559 = EDGE_CURVE('',#560,#520,#562,.T.);
#560 = VERTEX_POINT('',#561);
#561 = CARTESIAN_POINT('',(20.,-18.85060975609,269.75));
#562 = SURFACE_CURVE('',#563,(#569,#578),.PCURVE_S1.);
#563 = B_SPLINE_CURVE_WITH_KNOTS('',4,(#564,#565,#566,#567,#568),
  .UNSPECIFIED.,.F.,.F.,(5,5),(0.,1.),.PIECEWISE_BEZIER_KNOTS.);
#564 = CARTESIAN_POINT('',(20.,-18.85060975609,269.75));
#565 = CARTESIAN_POINT('',(20.,-18.86018384439,270.5350752407));
#566 = CARTESIAN_POINT('',(20.,-18.86975793331,271.32015053154));
#567 = CARTESIAN_POINT('',(20.,-18.87933202283,272.10522587239));
#568 = CARTESIAN_POINT('',(20.,-18.88890611296,272.89030126304));
#569 = PCURVE('',#37,#570);
#570 = DEFINITIONAL_REPRESENTATION('',(#571),#577);
#571 = B_SPLINE_CURVE_WITH_KNOTS('',4,(#572,#573,#574,#575,#576),
  .UNSPECIFIED.,.F.,.F.,(5,5),(0.,1.),.PIECEWISE_BEZIER_KNOTS.);
#572 = CARTESIAN_POINT('',(78.103561239541,0.850609756098));
#573 = CARTESIAN_POINT('',(78.096889863368,0.860183844399));
#574 = CARTESIAN_POINT('',(78.090224388179,0.869757933311));
#575 = CARTESIAN_POINT('',(78.083564808157,0.879332022834));
#576 = CARTESIAN_POINT('',(78.076911106708,0.888906112964));
#577 = ( GEOMETRIC_REPRESENTATION_CONTEXT(2) 
PARAMETRIC_REPRESENTATION_CONTEXT() REPRESENTATION_CONTEXT('2D SPACE',''
  ) );
#578 = PCURVE('',#579,#584);
#579 = PLANE('',#580);
#580 = AXIS2_PLACEMENT_3D('',#581,#582,#583);
#581 = CARTESIAN_POINT('',(20.,-24.,267.5));
#582 = DIRECTION('',(1.,0.,0.));
#583 = DIRECTION('',(0.,0.,1.));
#584 = DEFINITIONAL_REPRESENTATION('',(#585),#591);
#585 = B_SPLINE_CURVE_WITH_KNOTS('',4,(#586,#587,#588,#589,#590),
  .UNSPECIFIED.,.F.,.F.,(5,5),(0.,1.),.PIECEWISE_BEZIER_KNOTS.);
#586 = CARTESIAN_POINT('',(2.25,-5.149390243902));
#587 = CARTESIAN_POINT('',(3.035075240705,-5.139816155601));
#588 = CARTESIAN_POINT('',(3.82015053154,-5.130242066689));
#589 = CARTESIAN_POINT('',(4.60522587239,-5.120667977166));
#590 = CARTESIAN_POINT('',(5.390301263047,-5.111093887036));
#591 = ( GEOMETRIC_REPRESENTATION_CONTEXT(2) 
PARAMETRIC_REPRESENTATION_CONTEXT() REPRESENTATION_CONTEXT('2D SPACE',''
  ) );
#592 = ORIENTED_EDGE('',*,*,#593,.T.);
#593 = EDGE_CURVE('',#560,#594,#596,.T.);
#594 = VERTEX_POINT('',#595);
#595 = CARTESIAN_POINT('',(17.75,-18.8231707317,267.5));
#596 = SURFACE_CURVE('',#597,(#618,#642),.PCURVE_S1.);
#597 = B_SPLINE_CURVE_WITH_KNOTS('',7,(#598,#599,#600,#601,#602,#603,
    #604,#605,#606,#607,#608,#609,#610,#611,#612,#613,#614,#615,#616,
    #617),.UNSPECIFIED.,.F.,.F.,(8,6,6,8),(0.,0.333421849749,
    0.618367419989,1.),.UNSPECIFIED.);
#598 = CARTESIAN_POINT('',(20.,-18.85060975609,269.75));
#599 = CARTESIAN_POINT('',(20.,-18.84817558979,269.55039836305));
#600 = CARTESIAN_POINT('',(19.979341098203,-18.84573784742,
    269.35050348921));
#601 = CARTESIAN_POINT('',(19.937919705443,-18.8433637543,
    269.15582785272));
#602 = CARTESIAN_POINT('',(19.877831990413,-18.84109991091,
    268.97019269481));
#603 = CARTESIAN_POINT('',(19.801727447925,-18.83897789907,
    268.79618772371));
#604 = CARTESIAN_POINT('',(19.712537895127,-18.83701627815,
    268.63533480844));
#605 = CARTESIAN_POINT('',(19.527861850386,-18.8336908627,
    268.36265074145));
#606 = CARTESIAN_POINT('',(19.434998614673,-18.83227840635,
    268.24682932123));
#607 = CARTESIAN_POINT('',(19.335722224231,-18.83098684513,
    268.14092130127));
#608 = CARTESIAN_POINT('',(19.23120955691,-18.82981512565,
    268.04484030365));
#609 = CARTESIAN_POINT('',(19.122448182479,-18.82876066805,
    267.95837478041));
#610 = CARTESIAN_POINT('',(19.010215972064,-18.82782003626,267.881242974
    ));
#611 = CARTESIAN_POINT('',(18.740819535418,-18.82587776018,
    267.7219763351));
#612 = CARTESIAN_POINT('',(18.581505613086,-18.82496496996,
    267.64712753676));
#613 = CARTESIAN_POINT('',(18.418482545945,-18.82424261228,
    267.58789420709));
#614 = CARTESIAN_POINT('',(18.252900562322,-18.82370536832,267.543840203
    ));
#615 = CARTESIAN_POINT('',(18.085756975186,-18.8233489702,
    267.51461555672));
#616 = CARTESIAN_POINT('',(17.917891731057,-18.8231707317,267.5));
#617 = CARTESIAN_POINT('',(17.75,-18.8231707317,267.5));
#618 = PCURVE('',#37,#619);
#619 = DEFINITIONAL_REPRESENTATION('',(#620),#641);
#620 = B_SPLINE_CURVE_WITH_KNOTS('',7,(#621,#622,#623,#624,#625,#626,
    #627,#628,#629,#630,#631,#632,#633,#634,#635,#636,#637,#638,#639,
    #640),.UNSPECIFIED.,.F.,.F.,(8,6,6,8),(0.,0.333421849749,
    0.618367419989,1.),.UNSPECIFIED.);
#621 = CARTESIAN_POINT('',(78.103561238508,0.850609756098));
#622 = CARTESIAN_POINT('',(78.105257404092,0.848175589793));
#623 = CARTESIAN_POINT('',(78.086190521004,0.845737847429));
#624 = CARTESIAN_POINT('',(78.046202260436,0.843363754302));
#625 = CARTESIAN_POINT('',(77.987359670251,0.841099910912));
#626 = CARTESIAN_POINT('',(77.912300196036,0.83897789907));
#627 = CARTESIAN_POINT('',(77.823957194882,0.837016278152));
#628 = CARTESIAN_POINT('',(77.640500617822,0.833690862701));
#629 = CARTESIAN_POINT('',(77.548062445733,0.832278406357));
#630 = CARTESIAN_POINT('',(77.449080999379,0.830986845138));
#631 = CARTESIAN_POINT('',(77.344741263733,0.829815125654));
#632 = CARTESIAN_POINT('',(77.236039429724,0.828760668054));
#633 = CARTESIAN_POINT('',(77.123761638244,0.827820036268));
#634 = CARTESIAN_POINT('',(76.854029104454,0.825877760184));
#635 = CARTESIAN_POINT('',(76.694347023773,0.824964969961));
#636 = CARTESIAN_POINT('',(76.530797697687,0.824242612282));
#637 = CARTESIAN_POINT('',(76.364545897855,0.823705368329));
#638 = CARTESIAN_POINT('',(76.196602102575,0.823348970204));
#639 = CARTESIAN_POINT('',(76.027817447198,0.823170731707));
#640 = CARTESIAN_POINT('',(75.858895705521,0.823170731707));
#641 = ( GEOMETRIC_REPRESENTATION_CONTEXT(2) 
PARAMETRIC_REPRESENTATION_CONTEXT() REPRESENTATION_CONTEXT('2D SPACE',''
  ) );
#642 = PCURVE('',#643,#648);
#643 = CYLINDRICAL_SURFACE('',#644,2.25);
#644 = AXIS2_PLACEMENT_3D('',#645,#646,#647);
#645 = CARTESIAN_POINT('',(17.75,-24.,269.75));
#646 = DIRECTION('',(0.,1.,0.));
#647 = DIRECTION('',(1.,0.,-0.));
#648 = DEFINITIONAL_REPRESENTATION('',(#649),#670);
#649 = B_SPLINE_CURVE_WITH_KNOTS('',7,(#650,#651,#652,#653,#654,#655,
    #656,#657,#658,#659,#660,#661,#662,#663,#664,#665,#666,#667,#668,
    #669),.UNSPECIFIED.,.F.,.F.,(8,6,6,8),(0.,0.333421849749,
    0.618367419989,1.),.UNSPECIFIED.);
#650 = CARTESIAN_POINT('',(0.,5.149390243902));
#651 = CARTESIAN_POINT('',(8.871183864082E-02,5.151824410207));
#652 = CARTESIAN_POINT('',(0.177553642938,5.154262152571));
#653 = CARTESIAN_POINT('',(0.265218674,5.156636245698));
#654 = CARTESIAN_POINT('',(0.351151961026,5.158900089088));
#655 = CARTESIAN_POINT('',(0.434951296696,5.16102210093));
#656 = CARTESIAN_POINT('',(0.516372722705,5.162983721848));
#657 = CARTESIAN_POINT('',(0.66274403602,5.166309137299));
#658 = CARTESIAN_POINT('',(0.728509248983,5.167721593643));
#659 = CARTESIAN_POINT('',(0.792725480839,5.169013154862));
#660 = CARTESIAN_POINT('',(0.855521045762,5.170184874346));
#661 = CARTESIAN_POINT('',(0.917031701126,5.171239331946));
#662 = CARTESIAN_POINT('',(0.977416184785,5.172179963732));
#663 = CARTESIAN_POINT('',(1.11650691978,5.174122239816));
#664 = CARTESIAN_POINT('',(1.194387773517,5.175035030039));
#665 = CARTESIAN_POINT('',(1.270980141793,5.175757387718));
#666 = CARTESIAN_POINT('',(1.346606046576,5.176294631671));
#667 = CARTESIAN_POINT('',(1.42157108497,5.176651029796));
#668 = CARTESIAN_POINT('',(1.496177779658,5.176829268293));
#669 = CARTESIAN_POINT('',(1.570796326795,5.176829268293));
#670 = ( GEOMETRIC_REPRESENTATION_CONTEXT(2) 
PARAMETRIC_REPRESENTATION_CONTEXT() REPRESENTATION_CONTEXT('2D SPACE',''
  ) );
#671 = ORIENTED_EDGE('',*,*,#672,.T.);
#672 = EDGE_CURVE('',#594,#673,#675,.T.);
#673 = VERTEX_POINT('',#674);
#674 = CARTESIAN_POINT('',(-17.75,-18.8231707317,267.5));
#675 = SURFACE_CURVE('',#676,(#679,#685),.PCURVE_S1.);
#676 = B_SPLINE_CURVE_WITH_KNOTS('',1,(#677,#678),.UNSPECIFIED.,.F.,.F.,
  (2,2),(0.,1.),.PIECEWISE_BEZIER_KNOTS.);
#677 = CARTESIAN_POINT('',(17.75,-18.8231707317,267.5));
#678 = CARTESIAN_POINT('',(-17.75,-18.8231707317,267.5));
#679 = PCURVE('',#37,#680);
#680 = DEFINITIONAL_REPRESENTATION('',(#681),#684);
#681 = B_SPLINE_CURVE_WITH_KNOTS('',1,(#682,#683),.UNSPECIFIED.,.F.,.F.,
  (2,2),(0.,1.),.PIECEWISE_BEZIER_KNOTS.);
#682 = CARTESIAN_POINT('',(75.858895705521,0.823170731707));
#683 = CARTESIAN_POINT('',(40.141104294479,0.823170731707));
#684 = ( GEOMETRIC_REPRESENTATION_CONTEXT(2) 
PARAMETRIC_REPRESENTATION_CONTEXT() REPRESENTATION_CONTEXT('2D SPACE',''
  ) );
#685 = PCURVE('',#686,#691);
#686 = PLANE('',#687);
#687 = AXIS2_PLACEMENT_3D('',#688,#689,#690);
#688 = CARTESIAN_POINT('',(-20.,-24.,267.5));
#689 = DIRECTION('',(0.,0.,1.));
#690 = DIRECTION('',(1.,0.,0.));
#691 = DEFINITIONAL_REPRESENTATION('',(#692),#695);
#692 = B_SPLINE_CURVE_WITH_KNOTS('',1,(#693,#694),.UNSPECIFIED.,.F.,.F.,
  (2,2),(0.,1.),.PIECEWISE_BEZIER_KNOTS.);
#693 = CARTESIAN_POINT('',(37.75,5.176829268293));
#694 = CARTESIAN_POINT('',(2.25,5.176829268293));
#695 = ( GEOMETRIC_REPRESENTATION_CONTEXT(2) 
PARAMETRIC_REPRESENTATION_CONTEXT() REPRESENTATION_CONTEXT('2D SPACE',''
  ) );
#696 = ORIENTED_EDGE('',*,*,#697,.T.);
#697 = EDGE_CURVE('',#673,#698,#700,.T.);
#698 = VERTEX_POINT('',#699);
#699 = CARTESIAN_POINT('',(-18.23805209199,-18.82382402325,
    267.55356990653));
#700 = SURFACE_CURVE('',#701,(#708,#718),.PCURVE_S1.);
#701 = B_SPLINE_CURVE_WITH_KNOTS('',5,(#702,#703,#704,#705,#706,#707),
  .UNSPECIFIED.,.F.,.F.,(6,6),(0.,1.),.PIECEWISE_BEZIER_KNOTS.);
#702 = CARTESIAN_POINT('',(-17.75,-18.8231707317,267.5));
#703 = CARTESIAN_POINT('',(-17.84799745696,-18.8231707317,267.5));
#704 = CARTESIAN_POINT('',(-17.94600943553,-18.82323579502,
    267.50533519241));
#705 = CARTESIAN_POINT('',(-18.04383667688,-18.82336596743,
    267.51600932944));
#706 = CARTESIAN_POINT('',(-18.14126306135,-18.82356174572,
    267.53206314925));
#707 = CARTESIAN_POINT('',(-18.23805209199,-18.82382402325,
    267.55356990653));
#708 = PCURVE('',#37,#709);
#709 = DEFINITIONAL_REPRESENTATION('',(#710),#717);
#710 = B_SPLINE_CURVE_WITH_KNOTS('',5,(#711,#712,#713,#714,#715,#716),
  .UNSPECIFIED.,.F.,.F.,(6,6),(0.,1.),.PIECEWISE_BEZIER_KNOTS.);
#711 = CARTESIAN_POINT('',(40.141104294479,0.823170731707));
#712 = CARTESIAN_POINT('',(40.042505626126,0.823170731707));
#713 = CARTESIAN_POINT('',(39.943932660511,0.823235795029));
#714 = CARTESIAN_POINT('',(39.845587019632,0.823365967432));
#715 = CARTESIAN_POINT('',(39.747687571809,0.823561745723));
#716 = CARTESIAN_POINT('',(39.650473919033,0.82382402325));
#717 = ( GEOMETRIC_REPRESENTATION_CONTEXT(2) 
PARAMETRIC_REPRESENTATION_CONTEXT() REPRESENTATION_CONTEXT('2D SPACE',''
  ) );
#718 = PCURVE('',#719,#724);
#719 = CYLINDRICAL_SURFACE('',#720,2.25);
#720 = AXIS2_PLACEMENT_3D('',#721,#722,#723);
#721 = CARTESIAN_POINT('',(-17.75,-24.,269.75));
#722 = DIRECTION('',(0.,1.,0.));
#723 = DIRECTION('',(-1.,0.,0.));
#724 = DEFINITIONAL_REPRESENTATION('',(#725),#732);
#725 = B_SPLINE_CURVE_WITH_KNOTS('',5,(#726,#727,#728,#729,#730,#731),
  .UNSPECIFIED.,.F.,.F.,(6,6),(0.,1.),.PIECEWISE_BEZIER_KNOTS.);
#726 = CARTESIAN_POINT('',(-1.570796326795,5.176829268293));
#727 = CARTESIAN_POINT('',(-1.527241901479,5.176829268293));
#728 = CARTESIAN_POINT('',(-1.483681024384,5.176764204971));
#729 = CARTESIAN_POINT('',(-1.440030117392,5.176634032568));
#730 = CARTESIAN_POINT('',(-1.396212767073,5.176438254277));
#731 = CARTESIAN_POINT('',(-1.352146247073,5.17617597675));
#732 = ( GEOMETRIC_REPRESENTATION_CONTEXT(2) 
PARAMETRIC_REPRESENTATION_CONTEXT() REPRESENTATION_CONTEXT('2D SPACE',''
  ) );
#733 = ORIENTED_EDGE('',*,*,#734,.T.);
#734 = EDGE_CURVE('',#698,#735,#737,.T.);
#735 = VERTEX_POINT('',#736);
#736 = CARTESIAN_POINT('',(-20.,-18.85060975609,269.75));
#737 = SURFACE_CURVE('',#738,(#755,#775),.PCURVE_S1.);
#738 = B_SPLINE_CURVE_WITH_KNOTS('',8,(#739,#740,#741,#742,#743,#744,
    #745,#746,#747,#748,#749,#750,#751,#752,#753,#754),.UNSPECIFIED.,.F.
  ,.F.,(9,7,9),(0.,0.746636259996,1.),.UNSPECIFIED.);
#739 = CARTESIAN_POINT('',(-18.23805209199,-18.82382402325,
    267.55356990653));
#740 = CARTESIAN_POINT('',(-18.47702613769,-18.82447159169,
    267.60667051887));
#741 = CARTESIAN_POINT('',(-18.71111896004,-18.82548621276,
    267.68986944696));
#742 = CARTESIAN_POINT('',(-18.93989381358,-18.8268762372,
    267.80385145099));
#743 = CARTESIAN_POINT('',(-19.16033278553,-18.82866965095,
    267.95091137801));
#744 = CARTESIAN_POINT('',(-19.36748735889,-18.83089003655,
    268.13298299761));
#745 = CARTESIAN_POINT('',(-19.55428335571,-18.83355437668,
    268.35145888778));
#746 = CARTESIAN_POINT('',(-19.71227660863,-18.83665629664,
    268.6058163245));
#747 = CARTESIAN_POINT('',(-19.87110153968,-18.84136540821,
    268.99196347325));
#748 = CARTESIAN_POINT('',(-19.90667620956,-18.84260241937,
    269.09339838867));
#749 = CARTESIAN_POINT('',(-19.93711341458,-18.84387873704,
    269.19805643764));
#750 = CARTESIAN_POINT('',(-19.96198526383,-18.84518868375,
    269.30547206779));
#751 = CARTESIAN_POINT('',(-19.98092363459,-18.84652543433,
    269.41508561582));
#752 = CARTESIAN_POINT('',(-19.99364727407,-18.84788095581,
    269.52623837701));
#753 = CARTESIAN_POINT('',(-20.,-18.84924594389,269.63816739906));
#754 = CARTESIAN_POINT('',(-20.,-18.85060975609,269.75));
#755 = PCURVE('',#37,#756);
#756 = DEFINITIONAL_REPRESENTATION('',(#757),#774);
#757 = B_SPLINE_CURVE_WITH_KNOTS('',8,(#758,#759,#760,#761,#762,#763,
    #764,#765,#766,#767,#768,#769,#770,#771,#772,#773),.UNSPECIFIED.,.F.
  ,.F.,(9,7,9),(0.,0.746636259996,1.),.UNSPECIFIED.);
#758 = CARTESIAN_POINT('',(39.650473919033,0.82382402325));
#759 = CARTESIAN_POINT('',(39.410451472821,0.824471591694));
#760 = CARTESIAN_POINT('',(39.175586080816,0.825486212768));
#761 = CARTESIAN_POINT('',(38.946334226277,0.826876237207));
#762 = CARTESIAN_POINT('',(38.725761540471,0.828669650951));
#763 = CARTESIAN_POINT('',(38.518873519021,0.830890036556));
#764 = CARTESIAN_POINT('',(38.332806646541,0.83355437668));
#765 = CARTESIAN_POINT('',(38.176050008191,0.83665629664));
#766 = CARTESIAN_POINT('',(38.019600882688,0.84136540821));
#767 = CARTESIAN_POINT('',(37.984688110363,0.842602419374));
#768 = CARTESIAN_POINT('',(37.95497165699,0.843878737044));
#769 = CARTESIAN_POINT('',(37.930877077237,0.845188683754));
#770 = CARTESIAN_POINT('',(37.912768785057,0.846525434339));
#771 = CARTESIAN_POINT('',(37.900922808007,0.847880955817));
#772 = CARTESIAN_POINT('',(37.895488435574,0.849245943891));
#773 = CARTESIAN_POINT('',(37.896438761492,0.850609756098));
#774 = ( GEOMETRIC_REPRESENTATION_CONTEXT(2) 
PARAMETRIC_REPRESENTATION_CONTEXT() REPRESENTATION_CONTEXT('2D SPACE',''
  ) );
#775 = PCURVE('',#719,#776);
#776 = DEFINITIONAL_REPRESENTATION('',(#777),#794);
#777 = B_SPLINE_CURVE_WITH_KNOTS('',8,(#778,#779,#780,#781,#782,#783,
    #784,#785,#786,#787,#788,#789,#790,#791,#792,#793),.UNSPECIFIED.,.F.
  ,.F.,(9,7,9),(0.,0.746636259996,1.),.UNSPECIFIED.);
#778 = CARTESIAN_POINT('',(-1.352146247073,5.17617597675));
#779 = CARTESIAN_POINT('',(-1.24334513093,5.175528408306));
#780 = CARTESIAN_POINT('',(-1.133758623263,5.174513787232));
#781 = CARTESIAN_POINT('',(-1.021559375038,5.173123762793));
#782 = CARTESIAN_POINT('',(-0.905710166537,5.171330349049));
#783 = CARTESIAN_POINT('',(-0.785457550266,5.169109963444));
#784 = CARTESIAN_POINT('',(-0.660030576992,5.16644562332));
#785 = CARTESIAN_POINT('',(-0.528769342654,5.16334370336));
#786 = CARTESIAN_POINT('',(-0.343198496067,5.15863459179));
#787 = CARTESIAN_POINT('',(-0.295491104104,5.157397580626));
#788 = CARTESIAN_POINT('',(-0.247168615091,5.156121262956));
#789 = CARTESIAN_POINT('',(-0.198317705195,5.154811316246));
#790 = CARTESIAN_POINT('',(-0.149038120593,5.153474565661));
#791 = CARTESIAN_POINT('',(-9.944951764553E-02,5.152119044183));
#792 = CARTESIAN_POINT('',(-4.970337819363E-02,5.150754056109));
#793 = CARTESIAN_POINT('',(0.,5.149390243902));
#794 = ( GEOMETRIC_REPRESENTATION_CONTEXT(2) 
PARAMETRIC_REPRESENTATION_CONTEXT() REPRESENTATION_CONTEXT('2D SPACE',''
  ) );
#795 = ORIENTED_EDGE('',*,*,#796,.T.);
#796 = EDGE_CURVE('',#735,#797,#799,.T.);
#797 = VERTEX_POINT('',#798);
#798 = CARTESIAN_POINT('',(-20.,-18.88890551296,272.89025206304));
#799 = SURFACE_CURVE('',#800,(#806,#815),.PCURVE_S1.);
#800 = B_SPLINE_CURVE_WITH_KNOTS('',4,(#801,#802,#803,#804,#805),
  .UNSPECIFIED.,.F.,.F.,(5,5),(0.,1.),.PIECEWISE_BEZIER_KNOTS.);
#801 = CARTESIAN_POINT('',(-20.,-18.85060975609,269.75));
#802 = CARTESIAN_POINT('',(-20.,-18.86018384439,270.5350752407));
#803 = CARTESIAN_POINT('',(-20.,-18.86975793331,271.32015053154));
#804 = CARTESIAN_POINT('',(-20.,-18.87933202283,272.10522587239));
#805 = CARTESIAN_POINT('',(-20.,-18.88890611296,272.89030126304));
#806 = PCURVE('',#37,#807);
#807 = DEFINITIONAL_REPRESENTATION('',(#808),#814);
#808 = B_SPLINE_CURVE_WITH_KNOTS('',4,(#809,#810,#811,#812,#813),
  .UNSPECIFIED.,.F.,.F.,(5,5),(0.,1.),.PIECEWISE_BEZIER_KNOTS.);
#809 = CARTESIAN_POINT('',(37.896438760459,0.850609756098));
#810 = CARTESIAN_POINT('',(37.903110136632,0.860183844399));
#811 = CARTESIAN_POINT('',(37.909775611821,0.869757933311));
#812 = CARTESIAN_POINT('',(37.916435191843,0.879332022834));
#813 = CARTESIAN_POINT('',(37.923088893292,0.888906112964));
#814 = ( GEOMETRIC_REPRESENTATION_CONTEXT(2) 
PARAMETRIC_REPRESENTATION_CONTEXT() REPRESENTATION_CONTEXT('2D SPACE',''
  ) );
#815 = PCURVE('',#816,#821);
#816 = PLANE('',#817);
#817 = AXIS2_PLACEMENT_3D('',#818,#819,#820);
#818 = CARTESIAN_POINT('',(-20.,-24.,267.5));
#819 = DIRECTION('',(1.,0.,0.));
#820 = DIRECTION('',(0.,0.,1.));
#821 = DEFINITIONAL_REPRESENTATION('',(#822),#828);
#822 = B_SPLINE_CURVE_WITH_KNOTS('',4,(#823,#824,#825,#826,#827),
  .UNSPECIFIED.,.F.,.F.,(5,5),(0.,1.),.PIECEWISE_BEZIER_KNOTS.);
#823 = CARTESIAN_POINT('',(2.25,-5.149390243902));
#824 = CARTESIAN_POINT('',(3.035075240705,-5.139816155601));
#825 = CARTESIAN_POINT('',(3.82015053154,-5.130242066689));
#826 = CARTESIAN_POINT('',(4.60522587239,-5.120667977166));
#827 = CARTESIAN_POINT('',(5.390301263047,-5.111093887036));
#828 = ( GEOMETRIC_REPRESENTATION_CONTEXT(2) 
PARAMETRIC_REPRESENTATION_CONTEXT() REPRESENTATION_CONTEXT('2D SPACE',''
  ) );
#829 = ORIENTED_EDGE('',*,*,#830,.F.);
#830 = EDGE_CURVE('',#24,#797,#831,.T.);
#831 = SURFACE_CURVE('',#832,(#838,#844),.PCURVE_S1.);
#832 = B_SPLINE_CURVE_WITH_KNOTS('',2,(#833,#834,#835,#836,#837),
  .UNSPECIFIED.,.F.,.F.,(3,1,1,3),(-4.25952,4.584231322284E-14,116.,
    120.25952),.UNSPECIFIED.);
#833 = CARTESIAN_POINT('',(-62.25952,-18.88890551296,272.89025206304));
#834 = CARTESIAN_POINT('',(-60.12976,-18.88890551296,272.89025206304));
#835 = CARTESIAN_POINT('',(-7.105427357601E-15,-18.88890551296,
    272.89025206304));
#836 = CARTESIAN_POINT('',(60.12976,-18.88890551296,272.89025206304));
#837 = CARTESIAN_POINT('',(62.25952,-18.88890551296,272.89025206304));
#838 = PCURVE('',#37,#839);
#839 = DEFINITIONAL_REPRESENTATION('',(#840),#843);
#840 = B_SPLINE_CURVE_WITH_KNOTS('',1,(#841,#842),.UNSPECIFIED.,.F.,.F.,
  (2,2),(4.584231322284E-14,116.),.PIECEWISE_BEZIER_KNOTS.);
#841 = CARTESIAN_POINT('',(-0.223043418699,0.888905512964));
#842 = CARTESIAN_POINT('',(116.22304341869,0.888905512964));
#843 = ( GEOMETRIC_REPRESENTATION_CONTEXT(2) 
PARAMETRIC_REPRESENTATION_CONTEXT() REPRESENTATION_CONTEXT('2D SPACE',''
  ) );
#844 = PCURVE('',#536,#845);
#845 = DEFINITIONAL_REPRESENTATION('',(#846),#850);
#846 = LINE('',#847,#848);
#847 = CARTESIAN_POINT('',(0.,0.));
#848 = VECTOR('',#849,1.);
#849 = DIRECTION('',(0.,1.));
#850 = ( GEOMETRIC_REPRESENTATION_CONTEXT(2) 
PARAMETRIC_REPRESENTATION_CONTEXT() REPRESENTATION_CONTEXT('2D SPACE',''
  ) );
#851 = ADVANCED_FACE('',(#852),#50,.F.);
#852 = FACE_BOUND('',#853,.F.);
#853 = EDGE_LOOP('',(#854,#945,#979,#1068));
#854 = ORIENTED_EDGE('',*,*,#855,.F.);
#855 = EDGE_CURVE('',#856,#22,#858,.T.);
#856 = VERTEX_POINT('',#857);
#857 = CARTESIAN_POINT('',(-56.21415983092,-9.109087599025,
    208.7805530679));
#858 = SURFACE_CURVE('',#859,(#864,#934),.PCURVE_S1.);
#859 = CIRCLE('',#860,9.);
#860 = AXIS2_PLACEMENT_3D('',#861,#862,#863);
#861 = CARTESIAN_POINT('',(-47.21683561513,-9.109086877944,209.));
#862 = DIRECTION('',(-2.438117962683E-02,-1.219058995537E-02,
    0.999628404757));
#863 = DIRECTION('',(2.973231531606E-04,-0.999925691997,
    -1.218696362548E-02));
#864 = PCURVE('',#50,#865);
#865 = DEFINITIONAL_REPRESENTATION('',(#866),#933);
#866 = B_SPLINE_CURVE_WITH_KNOTS('',9,(#867,#868,#869,#870,#871,#872,
    #873,#874,#875,#876,#877,#878,#879,#880,#881,#882,#883,#884,#885,
    #886,#887,#888,#889,#890,#891,#892,#893,#894,#895,#896,#897,#898,
    #899,#900,#901,#902,#903,#904,#905,#906,#907,#908,#909,#910,#911,
    #912,#913,#914,#915,#916,#917,#918,#919,#920,#921,#922,#923,#924,
    #925,#926,#927,#928,#929,#930,#931,#932),.UNSPECIFIED.,.F.,.F.,(10,8
    ,8,8,8,8,8,8,10),(4.712388980385,4.810545161698,4.908701343011,
    5.105013705637,5.49763843089,5.693950793516,5.890263156143,
    6.086575518769,6.282887881395),.UNSPECIFIED.);
#867 = CARTESIAN_POINT('',(82.140221913184,8.674126246146));
#868 = CARTESIAN_POINT('',(81.506672354064,8.674126246146));
#869 = CARTESIAN_POINT('',(80.876340133891,8.674126246146));
#870 = CARTESIAN_POINT('',(80.249142201197,8.674126246148));
#871 = CARTESIAN_POINT('',(79.625003076074,8.674126246144));
#872 = CARTESIAN_POINT('',(79.003844095491,8.674126246148));
#873 = CARTESIAN_POINT('',(78.385584515752,8.674126246145));
#874 = CARTESIAN_POINT('',(77.770147031154,8.674126246147));
#875 = CARTESIAN_POINT('',(77.157460265644,8.674126246146));
#876 = CARTESIAN_POINT('',(75.937441327257,8.674126246146));
#877 = CARTESIAN_POINT('',(75.330109373852,8.674126246146));
#878 = CARTESIAN_POINT('',(74.725382312663,8.674126246148));
#879 = CARTESIAN_POINT('',(74.123188960264,8.674126246144));
#880 = CARTESIAN_POINT('',(73.523459520973,8.674126246148));
#881 = CARTESIAN_POINT('',(72.926125533965,8.674126246145));
#882 = CARTESIAN_POINT('',(72.331119820989,8.674126246147));
#883 = CARTESIAN_POINT('',(71.738376433493,8.674126246146));
#884 = CARTESIAN_POINT('',(69.966738933626,8.674126246146));
#885 = CARTESIAN_POINT('',(68.794436631279,8.674126246146));
#886 = CARTESIAN_POINT('',(67.630411310403,8.674126246146));
#887 = CARTESIAN_POINT('',(66.474141710893,8.674126246147));
#888 = CARTESIAN_POINT('',(65.325181530461,8.674126246146));
#889 = CARTESIAN_POINT('',(64.183024810461,8.674126246146));
#890 = CARTESIAN_POINT('',(63.047236703247,8.674126246146));
#891 = CARTESIAN_POINT('',(61.917368009879,8.674126246146));
#892 = CARTESIAN_POINT('',(58.544223342991,8.674126246146));
#893 = CARTESIAN_POINT('',(56.3174086813,8.674126246147));
#894 = CARTESIAN_POINT('',(54.109080927265,8.674126246146));
#895 = CARTESIAN_POINT('',(51.915947377024,8.674126246147));
#896 = CARTESIAN_POINT('',(49.734845450788,8.674126246145));
#897 = CARTESIAN_POINT('',(47.56270660481,8.674126246147));
#898 = CARTESIAN_POINT('',(45.396522868973,8.674126246146));
#899 = CARTESIAN_POINT('',(43.233316010378,8.674126246146));
#900 = CARTESIAN_POINT('',(39.988505978677,8.674126246146));
#901 = CARTESIAN_POINT('',(38.906902645158,8.674126246147));
#902 = CARTESIAN_POINT('',(37.824927121855,8.674126246145));
#903 = CARTESIAN_POINT('',(36.742207242466,8.674126246147));
#904 = CARTESIAN_POINT('',(35.658369895541,8.674126246145));
#905 = CARTESIAN_POINT('',(34.573040045614,8.674126246147));
#906 = CARTESIAN_POINT('',(33.485839754165,8.674126246146));
#907 = CARTESIAN_POINT('',(32.39638720074,8.674126246146));
#908 = CARTESIAN_POINT('',(30.212204207176,8.674126246146));
#909 = CARTESIAN_POINT('',(29.117474391044,8.674126246147));
#910 = CARTESIAN_POINT('',(28.019714191654,8.674126246146));
#911 = CARTESIAN_POINT('',(26.918550086706,8.674126246147));
#912 = CARTESIAN_POINT('',(25.813552591763,8.674126246145));
#913 = CARTESIAN_POINT('',(24.704348595194,8.674126246147));
#914 = CARTESIAN_POINT('',(23.590508109671,8.674126246146));
#915 = CARTESIAN_POINT('',(22.471613655628,8.674126246146));
#916 = CARTESIAN_POINT('',(20.222850467676,8.674126246146));
#917 = CARTESIAN_POINT('',(19.092981823164,8.674126246146));
#918 = CARTESIAN_POINT('',(17.957193014466,8.674126246146));
#919 = CARTESIAN_POINT('',(16.815040699749,8.674126246146));
#920 = CARTESIAN_POINT('',(15.666069628708,8.674126246146));
#921 = CARTESIAN_POINT('',(14.509811031885,8.674126246146));
#922 = CARTESIAN_POINT('',(13.345781079527,8.674126246146));
#923 = CARTESIAN_POINT('',(12.173479410034,8.674126246146));
#924 = CARTESIAN_POINT('',(9.811296045903,8.674126246146));
#925 = CARTESIAN_POINT('',(8.621414751448,8.674126246147));
#926 = CARTESIAN_POINT('',(7.422221653108,8.674126246145));
#927 = CARTESIAN_POINT('',(6.213192473937,8.674126246148));
#928 = CARTESIAN_POINT('',(4.993744257263,8.674126246144));
#929 = CARTESIAN_POINT('',(3.763330790177,8.674126246148));
#930 = CARTESIAN_POINT('',(2.521323381449,8.674126246146));
#931 = CARTESIAN_POINT('',(1.267099118241,8.674126246146));
#932 = CARTESIAN_POINT('',(-7.895811700243E-15,8.674126246146));
#933 = ( GEOMETRIC_REPRESENTATION_CONTEXT(2) 
PARAMETRIC_REPRESENTATION_CONTEXT() REPRESENTATION_CONTEXT('2D SPACE',''
  ) );
#934 = PCURVE('',#935,#940);
#935 = SPHERICAL_SURFACE('',#936,9.);
#936 = AXIS2_PLACEMENT_3D('',#937,#938,#939);
#937 = CARTESIAN_POINT('',(-47.21683561513,-9.109086877944,209.));
#938 = DIRECTION('',(0.999702690643,8.012003268239E-08,
    2.438299245471E-02));
#939 = DIRECTION('',(2.973231531606E-04,-0.999925691997,
    -1.218696362548E-02));
#940 = DEFINITIONAL_REPRESENTATION('',(#941),#944);
#941 = B_SPLINE_CURVE_WITH_KNOTS('',1,(#942,#943),.UNSPECIFIED.,.F.,.F.,
  (2,2),(4.712388980385,6.282887881395),.PIECEWISE_BEZIER_KNOTS.);
#942 = CARTESIAN_POINT('',(0.,-1.570796326795));
#943 = CARTESIAN_POINT('',(0.,-2.974257844572E-04));
#944 = ( GEOMETRIC_REPRESENTATION_CONTEXT(2) 
PARAMETRIC_REPRESENTATION_CONTEXT() REPRESENTATION_CONTEXT('2D SPACE',''
  ) );
#945 = ORIENTED_EDGE('',*,*,#946,.T.);
#946 = EDGE_CURVE('',#856,#947,#949,.T.);
#947 = VERTEX_POINT('',#948);
#948 = CARTESIAN_POINT('',(-57.77513544068,-9.889575451336,
    272.7805530679));
#949 = SURFACE_CURVE('',#950,(#959,#966),.PCURVE_S1.);
#950 = B_SPLINE_CURVE_WITH_KNOTS('',3,(#951,#952,#953,#954,#955,#956,
    #957,#958),.UNSPECIFIED.,.F.,.F.,(4,2,2,4),(-3.231589924731,
    -0.219430620577,81.920791292606,84.93295059676),.UNSPECIFIED.);
#951 = CARTESIAN_POINT('',(-55.92388441475,-8.963949169859,
    196.87926100486));
#952 = CARTESIAN_POINT('',(-55.94836441475,-8.976189169859,
    197.88294100486));
#953 = CARTESIAN_POINT('',(-55.97284441475,-8.988429169859,
    198.88662100486));
#954 = CARTESIAN_POINT('',(-56.66488294316,-9.334448434066,
    227.2602006699));
#955 = CARTESIAN_POINT('',(-57.33244147158,-9.668227698274,
    254.63010033495));
#956 = CARTESIAN_POINT('',(-58.02448,-10.01424696248,283.00368));
#957 = CARTESIAN_POINT('',(-58.04896,-10.02648696248,284.00736));
#958 = CARTESIAN_POINT('',(-58.07344,-10.03872696248,285.01104));
#959 = PCURVE('',#50,#960);
#960 = DEFINITIONAL_REPRESENTATION('',(#961),#965);
#961 = LINE('',#962,#963);
#962 = CARTESIAN_POINT('',(82.140221913184,0.));
#963 = VECTOR('',#964,1.);
#964 = DIRECTION('',(0.,1.));
#965 = ( GEOMETRIC_REPRESENTATION_CONTEXT(2) 
PARAMETRIC_REPRESENTATION_CONTEXT() REPRESENTATION_CONTEXT('2D SPACE',''
  ) );
#966 = PCURVE('',#967,#972);
#967 = B_SPLINE_SURFACE_WITH_KNOTS('',1,1,(
    (#968,#969)
    ,(#970,#971
  )),.UNSPECIFIED.,.F.,.F.,.F.,(2,2),(2,2),(0.,38.),(0.,1.),
  .PIECEWISE_BEZIER_KNOTS.);
#968 = CARTESIAN_POINT('',(-56.,18.,200.));
#969 = CARTESIAN_POINT('',(-58.,19.,282.));
#970 = CARTESIAN_POINT('',(-56.,-18.,200.));
#971 = CARTESIAN_POINT('',(-58.,-19.,282.));
#972 = DEFINITIONAL_REPRESENTATION('',(#973),#978);
#973 = B_SPLINE_CURVE_WITH_KNOTS('',3,(#974,#975,#976,#977),
  .UNSPECIFIED.,.F.,.F.,(4,4),(8.674126246146,72.697917184108),
  .PIECEWISE_BEZIER_KNOTS.);
#974 = CARTESIAN_POINT('',(28.55828687947,0.107079915462));
#975 = CARTESIAN_POINT('',(28.693948644109,0.367242516636));
#976 = CARTESIAN_POINT('',(28.823769757811,0.627405118253));
#977 = CARTESIAN_POINT('',(28.948445260796,0.88756772034));
#978 = ( GEOMETRIC_REPRESENTATION_CONTEXT(2) 
PARAMETRIC_REPRESENTATION_CONTEXT() REPRESENTATION_CONTEXT('2D SPACE',''
  ) );
#979 = ORIENTED_EDGE('',*,*,#980,.T.);
#980 = EDGE_CURVE('',#947,#24,#981,.T.);
#981 = SURFACE_CURVE('',#982,(#987,#1057),.PCURVE_S1.);
#982 = CIRCLE('',#983,9.);
#983 = AXIS2_PLACEMENT_3D('',#984,#985,#986);
#984 = CARTESIAN_POINT('',(-48.77781122489,-9.889574682823,273.));
#985 = DIRECTION('',(-2.43811795626E-02,-1.219058993259E-02,
    0.999628404759));
#986 = DIRECTION('',(2.973284209486E-04,-0.999925691998,
    -1.218696347422E-02));
#987 = PCURVE('',#50,#988);
#988 = DEFINITIONAL_REPRESENTATION('',(#989),#1056);
#989 = B_SPLINE_CURVE_WITH_KNOTS('',9,(#990,#991,#992,#993,#994,#995,
    #996,#997,#998,#999,#1000,#1001,#1002,#1003,#1004,#1005,#1006,#1007,
    #1008,#1009,#1010,#1011,#1012,#1013,#1014,#1015,#1016,#1017,#1018,
    #1019,#1020,#1021,#1022,#1023,#1024,#1025,#1026,#1027,#1028,#1029,
    #1030,#1031,#1032,#1033,#1034,#1035,#1036,#1037,#1038,#1039,#1040,
    #1041,#1042,#1043,#1044,#1045,#1046,#1047,#1048,#1049,#1050,#1051,
    #1052,#1053,#1054,#1055),.UNSPECIFIED.,.F.,.F.,(10,8,8,8,8,8,8,8,10)
  ,(4.712388980385,4.81054516131,4.908701342235,5.105013704086,
    5.497638427788,5.693950789638,5.890263151489,6.08657551334,
    6.282887875191),.UNSPECIFIED.);
#990 = CARTESIAN_POINT('',(82.140221913184,72.697917184108));
#991 = CARTESIAN_POINT('',(81.506672356566,72.697917184108));
#992 = CARTESIAN_POINT('',(80.876340021446,72.697917184108));
#993 = CARTESIAN_POINT('',(80.249141816997,72.697917184107));
#994 = CARTESIAN_POINT('',(79.62500261153,72.697917184109));
#995 = CARTESIAN_POINT('',(79.003843758893,72.697917184106));
#996 = CARTESIAN_POINT('',(78.385584280369,72.697917184109));
#997 = CARTESIAN_POINT('',(77.770146758819,72.697917184107));
#998 = CARTESIAN_POINT('',(77.157460001564,72.697917184108));
#999 = CARTESIAN_POINT('',(75.937441055991,72.697917184108));
#1000 = CARTESIAN_POINT('',(75.330109102837,72.697917184107));
#1001 = CARTESIAN_POINT('',(74.725382045787,72.697917184109));
#1002 = CARTESIAN_POINT('',(74.123188699892,72.697917184106));
#1003 = CARTESIAN_POINT('',(73.523459267083,72.697917184109));
#1004 = CARTESIAN_POINT('',(72.926125284597,72.697917184107));
#1005 = CARTESIAN_POINT('',(72.331119573205,72.697917184108));
#1006 = CARTESIAN_POINT('',(71.738376185672,72.697917184108));
#1007 = CARTESIAN_POINT('',(69.966738693696,72.697917184106));
#1008 = CARTESIAN_POINT('',(68.794436288178,72.697917184116));
#1009 = CARTESIAN_POINT('',(67.630411671474,72.697917184091));
#1010 = CARTESIAN_POINT('',(66.474140467399,72.697917184132));
#1011 = CARTESIAN_POINT('',(65.325181892632,72.697917184085));
#1012 = CARTESIAN_POINT('',(64.183024504818,72.697917184123));
#1013 = CARTESIAN_POINT('',(63.047236492221,72.697917184101));
#1014 = CARTESIAN_POINT('',(61.917367811298,72.697917184109));
#1015 = CARTESIAN_POINT('',(58.544223165072,72.697917184106));
#1016 = CARTESIAN_POINT('',(56.317408508491,72.697917184113));
#1017 = CARTESIAN_POINT('',(54.109080763815,72.697917184098));
#1018 = CARTESIAN_POINT('',(51.915947225861,72.697917184121));
#1019 = CARTESIAN_POINT('',(49.734845310209,72.697917184096));
#1020 = CARTESIAN_POINT('',(47.562706471678,72.697917184115));
#1021 = CARTESIAN_POINT('',(45.39652274287,72.697917184105));
#1022 = CARTESIAN_POINT('',(43.233315894345,72.697917184108));
#1023 = CARTESIAN_POINT('',(39.988505875465,72.697917184109));
#1024 = CARTESIAN_POINT('',(38.90690254607,72.697917184104));
#1025 = CARTESIAN_POINT('',(37.824927026975,72.697917184117));
#1026 = CARTESIAN_POINT('',(36.742207151888,72.697917184094));
#1027 = CARTESIAN_POINT('',(35.658369809329,72.697917184121));
#1028 = CARTESIAN_POINT('',(34.573039963659,72.697917184099));
#1029 = CARTESIAN_POINT('',(33.485839676281,72.697917184112));
#1030 = CARTESIAN_POINT('',(32.396387126684,72.697917184107));
#1031 = CARTESIAN_POINT('',(30.21220414052,72.697917184108));
#1032 = CARTESIAN_POINT('',(29.11747428283,72.697917184107));
#1033 = CARTESIAN_POINT('',(28.019714376164,72.697917184109));
#1034 = CARTESIAN_POINT('',(26.918549614544,72.697917184107));
#1035 = CARTESIAN_POINT('',(25.813552773373,72.697917184108));
#1036 = CARTESIAN_POINT('',(24.704348515227,72.697917184109));
#1037 = CARTESIAN_POINT('',(23.590508065129,72.697917184107));
#1038 = CARTESIAN_POINT('',(22.471613618136,72.697917184108));
#1039 = CARTESIAN_POINT('',(20.222850441608,72.697917184107));
#1040 = CARTESIAN_POINT('',(19.092981763929,72.697917184113));
#1041 = CARTESIAN_POINT('',(17.957192989378,72.697917184098));
#1042 = CARTESIAN_POINT('',(16.815040727373,72.697917184121));
#1043 = CARTESIAN_POINT('',(15.66606966545,72.697917184097));
#1044 = CARTESIAN_POINT('',(14.509811030625,72.697917184114));
#1045 = CARTESIAN_POINT('',(13.345781050607,72.697917184105));
#1046 = CARTESIAN_POINT('',(12.173479415157,72.697917184108));
#1047 = CARTESIAN_POINT('',(9.811296059513,72.697917184107));
#1048 = CARTESIAN_POINT('',(8.62141479697,72.69791718411));
#1049 = CARTESIAN_POINT('',(7.42222153627,72.697917184103));
#1050 = CARTESIAN_POINT('',(6.213192805129,72.697917184115));
#1051 = CARTESIAN_POINT('',(4.993743954296,72.6979171841));
#1052 = CARTESIAN_POINT('',(3.763330974422,72.697917184113));
#1053 = CARTESIAN_POINT('',(2.521323483115,72.697917184105));
#1054 = CARTESIAN_POINT('',(1.267099113235,72.697917184108));
#1055 = CARTESIAN_POINT('',(9.054624566425E-16,72.697917184108));
#1056 = ( GEOMETRIC_REPRESENTATION_CONTEXT(2) 
PARAMETRIC_REPRESENTATION_CONTEXT() REPRESENTATION_CONTEXT('2D SPACE',''
  ) );
#1057 = PCURVE('',#1058,#1063);
#1058 = SPHERICAL_SURFACE('',#1059,9.);
#1059 = AXIS2_PLACEMENT_3D('',#1060,#1061,#1062);
#1060 = CARTESIAN_POINT('',(-48.77781122489,-9.889574682823,273.));
#1061 = DIRECTION('',(0.999702690643,8.539033460566E-08,
    2.438299245471E-02));
#1062 = DIRECTION('',(2.973284209486E-04,-0.999925691998,
    -1.218696347422E-02));
#1063 = DEFINITIONAL_REPRESENTATION('',(#1064),#1067);
#1064 = B_SPLINE_CURVE_WITH_KNOTS('',1,(#1065,#1066),.UNSPECIFIED.,.F.,
  .F.,(2,2),(4.712388980385,6.282887875191),.PIECEWISE_BEZIER_KNOTS.);
#1065 = CARTESIAN_POINT('',(0.,-1.570796326795));
#1066 = CARTESIAN_POINT('',(0.,-2.974319889928E-04));
#1067 = ( GEOMETRIC_REPRESENTATION_CONTEXT(2) 
PARAMETRIC_REPRESENTATION_CONTEXT() REPRESENTATION_CONTEXT('2D SPACE',''
  ) );
#1068 = ORIENTED_EDGE('',*,*,#21,.F.);
#1069 = ADVANCED_FACE('',(#1070),#536,.F.);
#1070 = FACE_BOUND('',#1071,.F.);
#1071 = EDGE_LOOP('',(#1072,#1073,#1121,#1150,#1183,#1184,#1216,#1367,
    #1401,#1573));
#1072 = ORIENTED_EDGE('',*,*,#830,.F.);
#1073 = ORIENTED_EDGE('',*,*,#1074,.T.);
#1074 = EDGE_CURVE('',#24,#1075,#1077,.T.);
#1075 = VERTEX_POINT('',#1076);
#1076 = CARTESIAN_POINT('',(-48.77781122489,-9.889574682823,282.));
#1077 = SURFACE_CURVE('',#1078,(#1083,#1109),.PCURVE_S1.);
#1078 = CIRCLE('',#1079,9.);
#1079 = AXIS2_PLACEMENT_3D('',#1080,#1081,#1082);
#1080 = CARTESIAN_POINT('',(-48.77781122489,-9.889574682823,273.));
#1081 = DIRECTION('',(-1.,1.514862476058E-08,3.157967699502E-15));
#1082 = DIRECTION('',(-1.514749846542E-08,-0.999925647793,
    -1.219421521699E-02));
#1083 = PCURVE('',#536,#1084);
#1084 = DEFINITIONAL_REPRESENTATION('',(#1085),#1108);
#1085 = B_SPLINE_CURVE_WITH_KNOTS('',6,(#1086,#1087,#1088,#1089,#1090,
    #1091,#1092,#1093,#1094,#1095,#1096,#1097,#1098,#1099,#1100,#1101,
    #1102,#1103,#1104,#1105,#1106,#1107),.UNSPECIFIED.,.F.,.F.,(7,5,5,5,
    7),(0.,0.395747711061,0.791495422122,1.187243133182,1.582990844243),
  .UNSPECIFIED.);
#1086 = CARTESIAN_POINT('',(-7.105427357601E-15,9.222188638779));
#1087 = CARTESIAN_POINT('',(5.377472860035,9.222188645099));
#1088 = CARTESIAN_POINT('',(10.577125084403,9.22218865121));
#1089 = CARTESIAN_POINT('',(15.631030073479,9.22218865715));
#1090 = CARTESIAN_POINT('',(20.565441291392,9.222188662949));
#1091 = CARTESIAN_POINT('',(25.403399904807,9.222188668634));
#1092 = CARTESIAN_POINT('',(34.928156024196,9.222188679828));
#1093 = CARTESIAN_POINT('',(39.614959186772,9.222188685336));
#1094 = CARTESIAN_POINT('',(44.247078668896,9.22218869078));
#1095 = CARTESIAN_POINT('',(48.84333391278,9.222188696182));
#1096 = CARTESIAN_POINT('',(53.421667336542,9.222188701562));
#1097 = CARTESIAN_POINT('',(62.578332663458,9.222188712324));
#1098 = CARTESIAN_POINT('',(67.156666087221,9.222188717704));
#1099 = CARTESIAN_POINT('',(71.752921331103,9.222188723106));
#1100 = CARTESIAN_POINT('',(76.385040813228,9.22218872855));
#1101 = CARTESIAN_POINT('',(81.071843975805,9.222188734058));
#1102 = CARTESIAN_POINT('',(90.596600095193,9.222188745252));
#1103 = CARTESIAN_POINT('',(95.434558708608,9.222188750937));
#1104 = CARTESIAN_POINT('',(100.36896992652,9.222188756737));
#1105 = CARTESIAN_POINT('',(105.42287491559,9.222188762676));
#1106 = CARTESIAN_POINT('',(110.62252713996,9.222188768787));
#1107 = CARTESIAN_POINT('',(116.,9.222188775107));
#1108 = ( GEOMETRIC_REPRESENTATION_CONTEXT(2) 
PARAMETRIC_REPRESENTATION_CONTEXT() REPRESENTATION_CONTEXT('2D SPACE',''
  ) );
#1109 = PCURVE('',#1058,#1110);
#1110 = DEFINITIONAL_REPRESENTATION('',(#1111),#1120);
#1111 = B_SPLINE_CURVE_WITH_KNOTS('',7,(#1112,#1113,#1114,#1115,#1116,
    #1117,#1118,#1119),.UNSPECIFIED.,.F.,.F.,(8,8),(0.,1.582990844243),
  .PIECEWISE_BEZIER_KNOTS.);
#1112 = CARTESIAN_POINT('',(0.,-2.974319889931E-04));
#1113 = CARTESIAN_POINT('',(-0.226074335179,5.216165686309E-03));
#1114 = CARTESIAN_POINT('',(-0.452147856615,1.074747918838E-02));
#1115 = CARTESIAN_POINT('',(-0.678242597547,1.583639122375E-02));
#1116 = CARTESIAN_POINT('',(-0.904383024517,2.001986119693E-02));
#1117 = CARTESIAN_POINT('',(-1.130569662407,2.293013674393E-02));
#1118 = CARTESIAN_POINT('',(-1.356778413435,2.438538643094E-02));
#1119 = CARTESIAN_POINT('',(-1.582987216607,2.438540917272E-02));
#1120 = ( GEOMETRIC_REPRESENTATION_CONTEXT(2) 
PARAMETRIC_REPRESENTATION_CONTEXT() REPRESENTATION_CONTEXT('2D SPACE',''
  ) );
#1121 = ORIENTED_EDGE('',*,*,#1122,.T.);
#1122 = EDGE_CURVE('',#1075,#1123,#1125,.T.);
#1123 = VERTEX_POINT('',#1124);
#1124 = CARTESIAN_POINT('',(48.777811361221,-9.889574682823,282.));
#1125 = SURFACE_CURVE('',#1126,(#1132,#1139),.PCURVE_S1.);
#1126 = B_SPLINE_CURVE_WITH_KNOTS('',2,(#1127,#1128,#1129,#1130,#1131),
  .UNSPECIFIED.,.F.,.F.,(3,1,1,3),(-4.25952,4.584231322284E-14,116.,
    120.25952),.UNSPECIFIED.);
#1127 = CARTESIAN_POINT('',(-62.25952,-9.889574682823,282.));
#1128 = CARTESIAN_POINT('',(-60.12976,-9.889574682823,282.));
#1129 = CARTESIAN_POINT('',(-7.105427357601E-15,-9.889574682823,282.));
#1130 = CARTESIAN_POINT('',(60.12976,-9.889574682823,282.));
#1131 = CARTESIAN_POINT('',(62.25952,-9.889574682823,282.));
#1132 = PCURVE('',#536,#1133);
#1133 = DEFINITIONAL_REPRESENTATION('',(#1134),#1138);
#1134 = LINE('',#1135,#1136);
#1135 = CARTESIAN_POINT('',(116.,0.));
#1136 = VECTOR('',#1137,1.);
#1137 = DIRECTION('',(0.,1.));
#1138 = ( GEOMETRIC_REPRESENTATION_CONTEXT(2) 
PARAMETRIC_REPRESENTATION_CONTEXT() REPRESENTATION_CONTEXT('2D SPACE',''
  ) );
#1139 = PCURVE('',#1140,#1145);
#1140 = PLANE('',#1141);
#1141 = AXIS2_PLACEMENT_3D('',#1142,#1143,#1144);
#1142 = CARTESIAN_POINT('',(-58.,-19.,282.));
#1143 = DIRECTION('',(0.,0.,-1.));
#1144 = DIRECTION('',(0.950309027802,0.311308129797,0.));
#1145 = DEFINITIONAL_REPRESENTATION('',(#1146),#1149);
#1146 = B_SPLINE_CURVE_WITH_KNOTS('',1,(#1147,#1148),.UNSPECIFIED.,.F.,
  .F.,(2,2),(4.584231322284E-14,116.),.PIECEWISE_BEZIER_KNOTS.);
#1147 = CARTESIAN_POINT('',(2.836149467148,-8.65771942603));
#1148 = CARTESIAN_POINT('',(113.07199669219,27.454023630449));
#1149 = ( GEOMETRIC_REPRESENTATION_CONTEXT(2) 
PARAMETRIC_REPRESENTATION_CONTEXT() REPRESENTATION_CONTEXT('2D SPACE',''
  ) );
#1150 = ORIENTED_EDGE('',*,*,#1151,.T.);
#1151 = EDGE_CURVE('',#1123,#466,#1152,.T.);
#1152 = SURFACE_CURVE('',#1153,(#1158,#1172),.PCURVE_S1.);
#1153 = CIRCLE('',#1154,9.);
#1154 = AXIS2_PLACEMENT_3D('',#1155,#1156,#1157);
#1155 = CARTESIAN_POINT('',(48.777811224893,-9.889574682823,273.));
#1156 = DIRECTION('',(1.,1.847248785145E-10,-1.514750478135E-08));
#1157 = DIRECTION('',(1.847248785145E-10,-1.,7.866938076418E-16));
#1158 = PCURVE('',#536,#1159);
#1159 = DEFINITIONAL_REPRESENTATION('',(#1160),#1171);
#1160 = B_SPLINE_CURVE_WITH_KNOTS('',9,(#1161,#1162,#1163,#1164,#1165,
    #1166,#1167,#1168,#1169,#1170),.UNSPECIFIED.,.F.,.F.,(10,10),(
    4.712388980385,6.295379824628),.PIECEWISE_BEZIER_KNOTS.);
#1161 = CARTESIAN_POINT('',(116.,106.77781122489));
#1162 = CARTESIAN_POINT('',(101.66007237323,106.77781124174));
#1163 = CARTESIAN_POINT('',(88.505615682807,106.77781125722));
#1164 = CARTESIAN_POINT('',(76.047853785092,106.77781127181));
#1165 = CARTESIAN_POINT('',(63.976060647942,106.77781128606));
#1166 = CARTESIAN_POINT('',(52.023939281421,106.77781130005));
#1167 = CARTESIAN_POINT('',(39.952146397361,106.77781131428));
#1168 = CARTESIAN_POINT('',(27.494384160551,106.7778113289));
#1169 = CARTESIAN_POINT('',(14.33992762676,106.77781134437));
#1170 = CARTESIAN_POINT('',(-8.281540609771E-15,106.77781136122));
#1171 = ( GEOMETRIC_REPRESENTATION_CONTEXT(2) 
PARAMETRIC_REPRESENTATION_CONTEXT() REPRESENTATION_CONTEXT('2D SPACE',''
  ) );
#1172 = PCURVE('',#1173,#1178);
#1173 = SPHERICAL_SURFACE('',#1174,9.);
#1174 = AXIS2_PLACEMENT_3D('',#1175,#1176,#1177);
#1175 = CARTESIAN_POINT('',(48.777811224893,-9.889574682823,273.));
#1176 = DIRECTION('',(-1.514750478135E-08,-7.894919286223E-16,-1.));
#1177 = DIRECTION('',(1.847248785145E-10,-1.,7.866938076418E-16));
#1178 = DEFINITIONAL_REPRESENTATION('',(#1179),#1182);
#1179 = B_SPLINE_CURVE_WITH_KNOTS('',1,(#1180,#1181),.UNSPECIFIED.,.F.,
  .F.,(2,2),(4.712388980385,6.295379824628),.PIECEWISE_BEZIER_KNOTS.);
#1180 = CARTESIAN_POINT('',(0.,-1.570796326795));
#1181 = CARTESIAN_POINT('',(0.,1.219451744825E-02));
#1182 = ( GEOMETRIC_REPRESENTATION_CONTEXT(2) 
PARAMETRIC_REPRESENTATION_CONTEXT() REPRESENTATION_CONTEXT('2D SPACE',''
  ) );
#1183 = ORIENTED_EDGE('',*,*,#519,.F.);
#1184 = ORIENTED_EDGE('',*,*,#1185,.F.);
#1185 = EDGE_CURVE('',#1186,#520,#1188,.T.);
#1186 = VERTEX_POINT('',#1187);
#1187 = CARTESIAN_POINT('',(20.,-18.80234641781,274.25));
#1188 = SURFACE_CURVE('',#1189,(#1196,#1206),.PCURVE_S1.);
#1189 = B_SPLINE_CURVE_WITH_KNOTS('',5,(#1190,#1191,#1192,#1193,#1194,
    #1195),.UNSPECIFIED.,.F.,.F.,(6,6),(0.,1.),
  .PIECEWISE_BEZIER_KNOTS.);
#1190 = CARTESIAN_POINT('',(20.,-18.80234641781,274.25));
#1191 = CARTESIAN_POINT('',(20.,-18.84126804791,273.97248031625));
#1192 = CARTESIAN_POINT('',(20.,-18.86889292232,273.69697670508));
#1193 = CARTESIAN_POINT('',(20.,-18.88566575705,273.42431622206));
#1194 = CARTESIAN_POINT('',(20.,-18.89213673483,273.15521225657));
#1195 = CARTESIAN_POINT('',(20.,-18.88890551296,272.89025206304));
#1196 = PCURVE('',#536,#1197);
#1197 = DEFINITIONAL_REPRESENTATION('',(#1198),#1205);
#1198 = B_SPLINE_CURVE_WITH_KNOTS('',5,(#1199,#1200,#1201,#1202,#1203,
    #1204),.UNSPECIFIED.,.F.,.F.,(6,6),(0.,1.),
  .PIECEWISE_BEZIER_KNOTS.);
#1199 = CARTESIAN_POINT('',(11.997562091424,78.));
#1200 = CARTESIAN_POINT('',(9.598907063659,78.));
#1201 = CARTESIAN_POINT('',(7.199835372629,78.));
#1202 = CARTESIAN_POINT('',(4.800332246634,78.));
#1203 = CARTESIAN_POINT('',(2.400388186639,78.));
#1204 = CARTESIAN_POINT('',(0.,78.));
#1205 = ( GEOMETRIC_REPRESENTATION_CONTEXT(2) 
PARAMETRIC_REPRESENTATION_CONTEXT() REPRESENTATION_CONTEXT('2D SPACE',''
  ) );
#1206 = PCURVE('',#579,#1207);
#1207 = DEFINITIONAL_REPRESENTATION('',(#1208),#1215);
#1208 = B_SPLINE_CURVE_WITH_KNOTS('',5,(#1209,#1210,#1211,#1212,#1213,
    #1214),.UNSPECIFIED.,.F.,.F.,(6,6),(0.,1.),
  .PIECEWISE_BEZIER_KNOTS.);
#1209 = CARTESIAN_POINT('',(6.75,-5.19765358219));
#1210 = CARTESIAN_POINT('',(6.472480316253,-5.158731952084));
#1211 = CARTESIAN_POINT('',(6.196976705081,-5.131107077671));
#1212 = CARTESIAN_POINT('',(5.924316222069,-5.114334242945));
#1213 = CARTESIAN_POINT('',(5.655212256572,-5.107863265164));
#1214 = CARTESIAN_POINT('',(5.390252063047,-5.111094487036));
#1215 = ( GEOMETRIC_REPRESENTATION_CONTEXT(2) 
PARAMETRIC_REPRESENTATION_CONTEXT() REPRESENTATION_CONTEXT('2D SPACE',''
  ) );
#1216 = ORIENTED_EDGE('',*,*,#1217,.T.);
#1217 = EDGE_CURVE('',#1186,#1218,#1220,.T.);
#1218 = VERTEX_POINT('',#1219);
#1219 = CARTESIAN_POINT('',(17.75,-18.18113665871,276.5));
#1220 = SURFACE_CURVE('',#1221,(#1266,#1314),.PCURVE_S1.);
#1221 = B_SPLINE_CURVE_WITH_KNOTS('',7,(#1222,#1223,#1224,#1225,#1226,
    #1227,#1228,#1229,#1230,#1231,#1232,#1233,#1234,#1235,#1236,#1237,
    #1238,#1239,#1240,#1241,#1242,#1243,#1244,#1245,#1246,#1247,#1248,
    #1249,#1250,#1251,#1252,#1253,#1254,#1255,#1256,#1257,#1258,#1259,
    #1260,#1261,#1262,#1263,#1264,#1265),.UNSPECIFIED.,.F.,.F.,(8,6,6,6,
    6,6,6,8),(0.,0.341334509123,0.520909019081,0.707583224727,
    0.784281421487,0.868333936859,0.924590621779,1.),.UNSPECIFIED.);
#1222 = CARTESIAN_POINT('',(20.,-18.80234641781,274.25));
#1223 = CARTESIAN_POINT('',(20.,-18.78642800207,274.36350176467));
#1224 = CARTESIAN_POINT('',(19.993319620813,-18.76874677803,
    274.47731243597));
#1225 = CARTESIAN_POINT('',(19.979895963545,-18.74928080135,
    274.59137633362));
#1226 = CARTESIAN_POINT('',(19.95955264889,-18.72801129206,
    274.70563269467));
#1227 = CARTESIAN_POINT('',(19.932014443289,-18.7049232808,
    274.82001583165));
#1228 = CARTESIAN_POINT('',(19.896858517462,-18.68000648946,
    274.93445490877));
#1229 = CARTESIAN_POINT('',(19.830540241499,-18.63918337208,
    275.10906834288));
#1230 = CARTESIAN_POINT('',(19.805380869132,-18.62460308004,
    275.16925685452));
#1231 = CARTESIAN_POINT('',(19.777824735063,-18.60951493033,
    275.22942777046));
#1232 = CARTESIAN_POINT('',(19.747750449511,-18.59391894454,
    275.28956864383));
#1233 = CARTESIAN_POINT('',(19.715011714032,-18.57781591889,
    275.34966564738));
#1234 = CARTESIAN_POINT('',(19.679424650148,-18.56120761508,
    275.40970338445));
#1235 = CARTESIAN_POINT('',(19.600537042561,-18.52630995438,
    275.53199634322));
#1236 = CARTESIAN_POINT('',(19.556989424199,-18.50798104282,
    275.59424206862));
#1237 = CARTESIAN_POINT('',(19.50982506332,-18.48911280337,
    275.65638568611));
#1238 = CARTESIAN_POINT('',(19.458702963213,-18.46971024161,
    275.71840448969));
#1239 = CARTESIAN_POINT('',(19.403163512562,-18.44978204696,
    275.7802675564));
#1240 = CARTESIAN_POINT('',(19.342620641929,-18.42934116852,
    275.8419357444));
#1241 = CARTESIAN_POINT('',(19.248740386334,-18.39980831207,
    275.92858913812));
#1242 = CARTESIAN_POINT('',(19.220389084882,-18.3911251297,
    275.95378116029));
#1243 = CARTESIAN_POINT('',(19.19095708787,-18.38236068011,
    275.97892655348));
#1244 = CARTESIAN_POINT('',(19.160363654823,-18.37351691452,
    276.00402037576));
#1245 = CARTESIAN_POINT('',(19.128514143889,-18.36459631227,
    276.02905649629));
#1246 = CARTESIAN_POINT('',(19.095292647793,-18.35560202926,
    276.05402733066));
#1247 = CARTESIAN_POINT('',(19.022474392205,-18.33660513841,
    276.10620661286));
#1248 = CARTESIAN_POINT('',(18.982576495207,-18.32658974294,
    276.13339672843));
#1249 = CARTESIAN_POINT('',(18.940652466727,-18.31649606677,
    276.16048477448));
#1250 = CARTESIAN_POINT('',(18.896458840722,-18.30633102367,
    276.187454683));
#1251 = CARTESIAN_POINT('',(18.849671822291,-18.29610548009,
    276.2142811393));
#1252 = CARTESIAN_POINT('',(18.799884506479,-18.28583449239,
    276.2409296466));
#1253 = CARTESIAN_POINT('',(18.71060398213,-18.268653337,276.28502678337
    ));
#1254 = CARTESIAN_POINT('',(18.673172875312,-18.26175742177,
    276.30259720709));
#1255 = CARTESIAN_POINT('',(18.633860554672,-18.25486011293,
    276.32004525169));
#1256 = CARTESIAN_POINT('',(18.59242961461,-18.247970558,276.33735011949
    ));
#1257 = CARTESIAN_POINT('',(18.548560478172,-18.24110448988,
    276.3544755523));
#1258 = CARTESIAN_POINT('',(18.501759681898,-18.23428743743,
    276.37136302194));
#1259 = CARTESIAN_POINT('',(18.383586706904,-18.21853736339,
    276.41012534891));
#1260 = CARTESIAN_POINT('',(18.313497598876,-18.21023114927,
    276.4303638726));
#1261 = CARTESIAN_POINT('',(18.234396018755,-18.20193156103,
    276.45047544735));
#1262 = CARTESIAN_POINT('',(18.141382989286,-18.19359869712,
    276.47045351365));
#1263 = CARTESIAN_POINT('',(18.030754935561,-18.1860866782,
    276.48828195825));
#1264 = CARTESIAN_POINT('',(17.900242698491,-18.18113665871,276.5));
#1265 = CARTESIAN_POINT('',(17.75,-18.18113665871,276.5));
#1266 = PCURVE('',#536,#1267);
#1267 = DEFINITIONAL_REPRESENTATION('',(#1268),#1313);
#1268 = B_SPLINE_CURVE_WITH_KNOTS('',7,(#1269,#1270,#1271,#1272,#1273,
    #1274,#1275,#1276,#1277,#1278,#1279,#1280,#1281,#1282,#1283,#1284,
    #1285,#1286,#1287,#1288,#1289,#1290,#1291,#1292,#1293,#1294,#1295,
    #1296,#1297,#1298,#1299,#1300,#1301,#1302,#1303,#1304,#1305,#1306,
    #1307,#1308,#1309,#1310,#1311,#1312),.UNSPECIFIED.,.F.,.F.,(8,6,6,6,
    6,6,6,8),(0.,0.341334509123,0.520909019081,0.707583224727,
    0.784281421487,0.868333936859,0.924590621779,1.),.UNSPECIFIED.);
#1269 = CARTESIAN_POINT('',(11.997562091425,78.));
#1270 = CARTESIAN_POINT('',(12.978579274852,78.));
#1271 = CARTESIAN_POINT('',(13.959480792862,77.993319620813));
#1272 = CARTESIAN_POINT('',(14.940169790862,77.979895963545));
#1273 = CARTESIAN_POINT('',(15.920521713388,77.95955264889));
#1274 = CARTESIAN_POINT('',(16.900384840599,77.932014443289));
#1275 = CARTESIAN_POINT('',(17.879576299761,77.896858517462));
#1276 = CARTESIAN_POINT('',(19.372551221039,77.830540241499));
#1277 = CARTESIAN_POINT('',(19.886974727746,77.805380869132));
#1278 = CARTESIAN_POINT('',(20.401112118112,77.777824735063));
#1279 = CARTESIAN_POINT('',(20.914920641863,77.747750449511));
#1280 = CARTESIAN_POINT('',(21.428346363037,77.715011714032));
#1281 = CARTESIAN_POINT('',(21.941322323182,77.679424650148));
#1282 = CARTESIAN_POINT('',(22.986468242492,77.600537042561));
#1283 = CARTESIAN_POINT('',(23.51856683483,77.556989424199));
#1284 = CARTESIAN_POINT('',(24.049996602183,77.50982506332));
#1285 = CARTESIAN_POINT('',(24.58063618738,77.458702963213));
#1286 = CARTESIAN_POINT('',(25.110293531289,77.403163512562));
#1287 = CARTESIAN_POINT('',(25.638705030438,77.342620641929));
#1288 = CARTESIAN_POINT('',(26.381899573528,77.248740386334));
#1289 = CARTESIAN_POINT('',(26.598045757366,77.220389084882));
#1290 = CARTESIAN_POINT('',(26.813880165354,77.19095708787));
#1291 = CARTESIAN_POINT('',(27.029365045696,77.160363654823));
#1292 = CARTESIAN_POINT('',(27.244452295102,77.128514143889));
#1293 = CARTESIAN_POINT('',(27.459081103005,77.095292647793));
#1294 = CARTESIAN_POINT('',(27.907795148411,77.022474392205));
#1295 = CARTESIAN_POINT('',(28.141744256864,76.982576495207));
#1296 = CARTESIAN_POINT('',(28.374949529269,76.940652466727));
#1297 = CARTESIAN_POINT('',(28.607277755411,76.896458840722));
#1298 = CARTESIAN_POINT('',(28.838515365333,76.849671822292));
#1299 = CARTESIAN_POINT('',(29.068368571524,76.799884506479));
#1300 = CARTESIAN_POINT('',(29.448976197738,76.71060398213));
#1301 = CARTESIAN_POINT('',(29.600697294113,76.673172875312));
#1302 = CARTESIAN_POINT('',(29.751431073576,76.633860554672));
#1303 = CARTESIAN_POINT('',(29.900998287672,76.592429614611));
#1304 = CARTESIAN_POINT('',(30.049085334883,76.548560478172));
#1305 = CARTESIAN_POINT('',(30.195184586687,76.501759681898));
#1306 = CARTESIAN_POINT('',(30.5306886586,76.383586706904));
#1307 = CARTESIAN_POINT('',(30.70598957619,76.313497598876));
#1308 = CARTESIAN_POINT('',(30.880261443083,76.234396018755));
#1309 = CARTESIAN_POINT('',(31.053521123469,76.141382989286));
#1310 = CARTESIAN_POINT('',(31.208264342989,76.030754935561));
#1311 = CARTESIAN_POINT('',(31.309994530973,75.900242698491));
#1312 = CARTESIAN_POINT('',(31.309994530973,75.75));
#1313 = ( GEOMETRIC_REPRESENTATION_CONTEXT(2) 
PARAMETRIC_REPRESENTATION_CONTEXT() REPRESENTATION_CONTEXT('2D SPACE',''
  ) );
#1314 = PCURVE('',#1315,#1320);
#1315 = CYLINDRICAL_SURFACE('',#1316,2.25);
#1316 = AXIS2_PLACEMENT_3D('',#1317,#1318,#1319);
#1317 = CARTESIAN_POINT('',(17.75,-24.,274.25));
#1318 = DIRECTION('',(0.,1.,0.));
#1319 = DIRECTION('',(1.,0.,-0.));
#1320 = DEFINITIONAL_REPRESENTATION('',(#1321),#1366);
#1321 = B_SPLINE_CURVE_WITH_KNOTS('',7,(#1322,#1323,#1324,#1325,#1326,
    #1327,#1328,#1329,#1330,#1331,#1332,#1333,#1334,#1335,#1336,#1337,
    #1338,#1339,#1340,#1341,#1342,#1343,#1344,#1345,#1346,#1347,#1348,
    #1349,#1350,#1351,#1352,#1353,#1354,#1355,#1356,#1357,#1358,#1359,
    #1360,#1361,#1362,#1363,#1364,#1365),.UNSPECIFIED.,.F.,.F.,(8,6,6,6,
    6,6,6,8),(0.,0.341334509123,0.520909019081,0.707583224727,
    0.784281421487,0.868333936859,0.924590621779,1.),.UNSPECIFIED.);
#1322 = CARTESIAN_POINT('',(0.,5.19765358219));
#1323 = CARTESIAN_POINT('',(-5.044522874385E-02,5.213571997926));
#1324 = CARTESIAN_POINT('',(-0.101027996089,5.231253221963));
#1325 = CARTESIAN_POINT('',(-0.151931910597,5.250719198647));
#1326 = CARTESIAN_POINT('',(-0.203347658763,5.271988707936));
#1327 = CARTESIAN_POINT('',(-0.255480042116,5.295076719195));
#1328 = CARTESIAN_POINT('',(-0.308575869307,5.319993510532));
#1329 = CARTESIAN_POINT('',(-0.391590626408,5.360816627912));
#1330 = CARTESIAN_POINT('',(-0.420568386054,5.375396919952));
#1331 = CARTESIAN_POINT('',(-0.449955244572,5.390485069663));
#1332 = CARTESIAN_POINT('',(-0.47980803235,5.406081055459));
#1333 = CARTESIAN_POINT('',(-0.510192587446,5.422184081102));
#1334 = CARTESIAN_POINT('',(-0.541189218712,5.438792384913));
#1335 = CARTESIAN_POINT('',(-0.605868976676,5.47369004562));
#1336 = CARTESIAN_POINT('',(-0.639608056608,5.492018957176));
#1337 = CARTESIAN_POINT('',(-0.674239134697,5.510887196623));
#1338 = CARTESIAN_POINT('',(-0.709905694836,5.530289758386));
#1339 = CARTESIAN_POINT('',(-0.746799003786,5.550217953037));
#1340 = CARTESIAN_POINT('',(-0.785161386762,5.570658831471));
#1341 = CARTESIAN_POINT('',(-0.841943079228,5.60019168793));
#1342 = CARTESIAN_POINT('',(-0.858796374351,5.608874870299));
#1343 = CARTESIAN_POINT('',(-0.875995920157,5.617639319881));
#1344 = CARTESIAN_POINT('',(-0.89357531341,5.626483085472));
#1345 = CARTESIAN_POINT('',(-0.911573928749,5.635403687723));
#1346 = CARTESIAN_POINT('',(-0.930040121254,5.644397970734));
#1347 = CARTESIAN_POINT('',(-0.969854941592,5.663394861585));
#1348 = CARTESIAN_POINT('',(-0.991307604626,5.673410257053));
#1349 = CARTESIAN_POINT('',(-1.013480650216,5.683503933221));
#1350 = CARTESIAN_POINT('',(-1.036476292796,5.693668976321));
#1351 = CARTESIAN_POINT('',(-1.060430712499,5.703894519908));
#1352 = CARTESIAN_POINT('',(-1.085515335274,5.714165507606));
#1353 = CARTESIAN_POINT('',(-1.129771758673,5.731346662994));
#1354 = CARTESIAN_POINT('',(-1.148145367325,5.738242578221));
#1355 = CARTESIAN_POINT('',(-1.167254819685,5.745139887065));
#1356 = CARTESIAN_POINT('',(-1.187201118956,5.752029441999));
#1357 = CARTESIAN_POINT('',(-1.208120297793,5.75889551012));
#1358 = CARTESIAN_POINT('',(-1.230224201432,5.765712562568));
#1359 = CARTESIAN_POINT('',(-1.285498815543,5.781462636602));
#1360 = CARTESIAN_POINT('',(-1.317901396624,5.789768850728));
#1361 = CARTESIAN_POINT('',(-1.354143034288,5.798068438964));
#1362 = CARTESIAN_POINT('',(-1.396362766682,5.806401302875));
#1363 = CARTESIAN_POINT('',(-1.446015512241,5.813913321792));
#1364 = CARTESIAN_POINT('',(-1.504021794132,5.818863341289));
#1365 = CARTESIAN_POINT('',(-1.570796326795,5.818863341289));
#1366 = ( GEOMETRIC_REPRESENTATION_CONTEXT(2) 
PARAMETRIC_REPRESENTATION_CONTEXT() REPRESENTATION_CONTEXT('2D SPACE',''
  ) );
#1367 = ORIENTED_EDGE('',*,*,#1368,.F.);
#1368 = EDGE_CURVE('',#1369,#1218,#1371,.T.);
#1369 = VERTEX_POINT('',#1370);
#1370 = CARTESIAN_POINT('',(-17.75,-18.18113665871,276.5));
#1371 = SURFACE_CURVE('',#1372,(#1378,#1387),.PCURVE_S1.);
#1372 = B_SPLINE_CURVE_WITH_KNOTS('',4,(#1373,#1374,#1375,#1376,#1377),
  .UNSPECIFIED.,.F.,.F.,(5,5),(0.,1.),.PIECEWISE_BEZIER_KNOTS.);
#1373 = CARTESIAN_POINT('',(-17.75,-18.18113665871,276.5));
#1374 = CARTESIAN_POINT('',(-8.875,-18.18113665871,276.5));
#1375 = CARTESIAN_POINT('',(-1.278976924368E-13,-18.18113665871,276.5));
#1376 = CARTESIAN_POINT('',(8.875,-18.18113665871,276.5));
#1377 = CARTESIAN_POINT('',(17.75,-18.18113665871,276.5));
#1378 = PCURVE('',#536,#1379);
#1379 = DEFINITIONAL_REPRESENTATION('',(#1380),#1386);
#1380 = B_SPLINE_CURVE_WITH_KNOTS('',4,(#1381,#1382,#1383,#1384,#1385),
  .UNSPECIFIED.,.F.,.F.,(5,5),(0.,1.),.PIECEWISE_BEZIER_KNOTS.);
#1381 = CARTESIAN_POINT('',(31.309994530973,40.25));
#1382 = CARTESIAN_POINT('',(31.309994530973,49.125));
#1383 = CARTESIAN_POINT('',(31.309994530973,58.));
#1384 = CARTESIAN_POINT('',(31.309994530973,66.875));
#1385 = CARTESIAN_POINT('',(31.309994530973,75.75));
#1386 = ( GEOMETRIC_REPRESENTATION_CONTEXT(2) 
PARAMETRIC_REPRESENTATION_CONTEXT() REPRESENTATION_CONTEXT('2D SPACE',''
  ) );
#1387 = PCURVE('',#1388,#1393);
#1388 = PLANE('',#1389);
#1389 = AXIS2_PLACEMENT_3D('',#1390,#1391,#1392);
#1390 = CARTESIAN_POINT('',(-20.,-24.,276.5));
#1391 = DIRECTION('',(0.,0.,1.));
#1392 = DIRECTION('',(1.,0.,0.));
#1393 = DEFINITIONAL_REPRESENTATION('',(#1394),#1400);
#1394 = B_SPLINE_CURVE_WITH_KNOTS('',4,(#1395,#1396,#1397,#1398,#1399),
  .UNSPECIFIED.,.F.,.F.,(5,5),(0.,1.),.PIECEWISE_BEZIER_KNOTS.);
#1395 = CARTESIAN_POINT('',(2.25,5.818863341289));
#1396 = CARTESIAN_POINT('',(11.125,5.818863341289));
#1397 = CARTESIAN_POINT('',(20.,5.818863341289));
#1398 = CARTESIAN_POINT('',(28.875,5.818863341289));
#1399 = CARTESIAN_POINT('',(37.75,5.818863341289));
#1400 = ( GEOMETRIC_REPRESENTATION_CONTEXT(2) 
PARAMETRIC_REPRESENTATION_CONTEXT() REPRESENTATION_CONTEXT('2D SPACE',''
  ) );
#1401 = ORIENTED_EDGE('',*,*,#1402,.T.);
#1402 = EDGE_CURVE('',#1369,#1403,#1405,.T.);
#1403 = VERTEX_POINT('',#1404);
#1404 = CARTESIAN_POINT('',(-20.,-18.80234641781,274.25));
#1405 = SURFACE_CURVE('',#1406,(#1458,#1513),.PCURVE_S1.);
#1406 = B_SPLINE_CURVE_WITH_KNOTS('',8,(#1407,#1408,#1409,#1410,#1411,
    #1412,#1413,#1414,#1415,#1416,#1417,#1418,#1419,#1420,#1421,#1422,
    #1423,#1424,#1425,#1426,#1427,#1428,#1429,#1430,#1431,#1432,#1433,
    #1434,#1435,#1436,#1437,#1438,#1439,#1440,#1441,#1442,#1443,#1444,
    #1445,#1446,#1447,#1448,#1449,#1450,#1451,#1452,#1453,#1454,#1455,
    #1456,#1457),.UNSPECIFIED.,.F.,.F.,(9,7,7,7,7,7,7,9),(0.,
    3.558717390156E-02,0.102982389497,0.164202365456,0.26541027711,
    0.365227413948,0.68489433616,1.),.UNSPECIFIED.);
#1407 = CARTESIAN_POINT('',(-17.75,-18.18113665871,276.5));
#1408 = CARTESIAN_POINT('',(-17.81195162884,-18.18113665871,276.5));
#1409 = CARTESIAN_POINT('',(-17.87239180976,-18.18200055776,
    276.49795632606));
#1410 = CARTESIAN_POINT('',(-17.93017132896,-18.18357032229,
    276.49423661852));
#1411 = CARTESIAN_POINT('',(-17.98452256536,-18.18570078796,
    276.48917865946));
#1412 = CARTESIAN_POINT('',(-18.03505949063,-18.18825965965,
    276.48309037275));
#1413 = CARTESIAN_POINT('',(-18.08177766914,-18.19112751148,
    276.47624982397));
#1414 = CARTESIAN_POINT('',(-18.12505425802,-18.19419778678,
    276.46890522051));
#1415 = CARTESIAN_POINT('',(-18.24252470661,-18.20339722998,
    276.44682458386));
#1416 = CARTESIAN_POINT('',(-18.30985076082,-18.20994502754,
    276.43102742974));
#1417 = CARTESIAN_POINT('',(-18.37092828576,-18.21677107471,
    276.41445572642));
#1418 = CARTESIAN_POINT('',(-18.42710276297,-18.22374953071,
    276.39739950432));
#1419 = CARTESIAN_POINT('',(-18.47904834885,-18.2308150964,
    276.38001111061));
#1420 = CARTESIAN_POINT('',(-18.5274580134,-18.23792884383,
    276.36238215791));
#1421 = CARTESIAN_POINT('',(-18.57313850811,-18.24507260865,
    276.344552858));
#1422 = CARTESIAN_POINT('',(-18.65590779208,-18.25881162726,
    276.31001299595));
#1423 = CARTESIAN_POINT('',(-18.69325571343,-18.26536718064,
    276.29342478783));
#1424 = CARTESIAN_POINT('',(-18.72884764279,-18.27192661948,
    276.27671622307));
#1425 = CARTESIAN_POINT('',(-18.76289304275,-18.27848115168,
    276.2599073141));
#1426 = CARTESIAN_POINT('',(-18.79555125125,-18.2850242236,
    276.24301307136));
#1427 = CARTESIAN_POINT('',(-18.82695361153,-18.29155089079,
    276.22604483774));
#1428 = CARTESIAN_POINT('',(-18.85721360365,-18.2980575152,
    276.20901086523));
#1429 = CARTESIAN_POINT('',(-18.93471676681,-18.31526148921,
    276.16365538929));
#1430 = CARTESIAN_POINT('',(-18.98013344657,-18.32591776415,
    276.13523474929));
#1431 = CARTESIAN_POINT('',(-19.02309767941,-18.33649787258,
    276.10668299847));
#1432 = CARTESIAN_POINT('',(-19.06389796386,-18.34699273158,
    276.07802110889));
#1433 = CARTESIAN_POINT('',(-19.10275732451,-18.35739553331,
    276.04926516748));
#1434 = CARTESIAN_POINT('',(-19.13985803872,-18.36770119887,
    276.02042739409));
#1435 = CARTESIAN_POINT('',(-19.17534798117,-18.37790617579,
    275.99151638428));
#1436 = CARTESIAN_POINT('',(-19.24289304881,-18.39797117799,
    275.9339572571));
#1437 = CARTESIAN_POINT('',(-19.27498625931,-18.40783331338,
    275.90531300401));
#1438 = CARTESIAN_POINT('',(-19.3057531698,-18.41759165241,
    275.87661199669));
#1439 = CARTESIAN_POINT('',(-19.33529045541,-18.42724389791,
    275.84786018643));
#1440 = CARTESIAN_POINT('',(-19.36367866339,-18.43678818712,
    275.81906263096));
#1441 = CARTESIAN_POINT('',(-19.39098689043,-18.44622301037,
    275.79022363523));
#1442 = CARTESIAN_POINT('',(-19.41727556951,-18.45554715643,
    275.76134683331));
#1443 = CARTESIAN_POINT('',(-19.52369106417,-18.49426304059,
    275.63984500674));
#1444 = CARTESIAN_POINT('',(-19.59486162804,-18.52261891767,
    275.54690616972));
#1445 = CARTESIAN_POINT('',(-19.65784874469,-18.54979794362,
    275.45371320977));
#1446 = CARTESIAN_POINT('',(-19.71360060885,-18.57578409138,
    275.36033820461));
#1447 = CARTESIAN_POINT('',(-19.76285168129,-18.60056840218,
    275.26684196411));
#1448 = CARTESIAN_POINT('',(-19.80611180275,-18.62414814985,
    275.17327339964));
#1449 = CARTESIAN_POINT('',(-19.84378983426,-18.6465247208,
    275.0796721379));
#1450 = CARTESIAN_POINT('',(-19.90813691277,-18.68857858936,
    274.89380026952));
#1451 = CARTESIAN_POINT('',(-19.93495288762,-18.70828791277,
    274.80153827284));
#1452 = CARTESIAN_POINT('',(-19.95693786842,-18.72683386353,
    274.7093186991));
#1453 = CARTESIAN_POINT('',(-19.9743037363,-18.74422153471,
    274.6171759469));
#1454 = CARTESIAN_POINT('',(-19.98720313321,-18.76045771877,
    274.52514263811));
#1455 = CARTESIAN_POINT('',(-19.99574480134,-18.77555069042,
    274.43324968466));
#1456 = CARTESIAN_POINT('',(-20.,-18.78951002006,274.34152630642));
#1457 = CARTESIAN_POINT('',(-20.,-18.80234641781,274.25));
#1458 = PCURVE('',#536,#1459);
#1459 = DEFINITIONAL_REPRESENTATION('',(#1460),#1512);
#1460 = B_SPLINE_CURVE_WITH_KNOTS('',8,(#1461,#1462,#1463,#1464,#1465,
    #1466,#1467,#1468,#1469,#1470,#1471,#1472,#1473,#1474,#1475,#1476,
    #1477,#1478,#1479,#1480,#1481,#1482,#1483,#1484,#1485,#1486,#1487,
    #1488,#1489,#1490,#1491,#1492,#1493,#1494,#1495,#1496,#1497,#1498,
    #1499,#1500,#1501,#1502,#1503,#1504,#1505,#1506,#1507,#1508,#1509,
    #1510,#1511),.UNSPECIFIED.,.F.,.F.,(9,7,7,7,7,7,7,9),(0.,
    3.558717390156E-02,0.102982389497,0.164202365456,0.26541027711,
    0.365227413948,0.68489433616,1.),.UNSPECIFIED.);
#1461 = CARTESIAN_POINT('',(31.309994530973,40.25));
#1462 = CARTESIAN_POINT('',(31.309994530973,40.18804837116));
#1463 = CARTESIAN_POINT('',(31.292251423636,40.127608190236));
#1464 = CARTESIAN_POINT('',(31.259961529633,40.069828671035));
#1465 = CARTESIAN_POINT('',(31.216061470989,40.015477434632));
#1466 = CARTESIAN_POINT('',(31.163228171076,39.964940509369));
#1467 = CARTESIAN_POINT('',(31.10387885462,39.918222330857));
#1468 = CARTESIAN_POINT('',(31.040171047696,39.874945741973));
#1469 = CARTESIAN_POINT('',(30.848692309733,39.75747529339));
#1470 = CARTESIAN_POINT('',(30.711758009129,39.690149239176));
#1471 = CARTESIAN_POINT('',(30.568178984659,39.629071714234));
#1472 = CARTESIAN_POINT('',(30.420476917702,39.57289723703));
#1473 = CARTESIAN_POINT('',(30.269974132381,39.520951651141));
#1474 = CARTESIAN_POINT('',(30.117464561218,39.472541986591));
#1475 = CARTESIAN_POINT('',(29.963297406337,39.426861491883));
#1476 = CARTESIAN_POINT('',(29.664782281998,39.344092207919));
#1477 = CARTESIAN_POINT('',(29.521478753378,39.306744286569));
#1478 = CARTESIAN_POINT('',(29.377197625673,39.271152357205));
#1479 = CARTESIAN_POINT('',(29.232111671484,39.237106957246));
#1480 = CARTESIAN_POINT('',(29.086350020342,39.204448748742));
#1481 = CARTESIAN_POINT('',(28.94000985756,39.173046388464));
#1482 = CARTESIAN_POINT('',(28.7931615223,39.142786396345));
#1483 = CARTESIAN_POINT('',(28.402308936861,39.065283233182));
#1484 = CARTESIAN_POINT('',(28.157549874881,39.019866553423));
#1485 = CARTESIAN_POINT('',(27.911813618964,38.976902320583));
#1486 = CARTESIAN_POINT('',(27.66527551922,38.936102036132));
#1487 = CARTESIAN_POINT('',(27.41806817794,38.897242675482));
#1488 = CARTESIAN_POINT('',(27.170290486153,38.860141961279));
#1489 = CARTESIAN_POINT('',(26.922009872478,38.824652018828));
#1490 = CARTESIAN_POINT('',(26.427943567821,38.757106951182));
#1491 = CARTESIAN_POINT('',(26.182187793351,38.72501374069));
#1492 = CARTESIAN_POINT('',(25.936054480073,38.694246830195));
#1493 = CARTESIAN_POINT('',(25.689588190671,38.664709544581));
#1494 = CARTESIAN_POINT('',(25.442825667163,38.63632133661));
#1495 = CARTESIAN_POINT('',(25.195797089749,38.609013109566));
#1496 = CARTESIAN_POINT('',(24.94852681653,38.582724430486));
#1497 = CARTESIAN_POINT('',(23.908430289755,38.476308935823));
#1498 = CARTESIAN_POINT('',(23.113613119057,38.405138371954));
#1499 = CARTESIAN_POINT('',(22.317167298023,38.342151255308));
#1500 = CARTESIAN_POINT('',(21.51948070781,38.286399391142));
#1501 = CARTESIAN_POINT('',(20.720844928877,38.237148318703));
#1502 = CARTESIAN_POINT('',(19.921451847305,38.193888197245));
#1503 = CARTESIAN_POINT('',(19.121417413653,38.156210165735));
#1504 = CARTESIAN_POINT('',(17.53156784185,38.091863087227));
#1505 = CARTESIAN_POINT('',(16.741842818223,38.065047112373));
#1506 = CARTESIAN_POINT('',(15.951705830141,38.043062131579));
#1507 = CARTESIAN_POINT('',(15.161244738604,38.025696263699));
#1508 = CARTESIAN_POINT('',(14.370536697617,38.012796866785));
#1509 = CARTESIAN_POINT('',(13.579649319038,38.004255198656));
#1510 = CARTESIAN_POINT('',(12.788641239787,38.));
#1511 = CARTESIAN_POINT('',(11.997562091424,38.));
#1512 = ( GEOMETRIC_REPRESENTATION_CONTEXT(2) 
PARAMETRIC_REPRESENTATION_CONTEXT() REPRESENTATION_CONTEXT('2D SPACE',''
  ) );
#1513 = PCURVE('',#1514,#1519);
#1514 = CYLINDRICAL_SURFACE('',#1515,2.25);
#1515 = AXIS2_PLACEMENT_3D('',#1516,#1517,#1518);
#1516 = CARTESIAN_POINT('',(-17.75,-24.,274.25));
#1517 = DIRECTION('',(0.,1.,0.));
#1518 = DIRECTION('',(-1.,0.,0.));
#1519 = DEFINITIONAL_REPRESENTATION('',(#1520),#1572);
#1520 = B_SPLINE_CURVE_WITH_KNOTS('',8,(#1521,#1522,#1523,#1524,#1525,
    #1526,#1527,#1528,#1529,#1530,#1531,#1532,#1533,#1534,#1535,#1536,
    #1537,#1538,#1539,#1540,#1541,#1542,#1543,#1544,#1545,#1546,#1547,
    #1548,#1549,#1550,#1551,#1552,#1553,#1554,#1555,#1556,#1557,#1558,
    #1559,#1560,#1561,#1562,#1563,#1564,#1565,#1566,#1567,#1568,#1569,
    #1570,#1571),.UNSPECIFIED.,.F.,.F.,(9,7,7,7,7,7,7,9),(0.,
    3.558717390156E-02,0.102982389497,0.164202365456,0.26541027711,
    0.365227413948,0.68489433616,1.),.UNSPECIFIED.);
#1521 = CARTESIAN_POINT('',(1.570796326795,5.818863341289));
#1522 = CARTESIAN_POINT('',(1.543262269533,5.818863341289));
#1523 = CARTESIAN_POINT('',(1.516397065918,5.817999442235));
#1524 = CARTESIAN_POINT('',(1.49068328875,5.816429677701));
#1525 = CARTESIAN_POINT('',(1.466442380282,5.814299212032));
#1526 = CARTESIAN_POINT('',(1.44383465222,5.811740340342));
#1527 = CARTESIAN_POINT('',(1.422859285725,5.808872488518));
#1528 = CARTESIAN_POINT('',(1.403354331411,5.805802213217));
#1529 = CARTESIAN_POINT('',(1.350230928268,5.796602770019));
#1530 = CARTESIAN_POINT('',(1.319525039062,5.790054972459));
#1531 = CARTESIAN_POINT('',(1.291426112317,5.783228925282));
#1532 = CARTESIAN_POINT('',(1.265353490376,5.776250469288));
#1533 = CARTESIAN_POINT('',(1.241023705837,5.769184903591));
#1534 = CARTESIAN_POINT('',(1.218140591853,5.762071156169));
#1535 = CARTESIAN_POINT('',(1.196350584243,5.754927391349));
#1536 = CARTESIAN_POINT('',(1.156489699146,5.741188372739));
#1537 = CARTESIAN_POINT('',(1.138331636266,5.734632819355));
#1538 = CARTESIAN_POINT('',(1.120862894936,5.728073380512));
#1539 = CARTESIAN_POINT('',(1.103994122139,5.721518848318));
#1540 = CARTESIAN_POINT('',(1.08765770182,5.714975776398));
#1541 = CARTESIAN_POINT('',(1.07179798759,5.708449109202));
#1542 = CARTESIAN_POINT('',(1.056366809962,5.701942484796));
#1543 = CARTESIAN_POINT('',(1.016456145531,5.684738510785));
#1544 = CARTESIAN_POINT('',(0.992654989249,5.674082235841));
#1545 = CARTESIAN_POINT('',(0.969741746497,5.663502127411));
#1546 = CARTESIAN_POINT('',(0.947595291782,5.653007268417));
#1547 = CARTESIAN_POINT('',(0.926122422619,5.642604466687));
#1548 = CARTESIAN_POINT('',(0.905247060103,5.632298801125));
#1549 = CARTESIAN_POINT('',(0.884907462903,5.622093824204));
#1550 = CARTESIAN_POINT('',(0.845465956194,5.602028822003));
#1551 = CARTESIAN_POINT('',(0.826352282752,5.592166686618));
#1552 = CARTESIAN_POINT('',(0.807659483696,5.582408347585));
#1553 = CARTESIAN_POINT('',(0.78934738538,5.572756102087));
#1554 = CARTESIAN_POINT('',(0.771382575327,5.563211812879));
#1555 = CARTESIAN_POINT('',(0.753736382523,5.55377698963));
#1556 = CARTESIAN_POINT('',(0.736383672326,5.544452843563));
#1557 = CARTESIAN_POINT('',(0.664599425815,5.505736959403));
#1558 = CARTESIAN_POINT('',(0.612685541844,5.47738108233));
#1559 = CARTESIAN_POINT('',(0.562833968685,5.450202056376));
#1560 = CARTESIAN_POINT('',(0.514646641995,5.424215908611));
#1561 = CARTESIAN_POINT('',(0.467808200272,5.399431597818));
#1562 = CARTESIAN_POINT('',(0.422090936364,5.37585185015));
#1563 = CARTESIAN_POINT('',(0.377301120025,5.353475279192));
#1564 = CARTESIAN_POINT('',(0.289881148336,5.311421410631));
#1565 = CARTESIAN_POINT('',(0.247233095347,5.29171208723));
#1566 = CARTESIAN_POINT('',(0.205181052176,5.273166136468));
#1567 = CARTESIAN_POINT('',(0.163601411254,5.255778465285));
#1568 = CARTESIAN_POINT('',(0.122388048534,5.239542281222));
#1569 = CARTESIAN_POINT('',(8.144439953552E-02,5.224449309571));
#1570 = CARTESIAN_POINT('',(4.067835840981E-02,5.210489979938));
#1571 = CARTESIAN_POINT('',(0.,5.19765358219));
#1572 = ( GEOMETRIC_REPRESENTATION_CONTEXT(2) 
PARAMETRIC_REPRESENTATION_CONTEXT() REPRESENTATION_CONTEXT('2D SPACE',''
  ) );
#1573 = ORIENTED_EDGE('',*,*,#1574,.T.);
#1574 = EDGE_CURVE('',#1403,#797,#1575,.T.);
#1575 = SURFACE_CURVE('',#1576,(#1583,#1593),.PCURVE_S1.);
#1576 = B_SPLINE_CURVE_WITH_KNOTS('',5,(#1577,#1578,#1579,#1580,#1581,
    #1582),.UNSPECIFIED.,.F.,.F.,(6,6),(0.,1.),
  .PIECEWISE_BEZIER_KNOTS.);
#1577 = CARTESIAN_POINT('',(-20.,-18.80234641781,274.25));
#1578 = CARTESIAN_POINT('',(-20.,-18.84126804791,273.97248031625));
#1579 = CARTESIAN_POINT('',(-20.,-18.86889292232,273.69697670508));
#1580 = CARTESIAN_POINT('',(-20.,-18.88566575705,273.42431622206));
#1581 = CARTESIAN_POINT('',(-20.,-18.89213673483,273.15521225657));
#1582 = CARTESIAN_POINT('',(-20.,-18.88890551296,272.89025206304));
#1583 = PCURVE('',#536,#1584);
#1584 = DEFINITIONAL_REPRESENTATION('',(#1585),#1592);
#1585 = B_SPLINE_CURVE_WITH_KNOTS('',5,(#1586,#1587,#1588,#1589,#1590,
    #1591),.UNSPECIFIED.,.F.,.F.,(6,6),(0.,1.),
  .PIECEWISE_BEZIER_KNOTS.);
#1586 = CARTESIAN_POINT('',(11.997562091424,38.));
#1587 = CARTESIAN_POINT('',(9.598907063659,38.));
#1588 = CARTESIAN_POINT('',(7.199835372629,38.));
#1589 = CARTESIAN_POINT('',(4.800332246634,38.));
#1590 = CARTESIAN_POINT('',(2.400388186639,38.));
#1591 = CARTESIAN_POINT('',(0.,38.));
#1592 = ( GEOMETRIC_REPRESENTATION_CONTEXT(2) 
PARAMETRIC_REPRESENTATION_CONTEXT() REPRESENTATION_CONTEXT('2D SPACE',''
  ) );
#1593 = PCURVE('',#816,#1594);
#1594 = DEFINITIONAL_REPRESENTATION('',(#1595),#1602);
#1595 = B_SPLINE_CURVE_WITH_KNOTS('',5,(#1596,#1597,#1598,#1599,#1600,
    #1601),.UNSPECIFIED.,.F.,.F.,(6,6),(0.,1.),
  .PIECEWISE_BEZIER_KNOTS.);
#1596 = CARTESIAN_POINT('',(6.75,-5.19765358219));
#1597 = CARTESIAN_POINT('',(6.472480316253,-5.158731952084));
#1598 = CARTESIAN_POINT('',(6.196976705081,-5.131107077671));
#1599 = CARTESIAN_POINT('',(5.924316222069,-5.114334242945));
#1600 = CARTESIAN_POINT('',(5.655212256572,-5.107863265164));
#1601 = CARTESIAN_POINT('',(5.390252063047,-5.111094487036));
#1602 = ( GEOMETRIC_REPRESENTATION_CONTEXT(2) 
PARAMETRIC_REPRESENTATION_CONTEXT() REPRESENTATION_CONTEXT('2D SPACE',''
  ) );
#1603 = ADVANCED_FACE('',(#1604),#816,.T.);
#1604 = FACE_BOUND('',#1605,.T.);
#1605 = EDGE_LOOP('',(#1606,#1607,#1630,#1664,#1712,#1733));
#1606 = ORIENTED_EDGE('',*,*,#796,.F.);
#1607 = ORIENTED_EDGE('',*,*,#1608,.T.);
#1608 = EDGE_CURVE('',#735,#1609,#1611,.T.);
#1609 = VERTEX_POINT('',#1610);
#1610 = CARTESIAN_POINT('',(-20.,-16.47240932642,269.75));
#1611 = SURFACE_CURVE('',#1612,(#1616,#1623),.PCURVE_S1.);
#1612 = LINE('',#1613,#1614);
#1613 = CARTESIAN_POINT('',(-20.,-24.,269.75));
#1614 = VECTOR('',#1615,1.);
#1615 = DIRECTION('',(0.,1.,0.));
#1616 = PCURVE('',#816,#1617);
#1617 = DEFINITIONAL_REPRESENTATION('',(#1618),#1622);
#1618 = LINE('',#1619,#1620);
#1619 = CARTESIAN_POINT('',(2.25,0.));
#1620 = VECTOR('',#1621,1.);
#1621 = DIRECTION('',(0.,-1.));
#1622 = ( GEOMETRIC_REPRESENTATION_CONTEXT(2) 
PARAMETRIC_REPRESENTATION_CONTEXT() REPRESENTATION_CONTEXT('2D SPACE',''
  ) );
#1623 = PCURVE('',#719,#1624);
#1624 = DEFINITIONAL_REPRESENTATION('',(#1625),#1629);
#1625 = LINE('',#1626,#1627);
#1626 = CARTESIAN_POINT('',(-0.,0.));
#1627 = VECTOR('',#1628,1.);
#1628 = DIRECTION('',(-0.,1.));
#1629 = ( GEOMETRIC_REPRESENTATION_CONTEXT(2) 
PARAMETRIC_REPRESENTATION_CONTEXT() REPRESENTATION_CONTEXT('2D SPACE',''
  ) );
#1630 = ORIENTED_EDGE('',*,*,#1631,.T.);
#1631 = EDGE_CURVE('',#1609,#1632,#1634,.T.);
#1632 = VERTEX_POINT('',#1633);
#1633 = CARTESIAN_POINT('',(-20.,-16.52127313876,273.52228631225));
#1634 = SURFACE_CURVE('',#1635,(#1641,#1650),.PCURVE_S1.);
#1635 = B_SPLINE_CURVE_WITH_KNOTS('',4,(#1636,#1637,#1638,#1639,#1640),
  .UNSPECIFIED.,.F.,.F.,(5,5),(0.,1.),.PIECEWISE_BEZIER_KNOTS.);
#1636 = CARTESIAN_POINT('',(-20.,-16.47240932642,269.75));
#1637 = CARTESIAN_POINT('',(-20.,-16.4846254276,270.69308301125));
#1638 = CARTESIAN_POINT('',(-20.,-16.49684153006,271.63616612062));
#1639 = CARTESIAN_POINT('',(-20.,-16.50905763378,272.5792493278));
#1640 = CARTESIAN_POINT('',(-20.,-16.52127373876,273.52233263225));
#1641 = PCURVE('',#816,#1642);
#1642 = DEFINITIONAL_REPRESENTATION('',(#1643),#1649);
#1643 = B_SPLINE_CURVE_WITH_KNOTS('',4,(#1644,#1645,#1646,#1647,#1648),
  .UNSPECIFIED.,.F.,.F.,(5,5),(0.,1.),.PIECEWISE_BEZIER_KNOTS.);
#1644 = CARTESIAN_POINT('',(2.25,-7.527590673575));
#1645 = CARTESIAN_POINT('',(3.193083011256,-7.515374572393));
#1646 = CARTESIAN_POINT('',(4.136166120629,-7.50315846994));
#1647 = CARTESIAN_POINT('',(5.079249327803,-7.49094236622));
#1648 = CARTESIAN_POINT('',(6.022332632252,-7.47872626124));
#1649 = ( GEOMETRIC_REPRESENTATION_CONTEXT(2) 
PARAMETRIC_REPRESENTATION_CONTEXT() REPRESENTATION_CONTEXT('2D SPACE',''
  ) );
#1650 = PCURVE('',#1651,#1656);
#1651 = B_SPLINE_SURFACE_WITH_KNOTS('',1,1,(
    (#1652,#1653)
    ,(#1654,#1655
    )),.UNSPECIFIED.,.F.,.F.,.F.,(2,2),(2,2),(0.,111.2),(0.,1.),
  .PIECEWISE_BEZIER_KNOTS.);
#1652 = CARTESIAN_POINT('',(-53.6,-15.6,202.4));
#1653 = CARTESIAN_POINT('',(-55.6,-16.6,279.6));
#1654 = CARTESIAN_POINT('',(53.6,-15.6,202.4));
#1655 = CARTESIAN_POINT('',(55.6,-16.6,279.6));
#1656 = DEFINITIONAL_REPRESENTATION('',(#1657),#1663);
#1657 = B_SPLINE_CURVE_WITH_KNOTS('',4,(#1658,#1659,#1660,#1661,#1662),
  .UNSPECIFIED.,.F.,.F.,(5,5),(0.,1.),.PIECEWISE_BEZIER_KNOTS.);
#1658 = CARTESIAN_POINT('',(35.507784916714,0.872409326425));
#1659 = CARTESIAN_POINT('',(35.516654709349,0.884625427607));
#1660 = CARTESIAN_POINT('',(35.525514066102,0.89684153006));
#1661 = CARTESIAN_POINT('',(35.534363002317,0.90905763378));
#1662 = CARTESIAN_POINT('',(35.543201555612,0.92127373876));
#1663 = ( GEOMETRIC_REPRESENTATION_CONTEXT(2) 
PARAMETRIC_REPRESENTATION_CONTEXT() REPRESENTATION_CONTEXT('2D SPACE',''
  ) );
#1664 = ORIENTED_EDGE('',*,*,#1665,.F.);
#1665 = EDGE_CURVE('',#1666,#1632,#1668,.T.);
#1666 = VERTEX_POINT('',#1667);
#1667 = CARTESIAN_POINT('',(-20.,-16.48646419841,274.25));
#1668 = SURFACE_CURVE('',#1669,(#1676,#1686),.PCURVE_S1.);
#1669 = B_SPLINE_CURVE_WITH_KNOTS('',5,(#1670,#1671,#1672,#1673,#1674,
    #1675),.UNSPECIFIED.,.F.,.F.,(6,6),(0.,1.),
  .PIECEWISE_BEZIER_KNOTS.);
#1670 = CARTESIAN_POINT('',(-20.,-16.48646419841,274.25));
#1671 = CARTESIAN_POINT('',(-20.,-16.50261854769,274.10176053953));
#1672 = CARTESIAN_POINT('',(-20.,-16.51399399176,273.95461303201));
#1673 = CARTESIAN_POINT('',(-20.,-16.52076118572,273.80883080206));
#1674 = CARTESIAN_POINT('',(-20.,-16.52311727675,273.66465376553));
#1675 = CARTESIAN_POINT('',(-20.,-16.52127313876,273.52228631225));
#1676 = PCURVE('',#816,#1677);
#1677 = DEFINITIONAL_REPRESENTATION('',(#1678),#1685);
#1678 = B_SPLINE_CURVE_WITH_KNOTS('',5,(#1679,#1680,#1681,#1682,#1683,
    #1684),.UNSPECIFIED.,.F.,.F.,(6,6),(0.,1.),
  .PIECEWISE_BEZIER_KNOTS.);
#1679 = CARTESIAN_POINT('',(6.75,-7.513535801586));
#1680 = CARTESIAN_POINT('',(6.601760539533,-7.497381452309));
#1681 = CARTESIAN_POINT('',(6.454613032014,-7.486006008239));
#1682 = CARTESIAN_POINT('',(6.308830802061,-7.47923881428));
#1683 = CARTESIAN_POINT('',(6.164653765535,-7.476882723244));
#1684 = CARTESIAN_POINT('',(6.022286312252,-7.47872686124));
#1685 = ( GEOMETRIC_REPRESENTATION_CONTEXT(2) 
PARAMETRIC_REPRESENTATION_CONTEXT() REPRESENTATION_CONTEXT('2D SPACE',''
  ) );
#1686 = PCURVE('',#1687,#1703);
#1687 = ( BOUNDED_SURFACE() B_SPLINE_SURFACE(2,2,(
    (#1688,#1689,#1690,#1691,#1692)
    ,(#1693,#1694,#1695,#1696,#1697)
    ,(#1698,#1699,#1700,#1701,#1702
)),.UNSPECIFIED.,.F.,.F.,.F.) B_SPLINE_SURFACE_WITH_KNOTS((3,3),(3,1,1,3
    ),(0.,111.2),(-4.083264,4.3687276019E-14,111.2,115.283264),
.UNSPECIFIED.) GEOMETRIC_REPRESENTATION_ITEM() RATIONAL_B_SPLINE_SURFACE
((
    (1.,1.,1.,1.,1.)
    ,(0.702512533236,0.702512533236,0.702512533236,0.702512533236
      ,0.702512533236)
,(1.,1.,1.,1.,1.))) REPRESENTATION_ITEM('') SURFACE() );
#1688 = CARTESIAN_POINT('',(-59.683264,-16.52127313876,273.52228631225)
  );
#1689 = CARTESIAN_POINT('',(-57.641632,-16.52127313876,273.52228631225)
  );
#1690 = CARTESIAN_POINT('',(-1.42108547152E-14,-16.52127313876,
    273.52228631225));
#1691 = CARTESIAN_POINT('',(57.641632,-16.52127313876,273.52228631225));
#1692 = CARTESIAN_POINT('',(59.683264,-16.52127313876,273.52228631225));
#1693 = CARTESIAN_POINT('',(-59.683264,-16.6,279.6));
#1694 = CARTESIAN_POINT('',(-57.641632,-16.6,279.6));
#1695 = CARTESIAN_POINT('',(-1.011430689338E-14,-16.6,279.6));
#1696 = CARTESIAN_POINT('',(57.641632,-16.6,279.6));
#1697 = CARTESIAN_POINT('',(59.683264,-16.6,279.6));
#1698 = CARTESIAN_POINT('',(-59.683264,-10.52177644464,279.6));
#1699 = CARTESIAN_POINT('',(-57.641632,-10.52177644464,279.6));
#1700 = CARTESIAN_POINT('',(-7.105427357601E-15,-10.52177644464,279.6));
#1701 = CARTESIAN_POINT('',(57.641632,-10.52177644464,279.6));
#1702 = CARTESIAN_POINT('',(59.683264,-10.52177644464,279.6));
#1703 = DEFINITIONAL_REPRESENTATION('',(#1704),#1711);
#1704 = B_SPLINE_CURVE_WITH_KNOTS('',5,(#1705,#1706,#1707,#1708,#1709,
    #1710),.UNSPECIFIED.,.F.,.F.,(6,6),(0.,1.),
  .PIECEWISE_BEZIER_KNOTS.);
#1705 = CARTESIAN_POINT('',(9.268270359794,35.6));
#1706 = CARTESIAN_POINT('',(7.41487924784,35.6));
#1707 = CARTESIAN_POINT('',(5.561359129274,35.6));
#1708 = CARTESIAN_POINT('',(3.707706989447,35.6));
#1709 = CARTESIAN_POINT('',(1.853920872128,35.6));
#1710 = CARTESIAN_POINT('',(0.,35.6));
#1711 = ( GEOMETRIC_REPRESENTATION_CONTEXT(2) 
PARAMETRIC_REPRESENTATION_CONTEXT() REPRESENTATION_CONTEXT('2D SPACE',''
  ) );
#1712 = ORIENTED_EDGE('',*,*,#1713,.F.);
#1713 = EDGE_CURVE('',#1403,#1666,#1714,.T.);
#1714 = SURFACE_CURVE('',#1715,(#1719,#1726),.PCURVE_S1.);
#1715 = LINE('',#1716,#1717);
#1716 = CARTESIAN_POINT('',(-20.,-24.,274.25));
#1717 = VECTOR('',#1718,1.);
#1718 = DIRECTION('',(0.,1.,0.));
#1719 = PCURVE('',#816,#1720);
#1720 = DEFINITIONAL_REPRESENTATION('',(#1721),#1725);
#1721 = LINE('',#1722,#1723);
#1722 = CARTESIAN_POINT('',(6.75,0.));
#1723 = VECTOR('',#1724,1.);
#1724 = DIRECTION('',(0.,-1.));
#1725 = ( GEOMETRIC_REPRESENTATION_CONTEXT(2) 
PARAMETRIC_REPRESENTATION_CONTEXT() REPRESENTATION_CONTEXT('2D SPACE',''
  ) );
#1726 = PCURVE('',#1514,#1727);
#1727 = DEFINITIONAL_REPRESENTATION('',(#1728),#1732);
#1728 = LINE('',#1729,#1730);
#1729 = CARTESIAN_POINT('',(0.,0.));
#1730 = VECTOR('',#1731,1.);
#1731 = DIRECTION('',(0.,1.));
#1732 = ( GEOMETRIC_REPRESENTATION_CONTEXT(2) 
PARAMETRIC_REPRESENTATION_CONTEXT() REPRESENTATION_CONTEXT('2D SPACE',''
  ) );
#1733 = ORIENTED_EDGE('',*,*,#1574,.T.);
#1734 = ADVANCED_FACE('',(#1735),#719,.F.);
#1735 = FACE_BOUND('',#1736,.T.);
#1736 = EDGE_LOOP('',(#1737,#1738,#1761,#1833,#1834));
#1737 = ORIENTED_EDGE('',*,*,#697,.F.);
#1738 = ORIENTED_EDGE('',*,*,#1739,.T.);
#1739 = EDGE_CURVE('',#673,#1740,#1742,.T.);
#1740 = VERTEX_POINT('',#1741);
#1741 = CARTESIAN_POINT('',(-17.75,-16.4432642487,267.5));
#1742 = SURFACE_CURVE('',#1743,(#1747,#1754),.PCURVE_S1.);
#1743 = LINE('',#1744,#1745);
#1744 = CARTESIAN_POINT('',(-17.75,-24.,267.5));
#1745 = VECTOR('',#1746,1.);
#1746 = DIRECTION('',(0.,1.,0.));
#1747 = PCURVE('',#719,#1748);
#1748 = DEFINITIONAL_REPRESENTATION('',(#1749),#1753);
#1749 = LINE('',#1750,#1751);
#1750 = CARTESIAN_POINT('',(-1.570796326795,0.));
#1751 = VECTOR('',#1752,1.);
#1752 = DIRECTION('',(-0.,1.));
#1753 = ( GEOMETRIC_REPRESENTATION_CONTEXT(2) 
PARAMETRIC_REPRESENTATION_CONTEXT() REPRESENTATION_CONTEXT('2D SPACE',''
  ) );
#1754 = PCURVE('',#686,#1755);
#1755 = DEFINITIONAL_REPRESENTATION('',(#1756),#1760);
#1756 = LINE('',#1757,#1758);
#1757 = CARTESIAN_POINT('',(2.25,0.));
#1758 = VECTOR('',#1759,1.);
#1759 = DIRECTION('',(0.,1.));
#1760 = ( GEOMETRIC_REPRESENTATION_CONTEXT(2) 
PARAMETRIC_REPRESENTATION_CONTEXT() REPRESENTATION_CONTEXT('2D SPACE',''
  ) );
#1761 = ORIENTED_EDGE('',*,*,#1762,.T.);
#1762 = EDGE_CURVE('',#1740,#1609,#1763,.T.);
#1763 = SURFACE_CURVE('',#1764,(#1785,#1809),.PCURVE_S1.);
#1764 = B_SPLINE_CURVE_WITH_KNOTS('',7,(#1765,#1766,#1767,#1768,#1769,
    #1770,#1771,#1772,#1773,#1774,#1775,#1776,#1777,#1778,#1779,#1780,
    #1781,#1782,#1783,#1784),.UNSPECIFIED.,.F.,.F.,(8,6,6,8),(0.,
    0.443518360513,0.78214947355,1.),.UNSPECIFIED.);
#1765 = CARTESIAN_POINT('',(-17.75,-16.4432642487,267.5));
#1766 = CARTESIAN_POINT('',(-17.94517655997,-16.4432642487,267.5));
#1767 = CARTESIAN_POINT('',(-18.14025687624,-16.4435200983,
    267.51975158915));
#1768 = CARTESIAN_POINT('',(-18.33423574369,-16.4440314194,
    267.55922557802));
#1769 = CARTESIAN_POINT('',(-18.52578961185,-16.44480373253,
    267.61884815169));
#1770 = CARTESIAN_POINT('',(-18.71323927294,-16.44584543371,
    267.69926748285));
#1771 = CARTESIAN_POINT('',(-18.89459312902,-16.44716582668,
    267.80120181968));
#1772 = CARTESIAN_POINT('',(-19.19923829067,-16.45001580871,
    268.02122043255));
#1773 = CARTESIAN_POINT('',(-19.32591531973,-16.45142019641,
    268.12963916343));
#1774 = CARTESIAN_POINT('',(-19.44631259253,-16.45300198684,
    268.25175338473));
#1775 = CARTESIAN_POINT('',(-19.55872502164,-16.45476671523,
    268.38799041579));
#1776 = CARTESIAN_POINT('',(-19.66097005905,-16.45671500411,
    268.53839831744));
#1777 = CARTESIAN_POINT('',(-19.75045266908,-16.45884058556,
    268.70249320541));
#1778 = CARTESIAN_POINT('',(-19.87214702473,-16.46259436614,
    268.99228506668));
#1779 = CARTESIAN_POINT('',(-19.91338991852,-16.46412916857,
    269.11077181395));
#1780 = CARTESIAN_POINT('',(-19.94743190363,-16.4657212015,
    269.23367675589));
#1781 = CARTESIAN_POINT('',(-19.97356000553,-16.46735991927,
    269.36018576767));
#1782 = CARTESIAN_POINT('',(-19.99119757138,-16.46903209674,
    269.48927786833));
#1783 = CARTESIAN_POINT('',(-20.,-16.47072163097,269.61970991088));
#1784 = CARTESIAN_POINT('',(-20.,-16.47240932642,269.75));
#1785 = PCURVE('',#719,#1786);
#1786 = DEFINITIONAL_REPRESENTATION('',(#1787),#1808);
#1787 = B_SPLINE_CURVE_WITH_KNOTS('',7,(#1788,#1789,#1790,#1791,#1792,
    #1793,#1794,#1795,#1796,#1797,#1798,#1799,#1800,#1801,#1802,#1803,
    #1804,#1805,#1806,#1807),.UNSPECIFIED.,.F.,.F.,(8,6,6,8),(0.,
    0.443518360513,0.78214947355,1.),.UNSPECIFIED.);
#1788 = CARTESIAN_POINT('',(-1.570796326795,7.556735751295));
#1789 = CARTESIAN_POINT('',(-1.48405118903,7.556735751295));
#1790 = CARTESIAN_POINT('',(-1.397349116768,7.556479901695));
#1791 = CARTESIAN_POINT('',(-1.310068679418,7.555968580596));
#1792 = CARTESIAN_POINT('',(-1.221743477041,7.555196267465));
#1793 = CARTESIAN_POINT('',(-1.131892209725,7.554154566284));
#1794 = CARTESIAN_POINT('',(-1.040024642668,7.55283417332));
#1795 = CARTESIAN_POINT('',(-0.873007609739,7.549984191288));
#1796 = CARTESIAN_POINT('',(-0.799152988315,7.548579803582));
#1797 = CARTESIAN_POINT('',(-0.723380751701,7.546998013151));
#1798 = CARTESIAN_POINT('',(-0.645453413286,7.54523328477));
#1799 = CARTESIAN_POINT('',(-0.565220918452,7.543284995888));
#1800 = CARTESIAN_POINT('',(-0.482580108634,7.541159414438));
#1801 = CARTESIAN_POINT('',(-0.342888144829,7.537405633851));
#1802 = CARTESIAN_POINT('',(-0.287237823284,7.535870831425));
#1803 = CARTESIAN_POINT('',(-0.230748187898,7.534278798499));
#1804 = CARTESIAN_POINT('',(-0.173568325561,7.53264008073));
#1805 = CARTESIAN_POINT('',(-0.115876360224,7.53096790326));
#1806 = CARTESIAN_POINT('',(-5.790670627438E-02,7.52927836903));
#1807 = CARTESIAN_POINT('',(0.,7.527590673575));
#1808 = ( GEOMETRIC_REPRESENTATION_CONTEXT(2) 
PARAMETRIC_REPRESENTATION_CONTEXT() REPRESENTATION_CONTEXT('2D SPACE',''
  ) );
#1809 = PCURVE('',#1651,#1810);
#1810 = DEFINITIONAL_REPRESENTATION('',(#1811),#1832);
#1811 = B_SPLINE_CURVE_WITH_KNOTS('',7,(#1812,#1813,#1814,#1815,#1816,
    #1817,#1818,#1819,#1820,#1821,#1822,#1823,#1824,#1825,#1826,#1827,
    #1828,#1829,#1830,#1831),.UNSPECIFIED.,.F.,.F.,(8,6,6,8),(0.,
    0.443518360513,0.78214947355,1.),.UNSPECIFIED.);
#1812 = CARTESIAN_POINT('',(37.749358499761,0.843264248705));
#1813 = CARTESIAN_POINT('',(37.553075299689,0.843264248705));
#1814 = CARTESIAN_POINT('',(37.357054103743,0.843520098305));
#1815 = CARTESIAN_POINT('',(37.162313203869,0.844031419404));
#1816 = CARTESIAN_POINT('',(36.970194794151,0.844803732535));
#1817 = CARTESIAN_POINT('',(36.78240073823,0.845845433716));
#1818 = CARTESIAN_POINT('',(36.600947034747,0.84716582668));
#1819 = CARTESIAN_POINT('',(36.296611866201,0.850015808712));
#1820 = CARTESIAN_POINT('',(36.170229528964,0.851420196418));
#1821 = CARTESIAN_POINT('',(36.050300433961,0.853001986849));
#1822 = CARTESIAN_POINT('',(35.938544693542,0.85476671523));
#1823 = CARTESIAN_POINT('',(35.837157937413,0.856715004112));
#1824 = CARTESIAN_POINT('',(35.748743084492,0.858840585562));
#1825 = CARTESIAN_POINT('',(35.629141562776,0.862594366149));
#1826 = CARTESIAN_POINT('',(35.588802913363,0.864129168575));
#1827 = CARTESIAN_POINT('',(35.555747365593,0.865721201501));
#1828 = CARTESIAN_POINT('',(35.530682321402,0.86735991927));
#1829 = CARTESIAN_POINT('',(35.514175639893,0.86903209674));
#1830 = CARTESIAN_POINT('',(35.506559527178,0.87072163097));
#1831 = CARTESIAN_POINT('',(35.507784918855,0.872409326425));
#1832 = ( GEOMETRIC_REPRESENTATION_CONTEXT(2) 
PARAMETRIC_REPRESENTATION_CONTEXT() REPRESENTATION_CONTEXT('2D SPACE',''
  ) );
#1833 = ORIENTED_EDGE('',*,*,#1608,.F.);
#1834 = ORIENTED_EDGE('',*,*,#734,.F.);
#1835 = ADVANCED_FACE('',(#1836),#686,.T.);
#1836 = FACE_BOUND('',#1837,.T.);
#1837 = EDGE_LOOP('',(#1838,#1839,#1840,#1863));
#1838 = ORIENTED_EDGE('',*,*,#1739,.F.);
#1839 = ORIENTED_EDGE('',*,*,#672,.F.);
#1840 = ORIENTED_EDGE('',*,*,#1841,.T.);
#1841 = EDGE_CURVE('',#594,#1842,#1844,.T.);
#1842 = VERTEX_POINT('',#1843);
#1843 = CARTESIAN_POINT('',(17.75,-16.4432642487,267.5));
#1844 = SURFACE_CURVE('',#1845,(#1849,#1856),.PCURVE_S1.);
#1845 = LINE('',#1846,#1847);
#1846 = CARTESIAN_POINT('',(17.75,-24.,267.5));
#1847 = VECTOR('',#1848,1.);
#1848 = DIRECTION('',(0.,1.,0.));
#1849 = PCURVE('',#686,#1850);
#1850 = DEFINITIONAL_REPRESENTATION('',(#1851),#1855);
#1851 = LINE('',#1852,#1853);
#1852 = CARTESIAN_POINT('',(37.75,0.));
#1853 = VECTOR('',#1854,1.);
#1854 = DIRECTION('',(0.,1.));
#1855 = ( GEOMETRIC_REPRESENTATION_CONTEXT(2) 
PARAMETRIC_REPRESENTATION_CONTEXT() REPRESENTATION_CONTEXT('2D SPACE',''
  ) );
#1856 = PCURVE('',#643,#1857);
#1857 = DEFINITIONAL_REPRESENTATION('',(#1858),#1862);
#1858 = LINE('',#1859,#1860);
#1859 = CARTESIAN_POINT('',(1.570796326795,0.));
#1860 = VECTOR('',#1861,1.);
#1861 = DIRECTION('',(0.,1.));
#1862 = ( GEOMETRIC_REPRESENTATION_CONTEXT(2) 
PARAMETRIC_REPRESENTATION_CONTEXT() REPRESENTATION_CONTEXT('2D SPACE',''
  ) );
#1863 = ORIENTED_EDGE('',*,*,#1864,.T.);
#1864 = EDGE_CURVE('',#1842,#1740,#1865,.T.);
#1865 = SURFACE_CURVE('',#1866,(#1869,#1875),.PCURVE_S1.);
#1866 = B_SPLINE_CURVE_WITH_KNOTS('',1,(#1867,#1868),.UNSPECIFIED.,.F.,
  .F.,(2,2),(0.,1.),.PIECEWISE_BEZIER_KNOTS.);
#1867 = CARTESIAN_POINT('',(17.75,-16.4432642487,267.5));
#1868 = CARTESIAN_POINT('',(-17.75,-16.4432642487,267.5));
#1869 = PCURVE('',#686,#1870);
#1870 = DEFINITIONAL_REPRESENTATION('',(#1871),#1874);
#1871 = B_SPLINE_CURVE_WITH_KNOTS('',1,(#1872,#1873),.UNSPECIFIED.,.F.,
  .F.,(2,2),(0.,1.),.PIECEWISE_BEZIER_KNOTS.);
#1872 = CARTESIAN_POINT('',(37.75,7.556735751295));
#1873 = CARTESIAN_POINT('',(2.25,7.556735751295));
#1874 = ( GEOMETRIC_REPRESENTATION_CONTEXT(2) 
PARAMETRIC_REPRESENTATION_CONTEXT() REPRESENTATION_CONTEXT('2D SPACE',''
  ) );
#1875 = PCURVE('',#1651,#1876);
#1876 = DEFINITIONAL_REPRESENTATION('',(#1877),#1880);
#1877 = B_SPLINE_CURVE_WITH_KNOTS('',1,(#1878,#1879),.UNSPECIFIED.,.F.,
  .F.,(2,2),(0.,1.),.PIECEWISE_BEZIER_KNOTS.);
#1878 = CARTESIAN_POINT('',(73.450641500239,0.843264248705));
#1879 = CARTESIAN_POINT('',(37.749358499761,0.843264248705));
#1880 = ( GEOMETRIC_REPRESENTATION_CONTEXT(2) 
PARAMETRIC_REPRESENTATION_CONTEXT() REPRESENTATION_CONTEXT('2D SPACE',''
  ) );
#1881 = ADVANCED_FACE('',(#1882),#643,.F.);
#1882 = FACE_BOUND('',#1883,.F.);
#1883 = EDGE_LOOP('',(#1884,#1885,#1886,#1942,#1980));
#1884 = ORIENTED_EDGE('',*,*,#593,.T.);
#1885 = ORIENTED_EDGE('',*,*,#1841,.T.);
#1886 = ORIENTED_EDGE('',*,*,#1887,.F.);
#1887 = EDGE_CURVE('',#1888,#1842,#1890,.T.);
#1888 = VERTEX_POINT('',#1889);
#1889 = CARTESIAN_POINT('',(19.780414909669,-16.45985113617,
    268.78050771298));
#1890 = SURFACE_CURVE('',#1891,(#1906,#1924),.PCURVE_S1.);
#1891 = B_SPLINE_CURVE_WITH_KNOTS('',7,(#1892,#1893,#1894,#1895,#1896,
    #1897,#1898,#1899,#1900,#1901,#1902,#1903,#1904,#1905),
  .UNSPECIFIED.,.F.,.F.,(8,6,8),(0.,0.427724606057,1.),.UNSPECIFIED.);
#1892 = CARTESIAN_POINT('',(19.780414909669,-16.45985113617,
    268.78050771298));
#1893 = CARTESIAN_POINT('',(19.702891950163,-16.45774806738,
    268.61815080212));
#1894 = CARTESIAN_POINT('',(19.612353872094,-16.45579649541,
    268.46748944593));
#1895 = CARTESIAN_POINT('',(19.511075797841,-16.45400816796,
    268.32943056693));
#1896 = CARTESIAN_POINT('',(19.401182028579,-16.45238642867,
    268.20423229396));
#1897 = CARTESIAN_POINT('',(19.284457263791,-16.4509296678,
    268.09177035435));
#1898 = CARTESIAN_POINT('',(19.162292716632,-16.44963287201,
    267.99165771944));
#1899 = CARTESIAN_POINT('',(18.866045569448,-16.44696126356,
    267.78540954751));
#1900 = CARTESIAN_POINT('',(18.688676878022,-16.44571094709,
    267.68888511566));
#1901 = CARTESIAN_POINT('',(18.50572940577,-16.44472399329,
    267.61269228221));
#1902 = CARTESIAN_POINT('',(18.319011444514,-16.44399182207,
    267.55616866404));
#1903 = CARTESIAN_POINT('',(18.130051796558,-16.44350688342,
    267.51873140054));
#1904 = CARTESIAN_POINT('',(17.940068838251,-16.4432642487,267.5));
#1905 = CARTESIAN_POINT('',(17.75,-16.4432642487,267.5));
#1906 = PCURVE('',#643,#1907);
#1907 = DEFINITIONAL_REPRESENTATION('',(#1908),#1923);
#1908 = B_SPLINE_CURVE_WITH_KNOTS('',7,(#1909,#1910,#1911,#1912,#1913,
    #1914,#1915,#1916,#1917,#1918,#1919,#1920,#1921,#1922),
  .UNSPECIFIED.,.F.,.F.,(8,6,8),(0.,0.427724606057,1.),.UNSPECIFIED.);
#1909 = CARTESIAN_POINT('',(0.445473768967,7.540148863822));
#1910 = CARTESIAN_POINT('',(0.525436199349,7.542251932615));
#1911 = CARTESIAN_POINT('',(0.603200290614,7.544203504586));
#1912 = CARTESIAN_POINT('',(0.67880219194,7.545991832034));
#1913 = CARTESIAN_POINT('',(0.752358038657,7.547613571322));
#1914 = CARTESIAN_POINT('',(0.824019801282,7.549070332197));
#1915 = CARTESIAN_POINT('',(0.894002502389,7.550367127986));
#1916 = CARTESIAN_POINT('',(1.054434438276,7.553038736431));
#1917 = CARTESIAN_POINT('',(1.143641870427,7.554289052906));
#1918 = CARTESIAN_POINT('',(1.230983996626,7.555276006707));
#1919 = CARTESIAN_POINT('',(1.316916806935,7.556008177927));
#1920 = CARTESIAN_POINT('',(1.401884657764,7.556493116573));
#1921 = CARTESIAN_POINT('',(1.486321287572,7.556735751295));
#1922 = CARTESIAN_POINT('',(1.570796326795,7.556735751295));
#1923 = ( GEOMETRIC_REPRESENTATION_CONTEXT(2) 
PARAMETRIC_REPRESENTATION_CONTEXT() REPRESENTATION_CONTEXT('2D SPACE',''
  ) );
#1924 = PCURVE('',#1651,#1925);
#1925 = DEFINITIONAL_REPRESENTATION('',(#1926),#1941);
#1926 = B_SPLINE_CURVE_WITH_KNOTS('',7,(#1927,#1928,#1929,#1930,#1931,
    #1932,#1933,#1934,#1935,#1936,#1937,#1938,#1939,#1940),
  .UNSPECIFIED.,.F.,.F.,(8,6,8),(0.,0.427724606057,1.),.UNSPECIFIED.);
#1927 = CARTESIAN_POINT('',(75.480639696197,0.859851136178));
#1928 = CARTESIAN_POINT('',(75.404235527898,0.857748067385));
#1929 = CARTESIAN_POINT('',(75.31462785162,0.855796495414));
#1930 = CARTESIAN_POINT('',(75.214092411574,0.854008167965));
#1931 = CARTESIAN_POINT('',(75.10476177336,0.852386428678));
#1932 = CARTESIAN_POINT('',(74.988432399971,0.850929667803));
#1933 = CARTESIAN_POINT('',(74.866508335694,0.849632872014));
#1934 = CARTESIAN_POINT('',(74.570487238511,0.846961263569));
#1935 = CARTESIAN_POINT('',(74.392990275195,0.845710947094));
#1936 = CARTESIAN_POINT('',(74.209685077862,0.844723993293));
#1937 = CARTESIAN_POINT('',(74.022402329668,0.843991822073));
#1938 = CARTESIAN_POINT('',(73.832691487822,0.843506883427));
#1939 = CARTESIAN_POINT('',(73.641788018097,0.843264248705));
#1940 = CARTESIAN_POINT('',(73.450641500239,0.843264248705));
#1941 = ( GEOMETRIC_REPRESENTATION_CONTEXT(2) 
PARAMETRIC_REPRESENTATION_CONTEXT() REPRESENTATION_CONTEXT('2D SPACE',''
  ) );
#1942 = ORIENTED_EDGE('',*,*,#1943,.F.);
#1943 = EDGE_CURVE('',#1944,#1888,#1946,.T.);
#1944 = VERTEX_POINT('',#1945);
#1945 = CARTESIAN_POINT('',(20.,-16.47240932642,269.75));
#1946 = SURFACE_CURVE('',#1947,(#1956,#1968),.PCURVE_S1.);
#1947 = B_SPLINE_CURVE_WITH_KNOTS('',7,(#1948,#1949,#1950,#1951,#1952,
    #1953,#1954,#1955),.UNSPECIFIED.,.F.,.F.,(8,8),(0.,1.),
  .PIECEWISE_BEZIER_KNOTS.);
#1948 = CARTESIAN_POINT('',(20.,-16.47240932642,269.75));
#1949 = CARTESIAN_POINT('',(20.,-16.47050916114,269.60330723998));
#1950 = CARTESIAN_POINT('',(19.988842075034,-16.4686066501,
    269.45643338811));
#1951 = CARTESIAN_POINT('',(19.966477013397,-16.46672939308,
    269.31150914646));
#1952 = CARTESIAN_POINT('',(19.933477461858,-16.46489965909,
    269.17025368237));
#1953 = CARTESIAN_POINT('',(19.890729651444,-16.46313509195,
    269.03402909923));
#1954 = CARTESIAN_POINT('',(19.839318063573,-16.46144908065,
    268.90386902643));
#1955 = CARTESIAN_POINT('',(19.780414909669,-16.45985113617,
    268.78050771298));
#1956 = PCURVE('',#643,#1957);
#1957 = DEFINITIONAL_REPRESENTATION('',(#1958),#1967);
#1958 = B_SPLINE_CURVE_WITH_KNOTS('',7,(#1959,#1960,#1961,#1962,#1963,
    #1964,#1965,#1966),.UNSPECIFIED.,.F.,.F.,(8,8),(0.,1.),
  .PIECEWISE_BEZIER_KNOTS.);
#1959 = CARTESIAN_POINT('',(0.,7.527590673575));
#1960 = CARTESIAN_POINT('',(6.519678222695E-02,7.52949083886));
#1961 = CARTESIAN_POINT('',(0.130474021296,7.531393349895));
#1962 = CARTESIAN_POINT('',(0.195337612047,7.533270606911));
#1963 = CARTESIAN_POINT('',(0.259480206936,7.535100340902));
#1964 = CARTESIAN_POINT('',(0.322668207941,7.536864908041));
#1965 = CARTESIAN_POINT('',(0.38471706704,7.538550919347));
#1966 = CARTESIAN_POINT('',(0.445473768967,7.540148863822));
#1967 = ( GEOMETRIC_REPRESENTATION_CONTEXT(2) 
PARAMETRIC_REPRESENTATION_CONTEXT() REPRESENTATION_CONTEXT('2D SPACE',''
  ) );
#1968 = PCURVE('',#1651,#1969);
#1969 = DEFINITIONAL_REPRESENTATION('',(#1970),#1979);
#1970 = B_SPLINE_CURVE_WITH_KNOTS('',7,(#1971,#1972,#1973,#1974,#1975,
    #1976,#1977,#1978),.UNSPECIFIED.,.F.,.F.,(8,8),(0.,1.),
  .PIECEWISE_BEZIER_KNOTS.);
#1971 = CARTESIAN_POINT('',(75.692215081145,0.872409326425));
#1972 = CARTESIAN_POINT('',(75.693594741627,0.87050916114));
#1973 = CARTESIAN_POINT('',(75.683766954899,0.868606650105));
#1974 = CARTESIAN_POINT('',(75.662659011488,0.866729393089));
#1975 = CARTESIAN_POINT('',(75.630826739624,0.864899659098));
#1976 = CARTESIAN_POINT('',(75.589145205204,0.863135091959));
#1977 = CARTESIAN_POINT('',(75.538692775089,0.861449080653));
#1978 = CARTESIAN_POINT('',(75.480639696197,0.859851136178));
#1979 = ( GEOMETRIC_REPRESENTATION_CONTEXT(2) 
PARAMETRIC_REPRESENTATION_CONTEXT() REPRESENTATION_CONTEXT('2D SPACE',''
  ) );
#1980 = ORIENTED_EDGE('',*,*,#1981,.F.);
#1981 = EDGE_CURVE('',#560,#1944,#1982,.T.);
#1982 = SURFACE_CURVE('',#1983,(#1987,#1994),.PCURVE_S1.);
#1983 = LINE('',#1984,#1985);
#1984 = CARTESIAN_POINT('',(20.,-24.,269.75));
#1985 = VECTOR('',#1986,1.);
#1986 = DIRECTION('',(0.,1.,0.));
#1987 = PCURVE('',#643,#1988);
#1988 = DEFINITIONAL_REPRESENTATION('',(#1989),#1993);
#1989 = LINE('',#1990,#1991);
#1990 = CARTESIAN_POINT('',(0.,0.));
#1991 = VECTOR('',#1992,1.);
#1992 = DIRECTION('',(0.,1.));
#1993 = ( GEOMETRIC_REPRESENTATION_CONTEXT(2) 
PARAMETRIC_REPRESENTATION_CONTEXT() REPRESENTATION_CONTEXT('2D SPACE',''
  ) );
#1994 = PCURVE('',#579,#1995);
#1995 = DEFINITIONAL_REPRESENTATION('',(#1996),#2000);
#1996 = LINE('',#1997,#1998);
#1997 = CARTESIAN_POINT('',(2.25,0.));
#1998 = VECTOR('',#1999,1.);
#1999 = DIRECTION('',(0.,-1.));
#2000 = ( GEOMETRIC_REPRESENTATION_CONTEXT(2) 
PARAMETRIC_REPRESENTATION_CONTEXT() REPRESENTATION_CONTEXT('2D SPACE',''
  ) );
#2001 = ADVANCED_FACE('',(#2002),#579,.F.);
#2002 = FACE_BOUND('',#2003,.F.);
#2003 = EDGE_LOOP('',(#2004,#2005,#2006,#2035,#2067,#2088));
#2004 = ORIENTED_EDGE('',*,*,#559,.F.);
#2005 = ORIENTED_EDGE('',*,*,#1981,.T.);
#2006 = ORIENTED_EDGE('',*,*,#2007,.T.);
#2007 = EDGE_CURVE('',#1944,#2008,#2010,.T.);
#2008 = VERTEX_POINT('',#2009);
#2009 = CARTESIAN_POINT('',(20.,-16.52127313876,273.52228631225));
#2010 = SURFACE_CURVE('',#2011,(#2017,#2026),.PCURVE_S1.);
#2011 = B_SPLINE_CURVE_WITH_KNOTS('',4,(#2012,#2013,#2014,#2015,#2016),
  .UNSPECIFIED.,.F.,.F.,(5,5),(0.,1.),.PIECEWISE_BEZIER_KNOTS.);
#2012 = CARTESIAN_POINT('',(20.,-16.47240932642,269.75));
#2013 = CARTESIAN_POINT('',(20.,-16.4846254276,270.69308301125));
#2014 = CARTESIAN_POINT('',(20.,-16.49684153006,271.63616612062));
#2015 = CARTESIAN_POINT('',(20.,-16.50905763378,272.5792493278));
#2016 = CARTESIAN_POINT('',(20.,-16.52127373876,273.52233263225));
#2017 = PCURVE('',#579,#2018);
#2018 = DEFINITIONAL_REPRESENTATION('',(#2019),#2025);
#2019 = B_SPLINE_CURVE_WITH_KNOTS('',4,(#2020,#2021,#2022,#2023,#2024),
  .UNSPECIFIED.,.F.,.F.,(5,5),(0.,1.),.PIECEWISE_BEZIER_KNOTS.);
#2020 = CARTESIAN_POINT('',(2.25,-7.527590673575));
#2021 = CARTESIAN_POINT('',(3.193083011256,-7.515374572393));
#2022 = CARTESIAN_POINT('',(4.136166120629,-7.50315846994));
#2023 = CARTESIAN_POINT('',(5.079249327803,-7.49094236622));
#2024 = CARTESIAN_POINT('',(6.022332632252,-7.47872626124));
#2025 = ( GEOMETRIC_REPRESENTATION_CONTEXT(2) 
PARAMETRIC_REPRESENTATION_CONTEXT() REPRESENTATION_CONTEXT('2D SPACE',''
  ) );
#2026 = PCURVE('',#1651,#2027);
#2027 = DEFINITIONAL_REPRESENTATION('',(#2028),#2034);
#2028 = B_SPLINE_CURVE_WITH_KNOTS('',4,(#2029,#2030,#2031,#2032,#2033),
  .UNSPECIFIED.,.F.,.F.,(5,5),(0.,1.),.PIECEWISE_BEZIER_KNOTS.);
#2029 = CARTESIAN_POINT('',(75.692215083286,0.872409326425));
#2030 = CARTESIAN_POINT('',(75.683345290651,0.884625427607));
#2031 = CARTESIAN_POINT('',(75.674485933898,0.89684153006));
#2032 = CARTESIAN_POINT('',(75.665636997683,0.90905763378));
#2033 = CARTESIAN_POINT('',(75.656798444388,0.92127373876));
#2034 = ( GEOMETRIC_REPRESENTATION_CONTEXT(2) 
PARAMETRIC_REPRESENTATION_CONTEXT() REPRESENTATION_CONTEXT('2D SPACE',''
  ) );
#2035 = ORIENTED_EDGE('',*,*,#2036,.F.);
#2036 = EDGE_CURVE('',#2037,#2008,#2039,.T.);
#2037 = VERTEX_POINT('',#2038);
#2038 = CARTESIAN_POINT('',(20.,-16.48646419841,274.25));
#2039 = SURFACE_CURVE('',#2040,(#2047,#2057),.PCURVE_S1.);
#2040 = B_SPLINE_CURVE_WITH_KNOTS('',5,(#2041,#2042,#2043,#2044,#2045,
    #2046),.UNSPECIFIED.,.F.,.F.,(6,6),(0.,1.),
  .PIECEWISE_BEZIER_KNOTS.);
#2041 = CARTESIAN_POINT('',(20.,-16.48646419841,274.25));
#2042 = CARTESIAN_POINT('',(20.,-16.50261854769,274.10176053953));
#2043 = CARTESIAN_POINT('',(20.,-16.51399399176,273.95461303201));
#2044 = CARTESIAN_POINT('',(20.,-16.52076118572,273.80883080206));
#2045 = CARTESIAN_POINT('',(20.,-16.52311727675,273.66465376553));
#2046 = CARTESIAN_POINT('',(20.,-16.52127313876,273.52228631225));
#2047 = PCURVE('',#579,#2048);
#2048 = DEFINITIONAL_REPRESENTATION('',(#2049),#2056);
#2049 = B_SPLINE_CURVE_WITH_KNOTS('',5,(#2050,#2051,#2052,#2053,#2054,
    #2055),.UNSPECIFIED.,.F.,.F.,(6,6),(0.,1.),
  .PIECEWISE_BEZIER_KNOTS.);
#2050 = CARTESIAN_POINT('',(6.75,-7.513535801586));
#2051 = CARTESIAN_POINT('',(6.601760539533,-7.497381452309));
#2052 = CARTESIAN_POINT('',(6.454613032014,-7.486006008239));
#2053 = CARTESIAN_POINT('',(6.308830802061,-7.47923881428));
#2054 = CARTESIAN_POINT('',(6.164653765535,-7.476882723244));
#2055 = CARTESIAN_POINT('',(6.022286312252,-7.47872686124));
#2056 = ( GEOMETRIC_REPRESENTATION_CONTEXT(2) 
PARAMETRIC_REPRESENTATION_CONTEXT() REPRESENTATION_CONTEXT('2D SPACE',''
  ) );
#2057 = PCURVE('',#1687,#2058);
#2058 = DEFINITIONAL_REPRESENTATION('',(#2059),#2066);
#2059 = B_SPLINE_CURVE_WITH_KNOTS('',5,(#2060,#2061,#2062,#2063,#2064,
    #2065),.UNSPECIFIED.,.F.,.F.,(6,6),(0.,1.),
  .PIECEWISE_BEZIER_KNOTS.);
#2060 = CARTESIAN_POINT('',(9.268270359794,75.6));
#2061 = CARTESIAN_POINT('',(7.41487924784,75.6));
#2062 = CARTESIAN_POINT('',(5.561359129274,75.6));
#2063 = CARTESIAN_POINT('',(3.707706989447,75.6));
#2064 = CARTESIAN_POINT('',(1.853920872128,75.6));
#2065 = CARTESIAN_POINT('',(0.,75.6));
#2066 = ( GEOMETRIC_REPRESENTATION_CONTEXT(2) 
PARAMETRIC_REPRESENTATION_CONTEXT() REPRESENTATION_CONTEXT('2D SPACE',''
  ) );
#2067 = ORIENTED_EDGE('',*,*,#2068,.F.);
#2068 = EDGE_CURVE('',#1186,#2037,#2069,.T.);
#2069 = SURFACE_CURVE('',#2070,(#2074,#2081),.PCURVE_S1.);
#2070 = LINE('',#2071,#2072);
#2071 = CARTESIAN_POINT('',(20.,-24.,274.25));
#2072 = VECTOR('',#2073,1.);
#2073 = DIRECTION('',(0.,1.,0.));
#2074 = PCURVE('',#579,#2075);
#2075 = DEFINITIONAL_REPRESENTATION('',(#2076),#2080);
#2076 = LINE('',#2077,#2078);
#2077 = CARTESIAN_POINT('',(6.75,0.));
#2078 = VECTOR('',#2079,1.);
#2079 = DIRECTION('',(0.,-1.));
#2080 = ( GEOMETRIC_REPRESENTATION_CONTEXT(2) 
PARAMETRIC_REPRESENTATION_CONTEXT() REPRESENTATION_CONTEXT('2D SPACE',''
  ) );
#2081 = PCURVE('',#1315,#2082);
#2082 = DEFINITIONAL_REPRESENTATION('',(#2083),#2087);
#2083 = LINE('',#2084,#2085);
#2084 = CARTESIAN_POINT('',(-0.,0.));
#2085 = VECTOR('',#2086,1.);
#2086 = DIRECTION('',(-0.,1.));
#2087 = ( GEOMETRIC_REPRESENTATION_CONTEXT(2) 
PARAMETRIC_REPRESENTATION_CONTEXT() REPRESENTATION_CONTEXT('2D SPACE',''
  ) );
#2088 = ORIENTED_EDGE('',*,*,#1185,.T.);
#2089 = ADVANCED_FACE('',(#2090),#487,.T.);
#2090 = FACE_BOUND('',#2091,.T.);
#2091 = EDGE_LOOP('',(#2092,#2183,#2217,#2283));
#2092 = ORIENTED_EDGE('',*,*,#2093,.F.);
#2093 = EDGE_CURVE('',#2094,#442,#2096,.T.);
#2094 = VERTEX_POINT('',#2095);
#2095 = CARTESIAN_POINT('',(56.214159830925,-9.109087599025,
    208.7805530679));
#2096 = SURFACE_CURVE('',#2097,(#2102,#2172),.PCURVE_S1.);
#2097 = CIRCLE('',#2098,9.);
#2098 = AXIS2_PLACEMENT_3D('',#2099,#2100,#2101);
#2099 = CARTESIAN_POINT('',(47.216835615137,-9.109086877944,209.));
#2100 = DIRECTION('',(-2.438117962682E-02,1.219058995537E-02,
    -0.999628404757));
#2101 = DIRECTION('',(-2.973231531606E-04,-0.999925691997,
    -1.218696362548E-02));
#2102 = PCURVE('',#487,#2103);
#2103 = DEFINITIONAL_REPRESENTATION('',(#2104),#2171);
#2104 = B_SPLINE_CURVE_WITH_KNOTS('',9,(#2105,#2106,#2107,#2108,#2109,
    #2110,#2111,#2112,#2113,#2114,#2115,#2116,#2117,#2118,#2119,#2120,
    #2121,#2122,#2123,#2124,#2125,#2126,#2127,#2128,#2129,#2130,#2131,
    #2132,#2133,#2134,#2135,#2136,#2137,#2138,#2139,#2140,#2141,#2142,
    #2143,#2144,#2145,#2146,#2147,#2148,#2149,#2150,#2151,#2152,#2153,
    #2154,#2155,#2156,#2157,#2158,#2159,#2160,#2161,#2162,#2163,#2164,
    #2165,#2166,#2167,#2168,#2169,#2170),.UNSPECIFIED.,.F.,.F.,(10,8,8,8
    ,8,8,8,8,10),(4.712388980385,4.810545161698,4.908701343011,
    5.105013705637,5.49763843089,5.693950793516,5.890263156143,
    6.086575518769,6.282887881395),.UNSPECIFIED.);
#2105 = CARTESIAN_POINT('',(82.140221913184,8.674126246146));
#2106 = CARTESIAN_POINT('',(81.506672354065,8.674126246146));
#2107 = CARTESIAN_POINT('',(80.87634013389,8.674126246146));
#2108 = CARTESIAN_POINT('',(80.2491422012,8.674126246147));
#2109 = CARTESIAN_POINT('',(79.625003076071,8.674126246145));
#2110 = CARTESIAN_POINT('',(79.003844095494,8.674126246147));
#2111 = CARTESIAN_POINT('',(78.38558451575,8.674126246146));
#2112 = CARTESIAN_POINT('',(77.770147031155,8.674126246146));
#2113 = CARTESIAN_POINT('',(77.157460265644,8.674126246146));
#2114 = CARTESIAN_POINT('',(75.937441327258,8.674126246146));
#2115 = CARTESIAN_POINT('',(75.330109373852,8.674126246146));
#2116 = CARTESIAN_POINT('',(74.725382312666,8.674126246147));
#2117 = CARTESIAN_POINT('',(74.12318896026,8.674126246145));
#2118 = CARTESIAN_POINT('',(73.523459520977,8.674126246147));
#2119 = CARTESIAN_POINT('',(72.926125533962,8.674126246146));
#2120 = CARTESIAN_POINT('',(72.33111982099,8.674126246147));
#2121 = CARTESIAN_POINT('',(71.738376433492,8.674126246146));
#2122 = CARTESIAN_POINT('',(69.966738933626,8.674126246146));
#2123 = CARTESIAN_POINT('',(68.794436631281,8.674126246146));
#2124 = CARTESIAN_POINT('',(67.630411310399,8.674126246146));
#2125 = CARTESIAN_POINT('',(66.474141710898,8.674126246146));
#2126 = CARTESIAN_POINT('',(65.325181530457,8.674126246146));
#2127 = CARTESIAN_POINT('',(64.183024810464,8.674126246146));
#2128 = CARTESIAN_POINT('',(63.047236703246,8.674126246146));
#2129 = CARTESIAN_POINT('',(61.91736800988,8.674126246146));
#2130 = CARTESIAN_POINT('',(58.544223342991,8.674126246146));
#2131 = CARTESIAN_POINT('',(56.317408681301,8.674126246147));
#2132 = CARTESIAN_POINT('',(54.109080927263,8.674126246146));
#2133 = CARTESIAN_POINT('',(51.915947377027,8.674126246147));
#2134 = CARTESIAN_POINT('',(49.734845450786,8.674126246145));
#2135 = CARTESIAN_POINT('',(47.562706604811,8.674126246147));
#2136 = CARTESIAN_POINT('',(45.396522868973,8.674126246146));
#2137 = CARTESIAN_POINT('',(43.233316010378,8.674126246146));
#2138 = CARTESIAN_POINT('',(39.988505978677,8.674126246146));
#2139 = CARTESIAN_POINT('',(38.906902645158,8.674126246147));
#2140 = CARTESIAN_POINT('',(37.824927121854,8.674126246145));
#2141 = CARTESIAN_POINT('',(36.742207242467,8.674126246147));
#2142 = CARTESIAN_POINT('',(35.658369895541,8.674126246145));
#2143 = CARTESIAN_POINT('',(34.573040045614,8.674126246147));
#2144 = CARTESIAN_POINT('',(33.485839754164,8.674126246146));
#2145 = CARTESIAN_POINT('',(32.39638720074,8.674126246146));
#2146 = CARTESIAN_POINT('',(30.212204207176,8.674126246146));
#2147 = CARTESIAN_POINT('',(29.117474391043,8.674126246146));
#2148 = CARTESIAN_POINT('',(28.019714191659,8.674126246146));
#2149 = CARTESIAN_POINT('',(26.918550086698,8.674126246146));
#2150 = CARTESIAN_POINT('',(25.813552591771,8.674126246146));
#2151 = CARTESIAN_POINT('',(24.704348595189,8.674126246146));
#2152 = CARTESIAN_POINT('',(23.590508109673,8.674126246146));
#2153 = CARTESIAN_POINT('',(22.471613655628,8.674126246146));
#2154 = CARTESIAN_POINT('',(20.222850467676,8.674126246146));
#2155 = CARTESIAN_POINT('',(19.092981823164,8.674126246147));
#2156 = CARTESIAN_POINT('',(17.957193014465,8.674126246145));
#2157 = CARTESIAN_POINT('',(16.81504069975,8.674126246148));
#2158 = CARTESIAN_POINT('',(15.666069628707,8.674126246145));
#2159 = CARTESIAN_POINT('',(14.509811031886,8.674126246147));
#2160 = CARTESIAN_POINT('',(13.345781079526,8.674126246146));
#2161 = CARTESIAN_POINT('',(12.173479410034,8.674126246146));
#2162 = CARTESIAN_POINT('',(9.811296045903,8.674126246146));
#2163 = CARTESIAN_POINT('',(8.621414751448,8.674126246146));
#2164 = CARTESIAN_POINT('',(7.422221653109,8.674126246146));
#2165 = CARTESIAN_POINT('',(6.213192473934,8.674126246147));
#2166 = CARTESIAN_POINT('',(4.993744257268,8.674126246145));
#2167 = CARTESIAN_POINT('',(3.763330790174,8.674126246147));
#2168 = CARTESIAN_POINT('',(2.521323381449,8.674126246146));
#2169 = CARTESIAN_POINT('',(1.267099118241,8.674126246146));
#2170 = CARTESIAN_POINT('',(9.779407706763E-17,8.674126246146));
#2171 = ( GEOMETRIC_REPRESENTATION_CONTEXT(2) 
PARAMETRIC_REPRESENTATION_CONTEXT() REPRESENTATION_CONTEXT('2D SPACE',''
  ) );
#2172 = PCURVE('',#2173,#2178);
#2173 = SPHERICAL_SURFACE('',#2174,9.);
#2174 = AXIS2_PLACEMENT_3D('',#2175,#2176,#2177);
#2175 = CARTESIAN_POINT('',(47.216835615137,-9.109086877944,209.));
#2176 = DIRECTION('',(-0.999702690643,8.012003268239E-08,
    2.438299245471E-02));
#2177 = DIRECTION('',(-2.973231531606E-04,-0.999925691997,
    -1.218696362548E-02));
#2178 = DEFINITIONAL_REPRESENTATION('',(#2179),#2182);
#2179 = B_SPLINE_CURVE_WITH_KNOTS('',1,(#2180,#2181),.UNSPECIFIED.,.F.,
  .F.,(2,2),(4.712388980385,6.282887881395),.PIECEWISE_BEZIER_KNOTS.);
#2180 = CARTESIAN_POINT('',(0.,-1.570796326795));
#2181 = CARTESIAN_POINT('',(0.,-2.974257844581E-04));
#2182 = ( GEOMETRIC_REPRESENTATION_CONTEXT(2) 
PARAMETRIC_REPRESENTATION_CONTEXT() REPRESENTATION_CONTEXT('2D SPACE',''
  ) );
#2183 = ORIENTED_EDGE('',*,*,#2184,.T.);
#2184 = EDGE_CURVE('',#2094,#2185,#2187,.T.);
#2185 = VERTEX_POINT('',#2186);
#2186 = CARTESIAN_POINT('',(57.775135440681,-9.889574682823,
    272.7805530679));
#2187 = SURFACE_CURVE('',#2188,(#2197,#2204),.PCURVE_S1.);
#2188 = B_SPLINE_CURVE_WITH_KNOTS('',3,(#2189,#2190,#2191,#2192,#2193,
    #2194,#2195,#2196),.UNSPECIFIED.,.F.,.F.,(4,2,2,4),(-3.231589924731,
    -0.219430620577,81.920791292607,84.93295059676),.UNSPECIFIED.);
#2189 = CARTESIAN_POINT('',(55.923884414753,-8.963949169859,
    196.87926100486));
#2190 = CARTESIAN_POINT('',(55.948364414753,-8.976189169859,
    197.88294100486));
#2191 = CARTESIAN_POINT('',(55.972844414753,-8.988429169859,
    198.88662100486));
#2192 = CARTESIAN_POINT('',(56.664882943168,-9.334448434066,
    227.2602006699));
#2193 = CARTESIAN_POINT('',(57.332441471584,-9.668227698274,
    254.63010033495));
#2194 = CARTESIAN_POINT('',(58.02448,-10.01424696248,283.00368));
#2195 = CARTESIAN_POINT('',(58.04896,-10.02648696248,284.00736));
#2196 = CARTESIAN_POINT('',(58.07344,-10.03872696248,285.01104));
#2197 = PCURVE('',#487,#2198);
#2198 = DEFINITIONAL_REPRESENTATION('',(#2199),#2203);
#2199 = LINE('',#2200,#2201);
#2200 = CARTESIAN_POINT('',(82.140221913184,0.));
#2201 = VECTOR('',#2202,1.);
#2202 = DIRECTION('',(0.,1.));
#2203 = ( GEOMETRIC_REPRESENTATION_CONTEXT(2) 
PARAMETRIC_REPRESENTATION_CONTEXT() REPRESENTATION_CONTEXT('2D SPACE',''
  ) );
#2204 = PCURVE('',#2205,#2210);
#2205 = B_SPLINE_SURFACE_WITH_KNOTS('',1,1,(
    (#2206,#2207)
    ,(#2208,#2209
    )),.UNSPECIFIED.,.F.,.F.,.F.,(2,2),(2,2),(0.,38.),(0.,1.),
  .PIECEWISE_BEZIER_KNOTS.);
#2206 = CARTESIAN_POINT('',(56.,-18.,200.));
#2207 = CARTESIAN_POINT('',(58.,-19.,282.));
#2208 = CARTESIAN_POINT('',(56.,18.,200.));
#2209 = CARTESIAN_POINT('',(58.,19.,282.));
#2210 = DEFINITIONAL_REPRESENTATION('',(#2211),#2216);
#2211 = B_SPLINE_CURVE_WITH_KNOTS('',3,(#2212,#2213,#2214,#2215),
  .UNSPECIFIED.,.F.,.F.,(4,4),(8.674126246146,72.697917184108),
  .PIECEWISE_BEZIER_KNOTS.);
#2212 = CARTESIAN_POINT('',(9.44171312053,0.107079915462));
#2213 = CARTESIAN_POINT('',(9.306051355891,0.367242516636));
#2214 = CARTESIAN_POINT('',(9.176230242189,0.627405118253));
#2215 = CARTESIAN_POINT('',(9.051554739204,0.88756772034));
#2216 = ( GEOMETRIC_REPRESENTATION_CONTEXT(2) 
PARAMETRIC_REPRESENTATION_CONTEXT() REPRESENTATION_CONTEXT('2D SPACE',''
  ) );
#2217 = ORIENTED_EDGE('',*,*,#2218,.F.);
#2218 = EDGE_CURVE('',#466,#2185,#2219,.T.);
#2219 = SURFACE_CURVE('',#2220,(#2225,#2271),.PCURVE_S1.);
#2220 = CIRCLE('',#2221,9.);
#2221 = AXIS2_PLACEMENT_3D('',#2222,#2223,#2224);
#2222 = CARTESIAN_POINT('',(48.777811224893,-9.889574682823,273.));
#2223 = DIRECTION('',(2.438118060313E-02,-1.219059030156E-02,
    0.999628404729));
#2224 = DIRECTION('',(-7.895702321126E-16,-0.999925647793,
    -1.219421521699E-02));
#2225 = PCURVE('',#487,#2226);
#2226 = DEFINITIONAL_REPRESENTATION('',(#2227),#2270);
#2227 = B_SPLINE_CURVE_WITH_KNOTS('',11,(#2228,#2229,#2230,#2231,#2232,
    #2233,#2234,#2235,#2236,#2237,#2238,#2239,#2240,#2241,#2242,#2243,
    #2244,#2245,#2246,#2247,#2248,#2249,#2250,#2251,#2252,#2253,#2254,
    #2255,#2256,#2257,#2258,#2259,#2260,#2261,#2262,#2263,#2264,#2265,
    #2266,#2267,#2268,#2269),.UNSPECIFIED.,.F.,.F.,(12,10,10,10,12),(0.,
    0.392624748833,0.785249497666,1.1778742465,1.570498995333),
  .UNSPECIFIED.);
#2228 = CARTESIAN_POINT('',(-7.105427357601E-15,72.697917184108));
#2229 = CARTESIAN_POINT('',(2.073435045286,72.697917184107));
#2230 = CARTESIAN_POINT('',(4.113158240688,72.69791718411));
#2231 = CARTESIAN_POINT('',(6.12184979453,72.697917184105));
#2232 = CARTESIAN_POINT('',(8.102046067254,72.697917184109));
#2233 = CARTESIAN_POINT('',(10.056037486938,72.69791718411));
#2234 = CARTESIAN_POINT('',(11.986135056406,72.697917184102));
#2235 = CARTESIAN_POINT('',(13.894318401604,72.697917184114));
#2236 = CARTESIAN_POINT('',(15.782680955491,72.697917184104));
#2237 = CARTESIAN_POINT('',(17.653071295011,72.697917184108));
#2238 = CARTESIAN_POINT('',(19.507335379124,72.697917184108));
#2239 = CARTESIAN_POINT('',(23.187129798585,72.697917184106));
#2240 = CARTESIAN_POINT('',(25.01266070311,72.697917184117));
#2241 = CARTESIAN_POINT('',(26.825587626472,72.697917184087));
#2242 = CARTESIAN_POINT('',(28.627608342855,72.697917184141));
#2243 = CARTESIAN_POINT('',(30.420366686959,72.697917184069));
#2244 = CARTESIAN_POINT('',(32.205462670489,72.697917184144));
#2245 = CARTESIAN_POINT('',(33.984462104913,72.697917184081));
#2246 = CARTESIAN_POINT('',(35.75890573017,72.697917184124));
#2247 = CARTESIAN_POINT('',(37.530317849782,72.697917184101));
#2248 = CARTESIAN_POINT('',(39.30021447189,72.697917184109));
#2249 = CARTESIAN_POINT('',(42.840007441293,72.697917184106));
#2250 = CARTESIAN_POINT('',(44.609904063411,72.697917184115));
#2251 = CARTESIAN_POINT('',(46.381316182986,72.697917184089));
#2252 = CARTESIAN_POINT('',(48.155759808324,72.697917184143));
#2253 = CARTESIAN_POINT('',(49.934759242621,72.69791718406));
#2254 = CARTESIAN_POINT('',(51.719855226301,72.697917184159));
#2255 = CARTESIAN_POINT('',(53.512613570269,72.697917184068));
#2256 = CARTESIAN_POINT('',(55.314634286746,72.697917184131));
#2257 = CARTESIAN_POINT('',(57.12756121006,72.697917184098));
#2258 = CARTESIAN_POINT('',(58.953092114601,72.69791718411));
#2259 = CARTESIAN_POINT('',(62.632886534058,72.697917184106));
#2260 = CARTESIAN_POINT('',(64.487150618178,72.697917184115));
#2261 = CARTESIAN_POINT('',(66.357540957685,72.697917184095));
#2262 = CARTESIAN_POINT('',(68.245903511588,72.697917184124));
#2263 = CARTESIAN_POINT('',(70.154086856773,72.697917184094));
#2264 = CARTESIAN_POINT('',(72.084184426247,72.697917184118));
#2265 = CARTESIAN_POINT('',(74.03817584593,72.697917184101));
#2266 = CARTESIAN_POINT('',(76.018372118653,72.697917184112));
#2267 = CARTESIAN_POINT('',(78.027063672497,72.697917184106));
#2268 = CARTESIAN_POINT('',(80.066786867898,72.697917184109));
#2269 = CARTESIAN_POINT('',(82.140221913184,72.697917184108));
#2270 = ( GEOMETRIC_REPRESENTATION_CONTEXT(2) 
PARAMETRIC_REPRESENTATION_CONTEXT() REPRESENTATION_CONTEXT('2D SPACE',''
  ) );
#2271 = PCURVE('',#1173,#2272);
#2272 = DEFINITIONAL_REPRESENTATION('',(#2273),#2282);
#2273 = B_SPLINE_CURVE_WITH_KNOTS('',7,(#2274,#2275,#2276,#2277,#2278,
    #2279,#2280,#2281),.UNSPECIFIED.,.F.,.F.,(8,8),(0.,1.570498995333),
  .PIECEWISE_BEZIER_KNOTS.);
#2274 = CARTESIAN_POINT('',(0.,1.219451744825E-02));
#2275 = CARTESIAN_POINT('',(-0.224306983614,1.766460257088E-02));
#2276 = CARTESIAN_POINT('',(-0.44864892461,2.241891261236E-02));
#2277 = CARTESIAN_POINT('',(-0.673041908694,2.600808659331E-02));
#2278 = CARTESIAN_POINT('',(-0.897486711004,2.806916867078E-02));
#2279 = CARTESIAN_POINT('',(-1.121947336407,2.842332866926E-02));
#2280 = CARTESIAN_POINT('',(-1.346389280567,2.712043828537E-02));
#2281 = CARTESIAN_POINT('',(-1.57079632661,2.438539402521E-02));
#2282 = ( GEOMETRIC_REPRESENTATION_CONTEXT(2) 
PARAMETRIC_REPRESENTATION_CONTEXT() REPRESENTATION_CONTEXT('2D SPACE',''
  ) );
#2283 = ORIENTED_EDGE('',*,*,#465,.F.);
#2284 = ADVANCED_FACE('',(#2285),#99,.T.);
#2285 = FACE_BOUND('',#2286,.T.);
#2286 = EDGE_LOOP('',(#2287,#2288,#2336,#2365,#2411,#2412,#2441,#2610,
    #2644,#2816));
#2287 = ORIENTED_EDGE('',*,*,#82,.F.);
#2288 = ORIENTED_EDGE('',*,*,#2289,.T.);
#2289 = EDGE_CURVE('',#22,#2290,#2292,.T.);
#2290 = VERTEX_POINT('',#2291);
#2291 = CARTESIAN_POINT('',(-47.21683561513,-9.109086877944,200.));
#2292 = SURFACE_CURVE('',#2293,(#2298,#2324),.PCURVE_S1.);
#2293 = CIRCLE('',#2294,9.);
#2294 = AXIS2_PLACEMENT_3D('',#2295,#2296,#2297);
#2295 = CARTESIAN_POINT('',(-47.21683561513,-9.109086877944,209.));
#2296 = DIRECTION('',(1.,-1.421365082073E-08,3.157967717313E-15));
#2297 = DIRECTION('',(-1.421259396592E-08,-0.999925647793,
    -1.219421521699E-02));
#2298 = PCURVE('',#99,#2299);
#2299 = DEFINITIONAL_REPRESENTATION('',(#2300),#2323);
#2300 = B_SPLINE_CURVE_WITH_KNOTS('',6,(#2301,#2302,#2303,#2304,#2305,
    #2306,#2307,#2308,#2309,#2310,#2311,#2312,#2313,#2314,#2315,#2316,
    #2317,#2318,#2319,#2320,#2321,#2322),.UNSPECIFIED.,.F.,.F.,(7,5,5,5,
    7),(0.,0.389650452337,0.779300904673,1.16895135701,1.558601809347),
  .UNSPECIFIED.);
#2301 = CARTESIAN_POINT('',(0.,8.78316425695));
#2302 = CARTESIAN_POINT('',(5.19480851907,8.78316426286));
#2303 = CARTESIAN_POINT('',(10.223375427967,8.78316426858));
#2304 = CARTESIAN_POINT('',(15.11538582349,8.783164274146));
#2305 = CARTESIAN_POINT('',(19.8952923295,8.783164279584));
#2306 = CARTESIAN_POINT('',(24.584615175623,8.783164284919));
#2307 = CARTESIAN_POINT('',(33.821215264886,8.783164295427));
#2308 = CARTESIAN_POINT('',(38.368500635301,8.783164300601));
#2309 = CARTESIAN_POINT('',(42.864329441571,8.783164305715));
#2310 = CARTESIAN_POINT('',(47.326414604492,8.783164310792));
#2311 = CARTESIAN_POINT('',(51.771624703571,8.783164315849));
#2312 = CARTESIAN_POINT('',(60.662046128773,8.783164325963));
#2313 = CARTESIAN_POINT('',(65.107256227851,8.783164331021));
#2314 = CARTESIAN_POINT('',(69.569341390774,8.783164336097));
#2315 = CARTESIAN_POINT('',(74.065170197042,8.783164341212));
#2316 = CARTESIAN_POINT('',(78.612455567458,8.783164346385));
#2317 = CARTESIAN_POINT('',(87.849055656721,8.783164356894));
#2318 = CARTESIAN_POINT('',(92.538378502842,8.783164362228));
#2319 = CARTESIAN_POINT('',(97.318285008857,8.783164367667));
#2320 = CARTESIAN_POINT('',(102.21029540437,8.783164373232));
#2321 = CARTESIAN_POINT('',(107.23886231327,8.783164378953));
#2322 = CARTESIAN_POINT('',(112.43367083234,8.783164384863));
#2323 = ( GEOMETRIC_REPRESENTATION_CONTEXT(2) 
PARAMETRIC_REPRESENTATION_CONTEXT() REPRESENTATION_CONTEXT('2D SPACE',''
  ) );
#2324 = PCURVE('',#935,#2325);
#2325 = DEFINITIONAL_REPRESENTATION('',(#2326),#2335);
#2326 = B_SPLINE_CURVE_WITH_KNOTS('',7,(#2327,#2328,#2329,#2330,#2331,
    #2332,#2333,#2334),.UNSPECIFIED.,.F.,.F.,(8,8),(0.,1.558601809347),
  .PIECEWISE_BEZIER_KNOTS.);
#2327 = CARTESIAN_POINT('',(0.,-2.974257844571E-04));
#2328 = CARTESIAN_POINT('',(0.222591222897,-5.726075843073E-03));
#2329 = CARTESIAN_POINT('',(0.445183330029,-1.113751576756E-02));
#2330 = CARTESIAN_POINT('',(0.667797378437,-1.609256167017E-02));
#2331 = CARTESIAN_POINT('',(0.890455802944,-2.015346066229E-02));
#2332 = CARTESIAN_POINT('',(1.113158244088,-2.297472167183E-02));
#2333 = CARTESIAN_POINT('',(1.335881817681,-2.438543018212E-02));
#2334 = CARTESIAN_POINT('',(1.558605436832,-2.438540917272E-02));
#2335 = ( GEOMETRIC_REPRESENTATION_CONTEXT(2) 
PARAMETRIC_REPRESENTATION_CONTEXT() REPRESENTATION_CONTEXT('2D SPACE',''
  ) );
#2336 = ORIENTED_EDGE('',*,*,#2337,.T.);
#2337 = EDGE_CURVE('',#2290,#2338,#2340,.T.);
#2338 = VERTEX_POINT('',#2339);
#2339 = CARTESIAN_POINT('',(47.216835615137,-9.109086877944,200.));
#2340 = SURFACE_CURVE('',#2341,(#2347,#2354),.PCURVE_S1.);
#2341 = B_SPLINE_CURVE_WITH_KNOTS('',2,(#2342,#2343,#2344,#2345,#2346),
  .UNSPECIFIED.,.F.,.F.,(3,1,1,3),(-4.329475416172,-0.216835416172,
    112.21683541617,116.32947541617),.UNSPECIFIED.);
#2342 = CARTESIAN_POINT('',(-60.32947541617,-9.109086877944,200.));
#2343 = CARTESIAN_POINT('',(-58.27315541617,-9.109086877944,200.));
#2344 = CARTESIAN_POINT('',(-1.42108547152E-14,-9.109086877944,200.));
#2345 = CARTESIAN_POINT('',(58.273155416172,-9.109086877944,200.));
#2346 = CARTESIAN_POINT('',(60.329475416172,-9.109086877944,200.));
#2347 = PCURVE('',#99,#2348);
#2348 = DEFINITIONAL_REPRESENTATION('',(#2349),#2353);
#2349 = LINE('',#2350,#2351);
#2350 = CARTESIAN_POINT('',(112.43367083234,0.));
#2351 = VECTOR('',#2352,1.);
#2352 = DIRECTION('',(0.,1.));
#2353 = ( GEOMETRIC_REPRESENTATION_CONTEXT(2) 
PARAMETRIC_REPRESENTATION_CONTEXT() REPRESENTATION_CONTEXT('2D SPACE',''
  ) );
#2354 = PCURVE('',#2355,#2360);
#2355 = PLANE('',#2356);
#2356 = AXIS2_PLACEMENT_3D('',#2357,#2358,#2359);
#2357 = CARTESIAN_POINT('',(-56.,-18.,200.));
#2358 = DIRECTION('',(0.,0.,-1.));
#2359 = DIRECTION('',(0.952028561285,0.306009180413,0.));
#2360 = DEFINITIONAL_REPRESENTATION('',(#2361),#2364);
#2361 = B_SPLINE_CURVE_WITH_KNOTS('',1,(#2362,#2363),.UNSPECIFIED.,.F.,
  .F.,(2,2),(-0.216835416172,112.21683541617),.PIECEWISE_BEZIER_KNOTS.);
#2362 = CARTESIAN_POINT('',(2.514267528311,-8.53075685609));
#2363 = CARTESIAN_POINT('',(109.55433341084,25.874978606154));
#2364 = ( GEOMETRIC_REPRESENTATION_CONTEXT(2) 
PARAMETRIC_REPRESENTATION_CONTEXT() REPRESENTATION_CONTEXT('2D SPACE',''
  ) );
#2365 = ORIENTED_EDGE('',*,*,#2366,.F.);
#2366 = EDGE_CURVE('',#442,#2338,#2367,.T.);
#2367 = SURFACE_CURVE('',#2368,(#2373,#2399),.PCURVE_S1.);
#2368 = CIRCLE('',#2369,9.);
#2369 = AXIS2_PLACEMENT_3D('',#2370,#2371,#2372);
#2370 = CARTESIAN_POINT('',(47.216835615137,-9.109086877944,209.));
#2371 = DIRECTION('',(1.,1.421365319901E-08,-3.947459648741E-15));
#2372 = DIRECTION('',(1.42125963344E-08,-0.999925647793,
    -1.219421521699E-02));
#2373 = PCURVE('',#99,#2374);
#2374 = DEFINITIONAL_REPRESENTATION('',(#2375),#2398);
#2375 = B_SPLINE_CURVE_WITH_KNOTS('',6,(#2376,#2377,#2378,#2379,#2380,
    #2381,#2382,#2383,#2384,#2385,#2386,#2387,#2388,#2389,#2390,#2391,
    #2392,#2393,#2394,#2395,#2396,#2397),.UNSPECIFIED.,.F.,.F.,(7,5,5,5,
    7),(0.,0.389650452337,0.779300904673,1.16895135701,1.558601809347),
  .UNSPECIFIED.);
#2376 = CARTESIAN_POINT('',(0.,103.21683574305));
#2377 = CARTESIAN_POINT('',(5.19480851907,103.21683573714));
#2378 = CARTESIAN_POINT('',(10.223375427967,103.21683573141));
#2379 = CARTESIAN_POINT('',(15.11538582349,103.21683572585));
#2380 = CARTESIAN_POINT('',(19.895292329499,103.21683572041));
#2381 = CARTESIAN_POINT('',(24.584615175623,103.21683571508));
#2382 = CARTESIAN_POINT('',(33.821215264886,103.21683570457));
#2383 = CARTESIAN_POINT('',(38.368500635302,103.2168356994));
#2384 = CARTESIAN_POINT('',(42.864329441569,103.21683569428));
#2385 = CARTESIAN_POINT('',(47.326414604493,103.2168356892));
#2386 = CARTESIAN_POINT('',(51.771624703571,103.21683568415));
#2387 = CARTESIAN_POINT('',(60.662046128773,103.21683567403));
#2388 = CARTESIAN_POINT('',(65.107256227851,103.21683566897));
#2389 = CARTESIAN_POINT('',(69.569341390774,103.2168356639));
#2390 = CARTESIAN_POINT('',(74.065170197042,103.21683565878));
#2391 = CARTESIAN_POINT('',(78.612455567458,103.21683565361));
#2392 = CARTESIAN_POINT('',(87.84905565672,103.2168356431));
#2393 = CARTESIAN_POINT('',(92.538378502844,103.21683563777));
#2394 = CARTESIAN_POINT('',(97.318285008855,103.21683563233));
#2395 = CARTESIAN_POINT('',(102.21029540437,103.21683562676));
#2396 = CARTESIAN_POINT('',(107.23886231327,103.21683562104));
#2397 = CARTESIAN_POINT('',(112.43367083234,103.21683561513));
#2398 = ( GEOMETRIC_REPRESENTATION_CONTEXT(2) 
PARAMETRIC_REPRESENTATION_CONTEXT() REPRESENTATION_CONTEXT('2D SPACE',''
  ) );
#2399 = PCURVE('',#2173,#2400);
#2400 = DEFINITIONAL_REPRESENTATION('',(#2401),#2410);
#2401 = B_SPLINE_CURVE_WITH_KNOTS('',7,(#2402,#2403,#2404,#2405,#2406,
    #2407,#2408,#2409),.UNSPECIFIED.,.F.,.F.,(8,8),(0.,1.558601809347),
  .PIECEWISE_BEZIER_KNOTS.);
#2402 = CARTESIAN_POINT('',(-3.15796785417E-15,-2.974257844578E-04));
#2403 = CARTESIAN_POINT('',(-0.222591222897,-5.726075843072E-03));
#2404 = CARTESIAN_POINT('',(-0.445183330029,-1.113751576757E-02));
#2405 = CARTESIAN_POINT('',(-0.667797378437,-1.609256167013E-02));
#2406 = CARTESIAN_POINT('',(-0.890455802943,-2.015346066232E-02));
#2407 = CARTESIAN_POINT('',(-1.113158244088,-2.29747216718E-02));
#2408 = CARTESIAN_POINT('',(-1.335881817681,-2.438543018211E-02));
#2409 = CARTESIAN_POINT('',(-1.558605436832,-2.438540917272E-02));
#2410 = ( GEOMETRIC_REPRESENTATION_CONTEXT(2) 
PARAMETRIC_REPRESENTATION_CONTEXT() REPRESENTATION_CONTEXT('2D SPACE',''
  ) );
#2411 = ORIENTED_EDGE('',*,*,#441,.F.);
#2412 = ORIENTED_EDGE('',*,*,#2413,.F.);
#2413 = EDGE_CURVE('',#2414,#390,#2416,.T.);
#2414 = VERTEX_POINT('',#2415);
#2415 = CARTESIAN_POINT('',(43.26,-18.08700980031,208.37));
#2416 = SURFACE_CURVE('',#2417,(#2423,#2432),.PCURVE_S1.);
#2417 = B_SPLINE_CURVE_WITH_KNOTS('',4,(#2418,#2419,#2420,#2421,#2422),
  .UNSPECIFIED.,.F.,.F.,(5,5),(0.,1.),.PIECEWISE_BEZIER_KNOTS.);
#2418 = CARTESIAN_POINT('',(43.26,-18.08700980031,208.37));
#2419 = CARTESIAN_POINT('',(43.26,-18.09622500601,208.50132286743));
#2420 = CARTESIAN_POINT('',(43.26,-18.1028120615,208.63187195257));
#2421 = CARTESIAN_POINT('',(43.26,-18.10684810584,208.76154467901));
#2422 = CARTESIAN_POINT('',(43.26,-18.10841770808,208.89025206304));
#2423 = PCURVE('',#99,#2424);
#2424 = DEFINITIONAL_REPRESENTATION('',(#2425),#2431);
#2425 = B_SPLINE_CURVE_WITH_KNOTS('',4,(#2426,#2427,#2428,#2429,#2430),
  .UNSPECIFIED.,.F.,.F.,(5,5),(0.,1.),.PIECEWISE_BEZIER_KNOTS.);
#2426 = CARTESIAN_POINT('',(4.575466587817,99.26));
#2427 = CARTESIAN_POINT('',(3.431766113608,99.26));
#2428 = CARTESIAN_POINT('',(2.287955614294,99.26));
#2429 = CARTESIAN_POINT('',(1.144033799794,99.26));
#2430 = CARTESIAN_POINT('',(0.,99.26));
#2431 = ( GEOMETRIC_REPRESENTATION_CONTEXT(2) 
PARAMETRIC_REPRESENTATION_CONTEXT() REPRESENTATION_CONTEXT('2D SPACE',''
  ) );
#2432 = PCURVE('',#421,#2433);
#2433 = DEFINITIONAL_REPRESENTATION('',(#2434),#2440);
#2434 = B_SPLINE_CURVE_WITH_KNOTS('',4,(#2435,#2436,#2437,#2438,#2439),
  .UNSPECIFIED.,.F.,.F.,(5,5),(0.,1.),.PIECEWISE_BEZIER_KNOTS.);
#2435 = CARTESIAN_POINT('',(3.,-5.912990199686));
#2436 = CARTESIAN_POINT('',(3.131322867434,-5.903774993987));
#2437 = CARTESIAN_POINT('',(3.261871952575,-5.897187938494));
#2438 = CARTESIAN_POINT('',(3.391544679017,-5.893151894158));
#2439 = CARTESIAN_POINT('',(3.520252063047,-5.891582291914));
#2440 = ( GEOMETRIC_REPRESENTATION_CONTEXT(2) 
PARAMETRIC_REPRESENTATION_CONTEXT() REPRESENTATION_CONTEXT('2D SPACE',''
  ) );
#2441 = ORIENTED_EDGE('',*,*,#2442,.T.);
#2442 = EDGE_CURVE('',#2414,#2443,#2445,.T.);
#2443 = VERTEX_POINT('',#2444);
#2444 = CARTESIAN_POINT('',(40.26,-17.34456500614,205.37));
#2445 = SURFACE_CURVE('',#2446,(#2497,#2551),.PCURVE_S1.);
#2446 = B_SPLINE_CURVE_WITH_KNOTS('',7,(#2447,#2448,#2449,#2450,#2451,
    #2452,#2453,#2454,#2455,#2456,#2457,#2458,#2459,#2460,#2461,#2462,
    #2463,#2464,#2465,#2466,#2467,#2468,#2469,#2470,#2471,#2472,#2473,
    #2474,#2475,#2476,#2477,#2478,#2479,#2480,#2481,#2482,#2483,#2484,
    #2485,#2486,#2487,#2488,#2489,#2490,#2491,#2492,#2493,#2494,#2495,
    #2496),.UNSPECIFIED.,.F.,.F.,(8,6,6,6,6,6,6,6,8),(0.,0.352108478235,
    0.530653917342,0.710468697977,0.788403418379,0.867658014495,
    0.927192538323,0.962327336944,1.),.UNSPECIFIED.);
#2447 = CARTESIAN_POINT('',(43.26,-18.08700980031,208.37));
#2448 = CARTESIAN_POINT('',(43.26,-18.07623689559,208.21647887582));
#2449 = CARTESIAN_POINT('',(43.250834517885,-18.06232174254,
    208.06203933402));
#2450 = CARTESIAN_POINT('',(43.232305171377,-18.04519065267,
    207.90679686876));
#2451 = CARTESIAN_POINT('',(43.204081182202,-18.02477647622,
    207.75087935433));
#2452 = CARTESIAN_POINT('',(43.165670909991,-18.00102074995,
    207.59442730043));
#2453 = CARTESIAN_POINT('',(43.116401522341,-17.97387592274,
    207.43759340984));
#2454 = CARTESIAN_POINT('',(43.024150258101,-17.92780822215,
    207.20090688359));
#2455 = CARTESIAN_POINT('',(42.990040606167,-17.91142826475,
    207.12121604653));
#2456 = CARTESIAN_POINT('',(42.95271963818,-17.89416406149,
    207.04149214435));
#2457 = CARTESIAN_POINT('',(42.912017661375,-17.87601240455,
    206.9617587439));
#2458 = CARTESIAN_POINT('',(42.867732040539,-17.85697146008,
    206.88204151248));
#2459 = CARTESIAN_POINT('',(42.819609694781,-17.83704109386,
    206.80236844483));
#2460 = CARTESIAN_POINT('',(42.714650826686,-17.7952575222,
    206.64260623184));
#2461 = CARTESIAN_POINT('',(42.657757422665,-17.77339266275,
    206.56252201563));
#2462 = CARTESIAN_POINT('',(42.596290078333,-17.75062993772,
    206.48254517763));
#2463 = CARTESIAN_POINT('',(42.529826169695,-17.72697382255,
    206.40271131503));
#2464 = CARTESIAN_POINT('',(42.457803384138,-17.70243362575,
    206.32306576631));
#2465 = CARTESIAN_POINT('',(42.379505492877,-17.67702443206,
    206.24366369865));
#2466 = CARTESIAN_POINT('',(42.256573314674,-17.63939356012,
    206.13030101072));
#2467 = CARTESIAN_POINT('',(42.21800158128,-17.62785713291,
    206.0960843215));
#2468 = CARTESIAN_POINT('',(42.177932111333,-17.61616467314,
    206.06193389302));
#2469 = CARTESIAN_POINT('',(42.136251230091,-17.60431897624,
    206.02785724025));
#2470 = CARTESIAN_POINT('',(42.092825386958,-17.59232363842,
    205.99386356367));
#2471 = CARTESIAN_POINT('',(42.047490217507,-17.58018329576,
    205.95996412754));
#2472 = CARTESIAN_POINT('',(41.951768834974,-17.55541675381,
    205.8918094641));
#2473 = CARTESIAN_POINT('',(41.901314690551,-17.54278698511,
    205.85756117353));
#2474 = CARTESIAN_POINT('',(41.84843820705,-17.5300199302,
    205.82343947272));
#2475 = CARTESIAN_POINT('',(41.792863030116,-17.51712383652,
    205.78946315429));
#2476 = CARTESIAN_POINT('',(41.734229191402,-17.50411113894,
    205.75566029484));
#2477 = CARTESIAN_POINT('',(41.672082968987,-17.4909989472,
    205.7220685781));
#2478 = CARTESIAN_POINT('',(41.555808846291,-17.46790906475,
    205.66371218735));
#2479 = CARTESIAN_POINT('',(41.503556130778,-17.45796764487,
    205.63884201298));
#2480 = CARTESIAN_POINT('',(41.448591561508,-17.4479964845,
    205.61414729174));
#2481 = CARTESIAN_POINT('',(41.390526800118,-17.43801029784,
    205.58965989068));
#2482 = CARTESIAN_POINT('',(41.32881612488,-17.42803577921,
    205.56543866885));
#2483 = CARTESIAN_POINT('',(41.262809903334,-17.41811008239,
    205.54156445252));
#2484 = CARTESIAN_POINT('',(41.148932536776,-17.40251003704,
    205.50438041695));
#2485 = CARTESIAN_POINT('',(41.10471959075,-17.39676955706,
    205.49077165439));
#2486 = CARTESIAN_POINT('',(41.058348082571,-17.39108090865,
    205.47735923697));
#2487 = CARTESIAN_POINT('',(41.009478828416,-17.38546391191,
    205.46418612335));
#2488 = CARTESIAN_POINT('',(40.957642591895,-17.37995556877,
    205.45133330217));
#2489 = CARTESIAN_POINT('',(40.902240084044,-17.37461006304,
    205.4389197921));
#2490 = CARTESIAN_POINT('',(40.778531714946,-17.36401825701,
    205.41443191249));
#2491 = CARTESIAN_POINT('',(40.709917778741,-17.35874938246,
    205.40231729069));
#2492 = CARTESIAN_POINT('',(40.63422201678,-17.35387691225,
    205.39116786877));
#2493 = CARTESIAN_POINT('',(40.550364635337,-17.34965757679,
    205.38155262402));
#2494 = CARTESIAN_POINT('',(40.458664184895,-17.34642006137,
    205.37420041871));
#2495 = CARTESIAN_POINT('',(40.360837560148,-17.34456500614,205.37));
#2496 = CARTESIAN_POINT('',(40.26,-17.34456500614,205.37));
#2497 = PCURVE('',#99,#2498);
#2498 = DEFINITIONAL_REPRESENTATION('',(#2499),#2550);
#2499 = B_SPLINE_CURVE_WITH_KNOTS('',7,(#2500,#2501,#2502,#2503,#2504,
    #2505,#2506,#2507,#2508,#2509,#2510,#2511,#2512,#2513,#2514,#2515,
    #2516,#2517,#2518,#2519,#2520,#2521,#2522,#2523,#2524,#2525,#2526,
    #2527,#2528,#2529,#2530,#2531,#2532,#2533,#2534,#2535,#2536,#2537,
    #2538,#2539,#2540,#2541,#2542,#2543,#2544,#2545,#2546,#2547,#2548,
    #2549),.UNSPECIFIED.,.F.,.F.,(8,6,6,6,6,6,6,6,8),(0.,0.352108478235,
    0.530653917342,0.710468697977,0.788403418379,0.867658014495,
    0.927192538323,0.962327336944,1.),.UNSPECIFIED.);
#2500 = CARTESIAN_POINT('',(4.575466587817,99.26));
#2501 = CARTESIAN_POINT('',(5.912493306386,99.26));
#2502 = CARTESIAN_POINT('',(7.24932845896,99.250834517884));
#2503 = CARTESIAN_POINT('',(8.585842670921,99.232305171378));
#2504 = CARTESIAN_POINT('',(9.92186185806,99.204081182202));
#2505 = CARTESIAN_POINT('',(11.257164039921,99.165670909991));
#2506 = CARTESIAN_POINT('',(12.591478154531,99.116401522341));
#2507 = CARTESIAN_POINT('',(14.600395097237,99.024150258101));
#2508 = CARTESIAN_POINT('',(15.275972063787,98.990040606167));
#2509 = CARTESIAN_POINT('',(15.951156603683,98.95271963818));
#2510 = CARTESIAN_POINT('',(16.625890993823,98.912017661375));
#2511 = CARTESIAN_POINT('',(17.300102360197,98.867732040539));
#2512 = CARTESIAN_POINT('',(17.973700263796,98.819609694781));
#2513 = CARTESIAN_POINT('',(19.324228133838,98.714650826686));
#2514 = CARTESIAN_POINT('',(20.001115111781,98.657757422665));
#2515 = CARTESIAN_POINT('',(20.67715117149,98.596290078332));
#2516 = CARTESIAN_POINT('',(21.352187399414,98.529826169696));
#2517 = CARTESIAN_POINT('',(22.025993068605,98.457803384138));
#2518 = CARTESIAN_POINT('',(22.698253469622,98.379505492877));
#2519 = CARTESIAN_POINT('',(23.658993661009,98.256573314674));
#2520 = CARTESIAN_POINT('',(23.949102637073,98.21800158128));
#2521 = CARTESIAN_POINT('',(24.238787216121,98.177932111333));
#2522 = CARTESIAN_POINT('',(24.52799555282,98.136251230091));
#2523 = CARTESIAN_POINT('',(24.816661245757,98.092825386958));
#2524 = CARTESIAN_POINT('',(25.104699956882,98.047490217507));
#2525 = CARTESIAN_POINT('',(25.684172588139,97.951768834974));
#2526 = CARTESIAN_POINT('',(25.975553852328,97.901314690552));
#2527 = CARTESIAN_POINT('',(26.266061494969,97.84843820705));
#2528 = CARTESIAN_POINT('',(26.555546460118,97.792863030116));
#2529 = CARTESIAN_POINT('',(26.843779572728,97.734229191402));
#2530 = CARTESIAN_POINT('',(27.130448178294,97.672082968987));
#2531 = CARTESIAN_POINT('',(27.628881833858,97.555808846291));
#2532 = CARTESIAN_POINT('',(27.841441235972,97.503556130778));
#2533 = CARTESIAN_POINT('',(28.052642633548,97.448591561508));
#2534 = CARTESIAN_POINT('',(28.262215635301,97.390526800118));
#2535 = CARTESIAN_POINT('',(28.469657189398,97.32881612488));
#2536 = CARTESIAN_POINT('',(28.674273646577,97.262809903334));
#2537 = CARTESIAN_POINT('',(28.993189004343,97.148932536776));
#2538 = CARTESIAN_POINT('',(29.109956743601,97.10471959075));
#2539 = CARTESIAN_POINT('',(29.225090361134,97.058348082571));
#2540 = CARTESIAN_POINT('',(29.338219272048,97.009478828416));
#2541 = CARTESIAN_POINT('',(29.448644528089,96.957642591895));
#2542 = CARTESIAN_POINT('',(29.555338817642,96.902240084044));
#2543 = CARTESIAN_POINT('',(29.765893459613,96.778531714946));
#2544 = CARTESIAN_POINT('',(29.870108880633,96.709917778741));
#2545 = CARTESIAN_POINT('',(29.966062298503,96.63422201678));
#2546 = CARTESIAN_POINT('',(30.048843227819,96.550364635337));
#2547 = CARTESIAN_POINT('',(30.112161128053,96.458664184895));
#2548 = CARTESIAN_POINT('',(30.148345403555,96.360837560148));
#2549 = CARTESIAN_POINT('',(30.148345403555,96.26));
#2550 = ( GEOMETRIC_REPRESENTATION_CONTEXT(2) 
PARAMETRIC_REPRESENTATION_CONTEXT() REPRESENTATION_CONTEXT('2D SPACE',''
  ) );
#2551 = PCURVE('',#2552,#2557);
#2552 = CYLINDRICAL_SURFACE('',#2553,3.);
#2553 = AXIS2_PLACEMENT_3D('',#2554,#2555,#2556);
#2554 = CARTESIAN_POINT('',(40.26,-24.,208.37));
#2555 = DIRECTION('',(0.,1.,0.));
#2556 = DIRECTION('',(1.,0.,-0.));
#2557 = DEFINITIONAL_REPRESENTATION('',(#2558),#2609);
#2558 = B_SPLINE_CURVE_WITH_KNOTS('',7,(#2559,#2560,#2561,#2562,#2563,
    #2564,#2565,#2566,#2567,#2568,#2569,#2570,#2571,#2572,#2573,#2574,
    #2575,#2576,#2577,#2578,#2579,#2580,#2581,#2582,#2583,#2584,#2585,
    #2586,#2587,#2588,#2589,#2590,#2591,#2592,#2593,#2594,#2595,#2596,
    #2597,#2598,#2599,#2600,#2601,#2602,#2603,#2604,#2605,#2606,#2607,
    #2608),.UNSPECIFIED.,.F.,.F.,(8,6,6,6,6,6,6,6,8),(0.,0.352108478235,
    0.530653917342,0.710468697977,0.788403418379,0.867658014495,
    0.927192538323,0.962327336944,1.),.UNSPECIFIED.);
#2559 = CARTESIAN_POINT('',(0.,5.912990199686));
#2560 = CARTESIAN_POINT('',(5.117370805784E-02,5.923763104407));
#2561 = CARTESIAN_POINT('',(0.102653514903,5.937678257456));
#2562 = CARTESIAN_POINT('',(0.154620096411,5.954809347322));
#2563 = CARTESIAN_POINT('',(0.207260501528,5.975223523775));
#2564 = CARTESIAN_POINT('',(0.260789955098,5.998979250044));
#2565 = CARTESIAN_POINT('',(0.315463021315,6.026124077253));
#2566 = CARTESIAN_POINT('',(0.400139403609,6.072191777848));
#2567 = CARTESIAN_POINT('',(0.429018532757,6.08857173525));
#2568 = CARTESIAN_POINT('',(0.458334346414,6.105835938508));
#2569 = CARTESIAN_POINT('',(0.488142718069,6.12398759545));
#2570 = CARTESIAN_POINT('',(0.518508786527,6.143028539914));
#2571 = CARTESIAN_POINT('',(0.549512596219,6.162958906136));
#2572 = CARTESIAN_POINT('',(0.613231012093,6.204742477791));
#2573 = CARTESIAN_POINT('',(0.645954639771,6.226607337245));
#2574 = CARTESIAN_POINT('',(0.679539089987,6.24937006228));
#2575 = CARTESIAN_POINT('',(0.714115639547,6.273026177447));
#2576 = CARTESIAN_POINT('',(0.749858112998,6.297566374241));
#2577 = CARTESIAN_POINT('',(0.786987401684,6.322975567931));
#2578 = CARTESIAN_POINT('',(0.84272828978,6.360606439878));
#2579 = CARTESIAN_POINT('',(0.859912176277,6.372142867082));
#2580 = CARTESIAN_POINT('',(0.877455901156,6.383835326859));
#2581 = CARTESIAN_POINT('',(0.895394883642,6.395681023757));
#2582 = CARTESIAN_POINT('',(0.913770751859,6.407676361571));
#2583 = CARTESIAN_POINT('',(0.932634911925,6.419816704236));
#2584 = CARTESIAN_POINT('',(0.971803551907,6.444583246183));
#2585 = CARTESIAN_POINT('',(0.992125132293,6.457213014884));
#2586 = CARTESIAN_POINT('',(1.013092627239,6.469980069794));
#2587 = CARTESIAN_POINT('',(1.034793086176,6.482876163479));
#2588 = CARTESIAN_POINT('',(1.057340104555,6.495888861051));
#2589 = CARTESIAN_POINT('',(1.08087719854,6.509001052799));
#2590 = CARTESIAN_POINT('',(1.124242750602,6.532090935241));
#2591 = CARTESIAN_POINT('',(1.143528313805,6.542032355127));
#2592 = CARTESIAN_POINT('',(1.163606227505,6.552003515496));
#2593 = CARTESIAN_POINT('',(1.18460076824,6.56198970216));
#2594 = CARTESIAN_POINT('',(1.206686778028,6.571964220783));
#2595 = CARTESIAN_POINT('',(1.230072287243,6.581889917606));
#2596 = CARTESIAN_POINT('',(1.270003766213,6.597489962955));
#2597 = CARTESIAN_POINT('',(1.285423068475,6.603230442937));
#2598 = CARTESIAN_POINT('',(1.301509505201,6.608919091344));
#2599 = CARTESIAN_POINT('',(1.318373439738,6.61453608809));
#2600 = CARTESIAN_POINT('',(1.336167923823,6.620044431229));
#2601 = CARTESIAN_POINT('',(1.355088697588,6.625389936957));
#2602 = CARTESIAN_POINT('',(1.397124947596,6.635981742985));
#2603 = CARTESIAN_POINT('',(1.420343913995,6.641250617539));
#2604 = CARTESIAN_POINT('',(1.44583023843,6.646123087745));
#2605 = CARTESIAN_POINT('',(1.473936333912,6.650342423202));
#2606 = CARTESIAN_POINT('',(1.50456787679,6.653579938627));
#2607 = CARTESIAN_POINT('',(1.537183806746,6.655434993859));
#2608 = CARTESIAN_POINT('',(1.570796326795,6.655434993859));
#2609 = ( GEOMETRIC_REPRESENTATION_CONTEXT(2) 
PARAMETRIC_REPRESENTATION_CONTEXT() REPRESENTATION_CONTEXT('2D SPACE',''
  ) );
#2610 = ORIENTED_EDGE('',*,*,#2611,.F.);
#2611 = EDGE_CURVE('',#2612,#2443,#2614,.T.);
#2612 = VERTEX_POINT('',#2613);
#2613 = CARTESIAN_POINT('',(-40.26,-17.34456500614,205.37));
#2614 = SURFACE_CURVE('',#2615,(#2621,#2630),.PCURVE_S1.);
#2615 = B_SPLINE_CURVE_WITH_KNOTS('',4,(#2616,#2617,#2618,#2619,#2620),
  .UNSPECIFIED.,.F.,.F.,(5,5),(0.,1.),.PIECEWISE_BEZIER_KNOTS.);
#2616 = CARTESIAN_POINT('',(-40.26,-17.34456500614,205.37));
#2617 = CARTESIAN_POINT('',(-20.13,-17.34456500614,205.37));
#2618 = CARTESIAN_POINT('',(0.,-17.34456500614,205.37));
#2619 = CARTESIAN_POINT('',(20.13,-17.34456500614,205.37));
#2620 = CARTESIAN_POINT('',(40.26,-17.34456500614,205.37));
#2621 = PCURVE('',#99,#2622);
#2622 = DEFINITIONAL_REPRESENTATION('',(#2623),#2629);
#2623 = B_SPLINE_CURVE_WITH_KNOTS('',4,(#2624,#2625,#2626,#2627,#2628),
  .UNSPECIFIED.,.F.,.F.,(5,5),(0.,1.),.PIECEWISE_BEZIER_KNOTS.);
#2624 = CARTESIAN_POINT('',(30.148345403555,15.74));
#2625 = CARTESIAN_POINT('',(30.148345403555,35.87));
#2626 = CARTESIAN_POINT('',(30.148345403555,56.));
#2627 = CARTESIAN_POINT('',(30.148345403555,76.13));
#2628 = CARTESIAN_POINT('',(30.148345403555,96.26));
#2629 = ( GEOMETRIC_REPRESENTATION_CONTEXT(2) 
PARAMETRIC_REPRESENTATION_CONTEXT() REPRESENTATION_CONTEXT('2D SPACE',''
  ) );
#2630 = PCURVE('',#2631,#2636);
#2631 = PLANE('',#2632);
#2632 = AXIS2_PLACEMENT_3D('',#2633,#2634,#2635);
#2633 = CARTESIAN_POINT('',(-43.26,-24.,205.37));
#2634 = DIRECTION('',(0.,0.,1.));
#2635 = DIRECTION('',(1.,0.,0.));
#2636 = DEFINITIONAL_REPRESENTATION('',(#2637),#2643);
#2637 = B_SPLINE_CURVE_WITH_KNOTS('',4,(#2638,#2639,#2640,#2641,#2642),
  .UNSPECIFIED.,.F.,.F.,(5,5),(0.,1.),.PIECEWISE_BEZIER_KNOTS.);
#2638 = CARTESIAN_POINT('',(3.,6.655434993859));
#2639 = CARTESIAN_POINT('',(23.13,6.655434993859));
#2640 = CARTESIAN_POINT('',(43.26,6.655434993859));
#2641 = CARTESIAN_POINT('',(63.39,6.655434993859));
#2642 = CARTESIAN_POINT('',(83.52,6.655434993859));
#2643 = ( GEOMETRIC_REPRESENTATION_CONTEXT(2) 
PARAMETRIC_REPRESENTATION_CONTEXT() REPRESENTATION_CONTEXT('2D SPACE',''
  ) );
#2644 = ORIENTED_EDGE('',*,*,#2645,.T.);
#2645 = EDGE_CURVE('',#2612,#2646,#2648,.T.);
#2646 = VERTEX_POINT('',#2647);
#2647 = CARTESIAN_POINT('',(-43.26,-18.08700980031,208.37));
#2648 = SURFACE_CURVE('',#2649,(#2701,#2756),.PCURVE_S1.);
#2649 = B_SPLINE_CURVE_WITH_KNOTS('',8,(#2650,#2651,#2652,#2653,#2654,
    #2655,#2656,#2657,#2658,#2659,#2660,#2661,#2662,#2663,#2664,#2665,
    #2666,#2667,#2668,#2669,#2670,#2671,#2672,#2673,#2674,#2675,#2676,
    #2677,#2678,#2679,#2680,#2681,#2682,#2683,#2684,#2685,#2686,#2687,
    #2688,#2689,#2690,#2691,#2692,#2693,#2694,#2695,#2696,#2697,#2698,
    #2699,#2700),.UNSPECIFIED.,.F.,.F.,(9,7,7,7,7,7,7,9),(0.,
    3.382734724012E-02,6.51946252319E-02,9.817252113915E-02,
    0.209300092711,0.360317728088,0.513969024066,1.),.UNSPECIFIED.);
#2650 = CARTESIAN_POINT('',(-40.26,-17.34456500614,205.37));
#2651 = CARTESIAN_POINT('',(-40.33862426756,-17.34456500614,205.37));
#2652 = CARTESIAN_POINT('',(-40.41637677294,-17.34560298146,
    205.37235496606));
#2653 = CARTESIAN_POINT('',(-40.49072847226,-17.34763898464,
    205.3769736559));
#2654 = CARTESIAN_POINT('',(-40.56058214774,-17.35044480164,
    205.38335058872));
#2655 = CARTESIAN_POINT('',(-40.62561490301,-17.35378786139,
    205.39097232119));
#2656 = CARTESIAN_POINT('',(-40.68596724877,-17.3574912402,
    205.39944603382));
#2657 = CARTESIAN_POINT('',(-40.74214308949,-17.36143865029,
    205.40851016991));
#2658 = CARTESIAN_POINT('',(-40.84398387107,-17.36944580868,
    205.42696710959));
#2659 = CARTESIAN_POINT('',(-40.89012956653,-17.37347216497,
    205.43627840714));
#2660 = CARTESIAN_POINT('',(-40.93379632015,-17.37763088729,
    205.44592935272));
#2661 = CARTESIAN_POINT('',(-40.97530904622,-17.38188827291,
    205.45584577319));
#2662 = CARTESIAN_POINT('',(-41.01494326181,-17.38621839943,
    205.46597073121));
#2663 = CARTESIAN_POINT('',(-41.05292508678,-17.39060312478,
    205.47626452522));
#2664 = CARTESIAN_POINT('',(-41.08943124373,-17.39503208723,
    205.48670468945));
#2665 = CARTESIAN_POINT('',(-41.16155212325,-17.40420287667,
    205.50841061742));
#2666 = CARTESIAN_POINT('',(-41.19702778366,-17.40894278362,
    205.51967698989));
#2667 = CARTESIAN_POINT('',(-41.2311702457,-17.41371281902,
    205.53106416263));
#2668 = CARTESIAN_POINT('',(-41.26411454328,-17.41850485456,
    205.54255443071));
#2669 = CARTESIAN_POINT('',(-41.29597653772,-17.42331224092,
    205.55413333301));
#2670 = CARTESIAN_POINT('',(-41.32685291786,-17.42812980768,
    205.56578965218));
#2671 = CARTESIAN_POINT('',(-41.35682119998,-17.43295386338,
    205.57751541467));
#2672 = CARTESIAN_POINT('',(-41.48406215792,-17.45405251264,
    205.62903695711));
#2673 = CARTESIAN_POINT('',(-41.572532257,-17.47035523595,205.6694648145
    ));
#2674 = CARTESIAN_POINT('',(-41.65405251279,-17.48658581661,
    205.71036716893));
#2675 = CARTESIAN_POINT('',(-41.7297441113,-17.50269105995,
    205.75162855306));
#2676 = CARTESIAN_POINT('',(-41.80060537122,-17.51863072477,
    205.7931586216));
#2677 = CARTESIAN_POINT('',(-41.86724026944,-17.53438382316,
    205.83490927977));
#2678 = CARTESIAN_POINT('',(-41.93019835064,-17.5499381086,
    205.87685384528));
#2679 = CARTESIAN_POINT('',(-42.07103816311,-17.58615571456,
    205.97625752979));
#2680 = CARTESIAN_POINT('',(-42.14609586833,-17.60663045418,
    206.03383085704));
#2681 = CARTESIAN_POINT('',(-42.21608455267,-17.62668872468,
    206.09165135788));
#2682 = CARTESIAN_POINT('',(-42.28164188696,-17.64631269962,
    206.1496745746));
#2683 = CARTESIAN_POINT('',(-42.34324664963,-17.66548978946,
    206.20786583233));
#2684 = CARTESIAN_POINT('',(-42.4012843978,-17.68421123243,
    206.26619819336));
#2685 = CARTESIAN_POINT('',(-42.45605590694,-17.70247159117,
    206.32465227652));
#2686 = CARTESIAN_POINT('',(-42.56048226257,-17.73837417172,
    206.44279862398));
#2687 = CARTESIAN_POINT('',(-42.61002638424,-17.75599847954,
    206.50248949755));
#2688 = CARTESIAN_POINT('',(-42.65671396672,-17.77313608828,
    206.56226887848));
#2689 = CARTESIAN_POINT('',(-42.70075234582,-17.78978381111,
    206.62212032166));
#2690 = CARTESIAN_POINT('',(-42.74231010443,-17.80593954652,
    206.68202911794));
#2691 = CARTESIAN_POINT('',(-42.78152943596,-17.82160207035,
    206.74198204571));
#2692 = CARTESIAN_POINT('',(-42.81853309454,-17.83677088733,
    206.80196723726));
#2693 = CARTESIAN_POINT('',(-42.96379922768,-17.89786702301,
    207.05178852461));
#2694 = CARTESIAN_POINT('',(-43.05304389118,-17.93934505823,
    207.24180269868));
#2695 = CARTESIAN_POINT('',(-43.12450004308,-17.97588764744,
    207.43168852522));
#2696 = CARTESIAN_POINT('',(-43.17984846531,-18.00754091049,
    207.62115530939));
#2697 = CARTESIAN_POINT('',(-43.22037800682,-18.0343777494,
    207.80993946037));
#2698 = CARTESIAN_POINT('',(-43.24689838505,-18.05649296116,
    207.99780765347));
#2699 = CARTESIAN_POINT('',(-43.26,-18.07399665281,208.18455391241));
#2700 = CARTESIAN_POINT('',(-43.26,-18.08700980031,208.37));
#2701 = PCURVE('',#99,#2702);
#2702 = DEFINITIONAL_REPRESENTATION('',(#2703),#2755);
#2703 = B_SPLINE_CURVE_WITH_KNOTS('',8,(#2704,#2705,#2706,#2707,#2708,
    #2709,#2710,#2711,#2712,#2713,#2714,#2715,#2716,#2717,#2718,#2719,
    #2720,#2721,#2722,#2723,#2724,#2725,#2726,#2727,#2728,#2729,#2730,
    #2731,#2732,#2733,#2734,#2735,#2736,#2737,#2738,#2739,#2740,#2741,
    #2742,#2743,#2744,#2745,#2746,#2747,#2748,#2749,#2750,#2751,#2752,
    #2753,#2754),.UNSPECIFIED.,.F.,.F.,(9,7,7,7,7,7,7,9),(0.,
    3.382734724012E-02,6.51946252319E-02,9.817252113915E-02,
    0.209300092711,0.360317728088,0.513969024066,1.),.UNSPECIFIED.);
#2704 = CARTESIAN_POINT('',(30.148345403555,15.74));
#2705 = CARTESIAN_POINT('',(30.148345403555,15.66137573244));
#2706 = CARTESIAN_POINT('',(30.128062424257,15.583623227056));
#2707 = CARTESIAN_POINT('',(30.088281816795,15.509271527733));
#2708 = CARTESIAN_POINT('',(30.03336706253,15.439417852255));
#2709 = CARTESIAN_POINT('',(29.967751572049,15.374385096982));
#2710 = CARTESIAN_POINT('',(29.894825194448,15.314032751227));
#2711 = CARTESIAN_POINT('',(29.816842148931,15.257856910501));
#2712 = CARTESIAN_POINT('',(29.658101971623,15.156016128929));
#2713 = CARTESIAN_POINT('',(29.578042425884,15.109870433466));
#2714 = CARTESIAN_POINT('',(29.495087553422,15.06620367985));
#2715 = CARTESIAN_POINT('',(29.409877649945,15.02469095378));
#2716 = CARTESIAN_POINT('',(29.32290420701,14.985056738183));
#2717 = CARTESIAN_POINT('',(29.234509912014,14.947074913215));
#2718 = CARTESIAN_POINT('',(29.144888648202,14.910568756261));
#2719 = CARTESIAN_POINT('',(28.958619864963,14.838447876744));
#2720 = CARTESIAN_POINT('',(28.861970713281,14.802972216337));
#2721 = CARTESIAN_POINT('',(28.76431861889,14.768829754291));
#2722 = CARTESIAN_POINT('',(28.665816125964,14.73588545672));
#2723 = CARTESIAN_POINT('',(28.566587743575,14.704023462273));
#2724 = CARTESIAN_POINT('',(28.466729945698,14.673147082134));
#2725 = CARTESIAN_POINT('',(28.366311171205,14.643178800019));
#2726 = CARTESIAN_POINT('',(27.925230519016,14.515937842079));
#2727 = CARTESIAN_POINT('',(27.579504702443,14.427467743));
#2728 = CARTESIAN_POINT('',(27.230099366038,14.34594748721));
#2729 = CARTESIAN_POINT('',(26.877991102833,14.270255888699));
#2730 = CARTESIAN_POINT('',(26.523936899634,14.199394628776));
#2731 = CARTESIAN_POINT('',(26.168328903392,14.132759730557));
#2732 = CARTESIAN_POINT('',(25.811375870954,14.069801649356));
#2733 = CARTESIAN_POINT('',(24.966114432638,13.928961836881));
#2734 = CARTESIAN_POINT('',(24.477076160288,13.853904131669));
#2735 = CARTESIAN_POINT('',(23.98641339083,13.783915447327));
#2736 = CARTESIAN_POINT('',(23.494450852371,13.718358113031));
#2737 = CARTESIAN_POINT('',(23.001427985738,13.656753350368));
#2738 = CARTESIAN_POINT('',(22.507517508438,13.598715602197));
#2739 = CARTESIAN_POINT('',(22.012827504355,13.543944093054));
#2740 = CARTESIAN_POINT('',(21.013361269375,13.439517737421));
#2741 = CARTESIAN_POINT('',(20.508603631483,13.389973615752));
#2742 = CARTESIAN_POINT('',(20.003239073525,13.343286033272));
#2743 = CARTESIAN_POINT('',(19.497347278573,13.29924765418));
#2744 = CARTESIAN_POINT('',(18.990993271604,13.257689895566));
#2745 = CARTESIAN_POINT('',(18.484229761541,13.218470564035));
#2746 = CARTESIAN_POINT('',(17.977098427134,13.181466905459));
#2747 = CARTESIAN_POINT('',(15.864402530232,13.036200772319));
#2748 = CARTESIAN_POINT('',(14.255952564736,12.946956108818));
#2749 = CARTESIAN_POINT('',(12.645214087658,12.875499956912));
#2750 = CARTESIAN_POINT('',(11.032855312227,12.820151534682));
#2751 = CARTESIAN_POINT('',(9.41939874306,12.779621993171));
#2752 = CARTESIAN_POINT('',(7.80521028672,12.753101614948));
#2753 = CARTESIAN_POINT('',(6.190530151822,12.74));
#2754 = CARTESIAN_POINT('',(4.575466587817,12.74));
#2755 = ( GEOMETRIC_REPRESENTATION_CONTEXT(2) 
PARAMETRIC_REPRESENTATION_CONTEXT() REPRESENTATION_CONTEXT('2D SPACE',''
  ) );
#2756 = PCURVE('',#2757,#2762);
#2757 = CYLINDRICAL_SURFACE('',#2758,3.);
#2758 = AXIS2_PLACEMENT_3D('',#2759,#2760,#2761);
#2759 = CARTESIAN_POINT('',(-40.26,-24.,208.37));
#2760 = DIRECTION('',(0.,1.,0.));
#2761 = DIRECTION('',(-1.,0.,0.));
#2762 = DEFINITIONAL_REPRESENTATION('',(#2763),#2815);
#2763 = B_SPLINE_CURVE_WITH_KNOTS('',8,(#2764,#2765,#2766,#2767,#2768,
    #2769,#2770,#2771,#2772,#2773,#2774,#2775,#2776,#2777,#2778,#2779,
    #2780,#2781,#2782,#2783,#2784,#2785,#2786,#2787,#2788,#2789,#2790,
    #2791,#2792,#2793,#2794,#2795,#2796,#2797,#2798,#2799,#2800,#2801,
    #2802,#2803,#2804,#2805,#2806,#2807,#2808,#2809,#2810,#2811,#2812,
    #2813,#2814),.UNSPECIFIED.,.F.,.F.,(9,7,7,7,7,7,7,9),(0.,
    3.382734724012E-02,6.51946252319E-02,9.817252113915E-02,
    0.209300092711,0.360317728088,0.513969024066,1.),.UNSPECIFIED.);
#2764 = CARTESIAN_POINT('',(-1.570796326795,6.655434993859));
#2765 = CARTESIAN_POINT('',(-1.544588237608,6.655434993859));
#2766 = CARTESIAN_POINT('',(-1.518670786939,6.654397018536));
#2767 = CARTESIAN_POINT('',(-1.493859206888,6.652361015359));
#2768 = CARTESIAN_POINT('',(-1.470495403204,6.649555198359));
#2769 = CARTESIAN_POINT('',(-1.448680997953,6.646212138609));
#2770 = CARTESIAN_POINT('',(-1.428373972769,6.642508759791));
#2771 = CARTESIAN_POINT('',(-1.409409939189,6.638561349701));
#2772 = CARTESIAN_POINT('',(-1.374910014207,6.63055419132));
#2773 = CARTESIAN_POINT('',(-1.359220423738,6.626527835028));
#2774 = CARTESIAN_POINT('',(-1.344317682468,6.622369112706));
#2775 = CARTESIAN_POINT('',(-1.330095441401,6.618111727085));
#2776 = CARTESIAN_POINT('',(-1.316463611242,6.613781600566));
#2777 = CARTESIAN_POINT('',(-1.303348362397,6.609396875215));
#2778 = CARTESIAN_POINT('',(-1.290692124975,6.604967912768));
#2779 = CARTESIAN_POINT('',(-1.265586639582,6.59579712333));
#2780 = CARTESIAN_POINT('',(-1.253180635475,6.591057216372));
#2781 = CARTESIAN_POINT('',(-1.241185566131,6.586287180979));
#2782 = CARTESIAN_POINT('',(-1.229557674774,6.581495145434));
#2783 = CARTESIAN_POINT('',(-1.218259458186,6.57668775908));
#2784 = CARTESIAN_POINT('',(-1.207259666705,6.571870192319));
#2785 = CARTESIAN_POINT('',(-1.196533304226,6.567046136612));
#2786 = CARTESIAN_POINT('',(-1.150774600485,6.545947487354));
#2787 = CARTESIAN_POINT('',(-1.1183825977,6.52964476405));
#2788 = CARTESIAN_POINT('',(-1.088011894679,6.513414183382));
#2789 = CARTESIAN_POINT('',(-1.059307926337,6.497308940048));
#2790 = CARTESIAN_POINT('',(-1.031953910824,6.481369275224));
#2791 = CARTESIAN_POINT('',(-1.00576033829,6.465616176831));
#2792 = CARTESIAN_POINT('',(-0.980552414526,6.450061891398));
#2793 = CARTESIAN_POINT('',(-0.923090402658,6.413844285438));
#2794 = CARTESIAN_POINT('',(-0.891583342334,6.393369545812));
#2795 = CARTESIAN_POINT('',(-0.861354156407,6.373311275313));
#2796 = CARTESIAN_POINT('',(-0.83220413691,6.353687300374));
#2797 = CARTESIAN_POINT('',(-0.803984832239,6.334510210536));
#2798 = CARTESIAN_POINT('',(-0.776576706424,6.315788767564));
#2799 = CARTESIAN_POINT('',(-0.749886378392,6.29752840883));
#2800 = CARTESIAN_POINT('',(-0.697325912504,6.26162582828));
#2801 = CARTESIAN_POINT('',(-0.67148059059,6.244001520457));
#2802 = CARTESIAN_POINT('',(-0.646215444409,6.226863911719));
#2803 = CARTESIAN_POINT('',(-0.621466216399,6.210216188886));
#2804 = CARTESIAN_POINT('',(-0.597180608033,6.194060453472));
#2805 = CARTESIAN_POINT('',(-0.573314313016,6.178397929647));
#2806 = CARTESIAN_POINT('',(-0.549828777532,6.163229112663));
#2807 = CARTESIAN_POINT('',(-0.453500101145,6.102132976983));
#2808 = CARTESIAN_POINT('',(-0.383792079524,6.060654941768));
#2809 = CARTESIAN_POINT('',(-0.316505261787,6.024112352559));
#2810 = CARTESIAN_POINT('',(-0.251077900339,5.992459089503));
#2811 = CARTESIAN_POINT('',(-0.187045911656,5.965622250599));
#2812 = CARTESIAN_POINT('',(-0.124064301511,5.943507038835));
#2813 = CARTESIAN_POINT('',(-6.181536252899E-02,5.926003347181));
#2814 = CARTESIAN_POINT('',(0.,5.912990199686));
#2815 = ( GEOMETRIC_REPRESENTATION_CONTEXT(2) 
PARAMETRIC_REPRESENTATION_CONTEXT() REPRESENTATION_CONTEXT('2D SPACE',''
  ) );
#2816 = ORIENTED_EDGE('',*,*,#2817,.T.);
#2817 = EDGE_CURVE('',#2646,#83,#2818,.T.);
#2818 = SURFACE_CURVE('',#2819,(#2825,#2834),.PCURVE_S1.);
#2819 = B_SPLINE_CURVE_WITH_KNOTS('',4,(#2820,#2821,#2822,#2823,#2824),
  .UNSPECIFIED.,.F.,.F.,(5,5),(0.,1.),.PIECEWISE_BEZIER_KNOTS.);
#2820 = CARTESIAN_POINT('',(-43.26,-18.08700980031,208.37));
#2821 = CARTESIAN_POINT('',(-43.26,-18.09622500601,208.50132286743));
#2822 = CARTESIAN_POINT('',(-43.26,-18.1028120615,208.63187195257));
#2823 = CARTESIAN_POINT('',(-43.26,-18.10684810584,208.76154467901));
#2824 = CARTESIAN_POINT('',(-43.26,-18.10841770808,208.89025206304));
#2825 = PCURVE('',#99,#2826);
#2826 = DEFINITIONAL_REPRESENTATION('',(#2827),#2833);
#2827 = B_SPLINE_CURVE_WITH_KNOTS('',4,(#2828,#2829,#2830,#2831,#2832),
  .UNSPECIFIED.,.F.,.F.,(5,5),(0.,1.),.PIECEWISE_BEZIER_KNOTS.);
#2828 = CARTESIAN_POINT('',(4.575466587817,12.74));
#2829 = CARTESIAN_POINT('',(3.431766113608,12.74));
#2830 = CARTESIAN_POINT('',(2.287955614294,12.74));
#2831 = CARTESIAN_POINT('',(1.144033799794,12.74));
#2832 = CARTESIAN_POINT('',(0.,12.74));
#2833 = ( GEOMETRIC_REPRESENTATION_CONTEXT(2) 
PARAMETRIC_REPRESENTATION_CONTEXT() REPRESENTATION_CONTEXT('2D SPACE',''
  ) );
#2834 = PCURVE('',#154,#2835);
#2835 = DEFINITIONAL_REPRESENTATION('',(#2836),#2842);
#2836 = B_SPLINE_CURVE_WITH_KNOTS('',4,(#2837,#2838,#2839,#2840,#2841),
  .UNSPECIFIED.,.F.,.F.,(5,5),(0.,1.),.PIECEWISE_BEZIER_KNOTS.);
#2837 = CARTESIAN_POINT('',(3.,-5.912990199686));
#2838 = CARTESIAN_POINT('',(3.131322867434,-5.903774993987));
#2839 = CARTESIAN_POINT('',(3.261871952575,-5.897187938494));
#2840 = CARTESIAN_POINT('',(3.391544679017,-5.893151894158));
#2841 = CARTESIAN_POINT('',(3.520252063047,-5.891582291914));
#2842 = ( GEOMETRIC_REPRESENTATION_CONTEXT(2) 
PARAMETRIC_REPRESENTATION_CONTEXT() REPRESENTATION_CONTEXT('2D SPACE',''
  ) );
#2843 = ADVANCED_FACE('',(#2844),#421,.F.);
#2844 = FACE_BOUND('',#2845,.F.);
#2845 = EDGE_LOOP('',(#2846,#2847,#2870,#2908,#2929));
#2846 = ORIENTED_EDGE('',*,*,#2413,.F.);
#2847 = ORIENTED_EDGE('',*,*,#2848,.T.);
#2848 = EDGE_CURVE('',#2414,#2849,#2851,.T.);
#2849 = VERTEX_POINT('',#2850);
#2850 = CARTESIAN_POINT('',(43.26,-15.67733160621,208.37));
#2851 = SURFACE_CURVE('',#2852,(#2856,#2863),.PCURVE_S1.);
#2852 = LINE('',#2853,#2854);
#2853 = CARTESIAN_POINT('',(43.26,-24.,208.37));
#2854 = VECTOR('',#2855,1.);
#2855 = DIRECTION('',(0.,1.,0.));
#2856 = PCURVE('',#421,#2857);
#2857 = DEFINITIONAL_REPRESENTATION('',(#2858),#2862);
#2858 = LINE('',#2859,#2860);
#2859 = CARTESIAN_POINT('',(3.,0.));
#2860 = VECTOR('',#2861,1.);
#2861 = DIRECTION('',(0.,-1.));
#2862 = ( GEOMETRIC_REPRESENTATION_CONTEXT(2) 
PARAMETRIC_REPRESENTATION_CONTEXT() REPRESENTATION_CONTEXT('2D SPACE',''
  ) );
#2863 = PCURVE('',#2552,#2864);
#2864 = DEFINITIONAL_REPRESENTATION('',(#2865),#2869);
#2865 = LINE('',#2866,#2867);
#2866 = CARTESIAN_POINT('',(0.,0.));
#2867 = VECTOR('',#2868,1.);
#2868 = DIRECTION('',(0.,1.));
#2869 = ( GEOMETRIC_REPRESENTATION_CONTEXT(2) 
PARAMETRIC_REPRESENTATION_CONTEXT() REPRESENTATION_CONTEXT('2D SPACE',''
  ) );
#2870 = ORIENTED_EDGE('',*,*,#2871,.T.);
#2871 = EDGE_CURVE('',#2849,#2872,#2874,.T.);
#2872 = VERTEX_POINT('',#2873);
#2873 = CARTESIAN_POINT('',(43.26,-16.34132124352,259.63));
#2874 = SURFACE_CURVE('',#2875,(#2884,#2896),.PCURVE_S1.);
#2875 = B_SPLINE_CURVE_WITH_KNOTS('',4,(#2876,#2877,#2878,#2879,#2880,
    #2881,#2882,#2883),.UNSPECIFIED.,.F.,.F.,(5,3,5),(0.,0.498958233564,
    1.),.UNSPECIFIED.);
#2876 = CARTESIAN_POINT('',(43.26,-15.67733160621,208.37));
#2877 = CARTESIAN_POINT('',(43.26,-15.76015646731,214.76407927694));
#2878 = CARTESIAN_POINT('',(43.26,-15.84298164466,221.15818296835));
#2879 = CARTESIAN_POINT('',(43.26,-15.92580712855,227.55231032407));
#2880 = CARTESIAN_POINT('',(43.26,-16.09180455235,240.36731144201));
#2881 = CARTESIAN_POINT('',(43.26,-16.17497649477,246.78818539645));
#2882 = CARTESIAN_POINT('',(43.26,-16.258148728,253.20908180164));
#2883 = CARTESIAN_POINT('',(43.26,-16.34132124352,259.63));
#2884 = PCURVE('',#421,#2885);
#2885 = DEFINITIONAL_REPRESENTATION('',(#2886),#2895);
#2886 = B_SPLINE_CURVE_WITH_KNOTS('',4,(#2887,#2888,#2889,#2890,#2891,
    #2892,#2893,#2894),.UNSPECIFIED.,.F.,.F.,(5,3,5),(0.,0.498958233564,
    1.),.UNSPECIFIED.);
#2887 = CARTESIAN_POINT('',(3.,-8.322668393782));
#2888 = CARTESIAN_POINT('',(9.394079276946,-8.239843532682));
#2889 = CARTESIAN_POINT('',(15.788182968356,-8.157018355332));
#2890 = CARTESIAN_POINT('',(22.182310324077,-8.07419287145));
#2891 = CARTESIAN_POINT('',(34.997311442018,-7.908195447642));
#2892 = CARTESIAN_POINT('',(41.41818539645,-7.825023505227));
#2893 = CARTESIAN_POINT('',(47.839081801644,-7.741851271999));
#2894 = CARTESIAN_POINT('',(54.26,-7.658678756477));
#2895 = ( GEOMETRIC_REPRESENTATION_CONTEXT(2) 
PARAMETRIC_REPRESENTATION_CONTEXT() REPRESENTATION_CONTEXT('2D SPACE',''
  ) );
#2896 = PCURVE('',#1651,#2897);
#2897 = DEFINITIONAL_REPRESENTATION('',(#2898),#2907);
#2898 = B_SPLINE_CURVE_WITH_KNOTS('',4,(#2899,#2900,#2901,#2902,#2903,
    #2904,#2905,#2906),.UNSPECIFIED.,.F.,.F.,(5,3,5),(0.,0.498958233564,
    1.),.UNSPECIFIED.);
#2899 = CARTESIAN_POINT('',(100.34506687834,7.733160624021E-02));
#2900 = CARTESIAN_POINT('',(100.2071810196,0.160156467341));
#2901 = CARTESIAN_POINT('',(100.07042770043,0.24298164464));
#2902 = CARTESIAN_POINT('',(99.934786061825,0.32580712855));
#2903 = CARTESIAN_POINT('',(99.665124393881,0.491804552358));
#2904 = CARTESIAN_POINT('',(99.531113505838,0.574976494773));
#2905 = CARTESIAN_POINT('',(99.398183342847,0.658148728001));
#2906 = CARTESIAN_POINT('',(99.26631467891,0.741321243523));
#2907 = ( GEOMETRIC_REPRESENTATION_CONTEXT(2) 
PARAMETRIC_REPRESENTATION_CONTEXT() REPRESENTATION_CONTEXT('2D SPACE',''
  ) );
#2908 = ORIENTED_EDGE('',*,*,#2909,.F.);
#2909 = EDGE_CURVE('',#328,#2872,#2910,.T.);
#2910 = SURFACE_CURVE('',#2911,(#2915,#2922),.PCURVE_S1.);
#2911 = LINE('',#2912,#2913);
#2912 = CARTESIAN_POINT('',(43.26,-24.,259.63));
#2913 = VECTOR('',#2914,1.);
#2914 = DIRECTION('',(0.,1.,0.));
#2915 = PCURVE('',#421,#2916);
#2916 = DEFINITIONAL_REPRESENTATION('',(#2917),#2921);
#2917 = LINE('',#2918,#2919);
#2918 = CARTESIAN_POINT('',(54.26,0.));
#2919 = VECTOR('',#2920,1.);
#2920 = DIRECTION('',(0.,-1.));
#2921 = ( GEOMETRIC_REPRESENTATION_CONTEXT(2) 
PARAMETRIC_REPRESENTATION_CONTEXT() REPRESENTATION_CONTEXT('2D SPACE',''
  ) );
#2922 = PCURVE('',#311,#2923);
#2923 = DEFINITIONAL_REPRESENTATION('',(#2924),#2928);
#2924 = LINE('',#2925,#2926);
#2925 = CARTESIAN_POINT('',(-0.,0.));
#2926 = VECTOR('',#2927,1.);
#2927 = DIRECTION('',(-0.,1.));
#2928 = ( GEOMETRIC_REPRESENTATION_CONTEXT(2) 
PARAMETRIC_REPRESENTATION_CONTEXT() REPRESENTATION_CONTEXT('2D SPACE',''
  ) );
#2929 = ORIENTED_EDGE('',*,*,#389,.F.);
#2930 = ADVANCED_FACE('',(#2931),#311,.F.);
#2931 = FACE_BOUND('',#2932,.T.);
#2932 = EDGE_LOOP('',(#2933,#2934,#2957,#3038,#3039));
#2933 = ORIENTED_EDGE('',*,*,#287,.F.);
#2934 = ORIENTED_EDGE('',*,*,#2935,.T.);
#2935 = EDGE_CURVE('',#263,#2936,#2938,.T.);
#2936 = VERTEX_POINT('',#2937);
#2937 = CARTESIAN_POINT('',(40.26,-16.38018134715,262.63));
#2938 = SURFACE_CURVE('',#2939,(#2943,#2950),.PCURVE_S1.);
#2939 = LINE('',#2940,#2941);
#2940 = CARTESIAN_POINT('',(40.26,-24.,262.63));
#2941 = VECTOR('',#2942,1.);
#2942 = DIRECTION('',(0.,1.,0.));
#2943 = PCURVE('',#311,#2944);
#2944 = DEFINITIONAL_REPRESENTATION('',(#2945),#2949);
#2945 = LINE('',#2946,#2947);
#2946 = CARTESIAN_POINT('',(-1.570796326795,0.));
#2947 = VECTOR('',#2948,1.);
#2948 = DIRECTION('',(-0.,1.));
#2949 = ( GEOMETRIC_REPRESENTATION_CONTEXT(2) 
PARAMETRIC_REPRESENTATION_CONTEXT() REPRESENTATION_CONTEXT('2D SPACE',''
  ) );
#2950 = PCURVE('',#276,#2951);
#2951 = DEFINITIONAL_REPRESENTATION('',(#2952),#2956);
#2952 = LINE('',#2953,#2954);
#2953 = CARTESIAN_POINT('',(83.52,0.));
#2954 = VECTOR('',#2955,1.);
#2955 = DIRECTION('',(0.,1.));
#2956 = ( GEOMETRIC_REPRESENTATION_CONTEXT(2) 
PARAMETRIC_REPRESENTATION_CONTEXT() REPRESENTATION_CONTEXT('2D SPACE',''
  ) );
#2957 = ORIENTED_EDGE('',*,*,#2958,.T.);
#2958 = EDGE_CURVE('',#2936,#2872,#2959,.T.);
#2959 = SURFACE_CURVE('',#2960,(#2984,#3011),.PCURVE_S1.);
#2960 = B_SPLINE_CURVE_WITH_KNOTS('',8,(#2961,#2962,#2963,#2964,#2965,
    #2966,#2967,#2968,#2969,#2970,#2971,#2972,#2973,#2974,#2975,#2976,
    #2977,#2978,#2979,#2980,#2981,#2982,#2983),.UNSPECIFIED.,.F.,.F.,(9,
    7,7,9),(0.,0.521069273677,0.81570554925,1.),.UNSPECIFIED.);
#2961 = CARTESIAN_POINT('',(40.26,-16.38018134715,262.63));
#2962 = CARTESIAN_POINT('',(40.527277885183,-16.38018134715,262.63));
#2963 = CARTESIAN_POINT('',(40.793859196202,-16.37982882372,
    262.60278519146));
#2964 = CARTESIAN_POINT('',(41.058683208227,-16.37912704362,
    262.54860776812));
#2965 = CARTESIAN_POINT('',(41.320142232653,-16.37806896717,
    262.46692426613));
#2966 = CARTESIAN_POINT('',(41.576167590282,-16.37664497906,
    262.35699238413));
#2967 = CARTESIAN_POINT('',(41.824132357692,-16.37484074683,
    262.21770565589));
#2968 = CARTESIAN_POINT('',(42.060957679669,-16.37264240313,
    262.04799352204));
#2969 = CARTESIAN_POINT('',(42.408064509085,-16.36853762144,
    261.73110437563));
#2970 = CARTESIAN_POINT('',(42.528413376434,-16.36692183547,
    261.60636569865));
#2971 = CARTESIAN_POINT('',(42.6429920526,-16.36516896114,
    261.47104380055));
#2972 = CARTESIAN_POINT('',(42.750765968609,-16.36327630383,
    261.32493065574));
#2973 = CARTESIAN_POINT('',(42.850472140821,-16.36124352911,
    261.16800044756));
#2974 = CARTESIAN_POINT('',(42.940660703846,-16.35907345268,
    261.00047054731));
#2975 = CARTESIAN_POINT('',(43.019759523371,-16.35677310789,
    260.82288392957));
#2976 = CARTESIAN_POINT('',(43.127769740045,-16.35284356186,
    260.51952297631));
#2977 = CARTESIAN_POINT('',(43.164375401483,-16.35128591784,
    260.39927285738));
#2978 = CARTESIAN_POINT('',(43.195603084785,-16.34968749575,
    260.27587467245));
#2979 = CARTESIAN_POINT('',(43.221071110427,-16.34805401682,
    260.149770099));
#2980 = CARTESIAN_POINT('',(43.240448829489,-16.34639221813,
    260.02147924023));
#2981 = CARTESIAN_POINT('',(43.253477470348,-16.34470992839,
    259.89160647215));
#2982 = CARTESIAN_POINT('',(43.26,-16.34301616372,259.76084783942));
#2983 = CARTESIAN_POINT('',(43.26,-16.34132124352,259.63));
#2984 = PCURVE('',#311,#2985);
#2985 = DEFINITIONAL_REPRESENTATION('',(#2986),#3010);
#2986 = B_SPLINE_CURVE_WITH_KNOTS('',8,(#2987,#2988,#2989,#2990,#2991,
    #2992,#2993,#2994,#2995,#2996,#2997,#2998,#2999,#3000,#3001,#3002,
    #3003,#3004,#3005,#3006,#3007,#3008,#3009),.UNSPECIFIED.,.F.,.F.,(9,
    7,7,9),(0.,0.521069273677,0.81570554925,1.),.UNSPECIFIED.);
#2987 = CARTESIAN_POINT('',(-1.570796326795,7.61981865285));
#2988 = CARTESIAN_POINT('',(-1.481703698401,7.61981865285));
#2989 = CARTESIAN_POINT('',(-1.39284289272,7.620171176276));
#2990 = CARTESIAN_POINT('',(-1.303492807393,7.620872956372));
#2991 = CARTESIAN_POINT('',(-1.213124167156,7.621931032822));
#2992 = CARTESIAN_POINT('',(-1.121267812382,7.623355020931));
#2993 = CARTESIAN_POINT('',(-1.027396246962,7.625159253162));
#2994 = CARTESIAN_POINT('',(-0.930954053866,7.627357596865));
#2995 = CARTESIAN_POINT('',(-0.774286719777,7.631462378554));
#2996 = CARTESIAN_POINT('',(-0.71662571351,7.633078164525));
#2997 = CARTESIAN_POINT('',(-0.657730947729,7.634831038853));
#2998 = CARTESIAN_POINT('',(-0.597489011398,7.636723696169));
#2999 = CARTESIAN_POINT('',(-0.535825295635,7.638756470886));
#3000 = CARTESIAN_POINT('',(-0.472694352847,7.640926547315));
#3001 = CARTESIAN_POINT('',(-0.408084377402,7.643226892104));
#3002 = CARTESIAN_POINT('',(-0.300745829461,7.647156438131));
#3003 = CARTESIAN_POINT('',(-0.258891845035,7.648714082158));
#3004 = CARTESIAN_POINT('',(-0.216542982615,7.650312504243));
#3005 = CARTESIAN_POINT('',(-0.173761695469,7.651945983174));
#3006 = CARTESIAN_POINT('',(-0.130619609012,7.653607781862));
#3007 = CARTESIAN_POINT('',(-8.720210230593E-02,7.655290071604));
#3008 = CARTESIAN_POINT('',(-4.361594647336E-02,7.656983836277));
#3009 = CARTESIAN_POINT('',(0.,7.658678756477));
#3010 = ( GEOMETRIC_REPRESENTATION_CONTEXT(2) 
PARAMETRIC_REPRESENTATION_CONTEXT() REPRESENTATION_CONTEXT('2D SPACE',''
  ) );
#3011 = PCURVE('',#1651,#3012);
#3012 = DEFINITIONAL_REPRESENTATION('',(#3013),#3037);
#3013 = B_SPLINE_CURVE_WITH_KNOTS('',8,(#3014,#3015,#3016,#3017,#3018,
    #3019,#3020,#3021,#3022,#3023,#3024,#3025,#3026,#3027,#3028,#3029,
    #3030,#3031,#3032,#3033,#3034,#3035,#3036),.UNSPECIFIED.,.F.,.F.,(9,
    7,7,9),(0.,0.521069273677,0.81570554925,1.),.UNSPECIFIED.);
#3014 = CARTESIAN_POINT('',(96.180878925789,0.78018134715));
#3015 = CARTESIAN_POINT('',(96.450287060368,0.78018134715));
#3016 = CARTESIAN_POINT('',(96.719511765266,0.779828823724));
#3017 = CARTESIAN_POINT('',(96.987492820588,0.779127043629));
#3018 = CARTESIAN_POINT('',(97.252633660868,0.778068967178));
#3019 = CARTESIAN_POINT('',(97.512877102806,0.776644979069));
#3020 = CARTESIAN_POINT('',(97.76560994606,0.774840746838));
#3021 = CARTESIAN_POINT('',(98.007760907107,0.772642403135));
#3022 = CARTESIAN_POINT('',(98.364110984039,0.768537621446));
#3023 = CARTESIAN_POINT('',(98.487978298703,0.766921835475));
#3024 = CARTESIAN_POINT('',(98.606256556378,0.765168961147));
#3025 = CARTESIAN_POINT('',(98.717907759833,0.763276303831));
#3026 = CARTESIAN_POINT('',(98.821659227473,0.761243529114));
#3027 = CARTESIAN_POINT('',(98.916043744391,0.759073452685));
#3028 = CARTESIAN_POINT('',(98.999462585209,0.756773107896));
#3029 = CARTESIAN_POINT('',(99.114635034541,0.752843561869));
#3030 = CARTESIAN_POINT('',(99.154029962556,0.751285917842));
#3031 = CARTESIAN_POINT('',(99.188068069804,0.749687495757));
#3032 = CARTESIAN_POINT('',(99.216354172614,0.748054016826));
#3033 = CARTESIAN_POINT('',(99.23854267991,0.746392218138));
#3034 = CARTESIAN_POINT('',(99.254358556821,0.744709928396));
#3035 = CARTESIAN_POINT('',(99.263627407273,0.743016163723));
#3036 = CARTESIAN_POINT('',(99.266314675546,0.741321243523));
#3037 = ( GEOMETRIC_REPRESENTATION_CONTEXT(2) 
PARAMETRIC_REPRESENTATION_CONTEXT() REPRESENTATION_CONTEXT('2D SPACE',''
  ) );
#3038 = ORIENTED_EDGE('',*,*,#2909,.F.);
#3039 = ORIENTED_EDGE('',*,*,#327,.F.);
#3040 = ADVANCED_FACE('',(#3041),#276,.F.);
#3041 = FACE_BOUND('',#3042,.F.);
#3042 = EDGE_LOOP('',(#3043,#3066,#3067,#3068));
#3043 = ORIENTED_EDGE('',*,*,#3044,.F.);
#3044 = EDGE_CURVE('',#175,#3045,#3047,.T.);
#3045 = VERTEX_POINT('',#3046);
#3046 = CARTESIAN_POINT('',(-40.26,-16.38018134715,262.63));
#3047 = SURFACE_CURVE('',#3048,(#3052,#3059),.PCURVE_S1.);
#3048 = LINE('',#3049,#3050);
#3049 = CARTESIAN_POINT('',(-40.26,-24.,262.63));
#3050 = VECTOR('',#3051,1.);
#3051 = DIRECTION('',(0.,1.,0.));
#3052 = PCURVE('',#276,#3053);
#3053 = DEFINITIONAL_REPRESENTATION('',(#3054),#3058);
#3054 = LINE('',#3055,#3056);
#3055 = CARTESIAN_POINT('',(3.,0.));
#3056 = VECTOR('',#3057,1.);
#3057 = DIRECTION('',(0.,1.));
#3058 = ( GEOMETRIC_REPRESENTATION_CONTEXT(2) 
PARAMETRIC_REPRESENTATION_CONTEXT() REPRESENTATION_CONTEXT('2D SPACE',''
  ) );
#3059 = PCURVE('',#230,#3060);
#3060 = DEFINITIONAL_REPRESENTATION('',(#3061),#3065);
#3061 = LINE('',#3062,#3063);
#3062 = CARTESIAN_POINT('',(1.570796326795,0.));
#3063 = VECTOR('',#3064,1.);
#3064 = DIRECTION('',(0.,1.));
#3065 = ( GEOMETRIC_REPRESENTATION_CONTEXT(2) 
PARAMETRIC_REPRESENTATION_CONTEXT() REPRESENTATION_CONTEXT('2D SPACE',''
  ) );
#3066 = ORIENTED_EDGE('',*,*,#262,.F.);
#3067 = ORIENTED_EDGE('',*,*,#2935,.T.);
#3068 = ORIENTED_EDGE('',*,*,#3069,.T.);
#3069 = EDGE_CURVE('',#2936,#3045,#3070,.T.);
#3070 = SURFACE_CURVE('',#3071,(#3074,#3080),.PCURVE_S1.);
#3071 = B_SPLINE_CURVE_WITH_KNOTS('',1,(#3072,#3073),.UNSPECIFIED.,.F.,
  .F.,(2,2),(0.,1.),.PIECEWISE_BEZIER_KNOTS.);
#3072 = CARTESIAN_POINT('',(40.26,-16.38018134715,262.63));
#3073 = CARTESIAN_POINT('',(-40.26,-16.38018134715,262.63));
#3074 = PCURVE('',#276,#3075);
#3075 = DEFINITIONAL_REPRESENTATION('',(#3076),#3079);
#3076 = B_SPLINE_CURVE_WITH_KNOTS('',1,(#3077,#3078),.UNSPECIFIED.,.F.,
  .F.,(2,2),(0.,1.),.PIECEWISE_BEZIER_KNOTS.);
#3077 = CARTESIAN_POINT('',(83.52,7.61981865285));
#3078 = CARTESIAN_POINT('',(3.,7.61981865285));
#3079 = ( GEOMETRIC_REPRESENTATION_CONTEXT(2) 
PARAMETRIC_REPRESENTATION_CONTEXT() REPRESENTATION_CONTEXT('2D SPACE',''
  ) );
#3080 = PCURVE('',#1651,#3081);
#3081 = DEFINITIONAL_REPRESENTATION('',(#3082),#3085);
#3082 = B_SPLINE_CURVE_WITH_KNOTS('',1,(#3083,#3084),.UNSPECIFIED.,.F.,
  .F.,(2,2),(0.,1.),.PIECEWISE_BEZIER_KNOTS.);
#3083 = CARTESIAN_POINT('',(96.180878925789,0.78018134715));
#3084 = CARTESIAN_POINT('',(15.019121074211,0.78018134715));
#3085 = ( GEOMETRIC_REPRESENTATION_CONTEXT(2) 
PARAMETRIC_REPRESENTATION_CONTEXT() REPRESENTATION_CONTEXT('2D SPACE',''
  ) );
#3086 = ADVANCED_FACE('',(#3087),#230,.F.);
#3087 = FACE_BOUND('',#3088,.F.);
#3088 = EDGE_LOOP('',(#3089,#3090,#3091,#3165));
#3089 = ORIENTED_EDGE('',*,*,#174,.T.);
#3090 = ORIENTED_EDGE('',*,*,#3044,.T.);
#3091 = ORIENTED_EDGE('',*,*,#3092,.F.);
#3092 = EDGE_CURVE('',#3093,#3045,#3095,.T.);
#3093 = VERTEX_POINT('',#3094);
#3094 = CARTESIAN_POINT('',(-43.26,-16.34132124352,259.63));
#3095 = SURFACE_CURVE('',#3096,(#3117,#3141),.PCURVE_S1.);
#3096 = B_SPLINE_CURVE_WITH_KNOTS('',7,(#3097,#3098,#3099,#3100,#3101,
    #3102,#3103,#3104,#3105,#3106,#3107,#3108,#3109,#3110,#3111,#3112,
    #3113,#3114,#3115,#3116),.UNSPECIFIED.,.F.,.F.,(8,6,6,8),(0.,
    0.31268609698,0.630405117506,1.),.UNSPECIFIED.);
#3097 = CARTESIAN_POINT('',(-43.26,-16.34132124352,259.63));
#3098 = CARTESIAN_POINT('',(-43.26,-16.34460992544,259.88388624449));
#3099 = CARTESIAN_POINT('',(-43.23493181537,-16.34789312758,
    260.13734944989));
#3100 = CARTESIAN_POINT('',(-43.18495430194,-16.35108749866,
    260.38395489678));
#3101 = CARTESIAN_POINT('',(-43.11267705648,-16.35413731666,
    260.61940084671));
#3102 = CARTESIAN_POINT('',(-43.02123144183,-16.3570052154,
    260.84080262933));
#3103 = CARTESIAN_POINT('',(-42.91400486959,-16.35966975862,
    261.04650536554));
#3104 = CARTESIAN_POINT('',(-42.6721450365,-16.36461360191,
    261.42817006784));
#3105 = CARTESIAN_POINT('',(-42.53688821591,-16.36689034569,
    261.60393468774));
#3106 = CARTESIAN_POINT('',(-42.39085291846,-16.36895224484,
    261.76311330179));
#3107 = CARTESIAN_POINT('',(-42.23622026907,-16.37080254833,
    261.9059567315));
#3108 = CARTESIAN_POINT('',(-42.07477312959,-16.37244732443,
    262.03293344646));
#3109 = CARTESIAN_POINT('',(-41.90786154158,-16.37389420659,
    262.14463274917));
#3110 = CARTESIAN_POINT('',(-41.53679156057,-16.37661136822,
    262.35439762701));
#3111 = CARTESIAN_POINT('',(-41.33126109035,-16.37781234864,
    262.44711331543));
#3112 = CARTESIAN_POINT('',(-41.1212569408,-16.37876431437,262.52060507)
  );
#3113 = CARTESIAN_POINT('',(-40.90807358841,-16.3794736517,
    262.57536591137));
#3114 = CARTESIAN_POINT('',(-40.69284753333,-16.37994512311,
    262.61176350422));
#3115 = CARTESIAN_POINT('',(-40.47655159081,-16.38018134715,262.63));
#3116 = CARTESIAN_POINT('',(-40.26,-16.38018134715,262.63));
#3117 = PCURVE('',#230,#3118);
#3118 = DEFINITIONAL_REPRESENTATION('',(#3119),#3140);
#3119 = B_SPLINE_CURVE_WITH_KNOTS('',7,(#3120,#3121,#3122,#3123,#3124,
    #3125,#3126,#3127,#3128,#3129,#3130,#3131,#3132,#3133,#3134,#3135,
    #3136,#3137,#3138,#3139),.UNSPECIFIED.,.F.,.F.,(8,6,6,8),(0.,
    0.31268609698,0.630405117506,1.),.UNSPECIFIED.);
#3120 = CARTESIAN_POINT('',(0.,7.658678756477));
#3121 = CARTESIAN_POINT('',(8.462874816446E-02,7.655390074553));
#3122 = CARTESIAN_POINT('',(0.169116122827,7.652106872411));
#3123 = CARTESIAN_POINT('',(0.252310026062,7.648912501337));
#3124 = CARTESIAN_POINT('',(0.333740468833,7.645862683333));
#3125 = CARTESIAN_POINT('',(0.413072724405,7.642994784594));
#3126 = CARTESIAN_POINT('',(0.490122699317,7.640330241379));
#3127 = CARTESIAN_POINT('',(0.640737780398,7.635386398085));
#3128 = CARTESIAN_POINT('',(0.714359426578,7.633109654304));
#3129 = CARTESIAN_POINT('',(0.785947152107,7.631047755158));
#3130 = CARTESIAN_POINT('',(0.855707840571,7.629197451664));
#3131 = CARTESIAN_POINT('',(0.923846599151,7.627552675564));
#3132 = CARTESIAN_POINT('',(0.990603770491,7.626105793405));
#3133 = CARTESIAN_POINT('',(1.132689126206,7.623388631774));
#3134 = CARTESIAN_POINT('',(1.207538294069,7.622187651354));
#3135 = CARTESIAN_POINT('',(1.281260401151,7.621235685622));
#3136 = CARTESIAN_POINT('',(1.35415722747,7.620526348298));
#3137 = CARTESIAN_POINT('',(1.426513879027,7.620054876888));
#3138 = CARTESIAN_POINT('',(1.49861246319,7.61981865285));
#3139 = CARTESIAN_POINT('',(1.570796326795,7.61981865285));
#3140 = ( GEOMETRIC_REPRESENTATION_CONTEXT(2) 
PARAMETRIC_REPRESENTATION_CONTEXT() REPRESENTATION_CONTEXT('2D SPACE',''
  ) );
#3141 = PCURVE('',#1651,#3142);
#3142 = DEFINITIONAL_REPRESENTATION('',(#3143),#3164);
#3143 = B_SPLINE_CURVE_WITH_KNOTS('',7,(#3144,#3145,#3146,#3147,#3148,
    #3149,#3150,#3151,#3152,#3153,#3154,#3155,#3156,#3157,#3158,#3159,
    #3160,#3161,#3162,#3163),.UNSPECIFIED.,.F.,.F.,(8,6,6,8),(0.,
    0.31268609698,0.630405117506,1.),.UNSPECIFIED.);
#3144 = CARTESIAN_POINT('',(11.933685324454,0.741321243523));
#3145 = CARTESIAN_POINT('',(11.938899475891,0.744609925447));
#3146 = CARTESIAN_POINT('',(11.9694071229,0.747893127589));
#3147 = CARTESIAN_POINT('',(12.024903072234,0.751087498663));
#3148 = CARTESIAN_POINT('',(12.102652660592,0.754137316667));
#3149 = CARTESIAN_POINT('',(12.199429969693,0.757005215406));
#3150 = CARTESIAN_POINT('',(12.31178066746,0.759669758621));
#3151 = CARTESIAN_POINT('',(12.563470154824,0.764613601915));
#3152 = CARTESIAN_POINT('',(12.703433040922,0.766890345696));
#3153 = CARTESIAN_POINT('',(12.853903382672,0.768952244842));
#3154 = CARTESIAN_POINT('',(13.01268845549,0.770802548336));
#3155 = CARTESIAN_POINT('',(13.178003204136,0.772447324436));
#3156 = CARTESIAN_POINT('',(13.348502169754,0.773894206595));
#3157 = CARTESIAN_POINT('',(13.726743972261,0.776611368226));
#3158 = CARTESIAN_POINT('',(13.935757769958,0.777812348646));
#3159 = CARTESIAN_POINT('',(14.148883418173,0.778764314378));
#3160 = CARTESIAN_POINT('',(14.364833090679,0.779473651702));
#3161 = CARTESIAN_POINT('',(14.582476098937,0.779945123112));
#3162 = CARTESIAN_POINT('',(14.80084353104,0.78018134715));
#3163 = CARTESIAN_POINT('',(15.019121074211,0.78018134715));
#3164 = ( GEOMETRIC_REPRESENTATION_CONTEXT(2) 
PARAMETRIC_REPRESENTATION_CONTEXT() REPRESENTATION_CONTEXT('2D SPACE',''
  ) );
#3165 = ORIENTED_EDGE('',*,*,#3166,.F.);
#3166 = EDGE_CURVE('',#123,#3093,#3167,.T.);
#3167 = SURFACE_CURVE('',#3168,(#3172,#3179),.PCURVE_S1.);
#3168 = LINE('',#3169,#3170);
#3169 = CARTESIAN_POINT('',(-43.26,-24.,259.63));
#3170 = VECTOR('',#3171,1.);
#3171 = DIRECTION('',(0.,1.,0.));
#3172 = PCURVE('',#230,#3173);
#3173 = DEFINITIONAL_REPRESENTATION('',(#3174),#3178);
#3174 = LINE('',#3175,#3176);
#3175 = CARTESIAN_POINT('',(0.,0.));
#3176 = VECTOR('',#3177,1.);
#3177 = DIRECTION('',(0.,1.));
#3178 = ( GEOMETRIC_REPRESENTATION_CONTEXT(2) 
PARAMETRIC_REPRESENTATION_CONTEXT() REPRESENTATION_CONTEXT('2D SPACE',''
  ) );
#3179 = PCURVE('',#154,#3180);
#3180 = DEFINITIONAL_REPRESENTATION('',(#3181),#3185);
#3181 = LINE('',#3182,#3183);
#3182 = CARTESIAN_POINT('',(54.26,0.));
#3183 = VECTOR('',#3184,1.);
#3184 = DIRECTION('',(0.,-1.));
#3185 = ( GEOMETRIC_REPRESENTATION_CONTEXT(2) 
PARAMETRIC_REPRESENTATION_CONTEXT() REPRESENTATION_CONTEXT('2D SPACE',''
  ) );
#3186 = ADVANCED_FACE('',(#3187),#154,.T.);
#3187 = FACE_BOUND('',#3188,.T.);
#3188 = EDGE_LOOP('',(#3189,#3190,#3213,#3249,#3250));
#3189 = ORIENTED_EDGE('',*,*,#2817,.F.);
#3190 = ORIENTED_EDGE('',*,*,#3191,.T.);
#3191 = EDGE_CURVE('',#2646,#3192,#3194,.T.);
#3192 = VERTEX_POINT('',#3193);
#3193 = CARTESIAN_POINT('',(-43.26,-15.67733160621,208.37));
#3194 = SURFACE_CURVE('',#3195,(#3199,#3206),.PCURVE_S1.);
#3195 = LINE('',#3196,#3197);
#3196 = CARTESIAN_POINT('',(-43.26,-24.,208.37));
#3197 = VECTOR('',#3198,1.);
#3198 = DIRECTION('',(0.,1.,0.));
#3199 = PCURVE('',#154,#3200);
#3200 = DEFINITIONAL_REPRESENTATION('',(#3201),#3205);
#3201 = LINE('',#3202,#3203);
#3202 = CARTESIAN_POINT('',(3.,0.));
#3203 = VECTOR('',#3204,1.);
#3204 = DIRECTION('',(0.,-1.));
#3205 = ( GEOMETRIC_REPRESENTATION_CONTEXT(2) 
PARAMETRIC_REPRESENTATION_CONTEXT() REPRESENTATION_CONTEXT('2D SPACE',''
  ) );
#3206 = PCURVE('',#2757,#3207);
#3207 = DEFINITIONAL_REPRESENTATION('',(#3208),#3212);
#3208 = LINE('',#3209,#3210);
#3209 = CARTESIAN_POINT('',(-0.,0.));
#3210 = VECTOR('',#3211,1.);
#3211 = DIRECTION('',(-0.,1.));
#3212 = ( GEOMETRIC_REPRESENTATION_CONTEXT(2) 
PARAMETRIC_REPRESENTATION_CONTEXT() REPRESENTATION_CONTEXT('2D SPACE',''
  ) );
#3213 = ORIENTED_EDGE('',*,*,#3214,.T.);
#3214 = EDGE_CURVE('',#3192,#3093,#3215,.T.);
#3215 = SURFACE_CURVE('',#3216,(#3225,#3237),.PCURVE_S1.);
#3216 = B_SPLINE_CURVE_WITH_KNOTS('',4,(#3217,#3218,#3219,#3220,#3221,
    #3222,#3223,#3224),.UNSPECIFIED.,.F.,.F.,(5,3,5),(0.,0.498958233564,
    1.),.UNSPECIFIED.);
#3217 = CARTESIAN_POINT('',(-43.26,-15.67733160621,208.37));
#3218 = CARTESIAN_POINT('',(-43.26,-15.76015646731,214.76407927694));
#3219 = CARTESIAN_POINT('',(-43.26,-15.84298164466,221.15818296835));
#3220 = CARTESIAN_POINT('',(-43.26,-15.92580712855,227.55231032407));
#3221 = CARTESIAN_POINT('',(-43.26,-16.09180455235,240.36731144201));
#3222 = CARTESIAN_POINT('',(-43.26,-16.17497649477,246.78818539644));
#3223 = CARTESIAN_POINT('',(-43.26,-16.258148728,253.20908180164));
#3224 = CARTESIAN_POINT('',(-43.26,-16.34132124352,259.63));
#3225 = PCURVE('',#154,#3226);
#3226 = DEFINITIONAL_REPRESENTATION('',(#3227),#3236);
#3227 = B_SPLINE_CURVE_WITH_KNOTS('',4,(#3228,#3229,#3230,#3231,#3232,
    #3233,#3234,#3235),.UNSPECIFIED.,.F.,.F.,(5,3,5),(0.,0.498958233564,
    1.),.UNSPECIFIED.);
#3228 = CARTESIAN_POINT('',(3.,-8.322668393782));
#3229 = CARTESIAN_POINT('',(9.394079276945,-8.239843532682));
#3230 = CARTESIAN_POINT('',(15.788182968355,-8.157018355332));
#3231 = CARTESIAN_POINT('',(22.182310324076,-8.07419287145));
#3232 = CARTESIAN_POINT('',(34.997311442018,-7.908195447642));
#3233 = CARTESIAN_POINT('',(41.418185396449,-7.825023505227));
#3234 = CARTESIAN_POINT('',(47.839081801644,-7.741851271999));
#3235 = CARTESIAN_POINT('',(54.26,-7.658678756477));
#3236 = ( GEOMETRIC_REPRESENTATION_CONTEXT(2) 
PARAMETRIC_REPRESENTATION_CONTEXT() REPRESENTATION_CONTEXT('2D SPACE',''
  ) );
#3237 = PCURVE('',#1651,#3238);
#3238 = DEFINITIONAL_REPRESENTATION('',(#3239),#3248);
#3239 = B_SPLINE_CURVE_WITH_KNOTS('',4,(#3240,#3241,#3242,#3243,#3244,
    #3245,#3246,#3247),.UNSPECIFIED.,.F.,.F.,(5,3,5),(0.,0.498958233564,
    1.),.UNSPECIFIED.);
#3240 = CARTESIAN_POINT('',(10.854933121654,7.733160624021E-02));
#3241 = CARTESIAN_POINT('',(10.992818980393,0.160156467341));
#3242 = CARTESIAN_POINT('',(11.129572299561,0.24298164464));
#3243 = CARTESIAN_POINT('',(11.265213938175,0.32580712855));
#3244 = CARTESIAN_POINT('',(11.534875606119,0.491804552358));
#3245 = CARTESIAN_POINT('',(11.668886494162,0.574976494773));
#3246 = CARTESIAN_POINT('',(11.801816657153,0.658148728001));
#3247 = CARTESIAN_POINT('',(11.93368532109,0.741321243523));
#3248 = ( GEOMETRIC_REPRESENTATION_CONTEXT(2) 
PARAMETRIC_REPRESENTATION_CONTEXT() REPRESENTATION_CONTEXT('2D SPACE',''
  ) );
#3249 = ORIENTED_EDGE('',*,*,#3166,.F.);
#3250 = ORIENTED_EDGE('',*,*,#122,.F.);
#3251 = ADVANCED_FACE('',(#3252),#935,.T.);
#3252 = FACE_BOUND('',#3253,.T.);
#3253 = EDGE_LOOP('',(#3254,#3255,#3299));
#3254 = ORIENTED_EDGE('',*,*,#855,.F.);
#3255 = ORIENTED_EDGE('',*,*,#3256,.T.);
#3256 = EDGE_CURVE('',#856,#2290,#3257,.T.);
#3257 = SURFACE_CURVE('',#3258,(#3263,#3269),.PCURVE_S1.);
#3258 = CIRCLE('',#3259,9.);
#3259 = AXIS2_PLACEMENT_3D('',#3260,#3261,#3262);
#3260 = CARTESIAN_POINT('',(-47.21683561513,-9.109086877944,209.));
#3261 = DIRECTION('',(8.014386019734E-08,-1.,1.883803743828E-16));
#3262 = DIRECTION('',(2.438299245471E-02,1.954146950159E-09,
    -0.999702690643));
#3263 = PCURVE('',#935,#3264);
#3264 = DEFINITIONAL_REPRESENTATION('',(#3265),#3268);
#3265 = B_SPLINE_CURVE_WITH_KNOTS('',1,(#3266,#3267),.UNSPECIFIED.,.F.,
  .F.,(2,2),(4.712388980385,6.258799898007),.PIECEWISE_BEZIER_KNOTS.);
#3266 = CARTESIAN_POINT('',(1.558605436832,-1.570796326795));
#3267 = CARTESIAN_POINT('',(1.558605436832,-2.438540917272E-02));
#3268 = ( GEOMETRIC_REPRESENTATION_CONTEXT(2) 
PARAMETRIC_REPRESENTATION_CONTEXT() REPRESENTATION_CONTEXT('2D SPACE',''
  ) );
#3269 = PCURVE('',#3270,#3286);
#3270 = ( BOUNDED_SURFACE() B_SPLINE_SURFACE(2,2,(
    (#3271,#3272,#3273,#3274,#3275)
    ,(#3276,#3277,#3278,#3279,#3280)
    ,(#3281,#3282,#3283,#3284,#3285
)),.UNSPECIFIED.,.F.,.F.,.F.) B_SPLINE_SURFACE_WITH_KNOTS((3,3),(3,1,1,3
    ),(0.,36.214159830925),(-1.428999915462,-0.107079915462,
    36.107079915462,37.428999915462),.UNSPECIFIED.) 
GEOMETRIC_REPRESENTATION_ITEM() RATIONAL_B_SPLINE_SURFACE((
    (1.,1.,1.,1.,1.)
    ,(0.715675552347,0.715675552347,0.715675552347,0.715675552347
      ,0.715675552347)
,(1.,1.,1.,1.,1.))) REPRESENTATION_ITEM('') SURFACE() );
#3271 = CARTESIAN_POINT('',(-56.21415983092,19.428999915462,
    208.7805530679));
#3272 = CARTESIAN_POINT('',(-56.21415983092,18.768039915462,
    208.7805530679));
#3273 = CARTESIAN_POINT('',(-56.21415983092,3.552713678801E-15,
    208.7805530679));
#3274 = CARTESIAN_POINT('',(-56.21415983092,-18.76803991546,
    208.7805530679));
#3275 = CARTESIAN_POINT('',(-56.21415983092,-19.42899991546,
    208.7805530679));
#3276 = CARTESIAN_POINT('',(-56.,19.428999915462,200.));
#3277 = CARTESIAN_POINT('',(-56.,18.768039915462,200.));
#3278 = CARTESIAN_POINT('',(-56.,-3.723105044404E-15,200.));
#3279 = CARTESIAN_POINT('',(-56.,-18.76803991546,200.));
#3280 = CARTESIAN_POINT('',(-56.,-19.42899991546,200.));
#3281 = CARTESIAN_POINT('',(-47.21683561513,19.428999915462,200.));
#3282 = CARTESIAN_POINT('',(-47.21683561513,18.768039915462,200.));
#3283 = CARTESIAN_POINT('',(-47.21683561513,-3.552713678801E-15,200.));
#3284 = CARTESIAN_POINT('',(-47.21683561513,-18.76803991546,200.));
#3285 = CARTESIAN_POINT('',(-47.21683561513,-19.42899991546,200.));
#3286 = DEFINITIONAL_REPRESENTATION('',(#3287),#3298);
#3287 = B_SPLINE_CURVE_WITH_KNOTS('',9,(#3288,#3289,#3290,#3291,#3292,
    #3293,#3294,#3295,#3296,#3297),.UNSPECIFIED.,.F.,.F.,(10,10),(
    4.712388980385,6.258799898007),.PIECEWISE_BEZIER_KNOTS.);
#3288 = CARTESIAN_POINT('',(-1.250084775867E-14,27.109087599025));
#3289 = CARTESIAN_POINT('',(4.454573535314,27.109087510327));
#3290 = CARTESIAN_POINT('',(8.55861449382,27.109087428612));
#3291 = CARTESIAN_POINT('',(12.454504012275,27.109087351031));
#3292 = CARTESIAN_POINT('',(16.234898999344,27.10908727577));
#3293 = CARTESIAN_POINT('',(19.97926084295,27.1090872012));
#3294 = CARTESIAN_POINT('',(23.759655766057,27.109087125937));
#3295 = CARTESIAN_POINT('',(27.655545402171,27.109087048358));
#3296 = CARTESIAN_POINT('',(31.759586295611,27.109086966642));
#3297 = CARTESIAN_POINT('',(36.214159830925,27.109086877944));
#3298 = ( GEOMETRIC_REPRESENTATION_CONTEXT(2) 
PARAMETRIC_REPRESENTATION_CONTEXT() REPRESENTATION_CONTEXT('2D SPACE',''
  ) );
#3299 = ORIENTED_EDGE('',*,*,#2289,.F.);
#3300 = ADVANCED_FACE('',(#3301),#967,.T.);
#3301 = FACE_BOUND('',#3302,.T.);
#3302 = EDGE_LOOP('',(#3303,#3304,#3344,#3398));
#3303 = ORIENTED_EDGE('',*,*,#946,.T.);
#3304 = ORIENTED_EDGE('',*,*,#3305,.F.);
#3305 = EDGE_CURVE('',#3306,#947,#3308,.T.);
#3306 = VERTEX_POINT('',#3307);
#3307 = CARTESIAN_POINT('',(-57.77513544068,9.889574682823,
    272.7805530679));
#3308 = SURFACE_CURVE('',#3309,(#3315,#3321),.PCURVE_S1.);
#3309 = B_SPLINE_CURVE_WITH_KNOTS('',2,(#3310,#3311,#3312,#3313,#3314),
  .UNSPECIFIED.,.F.,.F.,(3,1,1,3),(-1.39536,1.193489751472E-14,38.,
    39.39536),.UNSPECIFIED.);
#3310 = CARTESIAN_POINT('',(-57.77513544068,20.39536,272.7805530679));
#3311 = CARTESIAN_POINT('',(-57.77513544068,19.69768,272.7805530679));
#3312 = CARTESIAN_POINT('',(-57.77513544068,-3.552713678801E-15,
    272.7805530679));
#3313 = CARTESIAN_POINT('',(-57.77513544068,-19.69768,272.7805530679));
#3314 = CARTESIAN_POINT('',(-57.77513544068,-20.39536,272.7805530679));
#3315 = PCURVE('',#967,#3316);
#3316 = DEFINITIONAL_REPRESENTATION('',(#3317),#3320);
#3317 = B_SPLINE_CURVE_WITH_KNOTS('',1,(#3318,#3319),.UNSPECIFIED.,.F.,
  .F.,(2,2),(1.193489751472E-14,38.),.PIECEWISE_BEZIER_KNOTS.);
#3318 = CARTESIAN_POINT('',(-0.11310155681,0.88756772034));
#3319 = CARTESIAN_POINT('',(38.11310155681,0.88756772034));
#3320 = ( GEOMETRIC_REPRESENTATION_CONTEXT(2) 
PARAMETRIC_REPRESENTATION_CONTEXT() REPRESENTATION_CONTEXT('2D SPACE',''
  ) );
#3321 = PCURVE('',#3322,#3338);
#3322 = ( BOUNDED_SURFACE() B_SPLINE_SURFACE(2,2,(
    (#3323,#3324,#3325,#3326,#3327)
    ,(#3328,#3329,#3330,#3331,#3332)
    ,(#3333,#3334,#3335,#3336,#3337
)),.UNSPECIFIED.,.F.,.F.,.F.) B_SPLINE_SURFACE_WITH_KNOTS((3,3),(3,1,1,3
    ),(0.,38.),(-1.39536,1.193489751472E-14,38.,39.39536),
.UNSPECIFIED.) GEOMETRIC_REPRESENTATION_ITEM() RATIONAL_B_SPLINE_SURFACE
((
    (1.,1.,1.,1.,1.)
    ,(0.698432891388,0.698432891388,0.698432891388,0.698432891388
      ,0.698432891388)
,(1.,1.,1.,1.,1.))) REPRESENTATION_ITEM('') SURFACE() );
#3323 = CARTESIAN_POINT('',(-57.77513544068,20.39536,272.7805530679));
#3324 = CARTESIAN_POINT('',(-57.77513544068,19.69768,272.7805530679));
#3325 = CARTESIAN_POINT('',(-57.77513544068,-3.552713678801E-15,
    272.7805530679));
#3326 = CARTESIAN_POINT('',(-57.77513544068,-19.69768,272.7805530679));
#3327 = CARTESIAN_POINT('',(-57.77513544068,-20.39536,272.7805530679));
#3328 = CARTESIAN_POINT('',(-58.,20.39536,282.));
#3329 = CARTESIAN_POINT('',(-58.,19.69768,282.));
#3330 = CARTESIAN_POINT('',(-58.,1.271673242557E-15,282.));
#3331 = CARTESIAN_POINT('',(-58.,-19.69768,282.));
#3332 = CARTESIAN_POINT('',(-58.,-20.39536,282.));
#3333 = CARTESIAN_POINT('',(-48.77781122489,20.39536,282.));
#3334 = CARTESIAN_POINT('',(-48.77781122489,19.69768,282.));
#3335 = CARTESIAN_POINT('',(-48.77781122489,-3.552713678801E-15,282.));
#3336 = CARTESIAN_POINT('',(-48.77781122489,-19.69768,282.));
#3337 = CARTESIAN_POINT('',(-48.77781122489,-20.39536,282.));
#3338 = DEFINITIONAL_REPRESENTATION('',(#3339),#3343);
#3339 = LINE('',#3340,#3341);
#3340 = CARTESIAN_POINT('',(0.,0.));
#3341 = VECTOR('',#3342,1.);
#3342 = DIRECTION('',(0.,1.));
#3343 = ( GEOMETRIC_REPRESENTATION_CONTEXT(2) 
PARAMETRIC_REPRESENTATION_CONTEXT() REPRESENTATION_CONTEXT('2D SPACE',''
  ) );
#3344 = ORIENTED_EDGE('',*,*,#3345,.F.);
#3345 = EDGE_CURVE('',#3346,#3306,#3348,.T.);
#3346 = VERTEX_POINT('',#3347);
#3347 = CARTESIAN_POINT('',(-56.21415983092,9.109087599025,
    208.7805530679));
#3348 = SURFACE_CURVE('',#3349,(#3358,#3366),.PCURVE_S1.);
#3349 = B_SPLINE_CURVE_WITH_KNOTS('',3,(#3350,#3351,#3352,#3353,#3354,
    #3355,#3356,#3357),.UNSPECIFIED.,.F.,.F.,(4,2,2,4),(-3.231589924731,
    -0.219430620577,81.920791292607,84.93295059676),.UNSPECIFIED.);
#3350 = CARTESIAN_POINT('',(-55.92388441475,8.963949169859,
    196.87926100486));
#3351 = CARTESIAN_POINT('',(-55.94836441475,8.976189169859,
    197.88294100486));
#3352 = CARTESIAN_POINT('',(-55.97284441475,8.988429169859,
    198.88662100486));
#3353 = CARTESIAN_POINT('',(-56.66488294316,9.334448434066,
    227.2602006699));
#3354 = CARTESIAN_POINT('',(-57.33244147158,9.668227698274,
    254.63010033495));
#3355 = CARTESIAN_POINT('',(-58.02448,10.014246962482,283.00368));
#3356 = CARTESIAN_POINT('',(-58.04896,10.026486962482,284.00736));
#3357 = CARTESIAN_POINT('',(-58.07344,10.038726962482,285.01104));
#3358 = PCURVE('',#967,#3359);
#3359 = DEFINITIONAL_REPRESENTATION('',(#3360),#3365);
#3360 = B_SPLINE_CURVE_WITH_KNOTS('',3,(#3361,#3362,#3363,#3364),
  .UNSPECIFIED.,.F.,.F.,(4,4),(8.674126246146,72.697917184108),
  .PIECEWISE_BEZIER_KNOTS.);
#3361 = CARTESIAN_POINT('',(9.44171312053,0.107079915462));
#3362 = CARTESIAN_POINT('',(9.306051355891,0.367242516636));
#3363 = CARTESIAN_POINT('',(9.176230242189,0.627405118253));
#3364 = CARTESIAN_POINT('',(9.051554739204,0.88756772034));
#3365 = ( GEOMETRIC_REPRESENTATION_CONTEXT(2) 
PARAMETRIC_REPRESENTATION_CONTEXT() REPRESENTATION_CONTEXT('2D SPACE',''
  ) );
#3366 = PCURVE('',#3367,#3392);
#3367 = ( BOUNDED_SURFACE() B_SPLINE_SURFACE(2,3,(
    (#3368,#3369,#3370,#3371,#3372,#3373,#3374,#3375)
    ,(#3376,#3377,#3378,#3379,#3380,#3381,#3382,#3383)
    ,(#3384,#3385,#3386,#3387,#3388,#3389,#3390,#3391
)),.UNSPECIFIED.,.F.,.F.,.F.) B_SPLINE_SURFACE_WITH_KNOTS((3,3),(4,2,2,4
    ),(0.,82.140221913184),(-3.231589924731,-0.219430620577,
    81.920791292607,84.93295059676),.UNSPECIFIED.) 
GEOMETRIC_REPRESENTATION_ITEM() RATIONAL_B_SPLINE_SURFACE((
    (1.,1.,1.,1.,1.,1.,1.,1.)
    ,(0.707211895919,0.707211895919,0.707211895919,0.707211895919
      ,0.707211895919,0.707211895919,0.707211895919,0.707211895919)
,(1.,1.,1.,1.,1.,1.,1.,1.))) REPRESENTATION_ITEM('') SURFACE() );
#3368 = CARTESIAN_POINT('',(-46.92656019896,17.96328,196.98896));
#3369 = CARTESIAN_POINT('',(-46.95104019896,17.97552,197.99264));
#3370 = CARTESIAN_POINT('',(-46.97552019896,17.98776,198.99632));
#3371 = CARTESIAN_POINT('',(-47.66755872738,18.333779264208,
    227.36989966504));
#3372 = CARTESIAN_POINT('',(-48.33511725579,18.667558528416,
    254.73979933009));
#3373 = CARTESIAN_POINT('',(-49.02715578421,19.013577792624,
    283.11337899513));
#3374 = CARTESIAN_POINT('',(-49.05163578421,19.025817792624,
    284.11705899513));
#3375 = CARTESIAN_POINT('',(-49.07611578421,19.038057792624,
    285.12073899513));
#3376 = CARTESIAN_POINT('',(-55.92121002241,17.960605011205,
    196.7696109188));
#3377 = CARTESIAN_POINT('',(-55.94569002241,17.972845011205,
    197.7732909188));
#3378 = CARTESIAN_POINT('',(-55.97017002241,17.985085011205,
    198.7769709188));
#3379 = CARTESIAN_POINT('',(-56.66220855082,18.331104275413,
    227.15055058385));
#3380 = CARTESIAN_POINT('',(-57.32976707924,18.664883539621,
    254.52045024889));
#3381 = CARTESIAN_POINT('',(-58.02180560765,19.010902803829,
    282.89402991394));
#3382 = CARTESIAN_POINT('',(-58.04628560765,19.023142803829,
    283.89770991394));
#3383 = CARTESIAN_POINT('',(-58.07076560765,19.035382803829,
    284.90138991394));
#3384 = CARTESIAN_POINT('',(-55.92388441475,8.963949169859,
    196.87926100486));
#3385 = CARTESIAN_POINT('',(-55.94836441475,8.976189169859,
    197.88294100486));
#3386 = CARTESIAN_POINT('',(-55.97284441475,8.988429169859,
    198.88662100486));
#3387 = CARTESIAN_POINT('',(-56.66488294316,9.334448434066,
    227.2602006699));
#3388 = CARTESIAN_POINT('',(-57.33244147158,9.668227698274,
    254.63010033495));
#3389 = CARTESIAN_POINT('',(-58.02448,10.014246962482,283.00368));
#3390 = CARTESIAN_POINT('',(-58.04896,10.026486962482,284.00736));
#3391 = CARTESIAN_POINT('',(-58.07344,10.038726962482,285.01104));
#3392 = DEFINITIONAL_REPRESENTATION('',(#3393),#3397);
#3393 = LINE('',#3394,#3395);
#3394 = CARTESIAN_POINT('',(82.140221913184,0.));
#3395 = VECTOR('',#3396,1.);
#3396 = DIRECTION('',(0.,1.));
#3397 = ( GEOMETRIC_REPRESENTATION_CONTEXT(2) 
PARAMETRIC_REPRESENTATION_CONTEXT() REPRESENTATION_CONTEXT('2D SPACE',''
  ) );
#3398 = ORIENTED_EDGE('',*,*,#3399,.T.);
#3399 = EDGE_CURVE('',#3346,#856,#3400,.T.);
#3400 = SURFACE_CURVE('',#3401,(#3407,#3413),.PCURVE_S1.);
#3401 = B_SPLINE_CURVE_WITH_KNOTS('',2,(#3402,#3403,#3404,#3405,#3406),
  .UNSPECIFIED.,.F.,.F.,(3,1,1,3),(-1.428999915462,-0.107079915462,
    36.107079915462,37.428999915462),.UNSPECIFIED.);
#3402 = CARTESIAN_POINT('',(-56.21415983092,19.428999915462,
    208.7805530679));
#3403 = CARTESIAN_POINT('',(-56.21415983092,18.768039915462,
    208.7805530679));
#3404 = CARTESIAN_POINT('',(-56.21415983092,3.552713678801E-15,
    208.7805530679));
#3405 = CARTESIAN_POINT('',(-56.21415983092,-18.76803991546,
    208.7805530679));
#3406 = CARTESIAN_POINT('',(-56.21415983092,-19.42899991546,
    208.7805530679));
#3407 = PCURVE('',#967,#3408);
#3408 = DEFINITIONAL_REPRESENTATION('',(#3409),#3412);
#3409 = B_SPLINE_CURVE_WITH_KNOTS('',1,(#3410,#3411),.UNSPECIFIED.,.F.,
  .F.,(2,2),(-0.107079915462,36.107079915462),.PIECEWISE_BEZIER_KNOTS.);
#3410 = CARTESIAN_POINT('',(0.,0.107079915462));
#3411 = CARTESIAN_POINT('',(38.,0.107079915462));
#3412 = ( GEOMETRIC_REPRESENTATION_CONTEXT(2) 
PARAMETRIC_REPRESENTATION_CONTEXT() REPRESENTATION_CONTEXT('2D SPACE',''
  ) );
#3413 = PCURVE('',#3270,#3414);
#3414 = DEFINITIONAL_REPRESENTATION('',(#3415),#3419);
#3415 = LINE('',#3416,#3417);
#3416 = CARTESIAN_POINT('',(0.,0.));
#3417 = VECTOR('',#3418,1.);
#3418 = DIRECTION('',(0.,1.));
#3419 = ( GEOMETRIC_REPRESENTATION_CONTEXT(2) 
PARAMETRIC_REPRESENTATION_CONTEXT() REPRESENTATION_CONTEXT('2D SPACE',''
  ) );
#3420 = ADVANCED_FACE('',(#3421),#1058,.T.);
#3421 = FACE_BOUND('',#3422,.F.);
#3422 = EDGE_LOOP('',(#3423,#3424,#3452));
#3423 = ORIENTED_EDGE('',*,*,#980,.F.);
#3424 = ORIENTED_EDGE('',*,*,#3425,.T.);
#3425 = EDGE_CURVE('',#947,#1075,#3426,.T.);
#3426 = SURFACE_CURVE('',#3427,(#3432,#3438),.PCURVE_S1.);
#3427 = CIRCLE('',#3428,9.);
#3428 = AXIS2_PLACEMENT_3D('',#3429,#3430,#3431);
#3429 = CARTESIAN_POINT('',(-48.77781122489,-9.889574682823,273.));
#3430 = DIRECTION('',(-8.541572947677E-08,1.,-1.00474991376E-15));
#3431 = DIRECTION('',(-2.438299245471E-02,-2.082690082894E-09,
    0.999702690643));
#3432 = PCURVE('',#1058,#3433);
#3433 = DEFINITIONAL_REPRESENTATION('',(#3434),#3437);
#3434 = B_SPLINE_CURVE_WITH_KNOTS('',1,(#3435,#3436),.UNSPECIFIED.,.F.,
  .F.,(2,2),(4.712388980385,6.307570716352),.PIECEWISE_BEZIER_KNOTS.);
#3435 = CARTESIAN_POINT('',(-1.582987216607,-1.570796326795));
#3436 = CARTESIAN_POINT('',(-1.582987216607,2.438540917272E-02));
#3437 = ( GEOMETRIC_REPRESENTATION_CONTEXT(2) 
PARAMETRIC_REPRESENTATION_CONTEXT() REPRESENTATION_CONTEXT('2D SPACE',''
  ) );
#3438 = PCURVE('',#3322,#3439);
#3439 = DEFINITIONAL_REPRESENTATION('',(#3440),#3451);
#3440 = B_SPLINE_CURVE_WITH_KNOTS('',9,(#3441,#3442,#3443,#3444,#3445,
    #3446,#3447,#3448,#3449,#3450),.UNSPECIFIED.,.F.,.F.,(10,10),(
    4.712388980385,6.307570716352),.PIECEWISE_BEZIER_KNOTS.);
#3441 = CARTESIAN_POINT('',(-2.260561254318E-14,28.889575451335));
#3442 = CARTESIAN_POINT('',(4.70549242041,28.88957535617));
#3443 = CARTESIAN_POINT('',(9.015627034862,28.889575269008));
#3444 = CARTESIAN_POINT('',(13.094231590691,28.88957518651));
#3445 = CARTESIAN_POINT('',(17.044634429755,28.889575106633));
#3446 = CARTESIAN_POINT('',(20.955365571145,28.889575027527));
#3447 = CARTESIAN_POINT('',(24.905768395806,28.889574947644));
#3448 = CARTESIAN_POINT('',(28.984372985918,28.889574865153));
#3449 = CARTESIAN_POINT('',(33.294507579589,28.889574777987));
#3450 = CARTESIAN_POINT('',(38.,28.889574682823));
#3451 = ( GEOMETRIC_REPRESENTATION_CONTEXT(2) 
PARAMETRIC_REPRESENTATION_CONTEXT() REPRESENTATION_CONTEXT('2D SPACE',''
  ) );
#3452 = ORIENTED_EDGE('',*,*,#1074,.F.);
#3453 = ADVANCED_FACE('',(#3454),#1514,.F.);
#3454 = FACE_BOUND('',#3455,.F.);
#3455 = EDGE_LOOP('',(#3456,#3457,#3480,#3645));
#3456 = ORIENTED_EDGE('',*,*,#1402,.F.);
#3457 = ORIENTED_EDGE('',*,*,#3458,.T.);
#3458 = EDGE_CURVE('',#1369,#3459,#3461,.T.);
#3459 = VERTEX_POINT('',#3460);
#3460 = CARTESIAN_POINT('',(-17.75,-15.7743948393,276.5));
#3461 = SURFACE_CURVE('',#3462,(#3466,#3473),.PCURVE_S1.);
#3462 = LINE('',#3463,#3464);
#3463 = CARTESIAN_POINT('',(-17.75,-24.,276.5));
#3464 = VECTOR('',#3465,1.);
#3465 = DIRECTION('',(0.,1.,0.));
#3466 = PCURVE('',#1514,#3467);
#3467 = DEFINITIONAL_REPRESENTATION('',(#3468),#3472);
#3468 = LINE('',#3469,#3470);
#3469 = CARTESIAN_POINT('',(1.570796326795,0.));
#3470 = VECTOR('',#3471,1.);
#3471 = DIRECTION('',(0.,1.));
#3472 = ( GEOMETRIC_REPRESENTATION_CONTEXT(2) 
PARAMETRIC_REPRESENTATION_CONTEXT() REPRESENTATION_CONTEXT('2D SPACE',''
  ) );
#3473 = PCURVE('',#1388,#3474);
#3474 = DEFINITIONAL_REPRESENTATION('',(#3475),#3479);
#3475 = LINE('',#3476,#3477);
#3476 = CARTESIAN_POINT('',(2.25,0.));
#3477 = VECTOR('',#3478,1.);
#3478 = DIRECTION('',(0.,1.));
#3479 = ( GEOMETRIC_REPRESENTATION_CONTEXT(2) 
PARAMETRIC_REPRESENTATION_CONTEXT() REPRESENTATION_CONTEXT('2D SPACE',''
  ) );
#3480 = ORIENTED_EDGE('',*,*,#3481,.T.);
#3481 = EDGE_CURVE('',#3459,#1666,#3482,.T.);
#3482 = SURFACE_CURVE('',#3483,(#3535,#3590),.PCURVE_S1.);
#3483 = B_SPLINE_CURVE_WITH_KNOTS('',8,(#3484,#3485,#3486,#3487,#3488,
    #3489,#3490,#3491,#3492,#3493,#3494,#3495,#3496,#3497,#3498,#3499,
    #3500,#3501,#3502,#3503,#3504,#3505,#3506,#3507,#3508,#3509,#3510,
    #3511,#3512,#3513,#3514,#3515,#3516,#3517,#3518,#3519,#3520,#3521,
    #3522,#3523,#3524,#3525,#3526,#3527,#3528,#3529,#3530,#3531,#3532,
    #3533,#3534),.UNSPECIFIED.,.F.,.F.,(9,7,7,7,7,7,7,9),(0.,
    2.854426367924E-02,7.441941142737E-02,0.118563903928,0.261362344893,
    0.547565452246,0.832552307495,1.),.UNSPECIFIED.);
#3484 = CARTESIAN_POINT('',(-17.75,-15.7743948393,276.5));
#3485 = CARTESIAN_POINT('',(-17.82237593745,-15.7743948393,276.5));
#3486 = CARTESIAN_POINT('',(-17.88875064724,-15.77591062052,
    276.49725694437));
#3487 = CARTESIAN_POINT('',(-17.948557508,-15.77840615637,
    276.49273235511));
#3488 = CARTESIAN_POINT('',(-18.00174900071,-15.78147061248,
    276.48716272728));
#3489 = CARTESIAN_POINT('',(-18.04879670873,-15.78481834664,
    276.481059529));
#3490 = CARTESIAN_POINT('',(-18.0906913178,-15.78828890886,
    276.47470920146));
#3491 = CARTESIAN_POINT('',(-18.12894261604,-15.7918470413,
    276.4681731589));
#3492 = CARTESIAN_POINT('',(-18.2244607531,-15.80158643806,
    276.45022190929));
#3493 = CARTESIAN_POINT('',(-18.27609092118,-15.80782090977,
    276.43866746165));
#3494 = CARTESIAN_POINT('',(-18.32326559834,-15.81416604662,
    276.42683635242));
#3495 = CARTESIAN_POINT('',(-18.36678893546,-15.82057351119,
    276.41481410639));
#3496 = CARTESIAN_POINT('',(-18.40731194449,-15.82701050502,
    276.40265961655));
#3497 = CARTESIAN_POINT('',(-18.44546748142,-15.83345551642,
    276.39041160403));
#3498 = CARTESIAN_POINT('',(-18.48154173613,-15.83990784421,
    276.37807039754));
#3499 = CARTESIAN_POINT('',(-18.54900538017,-15.85259377554,
    276.35364644406));
#3500 = CARTESIAN_POINT('',(-18.58027233534,-15.85878136993,
    276.34165832558));
#3501 = CARTESIAN_POINT('',(-18.61002850064,-15.86493477965,
    276.32966086772));
#3502 = CARTESIAN_POINT('',(-18.6384849475,-15.87105417648,
    276.31765388847));
#3503 = CARTESIAN_POINT('',(-18.66579627758,-15.87713998324,
    276.30563670087));
#3504 = CARTESIAN_POINT('',(-18.69208521174,-15.88319244982,
    276.29360891994));
#3505 = CARTESIAN_POINT('',(-18.71745373676,-15.88921148526,
    276.28157081809));
#3506 = CARTESIAN_POINT('',(-18.82132089576,-15.91455784317,
    276.23055173248));
#3507 = CARTESIAN_POINT('',(-18.89233549944,-15.93368089792,
    276.19124869443));
#3508 = CARTESIAN_POINT('',(-18.95745747815,-15.95251943325,
    276.15169525529));
#3509 = CARTESIAN_POINT('',(-19.01765061012,-15.97105044433,
    276.11193448104));
#3510 = CARTESIAN_POINT('',(-19.07377919561,-15.98925637389,
    276.07200141817));
#3511 = CARTESIAN_POINT('',(-19.12633572737,-16.00712822227,
    276.03191625439));
#3512 = CARTESIAN_POINT('',(-19.17576726848,-16.02466053819,
    275.99169209597));
#3513 = CARTESIAN_POINT('',(-19.31586884709,-16.07630802324,
    275.87044254991));
#3514 = CARTESIAN_POINT('',(-19.3980568242,-16.10937710617,
    275.78905099305));
#3515 = CARTESIAN_POINT('',(-19.47159675531,-16.14102279875,
    275.70725602806));
#3516 = CARTESIAN_POINT('',(-19.53767590721,-16.17122642428,
    275.62513342629));
#3517 = CARTESIAN_POINT('',(-19.59727686794,-16.19997693286,
    275.54275131367));
#3518 = CARTESIAN_POINT('',(-19.65101043876,-16.22727119304,
    275.46016729407));
#3519 = CARTESIAN_POINT('',(-19.699396276,-16.25311079364,
    275.37743201745));
#3520 = CARTESIAN_POINT('',(-19.78606111901,-16.3017885167,
    275.21209652038));
#3521 = CARTESIAN_POINT('',(-19.82437941244,-16.3246367281,
    275.12950467927));
#3522 = CARTESIAN_POINT('',(-19.85815864235,-16.3460501978,
    275.04686185275));
#3523 = CARTESIAN_POINT('',(-19.88768020627,-16.36603594157,
    274.96421524091));
#3524 = CARTESIAN_POINT('',(-19.91315930929,-16.38460356996,
    274.88161013712));
#3525 = CARTESIAN_POINT('',(-19.93476832868,-16.4017649877,
    274.79908991759));
#3526 = CARTESIAN_POINT('',(-19.95264833742,-16.41753413079,
    274.71669599337));
#3527 = CARTESIAN_POINT('',(-19.97528769716,-16.44038330441,
    274.58615344762));
#3528 = CARTESIAN_POINT('',(-19.98241713521,-16.44836461585,
    274.53789653707));
#3529 = CARTESIAN_POINT('',(-19.98831949886,-16.45587385559,
    274.48970508193));
#3530 = CARTESIAN_POINT('',(-19.99301401523,-16.46291441183,
    274.44158699259));
#3531 = CARTESIAN_POINT('',(-19.99651696965,-16.46948986916,
    274.39354999638));
#3532 = CARTESIAN_POINT('',(-19.99884193483,-16.47560399712,
    274.34560163311));
#3533 = CARTESIAN_POINT('',(-20.,-16.48126073862,274.29774925055));
#3534 = CARTESIAN_POINT('',(-20.,-16.48646419841,274.25));
#3535 = PCURVE('',#1514,#3536);
#3536 = DEFINITIONAL_REPRESENTATION('',(#3537),#3589);
#3537 = B_SPLINE_CURVE_WITH_KNOTS('',8,(#3538,#3539,#3540,#3541,#3542,
    #3543,#3544,#3545,#3546,#3547,#3548,#3549,#3550,#3551,#3552,#3553,
    #3554,#3555,#3556,#3557,#3558,#3559,#3560,#3561,#3562,#3563,#3564,
    #3565,#3566,#3567,#3568,#3569,#3570,#3571,#3572,#3573,#3574,#3575,
    #3576,#3577,#3578,#3579,#3580,#3581,#3582,#3583,#3584,#3585,#3586,
    #3587,#3588),.UNSPECIFIED.,.F.,.F.,(9,7,7,7,7,7,7,9),(0.,
    2.854426367924E-02,7.441941142737E-02,0.118563903928,0.261362344893,
    0.547565452246,0.832552307495,1.),.UNSPECIFIED.);
#3538 = CARTESIAN_POINT('',(1.570796326795,8.225605160691));
#3539 = CARTESIAN_POINT('',(1.538629243484,8.225605160691));
#3540 = CARTESIAN_POINT('',(1.50911424781,8.22408937948));
#3541 = CARTESIAN_POINT('',(1.482482830901,8.221593843629));
#3542 = CARTESIAN_POINT('',(1.45874285639,8.21852938752));
#3543 = CARTESIAN_POINT('',(1.437678560422,8.215181653352));
#3544 = CARTESIAN_POINT('',(1.418850551647,8.211711091135));
#3545 = CARTESIAN_POINT('',(1.401595811225,8.208152958693));
#3546 = CARTESIAN_POINT('',(1.358400105289,8.19841356194));
#3547 = CARTESIAN_POINT('',(1.334899490065,8.192179090223));
#3548 = CARTESIAN_POINT('',(1.313294632179,8.185833953373));
#3549 = CARTESIAN_POINT('',(1.293236463213,8.179426488807));
#3550 = CARTESIAN_POINT('',(1.274442511622,8.172989494975));
#3551 = CARTESIAN_POINT('',(1.256636639671,8.16654448358));
#3552 = CARTESIAN_POINT('',(1.239694310474,8.160092155786));
#3553 = CARTESIAN_POINT('',(1.207806009214,8.147406224454));
#3554 = CARTESIAN_POINT('',(1.192925780008,8.141218630061));
#3555 = CARTESIAN_POINT('',(1.178669738462,8.13506522035));
#3556 = CARTESIAN_POINT('',(1.16494602591,8.128945823514));
#3557 = CARTESIAN_POINT('',(1.151687473916,8.122860016759));
#3558 = CARTESIAN_POINT('',(1.138840855442,8.116807550174));
#3559 = CARTESIAN_POINT('',(1.126362040873,8.110788514738));
#3560 = CARTESIAN_POINT('',(1.074930516093,8.085442156825));
#3561 = CARTESIAN_POINT('',(1.038900125366,8.066319102075));
#3562 = CARTESIAN_POINT('',(1.005079481126,8.047480566747));
#3563 = CARTESIAN_POINT('',(0.97306173879,8.028949555662));
#3564 = CARTESIAN_POINT('',(0.942480169746,8.010743626103));
#3565 = CARTESIAN_POINT('',(0.913128338921,7.992871777728));
#3566 = CARTESIAN_POINT('',(0.884817005098,7.975339461804));
#3567 = CARTESIAN_POINT('',(0.802468867578,7.923691976753));
#3568 = CARTESIAN_POINT('',(0.7511758805,7.890622893829));
#3569 = CARTESIAN_POINT('',(0.702420088179,7.858977201245));
#3570 = CARTESIAN_POINT('',(0.655708233774,7.828773575713));
#3571 = CARTESIAN_POINT('',(0.61062843784,7.800023067137));
#3572 = CARTESIAN_POINT('',(0.566923899228,7.772728806955));
#3573 = CARTESIAN_POINT('',(0.524371664519,7.746889206356));
#3574 = CARTESIAN_POINT('',(0.441406109737,7.698211483295));
#3575 = CARTESIAN_POINT('',(0.400987724216,7.675363271893));
#3576 = CARTESIAN_POINT('',(0.361378138466,7.653949802199));
#3577 = CARTESIAN_POINT('',(0.322450298452,7.633964058424));
#3578 = CARTESIAN_POINT('',(0.2841023758,7.615396430038));
#3579 = CARTESIAN_POINT('',(0.246247557546,7.598235012298));
#3580 = CARTESIAN_POINT('',(0.20880860751,7.582465869209));
#3581 = CARTESIAN_POINT('',(0.149923665318,7.559616695584));
#3582 = CARTESIAN_POINT('',(0.128250137455,7.551635384149));
#3583 = CARTESIAN_POINT('',(0.10668270188,7.544126144402));
#3584 = CARTESIAN_POINT('',(8.520830246371E-02,7.53708558817));
#3585 = CARTESIAN_POINT('',(6.381456285963E-02,7.530510130836));
#3586 = CARTESIAN_POINT('',(4.248960859163E-02,7.524396002872));
#3587 = CARTESIAN_POINT('',(2.122188913505E-02,7.518739261372));
#3588 = CARTESIAN_POINT('',(0.,7.513535801586));
#3589 = ( GEOMETRIC_REPRESENTATION_CONTEXT(2) 
PARAMETRIC_REPRESENTATION_CONTEXT() REPRESENTATION_CONTEXT('2D SPACE',''
  ) );
#3590 = PCURVE('',#1687,#3591);
#3591 = DEFINITIONAL_REPRESENTATION('',(#3592),#3644);
#3592 = B_SPLINE_CURVE_WITH_KNOTS('',8,(#3593,#3594,#3595,#3596,#3597,
    #3598,#3599,#3600,#3601,#3602,#3603,#3604,#3605,#3606,#3607,#3608,
    #3609,#3610,#3611,#3612,#3613,#3614,#3615,#3616,#3617,#3618,#3619,
    #3620,#3621,#3622,#3623,#3624,#3625,#3626,#3627,#3628,#3629,#3630,
    #3631,#3632,#3633,#3634,#3635,#3636,#3637,#3638,#3639,#3640,#3641,
    #3642,#3643),.UNSPECIFIED.,.F.,.F.,(9,7,7,7,7,7,7,9),(0.,
    2.854426367924E-02,7.441941142737E-02,0.118563903928,0.261362344893,
    0.547565452246,0.832552307495,1.),.UNSPECIFIED.);
#3593 = CARTESIAN_POINT('',(37.231295273596,37.85));
#3594 = CARTESIAN_POINT('',(37.231295273596,37.77762406255));
#3595 = CARTESIAN_POINT('',(37.19589672542,37.711249352751));
#3596 = CARTESIAN_POINT('',(37.137527132753,37.651442491991));
#3597 = CARTESIAN_POINT('',(37.065706495998,37.598250999284));
#3598 = CARTESIAN_POINT('',(36.98704731228,37.551203291266));
#3599 = CARTESIAN_POINT('',(36.905254575446,37.509308682195));
#3600 = CARTESIAN_POINT('',(36.82112577606,37.471057383954));
#3601 = CARTESIAN_POINT('',(36.590197064331,37.375539246896));
#3602 = CARTESIAN_POINT('',(36.441695013806,37.323909078813));
#3603 = CARTESIAN_POINT('',(36.28978951655,37.276734401654));
#3604 = CARTESIAN_POINT('',(36.135586523398,37.233211064533));
#3605 = CARTESIAN_POINT('',(35.979844950668,37.192688055509));
#3606 = CARTESIAN_POINT('',(35.823062878408,37.154532518571));
#3607 = CARTESIAN_POINT('',(35.665244513817,37.118458263868));
#3608 = CARTESIAN_POINT('',(35.353222737058,37.050994619826));
#3609 = CARTESIAN_POINT('',(35.20021658164,37.019727664659));
#3610 = CARTESIAN_POINT('',(35.047233961253,36.989971499356));
#3611 = CARTESIAN_POINT('',(34.894270461348,36.961515052493));
#3612 = CARTESIAN_POINT('',(34.741315262512,36.934203722411));
#3613 = CARTESIAN_POINT('',(34.588361465352,36.90791478826));
#3614 = CARTESIAN_POINT('',(34.435410571255,36.882546263231));
#3615 = CARTESIAN_POINT('',(33.787743144905,36.778679104235));
#3616 = CARTESIAN_POINT('',(33.290186396262,36.707664500556));
#3617 = CARTESIAN_POINT('',(32.790791027577,36.642542521841));
#3618 = CARTESIAN_POINT('',(32.290045815964,36.582349389873));
#3619 = CARTESIAN_POINT('',(31.788332644079,36.526220804387));
#3620 = CARTESIAN_POINT('',(31.285840926261,36.473664272628));
#3621 = CARTESIAN_POINT('',(30.782670413401,36.424232731518));
#3622 = CARTESIAN_POINT('',(29.26893008017,36.284131152906));
#3623 = CARTESIAN_POINT('',(28.256781378648,36.201943175796));
#3624 = CARTESIAN_POINT('',(27.243054029803,36.128403244687));
#3625 = CARTESIAN_POINT('',(26.228146056564,36.062324092788));
#3626 = CARTESIAN_POINT('',(25.212357486074,36.002723132057));
#3627 = CARTESIAN_POINT('',(24.195859499683,35.94898956124));
#3628 = CARTESIAN_POINT('',(23.178744809186,35.900603723998));
#3629 = CARTESIAN_POINT('',(21.147614853561,35.813938880983));
#3630 = CARTESIAN_POINT('',(20.133696430104,35.775620587556));
#3631 = CARTESIAN_POINT('',(19.119350790886,35.741841357642));
#3632 = CARTESIAN_POINT('',(18.104651267417,35.712319793725));
#3633 = CARTESIAN_POINT('',(17.08965861586,35.686840690705));
#3634 = CARTESIAN_POINT('',(16.074422849228,35.665231671315));
#3635 = CARTESIAN_POINT('',(15.058984105454,35.647351662574));
#3636 = CARTESIAN_POINT('',(13.4466369192,35.624712302835));
#3637 = CARTESIAN_POINT('',(12.849843819645,35.61758286479));
#3638 = CARTESIAN_POINT('',(12.253000671896,35.611680501133));
#3639 = CARTESIAN_POINT('',(11.65611455032,35.606985984767));
#3640 = CARTESIAN_POINT('',(11.059192195442,35.603483030349));
#3641 = CARTESIAN_POINT('',(10.462240024951,35.601158065166));
#3642 = CARTESIAN_POINT('',(9.865264144717,35.6));
#3643 = CARTESIAN_POINT('',(9.268270359793,35.6));
#3644 = ( GEOMETRIC_REPRESENTATION_CONTEXT(2) 
PARAMETRIC_REPRESENTATION_CONTEXT() REPRESENTATION_CONTEXT('2D SPACE',''
  ) );
#3645 = ORIENTED_EDGE('',*,*,#1713,.F.);
#3646 = ADVANCED_FACE('',(#3647),#1388,.F.);
#3647 = FACE_BOUND('',#3648,.F.);
#3648 = EDGE_LOOP('',(#3649,#3650,#3651,#3674));
#3649 = ORIENTED_EDGE('',*,*,#3458,.F.);
#3650 = ORIENTED_EDGE('',*,*,#1368,.T.);
#3651 = ORIENTED_EDGE('',*,*,#3652,.T.);
#3652 = EDGE_CURVE('',#1218,#3653,#3655,.T.);
#3653 = VERTEX_POINT('',#3654);
#3654 = CARTESIAN_POINT('',(17.75,-15.7743948393,276.5));
#3655 = SURFACE_CURVE('',#3656,(#3660,#3667),.PCURVE_S1.);
#3656 = LINE('',#3657,#3658);
#3657 = CARTESIAN_POINT('',(17.75,-24.,276.5));
#3658 = VECTOR('',#3659,1.);
#3659 = DIRECTION('',(0.,1.,0.));
#3660 = PCURVE('',#1388,#3661);
#3661 = DEFINITIONAL_REPRESENTATION('',(#3662),#3666);
#3662 = LINE('',#3663,#3664);
#3663 = CARTESIAN_POINT('',(37.75,0.));
#3664 = VECTOR('',#3665,1.);
#3665 = DIRECTION('',(0.,1.));
#3666 = ( GEOMETRIC_REPRESENTATION_CONTEXT(2) 
PARAMETRIC_REPRESENTATION_CONTEXT() REPRESENTATION_CONTEXT('2D SPACE',''
  ) );
#3667 = PCURVE('',#1315,#3668);
#3668 = DEFINITIONAL_REPRESENTATION('',(#3669),#3673);
#3669 = LINE('',#3670,#3671);
#3670 = CARTESIAN_POINT('',(-1.570796326795,0.));
#3671 = VECTOR('',#3672,1.);
#3672 = DIRECTION('',(-0.,1.));
#3673 = ( GEOMETRIC_REPRESENTATION_CONTEXT(2) 
PARAMETRIC_REPRESENTATION_CONTEXT() REPRESENTATION_CONTEXT('2D SPACE',''
  ) );
#3674 = ORIENTED_EDGE('',*,*,#3675,.F.);
#3675 = EDGE_CURVE('',#3459,#3653,#3676,.T.);
#3676 = SURFACE_CURVE('',#3677,(#3683,#3692),.PCURVE_S1.);
#3677 = B_SPLINE_CURVE_WITH_KNOTS('',4,(#3678,#3679,#3680,#3681,#3682),
  .UNSPECIFIED.,.F.,.F.,(5,5),(0.,1.),.PIECEWISE_BEZIER_KNOTS.);
#3678 = CARTESIAN_POINT('',(-17.75,-15.7743948393,276.5));
#3679 = CARTESIAN_POINT('',(-8.875,-15.7743948393,276.5));
#3680 = CARTESIAN_POINT('',(1.42108547152E-14,-15.7743948393,276.5));
#3681 = CARTESIAN_POINT('',(8.875,-15.7743948393,276.5));
#3682 = CARTESIAN_POINT('',(17.75,-15.7743948393,276.5));
#3683 = PCURVE('',#1388,#3684);
#3684 = DEFINITIONAL_REPRESENTATION('',(#3685),#3691);
#3685 = B_SPLINE_CURVE_WITH_KNOTS('',4,(#3686,#3687,#3688,#3689,#3690),
  .UNSPECIFIED.,.F.,.F.,(5,5),(0.,1.),.PIECEWISE_BEZIER_KNOTS.);
#3686 = CARTESIAN_POINT('',(2.25,8.225605160691));
#3687 = CARTESIAN_POINT('',(11.125,8.225605160691));
#3688 = CARTESIAN_POINT('',(20.,8.225605160691));
#3689 = CARTESIAN_POINT('',(28.875,8.225605160691));
#3690 = CARTESIAN_POINT('',(37.75,8.225605160691));
#3691 = ( GEOMETRIC_REPRESENTATION_CONTEXT(2) 
PARAMETRIC_REPRESENTATION_CONTEXT() REPRESENTATION_CONTEXT('2D SPACE',''
  ) );
#3692 = PCURVE('',#1687,#3693);
#3693 = DEFINITIONAL_REPRESENTATION('',(#3694),#3700);
#3694 = B_SPLINE_CURVE_WITH_KNOTS('',4,(#3695,#3696,#3697,#3698,#3699),
  .UNSPECIFIED.,.F.,.F.,(5,5),(0.,1.),.PIECEWISE_BEZIER_KNOTS.);
#3695 = CARTESIAN_POINT('',(37.231295273596,37.85));
#3696 = CARTESIAN_POINT('',(37.231295273596,46.725));
#3697 = CARTESIAN_POINT('',(37.231295273596,55.6));
#3698 = CARTESIAN_POINT('',(37.231295273596,64.475));
#3699 = CARTESIAN_POINT('',(37.231295273596,73.35));
#3700 = ( GEOMETRIC_REPRESENTATION_CONTEXT(2) 
PARAMETRIC_REPRESENTATION_CONTEXT() REPRESENTATION_CONTEXT('2D SPACE',''
  ) );
#3701 = ADVANCED_FACE('',(#3702),#1315,.F.);
#3702 = FACE_BOUND('',#3703,.T.);
#3703 = EDGE_LOOP('',(#3704,#3705,#3706,#3871));
#3704 = ORIENTED_EDGE('',*,*,#1217,.T.);
#3705 = ORIENTED_EDGE('',*,*,#3652,.T.);
#3706 = ORIENTED_EDGE('',*,*,#3707,.F.);
#3707 = EDGE_CURVE('',#2037,#3653,#3708,.T.);
#3708 = SURFACE_CURVE('',#3709,(#3761,#3816),.PCURVE_S1.);
#3709 = B_SPLINE_CURVE_WITH_KNOTS('',8,(#3710,#3711,#3712,#3713,#3714,
    #3715,#3716,#3717,#3718,#3719,#3720,#3721,#3722,#3723,#3724,#3725,
    #3726,#3727,#3728,#3729,#3730,#3731,#3732,#3733,#3734,#3735,#3736,
    #3737,#3738,#3739,#3740,#3741,#3742,#3743,#3744,#3745,#3746,#3747,
    #3748,#3749,#3750,#3751,#3752,#3753,#3754,#3755,#3756,#3757,#3758,
    #3759,#3760),.UNSPECIFIED.,.F.,.F.,(9,7,7,7,7,7,7,9),(0.,
    0.356365040531,0.539528562283,0.723363587312,0.873449153642,
    0.929972800356,0.95930685031,1.),.UNSPECIFIED.);
#3710 = CARTESIAN_POINT('',(20.,-16.48646419841,274.25));
#3711 = CARTESIAN_POINT('',(20.,-16.4753562382,274.35193156032));
#3712 = CARTESIAN_POINT('',(19.994722038249,-16.46218272336,
    274.45433241755));
#3713 = CARTESIAN_POINT('',(19.984083170657,-16.44690368481,
    274.5571337551));
#3714 = CARTESIAN_POINT('',(19.967945296014,-16.42948248595,
    274.66026226748));
#3715 = CARTESIAN_POINT('',(19.946121073878,-16.40988638751,
    274.763640324));
#3716 = CARTESIAN_POINT('',(19.918361019839,-16.38808714246,
    274.8671861565));
#3717 = CARTESIAN_POINT('',(19.884321778149,-16.364061621,
    274.97081407138));
#3718 = CARTESIAN_POINT('',(19.822542110186,-16.3242907177,
    275.12769332349));
#3719 = CARTESIAN_POINT('',(19.799780879905,-16.31019633964,
    275.18094973185));
#3720 = CARTESIAN_POINT('',(19.775165530764,-16.29550697883,
    275.23419180266));
#3721 = CARTESIAN_POINT('',(19.748618305349,-16.28022074625,
    275.28740693486));
#3722 = CARTESIAN_POINT('',(19.720048853951,-16.26433625954,
    275.34058204127));
#3723 = CARTESIAN_POINT('',(19.68935019572,-16.24785269962,
    275.39370353627));
#3724 = CARTESIAN_POINT('',(19.656391825974,-16.23076988132,
    275.44675730408));
#3725 = CARTESIAN_POINT('',(19.585498398497,-16.19534197109,
    275.55289419213));
#3726 = CARTESIAN_POINT('',(19.547546427874,-16.17699288164,
    275.60597550572));
#3727 = CARTESIAN_POINT('',(19.506986576498,-16.15804132338,
    275.65895874613));
#3728 = CARTESIAN_POINT('',(19.463620497545,-16.13848855212,
    275.71182843231));
#3729 = CARTESIAN_POINT('',(19.417197406882,-16.11833713097,
    275.76456718168));
#3730 = CARTESIAN_POINT('',(19.367405355742,-16.09759113153,
    275.81715565437));
#3731 = CARTESIAN_POINT('',(19.313833043919,-16.07625655925,
    275.86957214617));
#3732 = CARTESIAN_POINT('',(19.208529733694,-16.03645124019,
    275.96442371752));
#3733 = CARTESIAN_POINT('',(19.158276279078,-16.01817801224,
    276.00691455941));
#3734 = CARTESIAN_POINT('',(19.104760708075,-15.9995239169,
    276.04925933112));
#3735 = CARTESIAN_POINT('',(19.047518955211,-15.98049446385,
    276.09144395853));
#3736 = CARTESIAN_POINT('',(18.986042129405,-15.96109876091,
    276.13344716582));
#3737 = CARTESIAN_POINT('',(18.919428150153,-15.94135473879,
    276.17523241022));
#3738 = CARTESIAN_POINT('',(18.846677764949,-15.92128588523,
    276.21675510264));
#3739 = CARTESIAN_POINT('',(18.734568604218,-15.89327740114,
    276.27343910905));
#3740 = CARTESIAN_POINT('',(18.702672699731,-15.88557729831,
    276.28889404731));
#3741 = CARTESIAN_POINT('',(18.66940970173,-15.87784134094,
    276.30429370177));
#3742 = CARTESIAN_POINT('',(18.634616600409,-15.87007277117,
    276.31963240039));
#3743 = CARTESIAN_POINT('',(18.598077424445,-15.86227704302,
    276.33490040884));
#3744 = CARTESIAN_POINT('',(18.559524039144,-15.85446186333,
    276.35008402889));
#3745 = CARTESIAN_POINT('',(18.51859224771,-15.84663805945,
    276.36516423976));
#3746 = CARTESIAN_POINT('',(18.451854438658,-15.83476689588,
    276.38786819745));
#3747 = CARTESIAN_POINT('',(18.428231499811,-15.83071511212,
    276.39558599433));
#3748 = CARTESIAN_POINT('',(18.403730250975,-15.82666807743,
    276.4032635351));
#3749 = CARTESIAN_POINT('',(18.378250389235,-15.82262867002,
    276.41089580147));
#3750 = CARTESIAN_POINT('',(18.351648249252,-15.81860200265,
    276.4184737996));
#3751 = CARTESIAN_POINT('',(18.323736803258,-15.8145954227,
    276.4259845601));
#3752 = CARTESIAN_POINT('',(18.29428566106,-15.81061851207,
    276.43341113806));
#3753 = CARTESIAN_POINT('',(18.219649810891,-15.80122373779,
    276.45088920156));
#3754 = CARTESIAN_POINT('',(18.175749822205,-15.79626946576,
    276.46006908245));
#3755 = CARTESIAN_POINT('',(18.128050137264,-15.7913486115,
    276.46912952447));
#3756 = CARTESIAN_POINT('',(18.07373589744,-15.78632747708,
    276.47831858841));
#3757 = CARTESIAN_POINT('',(18.010448352199,-15.78141032628,
    276.48727512708));
#3758 = CARTESIAN_POINT('',(17.936284859098,-15.77713938461,
    276.49502878532));
#3759 = CARTESIAN_POINT('',(17.849798883785,-15.7743948393,276.5));
#3760 = CARTESIAN_POINT('',(17.75,-15.7743948393,276.5));
#3761 = PCURVE('',#1315,#3762);
#3762 = DEFINITIONAL_REPRESENTATION('',(#3763),#3815);
#3763 = B_SPLINE_CURVE_WITH_KNOTS('',8,(#3764,#3765,#3766,#3767,#3768,
    #3769,#3770,#3771,#3772,#3773,#3774,#3775,#3776,#3777,#3778,#3779,
    #3780,#3781,#3782,#3783,#3784,#3785,#3786,#3787,#3788,#3789,#3790,
    #3791,#3792,#3793,#3794,#3795,#3796,#3797,#3798,#3799,#3800,#3801,
    #3802,#3803,#3804,#3805,#3806,#3807,#3808,#3809,#3810,#3811,#3812,
    #3813,#3814),.UNSPECIFIED.,.F.,.F.,(9,7,7,7,7,7,7,9),(0.,
    0.356365040531,0.539528562283,0.723363587312,0.873449153642,
    0.929972800356,0.95930685031,1.),.UNSPECIFIED.);
#3764 = CARTESIAN_POINT('',(0.,7.513535801586));
#3765 = CARTESIAN_POINT('',(-4.530291569951E-02,7.524643761792));
#3766 = CARTESIAN_POINT('',(-9.081463609012E-02,7.537817276633));
#3767 = CARTESIAN_POINT('',(-0.136645247085,7.553096315188));
#3768 = CARTESIAN_POINT('',(-0.182910884854,7.570517514045));
#3769 = CARTESIAN_POINT('',(-0.229735687186,7.590113612482));
#3770 = CARTESIAN_POINT('',(-0.277260391289,7.611912857539));
#3771 = CARTESIAN_POINT('',(-0.32565757801,7.635938378998));
#3772 = CARTESIAN_POINT('',(-0.400593372245,7.675709282298));
#3773 = CARTESIAN_POINT('',(-0.426323418093,7.689803660353));
#3774 = CARTESIAN_POINT('',(-0.452374508286,7.704493021169));
#3775 = CARTESIAN_POINT('',(-0.478781709007,7.719779253743));
#3776 = CARTESIAN_POINT('',(-0.505584888097,7.735663740458));
#3777 = CARTESIAN_POINT('',(-0.53283045579,7.752147300375));
#3778 = CARTESIAN_POINT('',(-0.560574302468,7.769230118678));
#3779 = CARTESIAN_POINT('',(-0.617301358854,7.804658028906));
#3780 = CARTESIAN_POINT('',(-0.646288058702,7.823007118355));
#3781 = CARTESIAN_POINT('',(-0.675917415674,7.841958676615));
#3782 = CARTESIAN_POINT('',(-0.706273049368,7.861511447875));
#3783 = CARTESIAN_POINT('',(-0.737460125026,7.881662869021));
#3784 = CARTESIAN_POINT('',(-0.76960904004,7.902408868466));
#3785 = CARTESIAN_POINT('',(-0.802891754877,7.923743440744));
#3786 = CARTESIAN_POINT('',(-0.865880066911,7.963548759807));
#3787 = CARTESIAN_POINT('',(-0.89511445968,7.981821987752));
#3788 = CARTESIAN_POINT('',(-0.925416483648,8.000476083093));
#3789 = CARTESIAN_POINT('',(-0.956982374397,8.019505536145));
#3790 = CARTESIAN_POINT('',(-0.990025075378,8.038901239081));
#3791 = CARTESIAN_POINT('',(-1.024926875034,8.058645261208));
#3792 = CARTESIAN_POINT('',(-1.062108832495,8.078714114767));
#3793 = CARTESIAN_POINT('',(-1.117941988717,8.106722598858));
#3794 = CARTESIAN_POINT('',(-1.133692143633,8.114422701686));
#3795 = CARTESIAN_POINT('',(-1.149978962681,8.122158659054));
#3796 = CARTESIAN_POINT('',(-1.166872535632,8.129927228829));
#3797 = CARTESIAN_POINT('',(-1.184465837903,8.137722956972));
#3798 = CARTESIAN_POINT('',(-1.20287438296,8.145538136669));
#3799 = CARTESIAN_POINT('',(-1.222255578812,8.153361940546));
#3800 = CARTESIAN_POINT('',(-1.253586248052,8.165233104112));
#3801 = CARTESIAN_POINT('',(-1.26463121687,8.169284887874));
#3802 = CARTESIAN_POINT('',(-1.27604138355,8.173331922565));
#3803 = CARTESIAN_POINT('',(-1.287860399147,8.177371329979));
#3804 = CARTESIAN_POINT('',(-1.300150933365,8.181397997341));
#3805 = CARTESIAN_POINT('',(-1.312994674561,8.185404577297));
#3806 = CARTESIAN_POINT('',(-1.326492329746,8.189381487923));
#3807 = CARTESIAN_POINT('',(-1.360561229677,8.198776262202));
#3808 = CARTESIAN_POINT('',(-1.380529067353,8.20373053424));
#3809 = CARTESIAN_POINT('',(-1.402106687365,8.208651388498));
#3810 = CARTESIAN_POINT('',(-1.426537504654,8.213672522917));
#3811 = CARTESIAN_POINT('',(-1.454868799344,8.218589673713));
#3812 = CARTESIAN_POINT('',(-1.487951716742,8.222860615381));
#3813 = CARTESIAN_POINT('',(-1.526441267335,8.225605160691));
#3814 = CARTESIAN_POINT('',(-1.570796326795,8.225605160691));
#3815 = ( GEOMETRIC_REPRESENTATION_CONTEXT(2) 
PARAMETRIC_REPRESENTATION_CONTEXT() REPRESENTATION_CONTEXT('2D SPACE',''
  ) );
#3816 = PCURVE('',#1687,#3817);
#3817 = DEFINITIONAL_REPRESENTATION('',(#3818),#3870);
#3818 = B_SPLINE_CURVE_WITH_KNOTS('',8,(#3819,#3820,#3821,#3822,#3823,
    #3824,#3825,#3826,#3827,#3828,#3829,#3830,#3831,#3832,#3833,#3834,
    #3835,#3836,#3837,#3838,#3839,#3840,#3841,#3842,#3843,#3844,#3845,
    #3846,#3847,#3848,#3849,#3850,#3851,#3852,#3853,#3854,#3855,#3856,
    #3857,#3858,#3859,#3860,#3861,#3862,#3863,#3864,#3865,#3866,#3867,
    #3868,#3869),.UNSPECIFIED.,.F.,.F.,(9,7,7,7,7,7,7,9),(0.,
    0.356365040531,0.539528562283,0.723363587312,0.873449153642,
    0.929972800356,0.95930685031,1.),.UNSPECIFIED.);
#3819 = CARTESIAN_POINT('',(9.268270359793,75.6));
#3820 = CARTESIAN_POINT('',(10.542688435366,75.6));
#3821 = CARTESIAN_POINT('',(11.817016385283,75.594722038249));
#3822 = CARTESIAN_POINT('',(13.091207370868,75.584083170657));
#3823 = CARTESIAN_POINT('',(14.365202557333,75.567945296014));
#3824 = CARTESIAN_POINT('',(15.638931371717,75.546121073878));
#3825 = CARTESIAN_POINT('',(16.912310723568,75.518361019839));
#3826 = CARTESIAN_POINT('',(18.18524318836,75.484321778149));
#3827 = CARTESIAN_POINT('',(20.111583877028,75.422542110186));
#3828 = CARTESIAN_POINT('',(20.765401571567,75.399780879905));
#3829 = CARTESIAN_POINT('',(21.41905202439,75.375165530764));
#3830 = CARTESIAN_POINT('',(22.072515913867,75.348618305349));
#3831 = CARTESIAN_POINT('',(22.725769701443,75.320048853951));
#3832 = CARTESIAN_POINT('',(23.378785213562,75.28935019572));
#3833 = CARTESIAN_POINT('',(24.031528913671,75.256391825974));
#3834 = CARTESIAN_POINT('',(25.338784722453,75.185498398497));
#3835 = CARTESIAN_POINT('',(25.993279747649,75.147546427874));
#3836 = CARTESIAN_POINT('',(26.647418012008,75.106986576498));
#3837 = CARTESIAN_POINT('',(27.301152250617,75.063620497545));
#3838 = CARTESIAN_POINT('',(27.954412018185,75.017197406882));
#3839 = CARTESIAN_POINT('',(28.60710233158,74.967405355742));
#3840 = CARTESIAN_POINT('',(29.259097467786,74.913833043919));
#3841 = CARTESIAN_POINT('',(30.441810526678,74.808529733694));
#3842 = CARTESIAN_POINT('',(30.97269320526,74.758276279078));
#3843 = CARTESIAN_POINT('',(31.502891259721,74.704760708075));
#3844 = CARTESIAN_POINT('',(32.032304780495,74.647518955211));
#3845 = CARTESIAN_POINT('',(32.560742832075,74.586042129406));
#3846 = CARTESIAN_POINT('',(33.087816764318,74.519428150153));
#3847 = CARTESIAN_POINT('',(33.613030485404,74.446677764949));
#3848 = CARTESIAN_POINT('',(34.332092889344,74.334568604218));
#3849 = CARTESIAN_POINT('',(34.528361474821,74.302672699731));
#3850 = CARTESIAN_POINT('',(34.724146910352,74.26940970173));
#3851 = CARTESIAN_POINT('',(34.919379529491,74.234616600409));
#3852 = CARTESIAN_POINT('',(35.113937352235,74.198077424446));
#3853 = CARTESIAN_POINT('',(35.3076469961,74.159524039144));
#3854 = CARTESIAN_POINT('',(35.50026566063,74.11859224771));
#3855 = CARTESIAN_POINT('',(35.790607040331,74.051854438658));
#3856 = CARTESIAN_POINT('',(35.889364743112,74.028231499811));
#3857 = CARTESIAN_POINT('',(35.987669239773,74.003730250975));
#3858 = CARTESIAN_POINT('',(36.085455885076,73.978250389235));
#3859 = CARTESIAN_POINT('',(36.18260856834,73.951648249252));
#3860 = CARTESIAN_POINT('',(36.27895971344,73.923736803258));
#3861 = CARTESIAN_POINT('',(36.374290278808,73.89428566106));
#3862 = CARTESIAN_POINT('',(36.598784385638,73.819649810891));
#3863 = CARTESIAN_POINT('',(36.716771100743,73.775749822205));
#3864 = CARTESIAN_POINT('',(36.833346226345,73.728050137264));
#3865 = CARTESIAN_POINT('',(36.951698599407,73.67373589744));
#3866 = CARTESIAN_POINT('',(37.067149570268,73.610448352199));
#3867 = CARTESIAN_POINT('',(37.167153002638,73.536284859098));
#3868 = CARTESIAN_POINT('',(37.231295273596,73.449798883785));
#3869 = CARTESIAN_POINT('',(37.231295273596,73.35));
#3870 = ( GEOMETRIC_REPRESENTATION_CONTEXT(2) 
PARAMETRIC_REPRESENTATION_CONTEXT() REPRESENTATION_CONTEXT('2D SPACE',''
  ) );
#3871 = ORIENTED_EDGE('',*,*,#2068,.F.);
#3872 = ADVANCED_FACE('',(#3873),#1173,.T.);
#3873 = FACE_BOUND('',#3874,.F.);
#3874 = EDGE_LOOP('',(#3875,#3876,#3920));
#3875 = ORIENTED_EDGE('',*,*,#1151,.F.);
#3876 = ORIENTED_EDGE('',*,*,#3877,.T.);
#3877 = EDGE_CURVE('',#1123,#2185,#3878,.T.);
#3878 = SURFACE_CURVE('',#3879,(#3884,#3890),.PCURVE_S1.);
#3879 = CIRCLE('',#3880,9.);
#3880 = AXIS2_PLACEMENT_3D('',#3881,#3882,#3883);
#3881 = CARTESIAN_POINT('',(48.777811224893,-9.889574682823,273.));
#3882 = DIRECTION('',(8.475926027585E-17,1.,-7.894919299062E-16));
#3883 = DIRECTION('',(1.,-8.475927223468E-17,-1.514750478135E-08));
#3884 = PCURVE('',#1173,#3885);
#3885 = DEFINITIONAL_REPRESENTATION('',(#3886),#3889);
#3886 = B_SPLINE_CURVE_WITH_KNOTS('',1,(#3887,#3888),.UNSPECIFIED.,.F.,
  .F.,(2,2),(4.712388980385,6.307570701205),.PIECEWISE_BEZIER_KNOTS.);
#3887 = CARTESIAN_POINT('',(-1.57079632661,-1.570796326795));
#3888 = CARTESIAN_POINT('',(-1.57079632661,2.438539402521E-02));
#3889 = ( GEOMETRIC_REPRESENTATION_CONTEXT(2) 
PARAMETRIC_REPRESENTATION_CONTEXT() REPRESENTATION_CONTEXT('2D SPACE',''
  ) );
#3890 = PCURVE('',#3891,#3907);
#3891 = ( BOUNDED_SURFACE() B_SPLINE_SURFACE(2,2,(
    (#3892,#3893,#3894,#3895,#3896)
    ,(#3897,#3898,#3899,#3900,#3901)
    ,(#3902,#3903,#3904,#3905,#3906
)),.UNSPECIFIED.,.F.,.F.,.F.) B_SPLINE_SURFACE_WITH_KNOTS((3,3),(3,1,1,3
    ),(0.,38.),(-1.39536,1.518229986175E-14,38.,39.39536),
.UNSPECIFIED.) GEOMETRIC_REPRESENTATION_ITEM() RATIONAL_B_SPLINE_SURFACE
((
    (1.,1.,1.,1.,1.)
    ,(0.698432891388,0.698432891388,0.698432891388,0.698432891388
      ,0.698432891388)
,(1.,1.,1.,1.,1.))) REPRESENTATION_ITEM('') SURFACE() );
#3892 = CARTESIAN_POINT('',(57.775135440681,-20.39536,272.7805530679));
#3893 = CARTESIAN_POINT('',(57.775135440681,-19.69768,272.7805530679));
#3894 = CARTESIAN_POINT('',(57.775135440681,3.552713678801E-15,
    272.7805530679));
#3895 = CARTESIAN_POINT('',(57.775135440681,19.69768,272.7805530679));
#3896 = CARTESIAN_POINT('',(57.775135440681,20.39536,272.7805530679));
#3897 = CARTESIAN_POINT('',(58.,-20.39536,282.));
#3898 = CARTESIAN_POINT('',(58.,-19.69768,282.));
#3899 = CARTESIAN_POINT('',(58.,0.,282.));
#3900 = CARTESIAN_POINT('',(58.,19.69768,282.));
#3901 = CARTESIAN_POINT('',(58.,20.39536,282.));
#3902 = CARTESIAN_POINT('',(48.777811224893,-20.39536,282.));
#3903 = CARTESIAN_POINT('',(48.777811224893,-19.69768,282.));
#3904 = CARTESIAN_POINT('',(48.777811224893,7.105427357601E-15,282.));
#3905 = CARTESIAN_POINT('',(48.777811224893,19.69768,282.));
#3906 = CARTESIAN_POINT('',(48.777811224893,20.39536,282.));
#3907 = DEFINITIONAL_REPRESENTATION('',(#3908),#3919);
#3908 = B_SPLINE_CURVE_WITH_KNOTS('',9,(#3909,#3910,#3911,#3912,#3913,
    #3914,#3915,#3916,#3917,#3918),.UNSPECIFIED.,.F.,.F.,(10,10),(
    4.712388980385,6.307570701205),.PIECEWISE_BEZIER_KNOTS.);
#3909 = CARTESIAN_POINT('',(38.,9.110425317177));
#3910 = CARTESIAN_POINT('',(33.294507624272,9.110425222013));
#3911 = CARTESIAN_POINT('',(28.984369582604,9.110425134845));
#3912 = CARTESIAN_POINT('',(24.905774942281,9.11042505236));
#3913 = CARTESIAN_POINT('',(20.955357168555,9.110424972465));
#3914 = CARTESIAN_POINT('',(17.044640396375,9.110424893377));
#3915 = CARTESIAN_POINT('',(13.094228791266,9.110424813482));
#3916 = CARTESIAN_POINT('',(9.015627510475,9.110424730997));
#3917 = CARTESIAN_POINT('',(4.705492375728,9.110424643828));
#3918 = CARTESIAN_POINT('',(-3.764034829454E-15,9.110424548664));
#3919 = ( GEOMETRIC_REPRESENTATION_CONTEXT(2) 
PARAMETRIC_REPRESENTATION_CONTEXT() REPRESENTATION_CONTEXT('2D SPACE',''
  ) );
#3920 = ORIENTED_EDGE('',*,*,#2218,.F.);
#3921 = ADVANCED_FACE('',(#3922),#1140,.F.);
#3922 = FACE_BOUND('',#3923,.F.);
#3923 = EDGE_LOOP('',(#3924,#3925,#3949,#3989));
#3924 = ORIENTED_EDGE('',*,*,#1122,.F.);
#3925 = ORIENTED_EDGE('',*,*,#3926,.F.);
#3926 = EDGE_CURVE('',#3927,#1075,#3929,.T.);
#3927 = VERTEX_POINT('',#3928);
#3928 = CARTESIAN_POINT('',(-48.77781136122,9.889574682823,282.));
#3929 = SURFACE_CURVE('',#3930,(#3936,#3942),.PCURVE_S1.);
#3930 = B_SPLINE_CURVE_WITH_KNOTS('',2,(#3931,#3932,#3933,#3934,#3935),
  .UNSPECIFIED.,.F.,.F.,(3,1,1,3),(-1.39536,1.193489751472E-14,38.,
    39.39536),.UNSPECIFIED.);
#3931 = CARTESIAN_POINT('',(-48.77781122489,20.39536,282.));
#3932 = CARTESIAN_POINT('',(-48.77781122489,19.69768,282.));
#3933 = CARTESIAN_POINT('',(-48.77781122489,-3.552713678801E-15,282.));
#3934 = CARTESIAN_POINT('',(-48.77781122489,-19.69768,282.));
#3935 = CARTESIAN_POINT('',(-48.77781122489,-20.39536,282.));
#3936 = PCURVE('',#1140,#3937);
#3937 = DEFINITIONAL_REPRESENTATION('',(#3938),#3941);
#3938 = B_SPLINE_CURVE_WITH_KNOTS('',1,(#3939,#3940),.UNSPECIFIED.,.F.,
  .F.,(2,2),(1.193489751472E-14,38.),.PIECEWISE_BEZIER_KNOTS.);
#3939 = CARTESIAN_POINT('',(20.593638181374,-33.24080071626));
#3940 = CARTESIAN_POINT('',(8.763929249079,2.870942340216));
#3941 = ( GEOMETRIC_REPRESENTATION_CONTEXT(2) 
PARAMETRIC_REPRESENTATION_CONTEXT() REPRESENTATION_CONTEXT('2D SPACE',''
  ) );
#3942 = PCURVE('',#3322,#3943);
#3943 = DEFINITIONAL_REPRESENTATION('',(#3944),#3948);
#3944 = LINE('',#3945,#3946);
#3945 = CARTESIAN_POINT('',(38.,0.));
#3946 = VECTOR('',#3947,1.);
#3947 = DIRECTION('',(0.,1.));
#3948 = ( GEOMETRIC_REPRESENTATION_CONTEXT(2) 
PARAMETRIC_REPRESENTATION_CONTEXT() REPRESENTATION_CONTEXT('2D SPACE',''
  ) );
#3949 = ORIENTED_EDGE('',*,*,#3950,.F.);
#3950 = EDGE_CURVE('',#3951,#3927,#3953,.T.);
#3951 = VERTEX_POINT('',#3952);
#3952 = CARTESIAN_POINT('',(48.777811224893,9.889575451336,282.));
#3953 = SURFACE_CURVE('',#3954,(#3960,#3966),.PCURVE_S1.);
#3954 = B_SPLINE_CURVE_WITH_KNOTS('',2,(#3955,#3956,#3957,#3958,#3959),
  .UNSPECIFIED.,.F.,.F.,(3,1,1,3),(-4.25952,5.058851665311E-14,116.,
    120.25952),.UNSPECIFIED.);
#3955 = CARTESIAN_POINT('',(62.25952,9.889574682823,282.));
#3956 = CARTESIAN_POINT('',(60.12976,9.889574682823,282.));
#3957 = CARTESIAN_POINT('',(7.105427357601E-15,9.889574682823,282.));
#3958 = CARTESIAN_POINT('',(-60.12976,9.889574682823,282.));
#3959 = CARTESIAN_POINT('',(-62.25952,9.889574682823,282.));
#3960 = PCURVE('',#1140,#3961);
#3961 = DEFINITIONAL_REPRESENTATION('',(#3962),#3965);
#3962 = B_SPLINE_CURVE_WITH_KNOTS('',1,(#3963,#3964),.UNSPECIFIED.,.F.,
  .F.,(2,2),(5.058851665311E-14,116.),.PIECEWISE_BEZIER_KNOTS.);
#3963 = CARTESIAN_POINT('',(119.22940669018,8.65771942603));
#3964 = CARTESIAN_POINT('',(8.993559465147,-27.45402363044));
#3965 = ( GEOMETRIC_REPRESENTATION_CONTEXT(2) 
PARAMETRIC_REPRESENTATION_CONTEXT() REPRESENTATION_CONTEXT('2D SPACE',''
  ) );
#3966 = PCURVE('',#3967,#3983);
#3967 = ( BOUNDED_SURFACE() B_SPLINE_SURFACE(2,2,(
    (#3968,#3969,#3970,#3971,#3972)
    ,(#3973,#3974,#3975,#3976,#3977)
    ,(#3978,#3979,#3980,#3981,#3982
)),.UNSPECIFIED.,.F.,.F.,.F.) B_SPLINE_SURFACE_WITH_KNOTS((3,3),(3,1,1,3
    ),(0.,116.),(-4.25952,5.058851665311E-14,116.,120.25952),
.UNSPECIFIED.) GEOMETRIC_REPRESENTATION_ITEM() RATIONAL_B_SPLINE_SURFACE
((
    (1.,1.,1.,1.,1.)
    ,(0.70278225105,0.70278225105,0.70278225105,0.70278225105
      ,0.70278225105)
,(1.,1.,1.,1.,1.))) REPRESENTATION_ITEM('') SURFACE() );
#3968 = CARTESIAN_POINT('',(62.25952,18.888905512964,272.89025206304));
#3969 = CARTESIAN_POINT('',(60.12976,18.888905512964,272.89025206304));
#3970 = CARTESIAN_POINT('',(7.105427357601E-15,18.888905512964,
    272.89025206304));
#3971 = CARTESIAN_POINT('',(-60.12976,18.888905512964,272.89025206304));
#3972 = CARTESIAN_POINT('',(-62.25952,18.888905512964,272.89025206304));
#3973 = CARTESIAN_POINT('',(62.25952,19.,282.));
#3974 = CARTESIAN_POINT('',(60.12976,19.,282.));
#3975 = CARTESIAN_POINT('',(0.,19.,282.));
#3976 = CARTESIAN_POINT('',(-60.12976,19.,282.));
#3977 = CARTESIAN_POINT('',(-62.25952,19.,282.));
#3978 = CARTESIAN_POINT('',(62.25952,9.889574682823,282.));
#3979 = CARTESIAN_POINT('',(60.12976,9.889574682823,282.));
#3980 = CARTESIAN_POINT('',(7.105427357601E-15,9.889574682823,282.));
#3981 = CARTESIAN_POINT('',(-60.12976,9.889574682823,282.));
#3982 = CARTESIAN_POINT('',(-62.25952,9.889574682823,282.));
#3983 = DEFINITIONAL_REPRESENTATION('',(#3984),#3988);
#3984 = LINE('',#3985,#3986);
#3985 = CARTESIAN_POINT('',(116.,0.));
#3986 = VECTOR('',#3987,1.);
#3987 = DIRECTION('',(0.,1.));
#3988 = ( GEOMETRIC_REPRESENTATION_CONTEXT(2) 
PARAMETRIC_REPRESENTATION_CONTEXT() REPRESENTATION_CONTEXT('2D SPACE',''
  ) );
#3989 = ORIENTED_EDGE('',*,*,#3990,.F.);
#3990 = EDGE_CURVE('',#1123,#3951,#3991,.T.);
#3991 = SURFACE_CURVE('',#3992,(#3998,#4004),.PCURVE_S1.);
#3992 = B_SPLINE_CURVE_WITH_KNOTS('',2,(#3993,#3994,#3995,#3996,#3997),
  .UNSPECIFIED.,.F.,.F.,(3,1,1,3),(-1.39536,1.518229986175E-14,38.,
    39.39536),.UNSPECIFIED.);
#3993 = CARTESIAN_POINT('',(48.777811224893,-20.39536,282.));
#3994 = CARTESIAN_POINT('',(48.777811224893,-19.69768,282.));
#3995 = CARTESIAN_POINT('',(48.777811224893,7.105427357601E-15,282.));
#3996 = CARTESIAN_POINT('',(48.777811224893,19.69768,282.));
#3997 = CARTESIAN_POINT('',(48.777811224893,20.39536,282.));
#3998 = PCURVE('',#1140,#3999);
#3999 = DEFINITIONAL_REPRESENTATION('',(#4000),#4003);
#4000 = B_SPLINE_CURVE_WITH_KNOTS('',1,(#4001,#4002),.UNSPECIFIED.,.F.,
  .F.,(2,2),(1.518229986175E-14,38.),.PIECEWISE_BEZIER_KNOTS.);
#4001 = CARTESIAN_POINT('',(101.47191797596,33.240800716264));
#4002 = CARTESIAN_POINT('',(113.30162690825,-2.870942340216));
#4003 = ( GEOMETRIC_REPRESENTATION_CONTEXT(2) 
PARAMETRIC_REPRESENTATION_CONTEXT() REPRESENTATION_CONTEXT('2D SPACE',''
  ) );
#4004 = PCURVE('',#3891,#4005);
#4005 = DEFINITIONAL_REPRESENTATION('',(#4006),#4010);
#4006 = LINE('',#4007,#4008);
#4007 = CARTESIAN_POINT('',(38.,0.));
#4008 = VECTOR('',#4009,1.);
#4009 = DIRECTION('',(0.,1.));
#4010 = ( GEOMETRIC_REPRESENTATION_CONTEXT(2) 
PARAMETRIC_REPRESENTATION_CONTEXT() REPRESENTATION_CONTEXT('2D SPACE',''
  ) );
#4011 = ADVANCED_FACE('',(#4012),#1687,.T.);
#4012 = FACE_BOUND('',#4013,.T.);
#4013 = EDGE_LOOP('',(#4014,#4038,#4113,#4142,#4177,#4199,#4200,#4201,
    #4202,#4203));
#4014 = ORIENTED_EDGE('',*,*,#4015,.F.);
#4015 = EDGE_CURVE('',#4016,#1632,#4018,.T.);
#4016 = VERTEX_POINT('',#4017);
#4017 = CARTESIAN_POINT('',(-49.44254650466,-16.52127313876,
    273.52228631225));
#4018 = SURFACE_CURVE('',#4019,(#4025,#4032),.PCURVE_S1.);
#4019 = B_SPLINE_CURVE_WITH_KNOTS('',2,(#4020,#4021,#4022,#4023,#4024),
  .UNSPECIFIED.,.F.,.F.,(3,1,1,3),(-4.083264,4.3687276019E-14,111.2,
    115.283264),.UNSPECIFIED.);
#4020 = CARTESIAN_POINT('',(-59.683264,-16.52127313876,273.52228631225)
  );
#4021 = CARTESIAN_POINT('',(-57.641632,-16.52127313876,273.52228631225)
  );
#4022 = CARTESIAN_POINT('',(-1.42108547152E-14,-16.52127313876,
    273.52228631225));
#4023 = CARTESIAN_POINT('',(57.641632,-16.52127313876,273.52228631225));
#4024 = CARTESIAN_POINT('',(59.683264,-16.52127313876,273.52228631225));
#4025 = PCURVE('',#1687,#4026);
#4026 = DEFINITIONAL_REPRESENTATION('',(#4027),#4031);
#4027 = LINE('',#4028,#4029);
#4028 = CARTESIAN_POINT('',(0.,0.));
#4029 = VECTOR('',#4030,1.);
#4030 = DIRECTION('',(0.,1.));
#4031 = ( GEOMETRIC_REPRESENTATION_CONTEXT(2) 
PARAMETRIC_REPRESENTATION_CONTEXT() REPRESENTATION_CONTEXT('2D SPACE',''
  ) );
#4032 = PCURVE('',#1651,#4033);
#4033 = DEFINITIONAL_REPRESENTATION('',(#4034),#4037);
#4034 = B_SPLINE_CURVE_WITH_KNOTS('',1,(#4035,#4036),.UNSPECIFIED.,.F.,
  .F.,(2,2),(4.3687276019E-14,111.2),.PIECEWISE_BEZIER_KNOTS.);
#4035 = CARTESIAN_POINT('',(-0.157900882223,0.92127313876));
#4036 = CARTESIAN_POINT('',(111.35790088222,0.92127313876));
#4037 = ( GEOMETRIC_REPRESENTATION_CONTEXT(2) 
PARAMETRIC_REPRESENTATION_CONTEXT() REPRESENTATION_CONTEXT('2D SPACE',''
  ) );
#4038 = ORIENTED_EDGE('',*,*,#4039,.T.);
#4039 = EDGE_CURVE('',#4016,#4040,#4042,.T.);
#4040 = VERTEX_POINT('',#4041);
#4041 = CARTESIAN_POINT('',(-49.44254644634,-10.52177644464,279.6));
#4042 = SURFACE_CURVE('',#4043,(#4048,#4096),.PCURVE_S1.);
#4043 = CIRCLE('',#4044,6.);
#4044 = AXIS2_PLACEMENT_3D('',#4045,#4046,#4047);
#4045 = CARTESIAN_POINT('',(-49.44254644634,-10.52177644464,273.6));
#4046 = DIRECTION('',(-1.,9.72073207893E-09,4.736951580376E-15));
#4047 = DIRECTION('',(-9.719916723346E-09,-0.999916115686,
    -1.295228129127E-02));
#4048 = PCURVE('',#1687,#4049);
#4049 = DEFINITIONAL_REPRESENTATION('',(#4050),#4095);
#4050 = B_SPLINE_CURVE_WITH_KNOTS('',8,(#4051,#4052,#4053,#4054,#4055,
    #4056,#4057,#4058,#4059,#4060,#4061,#4062,#4063,#4064,#4065,#4066,
    #4067,#4068,#4069,#4070,#4071,#4072,#4073,#4074,#4075,#4076,#4077,
    #4078,#4079,#4080,#4081,#4082,#4083,#4084,#4085,#4086,#4087,#4088,
    #4089,#4090,#4091,#4092,#4093,#4094),.UNSPECIFIED.,.F.,.F.,(9,7,7,7,
    7,7,9),(0.,0.197968621283,0.395937242566,0.791874485131,
    1.187811727697,1.38578034898,1.583748970263),.UNSPECIFIED.);
#4051 = CARTESIAN_POINT('',(-5.329070518201E-15,6.157453495333));
#4052 = CARTESIAN_POINT('',(1.933310757624,6.157453496347));
#4053 = CARTESIAN_POINT('',(3.843775852296,6.157453497349));
#4054 = CARTESIAN_POINT('',(5.732722918371,6.157453498339));
#4055 = CARTESIAN_POINT('',(7.601551993715,6.157453499319));
#4056 = CARTESIAN_POINT('',(9.45137318388,6.15745350029));
#4057 = CARTESIAN_POINT('',(11.283453231829,6.15745350125));
#4058 = CARTESIAN_POINT('',(13.09887349692,6.157453502203));
#4059 = CARTESIAN_POINT('',(16.698561534441,6.15745350409));
#4060 = CARTESIAN_POINT('',(18.482830289964,6.157453505026));
#4061 = CARTESIAN_POINT('',(20.252598377359,6.157453505954));
#4062 = CARTESIAN_POINT('',(22.008895191843,6.157453506875));
#4063 = CARTESIAN_POINT('',(23.752709612335,6.15745350779));
#4064 = CARTESIAN_POINT('',(25.484994685047,6.157453508698));
#4065 = CARTESIAN_POINT('',(27.206672307078,6.157453509601));
#4066 = CARTESIAN_POINT('',(32.342569115857,6.157453512295));
#4067 = CARTESIAN_POINT('',(35.727651940863,6.15745351407));
#4068 = CARTESIAN_POINT('',(39.081046178816,6.157453515829));
#4069 = CARTESIAN_POINT('',(42.409485594148,6.157453517575));
#4070 = CARTESIAN_POINT('',(45.719400326432,6.15745351931));
#4071 = CARTESIAN_POINT('',(49.017028082683,6.15745352104));
#4072 = CARTESIAN_POINT('',(52.308514117334,6.157453522766));
#4073 = CARTESIAN_POINT('',(58.891485882666,6.157453526219));
#4074 = CARTESIAN_POINT('',(62.182971917319,6.157453527945));
#4075 = CARTESIAN_POINT('',(65.480599673567,6.157453529674));
#4076 = CARTESIAN_POINT('',(68.790514405851,6.157453531411));
#4077 = CARTESIAN_POINT('',(72.118953821183,6.157453533156));
#4078 = CARTESIAN_POINT('',(75.472348059139,6.157453534915));
#4079 = CARTESIAN_POINT('',(78.857430884142,6.15745353669));
#4080 = CARTESIAN_POINT('',(83.993327692922,6.157453539384));
#4081 = CARTESIAN_POINT('',(85.715005314952,6.157453540286));
#4082 = CARTESIAN_POINT('',(87.447290387668,6.157453541195));
#4083 = CARTESIAN_POINT('',(89.191104808153,6.157453542109));
#4084 = CARTESIAN_POINT('',(90.947401622644,6.157453543031));
#4085 = CARTESIAN_POINT('',(92.717169710035,6.157453543959));
#4086 = CARTESIAN_POINT('',(94.501438465559,6.157453544895));
#4087 = CARTESIAN_POINT('',(98.101126503081,6.157453546782));
#4088 = CARTESIAN_POINT('',(99.916546768168,6.157453547734));
#4089 = CARTESIAN_POINT('',(101.74862681612,6.157453548696));
#4090 = CARTESIAN_POINT('',(103.59844800627,6.157453549665));
#4091 = CARTESIAN_POINT('',(105.46727708163,6.157453550646));
#4092 = CARTESIAN_POINT('',(107.3562241477,6.157453551636));
#4093 = CARTESIAN_POINT('',(109.26668924237,6.157453552638));
#4094 = CARTESIAN_POINT('',(111.2,6.157453553652));
#4095 = ( GEOMETRIC_REPRESENTATION_CONTEXT(2) 
PARAMETRIC_REPRESENTATION_CONTEXT() REPRESENTATION_CONTEXT('2D SPACE',''
  ) );
#4096 = PCURVE('',#4097,#4102);
#4097 = SPHERICAL_SURFACE('',#4098,6.);
#4098 = AXIS2_PLACEMENT_3D('',#4099,#4100,#4101);
#4099 = CARTESIAN_POINT('',(-49.44254644634,-10.52177644464,273.6));
#4100 = DIRECTION('',(0.999664589347,8.045156659383E-08,
    2.589804635615E-02));
#4101 = DIRECTION('',(3.354067017554E-04,-0.999916171945,
    -1.294359247575E-02));
#4102 = DEFINITIONAL_REPRESENTATION('',(#4103),#4112);
#4103 = B_SPLINE_CURVE_WITH_KNOTS('',7,(#4104,#4105,#4106,#4107,#4108,
    #4109,#4110,#4111),.UNSPECIFIED.,.F.,.F.,(8,8),(0.,1.583748970263),
  .PIECEWISE_BEZIER_KNOTS.);
#4104 = CARTESIAN_POINT('',(0.,-3.355289490694E-04));
#4105 = CARTESIAN_POINT('',(-0.226173991746,5.523408780638E-03));
#4106 = CARTESIAN_POINT('',(-0.452347004125,1.140235090326E-02));
#4107 = CARTESIAN_POINT('',(-0.678543926636,1.681192547383E-02));
#4108 = CARTESIAN_POINT('',(-0.904792431106,2.125952830529E-02));
#4109 = CARTESIAN_POINT('',(-1.131093153046,2.435371348057E-02));
#4110 = CARTESIAN_POINT('',(-1.357418858991,2.590092183065E-02));
#4111 = CARTESIAN_POINT('',(-1.583744623958,2.590094223823E-02));
#4112 = ( GEOMETRIC_REPRESENTATION_CONTEXT(2) 
PARAMETRIC_REPRESENTATION_CONTEXT() REPRESENTATION_CONTEXT('2D SPACE',''
  ) );
#4113 = ORIENTED_EDGE('',*,*,#4114,.T.);
#4114 = EDGE_CURVE('',#4040,#4115,#4117,.T.);
#4115 = VERTEX_POINT('',#4116);
#4116 = CARTESIAN_POINT('',(49.442546504667,-10.52177644464,279.6));
#4117 = SURFACE_CURVE('',#4118,(#4124,#4131),.PCURVE_S1.);
#4118 = B_SPLINE_CURVE_WITH_KNOTS('',2,(#4119,#4120,#4121,#4122,#4123),
  .UNSPECIFIED.,.F.,.F.,(3,1,1,3),(-4.083264,4.3687276019E-14,111.2,
    115.283264),.UNSPECIFIED.);
#4119 = CARTESIAN_POINT('',(-59.683264,-10.52177644464,279.6));
#4120 = CARTESIAN_POINT('',(-57.641632,-10.52177644464,279.6));
#4121 = CARTESIAN_POINT('',(-7.105427357601E-15,-10.52177644464,279.6));
#4122 = CARTESIAN_POINT('',(57.641632,-10.52177644464,279.6));
#4123 = CARTESIAN_POINT('',(59.683264,-10.52177644464,279.6));
#4124 = PCURVE('',#1687,#4125);
#4125 = DEFINITIONAL_REPRESENTATION('',(#4126),#4130);
#4126 = LINE('',#4127,#4128);
#4127 = CARTESIAN_POINT('',(111.2,0.));
#4128 = VECTOR('',#4129,1.);
#4129 = DIRECTION('',(0.,1.));
#4130 = ( GEOMETRIC_REPRESENTATION_CONTEXT(2) 
PARAMETRIC_REPRESENTATION_CONTEXT() REPRESENTATION_CONTEXT('2D SPACE',''
  ) );
#4131 = PCURVE('',#4132,#4137);
#4132 = PLANE('',#4133);
#4133 = AXIS2_PLACEMENT_3D('',#4134,#4135,#4136);
#4134 = CARTESIAN_POINT('',(-55.6,-16.6,279.6));
#4135 = DIRECTION('',(0.,0.,-1.));
#4136 = DIRECTION('',(0.958204912093,0.286082761524,0.));
#4137 = DEFINITIONAL_REPRESENTATION('',(#4138),#4141);
#4138 = B_SPLINE_CURVE_WITH_KNOTS('',1,(#4139,#4140),.UNSPECIFIED.,.F.,
  .F.,(2,2),(4.3687276019E-14,111.2),.PIECEWISE_BEZIER_KNOTS.);
#4139 = CARTESIAN_POINT('',(1.738874979878,-5.824183667543));
#4140 = CARTESIAN_POINT('',(108.29126120459,25.988219413938));
#4141 = ( GEOMETRIC_REPRESENTATION_CONTEXT(2) 
PARAMETRIC_REPRESENTATION_CONTEXT() REPRESENTATION_CONTEXT('2D SPACE',''
  ) );
#4142 = ORIENTED_EDGE('',*,*,#4143,.T.);
#4143 = EDGE_CURVE('',#4115,#4144,#4146,.T.);
#4144 = VERTEX_POINT('',#4145);
#4145 = CARTESIAN_POINT('',(49.442546446348,-16.52127313876,
    273.52228631225));
#4146 = SURFACE_CURVE('',#4147,(#4152,#4166),.PCURVE_S1.);
#4147 = CIRCLE('',#4148,6.);
#4148 = AXIS2_PLACEMENT_3D('',#4149,#4150,#4151);
#4149 = CARTESIAN_POINT('',(49.442546446348,-10.52177644464,273.6));
#4150 = DIRECTION('',(1.,1.259067800159E-10,-9.719911986395E-09));
#4151 = DIRECTION('',(1.259067800159E-10,-1.,5.908951436465E-16));
#4152 = PCURVE('',#1687,#4153);
#4153 = DEFINITIONAL_REPRESENTATION('',(#4154),#4165);
#4154 = B_SPLINE_CURVE_WITH_KNOTS('',9,(#4155,#4156,#4157,#4158,#4159,
    #4160,#4161,#4162,#4163,#4164),.UNSPECIFIED.,.F.,.F.,(10,10),(
    4.712388980385,6.296137950647),.PIECEWISE_BEZIER_KNOTS.);
#4155 = CARTESIAN_POINT('',(111.2,105.04254644634));
#4156 = CARTESIAN_POINT('',(97.452012390225,105.04254645355));
#4157 = CARTESIAN_POINT('',(84.841710040652,105.04254646018));
#4158 = CARTESIAN_POINT('',(72.899876741389,105.04254646642));
#4159 = CARTESIAN_POINT('',(61.328353212296,105.04254647252));
#4160 = CARTESIAN_POINT('',(49.871646787713,105.04254647849));
#4161 = CARTESIAN_POINT('',(38.300123258597,105.04254648458));
#4162 = CARTESIAN_POINT('',(26.358289959359,105.04254649084));
#4163 = CARTESIAN_POINT('',(13.747987609775,105.04254649745));
#4164 = CARTESIAN_POINT('',(7.105427357601E-15,105.04254650466));
#4165 = ( GEOMETRIC_REPRESENTATION_CONTEXT(2) 
PARAMETRIC_REPRESENTATION_CONTEXT() REPRESENTATION_CONTEXT('2D SPACE',''
  ) );
#4166 = PCURVE('',#4167,#4172);
#4167 = SPHERICAL_SURFACE('',#4168,6.);
#4168 = AXIS2_PLACEMENT_3D('',#4169,#4170,#4171);
#4169 = CARTESIAN_POINT('',(49.442546446348,-10.52177644464,273.6));
#4170 = DIRECTION('',(-9.719911986395E-09,-5.921189464668E-16,-1.));
#4171 = DIRECTION('',(1.259067800159E-10,-1.,5.908951436465E-16));
#4172 = DEFINITIONAL_REPRESENTATION('',(#4173),#4176);
#4173 = B_SPLINE_CURVE_WITH_KNOTS('',1,(#4174,#4175),.UNSPECIFIED.,.F.,
  .F.,(2,2),(4.712388980385,6.296137950647),.PIECEWISE_BEZIER_KNOTS.);
#4174 = CARTESIAN_POINT('',(0.,-1.570796326795));
#4175 = CARTESIAN_POINT('',(0.,1.295264346783E-02));
#4176 = ( GEOMETRIC_REPRESENTATION_CONTEXT(2) 
PARAMETRIC_REPRESENTATION_CONTEXT() REPRESENTATION_CONTEXT('2D SPACE',''
  ) );
#4177 = ORIENTED_EDGE('',*,*,#4178,.F.);
#4178 = EDGE_CURVE('',#2008,#4144,#4179,.T.);
#4179 = SURFACE_CURVE('',#4180,(#4186,#4193),.PCURVE_S1.);
#4180 = B_SPLINE_CURVE_WITH_KNOTS('',2,(#4181,#4182,#4183,#4184,#4185),
  .UNSPECIFIED.,.F.,.F.,(3,1,1,3),(-4.083264,4.3687276019E-14,111.2,
    115.283264),.UNSPECIFIED.);
#4181 = CARTESIAN_POINT('',(-59.683264,-16.52127313876,273.52228631225)
  );
#4182 = CARTESIAN_POINT('',(-57.641632,-16.52127313876,273.52228631225)
  );
#4183 = CARTESIAN_POINT('',(-1.42108547152E-14,-16.52127313876,
    273.52228631225));
#4184 = CARTESIAN_POINT('',(57.641632,-16.52127313876,273.52228631225));
#4185 = CARTESIAN_POINT('',(59.683264,-16.52127313876,273.52228631225));
#4186 = PCURVE('',#1687,#4187);
#4187 = DEFINITIONAL_REPRESENTATION('',(#4188),#4192);
#4188 = LINE('',#4189,#4190);
#4189 = CARTESIAN_POINT('',(0.,0.));
#4190 = VECTOR('',#4191,1.);
#4191 = DIRECTION('',(0.,1.));
#4192 = ( GEOMETRIC_REPRESENTATION_CONTEXT(2) 
PARAMETRIC_REPRESENTATION_CONTEXT() REPRESENTATION_CONTEXT('2D SPACE',''
  ) );
#4193 = PCURVE('',#1651,#4194);
#4194 = DEFINITIONAL_REPRESENTATION('',(#4195),#4198);
#4195 = B_SPLINE_CURVE_WITH_KNOTS('',1,(#4196,#4197),.UNSPECIFIED.,.F.,
  .F.,(2,2),(4.3687276019E-14,111.2),.PIECEWISE_BEZIER_KNOTS.);
#4196 = CARTESIAN_POINT('',(-0.157900882223,0.92127313876));
#4197 = CARTESIAN_POINT('',(111.35790088222,0.92127313876));
#4198 = ( GEOMETRIC_REPRESENTATION_CONTEXT(2) 
PARAMETRIC_REPRESENTATION_CONTEXT() REPRESENTATION_CONTEXT('2D SPACE',''
  ) );
#4199 = ORIENTED_EDGE('',*,*,#2036,.F.);
#4200 = ORIENTED_EDGE('',*,*,#3707,.T.);
#4201 = ORIENTED_EDGE('',*,*,#3675,.F.);
#4202 = ORIENTED_EDGE('',*,*,#3481,.T.);
#4203 = ORIENTED_EDGE('',*,*,#1665,.T.);
#4204 = ADVANCED_FACE('',(#4205),#1651,.F.);
#4205 = FACE_BOUND('',#4206,.F.);
#4206 = EDGE_LOOP('',(#4207,#4261,#4301,#4331,#4332,#4333,#4334,#4335,
    #4336,#4365,#4389,#4441,#4442,#4443,#4444,#4445,#4446,#4447,#4448));
#4207 = ORIENTED_EDGE('',*,*,#4208,.F.);
#4208 = EDGE_CURVE('',#4209,#4016,#4211,.T.);
#4209 = VERTEX_POINT('',#4210);
#4210 = CARTESIAN_POINT('',(-47.7534273297,-15.67671355326,
    208.32228631225));
#4211 = SURFACE_CURVE('',#4212,(#4221,#4229),.PCURVE_S1.);
#4212 = B_SPLINE_CURVE_WITH_KNOTS('',3,(#4213,#4214,#4215,#4216,#4217,
    #4218,#4219,#4220),.UNSPECIFIED.,.F.,.F.,(4,2,2,4),(-2.99134811774,
    -0.155375247867,77.154708548719,79.990681418592),.UNSPECIFIED.);
#4213 = CARTESIAN_POINT('',(-47.52656016882,-15.56328,199.565216));
#4214 = CARTESIAN_POINT('',(-47.55104016882,-15.57552,200.510144));
#4215 = CARTESIAN_POINT('',(-47.57552016882,-15.58776,201.455072));
#4216 = CARTESIAN_POINT('',(-48.26733760052,-15.93366871584,
    228.15922486346));
#4217 = CARTESIAN_POINT('',(-48.93467503222,-16.26733743169,
    253.91844972692));
#4218 = CARTESIAN_POINT('',(-49.62649246391,-16.61324614754,
    280.62260259038));
#4219 = CARTESIAN_POINT('',(-49.65097246391,-16.62548614754,
    281.56753059038));
#4220 = CARTESIAN_POINT('',(-49.67545246391,-16.63772614754,
    282.51245859038));
#4221 = PCURVE('',#1651,#4222);
#4222 = DEFINITIONAL_REPRESENTATION('',(#4223),#4228);
#4223 = B_SPLINE_CURVE_WITH_KNOTS('',3,(#4224,#4225,#4226,#4227),
  .UNSPECIFIED.,.F.,.F.,(4,4),(5.769394790756,70.996738784416),
  .PIECEWISE_BEZIER_KNOTS.);
#4224 = CARTESIAN_POINT('',(6.206115694366,7.671355326752E-02));
#4225 = CARTESIAN_POINT('',(6.141109420594,0.358233414976));
#4226 = CARTESIAN_POINT('',(6.078144336853,0.639753276803));
#4227 = CARTESIAN_POINT('',(6.017039435756,0.92127313876));
#4228 = ( GEOMETRIC_REPRESENTATION_CONTEXT(2) 
PARAMETRIC_REPRESENTATION_CONTEXT() REPRESENTATION_CONTEXT('2D SPACE',''
  ) );
#4229 = PCURVE('',#4230,#4255);
#4230 = ( BOUNDED_SURFACE() B_SPLINE_SURFACE(2,3,(
    (#4231,#4232,#4233,#4234,#4235,#4236,#4237,#4238)
    ,(#4239,#4240,#4241,#4242,#4243,#4244,#4245,#4246)
    ,(#4247,#4248,#4249,#4250,#4251,#4252,#4253,#4254
)),.UNSPECIFIED.,.F.,.F.,.F.) B_SPLINE_SURFACE_WITH_KNOTS((3,3),(4,2,2,4
    ),(0.,77.310083796586),(-2.99134811774,-0.155375247867,
    77.154708548719,79.990681418592),.UNSPECIFIED.) 
GEOMETRIC_REPRESENTATION_ITEM() RATIONAL_B_SPLINE_SURFACE((
    (1.,1.,1.,1.,1.,1.,1.,1.)
    ,(0.707225366761,0.707225366761,0.707225366761,0.707225366761
      ,0.707225366761,0.707225366761,0.707225366761,0.707225366761)
,(1.,1.,1.,1.,1.,1.,1.,1.))) REPRESENTATION_ITEM('') SURFACE() );
#4231 = CARTESIAN_POINT('',(-47.52656016882,-15.56328,199.565216));
#4232 = CARTESIAN_POINT('',(-47.55104016882,-15.57552,200.510144));
#4233 = CARTESIAN_POINT('',(-47.57552016882,-15.58776,201.455072));
#4234 = CARTESIAN_POINT('',(-48.26733760052,-15.93366871584,
    228.15922486346));
#4235 = CARTESIAN_POINT('',(-48.93467503222,-16.26733743169,
    253.91844972692));
#4236 = CARTESIAN_POINT('',(-49.62649246391,-16.61324614754,
    280.62260259038));
#4237 = CARTESIAN_POINT('',(-49.65097246391,-16.62548614754,
    281.56753059038));
#4238 = CARTESIAN_POINT('',(-49.67545246391,-16.63772614754,
    282.51245859038));
#4239 = CARTESIAN_POINT('',(-53.52253642194,-15.56126821097,
    199.40990588708));
#4240 = CARTESIAN_POINT('',(-53.54701642194,-15.57350821097,
    200.35483388708));
#4241 = CARTESIAN_POINT('',(-53.57149642194,-15.58574821097,
    201.29976188708));
#4242 = CARTESIAN_POINT('',(-54.26331385364,-15.93165692682,
    228.00391475054));
#4243 = CARTESIAN_POINT('',(-54.93065128533,-16.26532564266,
    253.763139614));
#4244 = CARTESIAN_POINT('',(-55.62246871703,-16.61123435851,
    280.46729247747));
#4245 = CARTESIAN_POINT('',(-55.64694871703,-16.62347435851,
    281.41222047747));
#4246 = CARTESIAN_POINT('',(-55.67142871703,-16.63571435851,
    282.35714847747));
#4247 = CARTESIAN_POINT('',(-53.52454770491,-9.563783305882,
    199.48754140961));
#4248 = CARTESIAN_POINT('',(-53.54902770491,-9.576023305882,
    200.43246940961));
#4249 = CARTESIAN_POINT('',(-53.57350770491,-9.588263305882,
    201.37739740961));
#4250 = CARTESIAN_POINT('',(-54.2653251366,-9.93417202173,
    228.08155027307));
#4251 = CARTESIAN_POINT('',(-54.9326625683,-10.26784073757,
    253.84077513653));
#4252 = CARTESIAN_POINT('',(-55.62448,-10.61374945342,280.544928));
#4253 = CARTESIAN_POINT('',(-55.64896,-10.62598945342,281.489856));
#4254 = CARTESIAN_POINT('',(-55.67344,-10.63822945342,282.434784));
#4255 = DEFINITIONAL_REPRESENTATION('',(#4256),#4260);
#4256 = LINE('',#4257,#4258);
#4257 = CARTESIAN_POINT('',(0.,0.));
#4258 = VECTOR('',#4259,1.);
#4259 = DIRECTION('',(0.,1.));
#4260 = ( GEOMETRIC_REPRESENTATION_CONTEXT(2) 
PARAMETRIC_REPRESENTATION_CONTEXT() REPRESENTATION_CONTEXT('2D SPACE',''
  ) );
#4261 = ORIENTED_EDGE('',*,*,#4262,.T.);
#4262 = EDGE_CURVE('',#4209,#4263,#4265,.T.);
#4263 = VERTEX_POINT('',#4264);
#4264 = CARTESIAN_POINT('',(-43.25962054333,-15.67671355326,
    208.32228631225));
#4265 = SURFACE_CURVE('',#4266,(#4272,#4278),.PCURVE_S1.);
#4266 = B_SPLINE_CURVE_WITH_KNOTS('',2,(#4267,#4268,#4269,#4270,#4271),
  .UNSPECIFIED.,.F.,.F.,(3,1,1,3),(-4.089811106535,-0.153427106535,
    107.35342710653,111.28981110653),.UNSPECIFIED.);
#4267 = CARTESIAN_POINT('',(-57.68981110653,-15.67671355326,
    208.32228631225));
#4268 = CARTESIAN_POINT('',(-55.72161910653,-15.67671355326,
    208.32228631225));
#4269 = CARTESIAN_POINT('',(0.,-15.67671355326,208.32228631225));
#4270 = CARTESIAN_POINT('',(55.721619106535,-15.67671355326,
    208.32228631225));
#4271 = CARTESIAN_POINT('',(57.689811106535,-15.67671355326,
    208.32228631225));
#4272 = PCURVE('',#1651,#4273);
#4273 = DEFINITIONAL_REPRESENTATION('',(#4274),#4277);
#4274 = B_SPLINE_CURVE_WITH_KNOTS('',1,(#4275,#4276),.UNSPECIFIED.,.F.,
  .F.,(2,2),(-0.153427106535,107.35342710653),.PIECEWISE_BEZIER_KNOTS.);
#4275 = CARTESIAN_POINT('',(-8.903988657494E-15,7.671355326752E-02));
#4276 = CARTESIAN_POINT('',(111.2,7.671355326752E-02));
#4277 = ( GEOMETRIC_REPRESENTATION_CONTEXT(2) 
PARAMETRIC_REPRESENTATION_CONTEXT() REPRESENTATION_CONTEXT('2D SPACE',''
  ) );
#4278 = PCURVE('',#4279,#4295);
#4279 = ( BOUNDED_SURFACE() B_SPLINE_SURFACE(2,2,(
    (#4280,#4281,#4282,#4283,#4284)
    ,(#4285,#4286,#4287,#4288,#4289)
    ,(#4290,#4291,#4292,#4293,#4294
)),.UNSPECIFIED.,.F.,.F.,.F.) B_SPLINE_SURFACE_WITH_KNOTS((3,3),(3,1,1,3
    ),(0.,107.50685421307),(-4.089811106535,-0.153427106535,
    107.35342710653,111.28981110653),.UNSPECIFIED.) 
GEOMETRIC_REPRESENTATION_ITEM() RATIONAL_B_SPLINE_SURFACE((
    (1.,1.,1.,1.,1.)
    ,(0.711671371242,0.711671371242,0.711671371242,0.711671371242
      ,0.711671371242)
,(1.,1.,1.,1.,1.))) REPRESENTATION_ITEM('') SURFACE() );
#4280 = CARTESIAN_POINT('',(-57.68981110653,-15.67671355326,
    208.32228631225));
#4281 = CARTESIAN_POINT('',(-55.72161910653,-15.67671355326,
    208.32228631225));
#4282 = CARTESIAN_POINT('',(0.,-15.67671355326,208.32228631225));
#4283 = CARTESIAN_POINT('',(55.721619106535,-15.67671355326,
    208.32228631225));
#4284 = CARTESIAN_POINT('',(57.689811106535,-15.67671355326,
    208.32228631225));
#4285 = CARTESIAN_POINT('',(-57.68981110653,-15.6,202.4));
#4286 = CARTESIAN_POINT('',(-55.72161910653,-15.6,202.4));
#4287 = CARTESIAN_POINT('',(-9.984141058252E-15,-15.6,202.4));
#4288 = CARTESIAN_POINT('',(55.721619106535,-15.6,202.4));
#4289 = CARTESIAN_POINT('',(57.689811106535,-15.6,202.4));
#4290 = CARTESIAN_POINT('',(-57.68981110653,-9.677216859149,202.4));
#4291 = CARTESIAN_POINT('',(-55.72161910653,-9.677216859149,202.4));
#4292 = CARTESIAN_POINT('',(0.,-9.677216859149,202.4));
#4293 = CARTESIAN_POINT('',(55.721619106535,-9.677216859149,202.4));
#4294 = CARTESIAN_POINT('',(57.689811106535,-9.677216859149,202.4));
#4295 = DEFINITIONAL_REPRESENTATION('',(#4296),#4300);
#4296 = LINE('',#4297,#4298);
#4297 = CARTESIAN_POINT('',(0.,0.));
#4298 = VECTOR('',#4299,1.);
#4299 = DIRECTION('',(0.,1.));
#4300 = ( GEOMETRIC_REPRESENTATION_CONTEXT(2) 
PARAMETRIC_REPRESENTATION_CONTEXT() REPRESENTATION_CONTEXT('2D SPACE',''
  ) );
#4301 = ORIENTED_EDGE('',*,*,#4302,.T.);
#4302 = EDGE_CURVE('',#4263,#3192,#4303,.T.);
#4303 = SURFACE_CURVE('',#4304,(#4311,#4321),.PCURVE_S1.);
#4304 = B_SPLINE_CURVE_WITH_KNOTS('',3,(#4305,#4306,#4307,#4308,#4309,
    #4310),.UNSPECIFIED.,.F.,.F.,(4,1,1,4),(0.,0.531764513647,
    0.994294138655,1.),.UNSPECIFIED.);
#4305 = CARTESIAN_POINT('',(-43.25961980618,-15.67671295326,
    208.32223999225));
#4306 = CARTESIAN_POINT('',(-43.25975459172,-15.67682260811,
    208.33070534634));
#4307 = CARTESIAN_POINT('',(-43.25993961207,-15.67702766304,
    208.34653558667));
#4308 = CARTESIAN_POINT('',(-43.25999966148,-15.67723387908,
    208.36245546553));
#4309 = CARTESIAN_POINT('',(-43.26,-15.67733042966,208.36990917001));
#4310 = CARTESIAN_POINT('',(-43.26,-15.67733160621,208.37));
#4311 = PCURVE('',#1651,#4312);
#4312 = DEFINITIONAL_REPRESENTATION('',(#4313),#4320);
#4313 = B_SPLINE_CURVE_WITH_KNOTS('',3,(#4314,#4315,#4316,#4317,#4318,
    #4319),.UNSPECIFIED.,.F.,.F.,(4,1,1,4),(0.,0.531764513647,
    0.994294138655,1.),.UNSPECIFIED.);
#4314 = CARTESIAN_POINT('',(10.854296434872,7.671295326752E-02));
#4315 = CARTESIAN_POINT('',(10.854339577989,7.682260811326E-02));
#4316 = CARTESIAN_POINT('',(10.854489586462,7.702766303989E-02));
#4317 = CARTESIAN_POINT('',(10.854770785403,7.723387908723E-02));
#4318 = CARTESIAN_POINT('',(10.854931171561,7.733042966337E-02));
#4319 = CARTESIAN_POINT('',(10.854933130274,7.733160621762E-02));
#4320 = ( GEOMETRIC_REPRESENTATION_CONTEXT(2) 
PARAMETRIC_REPRESENTATION_CONTEXT() REPRESENTATION_CONTEXT('2D SPACE',''
  ) );
#4321 = PCURVE('',#2757,#4322);
#4322 = DEFINITIONAL_REPRESENTATION('',(#4323),#4330);
#4323 = B_SPLINE_CURVE_WITH_KNOTS('',3,(#4324,#4325,#4326,#4327,#4328,
    #4329),.UNSPECIFIED.,.F.,.F.,(4,1,1,4),(0.,0.531764513647,
    0.994294138655,1.),.UNSPECIFIED.);
#4324 = CARTESIAN_POINT('',(-1.592067513738E-02,8.323287046732));
#4325 = CARTESIAN_POINT('',(-1.309853278657E-02,8.323177391887));
#4326 = CARTESIAN_POINT('',(-7.82147288837E-03,8.32297233696));
#4327 = CARTESIAN_POINT('',(-2.514844821852E-03,8.322766120913));
#4328 = CARTESIAN_POINT('',(-3.02766624931E-05,8.322669570337));
#4329 = CARTESIAN_POINT('',(0.,8.322668393782));
#4330 = ( GEOMETRIC_REPRESENTATION_CONTEXT(2) 
PARAMETRIC_REPRESENTATION_CONTEXT() REPRESENTATION_CONTEXT('2D SPACE',''
  ) );
#4331 = ORIENTED_EDGE('',*,*,#3214,.T.);
#4332 = ORIENTED_EDGE('',*,*,#3092,.T.);
#4333 = ORIENTED_EDGE('',*,*,#3069,.F.);
#4334 = ORIENTED_EDGE('',*,*,#2958,.T.);
#4335 = ORIENTED_EDGE('',*,*,#2871,.F.);
#4336 = ORIENTED_EDGE('',*,*,#4337,.T.);
#4337 = EDGE_CURVE('',#2849,#4338,#4340,.T.);
#4338 = VERTEX_POINT('',#4339);
#4339 = CARTESIAN_POINT('',(43.259620543336,-15.67671355326,
    208.32228631225));
#4340 = SURFACE_CURVE('',#4341,(#4347,#4356),.PCURVE_S1.);
#4341 = B_SPLINE_CURVE_WITH_KNOTS('',3,(#4342,#4343,#4344,#4345,#4346),
  .UNSPECIFIED.,.F.,.F.,(4,1,4),(0.,0.574904338049,1.),.UNSPECIFIED.);
#4342 = CARTESIAN_POINT('',(43.26,-15.67733160621,208.37));
#4343 = CARTESIAN_POINT('',(43.26,-15.67721305087,208.36084752773));
#4344 = CARTESIAN_POINT('',(43.259927156076,-15.67700684319,
    208.34492829449));
#4345 = CARTESIAN_POINT('',(43.259727555279,-15.67680061259,
    208.32900729256));
#4346 = CARTESIAN_POINT('',(43.259619806185,-15.67671295326,
    208.32223999225));
#4347 = PCURVE('',#1651,#4348);
#4348 = DEFINITIONAL_REPRESENTATION('',(#4349),#4355);
#4349 = B_SPLINE_CURVE_WITH_KNOTS('',3,(#4350,#4351,#4352,#4353,#4354),
  .UNSPECIFIED.,.F.,.F.,(4,1,4),(0.,0.574904338049,1.),.UNSPECIFIED.);
#4350 = CARTESIAN_POINT('',(100.34506686972,7.733160621762E-02));
#4351 = CARTESIAN_POINT('',(100.34526423926,7.721305087736E-02));
#4352 = CARTESIAN_POINT('',(100.34553219137,7.700684319289E-02));
#4353 = CARTESIAN_POINT('',(100.34566907602,7.680061259792E-02));
#4354 = CARTESIAN_POINT('',(100.34570356512,7.671295326752E-02));
#4355 = ( GEOMETRIC_REPRESENTATION_CONTEXT(2) 
PARAMETRIC_REPRESENTATION_CONTEXT() REPRESENTATION_CONTEXT('2D SPACE',''
  ) );
#4356 = PCURVE('',#2552,#4357);
#4357 = DEFINITIONAL_REPRESENTATION('',(#4358),#4364);
#4358 = B_SPLINE_CURVE_WITH_KNOTS('',3,(#4359,#4360,#4361,#4362,#4363),
  .UNSPECIFIED.,.F.,.F.,(4,1,4),(0.,0.574904338049,1.),.UNSPECIFIED.);
#4359 = CARTESIAN_POINT('',(0.,8.322668393782));
#4360 = CARTESIAN_POINT('',(3.050824089211E-03,8.322786949123));
#4361 = CARTESIAN_POINT('',(8.357235149242E-03,8.322993156807));
#4362 = CARTESIAN_POINT('',(1.36646224558E-02,8.323199387402));
#4363 = CARTESIAN_POINT('',(1.592067513738E-02,8.323287046732));
#4364 = ( GEOMETRIC_REPRESENTATION_CONTEXT(2) 
PARAMETRIC_REPRESENTATION_CONTEXT() REPRESENTATION_CONTEXT('2D SPACE',''
  ) );
#4365 = ORIENTED_EDGE('',*,*,#4366,.T.);
#4366 = EDGE_CURVE('',#4338,#4367,#4369,.T.);
#4367 = VERTEX_POINT('',#4368);
#4368 = CARTESIAN_POINT('',(47.753427329704,-15.67671355326,
    208.32228631225));
#4369 = SURFACE_CURVE('',#4370,(#4376,#4382),.PCURVE_S1.);
#4370 = B_SPLINE_CURVE_WITH_KNOTS('',2,(#4371,#4372,#4373,#4374,#4375),
  .UNSPECIFIED.,.F.,.F.,(3,1,1,3),(-4.089811106535,-0.153427106535,
    107.35342710653,111.28981110653),.UNSPECIFIED.);
#4371 = CARTESIAN_POINT('',(-57.68981110653,-15.67671355326,
    208.32228631225));
#4372 = CARTESIAN_POINT('',(-55.72161910653,-15.67671355326,
    208.32228631225));
#4373 = CARTESIAN_POINT('',(0.,-15.67671355326,208.32228631225));
#4374 = CARTESIAN_POINT('',(55.721619106535,-15.67671355326,
    208.32228631225));
#4375 = CARTESIAN_POINT('',(57.689811106535,-15.67671355326,
    208.32228631225));
#4376 = PCURVE('',#1651,#4377);
#4377 = DEFINITIONAL_REPRESENTATION('',(#4378),#4381);
#4378 = B_SPLINE_CURVE_WITH_KNOTS('',1,(#4379,#4380),.UNSPECIFIED.,.F.,
  .F.,(2,2),(-0.153427106535,107.35342710653),.PIECEWISE_BEZIER_KNOTS.);
#4379 = CARTESIAN_POINT('',(-8.903988657494E-15,7.671355326752E-02));
#4380 = CARTESIAN_POINT('',(111.2,7.671355326752E-02));
#4381 = ( GEOMETRIC_REPRESENTATION_CONTEXT(2) 
PARAMETRIC_REPRESENTATION_CONTEXT() REPRESENTATION_CONTEXT('2D SPACE',''
  ) );
#4382 = PCURVE('',#4279,#4383);
#4383 = DEFINITIONAL_REPRESENTATION('',(#4384),#4388);
#4384 = LINE('',#4385,#4386);
#4385 = CARTESIAN_POINT('',(0.,0.));
#4386 = VECTOR('',#4387,1.);
#4387 = DIRECTION('',(0.,1.));
#4388 = ( GEOMETRIC_REPRESENTATION_CONTEXT(2) 
PARAMETRIC_REPRESENTATION_CONTEXT() REPRESENTATION_CONTEXT('2D SPACE',''
  ) );
#4389 = ORIENTED_EDGE('',*,*,#4390,.T.);
#4390 = EDGE_CURVE('',#4367,#4144,#4391,.T.);
#4391 = SURFACE_CURVE('',#4392,(#4401,#4409),.PCURVE_S1.);
#4392 = B_SPLINE_CURVE_WITH_KNOTS('',3,(#4393,#4394,#4395,#4396,#4397,
    #4398,#4399,#4400),.UNSPECIFIED.,.F.,.F.,(4,2,2,4),(-2.99134811774,
    -0.155375247867,77.154708548719,79.990681418592),.UNSPECIFIED.);
#4393 = CARTESIAN_POINT('',(47.526560168828,-15.56328,199.565216));
#4394 = CARTESIAN_POINT('',(47.551040168828,-15.57552,200.510144));
#4395 = CARTESIAN_POINT('',(47.575520168828,-15.58776,201.455072));
#4396 = CARTESIAN_POINT('',(48.267337600524,-15.93366871584,
    228.15922486346));
#4397 = CARTESIAN_POINT('',(48.93467503222,-16.26733743169,
    253.91844972692));
#4398 = CARTESIAN_POINT('',(49.626492463916,-16.61324614754,
    280.62260259038));
#4399 = CARTESIAN_POINT('',(49.650972463916,-16.62548614754,
    281.56753059038));
#4400 = CARTESIAN_POINT('',(49.675452463916,-16.63772614754,
    282.51245859038));
#4401 = PCURVE('',#1651,#4402);
#4402 = DEFINITIONAL_REPRESENTATION('',(#4403),#4408);
#4403 = B_SPLINE_CURVE_WITH_KNOTS('',3,(#4404,#4405,#4406,#4407),
  .UNSPECIFIED.,.F.,.F.,(4,4),(5.769394790756,70.996738784416),
  .PIECEWISE_BEZIER_KNOTS.);
#4404 = CARTESIAN_POINT('',(104.99388430563,7.671355326752E-02));
#4405 = CARTESIAN_POINT('',(105.0588905794,0.358233414976));
#4406 = CARTESIAN_POINT('',(105.12185566314,0.639753276803));
#4407 = CARTESIAN_POINT('',(105.18296056424,0.92127313876));
#4408 = ( GEOMETRIC_REPRESENTATION_CONTEXT(2) 
PARAMETRIC_REPRESENTATION_CONTEXT() REPRESENTATION_CONTEXT('2D SPACE',''
  ) );
#4409 = PCURVE('',#4410,#4435);
#4410 = ( BOUNDED_SURFACE() B_SPLINE_SURFACE(2,3,(
    (#4411,#4412,#4413,#4414,#4415,#4416,#4417,#4418)
    ,(#4419,#4420,#4421,#4422,#4423,#4424,#4425,#4426)
    ,(#4427,#4428,#4429,#4430,#4431,#4432,#4433,#4434
)),.UNSPECIFIED.,.F.,.F.,.F.) B_SPLINE_SURFACE_WITH_KNOTS((3,3),(4,2,2,4
    ),(0.,77.310083796586),(-2.99134811774,-0.155375247867,
    77.154708548719,79.990681418592),.UNSPECIFIED.) 
GEOMETRIC_REPRESENTATION_ITEM() RATIONAL_B_SPLINE_SURFACE((
    (1.,1.,1.,1.,1.,1.,1.,1.)
    ,(0.707225366761,0.707225366761,0.707225366761,0.707225366761
      ,0.707225366761,0.707225366761,0.707225366761,0.707225366761)
,(1.,1.,1.,1.,1.,1.,1.,1.))) REPRESENTATION_ITEM('') SURFACE() );
#4411 = CARTESIAN_POINT('',(47.526560168828,-15.56328,199.565216));
#4412 = CARTESIAN_POINT('',(47.551040168828,-15.57552,200.510144));
#4413 = CARTESIAN_POINT('',(47.575520168828,-15.58776,201.455072));
#4414 = CARTESIAN_POINT('',(48.267337600524,-15.93366871584,
    228.15922486346));
#4415 = CARTESIAN_POINT('',(48.93467503222,-16.26733743169,
    253.91844972692));
#4416 = CARTESIAN_POINT('',(49.626492463916,-16.61324614754,
    280.62260259038));
#4417 = CARTESIAN_POINT('',(49.650972463916,-16.62548614754,
    281.56753059038));
#4418 = CARTESIAN_POINT('',(49.675452463916,-16.63772614754,
    282.51245859038));
#4419 = CARTESIAN_POINT('',(53.522536421945,-15.56126821097,
    199.40990588708));
#4420 = CARTESIAN_POINT('',(53.547016421945,-15.57350821097,
    200.35483388708));
#4421 = CARTESIAN_POINT('',(53.571496421945,-15.58574821097,
    201.29976188708));
#4422 = CARTESIAN_POINT('',(54.263313853641,-15.93165692682,
    228.00391475054));
#4423 = CARTESIAN_POINT('',(54.930651285337,-16.26532564266,
    253.763139614));
#4424 = CARTESIAN_POINT('',(55.622468717033,-16.61123435851,
    280.46729247747));
#4425 = CARTESIAN_POINT('',(55.646948717033,-16.62347435851,
    281.41222047747));
#4426 = CARTESIAN_POINT('',(55.671428717033,-16.63571435851,
    282.35714847747));
#4427 = CARTESIAN_POINT('',(53.524547704912,-9.563783305882,
    199.48754140961));
#4428 = CARTESIAN_POINT('',(53.549027704912,-9.576023305882,
    200.43246940961));
#4429 = CARTESIAN_POINT('',(53.573507704912,-9.588263305882,
    201.37739740961));
#4430 = CARTESIAN_POINT('',(54.265325136608,-9.93417202173,
    228.08155027307));
#4431 = CARTESIAN_POINT('',(54.932662568304,-10.26784073757,
    253.84077513653));
#4432 = CARTESIAN_POINT('',(55.62448,-10.61374945342,280.544928));
#4433 = CARTESIAN_POINT('',(55.64896,-10.62598945342,281.489856));
#4434 = CARTESIAN_POINT('',(55.67344,-10.63822945342,282.434784));
#4435 = DEFINITIONAL_REPRESENTATION('',(#4436),#4440);
#4436 = LINE('',#4437,#4438);
#4437 = CARTESIAN_POINT('',(0.,0.));
#4438 = VECTOR('',#4439,1.);
#4439 = DIRECTION('',(0.,1.));
#4440 = ( GEOMETRIC_REPRESENTATION_CONTEXT(2) 
PARAMETRIC_REPRESENTATION_CONTEXT() REPRESENTATION_CONTEXT('2D SPACE',''
  ) );
#4441 = ORIENTED_EDGE('',*,*,#4178,.F.);
#4442 = ORIENTED_EDGE('',*,*,#2007,.F.);
#4443 = ORIENTED_EDGE('',*,*,#1943,.T.);
#4444 = ORIENTED_EDGE('',*,*,#1887,.T.);
#4445 = ORIENTED_EDGE('',*,*,#1864,.T.);
#4446 = ORIENTED_EDGE('',*,*,#1762,.T.);
#4447 = ORIENTED_EDGE('',*,*,#1631,.T.);
#4448 = ORIENTED_EDGE('',*,*,#4015,.F.);
#4449 = ADVANCED_FACE('',(#4450),#2173,.T.);
#4450 = FACE_BOUND('',#4451,.F.);
#4451 = EDGE_LOOP('',(#4452,#4453,#4497));
#4452 = ORIENTED_EDGE('',*,*,#2093,.F.);
#4453 = ORIENTED_EDGE('',*,*,#4454,.T.);
#4454 = EDGE_CURVE('',#2094,#2338,#4455,.T.);
#4455 = SURFACE_CURVE('',#4456,(#4461,#4467),.PCURVE_S1.);
#4456 = CIRCLE('',#4457,9.);
#4457 = AXIS2_PLACEMENT_3D('',#4458,#4459,#4460);
#4458 = CARTESIAN_POINT('',(47.216835615137,-9.109086877944,209.));
#4459 = DIRECTION('',(8.014386019032E-08,1.,-4.762586009483E-16));
#4460 = DIRECTION('',(-2.438299245471E-02,1.954146662195E-09,
    -0.999702690643));
#4461 = PCURVE('',#2173,#4462);
#4462 = DEFINITIONAL_REPRESENTATION('',(#4463),#4466);
#4463 = B_SPLINE_CURVE_WITH_KNOTS('',1,(#4464,#4465),.UNSPECIFIED.,.F.,
  .F.,(2,2),(4.712388980385,6.258799898007),.PIECEWISE_BEZIER_KNOTS.);
#4464 = CARTESIAN_POINT('',(-1.558605436832,-1.570796326795));
#4465 = CARTESIAN_POINT('',(-1.558605436832,-2.438540917271E-02));
#4466 = ( GEOMETRIC_REPRESENTATION_CONTEXT(2) 
PARAMETRIC_REPRESENTATION_CONTEXT() REPRESENTATION_CONTEXT('2D SPACE',''
  ) );
#4467 = PCURVE('',#4468,#4484);
#4468 = ( BOUNDED_SURFACE() B_SPLINE_SURFACE(2,2,(
    (#4469,#4470,#4471,#4472,#4473)
    ,(#4474,#4475,#4476,#4477,#4478)
    ,(#4479,#4480,#4481,#4482,#4483
)),.UNSPECIFIED.,.F.,.F.,.F.) B_SPLINE_SURFACE_WITH_KNOTS((3,3),(3,1,1,3
    ),(0.,36.214159830925),(-1.428999915462,-0.107079915462,
    36.107079915462,37.428999915462),.UNSPECIFIED.) 
GEOMETRIC_REPRESENTATION_ITEM() RATIONAL_B_SPLINE_SURFACE((
    (1.,1.,1.,1.,1.)
    ,(0.715675552347,0.715675552347,0.715675552347,0.715675552347
      ,0.715675552347)
,(1.,1.,1.,1.,1.))) REPRESENTATION_ITEM('') SURFACE() );
#4469 = CARTESIAN_POINT('',(56.214159830925,-19.42899991546,
    208.7805530679));
#4470 = CARTESIAN_POINT('',(56.214159830925,-18.76803991546,
    208.7805530679));
#4471 = CARTESIAN_POINT('',(56.214159830925,-3.552713678801E-15,
    208.7805530679));
#4472 = CARTESIAN_POINT('',(56.214159830925,18.768039915462,
    208.7805530679));
#4473 = CARTESIAN_POINT('',(56.214159830925,19.428999915462,
    208.7805530679));
#4474 = CARTESIAN_POINT('',(56.,-19.42899991546,200.));
#4475 = CARTESIAN_POINT('',(56.,-18.76803991546,200.));
#4476 = CARTESIAN_POINT('',(56.,-6.205175074007E-15,200.));
#4477 = CARTESIAN_POINT('',(56.,18.768039915462,200.));
#4478 = CARTESIAN_POINT('',(56.,19.428999915462,200.));
#4479 = CARTESIAN_POINT('',(47.216835615137,-19.42899991546,200.));
#4480 = CARTESIAN_POINT('',(47.216835615137,-18.76803991546,200.));
#4481 = CARTESIAN_POINT('',(47.216835615137,-3.552713678801E-15,200.));
#4482 = CARTESIAN_POINT('',(47.216835615137,18.768039915462,200.));
#4483 = CARTESIAN_POINT('',(47.216835615137,19.428999915462,200.));
#4484 = DEFINITIONAL_REPRESENTATION('',(#4485),#4496);
#4485 = B_SPLINE_CURVE_WITH_KNOTS('',9,(#4486,#4487,#4488,#4489,#4490,
    #4491,#4492,#4493,#4494,#4495),.UNSPECIFIED.,.F.,.F.,(10,10),(
    4.712388980385,6.258799898007),.PIECEWISE_BEZIER_KNOTS.);
#4486 = CARTESIAN_POINT('',(-1.960627511626E-14,8.890912400975));
#4487 = CARTESIAN_POINT('',(4.454573535314,8.890912489673));
#4488 = CARTESIAN_POINT('',(8.558614493817,8.890912571391));
#4489 = CARTESIAN_POINT('',(12.454504012278,8.890912648964));
#4490 = CARTESIAN_POINT('',(16.234898999341,8.890912724238));
#4491 = CARTESIAN_POINT('',(19.979260842953,8.890912798793));
#4492 = CARTESIAN_POINT('',(23.759655766055,8.890912874067));
#4493 = CARTESIAN_POINT('',(27.655545402173,8.89091295164));
#4494 = CARTESIAN_POINT('',(31.759586295611,8.890913033358));
#4495 = CARTESIAN_POINT('',(36.214159830925,8.890913122056));
#4496 = ( GEOMETRIC_REPRESENTATION_CONTEXT(2) 
PARAMETRIC_REPRESENTATION_CONTEXT() REPRESENTATION_CONTEXT('2D SPACE',''
  ) );
#4497 = ORIENTED_EDGE('',*,*,#2366,.F.);
#4498 = ADVANCED_FACE('',(#4499),#2205,.T.);
#4499 = FACE_BOUND('',#4500,.T.);
#4500 = EDGE_LOOP('',(#4501,#4502,#4526,#4580));
#4501 = ORIENTED_EDGE('',*,*,#2184,.F.);
#4502 = ORIENTED_EDGE('',*,*,#4503,.T.);
#4503 = EDGE_CURVE('',#2094,#4504,#4506,.T.);
#4504 = VERTEX_POINT('',#4505);
#4505 = CARTESIAN_POINT('',(56.214159830925,9.109087599025,
    208.7805530679));
#4506 = SURFACE_CURVE('',#4507,(#4513,#4519),.PCURVE_S1.);
#4507 = B_SPLINE_CURVE_WITH_KNOTS('',2,(#4508,#4509,#4510,#4511,#4512),
  .UNSPECIFIED.,.F.,.F.,(3,1,1,3),(-1.428999915462,-0.107079915462,
    36.107079915462,37.428999915462),.UNSPECIFIED.);
#4508 = CARTESIAN_POINT('',(56.214159830925,-19.42899991546,
    208.7805530679));
#4509 = CARTESIAN_POINT('',(56.214159830925,-18.76803991546,
    208.7805530679));
#4510 = CARTESIAN_POINT('',(56.214159830925,-3.552713678801E-15,
    208.7805530679));
#4511 = CARTESIAN_POINT('',(56.214159830925,18.768039915462,
    208.7805530679));
#4512 = CARTESIAN_POINT('',(56.214159830925,19.428999915462,
    208.7805530679));
#4513 = PCURVE('',#2205,#4514);
#4514 = DEFINITIONAL_REPRESENTATION('',(#4515),#4518);
#4515 = B_SPLINE_CURVE_WITH_KNOTS('',1,(#4516,#4517),.UNSPECIFIED.,.F.,
  .F.,(2,2),(-0.107079915462,36.107079915462),.PIECEWISE_BEZIER_KNOTS.);
#4516 = CARTESIAN_POINT('',(0.,0.107079915462));
#4517 = CARTESIAN_POINT('',(38.,0.107079915462));
#4518 = ( GEOMETRIC_REPRESENTATION_CONTEXT(2) 
PARAMETRIC_REPRESENTATION_CONTEXT() REPRESENTATION_CONTEXT('2D SPACE',''
  ) );
#4519 = PCURVE('',#4468,#4520);
#4520 = DEFINITIONAL_REPRESENTATION('',(#4521),#4525);
#4521 = LINE('',#4522,#4523);
#4522 = CARTESIAN_POINT('',(0.,0.));
#4523 = VECTOR('',#4524,1.);
#4524 = DIRECTION('',(0.,1.));
#4525 = ( GEOMETRIC_REPRESENTATION_CONTEXT(2) 
PARAMETRIC_REPRESENTATION_CONTEXT() REPRESENTATION_CONTEXT('2D SPACE',''
  ) );
#4526 = ORIENTED_EDGE('',*,*,#4527,.T.);
#4527 = EDGE_CURVE('',#4504,#4528,#4530,.T.);
#4528 = VERTEX_POINT('',#4529);
#4529 = CARTESIAN_POINT('',(57.775135440681,9.889574682823,
    272.7805530679));
#4530 = SURFACE_CURVE('',#4531,(#4540,#4548),.PCURVE_S1.);
#4531 = B_SPLINE_CURVE_WITH_KNOTS('',3,(#4532,#4533,#4534,#4535,#4536,
    #4537,#4538,#4539),.UNSPECIFIED.,.F.,.F.,(4,2,2,4),(-3.231589924731,
    -0.219430620577,81.920791292606,84.93295059676),.UNSPECIFIED.);
#4532 = CARTESIAN_POINT('',(55.923884414753,8.963949169859,
    196.87926100486));
#4533 = CARTESIAN_POINT('',(55.948364414753,8.976189169859,
    197.88294100486));
#4534 = CARTESIAN_POINT('',(55.972844414753,8.988429169859,
    198.88662100486));
#4535 = CARTESIAN_POINT('',(56.664882943168,9.334448434066,
    227.2602006699));
#4536 = CARTESIAN_POINT('',(57.332441471584,9.668227698274,
    254.63010033495));
#4537 = CARTESIAN_POINT('',(58.02448,10.014246962482,283.00368));
#4538 = CARTESIAN_POINT('',(58.04896,10.026486962482,284.00736));
#4539 = CARTESIAN_POINT('',(58.07344,10.038726962482,285.01104));
#4540 = PCURVE('',#2205,#4541);
#4541 = DEFINITIONAL_REPRESENTATION('',(#4542),#4547);
#4542 = B_SPLINE_CURVE_WITH_KNOTS('',3,(#4543,#4544,#4545,#4546),
  .UNSPECIFIED.,.F.,.F.,(4,4),(8.674126246146,72.697917184108),
  .PIECEWISE_BEZIER_KNOTS.);
#4543 = CARTESIAN_POINT('',(28.55828687947,0.107079915462));
#4544 = CARTESIAN_POINT('',(28.693948644109,0.367242516636));
#4545 = CARTESIAN_POINT('',(28.823769757811,0.627405118253));
#4546 = CARTESIAN_POINT('',(28.948445260796,0.88756772034));
#4547 = ( GEOMETRIC_REPRESENTATION_CONTEXT(2) 
PARAMETRIC_REPRESENTATION_CONTEXT() REPRESENTATION_CONTEXT('2D SPACE',''
  ) );
#4548 = PCURVE('',#4549,#4574);
#4549 = ( BOUNDED_SURFACE() B_SPLINE_SURFACE(2,3,(
    (#4550,#4551,#4552,#4553,#4554,#4555,#4556,#4557)
    ,(#4558,#4559,#4560,#4561,#4562,#4563,#4564,#4565)
    ,(#4566,#4567,#4568,#4569,#4570,#4571,#4572,#4573
)),.UNSPECIFIED.,.F.,.F.,.F.) B_SPLINE_SURFACE_WITH_KNOTS((3,3),(4,2,2,4
    ),(0.,82.140221913184),(-3.231589924731,-0.219430620577,
    81.920791292606,84.93295059676),.UNSPECIFIED.) 
GEOMETRIC_REPRESENTATION_ITEM() RATIONAL_B_SPLINE_SURFACE((
    (1.,1.,1.,1.,1.,1.,1.,1.)
    ,(0.707211895919,0.707211895919,0.707211895919,0.707211895919
      ,0.707211895919,0.707211895919,0.707211895919,0.707211895919)
,(1.,1.,1.,1.,1.,1.,1.,1.))) REPRESENTATION_ITEM('') SURFACE() );
#4550 = CARTESIAN_POINT('',(55.923884414753,8.963949169859,
    196.87926100486));
#4551 = CARTESIAN_POINT('',(55.948364414753,8.976189169859,
    197.88294100486));
#4552 = CARTESIAN_POINT('',(55.972844414753,8.988429169859,
    198.88662100486));
#4553 = CARTESIAN_POINT('',(56.664882943168,9.334448434066,
    227.2602006699));
#4554 = CARTESIAN_POINT('',(57.332441471584,9.668227698274,
    254.63010033495));
#4555 = CARTESIAN_POINT('',(58.02448,10.014246962482,283.00368));
#4556 = CARTESIAN_POINT('',(58.04896,10.026486962482,284.00736));
#4557 = CARTESIAN_POINT('',(58.07344,10.038726962482,285.01104));
#4558 = CARTESIAN_POINT('',(55.92121002241,17.960605011205,
    196.7696109188));
#4559 = CARTESIAN_POINT('',(55.94569002241,17.972845011205,
    197.7732909188));
#4560 = CARTESIAN_POINT('',(55.97017002241,17.985085011205,
    198.7769709188));
#4561 = CARTESIAN_POINT('',(56.662208550826,18.331104275413,
    227.15055058385));
#4562 = CARTESIAN_POINT('',(57.329767079241,18.664883539621,
    254.52045024889));
#4563 = CARTESIAN_POINT('',(58.021805607657,19.010902803829,
    282.89402991394));
#4564 = CARTESIAN_POINT('',(58.046285607657,19.023142803829,
    283.89770991394));
#4565 = CARTESIAN_POINT('',(58.070765607657,19.035382803829,
    284.90138991394));
#4566 = CARTESIAN_POINT('',(46.926560198965,17.96328,196.98896));
#4567 = CARTESIAN_POINT('',(46.951040198965,17.97552,197.99264));
#4568 = CARTESIAN_POINT('',(46.975520198965,17.98776,198.99632));
#4569 = CARTESIAN_POINT('',(47.667558727381,18.333779264208,
    227.36989966504));
#4570 = CARTESIAN_POINT('',(48.335117255797,18.667558528416,
    254.73979933009));
#4571 = CARTESIAN_POINT('',(49.027155784213,19.013577792624,
    283.11337899513));
#4572 = CARTESIAN_POINT('',(49.051635784213,19.025817792624,
    284.11705899513));
#4573 = CARTESIAN_POINT('',(49.076115784213,19.038057792624,
    285.12073899513));
#4574 = DEFINITIONAL_REPRESENTATION('',(#4575),#4579);
#4575 = LINE('',#4576,#4577);
#4576 = CARTESIAN_POINT('',(0.,0.));
#4577 = VECTOR('',#4578,1.);
#4578 = DIRECTION('',(0.,1.));
#4579 = ( GEOMETRIC_REPRESENTATION_CONTEXT(2) 
PARAMETRIC_REPRESENTATION_CONTEXT() REPRESENTATION_CONTEXT('2D SPACE',''
  ) );
#4580 = ORIENTED_EDGE('',*,*,#4581,.F.);
#4581 = EDGE_CURVE('',#2185,#4528,#4582,.T.);
#4582 = SURFACE_CURVE('',#4583,(#4589,#4595),.PCURVE_S1.);
#4583 = B_SPLINE_CURVE_WITH_KNOTS('',2,(#4584,#4585,#4586,#4587,#4588),
  .UNSPECIFIED.,.F.,.F.,(3,1,1,3),(-1.39536,1.518229986175E-14,38.,
    39.39536),.UNSPECIFIED.);
#4584 = CARTESIAN_POINT('',(57.775135440681,-20.39536,272.7805530679));
#4585 = CARTESIAN_POINT('',(57.775135440681,-19.69768,272.7805530679));
#4586 = CARTESIAN_POINT('',(57.775135440681,3.552713678801E-15,
    272.7805530679));
#4587 = CARTESIAN_POINT('',(57.775135440681,19.69768,272.7805530679));
#4588 = CARTESIAN_POINT('',(57.775135440681,20.39536,272.7805530679));
#4589 = PCURVE('',#2205,#4590);
#4590 = DEFINITIONAL_REPRESENTATION('',(#4591),#4594);
#4591 = B_SPLINE_CURVE_WITH_KNOTS('',1,(#4592,#4593),.UNSPECIFIED.,.F.,
  .F.,(2,2),(1.518229986175E-14,38.),.PIECEWISE_BEZIER_KNOTS.);
#4592 = CARTESIAN_POINT('',(-0.11310155681,0.88756772034));
#4593 = CARTESIAN_POINT('',(38.11310155681,0.88756772034));
#4594 = ( GEOMETRIC_REPRESENTATION_CONTEXT(2) 
PARAMETRIC_REPRESENTATION_CONTEXT() REPRESENTATION_CONTEXT('2D SPACE',''
  ) );
#4595 = PCURVE('',#3891,#4596);
#4596 = DEFINITIONAL_REPRESENTATION('',(#4597),#4601);
#4597 = LINE('',#4598,#4599);
#4598 = CARTESIAN_POINT('',(0.,0.));
#4599 = VECTOR('',#4600,1.);
#4600 = DIRECTION('',(0.,1.));
#4601 = ( GEOMETRIC_REPRESENTATION_CONTEXT(2) 
PARAMETRIC_REPRESENTATION_CONTEXT() REPRESENTATION_CONTEXT('2D SPACE',''
  ) );
#4602 = ADVANCED_FACE('',(#4603),#2757,.F.);
#4603 = FACE_BOUND('',#4604,.T.);
#4604 = EDGE_LOOP('',(#4605,#4606,#4629,#4658,#4781,#4782));
#4605 = ORIENTED_EDGE('',*,*,#2645,.F.);
#4606 = ORIENTED_EDGE('',*,*,#4607,.T.);
#4607 = EDGE_CURVE('',#2612,#4608,#4610,.T.);
#4608 = VERTEX_POINT('',#4609);
#4609 = CARTESIAN_POINT('',(-40.26,-15.,205.37));
#4610 = SURFACE_CURVE('',#4611,(#4615,#4622),.PCURVE_S1.);
#4611 = LINE('',#4612,#4613);
#4612 = CARTESIAN_POINT('',(-40.26,-24.,205.37));
#4613 = VECTOR('',#4614,1.);
#4614 = DIRECTION('',(0.,1.,0.));
#4615 = PCURVE('',#2757,#4616);
#4616 = DEFINITIONAL_REPRESENTATION('',(#4617),#4621);
#4617 = LINE('',#4618,#4619);
#4618 = CARTESIAN_POINT('',(-1.570796326795,0.));
#4619 = VECTOR('',#4620,1.);
#4620 = DIRECTION('',(-0.,1.));
#4621 = ( GEOMETRIC_REPRESENTATION_CONTEXT(2) 
PARAMETRIC_REPRESENTATION_CONTEXT() REPRESENTATION_CONTEXT('2D SPACE',''
  ) );
#4622 = PCURVE('',#2631,#4623);
#4623 = DEFINITIONAL_REPRESENTATION('',(#4624),#4628);
#4624 = LINE('',#4625,#4626);
#4625 = CARTESIAN_POINT('',(3.,0.));
#4626 = VECTOR('',#4627,1.);
#4627 = DIRECTION('',(0.,1.));
#4628 = ( GEOMETRIC_REPRESENTATION_CONTEXT(2) 
PARAMETRIC_REPRESENTATION_CONTEXT() REPRESENTATION_CONTEXT('2D SPACE',''
  ) );
#4629 = ORIENTED_EDGE('',*,*,#4630,.T.);
#4630 = EDGE_CURVE('',#4608,#4631,#4633,.T.);
#4631 = VERTEX_POINT('',#4632);
#4632 = CARTESIAN_POINT('',(-41.48362864743,-15.,205.63088829487));
#4633 = SURFACE_CURVE('',#4634,(#4639,#4646),.PCURVE_S1.);
#4634 = CIRCLE('',#4635,3.);
#4635 = AXIS2_PLACEMENT_3D('',#4636,#4637,#4638);
#4636 = CARTESIAN_POINT('',(-40.26,-15.,208.37));
#4637 = DIRECTION('',(1.480297366167E-16,1.,-0.));
#4638 = DIRECTION('',(-1.,1.480297366167E-16,0.));
#4639 = PCURVE('',#2757,#4640);
#4640 = DEFINITIONAL_REPRESENTATION('',(#4641),#4645);
#4641 = LINE('',#4642,#4643);
#4642 = CARTESIAN_POINT('',(-6.28318530718,9.));
#4643 = VECTOR('',#4644,1.);
#4644 = DIRECTION('',(1.,-0.));
#4645 = ( GEOMETRIC_REPRESENTATION_CONTEXT(2) 
PARAMETRIC_REPRESENTATION_CONTEXT() REPRESENTATION_CONTEXT('2D SPACE',''
  ) );
#4646 = PCURVE('',#4647,#4652);
#4647 = SPHERICAL_SURFACE('',#4648,3.);
#4648 = AXIS2_PLACEMENT_3D('',#4649,#4650,#4651);
#4649 = CARTESIAN_POINT('',(-40.26,-15.,208.37));
#4650 = DIRECTION('',(0.,0.,1.));
#4651 = DIRECTION('',(-1.,1.480297366167E-16,0.));
#4652 = DEFINITIONAL_REPRESENTATION('',(#4653),#4657);
#4653 = LINE('',#4654,#4655);
#4654 = CARTESIAN_POINT('',(-0.,-6.28318530718));
#4655 = VECTOR('',#4656,1.);
#4656 = DIRECTION('',(-0.,1.));
#4657 = ( GEOMETRIC_REPRESENTATION_CONTEXT(2) 
PARAMETRIC_REPRESENTATION_CONTEXT() REPRESENTATION_CONTEXT('2D SPACE',''
  ) );
#4658 = ORIENTED_EDGE('',*,*,#4659,.T.);
#4659 = EDGE_CURVE('',#4631,#4263,#4660,.T.);
#4660 = SURFACE_CURVE('',#4661,(#4699,#4740),.PCURVE_S1.);
#4661 = B_SPLINE_CURVE_WITH_KNOTS('',8,(#4662,#4663,#4664,#4665,#4666,
    #4667,#4668,#4669,#4670,#4671,#4672,#4673,#4674,#4675,#4676,#4677,
    #4678,#4679,#4680,#4681,#4682,#4683,#4684,#4685,#4686,#4687,#4688,
    #4689,#4690,#4691,#4692,#4693,#4694,#4695,#4696,#4697,#4698),
  .UNSPECIFIED.,.F.,.F.,(9,7,7,7,7,9),(0.,7.245591123202E-02,
    0.144521577172,0.401237030527,0.656692826244,1.),.UNSPECIFIED.);
#4662 = CARTESIAN_POINT('',(-41.48362606571,-14.9999994,205.63088714155)
  );
#4663 = CARTESIAN_POINT('',(-41.53544821665,-15.01204299549,
    205.65403731387));
#4664 = CARTESIAN_POINT('',(-41.58453455322,-15.02400379324,
    205.67730938388));
#4665 = CARTESIAN_POINT('',(-41.63130161693,-15.03587186947,
    205.70068690851));
#4666 = CARTESIAN_POINT('',(-41.67603384384,-15.04764011943,
    205.7241577646));
#4667 = CARTESIAN_POINT('',(-41.71895049273,-15.059303169,205.7477124899
    ));
#4668 = CARTESIAN_POINT('',(-41.7602301036,-15.07085694544,
    205.77134370304));
#4669 = CARTESIAN_POINT('',(-41.80001709436,-15.08229852122,
    205.79504596531));
#4670 = CARTESIAN_POINT('',(-41.8766461941,-15.1048921602,
    205.84245690656));
#4671 = CARTESIAN_POINT('',(-41.91350123906,-15.11604494126,
    205.86616379382));
#4672 = CARTESIAN_POINT('',(-41.94911981062,-15.12708176325,
    205.88993143336));
#4673 = CARTESIAN_POINT('',(-41.98359860101,-15.13800064241,
    205.91375577524));
#4674 = CARTESIAN_POINT('',(-42.0170180532,-15.14879994598,
    205.93763327382));
#4675 = CARTESIAN_POINT('',(-42.04944709125,-15.15947832481,
    205.96156080274));
#4676 = CARTESIAN_POINT('',(-42.08094595021,-15.17003466889,
    205.98553560594));
#4677 = CARTESIAN_POINT('',(-42.22064711855,-15.21763445778,
    206.09511923068));
#4678 = CARTESIAN_POINT('',(-42.31858290687,-15.25323827106,
    206.18124650439));
#4679 = CARTESIAN_POINT('',(-42.40775650883,-15.28724105063,
    206.26783196978));
#4680 = CARTESIAN_POINT('',(-42.48936257619,-15.31962218891,
    206.35479035994));
#4681 = CARTESIAN_POINT('',(-42.56435461067,-15.35036983503,
    206.44204446052));
#4682 = CARTESIAN_POINT('',(-42.63337326726,-15.37948051889,
    206.5295268429));
#4683 = CARTESIAN_POINT('',(-42.69695388316,-15.40695627671,
    206.61717720413));
#4684 = CARTESIAN_POINT('',(-42.81378467305,-15.45852456551,
    206.79227795582));
#4685 = CARTESIAN_POINT('',(-42.86708053227,-15.48263113143,
    206.87972076077));
#4686 = CARTESIAN_POINT('',(-42.91580978241,-15.50512882216,
    206.9672134986));
#4687 = CARTESIAN_POINT('',(-42.96028463554,-15.52602652175,
    207.05470068639));
#4688 = CARTESIAN_POINT('',(-43.00075398154,-15.54533628366,
    207.14212916582));
#4689 = CARTESIAN_POINT('',(-43.03742622727,-15.56307295064,
    207.22944812514));
#4690 = CARTESIAN_POINT('',(-43.07048125199,-15.57925382093,
    207.31660915719));
#4691 = CARTESIAN_POINT('',(-43.13983780056,-15.61357916461,
    207.52042817383));
#4692 = CARTESIAN_POINT('',(-43.17334684753,-15.63048505813,
    207.63692071821));
#4693 = CARTESIAN_POINT('',(-43.20097051141,-15.6446632307,
    207.75293174494));
#4694 = CARTESIAN_POINT('',(-43.2230048072,-15.65616768524,
    207.86835517561));
#4695 = CARTESIAN_POINT('',(-43.23969362721,-15.66505827012,
    207.98309150695));
#4696 = CARTESIAN_POINT('',(-43.25124454466,-15.67139974369,
    208.09704808565));
#4697 = CARTESIAN_POINT('',(-43.25783666767,-15.67526087106,
    208.21013924629));
#4698 = CARTESIAN_POINT('',(-43.25962054333,-15.67671355326,
    208.32228631225));
#4699 = PCURVE('',#2757,#4700);
#4700 = DEFINITIONAL_REPRESENTATION('',(#4701),#4739);
#4701 = B_SPLINE_CURVE_WITH_KNOTS('',8,(#4702,#4703,#4704,#4705,#4706,
    #4707,#4708,#4709,#4710,#4711,#4712,#4713,#4714,#4715,#4716,#4717,
    #4718,#4719,#4720,#4721,#4722,#4723,#4724,#4725,#4726,#4727,#4728,
    #4729,#4730,#4731,#4732,#4733,#4734,#4735,#4736,#4737,#4738),
  .UNSPECIFIED.,.F.,.F.,(9,7,7,7,7,9),(0.,7.245591123202E-02,
    0.144521577172,0.401237030527,0.656692826244,1.),.UNSPECIFIED.);
#4702 = CARTESIAN_POINT('',(-1.150670484281,9.0000006));
#4703 = CARTESIAN_POINT('',(-1.131751164916,8.987957004501));
#4704 = CARTESIAN_POINT('',(-1.113647902454,8.975996206756));
#4705 = CARTESIAN_POINT('',(-1.096225866033,8.96412813053));
#4706 = CARTESIAN_POINT('',(-1.079393478633,8.95235988057));
#4707 = CARTESIAN_POINT('',(-1.063080372997,8.940696830994));
#4708 = CARTESIAN_POINT('',(-1.047229345386,8.929143054555));
#4709 = CARTESIAN_POINT('',(-1.031794190366,8.917701478775));
#4710 = CARTESIAN_POINT('',(-1.001757515974,8.895107839794));
#4711 = CARTESIAN_POINT('',(-0.987152646219,8.883955058732));
#4712 = CARTESIAN_POINT('',(-0.972882508309,8.87291823675));
#4713 = CARTESIAN_POINT('',(-0.95891633111,8.861999357589));
#4714 = CARTESIAN_POINT('',(-0.945228587432,8.851200054018));
#4715 = CARTESIAN_POINT('',(-0.931797448442,8.84052167519));
#4716 = CARTESIAN_POINT('',(-0.91860385963,8.82996533111));
#4717 = CARTESIAN_POINT('',(-0.859419601921,8.782365542213));
#4718 = CARTESIAN_POINT('',(-0.816014838959,8.746761728936));
#4719 = CARTESIAN_POINT('',(-0.774663865337,8.712758949362));
#4720 = CARTESIAN_POINT('',(-0.734995447331,8.680377811088));
#4721 = CARTESIAN_POINT('',(-0.696713607895,8.649630164964));
#4722 = CARTESIAN_POINT('',(-0.659621754194,8.620519481105));
#4723 = CARTESIAN_POINT('',(-0.623555248152,8.593043723286));
#4724 = CARTESIAN_POINT('',(-0.553389011647,8.54147543449));
#4725 = CARTESIAN_POINT('',(-0.51928281456,8.517368868561));
#4726 = CARTESIAN_POINT('',(-0.485942510642,8.494871177838));
#4727 = CARTESIAN_POINT('',(-0.453273880293,8.473973478242));
#4728 = CARTESIAN_POINT('',(-0.421202473939,8.454663716338));
#4729 = CARTESIAN_POINT('',(-0.389666290653,8.436927049355));
#4730 = CARTESIAN_POINT('',(-0.35861188874,8.420746179067));
#4731 = CARTESIAN_POINT('',(-0.286846435607,8.386420835389));
#4732 = CARTESIAN_POINT('',(-0.246487335992,8.369514941863));
#4733 = CARTESIAN_POINT('',(-0.206806207655,8.355336769295));
#4734 = CARTESIAN_POINT('',(-0.167715186996,8.34383231476));
#4735 = CARTESIAN_POINT('',(-0.129141056122,8.334941729878));
#4736 = CARTESIAN_POINT('',(-9.101961203004E-02,8.328600256308));
#4737 = CARTESIAN_POINT('',(-5.329231742709E-02,8.324739128934));
#4738 = CARTESIAN_POINT('',(-1.590523318228E-02,8.323286446732));
#4739 = ( GEOMETRIC_REPRESENTATION_CONTEXT(2) 
PARAMETRIC_REPRESENTATION_CONTEXT() REPRESENTATION_CONTEXT('2D SPACE',''
  ) );
#4740 = PCURVE('',#4279,#4741);
#4741 = DEFINITIONAL_REPRESENTATION('',(#4742),#4780);
#4742 = B_SPLINE_CURVE_WITH_KNOTS('',8,(#4743,#4744,#4745,#4746,#4747,
    #4748,#4749,#4750,#4751,#4752,#4753,#4754,#4755,#4756,#4757,#4758,
    #4759,#4760,#4761,#4762,#4763,#4764,#4765,#4766,#4767,#4768,#4769,
    #4770,#4771,#4772,#4773,#4774,#4775,#4776,#4777,#4778,#4779),
  .UNSPECIFIED.,.F.,.F.,(9,7,7,7,7,9),(0.,7.245591123202E-02,
    0.144521577172,0.401237030527,0.656692826244,1.),.UNSPECIFIED.);
#4743 = CARTESIAN_POINT('',(33.143434655223,12.116373934287));
#4744 = CARTESIAN_POINT('',(32.851569940145,12.064551783341));
#4745 = CARTESIAN_POINT('',(32.558694841775,12.015465446771));
#4746 = CARTESIAN_POINT('',(32.26500866336,11.968698383066));
#4747 = CARTESIAN_POINT('',(31.970653871135,11.923966156158));
#4748 = CARTESIAN_POINT('',(31.675737996469,11.881049507268));
#4749 = CARTESIAN_POINT('',(31.380341490898,11.839769896391));
#4750 = CARTESIAN_POINT('',(31.084519796678,11.799982905636));
#4751 = CARTESIAN_POINT('',(30.49369138245,11.723353805898));
#4752 = CARTESIAN_POINT('',(30.198702182722,11.686498760932));
#4753 = CARTESIAN_POINT('',(29.903385936287,11.650880189375));
#4754 = CARTESIAN_POINT('',(29.607779978816,11.616401398983));
#4755 = CARTESIAN_POINT('',(29.311914992683,11.582981946796));
#4756 = CARTESIAN_POINT('',(29.015816179249,11.550552908749));
#4757 = CARTESIAN_POINT('',(28.719503952444,11.519054049782));
#4758 = CARTESIAN_POINT('',(27.366754036572,11.379352881449));
#4759 = CARTESIAN_POINT('',(26.308082439128,11.281417093129));
#4760 = CARTESIAN_POINT('',(25.2476537435,11.192243491164));
#4761 = CARTESIAN_POINT('',(24.185873990442,11.110637423805));
#4762 = CARTESIAN_POINT('',(23.123046788766,11.035645389328));
#4763 = CARTESIAN_POINT('',(22.059358406522,10.966626732733));
#4764 = CARTESIAN_POINT('',(20.994917196286,10.903046116837));
#4765 = CARTESIAN_POINT('',(18.869807576966,10.786215326946));
#4766 = CARTESIAN_POINT('',(17.809224651274,10.732919467729));
#4767 = CARTESIAN_POINT('',(16.748097978785,10.68419021759));
#4768 = CARTESIAN_POINT('',(15.686507611347,10.639715364457));
#4769 = CARTESIAN_POINT('',(14.62451928027,10.599246018454));
#4770 = CARTESIAN_POINT('',(13.562186595075,10.562573772728));
#4771 = CARTESIAN_POINT('',(12.499552147762,10.529518748002));
#4772 = CARTESIAN_POINT('',(10.008209456365,10.460162199438));
#4773 = CARTESIAN_POINT('',(8.579297312606,10.426653152461));
#4774 = CARTESIAN_POINT('',(7.149997865443,10.39902948859));
#4775 = CARTESIAN_POINT('',(5.720386781852,10.376995192792));
#4776 = CARTESIAN_POINT('',(4.29052968448,10.360306372787));
#4777 = CARTESIAN_POINT('',(2.860482850524,10.348755455336));
#4778 = CARTESIAN_POINT('',(1.430293546657,10.342163332328));
#4779 = CARTESIAN_POINT('',(0.,10.340379456664));
#4780 = ( GEOMETRIC_REPRESENTATION_CONTEXT(2) 
PARAMETRIC_REPRESENTATION_CONTEXT() REPRESENTATION_CONTEXT('2D SPACE',''
  ) );
#4781 = ORIENTED_EDGE('',*,*,#4302,.T.);
#4782 = ORIENTED_EDGE('',*,*,#3191,.F.);
#4783 = ADVANCED_FACE('',(#4784),#2631,.T.);
#4784 = FACE_BOUND('',#4785,.T.);
#4785 = EDGE_LOOP('',(#4786,#4787,#4788,#4811));
#4786 = ORIENTED_EDGE('',*,*,#4607,.F.);
#4787 = ORIENTED_EDGE('',*,*,#2611,.T.);
#4788 = ORIENTED_EDGE('',*,*,#4789,.T.);
#4789 = EDGE_CURVE('',#2443,#4790,#4792,.T.);
#4790 = VERTEX_POINT('',#4791);
#4791 = CARTESIAN_POINT('',(40.26,-15.,205.37));
#4792 = SURFACE_CURVE('',#4793,(#4797,#4804),.PCURVE_S1.);
#4793 = LINE('',#4794,#4795);
#4794 = CARTESIAN_POINT('',(40.26,-24.,205.37));
#4795 = VECTOR('',#4796,1.);
#4796 = DIRECTION('',(0.,1.,0.));
#4797 = PCURVE('',#2631,#4798);
#4798 = DEFINITIONAL_REPRESENTATION('',(#4799),#4803);
#4799 = LINE('',#4800,#4801);
#4800 = CARTESIAN_POINT('',(83.52,0.));
#4801 = VECTOR('',#4802,1.);
#4802 = DIRECTION('',(0.,1.));
#4803 = ( GEOMETRIC_REPRESENTATION_CONTEXT(2) 
PARAMETRIC_REPRESENTATION_CONTEXT() REPRESENTATION_CONTEXT('2D SPACE',''
  ) );
#4804 = PCURVE('',#2552,#4805);
#4805 = DEFINITIONAL_REPRESENTATION('',(#4806),#4810);
#4806 = LINE('',#4807,#4808);
#4807 = CARTESIAN_POINT('',(1.570796326795,0.));
#4808 = VECTOR('',#4809,1.);
#4809 = DIRECTION('',(0.,1.));
#4810 = ( GEOMETRIC_REPRESENTATION_CONTEXT(2) 
PARAMETRIC_REPRESENTATION_CONTEXT() REPRESENTATION_CONTEXT('2D SPACE',''
  ) );
#4811 = ORIENTED_EDGE('',*,*,#4812,.F.);
#4812 = EDGE_CURVE('',#4608,#4790,#4813,.T.);
#4813 = SURFACE_CURVE('',#4814,(#4818,#4825),.PCURVE_S1.);
#4814 = LINE('',#4815,#4816);
#4815 = CARTESIAN_POINT('',(-43.26,-15.,205.37));
#4816 = VECTOR('',#4817,1.);
#4817 = DIRECTION('',(1.,0.,0.));
#4818 = PCURVE('',#2631,#4819);
#4819 = DEFINITIONAL_REPRESENTATION('',(#4820),#4824);
#4820 = LINE('',#4821,#4822);
#4821 = CARTESIAN_POINT('',(0.,9.));
#4822 = VECTOR('',#4823,1.);
#4823 = DIRECTION('',(1.,0.));
#4824 = ( GEOMETRIC_REPRESENTATION_CONTEXT(2) 
PARAMETRIC_REPRESENTATION_CONTEXT() REPRESENTATION_CONTEXT('2D SPACE',''
  ) );
#4825 = PCURVE('',#4826,#4831);
#4826 = CYLINDRICAL_SURFACE('',#4827,3.);
#4827 = AXIS2_PLACEMENT_3D('',#4828,#4829,#4830);
#4828 = CARTESIAN_POINT('',(-43.26,-15.,208.37));
#4829 = DIRECTION('',(1.,0.,0.));
#4830 = DIRECTION('',(-0.,1.,0.));
#4831 = DEFINITIONAL_REPRESENTATION('',(#4832),#4836);
#4832 = LINE('',#4833,#4834);
#4833 = CARTESIAN_POINT('',(-1.570796326795,0.));
#4834 = VECTOR('',#4835,1.);
#4835 = DIRECTION('',(-0.,1.));
#4836 = ( GEOMETRIC_REPRESENTATION_CONTEXT(2) 
PARAMETRIC_REPRESENTATION_CONTEXT() REPRESENTATION_CONTEXT('2D SPACE',''
  ) );
#4837 = ADVANCED_FACE('',(#4838),#2552,.F.);
#4838 = FACE_BOUND('',#4839,.F.);
#4839 = EDGE_LOOP('',(#4840,#4841,#4842,#4871,#4979,#4980));
#4840 = ORIENTED_EDGE('',*,*,#2442,.T.);
#4841 = ORIENTED_EDGE('',*,*,#4789,.T.);
#4842 = ORIENTED_EDGE('',*,*,#4843,.T.);
#4843 = EDGE_CURVE('',#4790,#4844,#4846,.T.);
#4844 = VERTEX_POINT('',#4845);
#4845 = CARTESIAN_POINT('',(41.483628647439,-15.,205.63088829487));
#4846 = SURFACE_CURVE('',#4847,(#4852,#4859),.PCURVE_S1.);
#4847 = CIRCLE('',#4848,3.);
#4848 = AXIS2_PLACEMENT_3D('',#4849,#4850,#4851);
#4849 = CARTESIAN_POINT('',(40.26,-15.,208.37));
#4850 = DIRECTION('',(1.480297366167E-16,-1.,0.));
#4851 = DIRECTION('',(1.,1.480297366167E-16,0.));
#4852 = PCURVE('',#2552,#4853);
#4853 = DEFINITIONAL_REPRESENTATION('',(#4854),#4858);
#4854 = LINE('',#4855,#4856);
#4855 = CARTESIAN_POINT('',(6.28318530718,9.));
#4856 = VECTOR('',#4857,1.);
#4857 = DIRECTION('',(-1.,-0.));
#4858 = ( GEOMETRIC_REPRESENTATION_CONTEXT(2) 
PARAMETRIC_REPRESENTATION_CONTEXT() REPRESENTATION_CONTEXT('2D SPACE',''
  ) );
#4859 = PCURVE('',#4860,#4865);
#4860 = SPHERICAL_SURFACE('',#4861,3.);
#4861 = AXIS2_PLACEMENT_3D('',#4862,#4863,#4864);
#4862 = CARTESIAN_POINT('',(40.26,-15.,208.37));
#4863 = DIRECTION('',(0.,0.,1.));
#4864 = DIRECTION('',(1.,1.480297366167E-16,-0.));
#4865 = DEFINITIONAL_REPRESENTATION('',(#4866),#4870);
#4866 = LINE('',#4867,#4868);
#4867 = CARTESIAN_POINT('',(0.,-6.28318530718));
#4868 = VECTOR('',#4869,1.);
#4869 = DIRECTION('',(0.,1.));
#4870 = ( GEOMETRIC_REPRESENTATION_CONTEXT(2) 
PARAMETRIC_REPRESENTATION_CONTEXT() REPRESENTATION_CONTEXT('2D SPACE',''
  ) );
#4871 = ORIENTED_EDGE('',*,*,#4872,.F.);
#4872 = EDGE_CURVE('',#4338,#4844,#4873,.T.);
#4873 = SURFACE_CURVE('',#4874,(#4907,#4943),.PCURVE_S1.);
#4874 = B_SPLINE_CURVE_WITH_KNOTS('',7,(#4875,#4876,#4877,#4878,#4879,
    #4880,#4881,#4882,#4883,#4884,#4885,#4886,#4887,#4888,#4889,#4890,
    #4891,#4892,#4893,#4894,#4895,#4896,#4897,#4898,#4899,#4900,#4901,
    #4902,#4903,#4904,#4905,#4906),.UNSPECIFIED.,.F.,.F.,(8,6,6,6,6,8),(
    0.,0.400227163474,0.6007687906,0.802042725172,0.903289895035,1.),
  .UNSPECIFIED.);
#4875 = CARTESIAN_POINT('',(43.259620543336,-15.67671355326,
    208.32228631225));
#4876 = CARTESIAN_POINT('',(43.257243825503,-15.67477809567,
    208.17286898624));
#4877 = CARTESIAN_POINT('',(43.246154590553,-15.66847831506,
    208.02174141016));
#4878 = CARTESIAN_POINT('',(43.225968230231,-15.65763198202,
    207.86910246928));
#4879 = CARTESIAN_POINT('',(43.196206550927,-15.64206838635,
    207.71517710405));
#4880 = CARTESIAN_POINT('',(43.156261307938,-15.6216333228,
    207.56021647193));
#4881 = CARTESIAN_POINT('',(43.105375156856,-15.59619468223,
    207.40449652643));
#4882 = CARTESIAN_POINT('',(43.010865005308,-15.5503421536,
    207.17005780643));
#4883 = CARTESIAN_POINT('',(42.976284913523,-15.53375383716,
    207.09168488633));
#4884 = CARTESIAN_POINT('',(42.938530633655,-15.51587004871,
    207.01323410528));
#4885 = CARTESIAN_POINT('',(42.897434091333,-15.49667953378,
    206.93474486182));
#4886 = CARTESIAN_POINT('',(42.85279757906,-15.47617314984,
    206.85625842168));
#4887 = CARTESIAN_POINT('',(42.804376886787,-15.45434417948,
    206.77781790186));
#4888 = CARTESIAN_POINT('',(42.699134297065,-15.40794866861,
    206.62083261041));
#4889 = CARTESIAN_POINT('',(42.642283645459,-15.3833729404,
    206.54229025865));
#4890 = CARTESIAN_POINT('',(42.58097232826,-15.35745715121,
    206.46388499368));
#4891 = CARTESIAN_POINT('',(42.514801355491,-15.33020025867,
    206.38566481597));
#4892 = CARTESIAN_POINT('',(42.443238049223,-15.30160563193,
    206.3076826098));
#4893 = CARTESIAN_POINT('',(42.365602292176,-15.27168174624,
    206.22999594749));
#4894 = CARTESIAN_POINT('',(42.238073636112,-15.22473224247,
    206.11377320433));
#4895 = CARTESIAN_POINT('',(42.193568227953,-15.20868742668,
    206.07496813781));
#4896 = CARTESIAN_POINT('',(42.14709412345,-15.19231279109,
    206.03626328417));
#4897 = CARTESIAN_POINT('',(42.098474067736,-15.17561127989,
    205.99766820622));
#4898 = CARTESIAN_POINT('',(42.047495255673,-15.15858686531,
    205.9591939553));
#4899 = CARTESIAN_POINT('',(41.993882253154,-15.14124492873,
    205.92085349411));
#4900 = CARTESIAN_POINT('',(41.883146669177,-15.10673191138,
    205.84618298451));
#4901 = CARTESIAN_POINT('',(41.826295954216,-15.08959000415,
    205.8098441808));
#4902 = CARTESIAN_POINT('',(41.766341426626,-15.07217173467,
    205.77365525263));
#4903 = CARTESIAN_POINT('',(41.702859986087,-15.05448526417,
    205.73763245937));
#4904 = CARTESIAN_POINT('',(41.63522585877,-15.03654497615,
    205.70180256917));
#4905 = CARTESIAN_POINT('',(41.562676304185,-15.01837087009,
    205.66620074026));
#4906 = CARTESIAN_POINT('',(41.483626065713,-14.9999994,205.63088714155)
  );
#4907 = PCURVE('',#2552,#4908);
#4908 = DEFINITIONAL_REPRESENTATION('',(#4909),#4942);
#4909 = B_SPLINE_CURVE_WITH_KNOTS('',7,(#4910,#4911,#4912,#4913,#4914,
    #4915,#4916,#4917,#4918,#4919,#4920,#4921,#4922,#4923,#4924,#4925,
    #4926,#4927,#4928,#4929,#4930,#4931,#4932,#4933,#4934,#4935,#4936,
    #4937,#4938,#4939,#4940,#4941),.UNSPECIFIED.,.F.,.F.,(8,6,6,6,6,8),(
    0.,0.400227163474,0.6007687906,0.802042725172,0.903289895035,1.),
  .UNSPECIFIED.);
#4910 = CARTESIAN_POINT('',(1.590523318229E-02,8.323286446732));
#4911 = CARTESIAN_POINT('',(6.571730902519E-02,8.325221904323));
#4912 = CARTESIAN_POINT('',(0.116145544289,8.331521684935));
#4913 = CARTESIAN_POINT('',(0.167327861342,8.34236801798));
#4914 = CARTESIAN_POINT('',(0.219415147709,8.357931613642));
#4915 = CARTESIAN_POINT('',(0.272589424426,8.378366677194));
#4916 = CARTESIAN_POINT('',(0.32707339807,8.403805317767));
#4917 = CARTESIAN_POINT('',(0.411330730214,8.449657846394));
#4918 = CARTESIAN_POINT('',(0.43987006178,8.46624616284));
#4919 = CARTESIAN_POINT('',(0.468865325414,8.484129951284));
#4920 = CARTESIAN_POINT('',(0.498366663795,8.503320466216));
#4921 = CARTESIAN_POINT('',(0.528433290517,8.523826850158));
#4922 = CARTESIAN_POINT('',(0.55913891021,8.545655820514));
#4923 = CARTESIAN_POINT('',(0.622138367372,8.592051331384));
#4924 = CARTESIAN_POINT('',(0.654436856695,8.616627059594));
#4925 = CARTESIAN_POINT('',(0.687576881323,8.642542848785));
#4926 = CARTESIAN_POINT('',(0.721680607707,8.669799741323));
#4927 = CARTESIAN_POINT('',(0.75691223674,8.698394368068));
#4928 = CARTESIAN_POINT('',(0.793482234106,8.728318253753));
#4929 = CARTESIAN_POINT('',(0.850996758016,8.775267757521));
#4930 = CARTESIAN_POINT('',(0.870674407397,8.791312573317));
#4931 = CARTESIAN_POINT('',(0.890826153438,8.807687208909));
#4932 = CARTESIAN_POINT('',(0.911507715772,8.824388720103));
#4933 = CARTESIAN_POINT('',(0.932786081084,8.841413134682));
#4934 = CARTESIAN_POINT('',(0.954748318047,8.858755071261));
#4935 = CARTESIAN_POINT('',(0.999268044714,8.893268088614));
#4936 = CARTESIAN_POINT('',(1.021752002643,8.910409995845));
#4937 = CARTESIAN_POINT('',(1.045082898469,8.927828265327));
#4938 = CARTESIAN_POINT('',(1.069395518038,8.945514735827));
#4939 = CARTESIAN_POINT('',(1.094890128833,8.963455023843));
#4940 = CARTESIAN_POINT('',(1.121810688225,8.981629129908));
#4941 = CARTESIAN_POINT('',(1.150670484282,9.0000006));
#4942 = ( GEOMETRIC_REPRESENTATION_CONTEXT(2) 
PARAMETRIC_REPRESENTATION_CONTEXT() REPRESENTATION_CONTEXT('2D SPACE',''
  ) );
#4943 = PCURVE('',#4279,#4944);
#4944 = DEFINITIONAL_REPRESENTATION('',(#4945),#4978);
#4945 = B_SPLINE_CURVE_WITH_KNOTS('',7,(#4946,#4947,#4948,#4949,#4950,
    #4951,#4952,#4953,#4954,#4955,#4956,#4957,#4958,#4959,#4960,#4961,
    #4962,#4963,#4964,#4965,#4966,#4967,#4968,#4969,#4970,#4971,#4972,
    #4973,#4974,#4975,#4976,#4977),.UNSPECIFIED.,.F.,.F.,(8,6,6,6,6,8),(
    0.,0.400227163474,0.6007687906,0.802042725172,0.903289895035,1.),
  .UNSPECIFIED.);
#4946 = CARTESIAN_POINT('',(0.,96.859620543336));
#4947 = CARTESIAN_POINT('',(1.905628429251,96.857243825503));
#4948 = CARTESIAN_POINT('',(3.81106109932,96.846154590553));
#4949 = CARTESIAN_POINT('',(5.71620847486,96.825968230231));
#4950 = CARTESIAN_POINT('',(7.620944339005,96.796206550928));
#4951 = CARTESIAN_POINT('',(9.525103457279,96.756261307938));
#4952 = CARTESIAN_POINT('',(11.428480805944,96.705375156856));
#4953 = CARTESIAN_POINT('',(14.284024659709,96.610865005308));
#4954 = CARTESIAN_POINT('',(15.236962748179,96.576284913523));
#4955 = CARTESIAN_POINT('',(16.189602980554,96.538530633655));
#4956 = CARTESIAN_POINT('',(17.141903916555,96.497434091333));
#4957 = CARTESIAN_POINT('',(18.093813951657,96.45279757906));
#4958 = CARTESIAN_POINT('',(19.045269638998,96.404376886787));
#4959 = CARTESIAN_POINT('',(20.95058814655,96.299134297065));
#4960 = CARTESIAN_POINT('',(21.904425775576,96.242283645459));
#4961 = CARTESIAN_POINT('',(22.857647695972,96.18097232826));
#4962 = CARTESIAN_POINT('',(23.810152572508,96.114801355491));
#4963 = CARTESIAN_POINT('',(24.761785136005,96.043238049223));
#4964 = CARTESIAN_POINT('',(25.712334668787,95.965602292176));
#4965 = CARTESIAN_POINT('',(27.138938153081,95.838073636112));
#4966 = CARTESIAN_POINT('',(27.616027753276,95.793568227953));
#4967 = CARTESIAN_POINT('',(28.092717130395,95.74709412345));
#4968 = CARTESIAN_POINT('',(28.568950626546,95.698474067736));
#4969 = CARTESIAN_POINT('',(29.044653475311,95.647495255673));
#4970 = CARTESIAN_POINT('',(29.519725780972,95.593882253154));
#4971 = CARTESIAN_POINT('',(30.447081557106,95.483146669177));
#4972 = CARTESIAN_POINT('',(30.899378308408,95.426295954217));
#4973 = CARTESIAN_POINT('',(31.350858280899,95.366341426626));
#4974 = CARTESIAN_POINT('',(31.801368847003,95.302859986087));
#4975 = CARTESIAN_POINT('',(32.250622202484,95.23522585877));
#4976 = CARTESIAN_POINT('',(32.698220110725,95.162676304185));
#4977 = CARTESIAN_POINT('',(33.143434655223,95.083626065713));
#4978 = ( GEOMETRIC_REPRESENTATION_CONTEXT(2) 
PARAMETRIC_REPRESENTATION_CONTEXT() REPRESENTATION_CONTEXT('2D SPACE',''
  ) );
#4979 = ORIENTED_EDGE('',*,*,#4337,.F.);
#4980 = ORIENTED_EDGE('',*,*,#2848,.F.);
#4981 = ADVANCED_FACE('',(#4982),#2355,.T.);
#4982 = FACE_BOUND('',#4983,.T.);
#4983 = EDGE_LOOP('',(#4984,#4985,#5009,#5049));
#4984 = ORIENTED_EDGE('',*,*,#2337,.F.);
#4985 = ORIENTED_EDGE('',*,*,#4986,.F.);
#4986 = EDGE_CURVE('',#4987,#2290,#4989,.T.);
#4987 = VERTEX_POINT('',#4988);
#4988 = CARTESIAN_POINT('',(-47.21683561513,9.109086877944,200.));
#4989 = SURFACE_CURVE('',#4990,(#4996,#5002),.PCURVE_S1.);
#4990 = B_SPLINE_CURVE_WITH_KNOTS('',2,(#4991,#4992,#4993,#4994,#4995),
  .UNSPECIFIED.,.F.,.F.,(3,1,1,3),(-1.428999915462,-0.107079915462,
    36.107079915462,37.428999915462),.UNSPECIFIED.);
#4991 = CARTESIAN_POINT('',(-47.21683561513,19.428999915462,200.));
#4992 = CARTESIAN_POINT('',(-47.21683561513,18.768039915462,200.));
#4993 = CARTESIAN_POINT('',(-47.21683561513,-3.552713678801E-15,200.));
#4994 = CARTESIAN_POINT('',(-47.21683561513,-18.76803991546,200.));
#4995 = CARTESIAN_POINT('',(-47.21683561513,-19.42899991546,200.));
#4996 = PCURVE('',#2355,#4997);
#4997 = DEFINITIONAL_REPRESENTATION('',(#4998),#5001);
#4998 = B_SPLINE_CURVE_WITH_KNOTS('',1,(#4999,#5000),.UNSPECIFIED.,.F.,
  .F.,(2,2),(-0.107079915462,36.107079915462),.PIECEWISE_BEZIER_KNOTS.);
#4999 = CARTESIAN_POINT('',(19.410921284895,-31.68724240928));
#5000 = CARTESIAN_POINT('',(8.329055915684,2.789672072706));
#5001 = ( GEOMETRIC_REPRESENTATION_CONTEXT(2) 
PARAMETRIC_REPRESENTATION_CONTEXT() REPRESENTATION_CONTEXT('2D SPACE',''
  ) );
#5002 = PCURVE('',#3270,#5003);
#5003 = DEFINITIONAL_REPRESENTATION('',(#5004),#5008);
#5004 = LINE('',#5005,#5006);
#5005 = CARTESIAN_POINT('',(36.214159830925,0.));
#5006 = VECTOR('',#5007,1.);
#5007 = DIRECTION('',(0.,1.));
#5008 = ( GEOMETRIC_REPRESENTATION_CONTEXT(2) 
PARAMETRIC_REPRESENTATION_CONTEXT() REPRESENTATION_CONTEXT('2D SPACE',''
  ) );
#5009 = ORIENTED_EDGE('',*,*,#5010,.F.);
#5010 = EDGE_CURVE('',#5011,#4987,#5013,.T.);
#5011 = VERTEX_POINT('',#5012);
#5012 = CARTESIAN_POINT('',(47.216835615137,9.109086877944,200.));
#5013 = SURFACE_CURVE('',#5014,(#5020,#5026),.PCURVE_S1.);
#5014 = B_SPLINE_CURVE_WITH_KNOTS('',2,(#5015,#5016,#5017,#5018,#5019),
  .UNSPECIFIED.,.F.,.F.,(3,1,1,3),(-4.329475416172,-0.216835416172,
    112.21683541617,116.32947541617),.UNSPECIFIED.);
#5015 = CARTESIAN_POINT('',(60.329475416172,9.109086877944,200.));
#5016 = CARTESIAN_POINT('',(58.273155416172,9.109086877944,200.));
#5017 = CARTESIAN_POINT('',(7.105427357601E-15,9.109086877944,200.));
#5018 = CARTESIAN_POINT('',(-58.27315541617,9.109086877944,200.));
#5019 = CARTESIAN_POINT('',(-60.32947541617,9.109086877944,200.));
#5020 = PCURVE('',#2355,#5021);
#5021 = DEFINITIONAL_REPRESENTATION('',(#5022),#5025);
#5022 = B_SPLINE_CURVE_WITH_KNOTS('',1,(#5023,#5024),.UNSPECIFIED.,.F.,
  .F.,(2,2),(-0.216835416172,112.21683541617),.PIECEWISE_BEZIER_KNOTS.);
#5023 = CARTESIAN_POINT('',(115.12926183051,8.53075685609));
#5024 = CARTESIAN_POINT('',(8.089195947974,-25.87497860615));
#5025 = ( GEOMETRIC_REPRESENTATION_CONTEXT(2) 
PARAMETRIC_REPRESENTATION_CONTEXT() REPRESENTATION_CONTEXT('2D SPACE',''
  ) );
#5026 = PCURVE('',#5027,#5043);
#5027 = ( BOUNDED_SURFACE() B_SPLINE_SURFACE(2,2,(
    (#5028,#5029,#5030,#5031,#5032)
    ,(#5033,#5034,#5035,#5036,#5037)
    ,(#5038,#5039,#5040,#5041,#5042
)),.UNSPECIFIED.,.F.,.F.,.F.) B_SPLINE_SURFACE_WITH_KNOTS((3,3),(3,1,1,3
    ),(0.,112.43367083234),(-4.329475416172,-0.216835416172,
    112.21683541617,116.32947541617),.UNSPECIFIED.) 
GEOMETRIC_REPRESENTATION_ITEM() RATIONAL_B_SPLINE_SURFACE((
    (1.,1.,1.,1.,1.)
    ,(0.711405023604,0.711405023604,0.711405023604,0.711405023604
      ,0.711405023604)
,(1.,1.,1.,1.,1.))) REPRESENTATION_ITEM('') SURFACE() );
#5028 = CARTESIAN_POINT('',(60.329475416172,18.108417708086,
    208.89025206304));
#5029 = CARTESIAN_POINT('',(58.273155416172,18.108417708086,
    208.89025206304));
#5030 = CARTESIAN_POINT('',(7.105427357601E-15,18.108417708086,
    208.89025206304));
#5031 = CARTESIAN_POINT('',(-58.27315541617,18.108417708086,
    208.89025206304));
#5032 = CARTESIAN_POINT('',(-60.32947541617,18.108417708086,
    208.89025206304));
#5033 = CARTESIAN_POINT('',(60.329475416172,18.,200.));
#5034 = CARTESIAN_POINT('',(58.273155416172,18.,200.));
#5035 = CARTESIAN_POINT('',(0.,18.,200.));
#5036 = CARTESIAN_POINT('',(-58.27315541617,18.,200.));
#5037 = CARTESIAN_POINT('',(-60.32947541617,18.,200.));
#5038 = CARTESIAN_POINT('',(60.329475416172,9.109086877944,200.));
#5039 = CARTESIAN_POINT('',(58.273155416172,9.109086877944,200.));
#5040 = CARTESIAN_POINT('',(7.105427357601E-15,9.109086877944,200.));
#5041 = CARTESIAN_POINT('',(-58.27315541617,9.109086877944,200.));
#5042 = CARTESIAN_POINT('',(-60.32947541617,9.109086877944,200.));
#5043 = DEFINITIONAL_REPRESENTATION('',(#5044),#5048);
#5044 = LINE('',#5045,#5046);
#5045 = CARTESIAN_POINT('',(112.43367083234,0.));
#5046 = VECTOR('',#5047,1.);
#5047 = DIRECTION('',(0.,1.));
#5048 = ( GEOMETRIC_REPRESENTATION_CONTEXT(2) 
PARAMETRIC_REPRESENTATION_CONTEXT() REPRESENTATION_CONTEXT('2D SPACE',''
  ) );
#5049 = ORIENTED_EDGE('',*,*,#5050,.F.);
#5050 = EDGE_CURVE('',#2338,#5011,#5051,.T.);
#5051 = SURFACE_CURVE('',#5052,(#5058,#5064),.PCURVE_S1.);
#5052 = B_SPLINE_CURVE_WITH_KNOTS('',2,(#5053,#5054,#5055,#5056,#5057),
  .UNSPECIFIED.,.F.,.F.,(3,1,1,3),(-1.428999915462,-0.107079915462,
    36.107079915462,37.428999915462),.UNSPECIFIED.);
#5053 = CARTESIAN_POINT('',(47.216835615137,-19.42899991546,200.));
#5054 = CARTESIAN_POINT('',(47.216835615137,-18.76803991546,200.));
#5055 = CARTESIAN_POINT('',(47.216835615137,-3.552713678801E-15,200.));
#5056 = CARTESIAN_POINT('',(47.216835615137,18.768039915462,200.));
#5057 = CARTESIAN_POINT('',(47.216835615137,19.428999915462,200.));
#5058 = PCURVE('',#2355,#5059);
#5059 = DEFINITIONAL_REPRESENTATION('',(#5060),#5063);
#5060 = B_SPLINE_CURVE_WITH_KNOTS('',1,(#5061,#5062),.UNSPECIFIED.,.F.,
  .F.,(2,2),(-0.107079915462,36.107079915462),.PIECEWISE_BEZIER_KNOTS.);
#5061 = CARTESIAN_POINT('',(98.232608073927,31.687242409284));
#5062 = CARTESIAN_POINT('',(109.31447344313,-2.789672072706));
#5063 = ( GEOMETRIC_REPRESENTATION_CONTEXT(2) 
PARAMETRIC_REPRESENTATION_CONTEXT() REPRESENTATION_CONTEXT('2D SPACE',''
  ) );
#5064 = PCURVE('',#4468,#5065);
#5065 = DEFINITIONAL_REPRESENTATION('',(#5066),#5070);
#5066 = LINE('',#5067,#5068);
#5067 = CARTESIAN_POINT('',(36.214159830925,0.));
#5068 = VECTOR('',#5069,1.);
#5069 = DIRECTION('',(0.,1.));
#5070 = ( GEOMETRIC_REPRESENTATION_CONTEXT(2) 
PARAMETRIC_REPRESENTATION_CONTEXT() REPRESENTATION_CONTEXT('2D SPACE',''
  ) );
#5071 = ADVANCED_FACE('',(#5072),#3270,.T.);
#5072 = FACE_BOUND('',#5073,.T.);
#5073 = EDGE_LOOP('',(#5074,#5107,#5108,#5109));
#5074 = ORIENTED_EDGE('',*,*,#5075,.T.);
#5075 = EDGE_CURVE('',#3346,#4987,#5076,.T.);
#5076 = SURFACE_CURVE('',#5077,(#5082,#5096),.PCURVE_S1.);
#5077 = CIRCLE('',#5078,9.);
#5078 = AXIS2_PLACEMENT_3D('',#5079,#5080,#5081);
#5079 = CARTESIAN_POINT('',(-47.21683561513,9.109086877944,209.));
#5080 = DIRECTION('',(-8.014385999605E-08,-1.,-3.46583605629E-16));
#5081 = DIRECTION('',(2.438299245472E-02,-1.954146787095E-09,
    -0.999702690643));
#5082 = PCURVE('',#3270,#5083);
#5083 = DEFINITIONAL_REPRESENTATION('',(#5084),#5095);
#5084 = B_SPLINE_CURVE_WITH_KNOTS('',9,(#5085,#5086,#5087,#5088,#5089,
    #5090,#5091,#5092,#5093,#5094),.UNSPECIFIED.,.F.,.F.,(10,10),(
    4.712388980385,6.258799898007),.PIECEWISE_BEZIER_KNOTS.);
#5085 = CARTESIAN_POINT('',(-1.842706722264E-15,8.890912400975));
#5086 = CARTESIAN_POINT('',(4.454573535313,8.890912489672));
#5087 = CARTESIAN_POINT('',(8.558614493819,8.890912571392));
#5088 = CARTESIAN_POINT('',(12.454504012275,8.890912648961));
#5089 = CARTESIAN_POINT('',(16.234898999344,8.890912724242));
#5090 = CARTESIAN_POINT('',(19.979260842949,8.890912798789));
#5091 = CARTESIAN_POINT('',(23.759655766058,8.89091287407));
#5092 = CARTESIAN_POINT('',(27.655545402171,8.890912951639));
#5093 = CARTESIAN_POINT('',(31.759586295611,8.890913033358));
#5094 = CARTESIAN_POINT('',(36.214159830925,8.890913122056));
#5095 = ( GEOMETRIC_REPRESENTATION_CONTEXT(2) 
PARAMETRIC_REPRESENTATION_CONTEXT() REPRESENTATION_CONTEXT('2D SPACE',''
  ) );
#5096 = PCURVE('',#5097,#5102);
#5097 = SPHERICAL_SURFACE('',#5098,9.);
#5098 = AXIS2_PLACEMENT_3D('',#5099,#5100,#5101);
#5099 = CARTESIAN_POINT('',(-47.21683561513,9.109086877944,209.));
#5100 = DIRECTION('',(0.999702690643,-8.012003248502E-08,
    2.438299245472E-02));
#5101 = DIRECTION('',(2.973231531606E-04,0.999925691997,
    -1.218696362549E-02));
#5102 = DEFINITIONAL_REPRESENTATION('',(#5103),#5106);
#5103 = B_SPLINE_CURVE_WITH_KNOTS('',1,(#5104,#5105),.UNSPECIFIED.,.F.,
  .F.,(2,2),(4.712388980385,6.258799898007),.PIECEWISE_BEZIER_KNOTS.);
#5104 = CARTESIAN_POINT('',(-1.558605436832,-1.570796326795));
#5105 = CARTESIAN_POINT('',(-1.558605436832,-2.438540917273E-02));
#5106 = ( GEOMETRIC_REPRESENTATION_CONTEXT(2) 
PARAMETRIC_REPRESENTATION_CONTEXT() REPRESENTATION_CONTEXT('2D SPACE',''
  ) );
#5107 = ORIENTED_EDGE('',*,*,#4986,.T.);
#5108 = ORIENTED_EDGE('',*,*,#3256,.F.);
#5109 = ORIENTED_EDGE('',*,*,#3399,.F.);
#5110 = ADVANCED_FACE('',(#5111),#3322,.F.);
#5111 = FACE_BOUND('',#5112,.F.);
#5112 = EDGE_LOOP('',(#5113,#5146,#5147,#5148));
#5113 = ORIENTED_EDGE('',*,*,#5114,.F.);
#5114 = EDGE_CURVE('',#3927,#3306,#5115,.T.);
#5115 = SURFACE_CURVE('',#5116,(#5121,#5135),.PCURVE_S1.);
#5116 = CIRCLE('',#5117,9.);
#5117 = AXIS2_PLACEMENT_3D('',#5118,#5119,#5120);
#5118 = CARTESIAN_POINT('',(-48.77781122489,9.889574682823,273.));
#5119 = DIRECTION('',(6.800021602973E-16,-1.,-1.578983846944E-15));
#5120 = DIRECTION('',(-1.,-6.800021363797E-16,-1.514750478135E-08));
#5121 = PCURVE('',#3322,#5122);
#5122 = DEFINITIONAL_REPRESENTATION('',(#5123),#5134);
#5123 = B_SPLINE_CURVE_WITH_KNOTS('',9,(#5124,#5125,#5126,#5127,#5128,
    #5129,#5130,#5131,#5132,#5133),.UNSPECIFIED.,.F.,.F.,(10,10),(
    4.712388980385,6.307570701205),.PIECEWISE_BEZIER_KNOTS.);
#5124 = CARTESIAN_POINT('',(38.,9.110425317177));
#5125 = CARTESIAN_POINT('',(33.294507624272,9.110425222013));
#5126 = CARTESIAN_POINT('',(28.984369582605,9.110425134845));
#5127 = CARTESIAN_POINT('',(24.905774942276,9.110425052359));
#5128 = CARTESIAN_POINT('',(20.955357168566,9.110424972466));
#5129 = CARTESIAN_POINT('',(17.044640396361,9.110424893376));
#5130 = CARTESIAN_POINT('',(13.094228791276,9.110424813483));
#5131 = CARTESIAN_POINT('',(9.015627510471,9.110424730997));
#5132 = CARTESIAN_POINT('',(4.705492375729,9.110424643829));
#5133 = CARTESIAN_POINT('',(-3.764034829452E-15,9.110424548664));
#5134 = ( GEOMETRIC_REPRESENTATION_CONTEXT(2) 
PARAMETRIC_REPRESENTATION_CONTEXT() REPRESENTATION_CONTEXT('2D SPACE',''
  ) );
#5135 = PCURVE('',#5136,#5141);
#5136 = SPHERICAL_SURFACE('',#5137,9.);
#5137 = AXIS2_PLACEMENT_3D('',#5138,#5139,#5140);
#5138 = CARTESIAN_POINT('',(-48.77781122489,9.889574682823,273.));
#5139 = DIRECTION('',(1.514750478135E-08,1.578983857245E-15,-1.));
#5140 = DIRECTION('',(-1.847240889637E-10,1.,1.576185748224E-15));
#5141 = DEFINITIONAL_REPRESENTATION('',(#5142),#5145);
#5142 = B_SPLINE_CURVE_WITH_KNOTS('',1,(#5143,#5144),.UNSPECIFIED.,.F.,
  .F.,(2,2),(4.712388980385,6.307570701205),.PIECEWISE_BEZIER_KNOTS.);
#5143 = CARTESIAN_POINT('',(-1.57079632661,-1.570796326795));
#5144 = CARTESIAN_POINT('',(-1.57079632661,2.438539402521E-02));
#5145 = ( GEOMETRIC_REPRESENTATION_CONTEXT(2) 
PARAMETRIC_REPRESENTATION_CONTEXT() REPRESENTATION_CONTEXT('2D SPACE',''
  ) );
#5146 = ORIENTED_EDGE('',*,*,#3926,.T.);
#5147 = ORIENTED_EDGE('',*,*,#3425,.F.);
#5148 = ORIENTED_EDGE('',*,*,#3305,.F.);
#5149 = ADVANCED_FACE('',(#5150),#3367,.T.);
#5150 = FACE_BOUND('',#5151,.T.);
#5151 = EDGE_LOOP('',(#5152,#5238,#5239,#5307));
#5152 = ORIENTED_EDGE('',*,*,#5153,.F.);
#5153 = EDGE_CURVE('',#3346,#5154,#5156,.T.);
#5154 = VERTEX_POINT('',#5155);
#5155 = CARTESIAN_POINT('',(-47.21683574305,18.108417708086,
    208.89025206304));
#5156 = SURFACE_CURVE('',#5157,(#5162,#5232),.PCURVE_S1.);
#5157 = CIRCLE('',#5158,9.);
#5158 = AXIS2_PLACEMENT_3D('',#5159,#5160,#5161);
#5159 = CARTESIAN_POINT('',(-47.21683561513,9.109086877944,209.));
#5160 = DIRECTION('',(2.438117962683E-02,-1.219058995537E-02,
    -0.999628404757));
#5161 = DIRECTION('',(2.973231531606E-04,0.999925691997,
    -1.218696362549E-02));
#5162 = PCURVE('',#3367,#5163);
#5163 = DEFINITIONAL_REPRESENTATION('',(#5164),#5231);
#5164 = B_SPLINE_CURVE_WITH_KNOTS('',9,(#5165,#5166,#5167,#5168,#5169,
    #5170,#5171,#5172,#5173,#5174,#5175,#5176,#5177,#5178,#5179,#5180,
    #5181,#5182,#5183,#5184,#5185,#5186,#5187,#5188,#5189,#5190,#5191,
    #5192,#5193,#5194,#5195,#5196,#5197,#5198,#5199,#5200,#5201,#5202,
    #5203,#5204,#5205,#5206,#5207,#5208,#5209,#5210,#5211,#5212,#5213,
    #5214,#5215,#5216,#5217,#5218,#5219,#5220,#5221,#5222,#5223,#5224,
    #5225,#5226,#5227,#5228,#5229,#5230),.UNSPECIFIED.,.F.,.F.,(10,8,8,8
    ,8,8,8,8,10),(4.712388980385,4.810545161698,4.908701343011,
    5.105013705637,5.49763843089,5.693950793516,5.890263156143,
    6.086575518769,6.282887881395),.UNSPECIFIED.);
#5165 = CARTESIAN_POINT('',(82.140221913184,8.674126246146));
#5166 = CARTESIAN_POINT('',(81.506672354065,8.674126246146));
#5167 = CARTESIAN_POINT('',(80.87634013389,8.674126246146));
#5168 = CARTESIAN_POINT('',(80.2491422012,8.674126246147));
#5169 = CARTESIAN_POINT('',(79.625003076071,8.674126246145));
#5170 = CARTESIAN_POINT('',(79.003844095494,8.674126246148));
#5171 = CARTESIAN_POINT('',(78.38558451575,8.674126246145));
#5172 = CARTESIAN_POINT('',(77.770147031155,8.674126246147));
#5173 = CARTESIAN_POINT('',(77.157460265644,8.674126246146));
#5174 = CARTESIAN_POINT('',(75.937441327258,8.674126246146));
#5175 = CARTESIAN_POINT('',(75.330109373851,8.674126246146));
#5176 = CARTESIAN_POINT('',(74.725382312666,8.674126246147));
#5177 = CARTESIAN_POINT('',(74.12318896026,8.674126246145));
#5178 = CARTESIAN_POINT('',(73.523459520977,8.674126246147));
#5179 = CARTESIAN_POINT('',(72.926125533961,8.674126246145));
#5180 = CARTESIAN_POINT('',(72.331119820991,8.674126246147));
#5181 = CARTESIAN_POINT('',(71.738376433492,8.674126246146));
#5182 = CARTESIAN_POINT('',(69.966738933626,8.674126246146));
#5183 = CARTESIAN_POINT('',(68.794436631278,8.674126246146));
#5184 = CARTESIAN_POINT('',(67.630411310404,8.674126246146));
#5185 = CARTESIAN_POINT('',(66.474141710891,8.674126246147));
#5186 = CARTESIAN_POINT('',(65.325181530464,8.674126246146));
#5187 = CARTESIAN_POINT('',(64.18302481046,8.674126246146));
#5188 = CARTESIAN_POINT('',(63.047236703247,8.674126246146));
#5189 = CARTESIAN_POINT('',(61.917368009879,8.674126246146));
#5190 = CARTESIAN_POINT('',(58.544223342992,8.674126246146));
#5191 = CARTESIAN_POINT('',(56.3174086813,8.674126246146));
#5192 = CARTESIAN_POINT('',(54.109080927264,8.674126246146));
#5193 = CARTESIAN_POINT('',(51.915947377025,8.674126246147));
#5194 = CARTESIAN_POINT('',(49.734845450788,8.674126246146));
#5195 = CARTESIAN_POINT('',(47.56270660481,8.674126246146));
#5196 = CARTESIAN_POINT('',(45.396522868973,8.674126246146));
#5197 = CARTESIAN_POINT('',(43.233316010378,8.674126246146));
#5198 = CARTESIAN_POINT('',(39.988505978677,8.674126246146));
#5199 = CARTESIAN_POINT('',(38.906902645157,8.674126246147));
#5200 = CARTESIAN_POINT('',(37.824927121857,8.674126246146));
#5201 = CARTESIAN_POINT('',(36.742207242462,8.674126246147));
#5202 = CARTESIAN_POINT('',(35.658369895545,8.674126246145));
#5203 = CARTESIAN_POINT('',(34.573040045612,8.674126246147));
#5204 = CARTESIAN_POINT('',(33.485839754166,8.674126246146));
#5205 = CARTESIAN_POINT('',(32.39638720074,8.674126246146));
#5206 = CARTESIAN_POINT('',(30.212204207177,8.674126246146));
#5207 = CARTESIAN_POINT('',(29.117474391044,8.674126246146));
#5208 = CARTESIAN_POINT('',(28.019714191656,8.674126246147));
#5209 = CARTESIAN_POINT('',(26.918550086704,8.674126246146));
#5210 = CARTESIAN_POINT('',(25.813552591766,8.674126246147));
#5211 = CARTESIAN_POINT('',(24.704348595191,8.674126246146));
#5212 = CARTESIAN_POINT('',(23.590508109672,8.674126246147));
#5213 = CARTESIAN_POINT('',(22.471613655628,8.674126246146));
#5214 = CARTESIAN_POINT('',(20.222850467676,8.674126246146));
#5215 = CARTESIAN_POINT('',(19.092981823164,8.674126246147));
#5216 = CARTESIAN_POINT('',(17.957193014466,8.674126246146));
#5217 = CARTESIAN_POINT('',(16.815040699749,8.674126246147));
#5218 = CARTESIAN_POINT('',(15.666069628708,8.674126246146));
#5219 = CARTESIAN_POINT('',(14.509811031885,8.674126246147));
#5220 = CARTESIAN_POINT('',(13.345781079527,8.674126246146));
#5221 = CARTESIAN_POINT('',(12.173479410034,8.674126246146));
#5222 = CARTESIAN_POINT('',(9.811296045903,8.674126246146));
#5223 = CARTESIAN_POINT('',(8.621414751447,8.674126246146));
#5224 = CARTESIAN_POINT('',(7.422221653111,8.674126246146));
#5225 = CARTESIAN_POINT('',(6.21319247393,8.674126246147));
#5226 = CARTESIAN_POINT('',(4.993744257272,8.674126246145));
#5227 = CARTESIAN_POINT('',(3.763330790171,8.674126246147));
#5228 = CARTESIAN_POINT('',(2.52132338145,8.674126246146));
#5229 = CARTESIAN_POINT('',(1.267099118241,8.674126246146));
#5230 = CARTESIAN_POINT('',(-1.678562762327E-15,8.674126246146));
#5231 = ( GEOMETRIC_REPRESENTATION_CONTEXT(2) 
PARAMETRIC_REPRESENTATION_CONTEXT() REPRESENTATION_CONTEXT('2D SPACE',''
  ) );
#5232 = PCURVE('',#5097,#5233);
#5233 = DEFINITIONAL_REPRESENTATION('',(#5234),#5237);
#5234 = B_SPLINE_CURVE_WITH_KNOTS('',1,(#5235,#5236),.UNSPECIFIED.,.F.,
  .F.,(2,2),(4.712388980385,6.282887881395),.PIECEWISE_BEZIER_KNOTS.);
#5235 = CARTESIAN_POINT('',(0.,-1.570796326795));
#5236 = CARTESIAN_POINT('',(0.,-2.974257844581E-04));
#5237 = ( GEOMETRIC_REPRESENTATION_CONTEXT(2) 
PARAMETRIC_REPRESENTATION_CONTEXT() REPRESENTATION_CONTEXT('2D SPACE',''
  ) );
#5238 = ORIENTED_EDGE('',*,*,#3345,.T.);
#5239 = ORIENTED_EDGE('',*,*,#5240,.F.);
#5240 = EDGE_CURVE('',#5241,#3306,#5243,.T.);
#5241 = VERTEX_POINT('',#5242);
#5242 = CARTESIAN_POINT('',(-48.77781122489,18.888905512964,
    272.89025206304));
#5243 = SURFACE_CURVE('',#5244,(#5249,#5295),.PCURVE_S1.);
#5244 = CIRCLE('',#5245,9.);
#5245 = AXIS2_PLACEMENT_3D('',#5246,#5247,#5248);
#5246 = CARTESIAN_POINT('',(-48.77781122489,9.889574682823,273.));
#5247 = DIRECTION('',(-2.438118060313E-02,1.219059030155E-02,
    0.999628404729));
#5248 = DIRECTION('',(1.579032044008E-15,0.999925647793,
    -1.219421521697E-02));
#5249 = PCURVE('',#3367,#5250);
#5250 = DEFINITIONAL_REPRESENTATION('',(#5251),#5294);
#5251 = B_SPLINE_CURVE_WITH_KNOTS('',11,(#5252,#5253,#5254,#5255,#5256,
    #5257,#5258,#5259,#5260,#5261,#5262,#5263,#5264,#5265,#5266,#5267,
    #5268,#5269,#5270,#5271,#5272,#5273,#5274,#5275,#5276,#5277,#5278,
    #5279,#5280,#5281,#5282,#5283,#5284,#5285,#5286,#5287,#5288,#5289,
    #5290,#5291,#5292,#5293),.UNSPECIFIED.,.F.,.F.,(12,10,10,10,12),(0.,
    0.392624748833,0.785249497666,1.1778742465,1.570498995333),
  .UNSPECIFIED.);
#5252 = CARTESIAN_POINT('',(1.7763568394E-15,72.697917184108));
#5253 = CARTESIAN_POINT('',(2.073435045287,72.697917184113));
#5254 = CARTESIAN_POINT('',(4.113158240682,72.697917184088));
#5255 = CARTESIAN_POINT('',(6.121849794542,72.697917184156));
#5256 = CARTESIAN_POINT('',(8.102046067233,72.697917184024));
#5257 = CARTESIAN_POINT('',(10.056037486966,72.697917184214));
#5258 = CARTESIAN_POINT('',(11.986135056377,72.697917184008));
#5259 = CARTESIAN_POINT('',(13.894318401624,72.697917184178));
#5260 = CARTESIAN_POINT('',(15.78268095548,72.697917184071));
#5261 = CARTESIAN_POINT('',(17.653071295015,72.697917184121));
#5262 = CARTESIAN_POINT('',(19.507335379123,72.697917184106));
#5263 = CARTESIAN_POINT('',(23.187129798586,72.697917184109));
#5264 = CARTESIAN_POINT('',(25.012660703111,72.697917184107));
#5265 = CARTESIAN_POINT('',(26.825587626468,72.697917184106));
#5266 = CARTESIAN_POINT('',(28.627608342865,72.697917184119));
#5267 = CARTESIAN_POINT('',(30.420366686942,72.697917184086));
#5268 = CARTESIAN_POINT('',(32.205462670508,72.697917184137));
#5269 = CARTESIAN_POINT('',(33.984462104898,72.697917184082));
#5270 = CARTESIAN_POINT('',(35.758905730178,72.697917184124));
#5271 = CARTESIAN_POINT('',(37.530317849781,72.697917184102));
#5272 = CARTESIAN_POINT('',(39.300214471889,72.697917184108));
#5273 = CARTESIAN_POINT('',(42.840007441296,72.697917184111));
#5274 = CARTESIAN_POINT('',(44.609904063392,72.697917184089));
#5275 = CARTESIAN_POINT('',(46.381316183038,72.697917184157));
#5276 = CARTESIAN_POINT('',(48.155759808229,72.697917184026));
#5277 = CARTESIAN_POINT('',(49.934759242746,72.697917184205));
#5278 = CARTESIAN_POINT('',(51.719855226176,72.697917184021));
#5279 = CARTESIAN_POINT('',(53.512613570364,72.697917184167));
#5280 = CARTESIAN_POINT('',(55.314634286693,72.697917184077));
#5281 = CARTESIAN_POINT('',(57.12756121008,72.697917184119));
#5282 = CARTESIAN_POINT('',(58.953092114598,72.697917184106));
#5283 = CARTESIAN_POINT('',(62.632886534059,72.697917184108));
#5284 = CARTESIAN_POINT('',(64.48715061818,72.697917184109));
#5285 = CARTESIAN_POINT('',(66.357540957675,72.697917184102));
#5286 = CARTESIAN_POINT('',(68.245903511612,72.697917184121));
#5287 = CARTESIAN_POINT('',(70.154086856737,72.697917184089));
#5288 = CARTESIAN_POINT('',(72.084184426288,72.697917184129));
#5289 = CARTESIAN_POINT('',(74.038175845896,72.697917184091));
#5290 = CARTESIAN_POINT('',(76.018372118674,72.697917184117));
#5291 = CARTESIAN_POINT('',(78.027063672488,72.697917184104));
#5292 = CARTESIAN_POINT('',(80.0667868679,72.697917184109));
#5293 = CARTESIAN_POINT('',(82.140221913184,72.697917184108));
#5294 = ( GEOMETRIC_REPRESENTATION_CONTEXT(2) 
PARAMETRIC_REPRESENTATION_CONTEXT() REPRESENTATION_CONTEXT('2D SPACE',''
  ) );
#5295 = PCURVE('',#5136,#5296);
#5296 = DEFINITIONAL_REPRESENTATION('',(#5297),#5306);
#5297 = B_SPLINE_CURVE_WITH_KNOTS('',7,(#5298,#5299,#5300,#5301,#5302,
    #5303,#5304,#5305),.UNSPECIFIED.,.F.,.F.,(8,8),(0.,1.570498995333),
  .PIECEWISE_BEZIER_KNOTS.);
#5298 = CARTESIAN_POINT('',(0.,1.219451744823E-02));
#5299 = CARTESIAN_POINT('',(-0.224306983614,1.766460257086E-02));
#5300 = CARTESIAN_POINT('',(-0.44864892461,2.241891261237E-02));
#5301 = CARTESIAN_POINT('',(-0.673041908694,2.600808659328E-02));
#5302 = CARTESIAN_POINT('',(-0.897486711004,2.806916867078E-02));
#5303 = CARTESIAN_POINT('',(-1.121947336407,2.842332866927E-02));
#5304 = CARTESIAN_POINT('',(-1.346389280567,2.712043828537E-02));
#5305 = CARTESIAN_POINT('',(-1.57079632661,2.438539402521E-02));
#5306 = ( GEOMETRIC_REPRESENTATION_CONTEXT(2) 
PARAMETRIC_REPRESENTATION_CONTEXT() REPRESENTATION_CONTEXT('2D SPACE',''
  ) );
#5307 = ORIENTED_EDGE('',*,*,#5308,.F.);
#5308 = EDGE_CURVE('',#5154,#5241,#5309,.T.);
#5309 = SURFACE_CURVE('',#5310,(#5319,#5326),.PCURVE_S1.);
#5310 = B_SPLINE_CURVE_WITH_KNOTS('',3,(#5311,#5312,#5313,#5314,#5315,
    #5316,#5317,#5318),.UNSPECIFIED.,.F.,.F.,(4,2,2,4),(-3.231589924731,
    -0.219430620577,81.920791292607,84.93295059676),.UNSPECIFIED.);
#5311 = CARTESIAN_POINT('',(-46.92656019896,17.96328,196.98896));
#5312 = CARTESIAN_POINT('',(-46.95104019896,17.97552,197.99264));
#5313 = CARTESIAN_POINT('',(-46.97552019896,17.98776,198.99632));
#5314 = CARTESIAN_POINT('',(-47.66755872738,18.333779264208,
    227.36989966504));
#5315 = CARTESIAN_POINT('',(-48.33511725579,18.667558528416,
    254.73979933009));
#5316 = CARTESIAN_POINT('',(-49.02715578421,19.013577792624,
    283.11337899513));
#5317 = CARTESIAN_POINT('',(-49.05163578421,19.025817792624,
    284.11705899513));
#5318 = CARTESIAN_POINT('',(-49.07611578421,19.038057792624,
    285.12073899513));
#5319 = PCURVE('',#3367,#5320);
#5320 = DEFINITIONAL_REPRESENTATION('',(#5321),#5325);
#5321 = LINE('',#5322,#5323);
#5322 = CARTESIAN_POINT('',(0.,0.));
#5323 = VECTOR('',#5324,1.);
#5324 = DIRECTION('',(0.,1.));
#5325 = ( GEOMETRIC_REPRESENTATION_CONTEXT(2) 
PARAMETRIC_REPRESENTATION_CONTEXT() REPRESENTATION_CONTEXT('2D SPACE',''
  ) );
#5326 = PCURVE('',#5327,#5332);
#5327 = B_SPLINE_SURFACE_WITH_KNOTS('',1,1,(
    (#5328,#5329)
    ,(#5330,#5331
    )),.UNSPECIFIED.,.F.,.F.,.F.,(2,2),(2,2),(0.,116.),(0.,1.),
  .PIECEWISE_BEZIER_KNOTS.);
#5328 = CARTESIAN_POINT('',(56.,18.,200.));
#5329 = CARTESIAN_POINT('',(58.,19.,282.));
#5330 = CARTESIAN_POINT('',(-56.,18.,200.));
#5331 = CARTESIAN_POINT('',(-58.,19.,282.));
#5332 = DEFINITIONAL_REPRESENTATION('',(#5333),#5338);
#5333 = B_SPLINE_CURVE_WITH_KNOTS('',3,(#5334,#5335,#5336,#5337),
  .UNSPECIFIED.,.F.,.F.,(4,4),(8.674126246146,72.697917184108),
  .PIECEWISE_BEZIER_KNOTS.);
#5334 = CARTESIAN_POINT('',(106.71452569009,0.108417708086));
#5335 = CARTESIAN_POINT('',(106.80046965245,0.368580309552));
#5336 = CARTESIAN_POINT('',(106.88402841081,0.628742911174));
#5337 = CARTESIAN_POINT('',(106.96539015092,0.888905512964));
#5338 = ( GEOMETRIC_REPRESENTATION_CONTEXT(2) 
PARAMETRIC_REPRESENTATION_CONTEXT() REPRESENTATION_CONTEXT('2D SPACE',''
  ) );
#5339 = ADVANCED_FACE('',(#5340),#3891,.F.);
#5340 = FACE_BOUND('',#5341,.F.);
#5341 = EDGE_LOOP('',(#5342,#5343,#5344,#5377));
#5342 = ORIENTED_EDGE('',*,*,#3877,.F.);
#5343 = ORIENTED_EDGE('',*,*,#3990,.T.);
#5344 = ORIENTED_EDGE('',*,*,#5345,.T.);
#5345 = EDGE_CURVE('',#3951,#4528,#5346,.T.);
#5346 = SURFACE_CURVE('',#5347,(#5352,#5366),.PCURVE_S1.);
#5347 = CIRCLE('',#5348,9.);
#5348 = AXIS2_PLACEMENT_3D('',#5349,#5350,#5351);
#5349 = CARTESIAN_POINT('',(48.777811224893,9.889574682823,273.));
#5350 = DIRECTION('',(-2.082690880884E-09,1.,-8.539033421092E-08));
#5351 = DIRECTION('',(1.,2.082690880884E-09,-1.778416703767E-16));
#5352 = PCURVE('',#3891,#5353);
#5353 = DEFINITIONAL_REPRESENTATION('',(#5354),#5365);
#5354 = B_SPLINE_CURVE_WITH_KNOTS('',9,(#5355,#5356,#5357,#5358,#5359,
    #5360,#5361,#5362,#5363,#5364),.UNSPECIFIED.,.F.,.F.,(10,10),(
    4.712388980385,6.307570716352),.PIECEWISE_BEZIER_KNOTS.);
#5355 = CARTESIAN_POINT('',(38.,28.889574682822));
#5356 = CARTESIAN_POINT('',(33.294507579589,28.889574777986));
#5357 = CARTESIAN_POINT('',(28.984373149168,28.889574865157));
#5358 = CARTESIAN_POINT('',(24.905767698538,28.889574947636));
#5359 = CARTESIAN_POINT('',(20.955366855225,28.889575027541));
#5360 = CARTESIAN_POINT('',(17.04463311098,28.889575106617));
#5361 = CARTESIAN_POINT('',(13.09423234075,28.889575186522));
#5362 = CARTESIAN_POINT('',(9.01562683899,28.889575269001));
#5363 = CARTESIAN_POINT('',(4.705492420411,28.889575356172));
#5364 = CARTESIAN_POINT('',(0.,28.889575451336));
#5365 = ( GEOMETRIC_REPRESENTATION_CONTEXT(2) 
PARAMETRIC_REPRESENTATION_CONTEXT() REPRESENTATION_CONTEXT('2D SPACE',''
  ) );
#5366 = PCURVE('',#5367,#5372);
#5367 = SPHERICAL_SURFACE('',#5368,9.);
#5368 = AXIS2_PLACEMENT_3D('',#5369,#5370,#5371);
#5369 = CARTESIAN_POINT('',(48.777811224893,9.889574682823,273.));
#5370 = DIRECTION('',(0.,-8.539033421092E-08,-1.));
#5371 = DIRECTION('',(1.,2.082690880884E-09,-1.778416703767E-16));
#5372 = DEFINITIONAL_REPRESENTATION('',(#5373),#5376);
#5373 = B_SPLINE_CURVE_WITH_KNOTS('',1,(#5374,#5375),.UNSPECIFIED.,.F.,
  .F.,(2,2),(4.712388980385,6.307570716352),.PIECEWISE_BEZIER_KNOTS.);
#5374 = CARTESIAN_POINT('',(0.,-1.570796326795));
#5375 = CARTESIAN_POINT('',(0.,2.438540917272E-02));
#5376 = ( GEOMETRIC_REPRESENTATION_CONTEXT(2) 
PARAMETRIC_REPRESENTATION_CONTEXT() REPRESENTATION_CONTEXT('2D SPACE',''
  ) );
#5377 = ORIENTED_EDGE('',*,*,#4581,.F.);
#5378 = ADVANCED_FACE('',(#5379),#3967,.F.);
#5379 = FACE_BOUND('',#5380,.F.);
#5380 = EDGE_LOOP('',(#5381,#5433,#5434,#5462));
#5381 = ORIENTED_EDGE('',*,*,#5382,.F.);
#5382 = EDGE_CURVE('',#3951,#5383,#5385,.T.);
#5383 = VERTEX_POINT('',#5384);
#5384 = CARTESIAN_POINT('',(48.777811224893,18.888905512964,
    272.89025206304));
#5385 = SURFACE_CURVE('',#5386,(#5391,#5427),.PCURVE_S1.);
#5386 = CIRCLE('',#5387,9.);
#5387 = AXIS2_PLACEMENT_3D('',#5388,#5389,#5390);
#5388 = CARTESIAN_POINT('',(48.777811224893,9.889574682823,273.));
#5389 = DIRECTION('',(-1.,-7.992073440933E-16,6.824458221595E-23));
#5390 = DIRECTION('',(-7.992073440933E-16,1.,-8.539033421092E-08));
#5391 = PCURVE('',#3967,#5392);
#5392 = DEFINITIONAL_REPRESENTATION('',(#5393),#5426);
#5393 = B_SPLINE_CURVE_WITH_KNOTS('',11,(#5394,#5395,#5396,#5397,#5398,
    #5399,#5400,#5401,#5402,#5403,#5404,#5405,#5406,#5407,#5408,#5409,
    #5410,#5411,#5412,#5413,#5414,#5415,#5416,#5417,#5418,#5419,#5420,
    #5421,#5422,#5423,#5424,#5425),.UNSPECIFIED.,.F.,.F.,(12,10,10,12),(
    4.712388980385,5.108136670098,5.503884359811,6.295379739238),
  .UNSPECIFIED.);
#5394 = CARTESIAN_POINT('',(116.,9.222188775107));
#5395 = CARTESIAN_POINT('',(113.06683314365,9.222188771659));
#5396 = CARTESIAN_POINT('',(110.18210315326,9.222188768273));
#5397 = CARTESIAN_POINT('',(107.34221389819,9.222188764923));
#5398 = CARTESIAN_POINT('',(104.54285475902,9.222188761658));
#5399 = CARTESIAN_POINT('',(101.78169012297,9.222188758377));
#5400 = CARTESIAN_POINT('',(99.054355613003,9.222188755211));
#5401 = CARTESIAN_POINT('',(96.358799411248,9.22218875201));
#5402 = CARTESIAN_POINT('',(93.691554111986,9.222188748896));
#5403 = CARTESIAN_POINT('',(91.050151991422,9.222188745783));
#5404 = CARTESIAN_POINT('',(88.431878090694,9.222188742708));
#5405 = CARTESIAN_POINT('',(83.236556884092,9.222188736602));
#5406 = CARTESIAN_POINT('',(80.659507484109,9.22218873357));
#5407 = CARTESIAN_POINT('',(78.10053728551,9.222188730573));
#5408 = CARTESIAN_POINT('',(75.557208157082,9.222188727565));
#5409 = CARTESIAN_POINT('',(73.027160532004,9.222188724618));
#5410 = CARTESIAN_POINT('',(70.508098758064,9.222188721629));
#5411 = CARTESIAN_POINT('',(67.997777113294,9.222188718703));
#5412 = CARTESIAN_POINT('',(65.493986475788,9.222188715745));
#5413 = CARTESIAN_POINT('',(62.994541659424,9.222188712815));
#5414 = CARTESIAN_POINT('',(60.49726940533,9.222188709878));
#5415 = CARTESIAN_POINT('',(53.005452298553,9.222188701074));
#5416 = CARTESIAN_POINT('',(48.010909159136,9.222188695201));
#5417 = CARTESIAN_POINT('',(42.998980793919,9.222188689319));
#5418 = CARTESIAN_POINT('',(37.9522862865,9.222188683372));
#5419 = CARTESIAN_POINT('',(32.853057263966,9.222188677401));
#5420 = CARTESIAN_POINT('',(27.682741984092,9.222188671302));
#5421 = CARTESIAN_POINT('',(22.421585667326,9.222188665137));
#5422 = CARTESIAN_POINT('',(17.048145822718,9.222188658811));
#5423 = CARTESIAN_POINT('',(11.538681294725,9.222188652342));
#5424 = CARTESIAN_POINT('',(5.866333712682,9.222188645673));
#5425 = CARTESIAN_POINT('',(2.964660917308E-15,9.222188638779));
#5426 = ( GEOMETRIC_REPRESENTATION_CONTEXT(2) 
PARAMETRIC_REPRESENTATION_CONTEXT() REPRESENTATION_CONTEXT('2D SPACE',''
  ) );
#5427 = PCURVE('',#5367,#5428);
#5428 = DEFINITIONAL_REPRESENTATION('',(#5429),#5432);
#5429 = B_SPLINE_CURVE_WITH_KNOTS('',1,(#5430,#5431),.UNSPECIFIED.,.F.,
  .F.,(2,2),(4.712388980385,6.295379739238),.PIECEWISE_BEZIER_KNOTS.);
#5430 = CARTESIAN_POINT('',(-1.570796324712,-1.570796326795));
#5431 = CARTESIAN_POINT('',(-1.570796324712,1.219443205793E-02));
#5432 = ( GEOMETRIC_REPRESENTATION_CONTEXT(2) 
PARAMETRIC_REPRESENTATION_CONTEXT() REPRESENTATION_CONTEXT('2D SPACE',''
  ) );
#5433 = ORIENTED_EDGE('',*,*,#3950,.T.);
#5434 = ORIENTED_EDGE('',*,*,#5435,.T.);
#5435 = EDGE_CURVE('',#3927,#5241,#5436,.T.);
#5436 = SURFACE_CURVE('',#5437,(#5442,#5456),.PCURVE_S1.);
#5437 = CIRCLE('',#5438,9.);
#5438 = AXIS2_PLACEMENT_3D('',#5439,#5440,#5441);
#5439 = CARTESIAN_POINT('',(-48.77781122489,9.889574682823,273.));
#5440 = DIRECTION('',(-1.,-1.847240889637E-10,-1.514750478135E-08));
#5441 = DIRECTION('',(-1.847240889637E-10,1.,1.576185748224E-15));
#5442 = PCURVE('',#3967,#5443);
#5443 = DEFINITIONAL_REPRESENTATION('',(#5444),#5455);
#5444 = B_SPLINE_CURVE_WITH_KNOTS('',9,(#5445,#5446,#5447,#5448,#5449,
    #5450,#5451,#5452,#5453,#5454),.UNSPECIFIED.,.F.,.F.,(10,10),(
    4.712388980385,6.295379824628),.PIECEWISE_BEZIER_KNOTS.);
#5445 = CARTESIAN_POINT('',(116.,106.77781122489));
#5446 = CARTESIAN_POINT('',(101.66007237324,106.77781124174));
#5447 = CARTESIAN_POINT('',(88.505615682797,106.77781125719));
#5448 = CARTESIAN_POINT('',(76.047853785113,106.77781127186));
#5449 = CARTESIAN_POINT('',(63.976060647913,106.777811286));
#5450 = CARTESIAN_POINT('',(52.02393928145,106.7778113001));
#5451 = CARTESIAN_POINT('',(39.952146397341,106.77781131425));
#5452 = CARTESIAN_POINT('',(27.494384160561,106.77781132891));
#5453 = CARTESIAN_POINT('',(14.339927626758,106.77781134436));
#5454 = CARTESIAN_POINT('',(6.517370731529E-15,106.77781136122));
#5455 = ( GEOMETRIC_REPRESENTATION_CONTEXT(2) 
PARAMETRIC_REPRESENTATION_CONTEXT() REPRESENTATION_CONTEXT('2D SPACE',''
  ) );
#5456 = PCURVE('',#5136,#5457);
#5457 = DEFINITIONAL_REPRESENTATION('',(#5458),#5461);
#5458 = B_SPLINE_CURVE_WITH_KNOTS('',1,(#5459,#5460),.UNSPECIFIED.,.F.,
  .F.,(2,2),(4.712388980385,6.295379824628),.PIECEWISE_BEZIER_KNOTS.);
#5459 = CARTESIAN_POINT('',(0.,-1.570796326795));
#5460 = CARTESIAN_POINT('',(0.,1.219451744823E-02));
#5461 = ( GEOMETRIC_REPRESENTATION_CONTEXT(2) 
PARAMETRIC_REPRESENTATION_CONTEXT() REPRESENTATION_CONTEXT('2D SPACE',''
  ) );
#5462 = ORIENTED_EDGE('',*,*,#5463,.F.);
#5463 = EDGE_CURVE('',#5383,#5241,#5464,.T.);
#5464 = SURFACE_CURVE('',#5465,(#5471,#5478),.PCURVE_S1.);
#5465 = B_SPLINE_CURVE_WITH_KNOTS('',2,(#5466,#5467,#5468,#5469,#5470),
  .UNSPECIFIED.,.F.,.F.,(3,1,1,3),(-4.25952,5.058851665311E-14,116.,
    120.25952),.UNSPECIFIED.);
#5466 = CARTESIAN_POINT('',(62.25952,18.888905512964,272.89025206304));
#5467 = CARTESIAN_POINT('',(60.12976,18.888905512964,272.89025206304));
#5468 = CARTESIAN_POINT('',(7.105427357601E-15,18.888905512964,
    272.89025206304));
#5469 = CARTESIAN_POINT('',(-60.12976,18.888905512964,272.89025206304));
#5470 = CARTESIAN_POINT('',(-62.25952,18.888905512964,272.89025206304));
#5471 = PCURVE('',#3967,#5472);
#5472 = DEFINITIONAL_REPRESENTATION('',(#5473),#5477);
#5473 = LINE('',#5474,#5475);
#5474 = CARTESIAN_POINT('',(0.,0.));
#5475 = VECTOR('',#5476,1.);
#5476 = DIRECTION('',(0.,1.));
#5477 = ( GEOMETRIC_REPRESENTATION_CONTEXT(2) 
PARAMETRIC_REPRESENTATION_CONTEXT() REPRESENTATION_CONTEXT('2D SPACE',''
  ) );
#5478 = PCURVE('',#5327,#5479);
#5479 = DEFINITIONAL_REPRESENTATION('',(#5480),#5483);
#5480 = B_SPLINE_CURVE_WITH_KNOTS('',1,(#5481,#5482),.UNSPECIFIED.,.F.,
  .F.,(2,2),(5.058851665311E-14,116.),.PIECEWISE_BEZIER_KNOTS.);
#5481 = CARTESIAN_POINT('',(-0.223043418699,0.888905512964));
#5482 = CARTESIAN_POINT('',(116.22304341869,0.888905512964));
#5483 = ( GEOMETRIC_REPRESENTATION_CONTEXT(2) 
PARAMETRIC_REPRESENTATION_CONTEXT() REPRESENTATION_CONTEXT('2D SPACE',''
  ) );
#5484 = ADVANCED_FACE('',(#5485),#4167,.F.);
#5485 = FACE_BOUND('',#5486,.T.);
#5486 = EDGE_LOOP('',(#5487,#5488,#5534));
#5487 = ORIENTED_EDGE('',*,*,#4143,.F.);
#5488 = ORIENTED_EDGE('',*,*,#5489,.T.);
#5489 = EDGE_CURVE('',#4115,#5490,#5492,.T.);
#5490 = VERTEX_POINT('',#5491);
#5491 = CARTESIAN_POINT('',(55.440533982432,-10.52177644464,
    273.44461172186));
#5492 = SURFACE_CURVE('',#5493,(#5498,#5504),.PCURVE_S1.);
#5493 = CIRCLE('',#5494,6.);
#5494 = AXIS2_PLACEMENT_3D('',#5495,#5496,#5497);
#5495 = CARTESIAN_POINT('',(49.442546446348,-10.52177644464,273.6));
#5496 = DIRECTION('',(-5.444083229183E-16,1.,-5.921189411752E-16));
#5497 = DIRECTION('',(1.,5.44408317163E-16,-9.719911986395E-09));
#5498 = PCURVE('',#4167,#5499);
#5499 = DEFINITIONAL_REPRESENTATION('',(#5500),#5503);
#5500 = B_SPLINE_CURVE_WITH_KNOTS('',1,(#5501,#5502),.UNSPECIFIED.,.F.,
  .F.,(2,2),(4.712388980385,6.309086239698),.PIECEWISE_BEZIER_KNOTS.);
#5501 = CARTESIAN_POINT('',(-1.570796326669,-1.570796326795));
#5502 = CARTESIAN_POINT('',(-1.570796326669,2.590093251831E-02));
#5503 = ( GEOMETRIC_REPRESENTATION_CONTEXT(2) 
PARAMETRIC_REPRESENTATION_CONTEXT() REPRESENTATION_CONTEXT('2D SPACE',''
  ) );
#5504 = PCURVE('',#5505,#5521);
#5505 = ( BOUNDED_SURFACE() B_SPLINE_SURFACE(2,2,(
    (#5506,#5507,#5508,#5509,#5510)
    ,(#5511,#5512,#5513,#5514,#5515)
    ,(#5516,#5517,#5518,#5519,#5520
)),.UNSPECIFIED.,.F.,.F.,.F.) B_SPLINE_SURFACE_WITH_KNOTS((3,3),(3,1,1,3
    ),(0.,33.2),(-1.219104,2.511879593214E-14,33.2,34.419104),
.UNSPECIFIED.) GEOMETRIC_REPRESENTATION_ITEM() RATIONAL_B_SPLINE_SURFACE
((
    (1.,1.,1.,1.,1.)
    ,(0.697890375934,0.697890375934,0.697890375934,0.697890375934
      ,0.697890375934)
,(1.,1.,1.,1.,1.))) REPRESENTATION_ITEM('') SURFACE() );
#5506 = CARTESIAN_POINT('',(55.440533982432,-17.819104,273.44461172186)
  );
#5507 = CARTESIAN_POINT('',(55.440533982432,-17.209552,273.44461172186)
  );
#5508 = CARTESIAN_POINT('',(55.440533982432,-7.105427357601E-15,
    273.44461172186));
#5509 = CARTESIAN_POINT('',(55.440533982432,17.209552,273.44461172186));
#5510 = CARTESIAN_POINT('',(55.440533982432,17.819104,273.44461172186));
#5511 = CARTESIAN_POINT('',(55.6,-17.819104,279.6));
#5512 = CARTESIAN_POINT('',(55.6,-17.209552,279.6));
#5513 = CARTESIAN_POINT('',(55.6,-3.817985389944E-15,279.6));
#5514 = CARTESIAN_POINT('',(55.6,17.209552,279.6));
#5515 = CARTESIAN_POINT('',(55.6,17.819104,279.6));
#5516 = CARTESIAN_POINT('',(49.442546446348,-17.819104,279.6));
#5517 = CARTESIAN_POINT('',(49.442546446348,-17.209552,279.6));
#5518 = CARTESIAN_POINT('',(49.442546446348,-3.552713678801E-15,279.6));
#5519 = CARTESIAN_POINT('',(49.442546446348,17.209552,279.6));
#5520 = CARTESIAN_POINT('',(49.442546446348,17.819104,279.6));
#5521 = DEFINITIONAL_REPRESENTATION('',(#5522),#5533);
#5522 = B_SPLINE_CURVE_WITH_KNOTS('',9,(#5523,#5524,#5525,#5526,#5527,
    #5528,#5529,#5530,#5531,#5532),.UNSPECIFIED.,.F.,.F.,(10,10),(
    4.712388980385,6.309086239698),.PIECEWISE_BEZIER_KNOTS.);
#5523 = CARTESIAN_POINT('',(33.2,6.078223555359));
#5524 = CARTESIAN_POINT('',(29.088019420304,6.078223495573));
#5525 = CARTESIAN_POINT('',(25.322221973032,6.078223440821));
#5526 = CARTESIAN_POINT('',(21.759075560645,6.078223389013));
#5527 = CARTESIAN_POINT('',(18.308115861866,6.07822333884));
#5528 = CARTESIAN_POINT('',(14.891882724987,6.078223289168));
#5529 = CARTESIAN_POINT('',(11.440926622617,6.078223238995));
#5530 = CARTESIAN_POINT('',(7.877776349203,6.078223187187));
#5531 = CARTESIAN_POINT('',(4.111980579695,6.078223132435));
#5532 = CARTESIAN_POINT('',(-7.105427357601E-15,6.078223072649));
#5533 = ( GEOMETRIC_REPRESENTATION_CONTEXT(2) 
PARAMETRIC_REPRESENTATION_CONTEXT() REPRESENTATION_CONTEXT('2D SPACE',''
  ) );
#5534 = ORIENTED_EDGE('',*,*,#5535,.F.);
#5535 = EDGE_CURVE('',#4144,#5490,#5536,.T.);
#5536 = SURFACE_CURVE('',#5537,(#5542,#5554),.PCURVE_S1.);
#5537 = CIRCLE('',#5538,6.);
#5538 = AXIS2_PLACEMENT_3D('',#5539,#5540,#5541);
#5539 = CARTESIAN_POINT('',(49.442546446348,-10.52177644464,273.6));
#5540 = DIRECTION('',(2.58958753732E-02,-1.29479376866E-02,
    0.999580789405));
#5541 = DIRECTION('',(1.184219822897E-15,-0.999916115686,
    -1.295228129127E-02));
#5542 = PCURVE('',#4167,#5543);
#5543 = DEFINITIONAL_REPRESENTATION('',(#5544),#5553);
#5544 = B_SPLINE_CURVE_WITH_KNOTS('',7,(#5545,#5546,#5547,#5548,#5549,
    #5550,#5551,#5552),.UNSPECIFIED.,.F.,.F.,(8,8),(0.,1.570460888007),
  .PIECEWISE_BEZIER_KNOTS.);
#5545 = CARTESIAN_POINT('',(0.,1.295264346783E-02));
#5546 = CARTESIAN_POINT('',(-0.224295133045,1.876242120689E-02));
#5547 = CARTESIAN_POINT('',(-0.44862970089,2.38120141905E-02));
#5548 = CARTESIAN_POINT('',(-0.67302184819,2.762419075991E-02));
#5549 = CARTESIAN_POINT('',(-0.897472458247,2.981341288947E-02));
#5550 = CARTESIAN_POINT('',(-1.121940922249,3.01896145269E-02));
#5551 = CARTESIAN_POINT('',(-1.346388309412,2.88058224779E-02));
#5552 = CARTESIAN_POINT('',(-1.570796326669,2.590093251831E-02));
#5553 = ( GEOMETRIC_REPRESENTATION_CONTEXT(2) 
PARAMETRIC_REPRESENTATION_CONTEXT() REPRESENTATION_CONTEXT('2D SPACE',''
  ) );
#5554 = PCURVE('',#4410,#5555);
#5555 = DEFINITIONAL_REPRESENTATION('',(#5556),#5601);
#5556 = B_SPLINE_CURVE_WITH_KNOTS('',8,(#5557,#5558,#5559,#5560,#5561,
    #5562,#5563,#5564,#5565,#5566,#5567,#5568,#5569,#5570,#5571,#5572,
    #5573,#5574,#5575,#5576,#5577,#5578,#5579,#5580,#5581,#5582,#5583,
    #5584,#5585,#5586,#5587,#5588,#5589,#5590,#5591,#5592,#5593,#5594,
    #5595,#5596,#5597,#5598,#5599,#5600),.UNSPECIFIED.,.F.,.F.,(9,7,7,7,
    7,7,9),(0.,0.196307611001,0.392615222002,0.785230444004,
    1.177845666005,1.374153277006,1.570460888007),.UNSPECIFIED.);
#5557 = CARTESIAN_POINT('',(1.42108547152E-14,70.996738784416));
#5558 = CARTESIAN_POINT('',(1.341655912501,70.996738784415));
#5559 = CARTESIAN_POINT('',(2.667737043716,70.996738784418));
#5560 = CARTESIAN_POINT('',(3.979144392211,70.996738784412));
#5561 = CARTESIAN_POINT('',(5.276826170014,70.996738784419));
#5562 = CARTESIAN_POINT('',(6.561538695758,70.996738784413));
#5563 = CARTESIAN_POINT('',(7.83414106246,70.996738784417));
#5564 = CARTESIAN_POINT('',(9.095369589181,70.996738784416));
#5565 = CARTESIAN_POINT('',(11.596553454272,70.996738784416));
#5566 = CARTESIAN_POINT('',(12.836509442149,70.996738784415));
#5567 = CARTESIAN_POINT('',(14.066560843722,70.996738784418));
#5568 = CARTESIAN_POINT('',(15.287408719192,70.996738784413));
#5569 = CARTESIAN_POINT('',(16.499726960371,70.996738784418));
#5570 = CARTESIAN_POINT('',(17.704165420408,70.996738784414));
#5571 = CARTESIAN_POINT('',(18.901353043568,70.996738784416));
#5572 = CARTESIAN_POINT('',(22.472996897775,70.996738784415));
#5573 = CARTESIAN_POINT('',(24.827533913219,70.996738784416));
#5574 = CARTESIAN_POINT('',(27.160398949012,70.996738784416));
#5575 = CARTESIAN_POINT('',(29.47619274864,70.996738784414));
#5576 = CARTESIAN_POINT('',(31.779311939056,70.996738784417));
#5577 = CARTESIAN_POINT('',(34.074023668354,70.996738784415));
#5578 = CARTESIAN_POINT('',(36.364532833539,70.996738784416));
#5579 = CARTESIAN_POINT('',(40.945550963048,70.996738784416));
#5580 = CARTESIAN_POINT('',(43.236060128231,70.996738784416));
#5581 = CARTESIAN_POINT('',(45.530771857533,70.996738784416));
#5582 = CARTESIAN_POINT('',(47.833891047942,70.996738784415));
#5583 = CARTESIAN_POINT('',(50.149684847578,70.996738784416));
#5584 = CARTESIAN_POINT('',(52.482549883365,70.996738784415));
#5585 = CARTESIAN_POINT('',(54.837086898811,70.996738784416));
#5586 = CARTESIAN_POINT('',(58.408730753019,70.996738784416));
#5587 = CARTESIAN_POINT('',(59.605918376179,70.996738784415));
#5588 = CARTESIAN_POINT('',(60.810356836215,70.996738784417));
#5589 = CARTESIAN_POINT('',(62.022675077394,70.996738784414));
#5590 = CARTESIAN_POINT('',(63.243522952864,70.996738784417));
#5591 = CARTESIAN_POINT('',(64.473574354438,70.996738784415));
#5592 = CARTESIAN_POINT('',(65.713530342314,70.996738784416));
#5593 = CARTESIAN_POINT('',(68.214714207406,70.996738784415));
#5594 = CARTESIAN_POINT('',(69.475942734127,70.996738784417));
#5595 = CARTESIAN_POINT('',(70.748545100828,70.996738784413));
#5596 = CARTESIAN_POINT('',(72.033257626573,70.996738784419));
#5597 = CARTESIAN_POINT('',(73.330939404375,70.996738784413));
#5598 = CARTESIAN_POINT('',(74.642346752871,70.996738784418));
#5599 = CARTESIAN_POINT('',(75.968427884086,70.996738784415));
#5600 = CARTESIAN_POINT('',(77.310083796586,70.996738784416));
#5601 = ( GEOMETRIC_REPRESENTATION_CONTEXT(2) 
PARAMETRIC_REPRESENTATION_CONTEXT() REPRESENTATION_CONTEXT('2D SPACE',''
  ) );
#5602 = ADVANCED_FACE('',(#5603),#4132,.T.);
#5603 = FACE_BOUND('',#5604,.T.);
#5604 = EDGE_LOOP('',(#5605,#5606,#5646,#5686));
#5605 = ORIENTED_EDGE('',*,*,#4114,.F.);
#5606 = ORIENTED_EDGE('',*,*,#5607,.F.);
#5607 = EDGE_CURVE('',#5608,#4040,#5610,.T.);
#5608 = VERTEX_POINT('',#5609);
#5609 = CARTESIAN_POINT('',(-49.44254650466,10.521776444641,279.6));
#5610 = SURFACE_CURVE('',#5611,(#5617,#5623),.PCURVE_S1.);
#5611 = B_SPLINE_CURVE_WITH_KNOTS('',2,(#5612,#5613,#5614,#5615,#5616),
  .UNSPECIFIED.,.F.,.F.,(3,1,1,3),(-1.219104,2.906008766956E-14,33.2,
    34.419104),.UNSPECIFIED.);
#5612 = CARTESIAN_POINT('',(-49.44254644634,17.819104,279.6));
#5613 = CARTESIAN_POINT('',(-49.44254644634,17.209552,279.6));
#5614 = CARTESIAN_POINT('',(-49.44254644634,0.,279.6));
#5615 = CARTESIAN_POINT('',(-49.44254644634,-17.209552,279.6));
#5616 = CARTESIAN_POINT('',(-49.44254644634,-17.819104,279.6));
#5617 = PCURVE('',#4132,#5618);
#5618 = DEFINITIONAL_REPRESENTATION('',(#5619),#5622);
#5619 = B_SPLINE_CURVE_WITH_KNOTS('',1,(#5620,#5621),.UNSPECIFIED.,.F.,
  .F.,(2,2),(2.906008766956E-14,33.2),.PIECEWISE_BEZIER_KNOTS.);
#5620 = CARTESIAN_POINT('',(15.398049923693,-30.05086176489));
#5621 = CARTESIAN_POINT('',(5.900102241093,1.761541316585));
#5622 = ( GEOMETRIC_REPRESENTATION_CONTEXT(2) 
PARAMETRIC_REPRESENTATION_CONTEXT() REPRESENTATION_CONTEXT('2D SPACE',''
  ) );
#5623 = PCURVE('',#5624,#5640);
#5624 = ( BOUNDED_SURFACE() B_SPLINE_SURFACE(2,2,(
    (#5625,#5626,#5627,#5628,#5629)
    ,(#5630,#5631,#5632,#5633,#5634)
    ,(#5635,#5636,#5637,#5638,#5639
)),.UNSPECIFIED.,.F.,.F.,.F.) B_SPLINE_SURFACE_WITH_KNOTS((3,3),(3,1,1,3
    ),(0.,33.2),(-1.219104,2.906008766956E-14,33.2,34.419104),
.UNSPECIFIED.) GEOMETRIC_REPRESENTATION_ITEM() RATIONAL_B_SPLINE_SURFACE
((
    (1.,1.,1.,1.,1.)
    ,(0.697890375934,0.697890375934,0.697890375934,0.697890375934
      ,0.697890375934)
,(1.,1.,1.,1.,1.))) REPRESENTATION_ITEM('') SURFACE() );
#5625 = CARTESIAN_POINT('',(-55.44053398243,17.819104,273.44461172186));
#5626 = CARTESIAN_POINT('',(-55.44053398243,17.209552,273.44461172186));
#5627 = CARTESIAN_POINT('',(-55.44053398243,7.105427357601E-15,
    273.44461172186));
#5628 = CARTESIAN_POINT('',(-55.44053398243,-17.209552,273.44461172186)
  );
#5629 = CARTESIAN_POINT('',(-55.44053398243,-17.819104,273.44461172186)
  );
#5630 = CARTESIAN_POINT('',(-55.6,17.819104,279.6));
#5631 = CARTESIAN_POINT('',(-55.6,17.209552,279.6));
#5632 = CARTESIAN_POINT('',(-55.6,-2.545323593296E-15,279.6));
#5633 = CARTESIAN_POINT('',(-55.6,-17.209552,279.6));
#5634 = CARTESIAN_POINT('',(-55.6,-17.819104,279.6));
#5635 = CARTESIAN_POINT('',(-49.44254644634,17.819104,279.6));
#5636 = CARTESIAN_POINT('',(-49.44254644634,17.209552,279.6));
#5637 = CARTESIAN_POINT('',(-49.44254644634,0.,279.6));
#5638 = CARTESIAN_POINT('',(-49.44254644634,-17.209552,279.6));
#5639 = CARTESIAN_POINT('',(-49.44254644634,-17.819104,279.6));
#5640 = DEFINITIONAL_REPRESENTATION('',(#5641),#5645);
#5641 = LINE('',#5642,#5643);
#5642 = CARTESIAN_POINT('',(33.2,0.));
#5643 = VECTOR('',#5644,1.);
#5644 = DIRECTION('',(0.,1.));
#5645 = ( GEOMETRIC_REPRESENTATION_CONTEXT(2) 
PARAMETRIC_REPRESENTATION_CONTEXT() REPRESENTATION_CONTEXT('2D SPACE',''
  ) );
#5646 = ORIENTED_EDGE('',*,*,#5647,.F.);
#5647 = EDGE_CURVE('',#5648,#5608,#5650,.T.);
#5648 = VERTEX_POINT('',#5649);
#5649 = CARTESIAN_POINT('',(49.442546446348,10.521776927351,279.6));
#5650 = SURFACE_CURVE('',#5651,(#5657,#5663),.PCURVE_S1.);
#5651 = B_SPLINE_CURVE_WITH_KNOTS('',2,(#5652,#5653,#5654,#5655,#5656),
  .UNSPECIFIED.,.F.,.F.,(3,1,1,3),(-4.083264,5.29160049112E-14,111.2,
    115.283264),.UNSPECIFIED.);
#5652 = CARTESIAN_POINT('',(59.683264,10.521776444641,279.6));
#5653 = CARTESIAN_POINT('',(57.641632,10.521776444641,279.6));
#5654 = CARTESIAN_POINT('',(1.42108547152E-14,10.521776444641,279.6));
#5655 = CARTESIAN_POINT('',(-57.641632,10.521776444641,279.6));
#5656 = CARTESIAN_POINT('',(-59.683264,10.521776444641,279.6));
#5657 = PCURVE('',#4132,#5658);
#5658 = DEFINITIONAL_REPRESENTATION('',(#5659),#5662);
#5659 = B_SPLINE_CURVE_WITH_KNOTS('',1,(#5660,#5661),.UNSPECIFIED.,.F.,
  .F.,(2,2),(5.29160049112E-14,111.2),.PIECEWISE_BEZIER_KNOTS.);
#5660 = CARTESIAN_POINT('',(114.31145892744,5.824183667543));
#5661 = CARTESIAN_POINT('',(7.759072702722,-25.98821941393));
#5662 = ( GEOMETRIC_REPRESENTATION_CONTEXT(2) 
PARAMETRIC_REPRESENTATION_CONTEXT() REPRESENTATION_CONTEXT('2D SPACE',''
  ) );
#5663 = PCURVE('',#5664,#5680);
#5664 = ( BOUNDED_SURFACE() B_SPLINE_SURFACE(2,2,(
    (#5665,#5666,#5667,#5668,#5669)
    ,(#5670,#5671,#5672,#5673,#5674)
    ,(#5675,#5676,#5677,#5678,#5679
)),.UNSPECIFIED.,.F.,.F.,.F.) B_SPLINE_SURFACE_WITH_KNOTS((3,3),(3,1,1,3
    ),(0.,111.2),(-4.083264,5.29160049112E-14,111.2,115.283264),
.UNSPECIFIED.) GEOMETRIC_REPRESENTATION_ITEM() RATIONAL_B_SPLINE_SURFACE
((
    (1.,1.,1.,1.,1.)
    ,(0.702512533236,0.702512533236,0.702512533236,0.702512533236
      ,0.702512533236)
,(1.,1.,1.,1.,1.))) REPRESENTATION_ITEM('') SURFACE() );
#5665 = CARTESIAN_POINT('',(59.683264,16.52127313876,273.52228631225));
#5666 = CARTESIAN_POINT('',(57.641632,16.52127313876,273.52228631225));
#5667 = CARTESIAN_POINT('',(1.42108547152E-14,16.52127313876,
    273.52228631225));
#5668 = CARTESIAN_POINT('',(-57.641632,16.52127313876,273.52228631225));
#5669 = CARTESIAN_POINT('',(-59.683264,16.52127313876,273.52228631225));
#5670 = CARTESIAN_POINT('',(59.683264,16.6,279.6));
#5671 = CARTESIAN_POINT('',(57.641632,16.6,279.6));
#5672 = CARTESIAN_POINT('',(1.011430689338E-14,16.6,279.6));
#5673 = CARTESIAN_POINT('',(-57.641632,16.6,279.6));
#5674 = CARTESIAN_POINT('',(-59.683264,16.6,279.6));
#5675 = CARTESIAN_POINT('',(59.683264,10.521776444641,279.6));
#5676 = CARTESIAN_POINT('',(57.641632,10.521776444641,279.6));
#5677 = CARTESIAN_POINT('',(1.42108547152E-14,10.521776444641,279.6));
#5678 = CARTESIAN_POINT('',(-57.641632,10.521776444641,279.6));
#5679 = CARTESIAN_POINT('',(-59.683264,10.521776444641,279.6));
#5680 = DEFINITIONAL_REPRESENTATION('',(#5681),#5685);
#5681 = LINE('',#5682,#5683);
#5682 = CARTESIAN_POINT('',(111.2,0.));
#5683 = VECTOR('',#5684,1.);
#5684 = DIRECTION('',(0.,1.));
#5685 = ( GEOMETRIC_REPRESENTATION_CONTEXT(2) 
PARAMETRIC_REPRESENTATION_CONTEXT() REPRESENTATION_CONTEXT('2D SPACE',''
  ) );
#5686 = ORIENTED_EDGE('',*,*,#5687,.F.);
#5687 = EDGE_CURVE('',#4115,#5648,#5688,.T.);
#5688 = SURFACE_CURVE('',#5689,(#5695,#5701),.PCURVE_S1.);
#5689 = B_SPLINE_CURVE_WITH_KNOTS('',2,(#5690,#5691,#5692,#5693,#5694),
  .UNSPECIFIED.,.F.,.F.,(3,1,1,3),(-1.219104,2.511879593214E-14,33.2,
    34.419104),.UNSPECIFIED.);
#5690 = CARTESIAN_POINT('',(49.442546446348,-17.819104,279.6));
#5691 = CARTESIAN_POINT('',(49.442546446348,-17.209552,279.6));
#5692 = CARTESIAN_POINT('',(49.442546446348,-3.552713678801E-15,279.6));
#5693 = CARTESIAN_POINT('',(49.442546446348,17.209552,279.6));
#5694 = CARTESIAN_POINT('',(49.442546446348,17.819104,279.6));
#5695 = PCURVE('',#4132,#5696);
#5696 = DEFINITIONAL_REPRESENTATION('',(#5697),#5700);
#5697 = B_SPLINE_CURVE_WITH_KNOTS('',1,(#5698,#5699),.UNSPECIFIED.,.F.,
  .F.,(2,2),(2.511879593214E-14,33.2),.PIECEWISE_BEZIER_KNOTS.);
#5698 = CARTESIAN_POINT('',(100.65228398362,30.050861764895));
#5699 = CARTESIAN_POINT('',(110.15023166622,-1.761541316585));
#5700 = ( GEOMETRIC_REPRESENTATION_CONTEXT(2) 
PARAMETRIC_REPRESENTATION_CONTEXT() REPRESENTATION_CONTEXT('2D SPACE',''
  ) );
#5701 = PCURVE('',#5505,#5702);
#5702 = DEFINITIONAL_REPRESENTATION('',(#5703),#5707);
#5703 = LINE('',#5704,#5705);
#5704 = CARTESIAN_POINT('',(33.2,0.));
#5705 = VECTOR('',#5706,1.);
#5706 = DIRECTION('',(0.,1.));
#5707 = ( GEOMETRIC_REPRESENTATION_CONTEXT(2) 
PARAMETRIC_REPRESENTATION_CONTEXT() REPRESENTATION_CONTEXT('2D SPACE',''
  ) );
#5708 = ADVANCED_FACE('',(#5709),#4097,.F.);
#5709 = FACE_BOUND('',#5710,.T.);
#5710 = EDGE_LOOP('',(#5711,#5814,#5842));
#5711 = ORIENTED_EDGE('',*,*,#5712,.F.);
#5712 = EDGE_CURVE('',#5713,#4016,#5715,.T.);
#5713 = VERTEX_POINT('',#5714);
#5714 = CARTESIAN_POINT('',(-55.44053398243,-10.52177692735,
    273.44461172186));
#5715 = SURFACE_CURVE('',#5716,(#5721,#5727),.PCURVE_S1.);
#5716 = CIRCLE('',#5717,6.);
#5717 = AXIS2_PLACEMENT_3D('',#5718,#5719,#5720);
#5718 = CARTESIAN_POINT('',(-49.44254644634,-10.52177644464,273.6));
#5719 = DIRECTION('',(-2.589587433195E-02,-1.294793743526E-02,
    0.999580789436));
#5720 = DIRECTION('',(3.354067017554E-04,-0.999916171945,
    -1.294359247575E-02));
#5721 = PCURVE('',#4097,#5722);
#5722 = DEFINITIONAL_REPRESENTATION('',(#5723),#5726);
#5723 = B_SPLINE_CURVE_WITH_KNOTS('',1,(#5724,#5725),.UNSPECIFIED.,.F.,
  .F.,(2,2),(4.712388980385,6.282849778231),.PIECEWISE_BEZIER_KNOTS.);
#5724 = CARTESIAN_POINT('',(0.,-1.570796326795));
#5725 = CARTESIAN_POINT('',(0.,-3.355289490692E-04));
#5726 = ( GEOMETRIC_REPRESENTATION_CONTEXT(2) 
PARAMETRIC_REPRESENTATION_CONTEXT() REPRESENTATION_CONTEXT('2D SPACE',''
  ) );
#5727 = PCURVE('',#4230,#5728);
#5728 = DEFINITIONAL_REPRESENTATION('',(#5729),#5813);
#5729 = B_SPLINE_CURVE_WITH_KNOTS('',10,(#5730,#5731,#5732,#5733,#5734,
    #5735,#5736,#5737,#5738,#5739,#5740,#5741,#5742,#5743,#5744,#5745,
    #5746,#5747,#5748,#5749,#5750,#5751,#5752,#5753,#5754,#5755,#5756,
    #5757,#5758,#5759,#5760,#5761,#5762,#5763,#5764,#5765,#5766,#5767,
    #5768,#5769,#5770,#5771,#5772,#5773,#5774,#5775,#5776,#5777,#5778,
    #5779,#5780,#5781,#5782,#5783,#5784,#5785,#5786,#5787,#5788,#5789,
    #5790,#5791,#5792,#5793,#5794,#5795,#5796,#5797,#5798,#5799,#5800,
    #5801,#5802,#5803,#5804,#5805,#5806,#5807,#5808,#5809,#5810,#5811,
    #5812),.UNSPECIFIED.,.F.,.F.,(11,9,9,9,9,9,9,9,9,11),(4.712388980385
    ,4.81054278025,4.908696580115,5.105004179846,5.301311779577,
    5.497619379308,5.693926979038,5.890234578769,6.0865421785,
    6.282849778231),.UNSPECIFIED.);
#5730 = CARTESIAN_POINT('',(77.310083796586,70.996738784416));
#5731 = CARTESIAN_POINT('',(76.773421462398,70.996738784417));
#5732 = CARTESIAN_POINT('',(76.239181504258,70.996738784409));
#5733 = CARTESIAN_POINT('',(75.707309206999,70.996738784432));
#5734 = CARTESIAN_POINT('',(75.17775414492,70.99673878439));
#5735 = CARTESIAN_POINT('',(74.650465099547,70.996738784443));
#5736 = CARTESIAN_POINT('',(74.125389459447,70.996738784395));
#5737 = CARTESIAN_POINT('',(73.602474994492,70.996738784427));
#5738 = CARTESIAN_POINT('',(73.081671891046,70.996738784412));
#5739 = CARTESIAN_POINT('',(72.562932940857,70.996738784416));
#5740 = CARTESIAN_POINT('',(71.529486601103,70.996738784416));
#5741 = CARTESIAN_POINT('',(71.014779377658,70.996738784411));
#5742 = CARTESIAN_POINT('',(70.502040256526,70.996738784429));
#5743 = CARTESIAN_POINT('',(69.991222206753,70.996738784396));
#5744 = CARTESIAN_POINT('',(69.482278986221,70.996738784438));
#5745 = CARTESIAN_POINT('',(68.975165116178,70.996738784398));
#5746 = CARTESIAN_POINT('',(68.469835857297,70.996738784426));
#5747 = CARTESIAN_POINT('',(67.966247184111,70.996738784412));
#5748 = CARTESIAN_POINT('',(67.464355760828,70.996738784417));
#5749 = CARTESIAN_POINT('',(65.963645226978,70.996738784414));
#5750 = CARTESIAN_POINT('',(64.969789216929,70.996738784422));
#5751 = CARTESIAN_POINT('',(63.982213278856,70.996738784404));
#5752 = CARTESIAN_POINT('',(63.000574978707,70.996738784431));
#5753 = CARTESIAN_POINT('',(62.02456605936,70.996738784402));
#5754 = CARTESIAN_POINT('',(61.053870006193,70.996738784424));
#5755 = CARTESIAN_POINT('',(60.088173662316,70.996738784413));
#5756 = CARTESIAN_POINT('',(59.127187869354,70.996738784415));
#5757 = CARTESIAN_POINT('',(58.170618240665,70.996738784417));
#5758 = CARTESIAN_POINT('',(56.265741653866,70.996738784414));
#5759 = CARTESIAN_POINT('',(55.317435696137,70.996738784423));
#5760 = CARTESIAN_POINT('',(54.372968678435,70.996738784399));
#5761 = CARTESIAN_POINT('',(53.432094697715,70.996738784442));
#5762 = CARTESIAN_POINT('',(52.494465231606,70.996738784387));
#5763 = CARTESIAN_POINT('',(51.559910430411,70.99673878444));
#5764 = CARTESIAN_POINT('',(50.628090563106,70.996738784401));
#5765 = CARTESIAN_POINT('',(49.698773998473,70.996738784423));
#5766 = CARTESIAN_POINT('',(48.771699804908,70.996738784414));
#5767 = CARTESIAN_POINT('',(46.921525010201,70.996738784418));
#5768 = CARTESIAN_POINT('',(45.998424763101,70.996738784407));
#5769 = CARTESIAN_POINT('',(45.077055973545,70.996738784437));
#5770 = CARTESIAN_POINT('',(44.157167817458,70.996738784382));
#5771 = CARTESIAN_POINT('',(43.238510651694,70.996738784455));
#5772 = CARTESIAN_POINT('',(42.320835629832,70.996738784384));
#5773 = CARTESIAN_POINT('',(41.403895764118,70.996738784434));
#5774 = CARTESIAN_POINT('',(40.487446571234,70.996738784409));
#5775 = CARTESIAN_POINT('',(39.571244445089,70.996738784417));
#5776 = CARTESIAN_POINT('',(37.738837344549,70.996738784417));
#5777 = CARTESIAN_POINT('',(36.822632308592,70.99673878441));
#5778 = CARTESIAN_POINT('',(35.906184200109,70.996738784433));
#5779 = CARTESIAN_POINT('',(34.989245685856,70.996738784386));
#5780 = CARTESIAN_POINT('',(34.071570310235,70.996738784452));
#5781 = CARTESIAN_POINT('',(33.152912245317,70.996738784385));
#5782 = CARTESIAN_POINT('',(32.233024161739,70.996738784435));
#5783 = CARTESIAN_POINT('',(31.311656026647,70.996738784409));
#5784 = CARTESIAN_POINT('',(30.388555453863,70.996738784417));
#5785 = CARTESIAN_POINT('',(28.53838063139,70.996738784417));
#5786 = CARTESIAN_POINT('',(27.6113067574,70.996738784407));
#5787 = CARTESIAN_POINT('',(26.681988231209,70.996738784437));
#5788 = CARTESIAN_POINT('',(25.750176931646,70.996738784383));
#5789 = CARTESIAN_POINT('',(24.815600809227,70.996738784453));
#5790 = CARTESIAN_POINT('',(23.877998045056,70.996738784386));
#5791 = CARTESIAN_POINT('',(22.937106554658,70.996738784434));
#5792 = CARTESIAN_POINT('',(21.992645647388,70.996738784409));
#5793 = CARTESIAN_POINT('',(21.044338725086,70.996738784418));
#5794 = CARTESIAN_POINT('',(19.139462110427,70.996738784414));
#5795 = CARTESIAN_POINT('',(18.182892407627,70.996738784422));
#5796 = CARTESIAN_POINT('',(17.221906287466,70.996738784404));
#5797 = CARTESIAN_POINT('',(16.256212289953,70.996738784432));
#5798 = CARTESIAN_POINT('',(15.285512654986,70.996738784401));
#5799 = CARTESIAN_POINT('',(14.309502614254,70.996738784425));
#5800 = CARTESIAN_POINT('',(13.327869288882,70.996738784412));
#5801 = CARTESIAN_POINT('',(12.340290645488,70.996738784417));
#5802 = CARTESIAN_POINT('',(11.346434962491,70.996738784415));
#5803 = CARTESIAN_POINT('',(9.345487555883,70.996738784417));
#5804 = CARTESIAN_POINT('',(8.338395481482,70.996738784409));
#5805 = CARTESIAN_POINT('',(7.324344066768,70.996738784432));
#5806 = CARTESIAN_POINT('',(6.302980439159,70.99673878439));
#5807 = CARTESIAN_POINT('',(5.273941373339,70.996738784443));
#5808 = CARTESIAN_POINT('',(4.236852253228,70.996738784394));
#5809 = CARTESIAN_POINT('',(3.19132487331,70.996738784429));
#5810 = CARTESIAN_POINT('',(2.136955506753,70.996738784411));
#5811 = CARTESIAN_POINT('',(1.07332466838,70.996738784417));
#5812 = CARTESIAN_POINT('',(0.,70.996738784416));
#5813 = ( GEOMETRIC_REPRESENTATION_CONTEXT(2) 
PARAMETRIC_REPRESENTATION_CONTEXT() REPRESENTATION_CONTEXT('2D SPACE',''
  ) );
#5814 = ORIENTED_EDGE('',*,*,#5815,.T.);
#5815 = EDGE_CURVE('',#5713,#4040,#5816,.T.);
#5816 = SURFACE_CURVE('',#5817,(#5822,#5828),.PCURVE_S1.);
#5817 = CIRCLE('',#5818,6.);
#5818 = AXIS2_PLACEMENT_3D('',#5819,#5820,#5821);
#5819 = CARTESIAN_POINT('',(-49.44254644634,-10.52177644464,273.6));
#5820 = DIRECTION('',(-8.04785599798E-08,1.,7.583467228719E-16));
#5821 = DIRECTION('',(-2.589804635615E-02,-2.084238235125E-09,
    0.999664589347));
#5822 = PCURVE('',#4097,#5823);
#5823 = DEFINITIONAL_REPRESENTATION('',(#5824),#5827);
#5824 = B_SPLINE_CURVE_WITH_KNOTS('',1,(#5825,#5826),.UNSPECIFIED.,.F.,
  .F.,(2,2),(4.712388980385,6.309086249418),.PIECEWISE_BEZIER_KNOTS.);
#5825 = CARTESIAN_POINT('',(-1.583744623958,-1.570796326795));
#5826 = CARTESIAN_POINT('',(-1.583744623958,2.590094223823E-02));
#5827 = ( GEOMETRIC_REPRESENTATION_CONTEXT(2) 
PARAMETRIC_REPRESENTATION_CONTEXT() REPRESENTATION_CONTEXT('2D SPACE',''
  ) );
#5828 = PCURVE('',#5624,#5829);
#5829 = DEFINITIONAL_REPRESENTATION('',(#5830),#5841);
#5830 = B_SPLINE_CURVE_WITH_KNOTS('',9,(#5831,#5832,#5833,#5834,#5835,
    #5836,#5837,#5838,#5839,#5840),.UNSPECIFIED.,.F.,.F.,(10,10),(
    4.712388980385,6.309086249418),.PIECEWISE_BEZIER_KNOTS.);
#5831 = CARTESIAN_POINT('',(-1.494117315196E-14,27.121776927351));
#5832 = CARTESIAN_POINT('',(4.111980604727,27.121776867565));
#5833 = CARTESIAN_POINT('',(7.877776192971,27.121776812813));
#5834 = CARTESIAN_POINT('',(11.440927690805,27.121776761005));
#5835 = CARTESIAN_POINT('',(14.891880357442,27.121776710832));
#5836 = CARTESIAN_POINT('',(18.308119586512,27.121776661161));
#5837 = CARTESIAN_POINT('',(21.75907236001,27.121776610986));
#5838 = CARTESIAN_POINT('',(25.322223860773,27.12177655918));
#5839 = CARTESIAN_POINT('',(29.088019395273,27.121776504427));
#5840 = CARTESIAN_POINT('',(33.2,27.121776444641));
#5841 = ( GEOMETRIC_REPRESENTATION_CONTEXT(2) 
PARAMETRIC_REPRESENTATION_CONTEXT() REPRESENTATION_CONTEXT('2D SPACE',''
  ) );
#5842 = ORIENTED_EDGE('',*,*,#4039,.F.);
#5843 = ADVANCED_FACE('',(#5844),#4230,.T.);
#5844 = FACE_BOUND('',#5845,.T.);
#5845 = EDGE_LOOP('',(#5846,#5953,#5985,#5986));
#5846 = ORIENTED_EDGE('',*,*,#5847,.F.);
#5847 = EDGE_CURVE('',#5848,#4209,#5850,.T.);
#5848 = VERTEX_POINT('',#5849);
#5849 = CARTESIAN_POINT('',(-53.75141481144,-9.677217308925,
    208.24461172186));
#5850 = SURFACE_CURVE('',#5851,(#5856,#5942),.PCURVE_S1.);
#5851 = CIRCLE('',#5852,6.);
#5852 = AXIS2_PLACEMENT_3D('',#5853,#5854,#5855);
#5853 = CARTESIAN_POINT('',(-47.75342727536,-9.677216859149,208.4));
#5854 = DIRECTION('',(-2.589587440299E-02,-1.294793745241E-02,
    0.999580789434));
#5855 = DIRECTION('',(3.35401215514E-04,-0.999916171944,
    -1.294359263504E-02));
#5856 = PCURVE('',#4230,#5857);
#5857 = DEFINITIONAL_REPRESENTATION('',(#5858),#5941);
#5858 = B_SPLINE_CURVE_WITH_KNOTS('',11,(#5859,#5860,#5861,#5862,#5863,
    #5864,#5865,#5866,#5867,#5868,#5869,#5870,#5871,#5872,#5873,#5874,
    #5875,#5876,#5877,#5878,#5879,#5880,#5881,#5882,#5883,#5884,#5885,
    #5886,#5887,#5888,#5889,#5890,#5891,#5892,#5893,#5894,#5895,#5896,
    #5897,#5898,#5899,#5900,#5901,#5902,#5903,#5904,#5905,#5906,#5907,
    #5908,#5909,#5910,#5911,#5912,#5913,#5914,#5915,#5916,#5917,#5918,
    #5919,#5920,#5921,#5922,#5923,#5924,#5925,#5926,#5927,#5928,#5929,
    #5930,#5931,#5932,#5933,#5934,#5935,#5936,#5937,#5938,#5939,#5940),
  .UNSPECIFIED.,.F.,.F.,(12,10,10,10,10,10,10,10,12),(4.712388980385,
    4.908696580884,5.105004181384,5.301311781884,5.497619382383,
    5.693926982883,5.890234583383,6.086542183882,6.282849784382),
  .UNSPECIFIED.);
#5859 = CARTESIAN_POINT('',(77.310083796586,5.769394790756));
#5860 = CARTESIAN_POINT('',(76.334334094247,5.769394790757));
#5861 = CARTESIAN_POINT('',(75.366513448938,5.769394790753));
#5862 = CARTESIAN_POINT('',(74.406295044177,5.769394790764));
#5863 = CARTESIAN_POINT('',(73.453437041483,5.769394790743));
#5864 = CARTESIAN_POINT('',(72.507539902161,5.769394790771));
#5865 = CARTESIAN_POINT('',(71.568386160472,5.769394790741));
#5866 = CARTESIAN_POINT('',(70.63570239231,5.769394790766));
#5867 = CARTESIAN_POINT('',(69.709173958866,5.76939479075));
#5868 = CARTESIAN_POINT('',(68.788577739927,5.769394790758));
#5869 = CARTESIAN_POINT('',(67.873640698241,5.769394790756));
#5870 = CARTESIAN_POINT('',(66.054597618787,5.769394790756));
#5871 = CARTESIAN_POINT('',(65.150490612393,5.769394790755));
#5872 = CARTESIAN_POINT('',(64.251552156517,5.769394790758));
#5873 = CARTESIAN_POINT('',(63.357534683696,5.769394790753));
#5874 = CARTESIAN_POINT('',(62.46820697947,5.769394790759));
#5875 = CARTESIAN_POINT('',(61.58334077693,5.769394790754));
#5876 = CARTESIAN_POINT('',(60.702707744423,5.769394790757));
#5877 = CARTESIAN_POINT('',(59.826086884044,5.769394790755));
#5878 = CARTESIAN_POINT('',(58.95326632457,5.769394790756));
#5879 = CARTESIAN_POINT('',(58.084033138118,5.769394790756));
#5880 = CARTESIAN_POINT('',(56.352327139767,5.769394790756));
#5881 = CARTESIAN_POINT('',(55.489855137442,5.769394790756));
#5882 = CARTESIAN_POINT('',(54.630550810756,5.769394790756));
#5883 = CARTESIAN_POINT('',(53.774230799166,5.769394790757));
#5884 = CARTESIAN_POINT('',(52.920660635659,5.769394790755));
#5885 = CARTESIAN_POINT('',(52.069667823183,5.769394790757));
#5886 = CARTESIAN_POINT('',(51.221066974314,5.769394790755));
#5887 = CARTESIAN_POINT('',(50.374640750759,5.769394790756));
#5888 = CARTESIAN_POINT('',(49.53021521244,5.769394790756));
#5889 = CARTESIAN_POINT('',(48.687601104417,5.769394790756));
#5890 = CARTESIAN_POINT('',(47.005624011011,5.769394790756));
#5891 = CARTESIAN_POINT('',(46.166261303794,5.769394790756));
#5892 = CARTESIAN_POINT('',(45.328338518516,5.769394790755));
#5893 = CARTESIAN_POINT('',(44.491672752638,5.769394790757));
#5894 = CARTESIAN_POINT('',(43.656082218205,5.769394790754));
#5895 = CARTESIAN_POINT('',(42.821385746817,5.769394790758));
#5896 = CARTESIAN_POINT('',(41.987403068011,5.769394790755));
#5897 = CARTESIAN_POINT('',(41.153955228477,5.769394790757));
#5898 = CARTESIAN_POINT('',(40.320864520198,5.769394790756));
#5899 = CARTESIAN_POINT('',(39.487953284972,5.769394790756));
#5900 = CARTESIAN_POINT('',(37.822128641593,5.769394790756));
#5901 = CARTESIAN_POINT('',(36.989215252124,5.769394790757));
#5902 = CARTESIAN_POINT('',(36.156124649022,5.769394790755));
#5903 = CARTESIAN_POINT('',(35.322677905662,5.769394790758));
#5904 = CARTESIAN_POINT('',(34.488695626975,5.769394790755));
#5905 = CARTESIAN_POINT('',(33.653998624949,5.769394790757));
#5906 = CARTESIAN_POINT('',(32.818407536073,5.769394790756));
#5907 = CARTESIAN_POINT('',(31.981741960256,5.769394790756));
#5908 = CARTESIAN_POINT('',(31.143819700003,5.769394790756));
#5909 = CARTESIAN_POINT('',(30.304456679244,5.769394790756));
#5910 = CARTESIAN_POINT('',(28.622479562321,5.769394790756));
#5911 = CARTESIAN_POINT('',(27.779865745826,5.769394790755));
#5912 = CARTESIAN_POINT('',(26.935438703376,5.769394790758));
#5913 = CARTESIAN_POINT('',(26.089017511417,5.769394790753));
#5914 = CARTESIAN_POINT('',(25.24040832161,5.76939479076));
#5915 = CARTESIAN_POINT('',(24.38941778804,5.769394790752));
#5916 = CARTESIAN_POINT('',(23.535855670404,5.769394790759));
#5917 = CARTESIAN_POINT('',(22.67952637944,5.769394790754));
#5918 = CARTESIAN_POINT('',(21.82022625911,5.769394790757));
#5919 = CARTESIAN_POINT('',(20.957753471182,5.769394790756));
#5920 = CARTESIAN_POINT('',(19.226047449229,5.769394790756));
#5921 = CARTESIAN_POINT('',(18.356814205692,5.769394790755));
#5922 = CARTESIAN_POINT('',(17.483993455666,5.769394790759));
#5923 = CARTESIAN_POINT('',(16.607373783597,5.769394790751));
#5924 = CARTESIAN_POINT('',(15.72673977503,5.769394790762));
#5925 = CARTESIAN_POINT('',(14.841871714445,5.76939479075));
#5926 = CARTESIAN_POINT('',(13.952545030106,5.769394790761));
#5927 = CARTESIAN_POINT('',(13.05852967694,5.769394790753));
#5928 = CARTESIAN_POINT('',(12.159589649425,5.769394790757));
#5929 = CARTESIAN_POINT('',(11.255482815597,5.769394790756));
#5930 = CARTESIAN_POINT('',(9.436439712296,5.769394790756));
#5931 = CARTESIAN_POINT('',(8.521503139163,5.769394790755));
#5932 = CARTESIAN_POINT('',(7.600903531564,5.769394790758));
#5933 = CARTESIAN_POINT('',(6.674385372782,5.769394790752));
#5934 = CARTESIAN_POINT('',(5.741686394142,5.769394790761));
#5935 = CARTESIAN_POINT('',(4.802537231096,5.76939479075));
#5936 = CARTESIAN_POINT('',(3.856660466382,5.76939479076));
#5937 = CARTESIAN_POINT('',(2.903769542284,5.769394790753));
#5938 = CARTESIAN_POINT('',(1.943568024884,5.769394790757));
#5939 = CARTESIAN_POINT('',(0.975749702349,5.769394790756));
#5940 = CARTESIAN_POINT('',(8.881784197001E-16,5.769394790756));
#5941 = ( GEOMETRIC_REPRESENTATION_CONTEXT(2) 
PARAMETRIC_REPRESENTATION_CONTEXT() REPRESENTATION_CONTEXT('2D SPACE',''
  ) );
#5942 = PCURVE('',#5943,#5948);
#5943 = SPHERICAL_SURFACE('',#5944,6.);
#5944 = AXIS2_PLACEMENT_3D('',#5945,#5946,#5947);
#5945 = CARTESIAN_POINT('',(-47.75342727536,-9.677216859149,208.4));
#5946 = DIRECTION('',(0.999664589347,7.496258014328E-08,
    2.589804635615E-02));
#5947 = DIRECTION('',(3.35401215514E-04,-0.999916171944,
    -1.294359263504E-02));
#5948 = DEFINITIONAL_REPRESENTATION('',(#5949),#5952);
#5949 = B_SPLINE_CURVE_WITH_KNOTS('',1,(#5950,#5951),.UNSPECIFIED.,.F.,
  .F.,(2,2),(4.712388980385,6.282849784382),.PIECEWISE_BEZIER_KNOTS.);
#5950 = CARTESIAN_POINT('',(0.,-1.570796326795));
#5951 = CARTESIAN_POINT('',(0.,-3.355227975996E-04));
#5952 = ( GEOMETRIC_REPRESENTATION_CONTEXT(2) 
PARAMETRIC_REPRESENTATION_CONTEXT() REPRESENTATION_CONTEXT('2D SPACE',''
  ) );
#5953 = ORIENTED_EDGE('',*,*,#5954,.T.);
#5954 = EDGE_CURVE('',#5848,#5713,#5955,.T.);
#5955 = SURFACE_CURVE('',#5956,(#5965,#5972),.PCURVE_S1.);
#5956 = B_SPLINE_CURVE_WITH_KNOTS('',3,(#5957,#5958,#5959,#5960,#5961,
    #5962,#5963,#5964),.UNSPECIFIED.,.F.,.F.,(4,2,2,4),(-2.99134811774,
    -0.155375247867,77.154708548719,79.990681418592),.UNSPECIFIED.);
#5957 = CARTESIAN_POINT('',(-53.52454770491,-9.563783305882,
    199.48754140961));
#5958 = CARTESIAN_POINT('',(-53.54902770491,-9.576023305882,
    200.43246940961));
#5959 = CARTESIAN_POINT('',(-53.57350770491,-9.588263305882,
    201.37739740961));
#5960 = CARTESIAN_POINT('',(-54.2653251366,-9.93417202173,
    228.08155027307));
#5961 = CARTESIAN_POINT('',(-54.9326625683,-10.26784073757,
    253.84077513653));
#5962 = CARTESIAN_POINT('',(-55.62448,-10.61374945342,280.544928));
#5963 = CARTESIAN_POINT('',(-55.64896,-10.62598945342,281.489856));
#5964 = CARTESIAN_POINT('',(-55.67344,-10.63822945342,282.434784));
#5965 = PCURVE('',#4230,#5966);
#5966 = DEFINITIONAL_REPRESENTATION('',(#5967),#5971);
#5967 = LINE('',#5968,#5969);
#5968 = CARTESIAN_POINT('',(77.310083796586,0.));
#5969 = VECTOR('',#5970,1.);
#5970 = DIRECTION('',(0.,1.));
#5971 = ( GEOMETRIC_REPRESENTATION_CONTEXT(2) 
PARAMETRIC_REPRESENTATION_CONTEXT() REPRESENTATION_CONTEXT('2D SPACE',''
  ) );
#5972 = PCURVE('',#5973,#5978);
#5973 = B_SPLINE_SURFACE_WITH_KNOTS('',1,1,(
    (#5974,#5975)
    ,(#5976,#5977
    )),.UNSPECIFIED.,.F.,.F.,.F.,(2,2),(2,2),(0.,33.2),(0.,1.),
  .PIECEWISE_BEZIER_KNOTS.);
#5974 = CARTESIAN_POINT('',(-53.6,15.6,202.4));
#5975 = CARTESIAN_POINT('',(-55.6,16.6,279.6));
#5976 = CARTESIAN_POINT('',(-53.6,-15.6,202.4));
#5977 = CARTESIAN_POINT('',(-55.6,-16.6,279.6));
#5978 = DEFINITIONAL_REPRESENTATION('',(#5979),#5984);
#5979 = B_SPLINE_CURVE_WITH_KNOTS('',3,(#5980,#5981,#5982,#5983),
  .UNSPECIFIED.,.F.,.F.,(4,4),(5.769394790756,70.996738784416),
  .PIECEWISE_BEZIER_KNOTS.);
#5980 = CARTESIAN_POINT('',(26.847818689796,7.570740572362E-02));
#5981 = CARTESIAN_POINT('',(26.961900651515,0.357227267047));
#5982 = CARTESIAN_POINT('',(27.069849210328,0.638747128863));
#5983 = CARTESIAN_POINT('',(27.172558971771,0.920266991216));
#5984 = ( GEOMETRIC_REPRESENTATION_CONTEXT(2) 
PARAMETRIC_REPRESENTATION_CONTEXT() REPRESENTATION_CONTEXT('2D SPACE',''
  ) );
#5985 = ORIENTED_EDGE('',*,*,#5712,.T.);
#5986 = ORIENTED_EDGE('',*,*,#4208,.F.);
#5987 = ADVANCED_FACE('',(#5988),#4410,.F.);
#5988 = FACE_BOUND('',#5989,.F.);
#5989 = EDGE_LOOP('',(#5990,#6047,#6079,#6080));
#5990 = ORIENTED_EDGE('',*,*,#5991,.F.);
#5991 = EDGE_CURVE('',#5992,#4367,#5994,.T.);
#5992 = VERTEX_POINT('',#5993);
#5993 = CARTESIAN_POINT('',(53.751414811447,-9.677217308925,
    208.24461172186));
#5994 = SURFACE_CURVE('',#5995,(#6000,#6036),.PCURVE_S1.);
#5995 = CIRCLE('',#5996,6.);
#5996 = AXIS2_PLACEMENT_3D('',#5997,#5998,#5999);
#5997 = CARTESIAN_POINT('',(47.753427275363,-9.677216859149,208.4));
#5998 = DIRECTION('',(-2.589587440299E-02,1.294793745241E-02,
    -0.999580789434));
#5999 = DIRECTION('',(-3.354012155131E-04,-0.999916171944,
    -1.294359263504E-02));
#6000 = PCURVE('',#4410,#6001);
#6001 = DEFINITIONAL_REPRESENTATION('',(#6002),#6035);
#6002 = B_SPLINE_CURVE_WITH_KNOTS('',11,(#6003,#6004,#6005,#6006,#6007,
    #6008,#6009,#6010,#6011,#6012,#6013,#6014,#6015,#6016,#6017,#6018,
    #6019,#6020,#6021,#6022,#6023,#6024,#6025,#6026,#6027,#6028,#6029,
    #6030,#6031,#6032,#6033,#6034),.UNSPECIFIED.,.F.,.F.,(12,10,10,12),(
    4.712388980385,5.105004181384,5.497619382383,6.282849784382),
  .UNSPECIFIED.);
#6003 = CARTESIAN_POINT('',(77.310083796586,5.769394790756));
#6004 = CARTESIAN_POINT('',(75.358584391887,5.769394790756));
#6005 = CARTESIAN_POINT('',(73.438780392862,5.769394790756));
#6006 = CARTESIAN_POINT('',(71.548302309152,5.769394790755));
#6007 = CARTESIAN_POINT('',(69.684417430292,5.769394790757));
#6008 = CARTESIAN_POINT('',(67.845472211944,5.769394790754));
#6009 = CARTESIAN_POINT('',(66.02877681817,5.769394790758));
#6010 = CARTESIAN_POINT('',(64.232848446254,5.769394790754));
#6011 = CARTESIAN_POINT('',(62.45551396806,5.769394790757));
#6012 = CARTESIAN_POINT('',(60.695113883876,5.769394790756));
#6013 = CARTESIAN_POINT('',(58.949886111231,5.769394790756));
#6014 = CARTESIAN_POINT('',(55.486474166654,5.769394790756));
#6015 = CARTESIAN_POINT('',(53.768289191058,5.769394790756));
#6016 = CARTESIAN_POINT('',(52.061966280279,5.769394790755));
#6017 = CARTESIAN_POINT('',(50.365907667184,5.769394790758));
#6018 = CARTESIAN_POINT('',(48.678566450821,5.769394790753));
#6019 = CARTESIAN_POINT('',(46.998436878446,5.769394790759));
#6020 = CARTESIAN_POINT('',(45.32404520706,5.769394790754));
#6021 = CARTESIAN_POINT('',(43.653941145713,5.769394790757));
#6022 = CARTESIAN_POINT('',(41.986689877362,5.769394790756));
#6023 = CARTESIAN_POINT('',(40.320864661262,5.769394790756));
#6024 = CARTESIAN_POINT('',(35.323390723169,5.769394790756));
#6025 = CARTESIAN_POINT('',(31.991743153277,5.769394790755));
#6026 = CARTESIAN_POINT('',(28.648679312577,5.769394790758));
#6027 = CARTESIAN_POINT('',(25.282791937602,5.769394790751));
#6028 = CARTESIAN_POINT('',(21.882418274106,5.769394790762));
#6029 = CARTESIAN_POINT('',(18.435388018027,5.769394790749));
#6030 = CARTESIAN_POINT('',(14.928757150539,5.769394790761));
#6031 = CARTESIAN_POINT('',(11.348494639459,5.769394790753));
#6032 = CARTESIAN_POINT('',(7.679084232941,5.769394790757));
#6033 = CARTESIAN_POINT('',(3.902998809396,5.769394790756));
#6034 = CARTESIAN_POINT('',(0.,5.769394790756));
#6035 = ( GEOMETRIC_REPRESENTATION_CONTEXT(2) 
PARAMETRIC_REPRESENTATION_CONTEXT() REPRESENTATION_CONTEXT('2D SPACE',''
  ) );
#6036 = PCURVE('',#6037,#6042);
#6037 = SPHERICAL_SURFACE('',#6038,6.);
#6038 = AXIS2_PLACEMENT_3D('',#6039,#6040,#6041);
#6039 = CARTESIAN_POINT('',(47.753427275363,-9.677216859149,208.4));
#6040 = DIRECTION('',(-0.999664589347,7.49625792551E-08,
    2.589804635615E-02));
#6041 = DIRECTION('',(-3.354012155131E-04,-0.999916171944,
    -1.294359263504E-02));
#6042 = DEFINITIONAL_REPRESENTATION('',(#6043),#6046);
#6043 = B_SPLINE_CURVE_WITH_KNOTS('',1,(#6044,#6045),.UNSPECIFIED.,.F.,
  .F.,(2,2),(4.712388980385,6.282849784382),.PIECEWISE_BEZIER_KNOTS.);
#6044 = CARTESIAN_POINT('',(0.,-1.570796326795));
#6045 = CARTESIAN_POINT('',(0.,-3.355227975925E-04));
#6046 = ( GEOMETRIC_REPRESENTATION_CONTEXT(2) 
PARAMETRIC_REPRESENTATION_CONTEXT() REPRESENTATION_CONTEXT('2D SPACE',''
  ) );
#6047 = ORIENTED_EDGE('',*,*,#6048,.T.);
#6048 = EDGE_CURVE('',#5992,#5490,#6049,.T.);
#6049 = SURFACE_CURVE('',#6050,(#6059,#6066),.PCURVE_S1.);
#6050 = B_SPLINE_CURVE_WITH_KNOTS('',3,(#6051,#6052,#6053,#6054,#6055,
    #6056,#6057,#6058),.UNSPECIFIED.,.F.,.F.,(4,2,2,4),(-2.99134811774,
    -0.155375247867,77.154708548719,79.990681418592),.UNSPECIFIED.);
#6051 = CARTESIAN_POINT('',(53.524547704912,-9.563783305882,
    199.48754140961));
#6052 = CARTESIAN_POINT('',(53.549027704912,-9.576023305882,
    200.43246940961));
#6053 = CARTESIAN_POINT('',(53.573507704912,-9.588263305882,
    201.37739740961));
#6054 = CARTESIAN_POINT('',(54.265325136608,-9.93417202173,
    228.08155027307));
#6055 = CARTESIAN_POINT('',(54.932662568304,-10.26784073757,
    253.84077513653));
#6056 = CARTESIAN_POINT('',(55.62448,-10.61374945342,280.544928));
#6057 = CARTESIAN_POINT('',(55.64896,-10.62598945342,281.489856));
#6058 = CARTESIAN_POINT('',(55.67344,-10.63822945342,282.434784));
#6059 = PCURVE('',#4410,#6060);
#6060 = DEFINITIONAL_REPRESENTATION('',(#6061),#6065);
#6061 = LINE('',#6062,#6063);
#6062 = CARTESIAN_POINT('',(77.310083796586,0.));
#6063 = VECTOR('',#6064,1.);
#6064 = DIRECTION('',(0.,1.));
#6065 = ( GEOMETRIC_REPRESENTATION_CONTEXT(2) 
PARAMETRIC_REPRESENTATION_CONTEXT() REPRESENTATION_CONTEXT('2D SPACE',''
  ) );
#6066 = PCURVE('',#6067,#6072);
#6067 = B_SPLINE_SURFACE_WITH_KNOTS('',1,1,(
    (#6068,#6069)
    ,(#6070,#6071
    )),.UNSPECIFIED.,.F.,.F.,.F.,(2,2),(2,2),(0.,33.2),(0.,1.),
  .PIECEWISE_BEZIER_KNOTS.);
#6068 = CARTESIAN_POINT('',(53.6,-15.6,202.4));
#6069 = CARTESIAN_POINT('',(55.6,-16.6,279.6));
#6070 = CARTESIAN_POINT('',(53.6,15.6,202.4));
#6071 = CARTESIAN_POINT('',(55.6,16.6,279.6));
#6072 = DEFINITIONAL_REPRESENTATION('',(#6073),#6078);
#6073 = B_SPLINE_CURVE_WITH_KNOTS('',3,(#6074,#6075,#6076,#6077),
  .UNSPECIFIED.,.F.,.F.,(4,4),(5.769394790756,70.996738784416),
  .PIECEWISE_BEZIER_KNOTS.);
#6074 = CARTESIAN_POINT('',(6.352181310204,7.570740572362E-02));
#6075 = CARTESIAN_POINT('',(6.238099348485,0.357227267047));
#6076 = CARTESIAN_POINT('',(6.130150789672,0.638747128863));
#6077 = CARTESIAN_POINT('',(6.027441028229,0.920266991216));
#6078 = ( GEOMETRIC_REPRESENTATION_CONTEXT(2) 
PARAMETRIC_REPRESENTATION_CONTEXT() REPRESENTATION_CONTEXT('2D SPACE',''
  ) );
#6079 = ORIENTED_EDGE('',*,*,#5535,.F.);
#6080 = ORIENTED_EDGE('',*,*,#4390,.F.);
#6081 = ADVANCED_FACE('',(#6082),#4279,.F.);
#6082 = FACE_BOUND('',#6083,.F.);
#6083 = EDGE_LOOP('',(#6084,#6085,#6149,#6178,#6240,#6241,#6242,#6325,
    #6354,#6432));
#6084 = ORIENTED_EDGE('',*,*,#4262,.F.);
#6085 = ORIENTED_EDGE('',*,*,#6086,.T.);
#6086 = EDGE_CURVE('',#4209,#6087,#6089,.T.);
#6087 = VERTEX_POINT('',#6088);
#6088 = CARTESIAN_POINT('',(-47.75342727536,-9.677216859149,202.4));
#6089 = SURFACE_CURVE('',#6090,(#6095,#6137),.PCURVE_S1.);
#6090 = CIRCLE('',#6091,6.);
#6091 = AXIS2_PLACEMENT_3D('',#6092,#6093,#6094);
#6092 = CARTESIAN_POINT('',(-47.75342727536,-9.677216859149,208.4));
#6093 = DIRECTION('',(1.,-9.057511652809E-09,5.921189470036E-15));
#6094 = DIRECTION('',(-9.056751792968E-09,-0.999916115686,
    -1.295228129127E-02));
#6095 = PCURVE('',#4279,#6096);
#6096 = DEFINITIONAL_REPRESENTATION('',(#6097),#6136);
#6097 = B_SPLINE_CURVE_WITH_KNOTS('',7,(#6098,#6099,#6100,#6101,#6102,
    #6103,#6104,#6105,#6106,#6107,#6108,#6109,#6110,#6111,#6112,#6113,
    #6114,#6115,#6116,#6117,#6118,#6119,#6120,#6121,#6122,#6123,#6124,
    #6125,#6126,#6127,#6128,#6129,#6130,#6131,#6132,#6133,#6134,#6135),
  .UNSPECIFIED.,.F.,.F.,(8,6,6,6,6,6,8),(0.,0.194730460416,
    0.389460920832,0.778921841664,1.168382762495,1.363113222911,
    1.557843683327),.UNSPECIFIED.);
#6098 = CARTESIAN_POINT('',(-7.993605777301E-15,5.846572670296));
#6099 = CARTESIAN_POINT('',(2.128569977487,5.846572671372));
#6100 = CARTESIAN_POINT('',(4.228793323204,5.846572672434));
#6101 = CARTESIAN_POINT('',(6.302663751851,5.846572673482));
#6102 = CARTESIAN_POINT('',(8.352135742214,5.846572674518));
#6103 = CARTESIAN_POINT('',(10.37891092734,5.846572675542));
#6104 = CARTESIAN_POINT('',(12.384723130976,5.846572676556));
#6105 = CARTESIAN_POINT('',(16.357566127022,5.846572678564));
#6106 = CARTESIAN_POINT('',(18.324602725268,5.846572679559));
#6107 = CARTESIAN_POINT('',(20.273848926471,5.846572680544));
#6108 = CARTESIAN_POINT('',(22.20681785896,5.846572681521));
#6109 = CARTESIAN_POINT('',(24.124952451611,5.84657268249));
#6110 = CARTESIAN_POINT('',(26.02963660878,5.846572683453));
#6111 = CARTESIAN_POINT('',(31.707345938213,5.846572686323));
#6112 = CARTESIAN_POINT('',(35.444027615973,5.846572688212));
#6113 = CARTESIAN_POINT('',(39.142934751272,5.846572690081));
#6114 = CARTESIAN_POINT('',(42.81398060432,5.846572691937));
#6115 = CARTESIAN_POINT('',(46.466602171259,5.846572693783));
#6116 = CARTESIAN_POINT('',(50.110014727579,5.846572695625));
#6117 = CARTESIAN_POINT('',(57.396839485491,5.846572699308));
#6118 = CARTESIAN_POINT('',(61.040252041811,5.84657270115));
#6119 = CARTESIAN_POINT('',(64.69287360875,5.846572702996));
#6120 = CARTESIAN_POINT('',(68.363919461799,5.846572704851));
#6121 = CARTESIAN_POINT('',(72.062826597096,5.846572706721));
#6122 = CARTESIAN_POINT('',(75.799508274857,5.84657270861));
#6123 = CARTESIAN_POINT('',(81.47721760429,5.84657271148));
#6124 = CARTESIAN_POINT('',(83.381901761461,5.846572712443));
#6125 = CARTESIAN_POINT('',(85.300036354107,5.846572713412));
#6126 = CARTESIAN_POINT('',(87.233005286602,5.846572714389));
#6127 = CARTESIAN_POINT('',(89.182251487801,5.846572715374));
#6128 = CARTESIAN_POINT('',(91.149288086048,5.846572716369));
#6129 = CARTESIAN_POINT('',(95.122131082093,5.846572718377));
#6130 = CARTESIAN_POINT('',(97.127943285731,5.846572719391));
#6131 = CARTESIAN_POINT('',(99.154718470853,5.846572720415));
#6132 = CARTESIAN_POINT('',(101.20419046122,5.846572721451));
#6133 = CARTESIAN_POINT('',(103.27806088986,5.846572722499));
#6134 = CARTESIAN_POINT('',(105.37828423558,5.846572723561));
#6135 = CARTESIAN_POINT('',(107.50685421307,5.846572724637));
#6136 = ( GEOMETRIC_REPRESENTATION_CONTEXT(2) 
PARAMETRIC_REPRESENTATION_CONTEXT() REPRESENTATION_CONTEXT('2D SPACE',''
  ) );
#6137 = PCURVE('',#5943,#6138);
#6138 = DEFINITIONAL_REPRESENTATION('',(#6139),#6148);
#6139 = B_SPLINE_CURVE_WITH_KNOTS('',7,(#6140,#6141,#6142,#6143,#6144,
    #6145,#6146,#6147),.UNSPECIFIED.,.F.,.F.,(8,8),(0.,1.557843683327),
  .PIECEWISE_BEZIER_KNOTS.);
#6140 = CARTESIAN_POINT('',(-4.440892098501E-15,-3.355227975998E-04));
#6141 = CARTESIAN_POINT('',(0.222474477325,-6.098626251917E-03));
#6142 = CARTESIAN_POINT('',(0.444950009693,-1.18423371712E-02));
#6143 = CARTESIAN_POINT('',(0.667450316885,-1.710089869541E-02));
#6144 = CARTESIAN_POINT('',(0.890000636886,-2.14102270813E-02));
#6145 = CARTESIAN_POINT('',(1.112600544742,-2.440399412801E-02));
#6146 = CARTESIAN_POINT('',(1.335224261471,-2.590096094241E-02));
#6147 = CARTESIAN_POINT('',(1.557848029472,-2.590094223821E-02));
#6148 = ( GEOMETRIC_REPRESENTATION_CONTEXT(2) 
PARAMETRIC_REPRESENTATION_CONTEXT() REPRESENTATION_CONTEXT('2D SPACE',''
  ) );
#6149 = ORIENTED_EDGE('',*,*,#6150,.T.);
#6150 = EDGE_CURVE('',#6087,#6151,#6153,.T.);
#6151 = VERTEX_POINT('',#6152);
#6152 = CARTESIAN_POINT('',(47.753427275363,-9.677216859149,202.4));
#6153 = SURFACE_CURVE('',#6154,(#6160,#6167),.PCURVE_S1.);
#6154 = B_SPLINE_CURVE_WITH_KNOTS('',2,(#6155,#6156,#6157,#6158,#6159),
  .UNSPECIFIED.,.F.,.F.,(3,1,1,3),(-4.089811106535,-0.153427106535,
    107.35342710653,111.28981110653),.UNSPECIFIED.);
#6155 = CARTESIAN_POINT('',(-57.68981110653,-9.677216859149,202.4));
#6156 = CARTESIAN_POINT('',(-55.72161910653,-9.677216859149,202.4));
#6157 = CARTESIAN_POINT('',(0.,-9.677216859149,202.4));
#6158 = CARTESIAN_POINT('',(55.721619106535,-9.677216859149,202.4));
#6159 = CARTESIAN_POINT('',(57.689811106535,-9.677216859149,202.4));
#6160 = PCURVE('',#4279,#6161);
#6161 = DEFINITIONAL_REPRESENTATION('',(#6162),#6166);
#6162 = LINE('',#6163,#6164);
#6163 = CARTESIAN_POINT('',(107.50685421307,0.));
#6164 = VECTOR('',#6165,1.);
#6165 = DIRECTION('',(0.,1.));
#6166 = ( GEOMETRIC_REPRESENTATION_CONTEXT(2) 
PARAMETRIC_REPRESENTATION_CONTEXT() REPRESENTATION_CONTEXT('2D SPACE',''
  ) );
#6167 = PCURVE('',#6168,#6173);
#6168 = PLANE('',#6169);
#6169 = AXIS2_PLACEMENT_3D('',#6170,#6171,#6172);
#6170 = CARTESIAN_POINT('',(-53.6,-15.6,202.4));
#6171 = DIRECTION('',(0.,0.,-1.));
#6172 = DIRECTION('',(0.960160346692,0.279449653142,0.));
#6173 = DEFINITIONAL_REPRESENTATION('',(#6174),#6177);
#6174 = B_SPLINE_CURVE_WITH_KNOTS('',1,(#6175,#6176),.UNSPECIFIED.,.F.,
  .F.,(2,2),(-0.153427106535,107.35342710653),.PIECEWISE_BEZIER_KNOTS.);
#6175 = CARTESIAN_POINT('',(1.507805070541,-5.729696665603));
#6176 = CARTESIAN_POINT('',(104.73162348349,24.313056454585));
#6177 = ( GEOMETRIC_REPRESENTATION_CONTEXT(2) 
PARAMETRIC_REPRESENTATION_CONTEXT() REPRESENTATION_CONTEXT('2D SPACE',''
  ) );
#6178 = ORIENTED_EDGE('',*,*,#6179,.F.);
#6179 = EDGE_CURVE('',#4367,#6151,#6180,.T.);
#6180 = SURFACE_CURVE('',#6181,(#6186,#6228),.PCURVE_S1.);
#6181 = CIRCLE('',#6182,6.);
#6182 = AXIS2_PLACEMENT_3D('',#6183,#6184,#6185);
#6183 = CARTESIAN_POINT('',(47.753427275363,-9.677216859149,208.4));
#6184 = DIRECTION('',(1.,9.057504531446E-09,-4.736951574405E-15));
#6185 = DIRECTION('',(9.056744687541E-09,-0.999916115686,
    -1.295228129127E-02));
#6186 = PCURVE('',#4279,#6187);
#6187 = DEFINITIONAL_REPRESENTATION('',(#6188),#6227);
#6188 = B_SPLINE_CURVE_WITH_KNOTS('',7,(#6189,#6190,#6191,#6192,#6193,
    #6194,#6195,#6196,#6197,#6198,#6199,#6200,#6201,#6202,#6203,#6204,
    #6205,#6206,#6207,#6208,#6209,#6210,#6211,#6212,#6213,#6214,#6215,
    #6216,#6217,#6218,#6219,#6220,#6221,#6222,#6223,#6224,#6225,#6226),
  .UNSPECIFIED.,.F.,.F.,(8,6,6,6,6,6,8),(0.,0.194730460416,
    0.389460920832,0.778921841664,1.168382762495,1.363113222911,
    1.557843683327),.UNSPECIFIED.);
#6189 = CARTESIAN_POINT('',(7.105427357601E-15,101.3534273297));
#6190 = CARTESIAN_POINT('',(2.128569977487,101.35342732862));
#6191 = CARTESIAN_POINT('',(4.228793323204,101.35342732756));
#6192 = CARTESIAN_POINT('',(6.30266375185,101.35342732651));
#6193 = CARTESIAN_POINT('',(8.352135742215,101.35342732548));
#6194 = CARTESIAN_POINT('',(10.37891092734,101.35342732445));
#6195 = CARTESIAN_POINT('',(12.384723130976,101.35342732344));
#6196 = CARTESIAN_POINT('',(16.357566127022,101.35342732143));
#6197 = CARTESIAN_POINT('',(18.324602725268,101.35342732044));
#6198 = CARTESIAN_POINT('',(20.273848926471,101.35342731945));
#6199 = CARTESIAN_POINT('',(22.20681785896,101.35342731847));
#6200 = CARTESIAN_POINT('',(24.12495245161,101.35342731751));
#6201 = CARTESIAN_POINT('',(26.029636608779,101.35342731654));
#6202 = CARTESIAN_POINT('',(31.707345938213,101.35342731367));
#6203 = CARTESIAN_POINT('',(35.444027615974,101.35342731178));
#6204 = CARTESIAN_POINT('',(39.142934751272,101.35342730992));
#6205 = CARTESIAN_POINT('',(42.813980604318,101.35342730806));
#6206 = CARTESIAN_POINT('',(46.466602171259,101.35342730621));
#6207 = CARTESIAN_POINT('',(50.110014727579,101.35342730437));
#6208 = CARTESIAN_POINT('',(57.39683948549,101.35342730069));
#6209 = CARTESIAN_POINT('',(61.040252041812,101.35342729885));
#6210 = CARTESIAN_POINT('',(64.692873608748,101.353427297));
#6211 = CARTESIAN_POINT('',(68.363919461801,101.35342729515));
#6212 = CARTESIAN_POINT('',(72.062826597094,101.35342729327));
#6213 = CARTESIAN_POINT('',(75.799508274857,101.35342729139));
#6214 = CARTESIAN_POINT('',(81.47721760429,101.35342728852));
#6215 = CARTESIAN_POINT('',(83.38190176146,101.35342728755));
#6216 = CARTESIAN_POINT('',(85.300036354109,101.35342728658));
#6217 = CARTESIAN_POINT('',(87.233005286601,101.35342728561));
#6218 = CARTESIAN_POINT('',(89.182251487801,101.35342728462));
#6219 = CARTESIAN_POINT('',(91.149288086048,101.35342728363));
#6220 = CARTESIAN_POINT('',(95.122131082093,101.35342728162));
#6221 = CARTESIAN_POINT('',(97.127943285731,101.35342728061));
#6222 = CARTESIAN_POINT('',(99.154718470853,101.35342727958));
#6223 = CARTESIAN_POINT('',(101.20419046122,101.35342727855));
#6224 = CARTESIAN_POINT('',(103.27806088986,101.3534272775));
#6225 = CARTESIAN_POINT('',(105.37828423558,101.35342727644));
#6226 = CARTESIAN_POINT('',(107.50685421307,101.35342727536));
#6227 = ( GEOMETRIC_REPRESENTATION_CONTEXT(2) 
PARAMETRIC_REPRESENTATION_CONTEXT() REPRESENTATION_CONTEXT('2D SPACE',''
  ) );
#6228 = PCURVE('',#6037,#6229);
#6229 = DEFINITIONAL_REPRESENTATION('',(#6230),#6239);
#6230 = B_SPLINE_CURVE_WITH_KNOTS('',7,(#6231,#6232,#6233,#6234,#6235,
    #6236,#6237,#6238),.UNSPECIFIED.,.F.,.F.,(8,8),(0.,1.557843683327),
  .PIECEWISE_BEZIER_KNOTS.);
#6231 = CARTESIAN_POINT('',(4.440892098501E-15,-3.355227975927E-04));
#6232 = CARTESIAN_POINT('',(-0.222474477325,-6.09862625191E-03));
#6233 = CARTESIAN_POINT('',(-0.444950009693,-1.184233717118E-02));
#6234 = CARTESIAN_POINT('',(-0.667450316885,-1.710089869544E-02));
#6235 = CARTESIAN_POINT('',(-0.890000636886,-2.141022708127E-02));
#6236 = CARTESIAN_POINT('',(-1.112600544742,-2.440399412802E-02));
#6237 = CARTESIAN_POINT('',(-1.335224261471,-2.590096094241E-02));
#6238 = CARTESIAN_POINT('',(-1.557848029472,-2.590094223821E-02));
#6239 = ( GEOMETRIC_REPRESENTATION_CONTEXT(2) 
PARAMETRIC_REPRESENTATION_CONTEXT() REPRESENTATION_CONTEXT('2D SPACE',''
  ) );
#6240 = ORIENTED_EDGE('',*,*,#4366,.F.);
#6241 = ORIENTED_EDGE('',*,*,#4872,.T.);
#6242 = ORIENTED_EDGE('',*,*,#6243,.T.);
#6243 = EDGE_CURVE('',#4844,#6244,#6246,.T.);
#6244 = VERTEX_POINT('',#6245);
#6245 = CARTESIAN_POINT('',(40.26,-14.85790156282,205.37336721733));
#6246 = SURFACE_CURVE('',#6247,(#6271,#6298),.PCURVE_S1.);
#6247 = B_SPLINE_CURVE_WITH_KNOTS('',8,(#6248,#6249,#6250,#6251,#6252,
    #6253,#6254,#6255,#6256,#6257,#6258,#6259,#6260,#6261,#6262,#6263,
    #6264,#6265,#6266,#6267,#6268,#6269,#6270),.UNSPECIFIED.,.F.,.F.,(9,
    7,7,9),(0.,0.384140684467,0.590792418536,1.),.UNSPECIFIED.);
#6248 = CARTESIAN_POINT('',(41.483628647439,-15.,205.63088829487));
#6249 = CARTESIAN_POINT('',(41.445623794663,-14.99116756094,
    205.61391059129));
#6250 = CARTESIAN_POINT('',(41.406092329871,-14.98229473419,
    205.59700641303));
#6251 = CARTESIAN_POINT('',(41.364854812059,-14.97338371267,
    205.58017869232));
#6252 = CARTESIAN_POINT('',(41.321694550259,-14.96443963884,
    205.56343586144));
#6253 = CARTESIAN_POINT('',(41.276354073584,-14.95547072944,
    205.54679175705));
#6254 = CARTESIAN_POINT('',(41.228484798108,-14.9464898396,
    205.53026796483));
#6255 = CARTESIAN_POINT('',(41.177644721441,-14.93751444265,
    205.51389344873));
#6256 = CARTESIAN_POINT('',(41.093699521996,-14.92376291337,
    205.48901161348));
#6257 = CARTESIAN_POINT('',(41.063260766076,-14.91896783571,
    205.48037405415));
#6258 = CARTESIAN_POINT('',(41.031642124225,-14.91418701019,
    205.47180068683));
#6259 = CARTESIAN_POINT('',(40.998699986297,-14.9094252474,
    205.46329936058));
#6260 = CARTESIAN_POINT('',(40.964251233653,-14.90469295015,
    205.45488737425));
#6261 = CARTESIAN_POINT('',(40.928073239166,-14.90000611345,
    205.44659147646));
#6262 = CARTESIAN_POINT('',(40.889903867211,-14.89538632455,
    205.43844786559));
#6263 = CARTESIAN_POINT('',(40.769318660898,-14.88189933737,
    205.41476832346));
#6264 = CARTESIAN_POINT('',(40.658316851967,-14.87089664677,
    205.3956445142));
#6265 = CARTESIAN_POINT('',(40.542066477399,-14.8629165737,
    205.38187753299));
#6266 = CARTESIAN_POINT('',(40.440072606312,-14.85911272976,
    205.3753988039));
#6267 = CARTESIAN_POINT('',(40.364101091242,-14.85826469078,
    205.37401921604));
#6268 = CARTESIAN_POINT('',(40.316564712966,-14.85831423191,
    205.37412393552));
#6269 = CARTESIAN_POINT('',(40.288909325316,-14.85790156282,
    205.37336721733));
#6270 = CARTESIAN_POINT('',(40.26,-14.85790156282,205.37336721733));
#6271 = PCURVE('',#4279,#6272);
#6272 = DEFINITIONAL_REPRESENTATION('',(#6273),#6297);
#6273 = B_SPLINE_CURVE_WITH_KNOTS('',8,(#6274,#6275,#6276,#6277,#6278,
    #6279,#6280,#6281,#6282,#6283,#6284,#6285,#6286,#6287,#6288,#6289,
    #6290,#6291,#6292,#6293,#6294,#6295,#6296),.UNSPECIFIED.,.F.,.F.,(9,
    7,7,9),(0.,0.384140684467,0.590792418536,1.),.UNSPECIFIED.);
#6274 = CARTESIAN_POINT('',(33.143420114809,95.083628647439));
#6275 = CARTESIAN_POINT('',(33.357465702005,95.045623794663));
#6276 = CARTESIAN_POINT('',(33.570867455992,95.006092329871));
#6277 = CARTESIAN_POINT('',(33.783591107381,94.964854812059));
#6278 = CARTESIAN_POINT('',(33.99553261033,94.921694550259));
#6279 = CARTESIAN_POINT('',(34.206518720563,94.876354073583));
#6280 = CARTESIAN_POINT('',(34.416276056281,94.828484798108));
#6281 = CARTESIAN_POINT('',(34.624435014671,94.777644721441));
#6282 = CARTESIAN_POINT('',(34.941191986622,94.693699521996));
#6283 = CARTESIAN_POINT('',(35.051236862948,94.663260766076));
#6284 = CARTESIAN_POINT('',(35.160549778321,94.631642124225));
#6285 = CARTESIAN_POINT('',(35.269029620234,94.598699986297));
#6286 = CARTESIAN_POINT('',(35.37645340864,94.564251233653));
#6287 = CARTESIAN_POINT('',(35.482476295944,94.528073239166));
#6288 = CARTESIAN_POINT('',(35.586631567012,94.489903867211));
#6289 = CARTESIAN_POINT('',(35.889713083596,94.369318660898));
#6290 = CARTESIAN_POINT('',(36.134946748667,94.258316851967));
#6291 = CARTESIAN_POINT('',(36.311740067097,94.142066477399));
#6292 = CARTESIAN_POINT('',(36.395146724297,94.040072606312));
#6293 = CARTESIAN_POINT('',(36.413071317794,93.964101091242));
#6294 = CARTESIAN_POINT('',(36.41177501665,93.916564712966));
#6295 = CARTESIAN_POINT('',(36.42138122088,93.888909325316));
#6296 = CARTESIAN_POINT('',(36.42138122088,93.86));
#6297 = ( GEOMETRIC_REPRESENTATION_CONTEXT(2) 
PARAMETRIC_REPRESENTATION_CONTEXT() REPRESENTATION_CONTEXT('2D SPACE',''
  ) );
#6298 = PCURVE('',#4860,#6299);
#6299 = DEFINITIONAL_REPRESENTATION('',(#6300),#6324);
#6300 = B_SPLINE_CURVE_WITH_KNOTS('',8,(#6301,#6302,#6303,#6304,#6305,
    #6306,#6307,#6308,#6309,#6310,#6311,#6312,#6313,#6314,#6315,#6316,
    #6317,#6318,#6319,#6320,#6321,#6322,#6323),.UNSPECIFIED.,.F.,.F.,(9,
    7,7,9),(0.,0.384140684467,0.590792418536,1.),.UNSPECIFIED.);
#6301 = CARTESIAN_POINT('',(0.,-1.150669541741));
#6302 = CARTESIAN_POINT('',(7.218234940517E-03,-1.164544424136));
#6303 = CARTESIAN_POINT('',(1.498219525303E-02,-1.178851748565));
#6304 = CARTESIAN_POINT('',(2.339059143293E-02,-1.193646719676));
#6305 = CARTESIAN_POINT('',(3.258364222008E-02,-1.208995161634));
#6306 = CARTESIAN_POINT('',(4.27239026939E-02,-1.224975201339));
#6307 = CARTESIAN_POINT('',(5.410614315697E-02,-1.241691185666));
#6308 = CARTESIAN_POINT('',(6.708376925826E-02,-1.259276271639));
#6309 = CARTESIAN_POINT('',(9.090362079564E-02,-1.288007748558));
#6310 = CARTESIAN_POINT('',(0.100050864774,-1.298370038678));
#6311 = CARTESIAN_POINT('',(0.109990708739,-1.309079135844));
#6312 = CARTESIAN_POINT('',(0.120876124954,-1.320177899621));
#6313 = CARTESIAN_POINT('',(0.133035818403,-1.331717624082));
#6314 = CARTESIAN_POINT('',(0.146974226788,-1.343758037814));
#6315 = CARTESIAN_POINT('',(0.163371520531,-1.356367303912));
#6316 = CARTESIAN_POINT('',(0.222117069082,-1.395868740495));
#6317 = CARTESIAN_POINT('',(0.268950772337,-1.431903722448));
#6318 = CARTESIAN_POINT('',(0.369222236041,-1.468543747883));
#6319 = CARTESIAN_POINT('',(0.544216184256,-1.498539363882));
#6320 = CARTESIAN_POINT('',(0.790972273812,-1.517443489715));
#6321 = CARTESIAN_POINT('',(1.082392826519,-1.524480023983));
#6322 = CARTESIAN_POINT('',(1.367350561379,-1.523412451764));
#6323 = CARTESIAN_POINT('',(1.570796326795,-1.523412451764));
#6324 = ( GEOMETRIC_REPRESENTATION_CONTEXT(2) 
PARAMETRIC_REPRESENTATION_CONTEXT() REPRESENTATION_CONTEXT('2D SPACE',''
  ) );
#6325 = ORIENTED_EDGE('',*,*,#6326,.F.);
#6326 = EDGE_CURVE('',#6327,#6244,#6329,.T.);
#6327 = VERTEX_POINT('',#6328);
#6328 = CARTESIAN_POINT('',(-40.26,-14.85790156282,205.37336721733));
#6329 = SURFACE_CURVE('',#6330,(#6336,#6345),.PCURVE_S1.);
#6330 = B_SPLINE_CURVE_WITH_KNOTS('',4,(#6331,#6332,#6333,#6334,#6335),
  .UNSPECIFIED.,.F.,.F.,(5,5),(0.,1.),.PIECEWISE_BEZIER_KNOTS.);
#6331 = CARTESIAN_POINT('',(-40.2600006,-14.85790156282,205.37336721733)
  );
#6332 = CARTESIAN_POINT('',(-20.1300003,-14.85790156282,205.37336721733)
  );
#6333 = CARTESIAN_POINT('',(5.044853423897E-13,-14.85790156282,
    205.37336721733));
#6334 = CARTESIAN_POINT('',(20.1300003,-14.85790156282,205.37336721733)
  );
#6335 = CARTESIAN_POINT('',(40.2600006,-14.85790156282,205.37336721733)
  );
#6336 = PCURVE('',#4279,#6337);
#6337 = DEFINITIONAL_REPRESENTATION('',(#6338),#6344);
#6338 = B_SPLINE_CURVE_WITH_KNOTS('',4,(#6339,#6340,#6341,#6342,#6343),
  .UNSPECIFIED.,.F.,.F.,(5,5),(0.,1.),.PIECEWISE_BEZIER_KNOTS.);
#6339 = CARTESIAN_POINT('',(36.421381220881,13.3399994));
#6340 = CARTESIAN_POINT('',(36.421381220881,33.4699997));
#6341 = CARTESIAN_POINT('',(36.421381220881,53.600000000001));
#6342 = CARTESIAN_POINT('',(36.421381220881,73.7300003));
#6343 = CARTESIAN_POINT('',(36.421381220881,93.8600006));
#6344 = ( GEOMETRIC_REPRESENTATION_CONTEXT(2) 
PARAMETRIC_REPRESENTATION_CONTEXT() REPRESENTATION_CONTEXT('2D SPACE',''
  ) );
#6345 = PCURVE('',#4826,#6346);
#6346 = DEFINITIONAL_REPRESENTATION('',(#6347),#6353);
#6347 = B_SPLINE_CURVE_WITH_KNOTS('',4,(#6348,#6349,#6350,#6351,#6352),
  .UNSPECIFIED.,.F.,.F.,(5,5),(0.,1.),.PIECEWISE_BEZIER_KNOTS.);
#6348 = CARTESIAN_POINT('',(-1.523412451764,2.9999994));
#6349 = CARTESIAN_POINT('',(-1.523412451764,23.1299997));
#6350 = CARTESIAN_POINT('',(-1.523412451764,43.26));
#6351 = CARTESIAN_POINT('',(-1.523412451764,63.3900003));
#6352 = CARTESIAN_POINT('',(-1.523412451764,83.5200006));
#6353 = ( GEOMETRIC_REPRESENTATION_CONTEXT(2) 
PARAMETRIC_REPRESENTATION_CONTEXT() REPRESENTATION_CONTEXT('2D SPACE',''
  ) );
#6354 = ORIENTED_EDGE('',*,*,#6355,.T.);
#6355 = EDGE_CURVE('',#6327,#4631,#6356,.T.);
#6356 = SURFACE_CURVE('',#6357,(#6380,#6406),.PCURVE_S1.);
#6357 = B_SPLINE_CURVE_WITH_KNOTS('',6,(#6358,#6359,#6360,#6361,#6362,
    #6363,#6364,#6365,#6366,#6367,#6368,#6369,#6370,#6371,#6372,#6373,
    #6374,#6375,#6376,#6377,#6378,#6379),.UNSPECIFIED.,.F.,.F.,(7,5,5,5,
    7),(0.,0.30541229313,0.479795016426,0.747974908325,1.),
  .UNSPECIFIED.);
#6358 = CARTESIAN_POINT('',(-40.26,-14.85790156282,205.37336721733));
#6359 = CARTESIAN_POINT('',(-40.25722775952,-14.8578852935,
    205.37333936914));
#6360 = CARTESIAN_POINT('',(-40.38137830142,-14.85876685754,
    205.37484649942));
#6361 = CARTESIAN_POINT('',(-40.51822679493,-14.86148991512,
    205.37950508066));
#6362 = CARTESIAN_POINT('',(-40.61294099905,-14.86638936117,
    205.38791321714));
#6363 = CARTESIAN_POINT('',(-40.67008126254,-14.87319132536,
    205.39965064492));
#6364 = CARTESIAN_POINT('',(-40.80128791758,-14.88547924943,
    205.42106002606));
#6365 = CARTESIAN_POINT('',(-40.84577201825,-14.89016102943,
    205.42924996109));
#6366 = CARTESIAN_POINT('',(-40.88745150247,-14.89497238516,
    205.43770333403));
#6367 = CARTESIAN_POINT('',(-40.92670790492,-14.89985680181,
    205.44632511635));
#6368 = CARTESIAN_POINT('',(-40.96390561845,-14.90478737659,
    205.45507045386));
#6369 = CARTESIAN_POINT('',(-41.05396556628,-14.91742460875,
    205.47759215089));
#6370 = CARTESIAN_POINT('',(-41.10434223232,-14.92517201169,
    205.49149943817));
#6371 = CARTESIAN_POINT('',(-41.15153848932,-14.93295815935,
    205.50558231783));
#6372 = CARTESIAN_POINT('',(-41.19604591823,-14.94075812856,
    205.5197989999));
#6373 = CARTESIAN_POINT('',(-41.2382861822,-14.94855586917,
    205.53412252164));
#6374 = CARTESIAN_POINT('',(-41.3164262013,-14.96366644207,
    205.5620979418));
#6375 = CARTESIAN_POINT('',(-41.3525430113,-14.97097769581,
    205.57573371318));
#6376 = CARTESIAN_POINT('',(-41.38716839119,-14.97827145151,
    205.58943860012));
#6377 = CARTESIAN_POINT('',(-41.42047103959,-14.98554221391,
    205.60320343685));
#6378 = CARTESIAN_POINT('',(-41.45258758863,-14.99278596705,
    205.61702148953));
#6379 = CARTESIAN_POINT('',(-41.48362864743,-15.,205.63088829487));
#6380 = PCURVE('',#4279,#6381);
#6381 = DEFINITIONAL_REPRESENTATION('',(#6382),#6405);
#6382 = B_SPLINE_CURVE_WITH_KNOTS('',6,(#6383,#6384,#6385,#6386,#6387,
    #6388,#6389,#6390,#6391,#6392,#6393,#6394,#6395,#6396,#6397,#6398,
    #6399,#6400,#6401,#6402,#6403,#6404),.UNSPECIFIED.,.F.,.F.,(7,5,5,5,
    7),(0.,0.30541229313,0.479795016426,0.747974908325,1.),
  .UNSPECIFIED.);
#6383 = CARTESIAN_POINT('',(36.421381220881,13.34));
#6384 = CARTESIAN_POINT('',(36.42173939324,13.342772240472));
#6385 = CARTESIAN_POINT('',(36.402349896279,13.218621698573));
#6386 = CARTESIAN_POINT('',(36.342427262487,13.081773205064));
#6387 = CARTESIAN_POINT('',(36.234341426094,12.987059000946));
#6388 = CARTESIAN_POINT('',(36.083617723067,12.929918737456));
#6389 = CARTESIAN_POINT('',(35.80919853785,12.798712082418));
#6390 = CARTESIAN_POINT('',(35.704301866644,12.754227981742));
#6391 = CARTESIAN_POINT('',(35.596119105884,12.712548497525));
#6392 = CARTESIAN_POINT('',(35.485875802271,12.673292095079));
#6393 = CARTESIAN_POINT('',(35.374150820821,12.636094381542));
#6394 = CARTESIAN_POINT('',(35.086673670746,12.546034433712));
#6395 = CARTESIAN_POINT('',(34.909383714698,12.495657767673));
#6396 = CARTESIAN_POINT('',(34.730092856001,12.448461510678));
#6397 = CARTESIAN_POINT('',(34.549336714877,12.403954081761));
#6398 = CARTESIAN_POINT('',(34.367459372577,12.361713817793));
#6399 = CARTESIAN_POINT('',(34.012690353135,12.2835737987));
#6400 = CARTESIAN_POINT('',(33.839975833108,12.247456988698));
#6401 = CARTESIAN_POINT('',(33.666592018448,12.212831608803));
#6402 = CARTESIAN_POINT('',(33.492653964776,12.179528960404));
#6403 = CARTESIAN_POINT('',(33.318245200915,12.147412411366));
#6404 = CARTESIAN_POINT('',(33.143420114809,12.116371352561));
#6405 = ( GEOMETRIC_REPRESENTATION_CONTEXT(2) 
PARAMETRIC_REPRESENTATION_CONTEXT() REPRESENTATION_CONTEXT('2D SPACE',''
  ) );
#6406 = PCURVE('',#4647,#6407);
#6407 = DEFINITIONAL_REPRESENTATION('',(#6408),#6431);
#6408 = B_SPLINE_CURVE_WITH_KNOTS('',6,(#6409,#6410,#6411,#6412,#6413,
    #6414,#6415,#6416,#6417,#6418,#6419,#6420,#6421,#6422,#6423,#6424,
    #6425,#6426,#6427,#6428,#6429,#6430),.UNSPECIFIED.,.F.,.F.,(7,5,5,5,
    7),(0.,0.30541229313,0.479795016426,0.747974908325,1.),
  .UNSPECIFIED.);
#6409 = CARTESIAN_POINT('',(-1.120940588692,-1.523412451764));
#6410 = CARTESIAN_POINT('',(-1.138559836133,-1.523809499706));
#6411 = CARTESIAN_POINT('',(-0.794506757285,-1.50876803633));
#6412 = CARTESIAN_POINT('',(-0.454610931133,-1.484604459242));
#6413 = CARTESIAN_POINT('',(-0.292594154335,-1.456314248355));
#6414 = CARTESIAN_POINT('',(-0.290070441222,-1.427571965883));
#6415 = CARTESIAN_POINT('',(-0.20598493021,-1.385405887556));
#6416 = CARTESIAN_POINT('',(-0.182728991693,-1.370917555761));
#6417 = CARTESIAN_POINT('',(-0.164025592319,-1.357207220717));
#6418 = CARTESIAN_POINT('',(-0.148037587506,-1.344197535303));
#6419 = CARTESIAN_POINT('',(-0.133843304021,-1.331792845509));
#6420 = CARTESIAN_POINT('',(-0.102356412216,-1.301557405656));
#6421 = CARTESIAN_POINT('',(-8.710598373068E-02,-1.284457911299));
#6422 = CARTESIAN_POINT('',(-7.394734190445E-02,-1.268293093002));
#6423 = CARTESIAN_POINT('',(-6.245424105399E-02,-1.25291561673));
#6424 = CARTESIAN_POINT('',(-5.215791415578E-02,-1.238201217259));
#6425 = CARTESIAN_POINT('',(-3.406815109459E-02,-1.210761005897));
#6426 = CARTESIAN_POINT('',(-2.616013748227E-02,-1.197972999836));
#6427 = CARTESIAN_POINT('',(-1.890018386237E-02,-1.185616269766));
#6428 = CARTESIAN_POINT('',(-1.217456837218E-02,-1.173639755298));
#6429 = CARTESIAN_POINT('',(-5.895606452553E-03,-1.16200206927));
#6430 = CARTESIAN_POINT('',(0.,-1.150669541741));
#6431 = ( GEOMETRIC_REPRESENTATION_CONTEXT(2) 
PARAMETRIC_REPRESENTATION_CONTEXT() REPRESENTATION_CONTEXT('2D SPACE',''
  ) );
#6432 = ORIENTED_EDGE('',*,*,#4659,.T.);
#6433 = ADVANCED_FACE('',(#6434),#4468,.T.);
#6434 = FACE_BOUND('',#6435,.T.);
#6435 = EDGE_LOOP('',(#6436,#6437,#6438,#6476));
#6436 = ORIENTED_EDGE('',*,*,#4454,.T.);
#6437 = ORIENTED_EDGE('',*,*,#5050,.T.);
#6438 = ORIENTED_EDGE('',*,*,#6439,.F.);
#6439 = EDGE_CURVE('',#4504,#5011,#6440,.T.);
#6440 = SURFACE_CURVE('',#6441,(#6446,#6460),.PCURVE_S1.);
#6441 = CIRCLE('',#6442,9.);
#6442 = AXIS2_PLACEMENT_3D('',#6443,#6444,#6445);
#6443 = CARTESIAN_POINT('',(47.216835615137,9.109086877944,209.));
#6444 = DIRECTION('',(-8.014386039455E-08,1.,1.973733616477E-16));
#6445 = DIRECTION('',(0.999702690643,8.012003287977E-08,
    -2.438299245471E-02));
#6446 = PCURVE('',#4468,#6447);
#6447 = DEFINITIONAL_REPRESENTATION('',(#6448),#6459);
#6448 = B_SPLINE_CURVE_WITH_KNOTS('',9,(#6449,#6450,#6451,#6452,#6453,
    #6454,#6455,#6456,#6457,#6458),.UNSPECIFIED.,.F.,.F.,(10,10),(0.,
    1.546410917622),.PIECEWISE_BEZIER_KNOTS.);
#6449 = CARTESIAN_POINT('',(3.552713678801E-15,27.109087599025));
#6450 = CARTESIAN_POINT('',(4.454573535314,27.109087510327));
#6451 = CARTESIAN_POINT('',(8.558614493818,27.109087428611));
#6452 = CARTESIAN_POINT('',(12.454504012277,27.109087351032));
#6453 = CARTESIAN_POINT('',(16.23489899934,27.109087275768));
#6454 = CARTESIAN_POINT('',(19.979260842953,27.109087201202));
#6455 = CARTESIAN_POINT('',(23.759655766055,27.109087125936));
#6456 = CARTESIAN_POINT('',(27.655545402172,27.109087048358));
#6457 = CARTESIAN_POINT('',(31.759586295611,27.109086966642));
#6458 = CARTESIAN_POINT('',(36.214159830925,27.109086877944));
#6459 = ( GEOMETRIC_REPRESENTATION_CONTEXT(2) 
PARAMETRIC_REPRESENTATION_CONTEXT() REPRESENTATION_CONTEXT('2D SPACE',''
  ) );
#6460 = PCURVE('',#6461,#6466);
#6461 = SPHERICAL_SURFACE('',#6462,9.);
#6462 = AXIS2_PLACEMENT_3D('',#6463,#6464,#6465);
#6463 = CARTESIAN_POINT('',(47.216835615137,9.109086877944,209.));
#6464 = DIRECTION('',(-1.421259238694E-08,-0.999925647793,
    1.2194215217E-02));
#6465 = DIRECTION('',(0.999702734857,-2.973235589249E-04,
    -2.437936665906E-02));
#6466 = DEFINITIONAL_REPRESENTATION('',(#6467),#6475);
#6467 = B_SPLINE_CURVE_WITH_KNOTS('',6,(#6468,#6469,#6470,#6471,#6472,
    #6473,#6474),.UNSPECIFIED.,.F.,.F.,(7,7),(0.,1.546410917622),
  .PIECEWISE_BEZIER_KNOTS.);
#6468 = CARTESIAN_POINT('',(-5.551115123126E-16,-2.974257844552E-04));
#6469 = CARTESIAN_POINT('',(-0.257716012558,-3.439368847381E-03));
#6470 = CARTESIAN_POINT('',(-0.515432617528,-6.557388769925E-03));
#6471 = CARTESIAN_POINT('',(-0.77315882336,-9.277491018262E-03));
#6472 = CARTESIAN_POINT('',(-1.030904116325,-1.122264748331E-02));
#6473 = CARTESIAN_POINT('',(-1.288658413623,-1.219454176751E-02));
#6474 = CARTESIAN_POINT('',(-1.546412731162,-1.219451744826E-02));
#6475 = ( GEOMETRIC_REPRESENTATION_CONTEXT(2) 
PARAMETRIC_REPRESENTATION_CONTEXT() REPRESENTATION_CONTEXT('2D SPACE',''
  ) );
#6476 = ORIENTED_EDGE('',*,*,#4503,.F.);
#6477 = ADVANCED_FACE('',(#6478),#4549,.T.);
#6478 = FACE_BOUND('',#6479,.T.);
#6479 = EDGE_LOOP('',(#6480,#6566,#6593,#6659));
#6480 = ORIENTED_EDGE('',*,*,#6481,.F.);
#6481 = EDGE_CURVE('',#6482,#4504,#6484,.T.);
#6482 = VERTEX_POINT('',#6483);
#6483 = CARTESIAN_POINT('',(47.216835743051,18.108417708086,
    208.89025206304));
#6484 = SURFACE_CURVE('',#6485,(#6490,#6560),.PCURVE_S1.);
#6485 = CIRCLE('',#6486,9.);
#6486 = AXIS2_PLACEMENT_3D('',#6487,#6488,#6489);
#6487 = CARTESIAN_POINT('',(47.216835615137,9.109086877944,209.));
#6488 = DIRECTION('',(-2.438117962683E-02,-1.219058995537E-02,
    -0.999628404757));
#6489 = DIRECTION('',(0.999702734857,-2.973235589249E-04,
    -2.437936665906E-02));
#6490 = PCURVE('',#4549,#6491);
#6491 = DEFINITIONAL_REPRESENTATION('',(#6492),#6559);
#6492 = B_SPLINE_CURVE_WITH_KNOTS('',9,(#6493,#6494,#6495,#6496,#6497,
    #6498,#6499,#6500,#6501,#6502,#6503,#6504,#6505,#6506,#6507,#6508,
    #6509,#6510,#6511,#6512,#6513,#6514,#6515,#6516,#6517,#6518,#6519,
    #6520,#6521,#6522,#6523,#6524,#6525,#6526,#6527,#6528,#6529,#6530,
    #6531,#6532,#6533,#6534,#6535,#6536,#6537,#6538,#6539,#6540,#6541,
    #6542,#6543,#6544,#6545,#6546,#6547,#6548,#6549,#6550,#6551,#6552,
    #6553,#6554,#6555,#6556,#6557,#6558),.UNSPECIFIED.,.F.,.F.,(10,8,8,8
    ,8,8,8,8,10),(4.712388980385,4.908701343011,5.105013705637,
    5.301326068264,5.49763843089,5.890263156143,6.086575518769,
    6.184731700082,6.282887881395),.UNSPECIFIED.);
#6493 = CARTESIAN_POINT('',(82.140221913184,8.674126246146));
#6494 = CARTESIAN_POINT('',(80.873122794942,8.674126246146));
#6495 = CARTESIAN_POINT('',(79.618898531736,8.674126246147));
#6496 = CARTESIAN_POINT('',(78.376891123008,8.674126246145));
#6497 = CARTESIAN_POINT('',(77.146477655916,8.674126246148));
#6498 = CARTESIAN_POINT('',(75.927029439251,8.674126246144));
#6499 = CARTESIAN_POINT('',(74.718000260075,8.674126246147));
#6500 = CARTESIAN_POINT('',(73.518807161735,8.674126246146));
#6501 = CARTESIAN_POINT('',(72.328925867282,8.674126246146));
#6502 = CARTESIAN_POINT('',(69.966742503149,8.674126246146));
#6503 = CARTESIAN_POINT('',(68.794440833661,8.674126246147));
#6504 = CARTESIAN_POINT('',(67.63041088129,8.674126246145));
#6505 = CARTESIAN_POINT('',(66.474152284488,8.674126246148));
#6506 = CARTESIAN_POINT('',(65.325181213422,8.674126246144));
#6507 = CARTESIAN_POINT('',(64.183028898725,8.674126246148));
#6508 = CARTESIAN_POINT('',(63.047240090017,8.674126246146));
#6509 = CARTESIAN_POINT('',(61.917371445508,8.674126246146));
#6510 = CARTESIAN_POINT('',(59.668608257556,8.674126246146));
#6511 = CARTESIAN_POINT('',(58.549713803512,8.674126246146));
#6512 = CARTESIAN_POINT('',(57.43587331799,8.674126246146));
#6513 = CARTESIAN_POINT('',(56.326669321423,8.674126246147));
#6514 = CARTESIAN_POINT('',(55.221671826473,8.674126246146));
#6515 = CARTESIAN_POINT('',(54.120507721533,8.674126246147));
#6516 = CARTESIAN_POINT('',(53.022747522138,8.674126246146));
#6517 = CARTESIAN_POINT('',(51.928017706008,8.674126246146));
#6518 = CARTESIAN_POINT('',(49.743834712443,8.674126246146));
#6519 = CARTESIAN_POINT('',(48.654382159021,8.674126246147));
#6520 = CARTESIAN_POINT('',(47.567181867567,8.674126246145));
#6521 = CARTESIAN_POINT('',(46.481852017645,8.674126246148));
#6522 = CARTESIAN_POINT('',(45.398014670716,8.674126246145));
#6523 = CARTESIAN_POINT('',(44.315294791329,8.674126246147));
#6524 = CARTESIAN_POINT('',(43.233319268026,8.674126246146));
#6525 = CARTESIAN_POINT('',(42.151715934507,8.674126246146));
#6526 = CARTESIAN_POINT('',(38.906905902806,8.674126246146));
#6527 = CARTESIAN_POINT('',(36.743699044208,8.674126246146));
#6528 = CARTESIAN_POINT('',(34.57751530838,8.674126246148));
#6529 = CARTESIAN_POINT('',(32.405376462388,8.674126246144));
#6530 = CARTESIAN_POINT('',(30.224274536166,8.674126246148));
#6531 = CARTESIAN_POINT('',(28.031140985914,8.674126246145));
#6532 = CARTESIAN_POINT('',(25.822813231886,8.674126246147));
#6533 = CARTESIAN_POINT('',(23.595998570192,8.674126246146));
#6534 = CARTESIAN_POINT('',(20.222853903305,8.674126246146));
#6535 = CARTESIAN_POINT('',(19.092985209936,8.674126246146));
#6536 = CARTESIAN_POINT('',(17.957197102725,8.674126246147));
#6537 = CARTESIAN_POINT('',(16.815040382719,8.674126246145));
#6538 = CARTESIAN_POINT('',(15.666080202294,8.674126246148));
#6539 = CARTESIAN_POINT('',(14.509810602779,8.674126246145));
#6540 = CARTESIAN_POINT('',(13.345785281905,8.674126246147));
#6541 = CARTESIAN_POINT('',(12.173482979559,8.674126246146));
#6542 = CARTESIAN_POINT('',(10.401845479691,8.674126246146));
#6543 = CARTESIAN_POINT('',(9.809102092199,8.674126246146));
#6544 = CARTESIAN_POINT('',(9.214096379211,8.674126246146));
#6545 = CARTESIAN_POINT('',(8.616762392223,8.674126246146));
#6546 = CARTESIAN_POINT('',(8.017032952907,8.674126246146));
#6547 = CARTESIAN_POINT('',(7.41483960053,8.674126246146));
#6548 = CARTESIAN_POINT('',(6.810112539327,8.674126246146));
#6549 = CARTESIAN_POINT('',(6.202780585928,8.674126246146));
#6550 = CARTESIAN_POINT('',(4.982761647539,8.674126246146));
#6551 = CARTESIAN_POINT('',(4.370074882033,8.674126246146));
#6552 = CARTESIAN_POINT('',(3.754637397425,8.674126246146));
#6553 = CARTESIAN_POINT('',(3.136377817705,8.674126246147));
#6554 = CARTESIAN_POINT('',(2.515218837098,8.674126246146));
#6555 = CARTESIAN_POINT('',(1.891079711996,8.674126246146));
#6556 = CARTESIAN_POINT('',(1.263881779288,8.674126246146));
#6557 = CARTESIAN_POINT('',(0.633549559121,8.674126246146));
#6558 = CARTESIAN_POINT('',(-1.470384096358E-14,8.674126246146));
#6559 = ( GEOMETRIC_REPRESENTATION_CONTEXT(2) 
PARAMETRIC_REPRESENTATION_CONTEXT() REPRESENTATION_CONTEXT('2D SPACE',''
  ) );
#6560 = PCURVE('',#6461,#6561);
#6561 = DEFINITIONAL_REPRESENTATION('',(#6562),#6565);
#6562 = B_SPLINE_CURVE_WITH_KNOTS('',1,(#6563,#6564),.UNSPECIFIED.,.F.,
  .F.,(2,2),(4.712388980385,6.282887881395),.PIECEWISE_BEZIER_KNOTS.);
#6563 = CARTESIAN_POINT('',(0.,-1.570796326795));
#6564 = CARTESIAN_POINT('',(0.,-2.974257844555E-04));
#6565 = ( GEOMETRIC_REPRESENTATION_CONTEXT(2) 
PARAMETRIC_REPRESENTATION_CONTEXT() REPRESENTATION_CONTEXT('2D SPACE',''
  ) );
#6566 = ORIENTED_EDGE('',*,*,#6567,.T.);
#6567 = EDGE_CURVE('',#6482,#5383,#6568,.T.);
#6568 = SURFACE_CURVE('',#6569,(#6578,#6585),.PCURVE_S1.);
#6569 = B_SPLINE_CURVE_WITH_KNOTS('',3,(#6570,#6571,#6572,#6573,#6574,
    #6575,#6576,#6577),.UNSPECIFIED.,.F.,.F.,(4,2,2,4),(-3.231589924731,
    -0.219430620577,81.920791292606,84.93295059676),.UNSPECIFIED.);
#6570 = CARTESIAN_POINT('',(46.926560198965,17.96328,196.98896));
#6571 = CARTESIAN_POINT('',(46.951040198965,17.97552,197.99264));
#6572 = CARTESIAN_POINT('',(46.975520198965,17.98776,198.99632));
#6573 = CARTESIAN_POINT('',(47.667558727381,18.333779264208,
    227.36989966504));
#6574 = CARTESIAN_POINT('',(48.335117255797,18.667558528416,
    254.73979933009));
#6575 = CARTESIAN_POINT('',(49.027155784213,19.013577792624,
    283.11337899513));
#6576 = CARTESIAN_POINT('',(49.051635784213,19.025817792624,
    284.11705899513));
#6577 = CARTESIAN_POINT('',(49.076115784213,19.038057792624,
    285.12073899513));
#6578 = PCURVE('',#4549,#6579);
#6579 = DEFINITIONAL_REPRESENTATION('',(#6580),#6584);
#6580 = LINE('',#6581,#6582);
#6581 = CARTESIAN_POINT('',(82.140221913184,0.));
#6582 = VECTOR('',#6583,1.);
#6583 = DIRECTION('',(0.,1.));
#6584 = ( GEOMETRIC_REPRESENTATION_CONTEXT(2) 
PARAMETRIC_REPRESENTATION_CONTEXT() REPRESENTATION_CONTEXT('2D SPACE',''
  ) );
#6585 = PCURVE('',#5327,#6586);
#6586 = DEFINITIONAL_REPRESENTATION('',(#6587),#6592);
#6587 = B_SPLINE_CURVE_WITH_KNOTS('',3,(#6588,#6589,#6590,#6591),
  .UNSPECIFIED.,.F.,.F.,(4,4),(8.674126246146,72.697917184108),
  .PIECEWISE_BEZIER_KNOTS.);
#6588 = CARTESIAN_POINT('',(9.285474309905,0.108417708086));
#6589 = CARTESIAN_POINT('',(9.199530347545,0.368580309552));
#6590 = CARTESIAN_POINT('',(9.115971589184,0.628742911174));
#6591 = CARTESIAN_POINT('',(9.034609849078,0.888905512964));
#6592 = ( GEOMETRIC_REPRESENTATION_CONTEXT(2) 
PARAMETRIC_REPRESENTATION_CONTEXT() REPRESENTATION_CONTEXT('2D SPACE',''
  ) );
#6593 = ORIENTED_EDGE('',*,*,#6594,.F.);
#6594 = EDGE_CURVE('',#4528,#5383,#6595,.T.);
#6595 = SURFACE_CURVE('',#6596,(#6601,#6647),.PCURVE_S1.);
#6596 = CIRCLE('',#6597,9.);
#6597 = AXIS2_PLACEMENT_3D('',#6598,#6599,#6600);
#6598 = CARTESIAN_POINT('',(48.777811224893,9.889574682823,273.));
#6599 = DIRECTION('',(2.438118060314E-02,1.219059030158E-02,
    0.999628404729));
#6600 = DIRECTION('',(0.999702690643,-1.974332156096E-16,
    -2.438299245471E-02));
#6601 = PCURVE('',#4549,#6602);
#6602 = DEFINITIONAL_REPRESENTATION('',(#6603),#6646);
#6603 = B_SPLINE_CURVE_WITH_KNOTS('',11,(#6604,#6605,#6606,#6607,#6608,
    #6609,#6610,#6611,#6612,#6613,#6614,#6615,#6616,#6617,#6618,#6619,
    #6620,#6621,#6622,#6623,#6624,#6625,#6626,#6627,#6628,#6629,#6630,
    #6631,#6632,#6633,#6634,#6635,#6636,#6637,#6638,#6639,#6640,#6641,
    #6642,#6643,#6644,#6645),.UNSPECIFIED.,.F.,.F.,(12,10,10,10,12),(0.,
    0.392624748833,0.785249497666,1.1778742465,1.570498995333),
  .UNSPECIFIED.);
#6604 = CARTESIAN_POINT('',(0.,72.697917184108));
#6605 = CARTESIAN_POINT('',(2.073435045286,72.697917184103));
#6606 = CARTESIAN_POINT('',(4.113158240688,72.697917184128));
#6607 = CARTESIAN_POINT('',(6.121849794529,72.697917184062));
#6608 = CARTESIAN_POINT('',(8.102046067254,72.697917184179));
#6609 = CARTESIAN_POINT('',(10.05603748694,72.697917184027));
#6610 = CARTESIAN_POINT('',(11.986135056402,72.697917184178));
#6611 = CARTESIAN_POINT('',(13.894318401607,72.69791718406));
#6612 = CARTESIAN_POINT('',(15.78268095549,72.697917184132));
#6613 = CARTESIAN_POINT('',(17.65307129501,72.697917184099));
#6614 = CARTESIAN_POINT('',(19.507335379124,72.69791718411));
#6615 = CARTESIAN_POINT('',(23.187129798584,72.697917184106));
#6616 = CARTESIAN_POINT('',(25.012660703117,72.697917184115));
#6617 = CARTESIAN_POINT('',(26.825587626452,72.697917184091));
#6618 = CARTESIAN_POINT('',(28.627608342891,72.697917184138));
#6619 = CARTESIAN_POINT('',(30.420366686911,72.697917184069));
#6620 = CARTESIAN_POINT('',(32.205462670535,72.697917184145));
#6621 = CARTESIAN_POINT('',(33.98446210488,72.697917184082));
#6622 = CARTESIAN_POINT('',(35.758905730187,72.697917184122));
#6623 = CARTESIAN_POINT('',(37.530317849777,72.697917184103));
#6624 = CARTESIAN_POINT('',(39.30021447189,72.697917184108));
#6625 = CARTESIAN_POINT('',(42.840007441294,72.697917184108));
#6626 = CARTESIAN_POINT('',(44.609904063401,72.697917184105));
#6627 = CARTESIAN_POINT('',(46.381316183015,72.697917184117));
#6628 = CARTESIAN_POINT('',(48.155759808267,72.697917184091));
#6629 = CARTESIAN_POINT('',(49.934759242698,72.697917184126));
#6630 = CARTESIAN_POINT('',(51.719855226222,72.697917184095));
#6631 = CARTESIAN_POINT('',(53.51261357033,72.697917184113));
#6632 = CARTESIAN_POINT('',(55.314634286712,72.697917184108));
#6633 = CARTESIAN_POINT('',(57.127561210073,72.697917184106));
#6634 = CARTESIAN_POINT('',(58.953092114599,72.697917184109));
#6635 = CARTESIAN_POINT('',(62.632886534059,72.697917184105));
#6636 = CARTESIAN_POINT('',(64.487150618178,72.697917184123));
#6637 = CARTESIAN_POINT('',(66.357540957677,72.697917184066));
#6638 = CARTESIAN_POINT('',(68.245903511611,72.697917184183));
#6639 = CARTESIAN_POINT('',(70.154086856735,72.697917184011));
#6640 = CARTESIAN_POINT('',(72.084184426289,72.697917184201));
#6641 = CARTESIAN_POINT('',(74.038175845899,72.697917184042));
#6642 = CARTESIAN_POINT('',(76.01837211867,72.697917184142));
#6643 = CARTESIAN_POINT('',(78.02706367249,72.697917184095));
#6644 = CARTESIAN_POINT('',(80.066786867899,72.697917184111));
#6645 = CARTESIAN_POINT('',(82.140221913184,72.697917184108));
#6646 = ( GEOMETRIC_REPRESENTATION_CONTEXT(2) 
PARAMETRIC_REPRESENTATION_CONTEXT() REPRESENTATION_CONTEXT('2D SPACE',''
  ) );
#6647 = PCURVE('',#5367,#6648);
#6648 = DEFINITIONAL_REPRESENTATION('',(#6649),#6658);
#6649 = B_SPLINE_CURVE_WITH_KNOTS('',7,(#6650,#6651,#6652,#6653,#6654,
    #6655,#6656,#6657),.UNSPECIFIED.,.F.,.F.,(8,8),(0.,1.570498995333),
  .PIECEWISE_BEZIER_KNOTS.);
#6650 = CARTESIAN_POINT('',(0.,2.438540917272E-02));
#6651 = CARTESIAN_POINT('',(-0.22440704636,2.712043427069E-02));
#6652 = CARTESIAN_POINT('',(-0.448848990613,2.842330459965E-02));
#6653 = CARTESIAN_POINT('',(-0.673309615785,2.806912522934E-02));
#6654 = CARTESIAN_POINT('',(-0.897754417533,2.600802615794E-02));
#6655 = CARTESIAN_POINT('',(-1.122147400958,2.241883903039E-02));
#6656 = CARTESIAN_POINT('',(-1.346489341414,1.766452057825E-02));
#6657 = CARTESIAN_POINT('',(-1.570796324712,1.219443205793E-02));
#6658 = ( GEOMETRIC_REPRESENTATION_CONTEXT(2) 
PARAMETRIC_REPRESENTATION_CONTEXT() REPRESENTATION_CONTEXT('2D SPACE',''
  ) );
#6659 = ORIENTED_EDGE('',*,*,#4527,.F.);
#6660 = ADVANCED_FACE('',(#6661),#4647,.F.);
#6661 = FACE_BOUND('',#6662,.T.);
#6662 = EDGE_LOOP('',(#6663,#6664,#6686));
#6663 = ORIENTED_EDGE('',*,*,#4630,.F.);
#6664 = ORIENTED_EDGE('',*,*,#6665,.T.);
#6665 = EDGE_CURVE('',#4608,#6327,#6666,.T.);
#6666 = SURFACE_CURVE('',#6667,(#6672,#6679),.PCURVE_S1.);
#6667 = CIRCLE('',#6668,3.);
#6668 = AXIS2_PLACEMENT_3D('',#6669,#6670,#6671);
#6669 = CARTESIAN_POINT('',(-40.26,-15.,208.37));
#6670 = DIRECTION('',(1.,-8.679739665932E-17,0.));
#6671 = DIRECTION('',(8.679739665932E-17,1.,0.));
#6672 = PCURVE('',#4647,#6673);
#6673 = DEFINITIONAL_REPRESENTATION('',(#6674),#6678);
#6674 = LINE('',#6675,#6676);
#6675 = CARTESIAN_POINT('',(-1.570796326795,-6.28318530718));
#6676 = VECTOR('',#6677,1.);
#6677 = DIRECTION('',(-0.,1.));
#6678 = ( GEOMETRIC_REPRESENTATION_CONTEXT(2) 
PARAMETRIC_REPRESENTATION_CONTEXT() REPRESENTATION_CONTEXT('2D SPACE',''
  ) );
#6679 = PCURVE('',#4826,#6680);
#6680 = DEFINITIONAL_REPRESENTATION('',(#6681),#6685);
#6681 = LINE('',#6682,#6683);
#6682 = CARTESIAN_POINT('',(-6.28318530718,3.));
#6683 = VECTOR('',#6684,1.);
#6684 = DIRECTION('',(1.,-0.));
#6685 = ( GEOMETRIC_REPRESENTATION_CONTEXT(2) 
PARAMETRIC_REPRESENTATION_CONTEXT() REPRESENTATION_CONTEXT('2D SPACE',''
  ) );
#6686 = ORIENTED_EDGE('',*,*,#6355,.T.);
#6687 = ADVANCED_FACE('',(#6688),#4826,.F.);
#6688 = FACE_BOUND('',#6689,.T.);
#6689 = EDGE_LOOP('',(#6690,#6691,#6692,#6714));
#6690 = ORIENTED_EDGE('',*,*,#6665,.F.);
#6691 = ORIENTED_EDGE('',*,*,#4812,.T.);
#6692 = ORIENTED_EDGE('',*,*,#6693,.T.);
#6693 = EDGE_CURVE('',#4790,#6244,#6694,.T.);
#6694 = SURFACE_CURVE('',#6695,(#6700,#6707),.PCURVE_S1.);
#6695 = CIRCLE('',#6696,3.);
#6696 = AXIS2_PLACEMENT_3D('',#6697,#6698,#6699);
#6697 = CARTESIAN_POINT('',(40.26,-15.,208.37));
#6698 = DIRECTION('',(1.,8.679739665932E-17,-0.));
#6699 = DIRECTION('',(-8.679739665932E-17,1.,0.));
#6700 = PCURVE('',#4826,#6701);
#6701 = DEFINITIONAL_REPRESENTATION('',(#6702),#6706);
#6702 = LINE('',#6703,#6704);
#6703 = CARTESIAN_POINT('',(-6.28318530718,83.52));
#6704 = VECTOR('',#6705,1.);
#6705 = DIRECTION('',(1.,-0.));
#6706 = ( GEOMETRIC_REPRESENTATION_CONTEXT(2) 
PARAMETRIC_REPRESENTATION_CONTEXT() REPRESENTATION_CONTEXT('2D SPACE',''
  ) );
#6707 = PCURVE('',#4860,#6708);
#6708 = DEFINITIONAL_REPRESENTATION('',(#6709),#6713);
#6709 = LINE('',#6710,#6711);
#6710 = CARTESIAN_POINT('',(1.570796326795,-6.28318530718));
#6711 = VECTOR('',#6712,1.);
#6712 = DIRECTION('',(0.,1.));
#6713 = ( GEOMETRIC_REPRESENTATION_CONTEXT(2) 
PARAMETRIC_REPRESENTATION_CONTEXT() REPRESENTATION_CONTEXT('2D SPACE',''
  ) );
#6714 = ORIENTED_EDGE('',*,*,#6326,.F.);
#6715 = ADVANCED_FACE('',(#6716),#4860,.F.);
#6716 = FACE_BOUND('',#6717,.F.);
#6717 = EDGE_LOOP('',(#6718,#6719,#6720));
#6718 = ORIENTED_EDGE('',*,*,#4843,.F.);
#6719 = ORIENTED_EDGE('',*,*,#6693,.T.);
#6720 = ORIENTED_EDGE('',*,*,#6243,.F.);
#6721 = ADVANCED_FACE('',(#6722),#5027,.T.);
#6722 = FACE_BOUND('',#6723,.T.);
#6723 = EDGE_LOOP('',(#6724,#6764,#6765,#6811));
#6724 = ORIENTED_EDGE('',*,*,#6725,.T.);
#6725 = EDGE_CURVE('',#6482,#5011,#6726,.T.);
#6726 = SURFACE_CURVE('',#6727,(#6732,#6758),.PCURVE_S1.);
#6727 = CIRCLE('',#6728,9.);
#6728 = AXIS2_PLACEMENT_3D('',#6729,#6730,#6731);
#6729 = CARTESIAN_POINT('',(47.216835615137,9.109086877944,209.));
#6730 = DIRECTION('',(-1.,1.421364925759E-08,4.466801677089E-15));
#6731 = DIRECTION('',(-1.733287645356E-10,-1.2194215217E-02,
    -0.999925647793));
#6732 = PCURVE('',#5027,#6733);
#6733 = DEFINITIONAL_REPRESENTATION('',(#6734),#6757);
#6734 = B_SPLINE_CURVE_WITH_KNOTS('',6,(#6735,#6736,#6737,#6738,#6739,
    #6740,#6741,#6742,#6743,#6744,#6745,#6746,#6747,#6748,#6749,#6750,
    #6751,#6752,#6753,#6754,#6755,#6756),.UNSPECIFIED.,.F.,.F.,(7,5,5,5,
    7),(4.712388980385,5.102039432721,5.491689885058,5.881340337395,
    6.270990789731),.UNSPECIFIED.);
#6735 = CARTESIAN_POINT('',(-2.132354220212E-14,8.78316425695));
#6736 = CARTESIAN_POINT('',(5.19480851907,8.78316426286));
#6737 = CARTESIAN_POINT('',(10.223375427968,8.78316426858));
#6738 = CARTESIAN_POINT('',(15.115385823489,8.783164274146));
#6739 = CARTESIAN_POINT('',(19.8952923295,8.783164279584));
#6740 = CARTESIAN_POINT('',(24.584615175623,8.783164284919));
#6741 = CARTESIAN_POINT('',(33.821215264886,8.783164295427));
#6742 = CARTESIAN_POINT('',(38.368500635302,8.7831643006));
#6743 = CARTESIAN_POINT('',(42.86432944157,8.783164305715));
#6744 = CARTESIAN_POINT('',(47.326414604492,8.783164310792));
#6745 = CARTESIAN_POINT('',(51.77162470357,8.783164315849));
#6746 = CARTESIAN_POINT('',(60.662046128773,8.783164325963));
#6747 = CARTESIAN_POINT('',(65.107256227852,8.783164331021));
#6748 = CARTESIAN_POINT('',(69.569341390772,8.783164336097));
#6749 = CARTESIAN_POINT('',(74.065170197042,8.783164341212));
#6750 = CARTESIAN_POINT('',(78.612455567458,8.783164346385));
#6751 = CARTESIAN_POINT('',(87.84905565672,8.783164356894));
#6752 = CARTESIAN_POINT('',(92.538378502844,8.783164362229));
#6753 = CARTESIAN_POINT('',(97.318285008855,8.783164367666));
#6754 = CARTESIAN_POINT('',(102.21029540437,8.783164373232));
#6755 = CARTESIAN_POINT('',(107.23886231327,8.783164378953));
#6756 = CARTESIAN_POINT('',(112.43367083234,8.783164384863));
#6757 = ( GEOMETRIC_REPRESENTATION_CONTEXT(2) 
PARAMETRIC_REPRESENTATION_CONTEXT() REPRESENTATION_CONTEXT('2D SPACE',''
  ) );
#6758 = PCURVE('',#6461,#6759);
#6759 = DEFINITIONAL_REPRESENTATION('',(#6760),#6763);
#6760 = B_SPLINE_CURVE_WITH_KNOTS('',1,(#6761,#6762),.UNSPECIFIED.,.F.,
  .F.,(2,2),(4.712388980385,6.270990789731),.PIECEWISE_BEZIER_KNOTS.);
#6761 = CARTESIAN_POINT('',(-1.546412731162,-1.570796326795));
#6762 = CARTESIAN_POINT('',(-1.546412731162,-1.219451744826E-02));
#6763 = ( GEOMETRIC_REPRESENTATION_CONTEXT(2) 
PARAMETRIC_REPRESENTATION_CONTEXT() REPRESENTATION_CONTEXT('2D SPACE',''
  ) );
#6764 = ORIENTED_EDGE('',*,*,#5010,.T.);
#6765 = ORIENTED_EDGE('',*,*,#6766,.F.);
#6766 = EDGE_CURVE('',#5154,#4987,#6767,.T.);
#6767 = SURFACE_CURVE('',#6768,(#6773,#6799),.PCURVE_S1.);
#6768 = CIRCLE('',#6769,9.);
#6769 = AXIS2_PLACEMENT_3D('',#6770,#6771,#6772);
#6770 = CARTESIAN_POINT('',(-47.21683561513,9.109086877944,209.));
#6771 = DIRECTION('',(-1.,-1.421365234206E-08,1.578983851612E-15));
#6772 = DIRECTION('',(-1.42125955449E-08,0.999925647793,
    -1.2194215217E-02));
#6773 = PCURVE('',#5027,#6774);
#6774 = DEFINITIONAL_REPRESENTATION('',(#6775),#6798);
#6775 = B_SPLINE_CURVE_WITH_KNOTS('',6,(#6776,#6777,#6778,#6779,#6780,
    #6781,#6782,#6783,#6784,#6785,#6786,#6787,#6788,#6789,#6790,#6791,
    #6792,#6793,#6794,#6795,#6796,#6797),.UNSPECIFIED.,.F.,.F.,(7,5,5,5,
    7),(0.,0.389650452337,0.779300904673,1.16895135701,1.558601809347),
  .UNSPECIFIED.);
#6776 = CARTESIAN_POINT('',(-7.105427357601E-15,103.21683574305));
#6777 = CARTESIAN_POINT('',(5.19480851907,103.21683573714));
#6778 = CARTESIAN_POINT('',(10.223375427968,103.21683573141));
#6779 = CARTESIAN_POINT('',(15.115385823488,103.21683572585));
#6780 = CARTESIAN_POINT('',(19.8952923295,103.21683572041));
#6781 = CARTESIAN_POINT('',(24.584615175623,103.21683571508));
#6782 = CARTESIAN_POINT('',(33.821215264886,103.21683570457));
#6783 = CARTESIAN_POINT('',(38.368500635302,103.21683569939));
#6784 = CARTESIAN_POINT('',(42.864329441569,103.21683569428));
#6785 = CARTESIAN_POINT('',(47.326414604493,103.2168356892));
#6786 = CARTESIAN_POINT('',(51.771624703571,103.21683568415));
#6787 = CARTESIAN_POINT('',(60.662046128773,103.21683567403));
#6788 = CARTESIAN_POINT('',(65.107256227851,103.21683566898));
#6789 = CARTESIAN_POINT('',(69.569341390773,103.2168356639));
#6790 = CARTESIAN_POINT('',(74.065170197042,103.21683565878));
#6791 = CARTESIAN_POINT('',(78.612455567458,103.21683565361));
#6792 = CARTESIAN_POINT('',(87.84905565672,103.2168356431));
#6793 = CARTESIAN_POINT('',(92.538378502844,103.21683563777));
#6794 = CARTESIAN_POINT('',(97.318285008855,103.21683563233));
#6795 = CARTESIAN_POINT('',(102.21029540437,103.21683562676));
#6796 = CARTESIAN_POINT('',(107.23886231327,103.21683562104));
#6797 = CARTESIAN_POINT('',(112.43367083234,103.21683561513));
#6798 = ( GEOMETRIC_REPRESENTATION_CONTEXT(2) 
PARAMETRIC_REPRESENTATION_CONTEXT() REPRESENTATION_CONTEXT('2D SPACE',''
  ) );
#6799 = PCURVE('',#5097,#6800);
#6800 = DEFINITIONAL_REPRESENTATION('',(#6801),#6810);
#6801 = B_SPLINE_CURVE_WITH_KNOTS('',7,(#6802,#6803,#6804,#6805,#6806,
    #6807,#6808,#6809),.UNSPECIFIED.,.F.,.F.,(8,8),(0.,1.558601809347),
  .PIECEWISE_BEZIER_KNOTS.);
#6802 = CARTESIAN_POINT('',(3.552713678801E-15,-2.974257844578E-04));
#6803 = CARTESIAN_POINT('',(-0.222591222897,-5.726075843075E-03));
#6804 = CARTESIAN_POINT('',(-0.445183330027,-1.113751576757E-02));
#6805 = CARTESIAN_POINT('',(-0.667797378439,-1.609256167017E-02));
#6806 = CARTESIAN_POINT('',(-0.890455802941,-2.015346066231E-02));
#6807 = CARTESIAN_POINT('',(-1.113158244089,-2.297472167183E-02));
#6808 = CARTESIAN_POINT('',(-1.335881817681,-2.438543018213E-02));
#6809 = CARTESIAN_POINT('',(-1.558605436832,-2.438540917273E-02));
#6810 = ( GEOMETRIC_REPRESENTATION_CONTEXT(2) 
PARAMETRIC_REPRESENTATION_CONTEXT() REPRESENTATION_CONTEXT('2D SPACE',''
  ) );
#6811 = ORIENTED_EDGE('',*,*,#6812,.F.);
#6812 = EDGE_CURVE('',#6482,#5154,#6813,.T.);
#6813 = SURFACE_CURVE('',#6814,(#6820,#6827),.PCURVE_S1.);
#6814 = B_SPLINE_CURVE_WITH_KNOTS('',2,(#6815,#6816,#6817,#6818,#6819),
  .UNSPECIFIED.,.F.,.F.,(3,1,1,3),(-4.329475416172,-0.216835416172,
    112.21683541617,116.32947541617),.UNSPECIFIED.);
#6815 = CARTESIAN_POINT('',(60.329475416172,18.108417708086,
    208.89025206304));
#6816 = CARTESIAN_POINT('',(58.273155416172,18.108417708086,
    208.89025206304));
#6817 = CARTESIAN_POINT('',(7.105427357601E-15,18.108417708086,
    208.89025206304));
#6818 = CARTESIAN_POINT('',(-58.27315541617,18.108417708086,
    208.89025206304));
#6819 = CARTESIAN_POINT('',(-60.32947541617,18.108417708086,
    208.89025206304));
#6820 = PCURVE('',#5027,#6821);
#6821 = DEFINITIONAL_REPRESENTATION('',(#6822),#6826);
#6822 = LINE('',#6823,#6824);
#6823 = CARTESIAN_POINT('',(0.,0.));
#6824 = VECTOR('',#6825,1.);
#6825 = DIRECTION('',(0.,1.));
#6826 = ( GEOMETRIC_REPRESENTATION_CONTEXT(2) 
PARAMETRIC_REPRESENTATION_CONTEXT() REPRESENTATION_CONTEXT('2D SPACE',''
  ) );
#6827 = PCURVE('',#5327,#6828);
#6828 = DEFINITIONAL_REPRESENTATION('',(#6829),#6832);
#6829 = B_SPLINE_CURVE_WITH_KNOTS('',1,(#6830,#6831),.UNSPECIFIED.,.F.,
  .F.,(2,2),(-0.216835416172,112.21683541617),.PIECEWISE_BEZIER_KNOTS.);
#6830 = CARTESIAN_POINT('',(-1.887379141863E-14,0.108417708086));
#6831 = CARTESIAN_POINT('',(116.,0.108417708086));
#6832 = ( GEOMETRIC_REPRESENTATION_CONTEXT(2) 
PARAMETRIC_REPRESENTATION_CONTEXT() REPRESENTATION_CONTEXT('2D SPACE',''
  ) );
#6833 = ADVANCED_FACE('',(#6834),#5097,.T.);
#6834 = FACE_BOUND('',#6835,.F.);
#6835 = EDGE_LOOP('',(#6836,#6837,#6838));
#6836 = ORIENTED_EDGE('',*,*,#5153,.F.);
#6837 = ORIENTED_EDGE('',*,*,#5075,.T.);
#6838 = ORIENTED_EDGE('',*,*,#6766,.F.);
#6839 = ADVANCED_FACE('',(#6840),#5136,.T.);
#6840 = FACE_BOUND('',#6841,.F.);
#6841 = EDGE_LOOP('',(#6842,#6843,#6844));
#6842 = ORIENTED_EDGE('',*,*,#5435,.F.);
#6843 = ORIENTED_EDGE('',*,*,#5114,.T.);
#6844 = ORIENTED_EDGE('',*,*,#5240,.F.);
#6845 = ADVANCED_FACE('',(#6846,#6852),#5327,.T.);
#6846 = FACE_BOUND('',#6847,.T.);
#6847 = EDGE_LOOP('',(#6848,#6849,#6850,#6851));
#6848 = ORIENTED_EDGE('',*,*,#6567,.F.);
#6849 = ORIENTED_EDGE('',*,*,#6812,.T.);
#6850 = ORIENTED_EDGE('',*,*,#5308,.T.);
#6851 = ORIENTED_EDGE('',*,*,#5463,.F.);
#6852 = FACE_BOUND('',#6853,.T.);
#6853 = EDGE_LOOP('',(#6854,#6908,#6996,#7021,#7061,#7123,#7175,#7236,
    #7274,#7299));
#6854 = ORIENTED_EDGE('',*,*,#6855,.F.);
#6855 = EDGE_CURVE('',#6856,#6858,#6860,.T.);
#6856 = VERTEX_POINT('',#6857);
#6857 = CARTESIAN_POINT('',(-32.,18.268292682927,222.));
#6858 = VERTEX_POINT('',#6859);
#6859 = CARTESIAN_POINT('',(-32.,18.658536585366,254.));
#6860 = SURFACE_CURVE('',#6861,(#6873,#6888),.PCURVE_S1.);
#6861 = B_SPLINE_CURVE_WITH_KNOTS('',4,(#6862,#6863,#6864,#6865,#6866,
    #6867,#6868,#6869,#6870,#6871,#6872),.UNSPECIFIED.,.F.,.F.,(5,3,3,5)
  ,(0.,0.498335276885,0.940342258195,1.),.UNSPECIFIED.);
#6862 = CARTESIAN_POINT('',(-32.,18.268292682927,222.));
#6863 = CARTESIAN_POINT('',(-32.,18.316910627202,225.98667143055));
#6864 = CARTESIAN_POINT('',(-32.,18.365528616176,229.97334652645));
#6865 = CARTESIAN_POINT('',(-32.,18.414146649085,233.960025225));
#6866 = CARTESIAN_POINT('',(-32.,18.505887357786,241.48276333847));
#6867 = CARTESIAN_POINT('',(-32.,18.549010024366,245.01882199799));
#6868 = CARTESIAN_POINT('',(-32.,18.592132724413,248.55488340183));
#6869 = CARTESIAN_POINT('',(-32.,18.641075738514,252.56821055818));
#6870 = CARTESIAN_POINT('',(-32.,18.646896020198,253.04547365626));
#6871 = CARTESIAN_POINT('',(-32.,18.652716302484,253.52273680365));
#6872 = CARTESIAN_POINT('',(-32.,18.658536585366,254.));
#6873 = PCURVE('',#5327,#6874);
#6874 = DEFINITIONAL_REPRESENTATION('',(#6875),#6887);
#6875 = B_SPLINE_CURVE_WITH_KNOTS('',4,(#6876,#6877,#6878,#6879,#6880,
    #6881,#6882,#6883,#6884,#6885,#6886),.UNSPECIFIED.,.F.,.F.,(5,3,3,5)
  ,(0.,0.498335276885,0.940342258195,1.),.UNSPECIFIED.);
#6876 = CARTESIAN_POINT('',(90.828300262258,0.268292682927));
#6877 = CARTESIAN_POINT('',(90.771839672625,0.316910627202));
#6878 = CARTESIAN_POINT('',(90.715637970536,0.365528616176));
#6879 = CARTESIAN_POINT('',(90.659692505658,0.414146649085));
#6880 = CARTESIAN_POINT('',(90.554603834326,0.505887357786));
#6881 = CARTESIAN_POINT('',(90.505406536019,0.549010024366));
#6882 = CARTESIAN_POINT('',(90.45640695637,0.592132724413));
#6883 = CARTESIAN_POINT('',(90.401016293313,0.641075738514));
#6884 = CARTESIAN_POINT('',(90.39443282606,0.646896020198));
#6885 = CARTESIAN_POINT('',(90.387852935997,0.652716302484));
#6886 = CARTESIAN_POINT('',(90.381276599158,0.658536585366));
#6887 = ( GEOMETRIC_REPRESENTATION_CONTEXT(2) 
PARAMETRIC_REPRESENTATION_CONTEXT() REPRESENTATION_CONTEXT('2D SPACE',''
  ) );
#6888 = PCURVE('',#6889,#6894);
#6889 = PLANE('',#6890);
#6890 = AXIS2_PLACEMENT_3D('',#6891,#6892,#6893);
#6891 = CARTESIAN_POINT('',(-32.,12.,219.));
#6892 = DIRECTION('',(1.,0.,0.));
#6893 = DIRECTION('',(0.,0.,1.));
#6894 = DEFINITIONAL_REPRESENTATION('',(#6895),#6907);
#6895 = B_SPLINE_CURVE_WITH_KNOTS('',4,(#6896,#6897,#6898,#6899,#6900,
    #6901,#6902,#6903,#6904,#6905,#6906),.UNSPECIFIED.,.F.,.F.,(5,3,3,5)
  ,(0.,0.498335276885,0.940342258195,1.),.UNSPECIFIED.);
#6896 = CARTESIAN_POINT('',(3.,-6.268292682927));
#6897 = CARTESIAN_POINT('',(6.986671430551,-6.316910627202));
#6898 = CARTESIAN_POINT('',(10.973346526456,-6.365528616176));
#6899 = CARTESIAN_POINT('',(14.960025225001,-6.414146649085));
#6900 = CARTESIAN_POINT('',(22.482763338471,-6.505887357786));
#6901 = CARTESIAN_POINT('',(26.01882199799,-6.549010024366));
#6902 = CARTESIAN_POINT('',(29.55488340183,-6.592132724413));
#6903 = CARTESIAN_POINT('',(33.568210558182,-6.641075738514));
#6904 = CARTESIAN_POINT('',(34.045473656262,-6.646896020198));
#6905 = CARTESIAN_POINT('',(34.522736803658,-6.652716302484));
#6906 = CARTESIAN_POINT('',(35.,-6.658536585366));
#6907 = ( GEOMETRIC_REPRESENTATION_CONTEXT(2) 
PARAMETRIC_REPRESENTATION_CONTEXT() REPRESENTATION_CONTEXT('2D SPACE',''
  ) );
#6908 = ORIENTED_EDGE('',*,*,#6909,.T.);
#6909 = EDGE_CURVE('',#6856,#6910,#6912,.T.);
#6910 = VERTEX_POINT('',#6911);
#6911 = CARTESIAN_POINT('',(-29.,18.231707317073,219.));
#6912 = SURFACE_CURVE('',#6913,(#6937,#6964),.PCURVE_S1.);
#6913 = B_SPLINE_CURVE_WITH_KNOTS('',8,(#6914,#6915,#6916,#6917,#6918,
    #6919,#6920,#6921,#6922,#6923,#6924,#6925,#6926,#6927,#6928,#6929,
    #6930,#6931,#6932,#6933,#6934,#6935,#6936),.UNSPECIFIED.,.F.,.F.,(9,
    7,7,9),(0.,0.209215205873,0.531928532153,1.),.UNSPECIFIED.);
#6914 = CARTESIAN_POINT('',(-32.,18.268292682927,222.));
#6915 = CARTESIAN_POINT('',(-32.,18.266483470525,221.85164458303));
#6916 = CARTESIAN_POINT('',(-31.9916151841,18.264672098248,
    221.70311205629));
#6917 = CARTESIAN_POINT('',(-31.9748120695,18.262873395048,
    221.55561839392));
#6918 = CARTESIAN_POINT('',(-31.94980628188,18.26110019372,
    221.41021588501));
#6919 = CARTESIAN_POINT('',(-31.91699011202,18.259363494736,
    221.26780656834));
#6920 = CARTESIAN_POINT('',(-31.87687760485,18.25767260221,
    221.12915338123));
#6921 = CARTESIAN_POINT('',(-31.83006718077,18.25603523198,
    220.99488902232));
#6922 = CARTESIAN_POINT('',(-31.6957080579,18.252024090362,
    220.66597540968));
#6923 = CARTESIAN_POINT('',(-31.59984737602,18.249733100858,
    220.47811427032));
#6924 = CARTESIAN_POINT('',(-31.49174579676,18.247597446951,
    220.30299065001));
#6925 = CARTESIAN_POINT('',(-31.3734461935,18.245622705547,
    220.14106185489));
#6926 = CARTESIAN_POINT('',(-31.24677496383,18.243809659421,
    219.99239207253));
#6927 = CARTESIAN_POINT('',(-31.1132695674,18.242155654694,
    219.85676368493));
#6928 = CARTESIAN_POINT('',(-30.97413079117,18.240655648959,
    219.73376321467));
#6929 = CARTESIAN_POINT('',(-30.62130106945,18.237342887295,
    219.4621167582));
#6930 = CARTESIAN_POINT('',(-30.40271813883,18.235697884302,
    219.32722651279));
#6931 = CARTESIAN_POINT('',(-30.1769120283,18.234348698976,
    219.21659331599));
#6932 = CARTESIAN_POINT('',(-29.94591957169,18.2332839299,
    219.12928225184));
#6933 = CARTESIAN_POINT('',(-29.71147405008,18.23249332,219.06445223996)
  );
#6934 = CARTESIAN_POINT('',(-29.47498160169,18.231969497216,
    219.02149877175));
#6935 = CARTESIAN_POINT('',(-29.23755774324,18.231707317073,219.));
#6936 = CARTESIAN_POINT('',(-29.,18.231707317073,219.));
#6937 = PCURVE('',#5327,#6938);
#6938 = DEFINITIONAL_REPRESENTATION('',(#6939),#6963);
#6939 = B_SPLINE_CURVE_WITH_KNOTS('',8,(#6940,#6941,#6942,#6943,#6944,
    #6945,#6946,#6947,#6948,#6949,#6950,#6951,#6952,#6953,#6954,#6955,
    #6956,#6957,#6958,#6959,#6960,#6961,#6962),.UNSPECIFIED.,.F.,.F.,(9,
    7,7,9),(0.,0.209215205873,0.531928532153,1.),.UNSPECIFIED.);
#6940 = CARTESIAN_POINT('',(90.828300258844,0.268292682927));
#6941 = CARTESIAN_POINT('',(90.830401318453,0.266483470525));
#6942 = CARTESIAN_POINT('',(90.823903342713,0.264672098248));
#6943 = CARTESIAN_POINT('',(90.808752557101,0.262873395048));
#6944 = CARTESIAN_POINT('',(90.785153033736,0.26110019372));
#6945 = CARTESIAN_POINT('',(90.753492461044,0.259363494736));
#6946 = CARTESIAN_POINT('',(90.714285829298,0.25767260221));
#6947 = CARTESIAN_POINT('',(90.668137032031,0.25603523198));
#6948 = CARTESIAN_POINT('',(90.534862900486,0.252024090362));
#6949 = CARTESIAN_POINT('',(90.439101471977,0.249733100858));
#6950 = CARTESIAN_POINT('',(90.330577409601,0.247597446951));
#6951 = CARTESIAN_POINT('',(90.211379826162,0.245622705547));
#6952 = CARTESIAN_POINT('',(90.083383021147,0.243809659421));
#6953 = CARTESIAN_POINT('',(89.948169832204,0.242155654694));
#6954 = CARTESIAN_POINT('',(89.806980757182,0.240655648959));
#6955 = CARTESIAN_POINT('',(89.448360803192,0.237342887295));
#6956 = CARTESIAN_POINT('',(89.22570040797,0.235697884302));
#6957 = CARTESIAN_POINT('',(88.995263520464,0.234348698975));
#6958 = CARTESIAN_POINT('',(88.759162739847,0.2332839299));
#6959 = CARTESIAN_POINT('',(88.519198414776,0.23249332));
#6960 = CARTESIAN_POINT('',(88.276831886269,0.231969497216));
#6961 = CARTESIAN_POINT('',(88.033223461522,0.231707317073));
#6962 = CARTESIAN_POINT('',(87.789200863931,0.231707317073));
#6963 = ( GEOMETRIC_REPRESENTATION_CONTEXT(2) 
PARAMETRIC_REPRESENTATION_CONTEXT() REPRESENTATION_CONTEXT('2D SPACE',''
  ) );
#6964 = PCURVE('',#6965,#6970);
#6965 = CYLINDRICAL_SURFACE('',#6966,3.);
#6966 = AXIS2_PLACEMENT_3D('',#6967,#6968,#6969);
#6967 = CARTESIAN_POINT('',(-29.,12.,222.));
#6968 = DIRECTION('',(0.,1.,0.));
#6969 = DIRECTION('',(-1.,0.,0.));
#6970 = DEFINITIONAL_REPRESENTATION('',(#6971),#6995);
#6971 = B_SPLINE_CURVE_WITH_KNOTS('',8,(#6972,#6973,#6974,#6975,#6976,
    #6977,#6978,#6979,#6980,#6981,#6982,#6983,#6984,#6985,#6986,#6987,
    #6988,#6989,#6990,#6991,#6992,#6993,#6994),.UNSPECIFIED.,.F.,.F.,(9,
    7,7,9),(0.,0.209215205873,0.531928532153,1.),.UNSPECIFIED.);
#6972 = CARTESIAN_POINT('',(0.,6.268292682927));
#6973 = CARTESIAN_POINT('',(-4.945180565583E-02,6.266483470525));
#6974 = CARTESIAN_POINT('',(-9.896255013535E-02,6.264672098248));
#6975 = CARTESIAN_POINT('',(-0.148311685617,6.262873395048));
#6976 = CARTESIAN_POINT('',(-0.19733361005,6.26110019372));
#6977 = CARTESIAN_POINT('',(-0.245897632029,6.259363494736));
#6978 = CARTESIAN_POINT('',(-0.293893960216,6.25767260221));
#6979 = CARTESIAN_POINT('',(-0.341225717318,6.25603523198));
#6980 = CARTESIAN_POINT('',(-0.459658322849,6.252024090362));
#6981 = CARTESIAN_POINT('',(-0.529711998439,6.249733100858));
#6982 = CARTESIAN_POINT('',(-0.597943841505,6.247597446951));
#6983 = CARTESIAN_POINT('',(-0.664399990412,6.245622705547));
#6984 = CARTESIAN_POINT('',(-0.729161042005,6.243809659421));
#6985 = CARTESIAN_POINT('',(-0.792340814126,6.242155654694));
#6986 = CARTESIAN_POINT('',(-0.854102539037,6.240655648959));
#6987 = CARTESIAN_POINT('',(-1.002531575521,6.237342887295));
#6988 = CARTESIAN_POINT('',(-1.087693983867,6.235697884302));
#6989 = CARTESIAN_POINT('',(-1.170864029945,6.234348698976));
#6990 = CARTESIAN_POINT('',(-1.25246521221,6.2332839299));
#6991 = CARTESIAN_POINT('',(-1.332882378298,6.23249332));
#6992 = CARTESIAN_POINT('',(-1.412468983154,6.231969497216));
#6993 = CARTESIAN_POINT('',(-1.491610412382,6.231707317073));
#6994 = CARTESIAN_POINT('',(-1.570796326795,6.231707317073));
#6995 = ( GEOMETRIC_REPRESENTATION_CONTEXT(2) 
PARAMETRIC_REPRESENTATION_CONTEXT() REPRESENTATION_CONTEXT('2D SPACE',''
  ) );
#6996 = ORIENTED_EDGE('',*,*,#6997,.T.);
#6997 = EDGE_CURVE('',#6910,#6998,#7000,.T.);
#6998 = VERTEX_POINT('',#6999);
#6999 = CARTESIAN_POINT('',(29.,18.231707317073,219.));
#7000 = SURFACE_CURVE('',#7001,(#7004,#7010),.PCURVE_S1.);
#7001 = B_SPLINE_CURVE_WITH_KNOTS('',1,(#7002,#7003),.UNSPECIFIED.,.F.,
  .F.,(2,2),(0.,1.),.PIECEWISE_BEZIER_KNOTS.);
#7002 = CARTESIAN_POINT('',(-29.,18.231707317073,219.));
#7003 = CARTESIAN_POINT('',(29.,18.231707317073,219.));
#7004 = PCURVE('',#5327,#7005);
#7005 = DEFINITIONAL_REPRESENTATION('',(#7006),#7009);
#7006 = B_SPLINE_CURVE_WITH_KNOTS('',1,(#7007,#7008),.UNSPECIFIED.,.F.,
  .F.,(2,2),(0.,1.),.PIECEWISE_BEZIER_KNOTS.);
#7007 = CARTESIAN_POINT('',(87.789200863931,0.231707317073));
#7008 = CARTESIAN_POINT('',(28.210799136069,0.231707317073));
#7009 = ( GEOMETRIC_REPRESENTATION_CONTEXT(2) 
PARAMETRIC_REPRESENTATION_CONTEXT() REPRESENTATION_CONTEXT('2D SPACE',''
  ) );
#7010 = PCURVE('',#7011,#7016);
#7011 = PLANE('',#7012);
#7012 = AXIS2_PLACEMENT_3D('',#7013,#7014,#7015);
#7013 = CARTESIAN_POINT('',(-32.,12.,219.));
#7014 = DIRECTION('',(0.,0.,1.));
#7015 = DIRECTION('',(1.,0.,0.));
#7016 = DEFINITIONAL_REPRESENTATION('',(#7017),#7020);
#7017 = B_SPLINE_CURVE_WITH_KNOTS('',1,(#7018,#7019),.UNSPECIFIED.,.F.,
  .F.,(2,2),(0.,1.),.PIECEWISE_BEZIER_KNOTS.);
#7018 = CARTESIAN_POINT('',(3.,6.231707317073));
#7019 = CARTESIAN_POINT('',(61.,6.231707317073));
#7020 = ( GEOMETRIC_REPRESENTATION_CONTEXT(2) 
PARAMETRIC_REPRESENTATION_CONTEXT() REPRESENTATION_CONTEXT('2D SPACE',''
  ) );
#7021 = ORIENTED_EDGE('',*,*,#7022,.T.);
#7022 = EDGE_CURVE('',#6998,#7023,#7025,.T.);
#7023 = VERTEX_POINT('',#7024);
#7024 = CARTESIAN_POINT('',(30.338291215129,18.235549344549,
    219.315046253));
#7025 = SURFACE_CURVE('',#7026,(#7034,#7045),.PCURVE_S1.);
#7026 = B_SPLINE_CURVE_WITH_KNOTS('',6,(#7027,#7028,#7029,#7030,#7031,
    #7032,#7033),.UNSPECIFIED.,.F.,.F.,(7,7),(0.,1.),
  .PIECEWISE_BEZIER_KNOTS.);
#7027 = CARTESIAN_POINT('',(29.,18.231707317073,219.));
#7028 = CARTESIAN_POINT('',(29.226987847079,18.231707317073,219.));
#7029 = CARTESIAN_POINT('',(29.454033284338,18.231958657123,
    219.02060988405));
#7030 = CARTESIAN_POINT('',(29.680095153656,18.23246153955,
    219.0618462431));
#7031 = CARTESIAN_POINT('',(29.90388676667,18.233221559866,
    219.12416790898));
#7032 = CARTESIAN_POINT('',(30.123894313277,18.234246122343,
    219.20818203211));
#7033 = CARTESIAN_POINT('',(30.338291215129,18.235549344549,
    219.315046253));
#7034 = PCURVE('',#5327,#7035);
#7035 = DEFINITIONAL_REPRESENTATION('',(#7036),#7044);
#7036 = B_SPLINE_CURVE_WITH_KNOTS('',6,(#7037,#7038,#7039,#7040,#7041,
    #7042,#7043),.UNSPECIFIED.,.F.,.F.,(7,7),(0.,1.),
  .PIECEWISE_BEZIER_KNOTS.);
#7037 = CARTESIAN_POINT('',(28.210799136069,0.231707317073));
#7038 = CARTESIAN_POINT('',(27.977634081921,0.231707317073));
#7039 = CARTESIAN_POINT('',(27.744675078147,0.231958657123));
#7040 = CARTESIAN_POINT('',(27.513001158704,0.23246153955));
#7041 = CARTESIAN_POINT('',(27.283949305475,0.233221559866));
#7042 = CARTESIAN_POINT('',(27.059091700312,0.234246122343));
#7043 = CARTESIAN_POINT('',(26.840328392315,0.235549344549));
#7044 = ( GEOMETRIC_REPRESENTATION_CONTEXT(2) 
PARAMETRIC_REPRESENTATION_CONTEXT() REPRESENTATION_CONTEXT('2D SPACE',''
  ) );
#7045 = PCURVE('',#7046,#7051);
#7046 = CYLINDRICAL_SURFACE('',#7047,3.);
#7047 = AXIS2_PLACEMENT_3D('',#7048,#7049,#7050);
#7048 = CARTESIAN_POINT('',(29.,12.,222.));
#7049 = DIRECTION('',(0.,1.,0.));
#7050 = DIRECTION('',(1.,0.,-0.));
#7051 = DEFINITIONAL_REPRESENTATION('',(#7052),#7060);
#7052 = B_SPLINE_CURVE_WITH_KNOTS('',6,(#7053,#7054,#7055,#7056,#7057,
    #7058,#7059),.UNSPECIFIED.,.F.,.F.,(7,7),(0.,1.),
  .PIECEWISE_BEZIER_KNOTS.);
#7053 = CARTESIAN_POINT('',(1.570796326795,6.231707317073));
#7054 = CARTESIAN_POINT('',(1.495133711102,6.231707317073));
#7055 = CARTESIAN_POINT('',(1.419451423371,6.231958657123));
#7056 = CARTESIAN_POINT('',(1.343320148959,6.23246153955));
#7057 = CARTESIAN_POINT('',(1.266375656708,6.233221559866));
#7058 = CARTESIAN_POINT('',(1.188247886226,6.234246122343));
#7059 = CARTESIAN_POINT('',(1.108396640337,6.235549344549));
#7060 = ( GEOMETRIC_REPRESENTATION_CONTEXT(2) 
PARAMETRIC_REPRESENTATION_CONTEXT() REPRESENTATION_CONTEXT('2D SPACE',''
  ) );
#7061 = ORIENTED_EDGE('',*,*,#7062,.T.);
#7062 = EDGE_CURVE('',#7023,#7063,#7065,.T.);
#7063 = VERTEX_POINT('',#7064);
#7064 = CARTESIAN_POINT('',(32.,18.268292682927,222.));
#7065 = SURFACE_CURVE('',#7066,(#7083,#7103),.PCURVE_S1.);
#7066 = B_SPLINE_CURVE_WITH_KNOTS('',8,(#7067,#7068,#7069,#7070,#7071,
    #7072,#7073,#7074,#7075,#7076,#7077,#7078,#7079,#7080,#7081,#7082),
  .UNSPECIFIED.,.F.,.F.,(9,7,9),(0.,0.725155815102,1.),.UNSPECIFIED.);
#7067 = CARTESIAN_POINT('',(30.338291215129,18.235549344549,
    219.315046253));
#7068 = CARTESIAN_POINT('',(30.569250572536,18.236953242463,
    219.43016588194));
#7069 = CARTESIAN_POINT('',(30.793299208792,18.238660811918,
    219.57018657731));
#7070 = CARTESIAN_POINT('',(31.009455562795,18.240689221744,
    219.736516183));
#7071 = CARTESIAN_POINT('',(31.214938296108,18.243059561583,
    219.93088404982));
#7072 = CARTESIAN_POINT('',(31.40546573024,18.245787701539,
    220.15459152619));
#7073 = CARTESIAN_POINT('',(31.575553351718,18.248878122802,
    220.40800606973));
#7074 = CARTESIAN_POINT('',(31.718644135645,18.252319363659,
    220.69018782006));
#7075 = CARTESIAN_POINT('',(31.869051861366,18.257495628943,
    221.11464157335));
#7076 = CARTESIAN_POINT('',(31.905423662263,18.258960418975,
    221.23475435592));
#7077 = CARTESIAN_POINT('',(31.936404388868,18.260462376463,
    221.35791486994));
#7078 = CARTESIAN_POINT('',(31.96162046217,18.26199566905,
    221.48364486208));
#7079 = CARTESIAN_POINT('',(31.980760395148,18.263553553631,
    221.61139139773));
#7080 = CARTESIAN_POINT('',(31.993594097427,18.265128332568,
    221.7405232706));
#7081 = CARTESIAN_POINT('',(32.,18.266711300669,221.87032665487));
#7082 = CARTESIAN_POINT('',(32.,18.268292682927,222.));
#7083 = PCURVE('',#5327,#7084);
#7084 = DEFINITIONAL_REPRESENTATION('',(#7085),#7102);
#7085 = B_SPLINE_CURVE_WITH_KNOTS('',8,(#7086,#7087,#7088,#7089,#7090,
    #7091,#7092,#7093,#7094,#7095,#7096,#7097,#7098,#7099,#7100,#7101),
  .UNSPECIFIED.,.F.,.F.,(9,7,9),(0.,0.725155815102,1.),.UNSPECIFIED.);
#7086 = CARTESIAN_POINT('',(26.840328392315,0.235549344549));
#7087 = CARTESIAN_POINT('',(26.604665317881,0.236953242463));
#7088 = CARTESIAN_POINT('',(26.37646196996,0.238660811918));
#7089 = CARTESIAN_POINT('',(26.156754076156,0.240689221744));
#7090 = CARTESIAN_POINT('',(25.948429930823,0.243059561583));
#7091 = CARTESIAN_POINT('',(25.755911555471,0.245787701539));
#7092 = CARTESIAN_POINT('',(25.584839211018,0.248878122802));
#7093 = CARTESIAN_POINT('',(25.441926732262,0.252319363659));
#7094 = CARTESIAN_POINT('',(25.293543131519,0.257495628943));
#7095 = CARTESIAN_POINT('',(25.257911809123,0.258960418975));
#7096 = CARTESIAN_POINT('',(25.227860363102,0.260462376463));
#7097 = CARTESIAN_POINT('',(25.203764404182,0.26199566905));
#7098 = CARTESIAN_POINT('',(25.185934510322,0.263553553631));
#7099 = CARTESIAN_POINT('',(25.174596424291,0.265128332568));
#7100 = CARTESIAN_POINT('',(25.16986326337,0.266711300669));
#7101 = CARTESIAN_POINT('',(25.171699741156,0.268292682927));
#7102 = ( GEOMETRIC_REPRESENTATION_CONTEXT(2) 
PARAMETRIC_REPRESENTATION_CONTEXT() REPRESENTATION_CONTEXT('2D SPACE',''
  ) );
#7103 = PCURVE('',#7046,#7104);
#7104 = DEFINITIONAL_REPRESENTATION('',(#7105),#7122);
#7105 = B_SPLINE_CURVE_WITH_KNOTS('',8,(#7106,#7107,#7108,#7109,#7110,
    #7111,#7112,#7113,#7114,#7115,#7116,#7117,#7118,#7119,#7120,#7121),
  .UNSPECIFIED.,.F.,.F.,(9,7,9),(0.,0.725155815102,1.),.UNSPECIFIED.);
#7106 = CARTESIAN_POINT('',(1.108396640337,6.235549344549));
#7107 = CARTESIAN_POINT('',(1.022376775874,6.236953242463));
#7108 = CARTESIAN_POINT('',(0.934715921705,6.238660811918));
#7109 = CARTESIAN_POINT('',(0.844526860546,6.240689221744));
#7110 = CARTESIAN_POINT('',(0.751259477332,6.243059561583));
#7111 = CARTESIAN_POINT('',(0.654512083445,6.245787701539));
#7112 = CARTESIAN_POINT('',(0.553989411345,6.248878122802));
#7113 = CARTESIAN_POINT('',(0.449399621912,6.252319363659));
#7114 = CARTESIAN_POINT('',(0.299294668764,6.257495628943));
#7115 = CARTESIAN_POINT('',(0.257506986819,6.258960418975));
#7116 = CARTESIAN_POINT('',(0.215254755571,6.260462376463));
#7117 = CARTESIAN_POINT('',(0.172611641288,6.26199566905));
#7118 = CARTESIAN_POINT('',(0.129659340323,6.263553553631));
#7119 = CARTESIAN_POINT('',(8.649220156541E-02,6.265128332568));
#7120 = CARTESIAN_POINT('',(4.322444837411E-02,6.266711300669));
#7121 = CARTESIAN_POINT('',(0.,6.268292682927));
#7122 = ( GEOMETRIC_REPRESENTATION_CONTEXT(2) 
PARAMETRIC_REPRESENTATION_CONTEXT() REPRESENTATION_CONTEXT('2D SPACE',''
  ) );
#7123 = ORIENTED_EDGE('',*,*,#7124,.T.);
#7124 = EDGE_CURVE('',#7063,#7125,#7127,.T.);
#7125 = VERTEX_POINT('',#7126);
#7126 = CARTESIAN_POINT('',(32.,18.658536585366,254.));
#7127 = SURFACE_CURVE('',#7128,(#7140,#7155),.PCURVE_S1.);
#7128 = B_SPLINE_CURVE_WITH_KNOTS('',4,(#7129,#7130,#7131,#7132,#7133,
    #7134,#7135,#7136,#7137,#7138,#7139),.UNSPECIFIED.,.F.,.F.,(5,3,3,5)
  ,(0.,0.498335276884,0.940342258195,1.),.UNSPECIFIED.);
#7129 = CARTESIAN_POINT('',(32.,18.268292682927,222.));
#7130 = CARTESIAN_POINT('',(32.,18.316910627202,225.98667143054));
#7131 = CARTESIAN_POINT('',(32.,18.365528616176,229.97334652645));
#7132 = CARTESIAN_POINT('',(32.,18.414146649085,233.96002522499));
#7133 = CARTESIAN_POINT('',(32.,18.505887357786,241.48276333846));
#7134 = CARTESIAN_POINT('',(32.,18.549010024366,245.01882199797));
#7135 = CARTESIAN_POINT('',(32.,18.592132724412,248.55488340181));
#7136 = CARTESIAN_POINT('',(32.,18.641075738514,252.56821055817));
#7137 = CARTESIAN_POINT('',(32.,18.646896020198,253.04547365625));
#7138 = CARTESIAN_POINT('',(32.,18.652716302484,253.52273680365));
#7139 = CARTESIAN_POINT('',(32.,18.658536585366,254.));
#7140 = PCURVE('',#5327,#7141);
#7141 = DEFINITIONAL_REPRESENTATION('',(#7142),#7154);
#7142 = B_SPLINE_CURVE_WITH_KNOTS('',4,(#7143,#7144,#7145,#7146,#7147,
    #7148,#7149,#7150,#7151,#7152,#7153),.UNSPECIFIED.,.F.,.F.,(5,3,3,5)
  ,(0.,0.498335276884,0.940342258195,1.),.UNSPECIFIED.);
#7143 = CARTESIAN_POINT('',(25.171699737742,0.268292682927));
#7144 = CARTESIAN_POINT('',(25.228160327375,0.316910627202));
#7145 = CARTESIAN_POINT('',(25.284362029464,0.365528616176));
#7146 = CARTESIAN_POINT('',(25.340307494342,0.414146649085));
#7147 = CARTESIAN_POINT('',(25.445396165674,0.505887357786));
#7148 = CARTESIAN_POINT('',(25.494593463981,0.549010024366));
#7149 = CARTESIAN_POINT('',(25.54359304363,0.592132724412));
#7150 = CARTESIAN_POINT('',(25.598983706687,0.641075738514));
#7151 = CARTESIAN_POINT('',(25.60556717394,0.646896020198));
#7152 = CARTESIAN_POINT('',(25.612147064003,0.652716302484));
#7153 = CARTESIAN_POINT('',(25.618723400842,0.658536585366));
#7154 = ( GEOMETRIC_REPRESENTATION_CONTEXT(2) 
PARAMETRIC_REPRESENTATION_CONTEXT() REPRESENTATION_CONTEXT('2D SPACE',''
  ) );
#7155 = PCURVE('',#7156,#7161);
#7156 = PLANE('',#7157);
#7157 = AXIS2_PLACEMENT_3D('',#7158,#7159,#7160);
#7158 = CARTESIAN_POINT('',(32.,12.,219.));
#7159 = DIRECTION('',(1.,0.,0.));
#7160 = DIRECTION('',(0.,0.,1.));
#7161 = DEFINITIONAL_REPRESENTATION('',(#7162),#7174);
#7162 = B_SPLINE_CURVE_WITH_KNOTS('',4,(#7163,#7164,#7165,#7166,#7167,
    #7168,#7169,#7170,#7171,#7172,#7173),.UNSPECIFIED.,.F.,.F.,(5,3,3,5)
  ,(0.,0.498335276884,0.940342258195,1.),.UNSPECIFIED.);
#7163 = CARTESIAN_POINT('',(3.,-6.268292682927));
#7164 = CARTESIAN_POINT('',(6.986671430549,-6.316910627202));
#7165 = CARTESIAN_POINT('',(10.973346526451,-6.365528616176));
#7166 = CARTESIAN_POINT('',(14.960025224993,-6.414146649085));
#7167 = CARTESIAN_POINT('',(22.48276333846,-6.505887357786));
#7168 = CARTESIAN_POINT('',(26.018821997978,-6.549010024366));
#7169 = CARTESIAN_POINT('',(29.554883401818,-6.592132724412));
#7170 = CARTESIAN_POINT('',(33.568210558173,-6.641075738514));
#7171 = CARTESIAN_POINT('',(34.045473656256,-6.646896020198));
#7172 = CARTESIAN_POINT('',(34.522736803655,-6.652716302484));
#7173 = CARTESIAN_POINT('',(35.,-6.658536585366));
#7174 = ( GEOMETRIC_REPRESENTATION_CONTEXT(2) 
PARAMETRIC_REPRESENTATION_CONTEXT() REPRESENTATION_CONTEXT('2D SPACE',''
  ) );
#7175 = ORIENTED_EDGE('',*,*,#7176,.T.);
#7176 = EDGE_CURVE('',#7125,#7177,#7179,.T.);
#7177 = VERTEX_POINT('',#7178);
#7178 = CARTESIAN_POINT('',(30.580752895809,18.68963108613,
    256.54974906263));
#7179 = SURFACE_CURVE('',#7180,(#7195,#7213),.PCURVE_S1.);
#7180 = B_SPLINE_CURVE_WITH_KNOTS('',7,(#7181,#7182,#7183,#7184,#7185,
    #7186,#7187,#7188,#7189,#7190,#7191,#7192,#7193,#7194),
  .UNSPECIFIED.,.F.,.F.,(8,6,8),(0.,0.346215956277,1.),.UNSPECIFIED.);
#7181 = CARTESIAN_POINT('',(32.,18.658536585366,254.));
#7182 = CARTESIAN_POINT('',(32.,18.660599326593,254.16914478058));
#7183 = CARTESIAN_POINT('',(31.988873396804,18.662661247965,
    254.33822233309));
#7184 = CARTESIAN_POINT('',(31.966639044537,18.664699433436,
    254.50535354171));
#7185 = CARTESIAN_POINT('',(31.9337871763,18.666695161901,
    254.66900327591));
#7186 = CARTESIAN_POINT('',(31.891081887981,18.668633365584,
    254.82793597789));
#7187 = CARTESIAN_POINT('',(31.839435118411,18.670502223384,
    254.98118231744));
#7188 = CARTESIAN_POINT('',(31.667337352701,18.675674329923,
    255.40529505364));
#7189 = CARTESIAN_POINT('',(31.526708371374,18.678771281175,
    255.65924505636));
#7190 = CARTESIAN_POINT('',(31.363869496988,18.681556492716,
    255.88763240271));
#7191 = CARTESIAN_POINT('',(31.184183241019,18.68402462939,
    256.09001961001));
#7192 = CARTESIAN_POINT('',(30.991964514508,18.686182850817,
    256.26699376701));
#7193 = CARTESIAN_POINT('',(30.790317944331,18.688046661645,
    256.41982625486));
#7194 = CARTESIAN_POINT('',(30.580752895809,18.68963108613,
    256.54974906263));
#7195 = PCURVE('',#5327,#7196);
#7196 = DEFINITIONAL_REPRESENTATION('',(#7197),#7212);
#7197 = B_SPLINE_CURVE_WITH_KNOTS('',7,(#7198,#7199,#7200,#7201,#7202,
    #7203,#7204,#7205,#7206,#7207,#7208,#7209,#7210,#7211),
  .UNSPECIFIED.,.F.,.F.,(8,6,8),(0.,0.346215956277,1.),.UNSPECIFIED.);
#7198 = CARTESIAN_POINT('',(25.618723404255,0.658536585366));
#7199 = CARTESIAN_POINT('',(25.621054095287,0.660599326593));
#7200 = CARTESIAN_POINT('',(25.634642645342,0.662661247965));
#7201 = CARTESIAN_POINT('',(25.659440672567,0.664699433436));
#7202 = CARTESIAN_POINT('',(25.694927604694,0.666695161901));
#7203 = CARTESIAN_POINT('',(25.740310588043,0.668633365584));
#7204 = CARTESIAN_POINT('',(25.794651808591,0.670502223384));
#7205 = CARTESIAN_POINT('',(25.974514739089,0.675674329923));
#7206 = CARTESIAN_POINT('',(26.120190506503,0.678771281175));
#7207 = CARTESIAN_POINT('',(26.28793915102,0.681556492716));
#7208 = CARTESIAN_POINT('',(26.472331211435,0.68402462939));
#7209 = CARTESIAN_POINT('',(26.669016760437,0.686182850817));
#7210 = CARTESIAN_POINT('',(26.874880448291,0.688046661645));
#7211 = CARTESIAN_POINT('',(27.088419738962,0.68963108613));
#7212 = ( GEOMETRIC_REPRESENTATION_CONTEXT(2) 
PARAMETRIC_REPRESENTATION_CONTEXT() REPRESENTATION_CONTEXT('2D SPACE',''
  ) );
#7213 = PCURVE('',#7214,#7219);
#7214 = CYLINDRICAL_SURFACE('',#7215,3.);
#7215 = AXIS2_PLACEMENT_3D('',#7216,#7217,#7218);
#7216 = CARTESIAN_POINT('',(29.,12.,254.));
#7217 = DIRECTION('',(0.,1.,0.));
#7218 = DIRECTION('',(1.,0.,-0.));
#7219 = DEFINITIONAL_REPRESENTATION('',(#7220),#7235);
#7220 = B_SPLINE_CURVE_WITH_KNOTS('',7,(#7221,#7222,#7223,#7224,#7225,
    #7226,#7227,#7228,#7229,#7230,#7231,#7232,#7233,#7234),
  .UNSPECIFIED.,.F.,.F.,(8,6,8),(0.,0.346215956277,1.),.UNSPECIFIED.);
#7221 = CARTESIAN_POINT('',(0.,6.658536585366));
#7222 = CARTESIAN_POINT('',(-5.638159352862E-02,6.660599326593));
#7223 = CARTESIAN_POINT('',(-0.112740627132,6.662661247965));
#7224 = CARTESIAN_POINT('',(-0.168744353564,6.664699433436));
#7225 = CARTESIAN_POINT('',(-0.224170470782,6.666695161901));
#7226 = CARTESIAN_POINT('',(-0.278854282633,6.668633365584));
#7227 = CARTESIAN_POINT('',(-0.332660804573,6.670502223384));
#7228 = CARTESIAN_POINT('',(-0.485227458119,6.675674329923));
#7229 = CARTESIAN_POINT('',(-0.581291215704,6.678771281175));
#7230 = CARTESIAN_POINT('',(-0.673865097368,6.681556492716));
#7231 = CARTESIAN_POINT('',(-0.763219051723,6.68402462939));
#7232 = CARTESIAN_POINT('',(-0.849664873734,6.686182850817));
#7233 = CARTESIAN_POINT('',(-0.93363606794,6.688046661645));
#7234 = CARTESIAN_POINT('',(-1.015826528011,6.68963108613));
#7235 = ( GEOMETRIC_REPRESENTATION_CONTEXT(2) 
PARAMETRIC_REPRESENTATION_CONTEXT() REPRESENTATION_CONTEXT('2D SPACE',''
  ) );
#7236 = ORIENTED_EDGE('',*,*,#7237,.T.);
#7237 = EDGE_CURVE('',#7177,#7238,#7240,.T.);
#7238 = VERTEX_POINT('',#7239);
#7239 = CARTESIAN_POINT('',(29.,18.69512195122,257.));
#7240 = SURFACE_CURVE('',#7241,(#7250,#7262),.PCURVE_S1.);
#7241 = B_SPLINE_CURVE_WITH_KNOTS('',7,(#7242,#7243,#7244,#7245,#7246,
    #7247,#7248,#7249),.UNSPECIFIED.,.F.,.F.,(8,8),(0.,1.),
  .PIECEWISE_BEZIER_KNOTS.);
#7242 = CARTESIAN_POINT('',(30.580752895809,18.68963108613,
    256.54974906263));
#7243 = CARTESIAN_POINT('',(30.369088177539,18.691231385247,
    256.68097359027));
#7244 = CARTESIAN_POINT('',(30.149817370596,18.692543117235,
    256.7885356133));
#7245 = CARTESIAN_POINT('',(29.924970876355,18.693580892621,
    256.87363319491));
#7246 = CARTESIAN_POINT('',(29.696234539419,18.694352796049,
    256.93692927599));
#7247 = CARTESIAN_POINT('',(29.465062354222,18.694865238199,
    256.97894953232));
#7248 = CARTESIAN_POINT('',(29.232661070336,18.69512195122,257.));
#7249 = CARTESIAN_POINT('',(29.,18.69512195122,257.));
#7250 = PCURVE('',#5327,#7251);
#7251 = DEFINITIONAL_REPRESENTATION('',(#7252),#7261);
#7252 = B_SPLINE_CURVE_WITH_KNOTS('',7,(#7253,#7254,#7255,#7256,#7257,
    #7258,#7259,#7260),.UNSPECIFIED.,.F.,.F.,(8,8),(0.,1.),
  .PIECEWISE_BEZIER_KNOTS.);
#7253 = CARTESIAN_POINT('',(27.088419738962,0.68963108613));
#7254 = CARTESIAN_POINT('',(27.304098518026,0.691231385247));
#7255 = CARTESIAN_POINT('',(27.527126682445,0.692543117235));
#7256 = CARTESIAN_POINT('',(27.755474997203,0.693580892621));
#7257 = CARTESIAN_POINT('',(27.987456434375,0.694352796049));
#7258 = CARTESIAN_POINT('',(28.221616987936,0.694865238199));
#7259 = CARTESIAN_POINT('',(28.456749670523,0.69512195122));
#7260 = CARTESIAN_POINT('',(28.691882702932,0.69512195122));
#7261 = ( GEOMETRIC_REPRESENTATION_CONTEXT(2) 
PARAMETRIC_REPRESENTATION_CONTEXT() REPRESENTATION_CONTEXT('2D SPACE',''
  ) );
#7262 = PCURVE('',#7214,#7263);
#7263 = DEFINITIONAL_REPRESENTATION('',(#7264),#7273);
#7264 = B_SPLINE_CURVE_WITH_KNOTS('',7,(#7265,#7266,#7267,#7268,#7269,
    #7270,#7271,#7272),.UNSPECIFIED.,.F.,.F.,(8,8),(0.,1.),
  .PIECEWISE_BEZIER_KNOTS.);
#7265 = CARTESIAN_POINT('',(-1.015826528011,6.68963108613));
#7266 = CARTESIAN_POINT('',(-1.098840469019,6.691231385247));
#7267 = CARTESIAN_POINT('',(-1.179853277366,6.692543117235));
#7268 = CARTESIAN_POINT('',(-1.259433844013,6.693580892621));
#7269 = CARTESIAN_POINT('',(-1.337955766583,6.694352796049));
#7270 = CARTESIAN_POINT('',(-1.415775671277,6.694865238199));
#7271 = CARTESIAN_POINT('',(-1.493242636683,6.69512195122));
#7272 = CARTESIAN_POINT('',(-1.570796326795,6.69512195122));
#7273 = ( GEOMETRIC_REPRESENTATION_CONTEXT(2) 
PARAMETRIC_REPRESENTATION_CONTEXT() REPRESENTATION_CONTEXT('2D SPACE',''
  ) );
#7274 = ORIENTED_EDGE('',*,*,#7275,.F.);
#7275 = EDGE_CURVE('',#7276,#7238,#7278,.T.);
#7276 = VERTEX_POINT('',#7277);
#7277 = CARTESIAN_POINT('',(-29.,18.69512195122,257.));
#7278 = SURFACE_CURVE('',#7279,(#7282,#7288),.PCURVE_S1.);
#7279 = B_SPLINE_CURVE_WITH_KNOTS('',1,(#7280,#7281),.UNSPECIFIED.,.F.,
  .F.,(2,2),(0.,1.),.PIECEWISE_BEZIER_KNOTS.);
#7280 = CARTESIAN_POINT('',(-29.,18.69512195122,257.));
#7281 = CARTESIAN_POINT('',(29.,18.69512195122,257.));
#7282 = PCURVE('',#5327,#7283);
#7283 = DEFINITIONAL_REPRESENTATION('',(#7284),#7287);
#7284 = B_SPLINE_CURVE_WITH_KNOTS('',1,(#7285,#7286),.UNSPECIFIED.,.F.,
  .F.,(2,2),(0.,1.),.PIECEWISE_BEZIER_KNOTS.);
#7285 = CARTESIAN_POINT('',(87.308117297068,0.69512195122));
#7286 = CARTESIAN_POINT('',(28.691882702932,0.69512195122));
#7287 = ( GEOMETRIC_REPRESENTATION_CONTEXT(2) 
PARAMETRIC_REPRESENTATION_CONTEXT() REPRESENTATION_CONTEXT('2D SPACE',''
  ) );
#7288 = PCURVE('',#7289,#7294);
#7289 = PLANE('',#7290);
#7290 = AXIS2_PLACEMENT_3D('',#7291,#7292,#7293);
#7291 = CARTESIAN_POINT('',(-32.,12.,257.));
#7292 = DIRECTION('',(0.,0.,1.));
#7293 = DIRECTION('',(1.,0.,0.));
#7294 = DEFINITIONAL_REPRESENTATION('',(#7295),#7298);
#7295 = B_SPLINE_CURVE_WITH_KNOTS('',1,(#7296,#7297),.UNSPECIFIED.,.F.,
  .F.,(2,2),(0.,1.),.PIECEWISE_BEZIER_KNOTS.);
#7296 = CARTESIAN_POINT('',(3.,6.69512195122));
#7297 = CARTESIAN_POINT('',(61.,6.69512195122));
#7298 = ( GEOMETRIC_REPRESENTATION_CONTEXT(2) 
PARAMETRIC_REPRESENTATION_CONTEXT() REPRESENTATION_CONTEXT('2D SPACE',''
  ) );
#7299 = ORIENTED_EDGE('',*,*,#7300,.T.);
#7300 = EDGE_CURVE('',#7276,#6858,#7301,.T.);
#7301 = SURFACE_CURVE('',#7302,(#7326,#7353),.PCURVE_S1.);
#7302 = B_SPLINE_CURVE_WITH_KNOTS('',8,(#7303,#7304,#7305,#7306,#7307,
    #7308,#7309,#7310,#7311,#7312,#7313,#7314,#7315,#7316,#7317,#7318,
    #7319,#7320,#7321,#7322,#7323,#7324,#7325),.UNSPECIFIED.,.F.,.F.,(9,
    7,7,9),(0.,0.517291290049,0.808759217937,1.),.UNSPECIFIED.);
#7303 = CARTESIAN_POINT('',(-29.,18.69512195122,257.));
#7304 = CARTESIAN_POINT('',(-29.26484646693,18.69512195122,257.));
#7305 = CARTESIAN_POINT('',(-29.52909319968,18.694796074475,
    256.97327810698));
#7306 = CARTESIAN_POINT('',(-29.79171220014,18.694146948713,
    256.92004979444));
#7307 = CARTESIAN_POINT('',(-30.05114195585,18.693167828716,
    256.83976195472));
#7308 = CARTESIAN_POINT('',(-30.30536963261,18.691849516467,
    256.73166035029));
#7309 = CARTESIAN_POINT('',(-30.55183685622,18.690178519418,
    256.59463859223));
#7310 = CARTESIAN_POINT('',(-30.78754040829,18.688141598006,
    256.42761103651));
#7311 = CARTESIAN_POINT('',(-31.13319934431,18.684341842922,
    256.11603111963));
#7312 = CARTESIAN_POINT('',(-31.25293664092,18.682849669118,
    255.99367286766));
#7313 = CARTESIAN_POINT('',(-31.36712492865,18.681231017755,
    255.86094345589));
#7314 = CARTESIAN_POINT('',(-31.47477071858,18.679483307952,
    255.71763125206));
#7315 = CARTESIAN_POINT('',(-31.57465999504,18.677606037539,
    255.56369507823));
#7316 = CARTESIAN_POINT('',(-31.66539701697,18.675601491674,
    255.39932231726));
#7317 = CARTESIAN_POINT('',(-31.74546387679,18.673475692148,
    255.22500675616));
#7318 = CARTESIAN_POINT('',(-31.85787738049,18.669773237228,
    254.92140545271));
#7319 = CARTESIAN_POINT('',(-31.89716086631,18.668259293682,
    254.79726208196));
#7320 = CARTESIAN_POINT('',(-31.9307153342,18.666703111385,
    254.6696551336));
#7321 = CARTESIAN_POINT('',(-31.95810757024,18.665110602715,
    254.53906942261));
#7322 = CARTESIAN_POINT('',(-31.97896164545,18.663488798555,
    254.40608148147));
#7323 = CARTESIAN_POINT('',(-31.99298409367,18.66184593134,
    254.27136636991));
#7324 = CARTESIAN_POINT('',(-32.,18.660191538368,254.13570614617));
#7325 = CARTESIAN_POINT('',(-32.,18.658536585366,254.));
#7326 = PCURVE('',#5327,#7327);
#7327 = DEFINITIONAL_REPRESENTATION('',(#7328),#7352);
#7328 = B_SPLINE_CURVE_WITH_KNOTS('',8,(#7329,#7330,#7331,#7332,#7333,
    #7334,#7335,#7336,#7337,#7338,#7339,#7340,#7341,#7342,#7343,#7344,
    #7345,#7346,#7347,#7348,#7349,#7350,#7351),.UNSPECIFIED.,.F.,.F.,(9,
    7,7,9),(0.,0.517291290049,0.808759217937,1.),.UNSPECIFIED.);
#7329 = CARTESIAN_POINT('',(87.308117297068,0.69512195122));
#7330 = CARTESIAN_POINT('',(87.575777687366,0.69512195122));
#7331 = CARTESIAN_POINT('',(87.843164810535,0.694796074475));
#7332 = CARTESIAN_POINT('',(88.109249214186,0.694146948713));
#7333 = CARTESIAN_POINT('',(88.372471681063,0.693167828716));
#7334 = CARTESIAN_POINT('',(88.63081962057,0.691849516467));
#7335 = CARTESIAN_POINT('',(88.881733273643,0.690178519418));
#7336 = CARTESIAN_POINT('',(89.122201454755,0.688141598006));
#7337 = CARTESIAN_POINT('',(89.475799982574,0.684341842922));
#7338 = CARTESIAN_POINT('',(89.59849373906,0.682849669118));
#7339 = CARTESIAN_POINT('',(89.71573109179,0.681231017755));
#7340 = CARTESIAN_POINT('',(89.826511415023,0.679483307952));
#7341 = CARTESIAN_POINT('',(89.929608258069,0.677606037539));
#7342 = CARTESIAN_POINT('',(90.023607367236,0.675601491674));
#7343 = CARTESIAN_POINT('',(90.106965448322,0.673475692148));
#7344 = CARTESIAN_POINT('',(90.224823262388,0.669773237228));
#7345 = CARTESIAN_POINT('',(90.26626177459,0.668259293682));
#7346 = CARTESIAN_POINT('',(90.301957671395,0.666703111385));
#7347 = CARTESIAN_POINT('',(90.331465065418,0.665110602715));
#7348 = CARTESIAN_POINT('',(90.354394447232,0.663488798555));
#7349 = CARTESIAN_POINT('',(90.370438112349,0.66184593134));
#7350 = CARTESIAN_POINT('',(90.379406664572,0.660191538368));
#7351 = CARTESIAN_POINT('',(90.381276595745,0.658536585366));
#7352 = ( GEOMETRIC_REPRESENTATION_CONTEXT(2) 
PARAMETRIC_REPRESENTATION_CONTEXT() REPRESENTATION_CONTEXT('2D SPACE',''
  ) );
#7353 = PCURVE('',#7354,#7359);
#7354 = CYLINDRICAL_SURFACE('',#7355,3.);
#7355 = AXIS2_PLACEMENT_3D('',#7356,#7357,#7358);
#7356 = CARTESIAN_POINT('',(-29.,12.,254.));
#7357 = DIRECTION('',(0.,1.,0.));
#7358 = DIRECTION('',(-1.,0.,0.));
#7359 = DEFINITIONAL_REPRESENTATION('',(#7360),#7384);
#7360 = B_SPLINE_CURVE_WITH_KNOTS('',8,(#7361,#7362,#7363,#7364,#7365,
    #7366,#7367,#7368,#7369,#7370,#7371,#7372,#7373,#7374,#7375,#7376,
    #7377,#7378,#7379,#7380,#7381,#7382,#7383),.UNSPECIFIED.,.F.,.F.,(9,
    7,7,9),(0.,0.517291290049,0.808759217937,1.),.UNSPECIFIED.);
#7361 = CARTESIAN_POINT('',(1.570796326795,6.69512195122));
#7362 = CARTESIAN_POINT('',(1.48251417115,6.69512195122));
#7363 = CARTESIAN_POINT('',(1.394431578024,6.694796074475));
#7364 = CARTESIAN_POINT('',(1.305845507643,6.694146948713));
#7365 = CARTESIAN_POINT('',(1.216237478196,6.693167828716));
#7366 = CARTESIAN_POINT('',(1.125146460751,6.691849516467));
#7367 = CARTESIAN_POINT('',(1.032056320259,6.690178519418));
#7368 = CARTESIAN_POINT('',(0.936420536218,6.688141598006));
#7369 = CARTESIAN_POINT('',(0.781299742908,6.684341842922));
#7370 = CARTESIAN_POINT('',(0.724345744135,6.682849669118));
#7371 = CARTESIAN_POINT('',(0.666185126128,6.681231017755));
#7372 = CARTESIAN_POINT('',(0.606707270852,6.679483307952));
#7373 = CARTESIAN_POINT('',(0.545838390071,6.677606037539));
#7374 = CARTESIAN_POINT('',(0.483532531065,6.675601491674));
#7375 = CARTESIAN_POINT('',(0.419775502168,6.673475692148));
#7376 = CARTESIAN_POINT('',(0.31186064516,6.669773237228));
#7377 = CARTESIAN_POINT('',(0.268507533351,6.668259293682));
#7378 = CARTESIAN_POINT('',(0.224615452037,6.666703111385));
#7379 = CARTESIAN_POINT('',(0.180253572173,6.665110602715));
#7380 = CARTESIAN_POINT('',(0.135501659589,6.663488798555));
#7381 = CARTESIAN_POINT('',(9.045538754545E-02,6.66184593134));
#7382 = CARTESIAN_POINT('',(4.523538205785E-02,6.660191538368));
#7383 = CARTESIAN_POINT('',(0.,6.658536585366));
#7384 = ( GEOMETRIC_REPRESENTATION_CONTEXT(2) 
PARAMETRIC_REPRESENTATION_CONTEXT() REPRESENTATION_CONTEXT('2D SPACE',''
  ) );
#7385 = ADVANCED_FACE('',(#7386),#5367,.T.);
#7386 = FACE_BOUND('',#7387,.F.);
#7387 = EDGE_LOOP('',(#7388,#7389,#7390));
#7388 = ORIENTED_EDGE('',*,*,#5345,.F.);
#7389 = ORIENTED_EDGE('',*,*,#5382,.T.);
#7390 = ORIENTED_EDGE('',*,*,#6594,.F.);
#7391 = ADVANCED_FACE('',(#7392),#5505,.T.);
#7392 = FACE_BOUND('',#7393,.T.);
#7393 = EDGE_LOOP('',(#7394,#7395,#7396,#7431));
#7394 = ORIENTED_EDGE('',*,*,#5489,.F.);
#7395 = ORIENTED_EDGE('',*,*,#5687,.T.);
#7396 = ORIENTED_EDGE('',*,*,#7397,.T.);
#7397 = EDGE_CURVE('',#5648,#7398,#7400,.T.);
#7398 = VERTEX_POINT('',#7399);
#7399 = CARTESIAN_POINT('',(55.440533982432,10.521776444641,
    273.44461172186));
#7400 = SURFACE_CURVE('',#7401,(#7406,#7420),.PCURVE_S1.);
#7401 = CIRCLE('',#7402,6.);
#7402 = AXIS2_PLACEMENT_3D('',#7403,#7404,#7405);
#7403 = CARTESIAN_POINT('',(49.442546446348,10.521776444641,273.6));
#7404 = DIRECTION('',(-2.08423599573E-09,1.,-8.045156659383E-08));
#7405 = DIRECTION('',(1.,2.084235995731E-09,3.385033627793E-15));
#7406 = PCURVE('',#5505,#7407);
#7407 = DEFINITIONAL_REPRESENTATION('',(#7408),#7419);
#7408 = B_SPLINE_CURVE_WITH_KNOTS('',9,(#7409,#7410,#7411,#7412,#7413,
    #7414,#7415,#7416,#7417,#7418),.UNSPECIFIED.,.F.,.F.,(10,10),(
    4.712388980385,6.309086249418),.PIECEWISE_BEZIER_KNOTS.);
#7409 = CARTESIAN_POINT('',(33.2,27.121776444641));
#7410 = CARTESIAN_POINT('',(29.088019395273,27.121776504428));
#7411 = CARTESIAN_POINT('',(25.32222402625,27.121776559177));
#7412 = CARTESIAN_POINT('',(21.759071365001,27.121776610993));
#7413 = CARTESIAN_POINT('',(18.30812148766,27.121776661153));
#7414 = CARTESIAN_POINT('',(14.89187842977,27.121776710839));
#7415 = CARTESIAN_POINT('',(11.440928765174,27.121776761001));
#7416 = CARTESIAN_POINT('',(7.877775927918,27.121776812815));
#7417 = CARTESIAN_POINT('',(4.111980604727,27.121776867564));
#7418 = CARTESIAN_POINT('',(-3.552713678801E-15,27.121776927351));
#7419 = ( GEOMETRIC_REPRESENTATION_CONTEXT(2) 
PARAMETRIC_REPRESENTATION_CONTEXT() REPRESENTATION_CONTEXT('2D SPACE',''
  ) );
#7420 = PCURVE('',#7421,#7426);
#7421 = SPHERICAL_SURFACE('',#7422,6.);
#7422 = AXIS2_PLACEMENT_3D('',#7423,#7424,#7425);
#7423 = CARTESIAN_POINT('',(49.442546446348,10.521776444641,273.6));
#7424 = DIRECTION('',(3.5527136788E-15,-8.045156659383E-08,-1.));
#7425 = DIRECTION('',(1.,2.084235995731E-09,3.385033627793E-15));
#7426 = DEFINITIONAL_REPRESENTATION('',(#7427),#7430);
#7427 = B_SPLINE_CURVE_WITH_KNOTS('',1,(#7428,#7429),.UNSPECIFIED.,.F.,
  .F.,(2,2),(4.712388980385,6.309086249418),.PIECEWISE_BEZIER_KNOTS.);
#7428 = CARTESIAN_POINT('',(0.,-1.570796326795));
#7429 = CARTESIAN_POINT('',(0.,2.590094223822E-02));
#7430 = ( GEOMETRIC_REPRESENTATION_CONTEXT(2) 
PARAMETRIC_REPRESENTATION_CONTEXT() REPRESENTATION_CONTEXT('2D SPACE',''
  ) );
#7431 = ORIENTED_EDGE('',*,*,#7432,.F.);
#7432 = EDGE_CURVE('',#5490,#7398,#7433,.T.);
#7433 = SURFACE_CURVE('',#7434,(#7440,#7447),.PCURVE_S1.);
#7434 = B_SPLINE_CURVE_WITH_KNOTS('',2,(#7435,#7436,#7437,#7438,#7439),
  .UNSPECIFIED.,.F.,.F.,(3,1,1,3),(-1.219104,2.511879593214E-14,33.2,
    34.419104),.UNSPECIFIED.);
#7435 = CARTESIAN_POINT('',(55.440533982432,-17.819104,273.44461172186)
  );
#7436 = CARTESIAN_POINT('',(55.440533982432,-17.209552,273.44461172186)
  );
#7437 = CARTESIAN_POINT('',(55.440533982432,-7.105427357601E-15,
    273.44461172186));
#7438 = CARTESIAN_POINT('',(55.440533982432,17.209552,273.44461172186));
#7439 = CARTESIAN_POINT('',(55.440533982432,17.819104,273.44461172186));
#7440 = PCURVE('',#5505,#7441);
#7441 = DEFINITIONAL_REPRESENTATION('',(#7442),#7446);
#7442 = LINE('',#7443,#7444);
#7443 = CARTESIAN_POINT('',(0.,0.));
#7444 = VECTOR('',#7445,1.);
#7445 = DIRECTION('',(0.,1.));
#7446 = ( GEOMETRIC_REPRESENTATION_CONTEXT(2) 
PARAMETRIC_REPRESENTATION_CONTEXT() REPRESENTATION_CONTEXT('2D SPACE',''
  ) );
#7447 = PCURVE('',#6067,#7448);
#7448 = DEFINITIONAL_REPRESENTATION('',(#7449),#7452);
#7449 = B_SPLINE_CURVE_WITH_KNOTS('',1,(#7450,#7451),.UNSPECIFIED.,.F.,
  .F.,(2,2),(2.511879593214E-14,33.2),.PIECEWISE_BEZIER_KNOTS.);
#7450 = CARTESIAN_POINT('',(-8.011783020945E-02,0.920266991216));
#7451 = CARTESIAN_POINT('',(33.280117830209,0.920266991216));
#7452 = ( GEOMETRIC_REPRESENTATION_CONTEXT(2) 
PARAMETRIC_REPRESENTATION_CONTEXT() REPRESENTATION_CONTEXT('2D SPACE',''
  ) );
#7453 = ADVANCED_FACE('',(#7454),#5624,.T.);
#7454 = FACE_BOUND('',#7455,.T.);
#7455 = EDGE_LOOP('',(#7456,#7491,#7492,#7493));
#7456 = ORIENTED_EDGE('',*,*,#7457,.F.);
#7457 = EDGE_CURVE('',#5608,#7458,#7460,.T.);
#7458 = VERTEX_POINT('',#7459);
#7459 = CARTESIAN_POINT('',(-55.44053398243,10.521776444641,
    273.44461172186));
#7460 = SURFACE_CURVE('',#7461,(#7466,#7480),.PCURVE_S1.);
#7461 = CIRCLE('',#7462,6.);
#7462 = AXIS2_PLACEMENT_3D('',#7463,#7464,#7465);
#7463 = CARTESIAN_POINT('',(-49.44254644634,10.521776444641,273.6));
#7464 = DIRECTION('',(7.511129510486E-16,-1.,8.881784270009E-16));
#7465 = DIRECTION('',(-1.,-7.511129596816E-16,-9.719910802157E-09));
#7466 = PCURVE('',#5624,#7467);
#7467 = DEFINITIONAL_REPRESENTATION('',(#7468),#7479);
#7468 = B_SPLINE_CURVE_WITH_KNOTS('',9,(#7469,#7470,#7471,#7472,#7473,
    #7474,#7475,#7476,#7477,#7478),.UNSPECIFIED.,.F.,.F.,(10,10),(
    4.712388980385,6.309086239698),.PIECEWISE_BEZIER_KNOTS.);
#7469 = CARTESIAN_POINT('',(33.2,6.078223555359));
#7470 = CARTESIAN_POINT('',(29.088019420304,6.078223495572));
#7471 = CARTESIAN_POINT('',(25.322221973033,6.078223440821));
#7472 = CARTESIAN_POINT('',(21.759075560641,6.078223389012));
#7473 = CARTESIAN_POINT('',(18.308115861874,6.078223338841));
#7474 = CARTESIAN_POINT('',(14.891882724977,6.078223289167));
#7475 = CARTESIAN_POINT('',(11.440926622625,6.078223238995));
#7476 = CARTESIAN_POINT('',(7.877776349199,6.078223187187));
#7477 = CARTESIAN_POINT('',(4.111980579696,6.078223132435));
#7478 = CARTESIAN_POINT('',(-3.552713678801E-15,6.078223072649));
#7479 = ( GEOMETRIC_REPRESENTATION_CONTEXT(2) 
PARAMETRIC_REPRESENTATION_CONTEXT() REPRESENTATION_CONTEXT('2D SPACE',''
  ) );
#7480 = PCURVE('',#7481,#7486);
#7481 = SPHERICAL_SURFACE('',#7482,6.);
#7482 = AXIS2_PLACEMENT_3D('',#7483,#7484,#7485);
#7483 = CARTESIAN_POINT('',(-49.44254644634,10.521776444641,273.6));
#7484 = DIRECTION('',(9.719910802157E-09,-8.881784197001E-16,-1.));
#7485 = DIRECTION('',(-1.259067646759E-10,1.,-8.894022222222E-16));
#7486 = DEFINITIONAL_REPRESENTATION('',(#7487),#7490);
#7487 = B_SPLINE_CURVE_WITH_KNOTS('',1,(#7488,#7489),.UNSPECIFIED.,.F.,
  .F.,(2,2),(4.712388980385,6.309086239698),.PIECEWISE_BEZIER_KNOTS.);
#7488 = CARTESIAN_POINT('',(-1.570796326669,-1.570796326795));
#7489 = CARTESIAN_POINT('',(-1.570796326669,2.590093251831E-02));
#7490 = ( GEOMETRIC_REPRESENTATION_CONTEXT(2) 
PARAMETRIC_REPRESENTATION_CONTEXT() REPRESENTATION_CONTEXT('2D SPACE',''
  ) );
#7491 = ORIENTED_EDGE('',*,*,#5607,.T.);
#7492 = ORIENTED_EDGE('',*,*,#5815,.F.);
#7493 = ORIENTED_EDGE('',*,*,#7494,.F.);
#7494 = EDGE_CURVE('',#7458,#5713,#7495,.T.);
#7495 = SURFACE_CURVE('',#7496,(#7502,#7509),.PCURVE_S1.);
#7496 = B_SPLINE_CURVE_WITH_KNOTS('',2,(#7497,#7498,#7499,#7500,#7501),
  .UNSPECIFIED.,.F.,.F.,(3,1,1,3),(-1.219104,2.906008766956E-14,33.2,
    34.419104),.UNSPECIFIED.);
#7497 = CARTESIAN_POINT('',(-55.44053398243,17.819104,273.44461172186));
#7498 = CARTESIAN_POINT('',(-55.44053398243,17.209552,273.44461172186));
#7499 = CARTESIAN_POINT('',(-55.44053398243,7.105427357601E-15,
    273.44461172186));
#7500 = CARTESIAN_POINT('',(-55.44053398243,-17.209552,273.44461172186)
  );
#7501 = CARTESIAN_POINT('',(-55.44053398243,-17.819104,273.44461172186)
  );
#7502 = PCURVE('',#5624,#7503);
#7503 = DEFINITIONAL_REPRESENTATION('',(#7504),#7508);
#7504 = LINE('',#7505,#7506);
#7505 = CARTESIAN_POINT('',(0.,0.));
#7506 = VECTOR('',#7507,1.);
#7507 = DIRECTION('',(0.,1.));
#7508 = ( GEOMETRIC_REPRESENTATION_CONTEXT(2) 
PARAMETRIC_REPRESENTATION_CONTEXT() REPRESENTATION_CONTEXT('2D SPACE',''
  ) );
#7509 = PCURVE('',#5973,#7510);
#7510 = DEFINITIONAL_REPRESENTATION('',(#7511),#7514);
#7511 = B_SPLINE_CURVE_WITH_KNOTS('',1,(#7512,#7513),.UNSPECIFIED.,.F.,
  .F.,(2,2),(2.906008766956E-14,33.2),.PIECEWISE_BEZIER_KNOTS.);
#7512 = CARTESIAN_POINT('',(-8.011783020944E-02,0.920266991216));
#7513 = CARTESIAN_POINT('',(33.280117830209,0.920266991216));
#7514 = ( GEOMETRIC_REPRESENTATION_CONTEXT(2) 
PARAMETRIC_REPRESENTATION_CONTEXT() REPRESENTATION_CONTEXT('2D SPACE',''
  ) );
#7515 = ADVANCED_FACE('',(#7516),#5664,.T.);
#7516 = FACE_BOUND('',#7517,.T.);
#7517 = EDGE_LOOP('',(#7518,#7576,#7577,#7607));
#7518 = ORIENTED_EDGE('',*,*,#7519,.F.);
#7519 = EDGE_CURVE('',#5648,#7520,#7522,.T.);
#7520 = VERTEX_POINT('',#7521);
#7521 = CARTESIAN_POINT('',(49.442546446348,16.52127313876,
    273.52228631225));
#7522 = SURFACE_CURVE('',#7523,(#7528,#7570),.PCURVE_S1.);
#7523 = CIRCLE('',#7524,6.);
#7524 = AXIS2_PLACEMENT_3D('',#7525,#7526,#7527);
#7525 = CARTESIAN_POINT('',(49.442546446348,10.521776444641,273.6));
#7526 = DIRECTION('',(-1.,-1.371782342332E-15,-3.552713568438E-15));
#7527 = DIRECTION('',(-1.371782056511E-15,1.,-8.045156659383E-08));
#7528 = PCURVE('',#5664,#7529);
#7529 = DEFINITIONAL_REPRESENTATION('',(#7530),#7569);
#7530 = B_SPLINE_CURVE_WITH_KNOTS('',10,(#7531,#7532,#7533,#7534,#7535,
    #7536,#7537,#7538,#7539,#7540,#7541,#7542,#7543,#7544,#7545,#7546,
    #7547,#7548,#7549,#7550,#7551,#7552,#7553,#7554,#7555,#7556,#7557,
    #7558,#7559,#7560,#7561,#7562,#7563,#7564,#7565,#7566,#7567,#7568),
  .UNSPECIFIED.,.F.,.F.,(11,9,9,9,11),(4.712388980385,4.910357591611,
    5.108326202837,5.50426342529,6.296137870196),.UNSPECIFIED.);
#7531 = CARTESIAN_POINT('',(111.2,6.157453553652));
#7532 = CARTESIAN_POINT('',(109.65335147247,6.157453552841));
#7533 = CARTESIAN_POINT('',(108.12091042278,6.157453552037));
#7534 = CARTESIAN_POINT('',(106.60206683771,6.157453551242));
#7535 = CARTESIAN_POINT('',(105.09618934084,6.15745355045));
#7536 = CARTESIAN_POINT('',(103.6026734122,6.157453549669));
#7537 = CARTESIAN_POINT('',(102.12095098501,6.15745354889));
#7538 = CARTESIAN_POINT('',(100.65047870156,6.15745354812));
#7539 = CARTESIAN_POINT('',(99.190722105229,6.157453547354));
#7540 = CARTESIAN_POINT('',(97.741153050718,6.157453546594));
#7541 = CARTESIAN_POINT('',(94.861402170208,6.157453545083));
#7542 = CARTESIAN_POINT('',(93.431218388841,6.157453544333));
#7543 = CARTESIAN_POINT('',(92.010224488197,6.157453543588));
#7544 = CARTESIAN_POINT('',(90.597933906091,6.157453542847));
#7545 = CARTESIAN_POINT('',(89.193874216733,6.157453542111));
#7546 = CARTESIAN_POINT('',(87.797586052084,6.157453541379));
#7547 = CARTESIAN_POINT('',(86.408622021919,6.15745354065));
#7548 = CARTESIAN_POINT('',(85.026545635304,6.157453539926));
#7549 = CARTESIAN_POINT('',(83.650930220825,6.157453539204));
#7550 = CARTESIAN_POINT('',(79.542213101476,6.15745353705));
#7551 = CARTESIAN_POINT('',(76.827241645455,6.157453535624));
#7552 = CARTESIAN_POINT('',(74.133098317848,6.157453534216));
#7553 = CARTESIAN_POINT('',(71.456588372563,6.157453532803));
#7554 = CARTESIAN_POINT('',(68.794628219537,6.157453531418));
#7555 = CARTESIAN_POINT('',(66.144219335153,6.157453530018));
#7556 = CARTESIAN_POINT('',(63.502429093209,6.157453528639));
#7557 = CARTESIAN_POINT('',(60.866372256831,6.157453527254));
#7558 = CARTESIAN_POINT('',(58.233186882074,6.157453525874));
#7559 = CARTESIAN_POINT('',(50.333621361291,6.15745352173));
#7560 = CARTESIAN_POINT('',(45.067232040519,6.157453518969));
#7561 = CARTESIAN_POINT('',(39.777963150819,6.157453516193));
#7562 = CARTESIAN_POINT('',(34.44271149214,6.157453513398));
#7563 = CARTESIAN_POINT('',(29.038141103028,6.15745351056));
#7564 = CARTESIAN_POINT('',(23.538937110519,6.157453507679));
#7565 = CARTESIAN_POINT('',(17.918239993686,6.157453504729));
#7566 = CARTESIAN_POINT('',(12.14564811433,6.157453501703));
#7567 = CARTESIAN_POINT('',(6.18659411013,6.157453498577));
#7568 = CARTESIAN_POINT('',(7.105427357601E-15,6.157453495333));
#7569 = ( GEOMETRIC_REPRESENTATION_CONTEXT(2) 
PARAMETRIC_REPRESENTATION_CONTEXT() REPRESENTATION_CONTEXT('2D SPACE',''
  ) );
#7570 = PCURVE('',#7421,#7571);
#7571 = DEFINITIONAL_REPRESENTATION('',(#7572),#7575);
#7572 = B_SPLINE_CURVE_WITH_KNOTS('',1,(#7573,#7574),.UNSPECIFIED.,.F.,
  .F.,(2,2),(4.712388980385,6.296137870196),.PIECEWISE_BEZIER_KNOTS.);
#7573 = CARTESIAN_POINT('',(-1.570796324711,-1.570796326795));
#7574 = CARTESIAN_POINT('',(-1.570796324711,1.295256301628E-02));
#7575 = ( GEOMETRIC_REPRESENTATION_CONTEXT(2) 
PARAMETRIC_REPRESENTATION_CONTEXT() REPRESENTATION_CONTEXT('2D SPACE',''
  ) );
#7576 = ORIENTED_EDGE('',*,*,#5647,.T.);
#7577 = ORIENTED_EDGE('',*,*,#7578,.T.);
#7578 = EDGE_CURVE('',#5608,#7579,#7581,.T.);
#7579 = VERTEX_POINT('',#7580);
#7580 = CARTESIAN_POINT('',(-49.44254644634,16.52127313876,
    273.52228631225));
#7581 = SURFACE_CURVE('',#7582,(#7587,#7601),.PCURVE_S1.);
#7582 = CIRCLE('',#7583,6.);
#7583 = AXIS2_PLACEMENT_3D('',#7584,#7585,#7586);
#7584 = CARTESIAN_POINT('',(-49.44254644634,10.521776444641,273.6));
#7585 = DIRECTION('',(-1.,-1.259067646759E-10,-9.719910802157E-09));
#7586 = DIRECTION('',(-1.259067646759E-10,1.,-8.894022222222E-16));
#7587 = PCURVE('',#5664,#7588);
#7588 = DEFINITIONAL_REPRESENTATION('',(#7589),#7600);
#7589 = B_SPLINE_CURVE_WITH_KNOTS('',9,(#7590,#7591,#7592,#7593,#7594,
    #7595,#7596,#7597,#7598,#7599),.UNSPECIFIED.,.F.,.F.,(10,10),(
    4.712388980385,6.296137950647),.PIECEWISE_BEZIER_KNOTS.);
#7590 = CARTESIAN_POINT('',(111.2,105.04254644634));
#7591 = CARTESIAN_POINT('',(97.452012390226,105.04254645355));
#7592 = CARTESIAN_POINT('',(84.841710040644,105.04254646017));
#7593 = CARTESIAN_POINT('',(72.899876741403,105.04254646643));
#7594 = CARTESIAN_POINT('',(61.328353212277,105.0425464725));
#7595 = CARTESIAN_POINT('',(49.87164678773,105.0425464785));
#7596 = CARTESIAN_POINT('',(38.300123258587,105.04254648458));
#7597 = CARTESIAN_POINT('',(26.358289959363,105.04254649084));
#7598 = CARTESIAN_POINT('',(13.747987609774,105.04254649745));
#7599 = CARTESIAN_POINT('',(-4.736149521435E-15,105.04254650466));
#7600 = ( GEOMETRIC_REPRESENTATION_CONTEXT(2) 
PARAMETRIC_REPRESENTATION_CONTEXT() REPRESENTATION_CONTEXT('2D SPACE',''
  ) );
#7601 = PCURVE('',#7481,#7602);
#7602 = DEFINITIONAL_REPRESENTATION('',(#7603),#7606);
#7603 = B_SPLINE_CURVE_WITH_KNOTS('',1,(#7604,#7605),.UNSPECIFIED.,.F.,
  .F.,(2,2),(4.712388980385,6.296137950647),.PIECEWISE_BEZIER_KNOTS.);
#7604 = CARTESIAN_POINT('',(0.,-1.570796326795));
#7605 = CARTESIAN_POINT('',(0.,1.295264346782E-02));
#7606 = ( GEOMETRIC_REPRESENTATION_CONTEXT(2) 
PARAMETRIC_REPRESENTATION_CONTEXT() REPRESENTATION_CONTEXT('2D SPACE',''
  ) );
#7607 = ORIENTED_EDGE('',*,*,#7608,.F.);
#7608 = EDGE_CURVE('',#7520,#7579,#7609,.T.);
#7609 = SURFACE_CURVE('',#7610,(#7616,#7623),.PCURVE_S1.);
#7610 = B_SPLINE_CURVE_WITH_KNOTS('',2,(#7611,#7612,#7613,#7614,#7615),
  .UNSPECIFIED.,.F.,.F.,(3,1,1,3),(-4.083264,5.29160049112E-14,111.2,
    115.283264),.UNSPECIFIED.);
#7611 = CARTESIAN_POINT('',(59.683264,16.52127313876,273.52228631225));
#7612 = CARTESIAN_POINT('',(57.641632,16.52127313876,273.52228631225));
#7613 = CARTESIAN_POINT('',(1.42108547152E-14,16.52127313876,
    273.52228631225));
#7614 = CARTESIAN_POINT('',(-57.641632,16.52127313876,273.52228631225));
#7615 = CARTESIAN_POINT('',(-59.683264,16.52127313876,273.52228631225));
#7616 = PCURVE('',#5664,#7617);
#7617 = DEFINITIONAL_REPRESENTATION('',(#7618),#7622);
#7618 = LINE('',#7619,#7620);
#7619 = CARTESIAN_POINT('',(0.,0.));
#7620 = VECTOR('',#7621,1.);
#7621 = DIRECTION('',(0.,1.));
#7622 = ( GEOMETRIC_REPRESENTATION_CONTEXT(2) 
PARAMETRIC_REPRESENTATION_CONTEXT() REPRESENTATION_CONTEXT('2D SPACE',''
  ) );
#7623 = PCURVE('',#7624,#7629);
#7624 = B_SPLINE_SURFACE_WITH_KNOTS('',1,1,(
    (#7625,#7626)
    ,(#7627,#7628
    )),.UNSPECIFIED.,.F.,.F.,.F.,(2,2),(2,2),(0.,111.2),(0.,1.),
  .PIECEWISE_BEZIER_KNOTS.);
#7625 = CARTESIAN_POINT('',(53.6,15.6,202.4));
#7626 = CARTESIAN_POINT('',(55.6,16.6,279.6));
#7627 = CARTESIAN_POINT('',(-53.6,15.6,202.4));
#7628 = CARTESIAN_POINT('',(-55.6,16.6,279.6));
#7629 = DEFINITIONAL_REPRESENTATION('',(#7630),#7633);
#7630 = B_SPLINE_CURVE_WITH_KNOTS('',1,(#7631,#7632),.UNSPECIFIED.,.F.,
  .F.,(2,2),(5.29160049112E-14,111.2),.PIECEWISE_BEZIER_KNOTS.);
#7631 = CARTESIAN_POINT('',(-0.157900882223,0.92127313876));
#7632 = CARTESIAN_POINT('',(111.35790088222,0.92127313876));
#7633 = ( GEOMETRIC_REPRESENTATION_CONTEXT(2) 
PARAMETRIC_REPRESENTATION_CONTEXT() REPRESENTATION_CONTEXT('2D SPACE',''
  ) );
#7634 = ADVANCED_FACE('',(#7635),#5943,.F.);
#7635 = FACE_BOUND('',#7636,.F.);
#7636 = EDGE_LOOP('',(#7637,#7638,#7710));
#7637 = ORIENTED_EDGE('',*,*,#5847,.F.);
#7638 = ORIENTED_EDGE('',*,*,#7639,.T.);
#7639 = EDGE_CURVE('',#5848,#6087,#7640,.T.);
#7640 = SURFACE_CURVE('',#7641,(#7646,#7652),.PCURVE_S1.);
#7641 = CIRCLE('',#7642,6.);
#7642 = AXIS2_PLACEMENT_3D('',#7643,#7644,#7645);
#7643 = CARTESIAN_POINT('',(-47.75342727536,-9.677216859149,208.4));
#7644 = DIRECTION('',(7.498773181274E-08,-1.,5.641710090346E-16));
#7645 = DIRECTION('',(2.589804635615E-02,1.942035190647E-09,
    -0.999664589347));
#7646 = PCURVE('',#5943,#7647);
#7647 = DEFINITIONAL_REPRESENTATION('',(#7648),#7651);
#7648 = B_SPLINE_CURVE_WITH_KNOTS('',1,(#7649,#7650),.UNSPECIFIED.,.F.,
  .F.,(2,2),(4.712388980385,6.257284364941),.PIECEWISE_BEZIER_KNOTS.);
#7649 = CARTESIAN_POINT('',(1.557848029472,-1.570796326795));
#7650 = CARTESIAN_POINT('',(1.557848029472,-2.590094223821E-02));
#7651 = ( GEOMETRIC_REPRESENTATION_CONTEXT(2) 
PARAMETRIC_REPRESENTATION_CONTEXT() REPRESENTATION_CONTEXT('2D SPACE',''
  ) );
#7652 = PCURVE('',#7653,#7669);
#7653 = ( BOUNDED_SURFACE() B_SPLINE_SURFACE(2,2,(
    (#7654,#7655,#7656,#7657,#7658)
    ,(#7659,#7660,#7661,#7662,#7663)
    ,(#7664,#7665,#7666,#7667,#7668
)),.UNSPECIFIED.,.F.,.F.,.F.) B_SPLINE_SURFACE_WITH_KNOTS((3,3),(3,1,1,3
    ),(0.,31.351414811447),(-1.221371405724,-7.570740572361E-02,
    31.275707405724,32.421371405724),.UNSPECIFIED.) 
GEOMETRIC_REPRESENTATION_ITEM() RATIONAL_B_SPLINE_SURFACE((
    (1.,1.,1.,1.,1.)
    ,(0.716204595893,0.716204595893,0.716204595893,0.716204595893
      ,0.716204595893)
,(1.,1.,1.,1.,1.))) REPRESENTATION_ITEM('') SURFACE() );
#7654 = CARTESIAN_POINT('',(-53.75141481144,16.821371405724,
    208.24461172186));
#7655 = CARTESIAN_POINT('',(-53.75141481144,16.248539405724,
    208.24461172186));
#7656 = CARTESIAN_POINT('',(-53.75141481144,-1.7763568394E-15,
    208.24461172186));
#7657 = CARTESIAN_POINT('',(-53.75141481144,-16.24853940572,
    208.24461172186));
#7658 = CARTESIAN_POINT('',(-53.75141481144,-16.82137140572,
    208.24461172186));
#7659 = CARTESIAN_POINT('',(-53.6,16.821371405724,202.4));
#7660 = CARTESIAN_POINT('',(-53.6,16.248539405724,202.4));
#7661 = CARTESIAN_POINT('',(-53.6,-2.480236582657E-15,202.4));
#7662 = CARTESIAN_POINT('',(-53.6,-16.24853940572,202.4));
#7663 = CARTESIAN_POINT('',(-53.6,-16.82137140572,202.4));
#7664 = CARTESIAN_POINT('',(-47.75342727536,16.821371405724,202.4));
#7665 = CARTESIAN_POINT('',(-47.75342727536,16.248539405724,202.4));
#7666 = CARTESIAN_POINT('',(-47.75342727536,-3.552713678801E-15,202.4));
#7667 = CARTESIAN_POINT('',(-47.75342727536,-16.24853940572,202.4));
#7668 = CARTESIAN_POINT('',(-47.75342727536,-16.82137140572,202.4));
#7669 = DEFINITIONAL_REPRESENTATION('',(#7670),#7709);
#7670 = B_SPLINE_CURVE_WITH_KNOTS('',7,(#7671,#7672,#7673,#7674,#7675,
    #7676,#7677,#7678,#7679,#7680,#7681,#7682,#7683,#7684,#7685,#7686,
    #7687,#7688,#7689,#7690,#7691,#7692,#7693,#7694,#7695,#7696,#7697,
    #7698,#7699,#7700,#7701,#7702,#7703,#7704,#7705,#7706,#7707,#7708),
  .UNSPECIFIED.,.F.,.F.,(8,6,6,6,6,6,8),(4.712388980385,4.905500903454,
    5.098612826524,5.484836672663,5.871060518802,6.064172441872,
    6.257284364941),.UNSPECIFIED.);
#7671 = CARTESIAN_POINT('',(-3.586854171355E-15,25.277217308925));
#7672 = CARTESIAN_POINT('',(0.619656468978,25.277217300035));
#7673 = CARTESIAN_POINT('',(1.231204684642,25.277217291261));
#7674 = CARTESIAN_POINT('',(1.835212152993,25.277217282597));
#7675 = CARTESIAN_POINT('',(2.4322350994,25.277217274031));
#7676 = CARTESIAN_POINT('',(3.022759258972,25.27721726556));
#7677 = CARTESIAN_POINT('',(3.607278926636,25.277217257174));
#7678 = CARTESIAN_POINT('',(4.765207651694,25.277217240562));
#7679 = CARTESIAN_POINT('',(5.338618316996,25.277217232335));
#7680 = CARTESIAN_POINT('',(5.906930632046,25.277217224183));
#7681 = CARTESIAN_POINT('',(6.470577053953,25.277217216096));
#7682 = CARTESIAN_POINT('',(7.029970283956,25.277217208071));
#7683 = CARTESIAN_POINT('',(7.585506401394,25.277217200101));
#7684 = CARTESIAN_POINT('',(9.241691190314,25.277217176341));
#7685 = CARTESIAN_POINT('',(10.331916201056,25.2772171607));
#7686 = CARTESIAN_POINT('',(11.411302348054,25.277217145215));
#7687 = CARTESIAN_POINT('',(12.482691905967,25.277217129845));
#7688 = CARTESIAN_POINT('',(13.548792748634,25.27721711455));
#7689 = CARTESIAN_POINT('',(14.61225010177,25.277217099294));
#7690 = CARTESIAN_POINT('',(16.739164709677,25.27721706878));
#7691 = CARTESIAN_POINT('',(17.802622062814,25.277217053523));
#7692 = CARTESIAN_POINT('',(18.86872290548,25.27721703823));
#7693 = CARTESIAN_POINT('',(19.940112463393,25.277217022858));
#7694 = CARTESIAN_POINT('',(21.019498610392,25.277217007374));
#7695 = CARTESIAN_POINT('',(22.109723621133,25.277216991733));
#7696 = CARTESIAN_POINT('',(23.765908410053,25.277216967973));
#7697 = CARTESIAN_POINT('',(24.321444527491,25.277216960002));
#7698 = CARTESIAN_POINT('',(24.880837757495,25.277216951979));
#7699 = CARTESIAN_POINT('',(25.444484179401,25.277216943891));
#7700 = CARTESIAN_POINT('',(26.012796494451,25.277216935739));
#7701 = CARTESIAN_POINT('',(26.586207159753,25.277216927512));
#7702 = CARTESIAN_POINT('',(27.744135884811,25.2772169109));
#7703 = CARTESIAN_POINT('',(28.328655552475,25.277216902515));
#7704 = CARTESIAN_POINT('',(28.919179712047,25.277216894042));
#7705 = CARTESIAN_POINT('',(29.516202658454,25.277216885478));
#7706 = CARTESIAN_POINT('',(30.120210126805,25.277216876812));
#7707 = CARTESIAN_POINT('',(30.73175834247,25.277216868039));
#7708 = CARTESIAN_POINT('',(31.351414811447,25.277216859149));
#7709 = ( GEOMETRIC_REPRESENTATION_CONTEXT(2) 
PARAMETRIC_REPRESENTATION_CONTEXT() REPRESENTATION_CONTEXT('2D SPACE',''
  ) );
#7710 = ORIENTED_EDGE('',*,*,#6086,.F.);
#7711 = ADVANCED_FACE('',(#7712),#5973,.F.);
#7712 = FACE_BOUND('',#7713,.F.);
#7713 = EDGE_LOOP('',(#7714,#7715,#7716,#7770));
#7714 = ORIENTED_EDGE('',*,*,#5954,.T.);
#7715 = ORIENTED_EDGE('',*,*,#7494,.F.);
#7716 = ORIENTED_EDGE('',*,*,#7717,.F.);
#7717 = EDGE_CURVE('',#7718,#7458,#7720,.T.);
#7718 = VERTEX_POINT('',#7719);
#7719 = CARTESIAN_POINT('',(-53.75141481144,9.677217308925,
    208.24461172186));
#7720 = SURFACE_CURVE('',#7721,(#7730,#7738),.PCURVE_S1.);
#7721 = B_SPLINE_CURVE_WITH_KNOTS('',3,(#7722,#7723,#7724,#7725,#7726,
    #7727,#7728,#7729),.UNSPECIFIED.,.F.,.F.,(4,2,2,4),(-2.99134811774,
    -0.155375247867,77.154708548719,79.990681418592),.UNSPECIFIED.);
#7722 = CARTESIAN_POINT('',(-53.52454770491,9.563783305882,
    199.48754140961));
#7723 = CARTESIAN_POINT('',(-53.54902770491,9.576023305882,
    200.43246940961));
#7724 = CARTESIAN_POINT('',(-53.57350770491,9.588263305882,
    201.37739740961));
#7725 = CARTESIAN_POINT('',(-54.2653251366,9.93417202173,228.08155027307
    ));
#7726 = CARTESIAN_POINT('',(-54.9326625683,10.267840737578,
    253.84077513653));
#7727 = CARTESIAN_POINT('',(-55.62448,10.613749453426,280.544928));
#7728 = CARTESIAN_POINT('',(-55.64896,10.625989453426,281.489856));
#7729 = CARTESIAN_POINT('',(-55.67344,10.638229453426,282.434784));
#7730 = PCURVE('',#5973,#7731);
#7731 = DEFINITIONAL_REPRESENTATION('',(#7732),#7737);
#7732 = B_SPLINE_CURVE_WITH_KNOTS('',3,(#7733,#7734,#7735,#7736),
  .UNSPECIFIED.,.F.,.F.,(4,4),(5.769394790756,70.996738784416),
  .PIECEWISE_BEZIER_KNOTS.);
#7733 = CARTESIAN_POINT('',(6.352181310204,7.570740572362E-02));
#7734 = CARTESIAN_POINT('',(6.238099348485,0.357227267047));
#7735 = CARTESIAN_POINT('',(6.130150789672,0.638747128863));
#7736 = CARTESIAN_POINT('',(6.027441028229,0.920266991216));
#7737 = ( GEOMETRIC_REPRESENTATION_CONTEXT(2) 
PARAMETRIC_REPRESENTATION_CONTEXT() REPRESENTATION_CONTEXT('2D SPACE',''
  ) );
#7738 = PCURVE('',#7739,#7764);
#7739 = ( BOUNDED_SURFACE() B_SPLINE_SURFACE(2,3,(
    (#7740,#7741,#7742,#7743,#7744,#7745,#7746,#7747)
    ,(#7748,#7749,#7750,#7751,#7752,#7753,#7754,#7755)
    ,(#7756,#7757,#7758,#7759,#7760,#7761,#7762,#7763
)),.UNSPECIFIED.,.F.,.F.,.F.) B_SPLINE_SURFACE_WITH_KNOTS((3,3),(4,2,2,4
    ),(0.,77.310083796586),(-2.99134811774,-0.155375247867,
    77.154708548719,79.990681418592),.UNSPECIFIED.) 
GEOMETRIC_REPRESENTATION_ITEM() RATIONAL_B_SPLINE_SURFACE((
    (1.,1.,1.,1.,1.,1.,1.,1.)
    ,(0.707225366761,0.707225366761,0.707225366761,0.707225366761
      ,0.707225366761,0.707225366761,0.707225366761,0.707225366761)
,(1.,1.,1.,1.,1.,1.,1.,1.))) REPRESENTATION_ITEM('') SURFACE() );
#7740 = CARTESIAN_POINT('',(-47.52656016882,15.56328,199.565216));
#7741 = CARTESIAN_POINT('',(-47.55104016882,15.57552,200.510144));
#7742 = CARTESIAN_POINT('',(-47.57552016882,15.58776,201.455072));
#7743 = CARTESIAN_POINT('',(-48.26733760052,15.933668715848,
    228.15922486346));
#7744 = CARTESIAN_POINT('',(-48.93467503222,16.267337431696,
    253.91844972692));
#7745 = CARTESIAN_POINT('',(-49.62649246391,16.613246147544,
    280.62260259038));
#7746 = CARTESIAN_POINT('',(-49.65097246391,16.625486147544,
    281.56753059038));
#7747 = CARTESIAN_POINT('',(-49.67545246391,16.637726147544,
    282.51245859038));
#7748 = CARTESIAN_POINT('',(-53.52253642194,15.561268210973,
    199.40990588708));
#7749 = CARTESIAN_POINT('',(-53.54701642194,15.573508210973,
    200.35483388708));
#7750 = CARTESIAN_POINT('',(-53.57149642194,15.585748210973,
    201.29976188708));
#7751 = CARTESIAN_POINT('',(-54.26331385364,15.931656926821,
    228.00391475054));
#7752 = CARTESIAN_POINT('',(-54.93065128533,16.265325642669,
    253.763139614));
#7753 = CARTESIAN_POINT('',(-55.62246871703,16.611234358516,
    280.46729247747));
#7754 = CARTESIAN_POINT('',(-55.64694871703,16.623474358516,
    281.41222047747));
#7755 = CARTESIAN_POINT('',(-55.67142871703,16.635714358516,
    282.35714847747));
#7756 = CARTESIAN_POINT('',(-53.52454770491,9.563783305882,
    199.48754140961));
#7757 = CARTESIAN_POINT('',(-53.54902770491,9.576023305882,
    200.43246940961));
#7758 = CARTESIAN_POINT('',(-53.57350770491,9.588263305882,
    201.37739740961));
#7759 = CARTESIAN_POINT('',(-54.2653251366,9.93417202173,228.08155027307
    ));
#7760 = CARTESIAN_POINT('',(-54.9326625683,10.267840737578,
    253.84077513653));
#7761 = CARTESIAN_POINT('',(-55.62448,10.613749453426,280.544928));
#7762 = CARTESIAN_POINT('',(-55.64896,10.625989453426,281.489856));
#7763 = CARTESIAN_POINT('',(-55.67344,10.638229453426,282.434784));
#7764 = DEFINITIONAL_REPRESENTATION('',(#7765),#7769);
#7765 = LINE('',#7766,#7767);
#7766 = CARTESIAN_POINT('',(77.310083796586,0.));
#7767 = VECTOR('',#7768,1.);
#7768 = DIRECTION('',(0.,1.));
#7769 = ( GEOMETRIC_REPRESENTATION_CONTEXT(2) 
PARAMETRIC_REPRESENTATION_CONTEXT() REPRESENTATION_CONTEXT('2D SPACE',''
  ) );
#7770 = ORIENTED_EDGE('',*,*,#7771,.T.);
#7771 = EDGE_CURVE('',#7718,#5848,#7772,.T.);
#7772 = SURFACE_CURVE('',#7773,(#7779,#7785),.PCURVE_S1.);
#7773 = B_SPLINE_CURVE_WITH_KNOTS('',2,(#7774,#7775,#7776,#7777,#7778),
  .UNSPECIFIED.,.F.,.F.,(3,1,1,3),(-1.221371405724,-7.570740572361E-02,
    31.275707405724,32.421371405724),.UNSPECIFIED.);
#7774 = CARTESIAN_POINT('',(-53.75141481144,16.821371405724,
    208.24461172186));
#7775 = CARTESIAN_POINT('',(-53.75141481144,16.248539405724,
    208.24461172186));
#7776 = CARTESIAN_POINT('',(-53.75141481144,-1.7763568394E-15,
    208.24461172186));
#7777 = CARTESIAN_POINT('',(-53.75141481144,-16.24853940572,
    208.24461172186));
#7778 = CARTESIAN_POINT('',(-53.75141481144,-16.82137140572,
    208.24461172186));
#7779 = PCURVE('',#5973,#7780);
#7780 = DEFINITIONAL_REPRESENTATION('',(#7781),#7784);
#7781 = B_SPLINE_CURVE_WITH_KNOTS('',1,(#7782,#7783),.UNSPECIFIED.,.F.,
  .F.,(2,2),(-7.570740572361E-02,31.275707405724),
  .PIECEWISE_BEZIER_KNOTS.);
#7782 = CARTESIAN_POINT('',(6.67799149312E-15,7.570740572362E-02));
#7783 = CARTESIAN_POINT('',(33.2,7.570740572362E-02));
#7784 = ( GEOMETRIC_REPRESENTATION_CONTEXT(2) 
PARAMETRIC_REPRESENTATION_CONTEXT() REPRESENTATION_CONTEXT('2D SPACE',''
  ) );
#7785 = PCURVE('',#7653,#7786);
#7786 = DEFINITIONAL_REPRESENTATION('',(#7787),#7791);
#7787 = LINE('',#7788,#7789);
#7788 = CARTESIAN_POINT('',(0.,0.));
#7789 = VECTOR('',#7790,1.);
#7790 = DIRECTION('',(0.,1.));
#7791 = ( GEOMETRIC_REPRESENTATION_CONTEXT(2) 
PARAMETRIC_REPRESENTATION_CONTEXT() REPRESENTATION_CONTEXT('2D SPACE',''
  ) );
#7792 = ADVANCED_FACE('',(#7793),#6037,.F.);
#7793 = FACE_BOUND('',#7794,.T.);
#7794 = EDGE_LOOP('',(#7795,#7796,#7868));
#7795 = ORIENTED_EDGE('',*,*,#5991,.F.);
#7796 = ORIENTED_EDGE('',*,*,#7797,.T.);
#7797 = EDGE_CURVE('',#5992,#6151,#7798,.T.);
#7798 = SURFACE_CURVE('',#7799,(#7804,#7810),.PCURVE_S1.);
#7799 = CIRCLE('',#7800,6.);
#7800 = AXIS2_PLACEMENT_3D('',#7801,#7802,#7803);
#7801 = CARTESIAN_POINT('',(47.753427275363,-9.677216859149,208.4));
#7802 = DIRECTION('',(7.498773092975E-08,1.,-3.521474900219E-16));
#7803 = DIRECTION('',(-2.589804635615E-02,1.942035379732E-09,
    -0.999664589347));
#7804 = PCURVE('',#6037,#7805);
#7805 = DEFINITIONAL_REPRESENTATION('',(#7806),#7809);
#7806 = B_SPLINE_CURVE_WITH_KNOTS('',1,(#7807,#7808),.UNSPECIFIED.,.F.,
  .F.,(2,2),(4.712388980385,6.257284364941),.PIECEWISE_BEZIER_KNOTS.);
#7807 = CARTESIAN_POINT('',(-1.557848029472,-1.570796326795));
#7808 = CARTESIAN_POINT('',(-1.557848029472,-2.590094223821E-02));
#7809 = ( GEOMETRIC_REPRESENTATION_CONTEXT(2) 
PARAMETRIC_REPRESENTATION_CONTEXT() REPRESENTATION_CONTEXT('2D SPACE',''
  ) );
#7810 = PCURVE('',#7811,#7827);
#7811 = ( BOUNDED_SURFACE() B_SPLINE_SURFACE(2,2,(
    (#7812,#7813,#7814,#7815,#7816)
    ,(#7817,#7818,#7819,#7820,#7821)
    ,(#7822,#7823,#7824,#7825,#7826
)),.UNSPECIFIED.,.F.,.F.,.F.) B_SPLINE_SURFACE_WITH_KNOTS((3,3),(3,1,1,3
    ),(0.,31.351414811447),(-1.221371405724,-7.570740572361E-02,
    31.275707405724,32.421371405724),.UNSPECIFIED.) 
GEOMETRIC_REPRESENTATION_ITEM() RATIONAL_B_SPLINE_SURFACE((
    (1.,1.,1.,1.,1.)
    ,(0.716204595893,0.716204595893,0.716204595893,0.716204595893
      ,0.716204595893)
,(1.,1.,1.,1.,1.))) REPRESENTATION_ITEM('') SURFACE() );
#7812 = CARTESIAN_POINT('',(53.751414811447,-16.82137140572,
    208.24461172186));
#7813 = CARTESIAN_POINT('',(53.751414811447,-16.24853940572,
    208.24461172186));
#7814 = CARTESIAN_POINT('',(53.751414811447,3.552713678801E-15,
    208.24461172186));
#7815 = CARTESIAN_POINT('',(53.751414811447,16.248539405724,
    208.24461172186));
#7816 = CARTESIAN_POINT('',(53.751414811447,16.821371405724,
    208.24461172186));
#7817 = CARTESIAN_POINT('',(53.6,-16.82137140572,202.4));
#7818 = CARTESIAN_POINT('',(53.6,-16.24853940572,202.4));
#7819 = CARTESIAN_POINT('',(53.6,2.480236582657E-15,202.4));
#7820 = CARTESIAN_POINT('',(53.6,16.248539405724,202.4));
#7821 = CARTESIAN_POINT('',(53.6,16.821371405724,202.4));
#7822 = CARTESIAN_POINT('',(47.753427275363,-16.82137140572,202.4));
#7823 = CARTESIAN_POINT('',(47.753427275363,-16.24853940572,202.4));
#7824 = CARTESIAN_POINT('',(47.753427275363,3.552713678801E-15,202.4));
#7825 = CARTESIAN_POINT('',(47.753427275363,16.248539405724,202.4));
#7826 = CARTESIAN_POINT('',(47.753427275363,16.821371405724,202.4));
#7827 = DEFINITIONAL_REPRESENTATION('',(#7828),#7867);
#7828 = B_SPLINE_CURVE_WITH_KNOTS('',7,(#7829,#7830,#7831,#7832,#7833,
    #7834,#7835,#7836,#7837,#7838,#7839,#7840,#7841,#7842,#7843,#7844,
    #7845,#7846,#7847,#7848,#7849,#7850,#7851,#7852,#7853,#7854,#7855,
    #7856,#7857,#7858,#7859,#7860,#7861,#7862,#7863,#7864,#7865,#7866),
  .UNSPECIFIED.,.F.,.F.,(8,6,6,6,6,6,8),(4.712388980385,4.905500903454,
    5.098612826524,5.484836672663,5.871060518802,6.064172441872,
    6.257284364941),.UNSPECIFIED.);
#7829 = CARTESIAN_POINT('',(-3.414049255579E-17,5.922782691075));
#7830 = CARTESIAN_POINT('',(0.619656468978,5.922782699965));
#7831 = CARTESIAN_POINT('',(1.231204684642,5.922782708738));
#7832 = CARTESIAN_POINT('',(1.835212152994,5.922782717404));
#7833 = CARTESIAN_POINT('',(2.4322350994,5.922782725969));
#7834 = CARTESIAN_POINT('',(3.022759258973,5.922782734441));
#7835 = CARTESIAN_POINT('',(3.607278926636,5.922782742826));
#7836 = CARTESIAN_POINT('',(4.765207651694,5.922782759438));
#7837 = CARTESIAN_POINT('',(5.338618316996,5.922782767664));
#7838 = CARTESIAN_POINT('',(5.906930632045,5.922782775818));
#7839 = CARTESIAN_POINT('',(6.470577053953,5.922782783904));
#7840 = CARTESIAN_POINT('',(7.029970283956,5.922782791929));
#7841 = CARTESIAN_POINT('',(7.585506401394,5.922782799899));
#7842 = CARTESIAN_POINT('',(9.241691190314,5.922782823659));
#7843 = CARTESIAN_POINT('',(10.331916201056,5.9227828393));
#7844 = CARTESIAN_POINT('',(11.411302348054,5.922782854785));
#7845 = CARTESIAN_POINT('',(12.482691905967,5.922782870155));
#7846 = CARTESIAN_POINT('',(13.548792748633,5.92278288545));
#7847 = CARTESIAN_POINT('',(14.61225010177,5.922782900706));
#7848 = CARTESIAN_POINT('',(16.739164709677,5.92278293122));
#7849 = CARTESIAN_POINT('',(17.802622062814,5.922782946476));
#7850 = CARTESIAN_POINT('',(18.86872290548,5.922782961771));
#7851 = CARTESIAN_POINT('',(19.940112463393,5.922782977141));
#7852 = CARTESIAN_POINT('',(21.019498610392,5.922782992627));
#7853 = CARTESIAN_POINT('',(22.109723621133,5.922783008267));
#7854 = CARTESIAN_POINT('',(23.765908410053,5.922783032027));
#7855 = CARTESIAN_POINT('',(24.321444527491,5.922783039997));
#7856 = CARTESIAN_POINT('',(24.880837757495,5.922783048022));
#7857 = CARTESIAN_POINT('',(25.444484179401,5.922783056108));
#7858 = CARTESIAN_POINT('',(26.012796494451,5.922783064262));
#7859 = CARTESIAN_POINT('',(26.586207159753,5.922783072488));
#7860 = CARTESIAN_POINT('',(27.744135884811,5.9227830891));
#7861 = CARTESIAN_POINT('',(28.328655552475,5.922783097486));
#7862 = CARTESIAN_POINT('',(28.919179712047,5.922783105957));
#7863 = CARTESIAN_POINT('',(29.516202658454,5.922783114522));
#7864 = CARTESIAN_POINT('',(30.120210126805,5.922783123188));
#7865 = CARTESIAN_POINT('',(30.73175834247,5.922783131961));
#7866 = CARTESIAN_POINT('',(31.351414811447,5.922783140851));
#7867 = ( GEOMETRIC_REPRESENTATION_CONTEXT(2) 
PARAMETRIC_REPRESENTATION_CONTEXT() REPRESENTATION_CONTEXT('2D SPACE',''
  ) );
#7868 = ORIENTED_EDGE('',*,*,#6179,.F.);
#7869 = ADVANCED_FACE('',(#7870),#6067,.F.);
#7870 = FACE_BOUND('',#7871,.F.);
#7871 = EDGE_LOOP('',(#7872,#7873,#7897,#7949));
#7872 = ORIENTED_EDGE('',*,*,#6048,.F.);
#7873 = ORIENTED_EDGE('',*,*,#7874,.T.);
#7874 = EDGE_CURVE('',#5992,#7875,#7877,.T.);
#7875 = VERTEX_POINT('',#7876);
#7876 = CARTESIAN_POINT('',(53.751414811447,9.677217308925,
    208.24461172186));
#7877 = SURFACE_CURVE('',#7878,(#7884,#7890),.PCURVE_S1.);
#7878 = B_SPLINE_CURVE_WITH_KNOTS('',2,(#7879,#7880,#7881,#7882,#7883),
  .UNSPECIFIED.,.F.,.F.,(3,1,1,3),(-1.221371405724,-7.570740572361E-02,
    31.275707405724,32.421371405724),.UNSPECIFIED.);
#7879 = CARTESIAN_POINT('',(53.751414811447,-16.82137140572,
    208.24461172186));
#7880 = CARTESIAN_POINT('',(53.751414811447,-16.24853940572,
    208.24461172186));
#7881 = CARTESIAN_POINT('',(53.751414811447,3.552713678801E-15,
    208.24461172186));
#7882 = CARTESIAN_POINT('',(53.751414811447,16.248539405724,
    208.24461172186));
#7883 = CARTESIAN_POINT('',(53.751414811447,16.821371405724,
    208.24461172186));
#7884 = PCURVE('',#6067,#7885);
#7885 = DEFINITIONAL_REPRESENTATION('',(#7886),#7889);
#7886 = B_SPLINE_CURVE_WITH_KNOTS('',1,(#7887,#7888),.UNSPECIFIED.,.F.,
  .F.,(2,2),(-7.570740572361E-02,31.275707405724),
  .PIECEWISE_BEZIER_KNOTS.);
#7887 = CARTESIAN_POINT('',(8.903988657494E-15,7.570740572362E-02));
#7888 = CARTESIAN_POINT('',(33.2,7.570740572362E-02));
#7889 = ( GEOMETRIC_REPRESENTATION_CONTEXT(2) 
PARAMETRIC_REPRESENTATION_CONTEXT() REPRESENTATION_CONTEXT('2D SPACE',''
  ) );
#7890 = PCURVE('',#7811,#7891);
#7891 = DEFINITIONAL_REPRESENTATION('',(#7892),#7896);
#7892 = LINE('',#7893,#7894);
#7893 = CARTESIAN_POINT('',(0.,0.));
#7894 = VECTOR('',#7895,1.);
#7895 = DIRECTION('',(0.,1.));
#7896 = ( GEOMETRIC_REPRESENTATION_CONTEXT(2) 
PARAMETRIC_REPRESENTATION_CONTEXT() REPRESENTATION_CONTEXT('2D SPACE',''
  ) );
#7897 = ORIENTED_EDGE('',*,*,#7898,.T.);
#7898 = EDGE_CURVE('',#7875,#7398,#7899,.T.);
#7899 = SURFACE_CURVE('',#7900,(#7909,#7917),.PCURVE_S1.);
#7900 = B_SPLINE_CURVE_WITH_KNOTS('',3,(#7901,#7902,#7903,#7904,#7905,
    #7906,#7907,#7908),.UNSPECIFIED.,.F.,.F.,(4,2,2,4),(-2.99134811774,
    -0.155375247867,77.154708548719,79.990681418592),.UNSPECIFIED.);
#7901 = CARTESIAN_POINT('',(53.524547704912,9.563783305882,
    199.48754140961));
#7902 = CARTESIAN_POINT('',(53.549027704912,9.576023305882,
    200.43246940961));
#7903 = CARTESIAN_POINT('',(53.573507704912,9.588263305882,
    201.37739740961));
#7904 = CARTESIAN_POINT('',(54.265325136608,9.93417202173,
    228.08155027307));
#7905 = CARTESIAN_POINT('',(54.932662568304,10.267840737578,
    253.84077513653));
#7906 = CARTESIAN_POINT('',(55.62448,10.613749453426,280.544928));
#7907 = CARTESIAN_POINT('',(55.64896,10.625989453426,281.489856));
#7908 = CARTESIAN_POINT('',(55.67344,10.638229453426,282.434784));
#7909 = PCURVE('',#6067,#7910);
#7910 = DEFINITIONAL_REPRESENTATION('',(#7911),#7916);
#7911 = B_SPLINE_CURVE_WITH_KNOTS('',3,(#7912,#7913,#7914,#7915),
  .UNSPECIFIED.,.F.,.F.,(4,4),(5.769394790756,70.996738784416),
  .PIECEWISE_BEZIER_KNOTS.);
#7912 = CARTESIAN_POINT('',(26.847818689796,7.570740572362E-02));
#7913 = CARTESIAN_POINT('',(26.961900651515,0.357227267047));
#7914 = CARTESIAN_POINT('',(27.069849210328,0.638747128863));
#7915 = CARTESIAN_POINT('',(27.172558971771,0.920266991216));
#7916 = ( GEOMETRIC_REPRESENTATION_CONTEXT(2) 
PARAMETRIC_REPRESENTATION_CONTEXT() REPRESENTATION_CONTEXT('2D SPACE',''
  ) );
#7917 = PCURVE('',#7918,#7943);
#7918 = ( BOUNDED_SURFACE() B_SPLINE_SURFACE(2,3,(
    (#7919,#7920,#7921,#7922,#7923,#7924,#7925,#7926)
    ,(#7927,#7928,#7929,#7930,#7931,#7932,#7933,#7934)
    ,(#7935,#7936,#7937,#7938,#7939,#7940,#7941,#7942
)),.UNSPECIFIED.,.F.,.F.,.F.) B_SPLINE_SURFACE_WITH_KNOTS((3,3),(4,2,2,4
    ),(0.,77.310083796586),(-2.99134811774,-0.155375247867,
    77.154708548719,79.990681418592),.UNSPECIFIED.) 
GEOMETRIC_REPRESENTATION_ITEM() RATIONAL_B_SPLINE_SURFACE((
    (1.,1.,1.,1.,1.,1.,1.,1.)
    ,(0.707225366761,0.707225366761,0.707225366761,0.707225366761
      ,0.707225366761,0.707225366761,0.707225366761,0.707225366761)
,(1.,1.,1.,1.,1.,1.,1.,1.))) REPRESENTATION_ITEM('') SURFACE() );
#7919 = CARTESIAN_POINT('',(53.524547704912,9.563783305882,
    199.48754140961));
#7920 = CARTESIAN_POINT('',(53.549027704912,9.576023305882,
    200.43246940961));
#7921 = CARTESIAN_POINT('',(53.573507704912,9.588263305882,
    201.37739740961));
#7922 = CARTESIAN_POINT('',(54.265325136608,9.93417202173,
    228.08155027307));
#7923 = CARTESIAN_POINT('',(54.932662568304,10.267840737578,
    253.84077513653));
#7924 = CARTESIAN_POINT('',(55.62448,10.613749453426,280.544928));
#7925 = CARTESIAN_POINT('',(55.64896,10.625989453426,281.489856));
#7926 = CARTESIAN_POINT('',(55.67344,10.638229453426,282.434784));
#7927 = CARTESIAN_POINT('',(53.522536421945,15.561268210973,
    199.40990588708));
#7928 = CARTESIAN_POINT('',(53.547016421945,15.573508210973,
    200.35483388708));
#7929 = CARTESIAN_POINT('',(53.571496421945,15.585748210973,
    201.29976188708));
#7930 = CARTESIAN_POINT('',(54.263313853641,15.931656926821,
    228.00391475054));
#7931 = CARTESIAN_POINT('',(54.930651285337,16.265325642669,
    253.763139614));
#7932 = CARTESIAN_POINT('',(55.622468717033,16.611234358516,
    280.46729247747));
#7933 = CARTESIAN_POINT('',(55.646948717033,16.623474358516,
    281.41222047747));
#7934 = CARTESIAN_POINT('',(55.671428717033,16.635714358516,
    282.35714847747));
#7935 = CARTESIAN_POINT('',(47.526560168828,15.56328,199.565216));
#7936 = CARTESIAN_POINT('',(47.551040168828,15.57552,200.510144));
#7937 = CARTESIAN_POINT('',(47.575520168828,15.58776,201.455072));
#7938 = CARTESIAN_POINT('',(48.267337600524,15.933668715848,
    228.15922486346));
#7939 = CARTESIAN_POINT('',(48.93467503222,16.267337431696,
    253.91844972692));
#7940 = CARTESIAN_POINT('',(49.626492463916,16.613246147544,
    280.62260259038));
#7941 = CARTESIAN_POINT('',(49.650972463916,16.625486147544,
    281.56753059038));
#7942 = CARTESIAN_POINT('',(49.675452463916,16.637726147544,
    282.51245859038));
#7943 = DEFINITIONAL_REPRESENTATION('',(#7944),#7948);
#7944 = LINE('',#7945,#7946);
#7945 = CARTESIAN_POINT('',(0.,0.));
#7946 = VECTOR('',#7947,1.);
#7947 = DIRECTION('',(0.,1.));
#7948 = ( GEOMETRIC_REPRESENTATION_CONTEXT(2) 
PARAMETRIC_REPRESENTATION_CONTEXT() REPRESENTATION_CONTEXT('2D SPACE',''
  ) );
#7949 = ORIENTED_EDGE('',*,*,#7432,.F.);
#7950 = ADVANCED_FACE('',(#7951),#6168,.F.);
#7951 = FACE_BOUND('',#7952,.F.);
#7952 = EDGE_LOOP('',(#7953,#7954,#7978,#8018));
#7953 = ORIENTED_EDGE('',*,*,#6150,.F.);
#7954 = ORIENTED_EDGE('',*,*,#7955,.F.);
#7955 = EDGE_CURVE('',#7956,#6087,#7958,.T.);
#7956 = VERTEX_POINT('',#7957);
#7957 = CARTESIAN_POINT('',(-47.75342727536,9.677216859149,202.4));
#7958 = SURFACE_CURVE('',#7959,(#7965,#7971),.PCURVE_S1.);
#7959 = B_SPLINE_CURVE_WITH_KNOTS('',2,(#7960,#7961,#7962,#7963,#7964),
  .UNSPECIFIED.,.F.,.F.,(3,1,1,3),(-1.221371405724,-7.570740572361E-02,
    31.275707405724,32.421371405724),.UNSPECIFIED.);
#7960 = CARTESIAN_POINT('',(-47.75342727536,16.821371405724,202.4));
#7961 = CARTESIAN_POINT('',(-47.75342727536,16.248539405724,202.4));
#7962 = CARTESIAN_POINT('',(-47.75342727536,-3.552713678801E-15,202.4));
#7963 = CARTESIAN_POINT('',(-47.75342727536,-16.24853940572,202.4));
#7964 = CARTESIAN_POINT('',(-47.75342727536,-16.82137140572,202.4));
#7965 = PCURVE('',#6168,#7966);
#7966 = DEFINITIONAL_REPRESENTATION('',(#7967),#7970);
#7967 = B_SPLINE_CURVE_WITH_KNOTS('',1,(#7968,#7969),.UNSPECIFIED.,.F.,
  .F.,(2,2),(-7.570740572361E-02,31.275707405724),
  .PIECEWISE_BEZIER_KNOTS.);
#7968 = CARTESIAN_POINT('',(14.353632880533,-28.39587134573));
#7969 = CARTESIAN_POINT('',(5.592490885975,1.706513968894));
#7970 = ( GEOMETRIC_REPRESENTATION_CONTEXT(2) 
PARAMETRIC_REPRESENTATION_CONTEXT() REPRESENTATION_CONTEXT('2D SPACE',''
  ) );
#7971 = PCURVE('',#7653,#7972);
#7972 = DEFINITIONAL_REPRESENTATION('',(#7973),#7977);
#7973 = LINE('',#7974,#7975);
#7974 = CARTESIAN_POINT('',(31.351414811447,0.));
#7975 = VECTOR('',#7976,1.);
#7976 = DIRECTION('',(0.,1.));
#7977 = ( GEOMETRIC_REPRESENTATION_CONTEXT(2) 
PARAMETRIC_REPRESENTATION_CONTEXT() REPRESENTATION_CONTEXT('2D SPACE',''
  ) );
#7978 = ORIENTED_EDGE('',*,*,#7979,.F.);
#7979 = EDGE_CURVE('',#7980,#7956,#7982,.T.);
#7980 = VERTEX_POINT('',#7981);
#7981 = CARTESIAN_POINT('',(47.753427275363,9.677216859149,202.4));
#7982 = SURFACE_CURVE('',#7983,(#7989,#7995),.PCURVE_S1.);
#7983 = B_SPLINE_CURVE_WITH_KNOTS('',2,(#7984,#7985,#7986,#7987,#7988),
  .UNSPECIFIED.,.F.,.F.,(3,1,1,3),(-4.089811106535,-0.153427106535,
    107.35342710653,111.28981110653),.UNSPECIFIED.);
#7984 = CARTESIAN_POINT('',(57.689811106535,9.677216859149,202.4));
#7985 = CARTESIAN_POINT('',(55.721619106535,9.677216859149,202.4));
#7986 = CARTESIAN_POINT('',(7.105427357601E-15,9.677216859149,202.4));
#7987 = CARTESIAN_POINT('',(-55.72161910653,9.677216859149,202.4));
#7988 = CARTESIAN_POINT('',(-57.68981110653,9.677216859149,202.4));
#7989 = PCURVE('',#6168,#7990);
#7990 = DEFINITIONAL_REPRESENTATION('',(#7991),#7994);
#7991 = B_SPLINE_CURVE_WITH_KNOTS('',1,(#7992,#7993),.UNSPECIFIED.,.F.,
  .F.,(2,2),(-0.153427106535,107.35342710653),.PIECEWISE_BEZIER_KNOTS.);
#7992 = CARTESIAN_POINT('',(110.14021327282,5.729696665603));
#7993 = CARTESIAN_POINT('',(6.916394859872,-24.31305645458));
#7994 = ( GEOMETRIC_REPRESENTATION_CONTEXT(2) 
PARAMETRIC_REPRESENTATION_CONTEXT() REPRESENTATION_CONTEXT('2D SPACE',''
  ) );
#7995 = PCURVE('',#7996,#8012);
#7996 = ( BOUNDED_SURFACE() B_SPLINE_SURFACE(2,2,(
    (#7997,#7998,#7999,#8000,#8001)
    ,(#8002,#8003,#8004,#8005,#8006)
    ,(#8007,#8008,#8009,#8010,#8011
)),.UNSPECIFIED.,.F.,.F.,.F.) B_SPLINE_SURFACE_WITH_KNOTS((3,3),(3,1,1,3
    ),(0.,107.50685421307),(-4.089811106535,-0.153427106535,
    107.35342710653,111.28981110653),.UNSPECIFIED.) 
GEOMETRIC_REPRESENTATION_ITEM() RATIONAL_B_SPLINE_SURFACE((
    (1.,1.,1.,1.,1.)
    ,(0.711671371242,0.711671371242,0.711671371242,0.711671371242
      ,0.711671371242)
,(1.,1.,1.,1.,1.))) REPRESENTATION_ITEM('') SURFACE() );
#7997 = CARTESIAN_POINT('',(57.689811106535,15.676713553268,
    208.32228631225));
#7998 = CARTESIAN_POINT('',(55.721619106535,15.676713553268,
    208.32228631225));
#7999 = CARTESIAN_POINT('',(7.105427357601E-15,15.676713553268,
    208.32228631225));
#8000 = CARTESIAN_POINT('',(-55.72161910653,15.676713553268,
    208.32228631225));
#8001 = CARTESIAN_POINT('',(-57.68981110653,15.676713553268,
    208.32228631225));
#8002 = CARTESIAN_POINT('',(57.689811106535,15.6,202.4));
#8003 = CARTESIAN_POINT('',(55.721619106535,15.6,202.4));
#8004 = CARTESIAN_POINT('',(0.,15.6,202.4));
#8005 = CARTESIAN_POINT('',(-55.72161910653,15.6,202.4));
#8006 = CARTESIAN_POINT('',(-57.68981110653,15.6,202.4));
#8007 = CARTESIAN_POINT('',(57.689811106535,9.677216859149,202.4));
#8008 = CARTESIAN_POINT('',(55.721619106535,9.677216859149,202.4));
#8009 = CARTESIAN_POINT('',(7.105427357601E-15,9.677216859149,202.4));
#8010 = CARTESIAN_POINT('',(-55.72161910653,9.677216859149,202.4));
#8011 = CARTESIAN_POINT('',(-57.68981110653,9.677216859149,202.4));
#8012 = DEFINITIONAL_REPRESENTATION('',(#8013),#8017);
#8013 = LINE('',#8014,#8015);
#8014 = CARTESIAN_POINT('',(107.50685421307,0.));
#8015 = VECTOR('',#8016,1.);
#8016 = DIRECTION('',(0.,1.));
#8017 = ( GEOMETRIC_REPRESENTATION_CONTEXT(2) 
PARAMETRIC_REPRESENTATION_CONTEXT() REPRESENTATION_CONTEXT('2D SPACE',''
  ) );
#8018 = ORIENTED_EDGE('',*,*,#8019,.F.);
#8019 = EDGE_CURVE('',#6151,#7980,#8020,.T.);
#8020 = SURFACE_CURVE('',#8021,(#8027,#8033),.PCURVE_S1.);
#8021 = B_SPLINE_CURVE_WITH_KNOTS('',2,(#8022,#8023,#8024,#8025,#8026),
  .UNSPECIFIED.,.F.,.F.,(3,1,1,3),(-1.221371405724,-7.570740572361E-02,
    31.275707405724,32.421371405724),.UNSPECIFIED.);
#8022 = CARTESIAN_POINT('',(47.753427275363,-16.82137140572,202.4));
#8023 = CARTESIAN_POINT('',(47.753427275363,-16.24853940572,202.4));
#8024 = CARTESIAN_POINT('',(47.753427275363,3.552713678801E-15,202.4));
#8025 = CARTESIAN_POINT('',(47.753427275363,16.248539405724,202.4));
#8026 = CARTESIAN_POINT('',(47.753427275363,16.821371405724,202.4));
#8027 = PCURVE('',#6168,#8028);
#8028 = DEFINITIONAL_REPRESENTATION('',(#8029),#8032);
#8029 = B_SPLINE_CURVE_WITH_KNOTS('',1,(#8030,#8031),.UNSPECIFIED.,.F.,
  .F.,(2,2),(-7.570740572361E-02,31.275707405724),
  .PIECEWISE_BEZIER_KNOTS.);
#8030 = CARTESIAN_POINT('',(97.294385462831,28.395871345739));
#8031 = CARTESIAN_POINT('',(106.05552745738,-1.706513968894));
#8032 = ( GEOMETRIC_REPRESENTATION_CONTEXT(2) 
PARAMETRIC_REPRESENTATION_CONTEXT() REPRESENTATION_CONTEXT('2D SPACE',''
  ) );
#8033 = PCURVE('',#7811,#8034);
#8034 = DEFINITIONAL_REPRESENTATION('',(#8035),#8039);
#8035 = LINE('',#8036,#8037);
#8036 = CARTESIAN_POINT('',(31.351414811447,0.));
#8037 = VECTOR('',#8038,1.);
#8038 = DIRECTION('',(0.,1.));
#8039 = ( GEOMETRIC_REPRESENTATION_CONTEXT(2) 
PARAMETRIC_REPRESENTATION_CONTEXT() REPRESENTATION_CONTEXT('2D SPACE',''
  ) );
#8040 = ADVANCED_FACE('',(#8041),#6461,.T.);
#8041 = FACE_BOUND('',#8042,.F.);
#8042 = EDGE_LOOP('',(#8043,#8044,#8045));
#8043 = ORIENTED_EDGE('',*,*,#6481,.F.);
#8044 = ORIENTED_EDGE('',*,*,#6725,.T.);
#8045 = ORIENTED_EDGE('',*,*,#6439,.F.);
#8046 = ADVANCED_FACE('',(#8047),#6889,.T.);
#8047 = FACE_BOUND('',#8048,.T.);
#8048 = EDGE_LOOP('',(#8049,#8098,#8119,#8120));
#8049 = ORIENTED_EDGE('',*,*,#8050,.F.);
#8050 = EDGE_CURVE('',#8051,#8053,#8055,.T.);
#8051 = VERTEX_POINT('',#8052);
#8052 = CARTESIAN_POINT('',(-32.,15.853886010363,222.));
#8053 = VERTEX_POINT('',#8054);
#8054 = CARTESIAN_POINT('',(-32.,16.268393782383,254.));
#8055 = SURFACE_CURVE('',#8056,(#8068,#8083),.PCURVE_S1.);
#8056 = B_SPLINE_CURVE_WITH_KNOTS('',4,(#8057,#8058,#8059,#8060,#8061,
    #8062,#8063,#8064,#8065,#8066,#8067),.UNSPECIFIED.,.F.,.F.,(5,3,3,5)
  ,(0.,0.499651965205,0.939759841411,1.),.UNSPECIFIED.);
#8057 = CARTESIAN_POINT('',(-32.,15.853886010363,222.));
#8058 = CARTESIAN_POINT('',(-32.,15.90566322446,225.99720092829));
#8059 = CARTESIAN_POINT('',(-32.,15.957440504018,229.99440691016));
#8060 = CARTESIAN_POINT('',(-32.,16.009217847791,233.99161784947));
#8061 = CARTESIAN_POINT('',(-32.,16.106602289321,241.5096967356));
#8062 = CARTESIAN_POINT('',(-32.,16.152209372955,245.03056359215));
#8063 = CARTESIAN_POINT('',(-32.,16.197816504663,248.55143415996));
#8064 = CARTESIAN_POINT('',(-32.,16.249666207012,252.55423118135));
#8065 = CARTESIAN_POINT('',(-32.,16.25590873125,253.03615405253));
#8066 = CARTESIAN_POINT('',(-32.,16.262151256378,253.51807699235));
#8067 = CARTESIAN_POINT('',(-32.,16.268393782383,254.));
#8068 = PCURVE('',#6889,#8069);
#8069 = DEFINITIONAL_REPRESENTATION('',(#8070),#8082);
#8070 = B_SPLINE_CURVE_WITH_KNOTS('',4,(#8071,#8072,#8073,#8074,#8075,
    #8076,#8077,#8078,#8079,#8080,#8081),.UNSPECIFIED.,.F.,.F.,(5,3,3,5)
  ,(0.,0.499651965205,0.939759841411,1.),.UNSPECIFIED.);
#8071 = CARTESIAN_POINT('',(3.,-3.853886010363));
#8072 = CARTESIAN_POINT('',(6.997200928295,-3.90566322446));
#8073 = CARTESIAN_POINT('',(10.99440691016,-3.957440504018));
#8074 = CARTESIAN_POINT('',(14.991617849471,-4.009217847791));
#8075 = CARTESIAN_POINT('',(22.509696735605,-4.106602289321));
#8076 = CARTESIAN_POINT('',(26.03056359215,-4.152209372955));
#8077 = CARTESIAN_POINT('',(29.551434159968,-4.197816504663));
#8078 = CARTESIAN_POINT('',(33.554231181353,-4.249666207012));
#8079 = CARTESIAN_POINT('',(34.036154052534,-4.25590873125));
#8080 = CARTESIAN_POINT('',(34.518076992353,-4.262151256378));
#8081 = CARTESIAN_POINT('',(35.,-4.268393782383));
#8082 = ( GEOMETRIC_REPRESENTATION_CONTEXT(2) 
PARAMETRIC_REPRESENTATION_CONTEXT() REPRESENTATION_CONTEXT('2D SPACE',''
  ) );
#8083 = PCURVE('',#7624,#8084);
#8084 = DEFINITIONAL_REPRESENTATION('',(#8085),#8097);
#8085 = B_SPLINE_CURVE_WITH_KNOTS('',4,(#8086,#8087,#8088,#8089,#8090,
    #8091,#8092,#8093,#8094,#8095,#8096),.UNSPECIFIED.,.F.,.F.,(5,3,3,5)
  ,(0.,0.499651965205,0.939759841411,1.),.UNSPECIFIED.);
#8086 = CARTESIAN_POINT('',(88.482521934531,0.253886010363));
#8087 = CARTESIAN_POINT('',(88.419589556624,0.30566322446));
#8088 = CARTESIAN_POINT('',(88.35697826915,0.357440504018));
#8089 = CARTESIAN_POINT('',(88.294684419528,0.409217847791));
#8090 = CARTESIAN_POINT('',(88.178110623719,0.506602289321));
#8091 = CARTESIAN_POINT('',(88.123760339072,0.552209372955));
#8092 = CARTESIAN_POINT('',(88.069651111242,0.597816504663));
#8093 = CARTESIAN_POINT('',(88.008406982486,0.649666207012));
#8094 = CARTESIAN_POINT('',(88.001037865194,0.65590873125));
#8095 = CARTESIAN_POINT('',(87.993673239781,0.662151256378));
#8096 = CARTESIAN_POINT('',(87.986313056907,0.668393782383));
#8097 = ( GEOMETRIC_REPRESENTATION_CONTEXT(2) 
PARAMETRIC_REPRESENTATION_CONTEXT() REPRESENTATION_CONTEXT('2D SPACE',''
  ) );
#8098 = ORIENTED_EDGE('',*,*,#8099,.T.);
#8099 = EDGE_CURVE('',#8051,#6856,#8100,.T.);
#8100 = SURFACE_CURVE('',#8101,(#8105,#8112),.PCURVE_S1.);
#8101 = LINE('',#8102,#8103);
#8102 = CARTESIAN_POINT('',(-32.,12.,222.));
#8103 = VECTOR('',#8104,1.);
#8104 = DIRECTION('',(0.,1.,0.));
#8105 = PCURVE('',#6889,#8106);
#8106 = DEFINITIONAL_REPRESENTATION('',(#8107),#8111);
#8107 = LINE('',#8108,#8109);
#8108 = CARTESIAN_POINT('',(3.,0.));
#8109 = VECTOR('',#8110,1.);
#8110 = DIRECTION('',(0.,-1.));
#8111 = ( GEOMETRIC_REPRESENTATION_CONTEXT(2) 
PARAMETRIC_REPRESENTATION_CONTEXT() REPRESENTATION_CONTEXT('2D SPACE',''
  ) );
#8112 = PCURVE('',#6965,#8113);
#8113 = DEFINITIONAL_REPRESENTATION('',(#8114),#8118);
#8114 = LINE('',#8115,#8116);
#8115 = CARTESIAN_POINT('',(-0.,0.));
#8116 = VECTOR('',#8117,1.);
#8117 = DIRECTION('',(-0.,1.));
#8118 = ( GEOMETRIC_REPRESENTATION_CONTEXT(2) 
PARAMETRIC_REPRESENTATION_CONTEXT() REPRESENTATION_CONTEXT('2D SPACE',''
  ) );
#8119 = ORIENTED_EDGE('',*,*,#6855,.T.);
#8120 = ORIENTED_EDGE('',*,*,#8121,.F.);
#8121 = EDGE_CURVE('',#8053,#6858,#8122,.T.);
#8122 = SURFACE_CURVE('',#8123,(#8127,#8134),.PCURVE_S1.);
#8123 = LINE('',#8124,#8125);
#8124 = CARTESIAN_POINT('',(-32.,12.,254.));
#8125 = VECTOR('',#8126,1.);
#8126 = DIRECTION('',(0.,1.,0.));
#8127 = PCURVE('',#6889,#8128);
#8128 = DEFINITIONAL_REPRESENTATION('',(#8129),#8133);
#8129 = LINE('',#8130,#8131);
#8130 = CARTESIAN_POINT('',(35.,0.));
#8131 = VECTOR('',#8132,1.);
#8132 = DIRECTION('',(0.,-1.));
#8133 = ( GEOMETRIC_REPRESENTATION_CONTEXT(2) 
PARAMETRIC_REPRESENTATION_CONTEXT() REPRESENTATION_CONTEXT('2D SPACE',''
  ) );
#8134 = PCURVE('',#7354,#8135);
#8135 = DEFINITIONAL_REPRESENTATION('',(#8136),#8140);
#8136 = LINE('',#8137,#8138);
#8137 = CARTESIAN_POINT('',(0.,0.));
#8138 = VECTOR('',#8139,1.);
#8139 = DIRECTION('',(0.,1.));
#8140 = ( GEOMETRIC_REPRESENTATION_CONTEXT(2) 
PARAMETRIC_REPRESENTATION_CONTEXT() REPRESENTATION_CONTEXT('2D SPACE',''
  ) );
#8141 = ADVANCED_FACE('',(#8142),#7354,.F.);
#8142 = FACE_BOUND('',#8143,.F.);
#8143 = EDGE_LOOP('',(#8144,#8187,#8208,#8209,#8210));
#8144 = ORIENTED_EDGE('',*,*,#8145,.F.);
#8145 = EDGE_CURVE('',#8146,#8148,#8150,.T.);
#8146 = VERTEX_POINT('',#8147);
#8147 = CARTESIAN_POINT('',(-29.,16.30725388601,257.));
#8148 = VERTEX_POINT('',#8149);
#8149 = CARTESIAN_POINT('',(-30.79489431483,16.299531357405,
    256.40382079169));
#8150 = SURFACE_CURVE('',#8151,(#8161,#8174),.PCURVE_S1.);
#8151 = B_SPLINE_CURVE_WITH_KNOTS('',8,(#8152,#8153,#8154,#8155,#8156,
    #8157,#8158,#8159,#8160),.UNSPECIFIED.,.F.,.F.,(9,9),(0.,1.),
  .PIECEWISE_BEZIER_KNOTS.);
#8152 = CARTESIAN_POINT('',(-29.,16.30725388601,257.));
#8153 = CARTESIAN_POINT('',(-29.23361704886,16.30725388601,257.));
#8154 = CARTESIAN_POINT('',(-29.46687964004,16.30698456799,
    256.97920864884));
#8155 = CARTESIAN_POINT('',(-29.69896244429,16.306447375626,
    256.93773739829));
#8156 = CARTESIAN_POINT('',(-29.92877925957,16.305638566735,
    256.87529735192));
#8157 = CARTESIAN_POINT('',(-30.15500728593,16.304552274278,
    256.79143557425));
#8158 = CARTESIAN_POINT('',(-30.37605855765,16.30318006205,
    256.68550079027));
#8159 = CARTESIAN_POINT('',(-30.59009691786,16.301512172454,
    256.55673971343));
#8160 = CARTESIAN_POINT('',(-30.79489431483,16.299531357405,
    256.40382079169));
#8161 = PCURVE('',#7354,#8162);
#8162 = DEFINITIONAL_REPRESENTATION('',(#8163),#8173);
#8163 = B_SPLINE_CURVE_WITH_KNOTS('',8,(#8164,#8165,#8166,#8167,#8168,
    #8169,#8170,#8171,#8172),.UNSPECIFIED.,.F.,.F.,(9,9),(0.,1.),
  .PIECEWISE_BEZIER_KNOTS.);
#8164 = CARTESIAN_POINT('',(1.570796326795,4.30725388601));
#8165 = CARTESIAN_POINT('',(1.492923977174,4.30725388601));
#8166 = CARTESIAN_POINT('',(1.415169679969,4.30698456799));
#8167 = CARTESIAN_POINT('',(1.337089750127,4.306447375626));
#8168 = CARTESIAN_POINT('',(1.258332833595,4.305638566735));
#8169 = CARTESIAN_POINT('',(1.17857400274,4.304552274278));
#8170 = CARTESIAN_POINT('',(1.097464530475,4.30318006205));
#8171 = CARTESIAN_POINT('',(1.014617510006,4.301512172454));
#8172 = CARTESIAN_POINT('',(0.929420893986,4.299531357405));
#8173 = ( GEOMETRIC_REPRESENTATION_CONTEXT(2) 
PARAMETRIC_REPRESENTATION_CONTEXT() REPRESENTATION_CONTEXT('2D SPACE',''
  ) );
#8174 = PCURVE('',#7624,#8175);
#8175 = DEFINITIONAL_REPRESENTATION('',(#8176),#8186);
#8176 = B_SPLINE_CURVE_WITH_KNOTS('',8,(#8177,#8178,#8179,#8180,#8181,
    #8182,#8183,#8184,#8185),.UNSPECIFIED.,.F.,.F.,(9,9),(0.,1.),
  .PIECEWISE_BEZIER_KNOTS.);
#8177 = CARTESIAN_POINT('',(84.908632673435,0.70725388601));
#8178 = CARTESIAN_POINT('',(85.144735993138,0.70725388601));
#8179 = CARTESIAN_POINT('',(85.380768038106,0.70698456799));
#8180 = CARTESIAN_POINT('',(85.615902401376,0.706447375626));
#8181 = CARTESIAN_POINT('',(85.8490544779,0.705638566735));
#8182 = CARTESIAN_POINT('',(86.07890290231,0.704552274278));
#8183 = CARTESIAN_POINT('',(86.303860923032,0.70318006205));
#8184 = CARTESIAN_POINT('',(86.52209164514,0.701512172454));
#8185 = CARTESIAN_POINT('',(86.731369143198,0.699531357405));
#8186 = ( GEOMETRIC_REPRESENTATION_CONTEXT(2) 
PARAMETRIC_REPRESENTATION_CONTEXT() REPRESENTATION_CONTEXT('2D SPACE',''
  ) );
#8187 = ORIENTED_EDGE('',*,*,#8188,.T.);
#8188 = EDGE_CURVE('',#8146,#7276,#8189,.T.);
#8189 = SURFACE_CURVE('',#8190,(#8194,#8201),.PCURVE_S1.);
#8190 = LINE('',#8191,#8192);
#8191 = CARTESIAN_POINT('',(-29.,12.,257.));
#8192 = VECTOR('',#8193,1.);
#8193 = DIRECTION('',(0.,1.,0.));
#8194 = PCURVE('',#7354,#8195);
#8195 = DEFINITIONAL_REPRESENTATION('',(#8196),#8200);
#8196 = LINE('',#8197,#8198);
#8197 = CARTESIAN_POINT('',(1.570796326795,0.));
#8198 = VECTOR('',#8199,1.);
#8199 = DIRECTION('',(0.,1.));
#8200 = ( GEOMETRIC_REPRESENTATION_CONTEXT(2) 
PARAMETRIC_REPRESENTATION_CONTEXT() REPRESENTATION_CONTEXT('2D SPACE',''
  ) );
#8201 = PCURVE('',#7289,#8202);
#8202 = DEFINITIONAL_REPRESENTATION('',(#8203),#8207);
#8203 = LINE('',#8204,#8205);
#8204 = CARTESIAN_POINT('',(3.,0.));
#8205 = VECTOR('',#8206,1.);
#8206 = DIRECTION('',(0.,1.));
#8207 = ( GEOMETRIC_REPRESENTATION_CONTEXT(2) 
PARAMETRIC_REPRESENTATION_CONTEXT() REPRESENTATION_CONTEXT('2D SPACE',''
  ) );
#8208 = ORIENTED_EDGE('',*,*,#7300,.T.);
#8209 = ORIENTED_EDGE('',*,*,#8121,.F.);
#8210 = ORIENTED_EDGE('',*,*,#8211,.F.);
#8211 = EDGE_CURVE('',#8148,#8053,#8212,.T.);
#8212 = SURFACE_CURVE('',#8213,(#8228,#8246),.PCURVE_S1.);
#8213 = B_SPLINE_CURVE_WITH_KNOTS('',7,(#8214,#8215,#8216,#8217,#8218,
    #8219,#8220,#8221,#8222,#8223,#8224,#8225,#8226,#8227),
  .UNSPECIFIED.,.F.,.F.,(8,6,8),(0.,0.690947229002,1.),.UNSPECIFIED.);
#8214 = CARTESIAN_POINT('',(-30.79489431483,16.299531357405,
    256.40382079169));
#8215 = CARTESIAN_POINT('',(-30.98762901992,16.297667213574,
    256.25990888793));
#8216 = CARTESIAN_POINT('',(-31.17160564586,16.295524026328,
    256.09445483249));
#8217 = CARTESIAN_POINT('',(-31.34507472548,16.293086867844,
    255.90630619752));
#8218 = CARTESIAN_POINT('',(-31.50474870735,16.29034333553,
    255.69450550288));
#8219 = CARTESIAN_POINT('',(-31.64631205918,16.287292835494,
    255.45900690013));
#8220 = CARTESIAN_POINT('',(-31.76452072592,16.283950092215,
    255.20094711897));
#8221 = CARTESIAN_POINT('',(-31.89434058959,16.278754598309,
    254.79985498946));
#8222 = CARTESIAN_POINT('',(-31.92871722443,16.27710112858,
    254.67220712635));
#8223 = CARTESIAN_POINT('',(-31.95685225849,16.275406380656,
    254.54137258668));
#8224 = CARTESIAN_POINT('',(-31.97831582213,16.273678208276,
    254.40795767891));
#8225 = CARTESIAN_POINT('',(-31.99276770068,16.271925890238,
    254.27267872639));
#8226 = CARTESIAN_POINT('',(-32.,16.270160245513,254.13637095361));
#8227 = CARTESIAN_POINT('',(-32.,16.268393782383,254.));
#8228 = PCURVE('',#7354,#8229);
#8229 = DEFINITIONAL_REPRESENTATION('',(#8230),#8245);
#8230 = B_SPLINE_CURVE_WITH_KNOTS('',7,(#8231,#8232,#8233,#8234,#8235,
    #8236,#8237,#8238,#8239,#8240,#8241,#8242,#8243,#8244),
  .UNSPECIFIED.,.F.,.F.,(8,6,8),(0.,0.690947229002,1.),.UNSPECIFIED.);
#8231 = CARTESIAN_POINT('',(0.929420893986,4.299531357405));
#8232 = CARTESIAN_POINT('',(0.849242410732,4.297667213574));
#8233 = CARTESIAN_POINT('',(0.76710638675,4.295524026328));
#8234 = CARTESIAN_POINT('',(0.682412148058,4.293086867844));
#8235 = CARTESIAN_POINT('',(0.594807221123,4.29034333553));
#8236 = CARTESIAN_POINT('',(0.504094094674,4.287292835494));
#8237 = CARTESIAN_POINT('',(0.410120893467,4.283950092215));
#8238 = CARTESIAN_POINT('',(0.269594860544,4.278754598309));
#8239 = CARTESIAN_POINT('',(0.225584613949,4.27710112858));
#8240 = CARTESIAN_POINT('',(0.181070446656,4.275406380656));
#8241 = CARTESIAN_POINT('',(0.136139409888,4.273678208276));
#8242 = CARTESIAN_POINT('',(9.089287116175E-02,4.271925890238));
#8243 = CARTESIAN_POINT('',(4.545698453688E-02,4.270160245513));
#8244 = CARTESIAN_POINT('',(0.,4.268393782383));
#8245 = ( GEOMETRIC_REPRESENTATION_CONTEXT(2) 
PARAMETRIC_REPRESENTATION_CONTEXT() REPRESENTATION_CONTEXT('2D SPACE',''
  ) );
#8246 = PCURVE('',#7624,#8247);
#8247 = DEFINITIONAL_REPRESENTATION('',(#8248),#8263);
#8248 = B_SPLINE_CURVE_WITH_KNOTS('',7,(#8249,#8250,#8251,#8252,#8253,
    #8254,#8255,#8256,#8257,#8258,#8259,#8260,#8261,#8262),
  .UNSPECIFIED.,.F.,.F.,(8,6,8),(0.,0.690947229002,1.),.UNSPECIFIED.);
#8249 = CARTESIAN_POINT('',(86.731369143198,0.699531357405));
#8250 = CARTESIAN_POINT('',(86.928320068686,0.697667213574));
#8251 = CARTESIAN_POINT('',(87.116764265865,0.695524026328));
#8252 = CARTESIAN_POINT('',(87.294956053204,0.693086867844));
#8253 = CARTESIAN_POINT('',(87.459590702081,0.69034333553));
#8254 = CARTESIAN_POINT('',(87.606307840981,0.687292835494));
#8255 = CARTESIAN_POINT('',(87.729782376965,0.683950092215));
#8256 = CARTESIAN_POINT('',(87.867204724436,0.678754598309));
#8257 = CARTESIAN_POINT('',(87.903925938785,0.67710112858));
#8258 = CARTESIAN_POINT('',(87.934386045502,0.675406380656));
#8259 = CARTESIAN_POINT('',(87.958139463304,0.673678208276));
#8260 = CARTESIAN_POINT('',(87.974829258334,0.671925890238));
#8261 = CARTESIAN_POINT('',(87.984230320107,0.670160245513));
#8262 = CARTESIAN_POINT('',(87.986313049383,0.668393782383));
#8263 = ( GEOMETRIC_REPRESENTATION_CONTEXT(2) 
PARAMETRIC_REPRESENTATION_CONTEXT() REPRESENTATION_CONTEXT('2D SPACE',''
  ) );
#8264 = ADVANCED_FACE('',(#8265),#7289,.F.);
#8265 = FACE_BOUND('',#8266,.F.);
#8266 = EDGE_LOOP('',(#8267,#8268,#8288,#8309));
#8267 = ORIENTED_EDGE('',*,*,#8188,.F.);
#8268 = ORIENTED_EDGE('',*,*,#8269,.T.);
#8269 = EDGE_CURVE('',#8146,#8270,#8272,.T.);
#8270 = VERTEX_POINT('',#8271);
#8271 = CARTESIAN_POINT('',(29.,16.30725388601,257.));
#8272 = SURFACE_CURVE('',#8273,(#8276,#8282),.PCURVE_S1.);
#8273 = B_SPLINE_CURVE_WITH_KNOTS('',1,(#8274,#8275),.UNSPECIFIED.,.F.,
  .F.,(2,2),(0.,1.),.PIECEWISE_BEZIER_KNOTS.);
#8274 = CARTESIAN_POINT('',(-29.,16.30725388601,257.));
#8275 = CARTESIAN_POINT('',(29.,16.30725388601,257.));
#8276 = PCURVE('',#7289,#8277);
#8277 = DEFINITIONAL_REPRESENTATION('',(#8278),#8281);
#8278 = B_SPLINE_CURVE_WITH_KNOTS('',1,(#8279,#8280),.UNSPECIFIED.,.F.,
  .F.,(2,2),(0.,1.),.PIECEWISE_BEZIER_KNOTS.);
#8279 = CARTESIAN_POINT('',(3.,4.30725388601));
#8280 = CARTESIAN_POINT('',(61.,4.30725388601));
#8281 = ( GEOMETRIC_REPRESENTATION_CONTEXT(2) 
PARAMETRIC_REPRESENTATION_CONTEXT() REPRESENTATION_CONTEXT('2D SPACE',''
  ) );
#8282 = PCURVE('',#7624,#8283);
#8283 = DEFINITIONAL_REPRESENTATION('',(#8284),#8287);
#8284 = B_SPLINE_CURVE_WITH_KNOTS('',1,(#8285,#8286),.UNSPECIFIED.,.F.,
  .F.,(2,2),(0.,1.),.PIECEWISE_BEZIER_KNOTS.);
#8285 = CARTESIAN_POINT('',(84.908632673435,0.70725388601));
#8286 = CARTESIAN_POINT('',(26.291367326565,0.70725388601));
#8287 = ( GEOMETRIC_REPRESENTATION_CONTEXT(2) 
PARAMETRIC_REPRESENTATION_CONTEXT() REPRESENTATION_CONTEXT('2D SPACE',''
  ) );
#8288 = ORIENTED_EDGE('',*,*,#8289,.T.);
#8289 = EDGE_CURVE('',#8270,#7238,#8290,.T.);
#8290 = SURFACE_CURVE('',#8291,(#8295,#8302),.PCURVE_S1.);
#8291 = LINE('',#8292,#8293);
#8292 = CARTESIAN_POINT('',(29.,12.,257.));
#8293 = VECTOR('',#8294,1.);
#8294 = DIRECTION('',(0.,1.,0.));
#8295 = PCURVE('',#7289,#8296);
#8296 = DEFINITIONAL_REPRESENTATION('',(#8297),#8301);
#8297 = LINE('',#8298,#8299);
#8298 = CARTESIAN_POINT('',(61.,0.));
#8299 = VECTOR('',#8300,1.);
#8300 = DIRECTION('',(0.,1.));
#8301 = ( GEOMETRIC_REPRESENTATION_CONTEXT(2) 
PARAMETRIC_REPRESENTATION_CONTEXT() REPRESENTATION_CONTEXT('2D SPACE',''
  ) );
#8302 = PCURVE('',#7214,#8303);
#8303 = DEFINITIONAL_REPRESENTATION('',(#8304),#8308);
#8304 = LINE('',#8305,#8306);
#8305 = CARTESIAN_POINT('',(-1.570796326795,0.));
#8306 = VECTOR('',#8307,1.);
#8307 = DIRECTION('',(-0.,1.));
#8308 = ( GEOMETRIC_REPRESENTATION_CONTEXT(2) 
PARAMETRIC_REPRESENTATION_CONTEXT() REPRESENTATION_CONTEXT('2D SPACE',''
  ) );
#8309 = ORIENTED_EDGE('',*,*,#7275,.F.);
#8310 = ADVANCED_FACE('',(#8311),#7214,.F.);
#8311 = FACE_BOUND('',#8312,.T.);
#8312 = EDGE_LOOP('',(#8313,#8342,#8343,#8344,#8345,#8368));
#8313 = ORIENTED_EDGE('',*,*,#8314,.T.);
#8314 = EDGE_CURVE('',#8315,#8270,#8317,.T.);
#8315 = VERTEX_POINT('',#8316);
#8316 = CARTESIAN_POINT('',(29.688393397632,16.306216983391,
    256.91995111775));
#8317 = SURFACE_CURVE('',#8318,(#8324,#8333),.PCURVE_S1.);
#8318 = B_SPLINE_CURVE_WITH_KNOTS('',4,(#8319,#8320,#8321,#8322,#8323),
  .UNSPECIFIED.,.F.,.F.,(5,5),(0.,1.),.PIECEWISE_BEZIER_KNOTS.);
#8319 = CARTESIAN_POINT('',(29.688393397632,16.306216983391,
    256.91995111775));
#8320 = CARTESIAN_POINT('',(29.518069169537,16.30673712338,
    256.96010592492));
#8321 = CARTESIAN_POINT('',(29.345991160621,16.307081500011,
    256.98669180084));
#8322 = CARTESIAN_POINT('',(29.173041823792,16.30725388601,257.));
#8323 = CARTESIAN_POINT('',(29.,16.30725388601,257.));
#8324 = PCURVE('',#7214,#8325);
#8325 = DEFINITIONAL_REPRESENTATION('',(#8326),#8332);
#8326 = B_SPLINE_CURVE_WITH_KNOTS('',4,(#8327,#8328,#8329,#8330,#8331),
  .UNSPECIFIED.,.F.,.F.,(5,5),(0.,1.),.PIECEWISE_BEZIER_KNOTS.);
#8327 = CARTESIAN_POINT('',(-1.339268895152,4.306216983391));
#8328 = CARTESIAN_POINT('',(-1.397600086746,4.30673712338));
#8329 = CARTESIAN_POINT('',(-1.455464179533,4.307081500011));
#8330 = CARTESIAN_POINT('',(-1.513115718864,4.30725388601));
#8331 = CARTESIAN_POINT('',(-1.570796326795,4.30725388601));
#8332 = ( GEOMETRIC_REPRESENTATION_CONTEXT(2) 
PARAMETRIC_REPRESENTATION_CONTEXT() REPRESENTATION_CONTEXT('2D SPACE',''
  ) );
#8333 = PCURVE('',#7624,#8334);
#8334 = DEFINITIONAL_REPRESENTATION('',(#8335),#8341);
#8335 = B_SPLINE_CURVE_WITH_KNOTS('',4,(#8336,#8337,#8338,#8339,#8340),
  .UNSPECIFIED.,.F.,.F.,(5,5),(0.,1.),.PIECEWISE_BEZIER_KNOTS.);
#8336 = CARTESIAN_POINT('',(25.594516623186,0.706216983391));
#8337 = CARTESIAN_POINT('',(25.767227417829,0.70673712338));
#8338 = CARTESIAN_POINT('',(25.941510279713,0.707081500011));
#8339 = CARTESIAN_POINT('',(26.116483904129,0.70725388601));
#8340 = CARTESIAN_POINT('',(26.291367326565,0.70725388601));
#8341 = ( GEOMETRIC_REPRESENTATION_CONTEXT(2) 
PARAMETRIC_REPRESENTATION_CONTEXT() REPRESENTATION_CONTEXT('2D SPACE',''
  ) );
#8342 = ORIENTED_EDGE('',*,*,#8289,.T.);
#8343 = ORIENTED_EDGE('',*,*,#7237,.F.);
#8344 = ORIENTED_EDGE('',*,*,#7176,.F.);
#8345 = ORIENTED_EDGE('',*,*,#8346,.F.);
#8346 = EDGE_CURVE('',#8347,#7125,#8349,.T.);
#8347 = VERTEX_POINT('',#8348);
#8348 = CARTESIAN_POINT('',(32.,16.268393782383,254.));
#8349 = SURFACE_CURVE('',#8350,(#8354,#8361),.PCURVE_S1.);
#8350 = LINE('',#8351,#8352);
#8351 = CARTESIAN_POINT('',(32.,12.,254.));
#8352 = VECTOR('',#8353,1.);
#8353 = DIRECTION('',(0.,1.,0.));
#8354 = PCURVE('',#7214,#8355);
#8355 = DEFINITIONAL_REPRESENTATION('',(#8356),#8360);
#8356 = LINE('',#8357,#8358);
#8357 = CARTESIAN_POINT('',(-0.,0.));
#8358 = VECTOR('',#8359,1.);
#8359 = DIRECTION('',(-0.,1.));
#8360 = ( GEOMETRIC_REPRESENTATION_CONTEXT(2) 
PARAMETRIC_REPRESENTATION_CONTEXT() REPRESENTATION_CONTEXT('2D SPACE',''
  ) );
#8361 = PCURVE('',#7156,#8362);
#8362 = DEFINITIONAL_REPRESENTATION('',(#8363),#8367);
#8363 = LINE('',#8364,#8365);
#8364 = CARTESIAN_POINT('',(35.,0.));
#8365 = VECTOR('',#8366,1.);
#8366 = DIRECTION('',(0.,-1.));
#8367 = ( GEOMETRIC_REPRESENTATION_CONTEXT(2) 
PARAMETRIC_REPRESENTATION_CONTEXT() REPRESENTATION_CONTEXT('2D SPACE',''
  ) );
#8368 = ORIENTED_EDGE('',*,*,#8369,.T.);
#8369 = EDGE_CURVE('',#8347,#8315,#8370,.T.);
#8370 = SURFACE_CURVE('',#8371,(#8388,#8408),.PCURVE_S1.);
#8371 = B_SPLINE_CURVE_WITH_KNOTS('',8,(#8372,#8373,#8374,#8375,#8376,
    #8377,#8378,#8379,#8380,#8381,#8382,#8383,#8384,#8385,#8386,#8387),
  .UNSPECIFIED.,.F.,.F.,(9,7,9),(0.,0.365285406331,1.),.UNSPECIFIED.);
#8372 = CARTESIAN_POINT('',(32.,16.268393782383,254.));
#8373 = CARTESIAN_POINT('',(32.,16.271188631284,254.2157623351));
#8374 = CARTESIAN_POINT('',(31.982264739686,16.273981091319,
    254.43134024981));
#8375 = CARTESIAN_POINT('',(31.946851388768,16.276722983448,
    254.64301432217));
#8376 = CARTESIAN_POINT('',(31.894925999538,16.279378342441,
    254.84800803641));
#8377 = CARTESIAN_POINT('',(31.828135395517,16.28192051461,
    255.04426372791));
#8378 = CARTESIAN_POINT('',(31.748330051803,16.284330644936,
    255.23032578905));
#8379 = CARTESIAN_POINT('',(31.657430803137,16.286596762402,
    255.40527005742));
#8380 = CARTESIAN_POINT('',(31.383128611768,16.292389246689,
    255.85244984438));
#8381 = CARTESIAN_POINT('',(31.181111313546,16.295608967061,
    256.10101225712));
#8382 = CARTESIAN_POINT('',(30.958388239516,16.298389340781,
    256.31565710826));
#8383 = CARTESIAN_POINT('',(30.720408913634,16.300739761831,
    256.49710961337));
#8384 = CARTESIAN_POINT('',(30.471737625761,16.302679887184,
    256.64688729057));
#8385 = CARTESIAN_POINT('',(30.215641372605,16.304228495359,
    256.76643984175));
#8386 = CARTESIAN_POINT('',(29.954283031581,16.305405003598,
    256.85726627779));
#8387 = CARTESIAN_POINT('',(29.688393397632,16.306216983391,
    256.91995111775));
#8388 = PCURVE('',#7214,#8389);
#8389 = DEFINITIONAL_REPRESENTATION('',(#8390),#8407);
#8390 = B_SPLINE_CURVE_WITH_KNOTS('',8,(#8391,#8392,#8393,#8394,#8395,
    #8396,#8397,#8398,#8399,#8400,#8401,#8402,#8403,#8404,#8405,#8406),
  .UNSPECIFIED.,.F.,.F.,(9,7,9),(0.,0.365285406331,1.),.UNSPECIFIED.);
#8391 = CARTESIAN_POINT('',(0.,4.268393782383));
#8392 = CARTESIAN_POINT('',(-7.19207783698E-02,4.271188631284));
#8393 = CARTESIAN_POINT('',(-0.143779868467,4.273981091319));
#8394 = CARTESIAN_POINT('',(-0.214905750332,4.276722983448));
#8395 = CARTESIAN_POINT('',(-0.284931558914,4.279378342441));
#8396 = CARTESIAN_POINT('',(-0.35361697173,4.28192051461));
#8397 = CARTESIAN_POINT('',(-0.420789321516,4.284330644936));
#8398 = CARTESIAN_POINT('',(-0.486340678991,4.286596762402));
#8399 = CARTESIAN_POINT('',(-0.66120934528,4.292389246689));
#8400 = CARTESIAN_POINT('',(-0.767045372356,4.295608967061));
#8401 = CARTESIAN_POINT('',(-0.868932774756,4.298389340781));
#8402 = CARTESIAN_POINT('',(-0.967417452299,4.300739761831));
#8403 = CARTESIAN_POINT('',(-1.063088233404,4.302679887184));
#8404 = CARTESIAN_POINT('',(-1.156466535559,4.304228495359));
#8405 = CARTESIAN_POINT('',(-1.248209276951,4.305405003598));
#8406 = CARTESIAN_POINT('',(-1.339268895152,4.306216983391));
#8407 = ( GEOMETRIC_REPRESENTATION_CONTEXT(2) 
PARAMETRIC_REPRESENTATION_CONTEXT() REPRESENTATION_CONTEXT('2D SPACE',''
  ) );
#8408 = PCURVE('',#7624,#8409);
#8409 = DEFINITIONAL_REPRESENTATION('',(#8410),#8427);
#8410 = B_SPLINE_CURVE_WITH_KNOTS('',8,(#8411,#8412,#8413,#8414,#8415,
    #8416,#8417,#8418,#8419,#8420,#8421,#8422,#8423,#8424,#8425,#8426),
  .UNSPECIFIED.,.F.,.F.,(9,7,9),(0.,0.365285406331,1.),.UNSPECIFIED.);
#8411 = CARTESIAN_POINT('',(23.213686950617,0.668393782383));
#8412 = CARTESIAN_POINT('',(23.21698218703,0.671188631284));
#8413 = CARTESIAN_POINT('',(23.238223206823,0.673981091319));
#8414 = CARTESIAN_POINT('',(23.277288037022,0.676722983448));
#8415 = CARTESIAN_POINT('',(23.332946988557,0.679378342441));
#8416 = CARTESIAN_POINT('',(23.4034968787,0.68192051461));
#8417 = CARTESIAN_POINT('',(23.487040091493,0.684330644936));
#8418 = CARTESIAN_POINT('',(23.581617938199,0.686596762402));
#8419 = CARTESIAN_POINT('',(23.865751494655,0.692389246689));
#8420 = CARTESIAN_POINT('',(24.073739459103,0.695608967061));
#8421 = CARTESIAN_POINT('',(24.302099664629,0.698389340781));
#8422 = CARTESIAN_POINT('',(24.54533957493,0.700739761831));
#8423 = CARTESIAN_POINT('',(24.798878948869,0.702679887184));
#8424 = CARTESIAN_POINT('',(25.059449962929,0.704228495359));
#8425 = CARTESIAN_POINT('',(25.324901369499,0.705405003598));
#8426 = CARTESIAN_POINT('',(25.594516623186,0.706216983391));
#8427 = ( GEOMETRIC_REPRESENTATION_CONTEXT(2) 
PARAMETRIC_REPRESENTATION_CONTEXT() REPRESENTATION_CONTEXT('2D SPACE',''
  ) );
#8428 = ADVANCED_FACE('',(#8429),#7156,.F.);
#8429 = FACE_BOUND('',#8430,.F.);
#8430 = EDGE_LOOP('',(#8431,#8478,#8499,#8500));
#8431 = ORIENTED_EDGE('',*,*,#8432,.F.);
#8432 = EDGE_CURVE('',#8433,#8347,#8435,.T.);
#8433 = VERTEX_POINT('',#8434);
#8434 = CARTESIAN_POINT('',(32.,15.853886010363,222.));
#8435 = SURFACE_CURVE('',#8436,(#8448,#8463),.PCURVE_S1.);
#8436 = B_SPLINE_CURVE_WITH_KNOTS('',4,(#8437,#8438,#8439,#8440,#8441,
    #8442,#8443,#8444,#8445,#8446,#8447),.UNSPECIFIED.,.F.,.F.,(5,3,3,5)
  ,(0.,0.499651965205,0.93975984141,1.),.UNSPECIFIED.);
#8437 = CARTESIAN_POINT('',(32.,15.853886010363,222.));
#8438 = CARTESIAN_POINT('',(32.,15.90566322446,225.99720092828));
#8439 = CARTESIAN_POINT('',(32.,15.957440504017,229.99440691015));
#8440 = CARTESIAN_POINT('',(32.,16.009217847791,233.99161784945));
#8441 = CARTESIAN_POINT('',(32.,16.106602289321,241.50969673558));
#8442 = CARTESIAN_POINT('',(32.,16.152209372955,245.03056359212));
#8443 = CARTESIAN_POINT('',(32.,16.197816504663,248.55143415994));
#8444 = CARTESIAN_POINT('',(32.,16.249666207012,252.55423118133));
#8445 = CARTESIAN_POINT('',(32.,16.25590873125,253.03615405252));
#8446 = CARTESIAN_POINT('',(32.,16.262151256378,253.51807699234));
#8447 = CARTESIAN_POINT('',(32.,16.268393782383,254.));
#8448 = PCURVE('',#7156,#8449);
#8449 = DEFINITIONAL_REPRESENTATION('',(#8450),#8462);
#8450 = B_SPLINE_CURVE_WITH_KNOTS('',4,(#8451,#8452,#8453,#8454,#8455,
    #8456,#8457,#8458,#8459,#8460,#8461),.UNSPECIFIED.,.F.,.F.,(5,3,3,5)
  ,(0.,0.499651965205,0.93975984141,1.),.UNSPECIFIED.);
#8451 = CARTESIAN_POINT('',(3.,-3.853886010363));
#8452 = CARTESIAN_POINT('',(6.997200928289,-3.90566322446));
#8453 = CARTESIAN_POINT('',(10.994406910149,-3.957440504017));
#8454 = CARTESIAN_POINT('',(14.991617849455,-4.009217847791));
#8455 = CARTESIAN_POINT('',(22.509696735583,-4.106602289321));
#8456 = CARTESIAN_POINT('',(26.030563592129,-4.152209372955));
#8457 = CARTESIAN_POINT('',(29.551434159946,-4.197816504663));
#8458 = CARTESIAN_POINT('',(33.554231181336,-4.249666207012));
#8459 = CARTESIAN_POINT('',(34.036154052523,-4.25590873125));
#8460 = CARTESIAN_POINT('',(34.518076992347,-4.262151256378));
#8461 = CARTESIAN_POINT('',(35.,-4.268393782383));
#8462 = ( GEOMETRIC_REPRESENTATION_CONTEXT(2) 
PARAMETRIC_REPRESENTATION_CONTEXT() REPRESENTATION_CONTEXT('2D SPACE',''
  ) );
#8463 = PCURVE('',#7624,#8464);
#8464 = DEFINITIONAL_REPRESENTATION('',(#8465),#8477);
#8465 = B_SPLINE_CURVE_WITH_KNOTS('',4,(#8466,#8467,#8468,#8469,#8470,
    #8471,#8472,#8473,#8474,#8475,#8476),.UNSPECIFIED.,.F.,.F.,(5,3,3,5)
  ,(0.,0.499651965205,0.93975984141,1.),.UNSPECIFIED.);
#8466 = CARTESIAN_POINT('',(22.717478065469,0.253886010363));
#8467 = CARTESIAN_POINT('',(22.780410443376,0.30566322446));
#8468 = CARTESIAN_POINT('',(22.843021730849,0.357440504017));
#8469 = CARTESIAN_POINT('',(22.905315580472,0.409217847791));
#8470 = CARTESIAN_POINT('',(23.021889376281,0.506602289321));
#8471 = CARTESIAN_POINT('',(23.076239660927,0.552209372955));
#8472 = CARTESIAN_POINT('',(23.130348888758,0.597816504663));
#8473 = CARTESIAN_POINT('',(23.191593017513,0.649666207012));
#8474 = CARTESIAN_POINT('',(23.198962134806,0.65590873125));
#8475 = CARTESIAN_POINT('',(23.206326760219,0.662151256378));
#8476 = CARTESIAN_POINT('',(23.213686943093,0.668393782383));
#8477 = ( GEOMETRIC_REPRESENTATION_CONTEXT(2) 
PARAMETRIC_REPRESENTATION_CONTEXT() REPRESENTATION_CONTEXT('2D SPACE',''
  ) );
#8478 = ORIENTED_EDGE('',*,*,#8479,.T.);
#8479 = EDGE_CURVE('',#8433,#7063,#8480,.T.);
#8480 = SURFACE_CURVE('',#8481,(#8485,#8492),.PCURVE_S1.);
#8481 = LINE('',#8482,#8483);
#8482 = CARTESIAN_POINT('',(32.,12.,222.));
#8483 = VECTOR('',#8484,1.);
#8484 = DIRECTION('',(0.,1.,0.));
#8485 = PCURVE('',#7156,#8486);
#8486 = DEFINITIONAL_REPRESENTATION('',(#8487),#8491);
#8487 = LINE('',#8488,#8489);
#8488 = CARTESIAN_POINT('',(3.,0.));
#8489 = VECTOR('',#8490,1.);
#8490 = DIRECTION('',(0.,-1.));
#8491 = ( GEOMETRIC_REPRESENTATION_CONTEXT(2) 
PARAMETRIC_REPRESENTATION_CONTEXT() REPRESENTATION_CONTEXT('2D SPACE',''
  ) );
#8492 = PCURVE('',#7046,#8493);
#8493 = DEFINITIONAL_REPRESENTATION('',(#8494),#8498);
#8494 = LINE('',#8495,#8496);
#8495 = CARTESIAN_POINT('',(0.,0.));
#8496 = VECTOR('',#8497,1.);
#8497 = DIRECTION('',(0.,1.));
#8498 = ( GEOMETRIC_REPRESENTATION_CONTEXT(2) 
PARAMETRIC_REPRESENTATION_CONTEXT() REPRESENTATION_CONTEXT('2D SPACE',''
  ) );
#8499 = ORIENTED_EDGE('',*,*,#7124,.T.);
#8500 = ORIENTED_EDGE('',*,*,#8346,.F.);
#8501 = ADVANCED_FACE('',(#8502),#7046,.F.);
#8502 = FACE_BOUND('',#8503,.F.);
#8503 = EDGE_LOOP('',(#8504,#8544,#8565,#8566,#8567,#8568));
#8504 = ORIENTED_EDGE('',*,*,#8505,.F.);
#8505 = EDGE_CURVE('',#8506,#8508,#8510,.T.);
#8506 = VERTEX_POINT('',#8507);
#8507 = CARTESIAN_POINT('',(29.,15.815025906736,219.));
#8508 = VERTEX_POINT('',#8509);
#8509 = CARTESIAN_POINT('',(30.669108927783,15.821595793743,
    219.50719527696));
#8510 = SURFACE_CURVE('',#8511,(#8520,#8532),.PCURVE_S1.);
#8511 = B_SPLINE_CURVE_WITH_KNOTS('',7,(#8512,#8513,#8514,#8515,#8516,
    #8517,#8518,#8519),.UNSPECIFIED.,.F.,.F.,(8,8),(0.,1.),
  .PIECEWISE_BEZIER_KNOTS.);
#8512 = CARTESIAN_POINT('',(29.,15.815025906736,219.));
#8513 = CARTESIAN_POINT('',(29.245597682604,15.815025906736,219.));
#8514 = CARTESIAN_POINT('',(29.491156111725,15.815329742745,
    219.02345613989));
#8515 = CARTESIAN_POINT('',(29.735630421002,15.815937328633,
    219.07036177044));
#8516 = CARTESIAN_POINT('',(29.977623640953,15.816855390586,
    219.14123615325));
#8517 = CARTESIAN_POINT('',(30.21536303129,15.818094524101,
    219.23689726059));
#8518 = CARTESIAN_POINT('',(30.446737228508,15.819667120588,
    219.35830170936));
#8519 = CARTESIAN_POINT('',(30.669108927783,15.821595793743,
    219.50719527696));
#8520 = PCURVE('',#7046,#8521);
#8521 = DEFINITIONAL_REPRESENTATION('',(#8522),#8531);
#8522 = B_SPLINE_CURVE_WITH_KNOTS('',7,(#8523,#8524,#8525,#8526,#8527,
    #8528,#8529,#8530),.UNSPECIFIED.,.F.,.F.,(8,8),(0.,1.),
  .PIECEWISE_BEZIER_KNOTS.);
#8523 = CARTESIAN_POINT('',(1.570796326795,3.815025906736));
#8524 = CARTESIAN_POINT('',(1.488930432594,3.815025906736));
#8525 = CARTESIAN_POINT('',(1.407077874775,3.815329742745));
#8526 = CARTESIAN_POINT('',(1.324689024819,3.815937328633));
#8527 = CARTESIAN_POINT('',(1.241340417906,3.816855390586));
#8528 = CARTESIAN_POINT('',(1.15659243281,3.818094524101));
#8529 = CARTESIAN_POINT('',(1.069991376156,3.819667120588));
#8530 = CARTESIAN_POINT('',(0.980785953357,3.821595793743));
#8531 = ( GEOMETRIC_REPRESENTATION_CONTEXT(2) 
PARAMETRIC_REPRESENTATION_CONTEXT() REPRESENTATION_CONTEXT('2D SPACE',''
  ) );
#8532 = PCURVE('',#7624,#8533);
#8533 = DEFINITIONAL_REPRESENTATION('',(#8534),#8543);
#8534 = B_SPLINE_CURVE_WITH_KNOTS('',7,(#8535,#8536,#8537,#8538,#8539,
    #8540,#8541,#8542),.UNSPECIFIED.,.F.,.F.,(8,8),(0.,1.),
  .PIECEWISE_BEZIER_KNOTS.);
#8535 = CARTESIAN_POINT('',(25.757348625789,0.215025906736));
#8536 = CARTESIAN_POINT('',(25.50461462509,0.215025906736));
#8537 = CARTESIAN_POINT('',(25.252256656107,0.215329742745));
#8538 = CARTESIAN_POINT('',(25.001361792618,0.215937328633));
#8539 = CARTESIAN_POINT('',(24.753386891329,0.216855390586));
#8540 = CARTESIAN_POINT('',(24.51018008799,0.218094524101));
#8541 = CARTESIAN_POINT('',(24.273939317294,0.219667120588));
#8542 = CARTESIAN_POINT('',(24.047413887014,0.221595793743));
#8543 = ( GEOMETRIC_REPRESENTATION_CONTEXT(2) 
PARAMETRIC_REPRESENTATION_CONTEXT() REPRESENTATION_CONTEXT('2D SPACE',''
  ) );
#8544 = ORIENTED_EDGE('',*,*,#8545,.T.);
#8545 = EDGE_CURVE('',#8506,#6998,#8546,.T.);
#8546 = SURFACE_CURVE('',#8547,(#8551,#8558),.PCURVE_S1.);
#8547 = LINE('',#8548,#8549);
#8548 = CARTESIAN_POINT('',(29.,12.,219.));
#8549 = VECTOR('',#8550,1.);
#8550 = DIRECTION('',(0.,1.,0.));
#8551 = PCURVE('',#7046,#8552);
#8552 = DEFINITIONAL_REPRESENTATION('',(#8553),#8557);
#8553 = LINE('',#8554,#8555);
#8554 = CARTESIAN_POINT('',(1.570796326795,0.));
#8555 = VECTOR('',#8556,1.);
#8556 = DIRECTION('',(0.,1.));
#8557 = ( GEOMETRIC_REPRESENTATION_CONTEXT(2) 
PARAMETRIC_REPRESENTATION_CONTEXT() REPRESENTATION_CONTEXT('2D SPACE',''
  ) );
#8558 = PCURVE('',#7011,#8559);
#8559 = DEFINITIONAL_REPRESENTATION('',(#8560),#8564);
#8560 = LINE('',#8561,#8562);
#8561 = CARTESIAN_POINT('',(61.,0.));
#8562 = VECTOR('',#8563,1.);
#8563 = DIRECTION('',(0.,1.));
#8564 = ( GEOMETRIC_REPRESENTATION_CONTEXT(2) 
PARAMETRIC_REPRESENTATION_CONTEXT() REPRESENTATION_CONTEXT('2D SPACE',''
  ) );
#8565 = ORIENTED_EDGE('',*,*,#7022,.T.);
#8566 = ORIENTED_EDGE('',*,*,#7062,.T.);
#8567 = ORIENTED_EDGE('',*,*,#8479,.F.);
#8568 = ORIENTED_EDGE('',*,*,#8569,.F.);
#8569 = EDGE_CURVE('',#8508,#8433,#8570,.T.);
#8570 = SURFACE_CURVE('',#8571,(#8586,#8604),.PCURVE_S1.);
#8571 = B_SPLINE_CURVE_WITH_KNOTS('',7,(#8572,#8573,#8574,#8575,#8576,
    #8577,#8578,#8579,#8580,#8581,#8582,#8583,#8584,#8585),
  .UNSPECIFIED.,.F.,.F.,(8,6,8),(0.,0.680148413824,1.),.UNSPECIFIED.);
#8572 = CARTESIAN_POINT('',(30.669108927783,15.821595793743,
    219.50719527696));
#8573 = CARTESIAN_POINT('',(30.874783174797,15.823379646636,
    219.64490872027));
#8574 = CARTESIAN_POINT('',(31.072297930783,15.825464170362,
    219.80583395195));
#8575 = CARTESIAN_POINT('',(31.259976500097,15.827867840111,
    219.99139725653));
#8576 = CARTESIAN_POINT('',(31.434317157358,15.83060819993,
    220.20295303462));
#8577 = CARTESIAN_POINT('',(31.590552070976,15.833690457219,
    220.44090329727));
#8578 = CARTESIAN_POINT('',(31.722736174375,15.837103355033,
    220.70437900854));
#8579 = CARTESIAN_POINT('',(31.87283331059,15.842540469504,
    221.1241242457));
#8580 = CARTESIAN_POINT('',(31.914131294066,15.844340583654,
    221.26309305806));
#8581 = CARTESIAN_POINT('',(31.948018516188,15.846193149325,
    221.4061111279));
#8582 = CARTESIAN_POINT('',(31.973899017547,15.848087642368,
    221.55236599077));
#8583 = CARTESIAN_POINT('',(31.99131266916,15.850011504004,
    221.70088810913));
#8584 = CARTESIAN_POINT('',(32.,15.851949995423,221.85053964662));
#8585 = CARTESIAN_POINT('',(32.,15.853886010363,222.));
#8586 = PCURVE('',#7046,#8587);
#8587 = DEFINITIONAL_REPRESENTATION('',(#8588),#8603);
#8588 = B_SPLINE_CURVE_WITH_KNOTS('',7,(#8589,#8590,#8591,#8592,#8593,
    #8594,#8595,#8596,#8597,#8598,#8599,#8600,#8601,#8602),
  .UNSPECIFIED.,.F.,.F.,(8,6,8),(0.,0.680148413824,1.),.UNSPECIFIED.);
#8589 = CARTESIAN_POINT('',(0.980785953357,3.821595793743));
#8590 = CARTESIAN_POINT('',(0.898278789794,3.823379646636));
#8591 = CARTESIAN_POINT('',(0.813726212985,3.825464170362));
#8592 = CARTESIAN_POINT('',(0.726415194808,3.827867840111));
#8593 = CARTESIAN_POINT('',(0.635927344034,3.83060819993));
#8594 = CARTESIAN_POINT('',(0.542018198248,3.833690457219));
#8595 = CARTESIAN_POINT('',(0.444485719857,3.837103355033));
#8596 = CARTESIAN_POINT('',(0.295894104115,3.842540469504));
#8597 = CARTESIAN_POINT('',(0.247640972692,3.844340583654));
#8598 = CARTESIAN_POINT('',(0.198772961459,3.846193149325));
#8599 = CARTESIAN_POINT('',(0.149413477923,3.848087642368));
#8600 = CARTESIAN_POINT('',(9.970390317376E-02,3.850011504004));
#8601 = CARTESIAN_POINT('',(4.982011779205E-02,3.851949995423));
#8602 = CARTESIAN_POINT('',(0.,3.853886010363));
#8603 = ( GEOMETRIC_REPRESENTATION_CONTEXT(2) 
PARAMETRIC_REPRESENTATION_CONTEXT() REPRESENTATION_CONTEXT('2D SPACE',''
  ) );
#8604 = PCURVE('',#7624,#8605);
#8605 = DEFINITIONAL_REPRESENTATION('',(#8606),#8621);
#8606 = B_SPLINE_CURVE_WITH_KNOTS('',7,(#8607,#8608,#8609,#8610,#8611,
    #8612,#8613,#8614,#8615,#8616,#8617,#8618,#8619,#8620),
  .UNSPECIFIED.,.F.,.F.,(8,6,8),(0.,0.680148413824,1.),.UNSPECIFIED.);
#8607 = CARTESIAN_POINT('',(24.047413887014,0.221595793743));
#8608 = CARTESIAN_POINT('',(23.837897804463,0.223379646636));
#8609 = CARTESIAN_POINT('',(23.637159616552,0.225464170362));
#8610 = CARTESIAN_POINT('',(23.44695328762,0.227867840111));
#8611 = CARTESIAN_POINT('',(23.270908094079,0.23060819993));
#8612 = CARTESIAN_POINT('',(23.113938438695,0.233690457219));
#8613 = CARTESIAN_POINT('',(22.982140547861,0.237103355033));
#8614 = CARTESIAN_POINT('',(22.834407979938,0.242540469504));
#8615 = CARTESIAN_POINT('',(22.794135673605,0.244340583654));
#8616 = CARTESIAN_POINT('',(22.76155130874,0.246193149325));
#8617 = CARTESIAN_POINT('',(22.73725279089,0.248087642368));
#8618 = CARTESIAN_POINT('',(22.721695343814,0.250011504004));
#8619 = CARTESIAN_POINT('',(22.715124950517,0.251949995423));
#8620 = CARTESIAN_POINT('',(22.717478071015,0.253886010363));
#8621 = ( GEOMETRIC_REPRESENTATION_CONTEXT(2) 
PARAMETRIC_REPRESENTATION_CONTEXT() REPRESENTATION_CONTEXT('2D SPACE',''
  ) );
#8622 = ADVANCED_FACE('',(#8623),#7011,.T.);
#8623 = FACE_BOUND('',#8624,.T.);
#8624 = EDGE_LOOP('',(#8625,#8648,#8666,#8667));
#8625 = ORIENTED_EDGE('',*,*,#8626,.F.);
#8626 = EDGE_CURVE('',#8627,#6910,#8629,.T.);
#8627 = VERTEX_POINT('',#8628);
#8628 = CARTESIAN_POINT('',(-29.,15.815025906736,219.));
#8629 = SURFACE_CURVE('',#8630,(#8634,#8641),.PCURVE_S1.);
#8630 = LINE('',#8631,#8632);
#8631 = CARTESIAN_POINT('',(-29.,12.,219.));
#8632 = VECTOR('',#8633,1.);
#8633 = DIRECTION('',(0.,1.,0.));
#8634 = PCURVE('',#7011,#8635);
#8635 = DEFINITIONAL_REPRESENTATION('',(#8636),#8640);
#8636 = LINE('',#8637,#8638);
#8637 = CARTESIAN_POINT('',(3.,0.));
#8638 = VECTOR('',#8639,1.);
#8639 = DIRECTION('',(0.,1.));
#8640 = ( GEOMETRIC_REPRESENTATION_CONTEXT(2) 
PARAMETRIC_REPRESENTATION_CONTEXT() REPRESENTATION_CONTEXT('2D SPACE',''
  ) );
#8641 = PCURVE('',#6965,#8642);
#8642 = DEFINITIONAL_REPRESENTATION('',(#8643),#8647);
#8643 = LINE('',#8644,#8645);
#8644 = CARTESIAN_POINT('',(-1.570796326795,0.));
#8645 = VECTOR('',#8646,1.);
#8646 = DIRECTION('',(-0.,1.));
#8647 = ( GEOMETRIC_REPRESENTATION_CONTEXT(2) 
PARAMETRIC_REPRESENTATION_CONTEXT() REPRESENTATION_CONTEXT('2D SPACE',''
  ) );
#8648 = ORIENTED_EDGE('',*,*,#8649,.T.);
#8649 = EDGE_CURVE('',#8627,#8506,#8650,.T.);
#8650 = SURFACE_CURVE('',#8651,(#8654,#8660),.PCURVE_S1.);
#8651 = B_SPLINE_CURVE_WITH_KNOTS('',1,(#8652,#8653),.UNSPECIFIED.,.F.,
  .F.,(2,2),(0.,1.),.PIECEWISE_BEZIER_KNOTS.);
#8652 = CARTESIAN_POINT('',(-29.,15.815025906736,219.));
#8653 = CARTESIAN_POINT('',(29.,15.815025906736,219.));
#8654 = PCURVE('',#7011,#8655);
#8655 = DEFINITIONAL_REPRESENTATION('',(#8656),#8659);
#8656 = B_SPLINE_CURVE_WITH_KNOTS('',1,(#8657,#8658),.UNSPECIFIED.,.F.,
  .F.,(2,2),(0.,1.),.PIECEWISE_BEZIER_KNOTS.);
#8657 = CARTESIAN_POINT('',(3.,3.815025906736));
#8658 = CARTESIAN_POINT('',(61.,3.815025906736));
#8659 = ( GEOMETRIC_REPRESENTATION_CONTEXT(2) 
PARAMETRIC_REPRESENTATION_CONTEXT() REPRESENTATION_CONTEXT('2D SPACE',''
  ) );
#8660 = PCURVE('',#7624,#8661);
#8661 = DEFINITIONAL_REPRESENTATION('',(#8662),#8665);
#8662 = B_SPLINE_CURVE_WITH_KNOTS('',1,(#8663,#8664),.UNSPECIFIED.,.F.,
  .F.,(2,2),(0.,1.),.PIECEWISE_BEZIER_KNOTS.);
#8663 = CARTESIAN_POINT('',(85.442651374211,0.215025906736));
#8664 = CARTESIAN_POINT('',(25.757348625789,0.215025906736));
#8665 = ( GEOMETRIC_REPRESENTATION_CONTEXT(2) 
PARAMETRIC_REPRESENTATION_CONTEXT() REPRESENTATION_CONTEXT('2D SPACE',''
  ) );
#8666 = ORIENTED_EDGE('',*,*,#8545,.T.);
#8667 = ORIENTED_EDGE('',*,*,#6997,.F.);
#8668 = ADVANCED_FACE('',(#8669),#6965,.F.);
#8669 = FACE_BOUND('',#8670,.T.);
#8670 = EDGE_LOOP('',(#8671,#8752,#8753,#8754));
#8671 = ORIENTED_EDGE('',*,*,#8672,.T.);
#8672 = EDGE_CURVE('',#8051,#8627,#8673,.T.);
#8673 = SURFACE_CURVE('',#8674,(#8698,#8725),.PCURVE_S1.);
#8674 = B_SPLINE_CURVE_WITH_KNOTS('',8,(#8675,#8676,#8677,#8678,#8679,
    #8680,#8681,#8682,#8683,#8684,#8685,#8686,#8687,#8688,#8689,#8690,
    #8691,#8692,#8693,#8694,#8695,#8696,#8697),.UNSPECIFIED.,.F.,.F.,(9,
    7,7,9),(0.,0.208951807005,0.516919810497,1.),.UNSPECIFIED.);
#8675 = CARTESIAN_POINT('',(-32.,15.853886010363,222.));
#8676 = CARTESIAN_POINT('',(-32.,15.851966415949,221.85180731129));
#8677 = CARTESIAN_POINT('',(-31.99163355344,15.850044340658,
    221.70342309879));
#8678 = CARTESIAN_POINT('',(-31.97486441652,15.848135545679,
    221.55606412644));
#8679 = CARTESIAN_POINT('',(-31.94990574633,15.846253663384,
    221.41078281327));
#8680 = CARTESIAN_POINT('',(-31.91714752337,15.844410380909,
    221.26848140617));
#8681 = CARTESIAN_POINT('',(-31.87710178162,15.842615591371,
    221.12992365384));
#8682 = CARTESIAN_POINT('',(-31.83036564592,15.840877512722,
    220.99574398215));
#8683 = CARTESIAN_POINT('',(-31.69983563122,15.836734425779,
    220.67589767015));
#8684 = CARTESIAN_POINT('',(-31.6089735706,15.834403632468,
    220.49596042655));
#8685 = CARTESIAN_POINT('',(-31.50685511036,15.832222763917,
    220.3275973744));
#8686 = CARTESIAN_POINT('',(-31.39527544433,15.830197455992,
    220.17124360259));
#8687 = CARTESIAN_POINT('',(-31.27585156114,15.828328843291,
    220.02698670205));
#8688 = CARTESIAN_POINT('',(-31.14995781093,15.826614802355,
    219.89466274179));
#8689 = CARTESIAN_POINT('',(-31.01868394952,15.825050893752,
    219.77392899762));
#8690 = CARTESIAN_POINT('',(-30.66957028132,15.821405522692,
    219.49250635184));
#8691 = CARTESIAN_POINT('',(-30.44544998536,15.819540598671,
    219.34853421744));
#8692 = CARTESIAN_POINT('',(-30.2132973991,15.818012506066,
    219.23056546826));
#8693 = CARTESIAN_POINT('',(-29.97541853188,15.816807811762,
    219.13756306805));
#8694 = CARTESIAN_POINT('',(-29.73376531989,15.815914018048,
    219.06856219331));
#8695 = CARTESIAN_POINT('',(-29.48989709708,15.815322184164,
    219.02287261749));
#8696 = CARTESIAN_POINT('',(-29.245030191,15.815025906736,219.));
#8697 = CARTESIAN_POINT('',(-29.,15.815025906736,219.));
#8698 = PCURVE('',#6965,#8699);
#8699 = DEFINITIONAL_REPRESENTATION('',(#8700),#8724);
#8700 = B_SPLINE_CURVE_WITH_KNOTS('',8,(#8701,#8702,#8703,#8704,#8705,
    #8706,#8707,#8708,#8709,#8710,#8711,#8712,#8713,#8714,#8715,#8716,
    #8717,#8718,#8719,#8720,#8721,#8722,#8723),.UNSPECIFIED.,.F.,.F.,(9,
    7,7,9),(0.,0.208951807005,0.516919810497,1.),.UNSPECIFIED.);
#8701 = CARTESIAN_POINT('',(0.,3.853886010363));
#8702 = CARTESIAN_POINT('',(-4.939756290169E-02,3.851966415949));
#8703 = CARTESIAN_POINT('',(-9.885886457824E-02,3.850044340658));
#8704 = CARTESIAN_POINT('',(-0.148162505062,3.848135545679));
#8705 = CARTESIAN_POINT('',(-0.197142359514,3.846253663384));
#8706 = CARTESIAN_POINT('',(-0.245667336791,3.844410380909));
#8707 = CARTESIAN_POINT('',(-0.29362717422,3.842615591371));
#8708 = CARTESIAN_POINT('',(-0.340924268575,3.840877512722));
#8709 = CARTESIAN_POINT('',(-0.456076220378,3.836734425779));
#8710 = CARTESIAN_POINT('',(-0.523052862476,3.834403632468));
#8711 = CARTESIAN_POINT('',(-0.588367596181,3.832222763917));
#8712 = CARTESIAN_POINT('',(-0.652052629235,3.830197455992));
#8713 = CARTESIAN_POINT('',(-0.714173455236,3.828328843291));
#8714 = CARTESIAN_POINT('',(-0.774826356637,3.826614802355));
#8715 = CARTESIAN_POINT('',(-0.834151041229,3.825050893752));
#8716 = CARTESIAN_POINT('',(-0.983623840273,3.821405522692));
#8717 = CARTESIAN_POINT('',(-1.071905002083,3.819540598671));
#8718 = CARTESIAN_POINT('',(-1.157988626055,3.818012506066));
#8719 = CARTESIAN_POINT('',(-1.242337976747,3.816807811762));
#8720 = CARTESIAN_POINT('',(-1.325378546742,3.815914018048));
#8721 = CARTESIAN_POINT('',(-1.407497096322,3.815322184164));
#8722 = CARTESIAN_POINT('',(-1.489119596459,3.815025906736));
#8723 = CARTESIAN_POINT('',(-1.570796326795,3.815025906736));
#8724 = ( GEOMETRIC_REPRESENTATION_CONTEXT(2) 
PARAMETRIC_REPRESENTATION_CONTEXT() REPRESENTATION_CONTEXT('2D SPACE',''
  ) );
#8725 = PCURVE('',#7624,#8726);
#8726 = DEFINITIONAL_REPRESENTATION('',(#8727),#8751);
#8727 = B_SPLINE_CURVE_WITH_KNOTS('',8,(#8728,#8729,#8730,#8731,#8732,
    #8733,#8734,#8735,#8736,#8737,#8738,#8739,#8740,#8741,#8742,#8743,
    #8744,#8745,#8746,#8747,#8748,#8749,#8750),.UNSPECIFIED.,.F.,.F.,(9,
    7,7,9),(0.,0.208951807005,0.516919810497,1.),.UNSPECIFIED.);
#8728 = CARTESIAN_POINT('',(88.482521928985,0.253886010363));
#8729 = CARTESIAN_POINT('',(88.484855091228,0.251966415949));
#8730 = CARTESIAN_POINT('',(88.478594464836,0.250044340658));
#8731 = CARTESIAN_POINT('',(88.46368120764,0.248135545679));
#8732 = CARTESIAN_POINT('',(88.440315309375,0.246253663384));
#8733 = CARTESIAN_POINT('',(88.408881098738,0.244410380909));
#8734 = CARTESIAN_POINT('',(88.369890975062,0.242615591371));
#8735 = CARTESIAN_POINT('',(88.323947364606,0.240877512722));
#8736 = CARTESIAN_POINT('',(88.194750781059,0.236734425779));
#8737 = CARTESIAN_POINT('',(88.104132410321,0.234403632468));
#8738 = CARTESIAN_POINT('',(88.001740283149,0.232222763917));
#8739 = CARTESIAN_POINT('',(87.889411990544,0.230197455992));
#8740 = CARTESIAN_POINT('',(87.768809080525,0.228328843291));
#8741 = CARTESIAN_POINT('',(87.641348677645,0.226614802355));
#8742 = CARTESIAN_POINT('',(87.508158591547,0.225050893752));
#8743 = CARTESIAN_POINT('',(87.153300790681,0.221405522692));
#8744 = CARTESIAN_POINT('',(86.924893361027,0.219540598671));
#8745 = CARTESIAN_POINT('',(86.687793813226,0.218012506066));
#8746 = CARTESIAN_POINT('',(86.444400022544,0.216807811762));
#8747 = CARTESIAN_POINT('',(86.196745544678,0.215914018048));
#8748 = CARTESIAN_POINT('',(85.946456094836,0.215322184164));
#8749 = CARTESIAN_POINT('',(85.694801393744,0.215025906736));
#8750 = CARTESIAN_POINT('',(85.442651374211,0.215025906736));
#8751 = ( GEOMETRIC_REPRESENTATION_CONTEXT(2) 
PARAMETRIC_REPRESENTATION_CONTEXT() REPRESENTATION_CONTEXT('2D SPACE',''
  ) );
#8752 = ORIENTED_EDGE('',*,*,#8626,.T.);
#8753 = ORIENTED_EDGE('',*,*,#6909,.F.);
#8754 = ORIENTED_EDGE('',*,*,#8099,.F.);
#8755 = ADVANCED_FACE('',(#8756),#7421,.F.);
#8756 = FACE_BOUND('',#8757,.T.);
#8757 = EDGE_LOOP('',(#8758,#8759,#8760));
#8758 = ORIENTED_EDGE('',*,*,#7397,.F.);
#8759 = ORIENTED_EDGE('',*,*,#7519,.T.);
#8760 = ORIENTED_EDGE('',*,*,#8761,.F.);
#8761 = EDGE_CURVE('',#7398,#7520,#8762,.T.);
#8762 = SURFACE_CURVE('',#8763,(#8768,#8780),.PCURVE_S1.);
#8763 = CIRCLE('',#8764,6.);
#8764 = AXIS2_PLACEMENT_3D('',#8765,#8766,#8767);
#8765 = CARTESIAN_POINT('',(49.442546446348,10.521776444641,273.6));
#8766 = DIRECTION('',(2.58958753732E-02,1.294793768661E-02,
    0.999580789405));
#8767 = DIRECTION('',(0.999664589347,-1.480315436203E-15,
    -2.589804635615E-02));
#8768 = PCURVE('',#7421,#8769);
#8769 = DEFINITIONAL_REPRESENTATION('',(#8770),#8779);
#8770 = B_SPLINE_CURVE_WITH_KNOTS('',7,(#8771,#8772,#8773,#8774,#8775,
    #8776,#8777,#8778),.UNSPECIFIED.,.F.,.F.,(8,8),(0.,1.570460888007),
  .PIECEWISE_BEZIER_KNOTS.);
#8771 = CARTESIAN_POINT('',(0.,2.590094223822E-02));
#8772 = CARTESIAN_POINT('',(-0.224408017548,2.880581414384E-02));
#8773 = CARTESIAN_POINT('',(-0.448855404771,3.01895875648E-02));
#8774 = CARTESIAN_POINT('',(-0.673323868509,2.981336821028E-02));
#8775 = CARTESIAN_POINT('',(-0.897774477987,2.7624130839E-02));
#8776 = CARTESIAN_POINT('',(-1.122166624631,2.38119428217E-02));
#8777 = CARTESIAN_POINT('',(-1.346501191955,1.876234293547E-02));
#8778 = CARTESIAN_POINT('',(-1.570796324711,1.295256301628E-02));
#8779 = ( GEOMETRIC_REPRESENTATION_CONTEXT(2) 
PARAMETRIC_REPRESENTATION_CONTEXT() REPRESENTATION_CONTEXT('2D SPACE',''
  ) );
#8780 = PCURVE('',#7918,#8781);
#8781 = DEFINITIONAL_REPRESENTATION('',(#8782),#8827);
#8782 = B_SPLINE_CURVE_WITH_KNOTS('',8,(#8783,#8784,#8785,#8786,#8787,
    #8788,#8789,#8790,#8791,#8792,#8793,#8794,#8795,#8796,#8797,#8798,
    #8799,#8800,#8801,#8802,#8803,#8804,#8805,#8806,#8807,#8808,#8809,
    #8810,#8811,#8812,#8813,#8814,#8815,#8816,#8817,#8818,#8819,#8820,
    #8821,#8822,#8823,#8824,#8825,#8826),.UNSPECIFIED.,.F.,.F.,(9,7,7,7,
    7,7,9),(0.,0.196307611001,0.392615222002,0.785230444004,
    1.177845666005,1.374153277006,1.570460888007),.UNSPECIFIED.);
#8783 = CARTESIAN_POINT('',(8.881784197001E-16,70.996738784416));
#8784 = CARTESIAN_POINT('',(1.341655912501,70.996738784416));
#8785 = CARTESIAN_POINT('',(2.667737043716,70.996738784416));
#8786 = CARTESIAN_POINT('',(3.979144392211,70.996738784415));
#8787 = CARTESIAN_POINT('',(5.276826170014,70.996738784416));
#8788 = CARTESIAN_POINT('',(6.561538695758,70.996738784415));
#8789 = CARTESIAN_POINT('',(7.83414106246,70.996738784416));
#8790 = CARTESIAN_POINT('',(9.095369589181,70.996738784416));
#8791 = CARTESIAN_POINT('',(11.596553454272,70.996738784415));
#8792 = CARTESIAN_POINT('',(12.836509442149,70.996738784417));
#8793 = CARTESIAN_POINT('',(14.06656084372,70.996738784413));
#8794 = CARTESIAN_POINT('',(15.287408719193,70.996738784419));
#8795 = CARTESIAN_POINT('',(16.49972696037,70.996738784413));
#8796 = CARTESIAN_POINT('',(17.704165420408,70.996738784417));
#8797 = CARTESIAN_POINT('',(18.901353043568,70.996738784416));
#8798 = CARTESIAN_POINT('',(22.472996897775,70.996738784416));
#8799 = CARTESIAN_POINT('',(24.82753391322,70.996738784415));
#8800 = CARTESIAN_POINT('',(27.16039894901,70.996738784417));
#8801 = CARTESIAN_POINT('',(29.476192748642,70.996738784413));
#8802 = CARTESIAN_POINT('',(31.779311939055,70.996738784418));
#8803 = CARTESIAN_POINT('',(34.074023668354,70.996738784414));
#8804 = CARTESIAN_POINT('',(36.364532833539,70.996738784416));
#8805 = CARTESIAN_POINT('',(40.945550963047,70.996738784415));
#8806 = CARTESIAN_POINT('',(43.236060128234,70.996738784417));
#8807 = CARTESIAN_POINT('',(45.530771857528,70.996738784413));
#8808 = CARTESIAN_POINT('',(47.833891047948,70.996738784418));
#8809 = CARTESIAN_POINT('',(50.149684847573,70.996738784415));
#8810 = CARTESIAN_POINT('',(52.482549883368,70.996738784416));
#8811 = CARTESIAN_POINT('',(54.837086898811,70.996738784416));
#8812 = CARTESIAN_POINT('',(58.408730753019,70.996738784416));
#8813 = CARTESIAN_POINT('',(59.605918376179,70.996738784415));
#8814 = CARTESIAN_POINT('',(60.810356836214,70.996738784416));
#8815 = CARTESIAN_POINT('',(62.022675077395,70.996738784415));
#8816 = CARTESIAN_POINT('',(63.243522952864,70.996738784416));
#8817 = CARTESIAN_POINT('',(64.473574354438,70.996738784416));
#8818 = CARTESIAN_POINT('',(65.713530342314,70.996738784416));
#8819 = CARTESIAN_POINT('',(68.214714207405,70.996738784416));
#8820 = CARTESIAN_POINT('',(69.475942734128,70.996738784417));
#8821 = CARTESIAN_POINT('',(70.748545100825,70.996738784413));
#8822 = CARTESIAN_POINT('',(72.033257626578,70.996738784419));
#8823 = CARTESIAN_POINT('',(73.33093940437,70.996738784413));
#8824 = CARTESIAN_POINT('',(74.642346752874,70.996738784418));
#8825 = CARTESIAN_POINT('',(75.968427884085,70.996738784415));
#8826 = CARTESIAN_POINT('',(77.310083796586,70.996738784416));
#8827 = ( GEOMETRIC_REPRESENTATION_CONTEXT(2) 
PARAMETRIC_REPRESENTATION_CONTEXT() REPRESENTATION_CONTEXT('2D SPACE',''
  ) );
#8828 = ADVANCED_FACE('',(#8829),#7481,.F.);
#8829 = FACE_BOUND('',#8830,.T.);
#8830 = EDGE_LOOP('',(#8831,#8832,#8833));
#8831 = ORIENTED_EDGE('',*,*,#7578,.F.);
#8832 = ORIENTED_EDGE('',*,*,#7457,.T.);
#8833 = ORIENTED_EDGE('',*,*,#8834,.F.);
#8834 = EDGE_CURVE('',#7579,#7458,#8835,.T.);
#8835 = SURFACE_CURVE('',#8836,(#8841,#8853),.PCURVE_S1.);
#8836 = CIRCLE('',#8837,6.);
#8837 = AXIS2_PLACEMENT_3D('',#8838,#8839,#8840);
#8838 = CARTESIAN_POINT('',(-49.44254644634,10.521776444641,273.6));
#8839 = DIRECTION('',(-2.589587537319E-02,1.294793768659E-02,
    0.999580789405));
#8840 = DIRECTION('',(-1.184165612789E-15,0.999916115686,
    -1.295228129126E-02));
#8841 = PCURVE('',#7481,#8842);
#8842 = DEFINITIONAL_REPRESENTATION('',(#8843),#8852);
#8843 = B_SPLINE_CURVE_WITH_KNOTS('',7,(#8844,#8845,#8846,#8847,#8848,
    #8849,#8850,#8851),.UNSPECIFIED.,.F.,.F.,(8,8),(0.,1.570460888007),
  .PIECEWISE_BEZIER_KNOTS.);
#8844 = CARTESIAN_POINT('',(0.,1.295264346782E-02));
#8845 = CARTESIAN_POINT('',(-0.224295133045,1.876242120688E-02));
#8846 = CARTESIAN_POINT('',(-0.44862970089,2.381201419063E-02));
#8847 = CARTESIAN_POINT('',(-0.67302184819,2.762419075962E-02));
#8848 = CARTESIAN_POINT('',(-0.897472458246,2.98134128897E-02));
#8849 = CARTESIAN_POINT('',(-1.121940922249,3.018961452682E-02));
#8850 = CARTESIAN_POINT('',(-1.346388309412,2.88058224779E-02));
#8851 = CARTESIAN_POINT('',(-1.570796326669,2.590093251831E-02));
#8852 = ( GEOMETRIC_REPRESENTATION_CONTEXT(2) 
PARAMETRIC_REPRESENTATION_CONTEXT() REPRESENTATION_CONTEXT('2D SPACE',''
  ) );
#8853 = PCURVE('',#7739,#8854);
#8854 = DEFINITIONAL_REPRESENTATION('',(#8855),#8900);
#8855 = B_SPLINE_CURVE_WITH_KNOTS('',8,(#8856,#8857,#8858,#8859,#8860,
    #8861,#8862,#8863,#8864,#8865,#8866,#8867,#8868,#8869,#8870,#8871,
    #8872,#8873,#8874,#8875,#8876,#8877,#8878,#8879,#8880,#8881,#8882,
    #8883,#8884,#8885,#8886,#8887,#8888,#8889,#8890,#8891,#8892,#8893,
    #8894,#8895,#8896,#8897,#8898,#8899),.UNSPECIFIED.,.F.,.F.,(9,7,7,7,
    7,7,9),(0.,0.196307611001,0.392615222002,0.785230444004,
    1.177845666005,1.374153277006,1.570460888007),.UNSPECIFIED.);
#8856 = CARTESIAN_POINT('',(8.881784197001E-15,70.996738784416));
#8857 = CARTESIAN_POINT('',(1.341655912501,70.996738784416));
#8858 = CARTESIAN_POINT('',(2.667737043716,70.996738784417));
#8859 = CARTESIAN_POINT('',(3.979144392211,70.996738784414));
#8860 = CARTESIAN_POINT('',(5.276826170014,70.996738784417));
#8861 = CARTESIAN_POINT('',(6.561538695758,70.996738784414));
#8862 = CARTESIAN_POINT('',(7.83414106246,70.996738784416));
#8863 = CARTESIAN_POINT('',(9.095369589181,70.996738784416));
#8864 = CARTESIAN_POINT('',(11.596553454272,70.996738784415));
#8865 = CARTESIAN_POINT('',(12.83650944215,70.996738784417));
#8866 = CARTESIAN_POINT('',(14.06656084372,70.996738784415));
#8867 = CARTESIAN_POINT('',(15.287408719194,70.996738784417));
#8868 = CARTESIAN_POINT('',(16.49972696037,70.996738784415));
#8869 = CARTESIAN_POINT('',(17.704165420408,70.996738784416));
#8870 = CARTESIAN_POINT('',(18.901353043568,70.996738784416));
#8871 = CARTESIAN_POINT('',(22.472996897775,70.996738784415));
#8872 = CARTESIAN_POINT('',(24.827533913221,70.996738784417));
#8873 = CARTESIAN_POINT('',(27.160398949009,70.996738784414));
#8874 = CARTESIAN_POINT('',(29.476192748643,70.996738784417));
#8875 = CARTESIAN_POINT('',(31.779311939054,70.996738784415));
#8876 = CARTESIAN_POINT('',(34.074023668355,70.996738784416));
#8877 = CARTESIAN_POINT('',(36.364532833538,70.996738784416));
#8878 = CARTESIAN_POINT('',(40.945550963048,70.996738784416));
#8879 = CARTESIAN_POINT('',(43.23606012823,70.996738784414));
#8880 = CARTESIAN_POINT('',(45.530771857536,70.99673878442));
#8881 = CARTESIAN_POINT('',(47.833891047939,70.996738784411));
#8882 = CARTESIAN_POINT('',(50.149684847581,70.99673878442));
#8883 = CARTESIAN_POINT('',(52.482549883364,70.996738784413));
#8884 = CARTESIAN_POINT('',(54.837086898812,70.996738784417));
#8885 = CARTESIAN_POINT('',(58.408730753018,70.996738784415));
#8886 = CARTESIAN_POINT('',(59.60591837618,70.996738784419));
#8887 = CARTESIAN_POINT('',(60.810356836213,70.996738784411));
#8888 = CARTESIAN_POINT('',(62.022675077396,70.996738784421));
#8889 = CARTESIAN_POINT('',(63.243522952864,70.996738784412));
#8890 = CARTESIAN_POINT('',(64.473574354438,70.996738784417));
#8891 = CARTESIAN_POINT('',(65.713530342314,70.996738784416));
#8892 = CARTESIAN_POINT('',(68.214714207405,70.996738784415));
#8893 = CARTESIAN_POINT('',(69.475942734128,70.996738784419));
#8894 = CARTESIAN_POINT('',(70.748545100825,70.996738784411));
#8895 = CARTESIAN_POINT('',(72.033257626576,70.996738784421));
#8896 = CARTESIAN_POINT('',(73.330939404373,70.996738784412));
#8897 = CARTESIAN_POINT('',(74.642346752871,70.996738784417));
#8898 = CARTESIAN_POINT('',(75.968427884085,70.996738784415));
#8899 = CARTESIAN_POINT('',(77.310083796586,70.996738784416));
#8900 = ( GEOMETRIC_REPRESENTATION_CONTEXT(2) 
PARAMETRIC_REPRESENTATION_CONTEXT() REPRESENTATION_CONTEXT('2D SPACE',''
  ) );
#8901 = ADVANCED_FACE('',(#8902,#8985),#7624,.F.);
#8902 = FACE_BOUND('',#8903,.F.);
#8903 = EDGE_LOOP('',(#8904,#8933,#8957,#8984));
#8904 = ORIENTED_EDGE('',*,*,#8905,.F.);
#8905 = EDGE_CURVE('',#8906,#7520,#8908,.T.);
#8906 = VERTEX_POINT('',#8907);
#8907 = CARTESIAN_POINT('',(47.753427329704,15.676713553268,
    208.32228631225));
#8908 = SURFACE_CURVE('',#8909,(#8918,#8926),.PCURVE_S1.);
#8909 = B_SPLINE_CURVE_WITH_KNOTS('',3,(#8910,#8911,#8912,#8913,#8914,
    #8915,#8916,#8917),.UNSPECIFIED.,.F.,.F.,(4,2,2,4),(-2.99134811774,
    -0.155375247867,77.154708548719,79.990681418592),.UNSPECIFIED.);
#8910 = CARTESIAN_POINT('',(47.526560168828,15.56328,199.565216));
#8911 = CARTESIAN_POINT('',(47.551040168828,15.57552,200.510144));
#8912 = CARTESIAN_POINT('',(47.575520168828,15.58776,201.455072));
#8913 = CARTESIAN_POINT('',(48.267337600524,15.933668715848,
    228.15922486346));
#8914 = CARTESIAN_POINT('',(48.93467503222,16.267337431696,
    253.91844972692));
#8915 = CARTESIAN_POINT('',(49.626492463916,16.613246147544,
    280.62260259038));
#8916 = CARTESIAN_POINT('',(49.650972463916,16.625486147544,
    281.56753059038));
#8917 = CARTESIAN_POINT('',(49.675452463916,16.637726147544,
    282.51245859038));
#8918 = PCURVE('',#7624,#8919);
#8919 = DEFINITIONAL_REPRESENTATION('',(#8920),#8925);
#8920 = B_SPLINE_CURVE_WITH_KNOTS('',3,(#8921,#8922,#8923,#8924),
  .UNSPECIFIED.,.F.,.F.,(4,4),(5.769394790756,70.996738784416),
  .PIECEWISE_BEZIER_KNOTS.);
#8921 = CARTESIAN_POINT('',(6.206115694366,7.671355326752E-02));
#8922 = CARTESIAN_POINT('',(6.141109420594,0.358233414976));
#8923 = CARTESIAN_POINT('',(6.078144336853,0.639753276803));
#8924 = CARTESIAN_POINT('',(6.017039435756,0.92127313876));
#8925 = ( GEOMETRIC_REPRESENTATION_CONTEXT(2) 
PARAMETRIC_REPRESENTATION_CONTEXT() REPRESENTATION_CONTEXT('2D SPACE',''
  ) );
#8926 = PCURVE('',#7918,#8927);
#8927 = DEFINITIONAL_REPRESENTATION('',(#8928),#8932);
#8928 = LINE('',#8929,#8930);
#8929 = CARTESIAN_POINT('',(77.310083796586,0.));
#8930 = VECTOR('',#8931,1.);
#8931 = DIRECTION('',(0.,1.));
#8932 = ( GEOMETRIC_REPRESENTATION_CONTEXT(2) 
PARAMETRIC_REPRESENTATION_CONTEXT() REPRESENTATION_CONTEXT('2D SPACE',''
  ) );
#8933 = ORIENTED_EDGE('',*,*,#8934,.T.);
#8934 = EDGE_CURVE('',#8906,#8935,#8937,.T.);
#8935 = VERTEX_POINT('',#8936);
#8936 = CARTESIAN_POINT('',(-47.7534273297,15.676713553268,
    208.32228631225));
#8937 = SURFACE_CURVE('',#8938,(#8944,#8950),.PCURVE_S1.);
#8938 = B_SPLINE_CURVE_WITH_KNOTS('',2,(#8939,#8940,#8941,#8942,#8943),
  .UNSPECIFIED.,.F.,.F.,(3,1,1,3),(-4.089811106535,-0.153427106535,
    107.35342710653,111.28981110653),.UNSPECIFIED.);
#8939 = CARTESIAN_POINT('',(57.689811106535,15.676713553268,
    208.32228631225));
#8940 = CARTESIAN_POINT('',(55.721619106535,15.676713553268,
    208.32228631225));
#8941 = CARTESIAN_POINT('',(7.105427357601E-15,15.676713553268,
    208.32228631225));
#8942 = CARTESIAN_POINT('',(-55.72161910653,15.676713553268,
    208.32228631225));
#8943 = CARTESIAN_POINT('',(-57.68981110653,15.676713553268,
    208.32228631225));
#8944 = PCURVE('',#7624,#8945);
#8945 = DEFINITIONAL_REPRESENTATION('',(#8946),#8949);
#8946 = B_SPLINE_CURVE_WITH_KNOTS('',1,(#8947,#8948),.UNSPECIFIED.,.F.,
  .F.,(2,2),(-0.153427106535,107.35342710653),.PIECEWISE_BEZIER_KNOTS.);
#8947 = CARTESIAN_POINT('',(-8.903988657494E-15,7.671355326752E-02));
#8948 = CARTESIAN_POINT('',(111.2,7.671355326752E-02));
#8949 = ( GEOMETRIC_REPRESENTATION_CONTEXT(2) 
PARAMETRIC_REPRESENTATION_CONTEXT() REPRESENTATION_CONTEXT('2D SPACE',''
  ) );
#8950 = PCURVE('',#7996,#8951);
#8951 = DEFINITIONAL_REPRESENTATION('',(#8952),#8956);
#8952 = LINE('',#8953,#8954);
#8953 = CARTESIAN_POINT('',(0.,0.));
#8954 = VECTOR('',#8955,1.);
#8955 = DIRECTION('',(0.,1.));
#8956 = ( GEOMETRIC_REPRESENTATION_CONTEXT(2) 
PARAMETRIC_REPRESENTATION_CONTEXT() REPRESENTATION_CONTEXT('2D SPACE',''
  ) );
#8957 = ORIENTED_EDGE('',*,*,#8958,.T.);
#8958 = EDGE_CURVE('',#8935,#7579,#8959,.T.);
#8959 = SURFACE_CURVE('',#8960,(#8969,#8977),.PCURVE_S1.);
#8960 = B_SPLINE_CURVE_WITH_KNOTS('',3,(#8961,#8962,#8963,#8964,#8965,
    #8966,#8967,#8968),.UNSPECIFIED.,.F.,.F.,(4,2,2,4),(-2.99134811774,
    -0.155375247867,77.154708548719,79.990681418592),.UNSPECIFIED.);
#8961 = CARTESIAN_POINT('',(-47.52656016882,15.56328,199.565216));
#8962 = CARTESIAN_POINT('',(-47.55104016882,15.57552,200.510144));
#8963 = CARTESIAN_POINT('',(-47.57552016882,15.58776,201.455072));
#8964 = CARTESIAN_POINT('',(-48.26733760052,15.933668715848,
    228.15922486346));
#8965 = CARTESIAN_POINT('',(-48.93467503222,16.267337431696,
    253.91844972692));
#8966 = CARTESIAN_POINT('',(-49.62649246391,16.613246147544,
    280.62260259038));
#8967 = CARTESIAN_POINT('',(-49.65097246391,16.625486147544,
    281.56753059038));
#8968 = CARTESIAN_POINT('',(-49.67545246391,16.637726147544,
    282.51245859038));
#8969 = PCURVE('',#7624,#8970);
#8970 = DEFINITIONAL_REPRESENTATION('',(#8971),#8976);
#8971 = B_SPLINE_CURVE_WITH_KNOTS('',3,(#8972,#8973,#8974,#8975),
  .UNSPECIFIED.,.F.,.F.,(4,4),(5.769394790756,70.996738784416),
  .PIECEWISE_BEZIER_KNOTS.);
#8972 = CARTESIAN_POINT('',(104.99388430563,7.671355326752E-02));
#8973 = CARTESIAN_POINT('',(105.0588905794,0.358233414976));
#8974 = CARTESIAN_POINT('',(105.12185566314,0.639753276803));
#8975 = CARTESIAN_POINT('',(105.18296056424,0.92127313876));
#8976 = ( GEOMETRIC_REPRESENTATION_CONTEXT(2) 
PARAMETRIC_REPRESENTATION_CONTEXT() REPRESENTATION_CONTEXT('2D SPACE',''
  ) );
#8977 = PCURVE('',#7739,#8978);
#8978 = DEFINITIONAL_REPRESENTATION('',(#8979),#8983);
#8979 = LINE('',#8980,#8981);
#8980 = CARTESIAN_POINT('',(0.,0.));
#8981 = VECTOR('',#8982,1.);
#8982 = DIRECTION('',(0.,1.));
#8983 = ( GEOMETRIC_REPRESENTATION_CONTEXT(2) 
PARAMETRIC_REPRESENTATION_CONTEXT() REPRESENTATION_CONTEXT('2D SPACE',''
  ) );
#8984 = ORIENTED_EDGE('',*,*,#7608,.F.);
#8985 = FACE_BOUND('',#8986,.F.);
#8986 = EDGE_LOOP('',(#8987,#8988,#8989,#8990,#8991,#8992,#8993,#8994,
    #8995,#8996,#8997));
#8987 = ORIENTED_EDGE('',*,*,#8050,.F.);
#8988 = ORIENTED_EDGE('',*,*,#8672,.T.);
#8989 = ORIENTED_EDGE('',*,*,#8649,.T.);
#8990 = ORIENTED_EDGE('',*,*,#8505,.T.);
#8991 = ORIENTED_EDGE('',*,*,#8569,.T.);
#8992 = ORIENTED_EDGE('',*,*,#8432,.T.);
#8993 = ORIENTED_EDGE('',*,*,#8369,.T.);
#8994 = ORIENTED_EDGE('',*,*,#8314,.T.);
#8995 = ORIENTED_EDGE('',*,*,#8269,.F.);
#8996 = ORIENTED_EDGE('',*,*,#8145,.T.);
#8997 = ORIENTED_EDGE('',*,*,#8211,.T.);
#8998 = ADVANCED_FACE('',(#8999),#7653,.F.);
#8999 = FACE_BOUND('',#9000,.F.);
#9000 = EDGE_LOOP('',(#9001,#9062,#9063,#9064));
#9001 = ORIENTED_EDGE('',*,*,#9002,.T.);
#9002 = EDGE_CURVE('',#7718,#7956,#9003,.T.);
#9003 = SURFACE_CURVE('',#9004,(#9009,#9051),.PCURVE_S1.);
#9004 = CIRCLE('',#9005,6.);
#9005 = AXIS2_PLACEMENT_3D('',#9006,#9007,#9008);
#9006 = CARTESIAN_POINT('',(-47.75342727536,9.677216859149,208.4));
#9007 = DIRECTION('',(-7.498773121246E-08,-1.,-8.71386988687E-16));
#9008 = DIRECTION('',(2.589804635615E-02,-1.942034867988E-09,
    -0.999664589347));
#9009 = PCURVE('',#7653,#9010);
#9010 = DEFINITIONAL_REPRESENTATION('',(#9011),#9050);
#9011 = B_SPLINE_CURVE_WITH_KNOTS('',7,(#9012,#9013,#9014,#9015,#9016,
    #9017,#9018,#9019,#9020,#9021,#9022,#9023,#9024,#9025,#9026,#9027,
    #9028,#9029,#9030,#9031,#9032,#9033,#9034,#9035,#9036,#9037,#9038,
    #9039,#9040,#9041,#9042,#9043,#9044,#9045,#9046,#9047,#9048,#9049),
  .UNSPECIFIED.,.F.,.F.,(8,6,6,6,6,6,8),(4.712388980385,4.905500903454,
    5.098612826524,5.484836672663,5.871060518802,6.064172441872,
    6.257284364941),.UNSPECIFIED.);
#9012 = CARTESIAN_POINT('',(-4.782297024052E-16,5.922782691075));
#9013 = CARTESIAN_POINT('',(0.619656468978,5.922782699965));
#9014 = CARTESIAN_POINT('',(1.231204684642,5.922782708738));
#9015 = CARTESIAN_POINT('',(1.835212152994,5.922782717404));
#9016 = CARTESIAN_POINT('',(2.4322350994,5.922782725969));
#9017 = CARTESIAN_POINT('',(3.022759258973,5.922782734441));
#9018 = CARTESIAN_POINT('',(3.607278926636,5.922782742826));
#9019 = CARTESIAN_POINT('',(4.765207651694,5.922782759438));
#9020 = CARTESIAN_POINT('',(5.338618316996,5.922782767664));
#9021 = CARTESIAN_POINT('',(5.906930632045,5.922782775818));
#9022 = CARTESIAN_POINT('',(6.470577053953,5.922782783904));
#9023 = CARTESIAN_POINT('',(7.029970283956,5.922782791929));
#9024 = CARTESIAN_POINT('',(7.585506401394,5.922782799899));
#9025 = CARTESIAN_POINT('',(9.241691190314,5.922782823659));
#9026 = CARTESIAN_POINT('',(10.331916201055,5.9227828393));
#9027 = CARTESIAN_POINT('',(11.411302348054,5.922782854785));
#9028 = CARTESIAN_POINT('',(12.482691905967,5.922782870155));
#9029 = CARTESIAN_POINT('',(13.548792748633,5.92278288545));
#9030 = CARTESIAN_POINT('',(14.61225010177,5.922782900706));
#9031 = CARTESIAN_POINT('',(16.739164709677,5.92278293122));
#9032 = CARTESIAN_POINT('',(17.802622062814,5.922782946476));
#9033 = CARTESIAN_POINT('',(18.868722905479,5.922782961771));
#9034 = CARTESIAN_POINT('',(19.940112463394,5.922782977142));
#9035 = CARTESIAN_POINT('',(21.019498610391,5.922782992626));
#9036 = CARTESIAN_POINT('',(22.109723621133,5.922783008267));
#9037 = CARTESIAN_POINT('',(23.765908410053,5.922783032027));
#9038 = CARTESIAN_POINT('',(24.321444527492,5.922783039997));
#9039 = CARTESIAN_POINT('',(24.880837757493,5.922783048022));
#9040 = CARTESIAN_POINT('',(25.444484179403,5.922783056109));
#9041 = CARTESIAN_POINT('',(26.01279649445,5.922783064262));
#9042 = CARTESIAN_POINT('',(26.586207159753,5.922783072488));
#9043 = CARTESIAN_POINT('',(27.744135884811,5.9227830891));
#9044 = CARTESIAN_POINT('',(28.328655552475,5.922783097486));
#9045 = CARTESIAN_POINT('',(28.919179712047,5.922783105957));
#9046 = CARTESIAN_POINT('',(29.516202658454,5.922783114522));
#9047 = CARTESIAN_POINT('',(30.120210126805,5.922783123188));
#9048 = CARTESIAN_POINT('',(30.73175834247,5.922783131961));
#9049 = CARTESIAN_POINT('',(31.351414811447,5.922783140851));
#9050 = ( GEOMETRIC_REPRESENTATION_CONTEXT(2) 
PARAMETRIC_REPRESENTATION_CONTEXT() REPRESENTATION_CONTEXT('2D SPACE',''
  ) );
#9051 = PCURVE('',#9052,#9057);
#9052 = SPHERICAL_SURFACE('',#9053,6.);
#9053 = AXIS2_PLACEMENT_3D('',#9054,#9055,#9056);
#9054 = CARTESIAN_POINT('',(-47.75342727536,9.677216859149,208.4));
#9055 = DIRECTION('',(0.999664589347,-7.496257955116E-08,
    2.589804635615E-02));
#9056 = DIRECTION('',(3.354012155135E-04,0.999916171944,
    -1.294359263504E-02));
#9057 = DEFINITIONAL_REPRESENTATION('',(#9058),#9061);
#9058 = B_SPLINE_CURVE_WITH_KNOTS('',1,(#9059,#9060),.UNSPECIFIED.,.F.,
  .F.,(2,2),(4.712388980385,6.257284364941),.PIECEWISE_BEZIER_KNOTS.);
#9059 = CARTESIAN_POINT('',(-1.557848029472,-1.570796326795));
#9060 = CARTESIAN_POINT('',(-1.557848029472,-2.590094223822E-02));
#9061 = ( GEOMETRIC_REPRESENTATION_CONTEXT(2) 
PARAMETRIC_REPRESENTATION_CONTEXT() REPRESENTATION_CONTEXT('2D SPACE',''
  ) );
#9062 = ORIENTED_EDGE('',*,*,#7955,.T.);
#9063 = ORIENTED_EDGE('',*,*,#7639,.F.);
#9064 = ORIENTED_EDGE('',*,*,#7771,.F.);
#9065 = ADVANCED_FACE('',(#9066),#7739,.F.);
#9066 = FACE_BOUND('',#9067,.F.);
#9067 = EDGE_LOOP('',(#9068,#9118,#9119,#9120));
#9068 = ORIENTED_EDGE('',*,*,#9069,.F.);
#9069 = EDGE_CURVE('',#7718,#8935,#9070,.T.);
#9070 = SURFACE_CURVE('',#9071,(#9076,#9112),.PCURVE_S1.);
#9071 = CIRCLE('',#9072,6.);
#9072 = AXIS2_PLACEMENT_3D('',#9073,#9074,#9075);
#9073 = CARTESIAN_POINT('',(-47.75342727536,9.677216859149,208.4));
#9074 = DIRECTION('',(2.589587440299E-02,-1.294793745241E-02,
    -0.999580789434));
#9075 = DIRECTION('',(3.354012155135E-04,0.999916171944,
    -1.294359263504E-02));
#9076 = PCURVE('',#7739,#9077);
#9077 = DEFINITIONAL_REPRESENTATION('',(#9078),#9111);
#9078 = B_SPLINE_CURVE_WITH_KNOTS('',11,(#9079,#9080,#9081,#9082,#9083,
    #9084,#9085,#9086,#9087,#9088,#9089,#9090,#9091,#9092,#9093,#9094,
    #9095,#9096,#9097,#9098,#9099,#9100,#9101,#9102,#9103,#9104,#9105,
    #9106,#9107,#9108,#9109,#9110),.UNSPECIFIED.,.F.,.F.,(12,10,10,12),(
    4.712388980385,5.105004181384,5.497619382383,6.282849784382),
  .UNSPECIFIED.);
#9079 = CARTESIAN_POINT('',(77.310083796586,5.769394790756));
#9080 = CARTESIAN_POINT('',(75.358584391889,5.769394790756));
#9081 = CARTESIAN_POINT('',(73.438780392854,5.769394790754));
#9082 = CARTESIAN_POINT('',(71.548302309175,5.76939479076));
#9083 = CARTESIAN_POINT('',(69.684417430241,5.769394790748));
#9084 = CARTESIAN_POINT('',(67.845472212019,5.769394790766));
#9085 = CARTESIAN_POINT('',(66.028776818095,5.769394790746));
#9086 = CARTESIAN_POINT('',(64.232848446307,5.769394790764));
#9087 = CARTESIAN_POINT('',(62.455513968032,5.769394790751));
#9088 = CARTESIAN_POINT('',(60.695113883887,5.769394790758));
#9089 = CARTESIAN_POINT('',(58.949886111228,5.769394790755));
#9090 = CARTESIAN_POINT('',(55.486474166658,5.769394790757));
#9091 = CARTESIAN_POINT('',(53.768289191041,5.769394790753));
#9092 = CARTESIAN_POINT('',(52.061966280318,5.769394790762));
#9093 = CARTESIAN_POINT('',(50.365907667121,5.769394790746));
#9094 = CARTESIAN_POINT('',(48.678566450897,5.769394790769));
#9095 = CARTESIAN_POINT('',(46.998436878378,5.769394790744));
#9096 = CARTESIAN_POINT('',(45.324045207108,5.769394790765));
#9097 = CARTESIAN_POINT('',(43.653941145688,5.769394790751));
#9098 = CARTESIAN_POINT('',(41.98668987737,5.769394790758));
#9099 = CARTESIAN_POINT('',(40.320864661261,5.769394790756));
#9100 = CARTESIAN_POINT('',(35.323390723168,5.769394790756));
#9101 = CARTESIAN_POINT('',(31.991743153282,5.769394790756));
#9102 = CARTESIAN_POINT('',(28.648679312562,5.769394790755));
#9103 = CARTESIAN_POINT('',(25.282791937631,5.769394790758));
#9104 = CARTESIAN_POINT('',(21.882418274068,5.769394790754));
#9105 = CARTESIAN_POINT('',(18.435388018066,5.769394790758));
#9106 = CARTESIAN_POINT('',(14.92875715051,5.769394790754));
#9107 = CARTESIAN_POINT('',(11.348494639475,5.769394790757));
#9108 = CARTESIAN_POINT('',(7.679084232935,5.769394790756));
#9109 = CARTESIAN_POINT('',(3.902998809398,5.769394790756));
#9110 = CARTESIAN_POINT('',(-1.213805378805E-14,5.769394790756));
#9111 = ( GEOMETRIC_REPRESENTATION_CONTEXT(2) 
PARAMETRIC_REPRESENTATION_CONTEXT() REPRESENTATION_CONTEXT('2D SPACE',''
  ) );
#9112 = PCURVE('',#9052,#9113);
#9113 = DEFINITIONAL_REPRESENTATION('',(#9114),#9117);
#9114 = B_SPLINE_CURVE_WITH_KNOTS('',1,(#9115,#9116),.UNSPECIFIED.,.F.,
  .F.,(2,2),(4.712388980385,6.282849784382),.PIECEWISE_BEZIER_KNOTS.);
#9115 = CARTESIAN_POINT('',(0.,-1.570796326795));
#9116 = CARTESIAN_POINT('',(0.,-3.355227975961E-04));
#9117 = ( GEOMETRIC_REPRESENTATION_CONTEXT(2) 
PARAMETRIC_REPRESENTATION_CONTEXT() REPRESENTATION_CONTEXT('2D SPACE',''
  ) );
#9118 = ORIENTED_EDGE('',*,*,#7717,.T.);
#9119 = ORIENTED_EDGE('',*,*,#8834,.F.);
#9120 = ORIENTED_EDGE('',*,*,#8958,.F.);
#9121 = ADVANCED_FACE('',(#9122),#7811,.F.);
#9122 = FACE_BOUND('',#9123,.F.);
#9123 = EDGE_LOOP('',(#9124,#9125,#9126,#9192));
#9124 = ORIENTED_EDGE('',*,*,#7797,.T.);
#9125 = ORIENTED_EDGE('',*,*,#8019,.T.);
#9126 = ORIENTED_EDGE('',*,*,#9127,.F.);
#9127 = EDGE_CURVE('',#7875,#7980,#9128,.T.);
#9128 = SURFACE_CURVE('',#9129,(#9134,#9176),.PCURVE_S1.);
#9129 = CIRCLE('',#9130,6.);
#9130 = AXIS2_PLACEMENT_3D('',#9131,#9132,#9133);
#9131 = CARTESIAN_POINT('',(47.753427275363,9.677216859149,208.4));
#9132 = DIRECTION('',(-7.498772951944E-08,1.,-2.368475430455E-15));
#9133 = DIRECTION('',(0.999664589347,7.49625777748E-08,
    -2.589804635615E-02));
#9134 = PCURVE('',#7811,#9135);
#9135 = DEFINITIONAL_REPRESENTATION('',(#9136),#9175);
#9136 = B_SPLINE_CURVE_WITH_KNOTS('',7,(#9137,#9138,#9139,#9140,#9141,
    #9142,#9143,#9144,#9145,#9146,#9147,#9148,#9149,#9150,#9151,#9152,
    #9153,#9154,#9155,#9156,#9157,#9158,#9159,#9160,#9161,#9162,#9163,
    #9164,#9165,#9166,#9167,#9168,#9169,#9170,#9171,#9172,#9173,#9174),
  .UNSPECIFIED.,.F.,.F.,(8,6,6,6,6,6,8),(0.,0.19311192307,0.386223846139
    ,0.772447692278,1.158671538418,1.351783461487,1.544895384557),
  .UNSPECIFIED.);
#9137 = CARTESIAN_POINT('',(1.33226762955E-15,25.277217308925));
#9138 = CARTESIAN_POINT('',(0.619656468978,25.277217300035));
#9139 = CARTESIAN_POINT('',(1.231204684642,25.277217291261));
#9140 = CARTESIAN_POINT('',(1.835212152994,25.277217282597));
#9141 = CARTESIAN_POINT('',(2.4322350994,25.277217274031));
#9142 = CARTESIAN_POINT('',(3.022759258972,25.27721726556));
#9143 = CARTESIAN_POINT('',(3.607278926636,25.277217257174));
#9144 = CARTESIAN_POINT('',(4.765207651694,25.277217240562));
#9145 = CARTESIAN_POINT('',(5.338618316996,25.277217232335));
#9146 = CARTESIAN_POINT('',(5.906930632045,25.277217224182));
#9147 = CARTESIAN_POINT('',(6.470577053953,25.277217216096));
#9148 = CARTESIAN_POINT('',(7.029970283956,25.277217208071));
#9149 = CARTESIAN_POINT('',(7.585506401394,25.277217200101));
#9150 = CARTESIAN_POINT('',(9.241691190314,25.277217176341));
#9151 = CARTESIAN_POINT('',(10.331916201056,25.2772171607));
#9152 = CARTESIAN_POINT('',(11.411302348054,25.277217145215));
#9153 = CARTESIAN_POINT('',(12.482691905967,25.277217129845));
#9154 = CARTESIAN_POINT('',(13.548792748633,25.27721711455));
#9155 = CARTESIAN_POINT('',(14.61225010177,25.277217099294));
#9156 = CARTESIAN_POINT('',(16.739164709677,25.27721706878));
#9157 = CARTESIAN_POINT('',(17.802622062814,25.277217053523));
#9158 = CARTESIAN_POINT('',(18.86872290548,25.27721703823));
#9159 = CARTESIAN_POINT('',(19.940112463393,25.277217022858));
#9160 = CARTESIAN_POINT('',(21.019498610392,25.277217007374));
#9161 = CARTESIAN_POINT('',(22.109723621133,25.277216991733));
#9162 = CARTESIAN_POINT('',(23.765908410053,25.277216967973));
#9163 = CARTESIAN_POINT('',(24.321444527492,25.277216960003));
#9164 = CARTESIAN_POINT('',(24.880837757494,25.277216951977));
#9165 = CARTESIAN_POINT('',(25.444484179402,25.277216943892));
#9166 = CARTESIAN_POINT('',(26.012796494451,25.277216935738));
#9167 = CARTESIAN_POINT('',(26.586207159753,25.277216927512));
#9168 = CARTESIAN_POINT('',(27.744135884811,25.2772169109));
#9169 = CARTESIAN_POINT('',(28.328655552475,25.277216902514));
#9170 = CARTESIAN_POINT('',(28.919179712047,25.277216894043));
#9171 = CARTESIAN_POINT('',(29.516202658454,25.277216885477));
#9172 = CARTESIAN_POINT('',(30.120210126805,25.277216876813));
#9173 = CARTESIAN_POINT('',(30.73175834247,25.277216868039));
#9174 = CARTESIAN_POINT('',(31.351414811447,25.277216859149));
#9175 = ( GEOMETRIC_REPRESENTATION_CONTEXT(2) 
PARAMETRIC_REPRESENTATION_CONTEXT() REPRESENTATION_CONTEXT('2D SPACE',''
  ) );
#9176 = PCURVE('',#9177,#9182);
#9177 = SPHERICAL_SURFACE('',#9178,6.);
#9178 = AXIS2_PLACEMENT_3D('',#9179,#9180,#9181);
#9179 = CARTESIAN_POINT('',(47.753427275363,9.677216859149,208.4));
#9180 = DIRECTION('',(-9.056748240255E-09,-0.999916115686,
    1.295228129129E-02));
#9181 = DIRECTION('',(0.999664645613,-3.35419702503E-04,
    -2.589370202808E-02));
#9182 = DEFINITIONAL_REPRESENTATION('',(#9183),#9191);
#9183 = B_SPLINE_CURVE_WITH_KNOTS('',6,(#9184,#9185,#9186,#9187,#9188,
    #9189,#9190),.UNSPECIFIED.,.F.,.F.,(7,7),(0.,1.544895384557),
  .PIECEWISE_BEZIER_KNOTS.);
#9184 = CARTESIAN_POINT('',(0.,-3.355227975948E-04));
#9185 = CARTESIAN_POINT('',(-0.257460994328,-3.669390432559E-03));
#9186 = CARTESIAN_POINT('',(-0.51492269366,-6.976339360799E-03));
#9187 = CARTESIAN_POINT('',(-0.772395243951,-9.860308638688E-03));
#9188 = CARTESIAN_POINT('',(-1.02988924728,-1.192235966273E-02));
#9189 = CARTESIAN_POINT('',(-1.287393392703,-1.295266510803E-02));
#9190 = CARTESIAN_POINT('',(-1.544897557356,-1.295264346784E-02));
#9191 = ( GEOMETRIC_REPRESENTATION_CONTEXT(2) 
PARAMETRIC_REPRESENTATION_CONTEXT() REPRESENTATION_CONTEXT('2D SPACE',''
  ) );
#9192 = ORIENTED_EDGE('',*,*,#7874,.F.);
#9193 = ADVANCED_FACE('',(#9194),#7918,.F.);
#9194 = FACE_BOUND('',#9195,.F.);
#9195 = EDGE_LOOP('',(#9196,#9246,#9247,#9248));
#9196 = ORIENTED_EDGE('',*,*,#9197,.F.);
#9197 = EDGE_CURVE('',#8906,#7875,#9198,.T.);
#9198 = SURFACE_CURVE('',#9199,(#9204,#9240),.PCURVE_S1.);
#9199 = CIRCLE('',#9200,6.);
#9200 = AXIS2_PLACEMENT_3D('',#9201,#9202,#9203);
#9201 = CARTESIAN_POINT('',(47.753427275363,9.677216859149,208.4));
#9202 = DIRECTION('',(-2.589587440299E-02,-1.294793745242E-02,
    -0.999580789434));
#9203 = DIRECTION('',(0.999664645613,-3.35419702503E-04,
    -2.589370202808E-02));
#9204 = PCURVE('',#7918,#9205);
#9205 = DEFINITIONAL_REPRESENTATION('',(#9206),#9239);
#9206 = B_SPLINE_CURVE_WITH_KNOTS('',11,(#9207,#9208,#9209,#9210,#9211,
    #9212,#9213,#9214,#9215,#9216,#9217,#9218,#9219,#9220,#9221,#9222,
    #9223,#9224,#9225,#9226,#9227,#9228,#9229,#9230,#9231,#9232,#9233,
    #9234,#9235,#9236,#9237,#9238),.UNSPECIFIED.,.F.,.F.,(12,10,10,12),(
    4.712388980385,5.497619382383,5.890234583383,6.282849784382),
  .UNSPECIFIED.);
#9207 = CARTESIAN_POINT('',(77.310083796586,5.769394790756));
#9208 = CARTESIAN_POINT('',(73.407084987188,5.769394790756));
#9209 = CARTESIAN_POINT('',(69.630999563657,5.769394790757));
#9210 = CARTESIAN_POINT('',(65.961589157092,5.769394790754));
#9211 = CARTESIAN_POINT('',(62.381326646119,5.76939479076));
#9212 = CARTESIAN_POINT('',(58.874695778457,5.76939479075));
#9213 = CARTESIAN_POINT('',(55.427665522585,5.769394790763));
#9214 = CARTESIAN_POINT('',(52.027291858905,5.769394790751));
#9215 = CARTESIAN_POINT('',(48.661404484053,5.769394790759));
#9216 = CARTESIAN_POINT('',(45.318340643293,5.769394790755));
#9217 = CARTESIAN_POINT('',(41.986693073421,5.769394790756));
#9218 = CARTESIAN_POINT('',(36.989219135323,5.769394790756));
#9219 = CARTESIAN_POINT('',(35.323393919225,5.769394790757));
#9220 = CARTESIAN_POINT('',(33.656142650875,5.769394790754));
#9221 = CARTESIAN_POINT('',(31.986038589519,5.769394790758));
#9222 = CARTESIAN_POINT('',(30.311646918152,5.769394790753));
#9223 = CARTESIAN_POINT('',(28.631517345749,5.769394790759));
#9224 = CARTESIAN_POINT('',(26.944176129417,5.769394790754));
#9225 = CARTESIAN_POINT('',(25.248117516298,5.769394790757));
#9226 = CARTESIAN_POINT('',(23.541794605533,5.769394790756));
#9227 = CARTESIAN_POINT('',(21.823609629931,5.769394790756));
#9228 = CARTESIAN_POINT('',(18.360197685357,5.769394790756));
#9229 = CARTESIAN_POINT('',(16.614969912703,5.769394790754));
#9230 = CARTESIAN_POINT('',(14.854569828547,5.76939479076));
#9231 = CARTESIAN_POINT('',(13.077235350294,5.769394790748));
#9232 = CARTESIAN_POINT('',(11.281306978471,5.769394790767));
#9233 = CARTESIAN_POINT('',(9.464611584585,5.769394790745));
#9234 = CARTESIAN_POINT('',(7.625666366335,5.769394790764));
#9235 = CARTESIAN_POINT('',(5.761781487415,5.769394790751));
#9236 = CARTESIAN_POINT('',(3.871303403731,5.769394790758));
#9237 = CARTESIAN_POINT('',(1.951499404698,5.769394790756));
#9238 = CARTESIAN_POINT('',(8.585340109236E-15,5.769394790756));
#9239 = ( GEOMETRIC_REPRESENTATION_CONTEXT(2) 
PARAMETRIC_REPRESENTATION_CONTEXT() REPRESENTATION_CONTEXT('2D SPACE',''
  ) );
#9240 = PCURVE('',#9177,#9241);
#9241 = DEFINITIONAL_REPRESENTATION('',(#9242),#9245);
#9242 = B_SPLINE_CURVE_WITH_KNOTS('',1,(#9243,#9244),.UNSPECIFIED.,.F.,
  .F.,(2,2),(4.712388980385,6.282849784382),.PIECEWISE_BEZIER_KNOTS.);
#9243 = CARTESIAN_POINT('',(0.,-1.570796326795));
#9244 = CARTESIAN_POINT('',(0.,-3.355227975952E-04));
#9245 = ( GEOMETRIC_REPRESENTATION_CONTEXT(2) 
PARAMETRIC_REPRESENTATION_CONTEXT() REPRESENTATION_CONTEXT('2D SPACE',''
  ) );
#9246 = ORIENTED_EDGE('',*,*,#8905,.T.);
#9247 = ORIENTED_EDGE('',*,*,#8761,.F.);
#9248 = ORIENTED_EDGE('',*,*,#7898,.F.);
#9249 = ADVANCED_FACE('',(#9250),#7996,.F.);
#9250 = FACE_BOUND('',#9251,.F.);
#9251 = EDGE_LOOP('',(#9252,#9308,#9309,#9371));
#9252 = ORIENTED_EDGE('',*,*,#9253,.T.);
#9253 = EDGE_CURVE('',#8906,#7980,#9254,.T.);
#9254 = SURFACE_CURVE('',#9255,(#9260,#9302),.PCURVE_S1.);
#9255 = CIRCLE('',#9256,6.);
#9256 = AXIS2_PLACEMENT_3D('',#9257,#9258,#9259);
#9257 = CARTESIAN_POINT('',(47.753427275363,9.677216859149,208.4));
#9258 = DIRECTION('',(-1.,9.057508085674E-09,4.830862423117E-15));
#9259 = DIRECTION('',(-1.173202229809E-10,-1.295228129129E-02,
    -0.999916115686));
#9260 = PCURVE('',#7996,#9261);
#9261 = DEFINITIONAL_REPRESENTATION('',(#9262),#9301);
#9262 = B_SPLINE_CURVE_WITH_KNOTS('',7,(#9263,#9264,#9265,#9266,#9267,
    #9268,#9269,#9270,#9271,#9272,#9273,#9274,#9275,#9276,#9277,#9278,
    #9279,#9280,#9281,#9282,#9283,#9284,#9285,#9286,#9287,#9288,#9289,
    #9290,#9291,#9292,#9293,#9294,#9295,#9296,#9297,#9298,#9299,#9300),
  .UNSPECIFIED.,.F.,.F.,(8,6,6,6,6,6,8),(4.712388980385,4.907119440801,
    5.101849901216,5.491310822048,5.88077174288,6.075502203296,
    6.270232663712),.UNSPECIFIED.);
#9263 = CARTESIAN_POINT('',(-2.206262865495E-15,5.846572670296));
#9264 = CARTESIAN_POINT('',(2.128569977487,5.846572671372));
#9265 = CARTESIAN_POINT('',(4.228793323205,5.846572672434));
#9266 = CARTESIAN_POINT('',(6.302663751852,5.846572673482));
#9267 = CARTESIAN_POINT('',(8.352135742215,5.846572674518));
#9268 = CARTESIAN_POINT('',(10.378910927341,5.846572675542));
#9269 = CARTESIAN_POINT('',(12.384723130977,5.846572676556));
#9270 = CARTESIAN_POINT('',(16.357566127023,5.846572678564));
#9271 = CARTESIAN_POINT('',(18.324602725268,5.846572679558));
#9272 = CARTESIAN_POINT('',(20.273848926471,5.846572680544));
#9273 = CARTESIAN_POINT('',(22.206817858961,5.846572681521));
#9274 = CARTESIAN_POINT('',(24.124952451611,5.84657268249));
#9275 = CARTESIAN_POINT('',(26.02963660878,5.846572683453));
#9276 = CARTESIAN_POINT('',(31.707345938214,5.846572686323));
#9277 = CARTESIAN_POINT('',(35.444027615975,5.846572688212));
#9278 = CARTESIAN_POINT('',(39.142934751272,5.846572690081));
#9279 = CARTESIAN_POINT('',(42.81398060432,5.846572691937));
#9280 = CARTESIAN_POINT('',(46.466602171259,5.846572693783));
#9281 = CARTESIAN_POINT('',(50.11001472758,5.846572695625));
#9282 = CARTESIAN_POINT('',(57.396839485491,5.846572699308));
#9283 = CARTESIAN_POINT('',(61.040252041812,5.84657270115));
#9284 = CARTESIAN_POINT('',(64.692873608748,5.846572702996));
#9285 = CARTESIAN_POINT('',(68.363919461802,5.846572704852));
#9286 = CARTESIAN_POINT('',(72.062826597094,5.846572706721));
#9287 = CARTESIAN_POINT('',(75.799508274858,5.84657270861));
#9288 = CARTESIAN_POINT('',(81.47721760429,5.84657271148));
#9289 = CARTESIAN_POINT('',(83.381901761461,5.846572712443));
#9290 = CARTESIAN_POINT('',(85.300036354108,5.846572713412));
#9291 = CARTESIAN_POINT('',(87.233005286602,5.846572714389));
#9292 = CARTESIAN_POINT('',(89.182251487801,5.846572715374));
#9293 = CARTESIAN_POINT('',(91.149288086048,5.846572716369));
#9294 = CARTESIAN_POINT('',(95.122131082094,5.846572718377));
#9295 = CARTESIAN_POINT('',(97.127943285729,5.846572719391));
#9296 = CARTESIAN_POINT('',(99.154718470857,5.846572720415));
#9297 = CARTESIAN_POINT('',(101.20419046121,5.846572721451));
#9298 = CARTESIAN_POINT('',(103.27806088986,5.846572722499));
#9299 = CARTESIAN_POINT('',(105.37828423558,5.846572723561));
#9300 = CARTESIAN_POINT('',(107.50685421307,5.846572724637));
#9301 = ( GEOMETRIC_REPRESENTATION_CONTEXT(2) 
PARAMETRIC_REPRESENTATION_CONTEXT() REPRESENTATION_CONTEXT('2D SPACE',''
  ) );
#9302 = PCURVE('',#9177,#9303);
#9303 = DEFINITIONAL_REPRESENTATION('',(#9304),#9307);
#9304 = B_SPLINE_CURVE_WITH_KNOTS('',1,(#9305,#9306),.UNSPECIFIED.,.F.,
  .F.,(2,2),(4.712388980385,6.270232663712),.PIECEWISE_BEZIER_KNOTS.);
#9305 = CARTESIAN_POINT('',(-1.544897557356,-1.570796326795));
#9306 = CARTESIAN_POINT('',(-1.544897557356,-1.295264346784E-02));
#9307 = ( GEOMETRIC_REPRESENTATION_CONTEXT(2) 
PARAMETRIC_REPRESENTATION_CONTEXT() REPRESENTATION_CONTEXT('2D SPACE',''
  ) );
#9308 = ORIENTED_EDGE('',*,*,#7979,.T.);
#9309 = ORIENTED_EDGE('',*,*,#9310,.F.);
#9310 = EDGE_CURVE('',#8935,#7956,#9311,.T.);
#9311 = SURFACE_CURVE('',#9312,(#9317,#9359),.PCURVE_S1.);
#9312 = CIRCLE('',#9313,6.);
#9313 = AXIS2_PLACEMENT_3D('',#9314,#9315,#9316);
#9314 = CARTESIAN_POINT('',(-47.75342727536,9.677216859149,208.4));
#9315 = DIRECTION('',(-1.,-9.057506823421E-09,1.184237884903E-15));
#9316 = DIRECTION('',(-9.056747056017E-09,0.999916115686,
    -1.295228129127E-02));
#9317 = PCURVE('',#7996,#9318);
#9318 = DEFINITIONAL_REPRESENTATION('',(#9319),#9358);
#9319 = B_SPLINE_CURVE_WITH_KNOTS('',7,(#9320,#9321,#9322,#9323,#9324,
    #9325,#9326,#9327,#9328,#9329,#9330,#9331,#9332,#9333,#9334,#9335,
    #9336,#9337,#9338,#9339,#9340,#9341,#9342,#9343,#9344,#9345,#9346,
    #9347,#9348,#9349,#9350,#9351,#9352,#9353,#9354,#9355,#9356,#9357),
  .UNSPECIFIED.,.F.,.F.,(8,6,6,6,6,6,8),(0.,0.194730460416,
    0.389460920832,0.778921841664,1.168382762495,1.363113222911,
    1.557843683327),.UNSPECIFIED.);
#9320 = CARTESIAN_POINT('',(7.993605777301E-15,101.3534273297));
#9321 = CARTESIAN_POINT('',(2.128569977487,101.35342732862));
#9322 = CARTESIAN_POINT('',(4.228793323204,101.35342732756));
#9323 = CARTESIAN_POINT('',(6.302663751851,101.35342732652));
#9324 = CARTESIAN_POINT('',(8.352135742214,101.35342732547));
#9325 = CARTESIAN_POINT('',(10.37891092734,101.35342732446));
#9326 = CARTESIAN_POINT('',(12.384723130976,101.35342732344));
#9327 = CARTESIAN_POINT('',(16.357566127023,101.35342732143));
#9328 = CARTESIAN_POINT('',(18.324602725268,101.35342732044));
#9329 = CARTESIAN_POINT('',(20.27384892647,101.35342731945));
#9330 = CARTESIAN_POINT('',(22.20681785896,101.35342731848));
#9331 = CARTESIAN_POINT('',(24.12495245161,101.3534273175));
#9332 = CARTESIAN_POINT('',(26.02963660878,101.35342731654));
#9333 = CARTESIAN_POINT('',(31.707345938213,101.35342731367));
#9334 = CARTESIAN_POINT('',(35.444027615972,101.35342731178));
#9335 = CARTESIAN_POINT('',(39.142934751271,101.35342730991));
#9336 = CARTESIAN_POINT('',(42.81398060432,101.35342730806));
#9337 = CARTESIAN_POINT('',(46.466602171259,101.35342730621));
#9338 = CARTESIAN_POINT('',(50.110014727579,101.35342730437));
#9339 = CARTESIAN_POINT('',(57.396839485491,101.35342730069));
#9340 = CARTESIAN_POINT('',(61.040252041812,101.35342729885));
#9341 = CARTESIAN_POINT('',(64.692873608749,101.353427297));
#9342 = CARTESIAN_POINT('',(68.363919461799,101.35342729515));
#9343 = CARTESIAN_POINT('',(72.062826597096,101.35342729327));
#9344 = CARTESIAN_POINT('',(75.799508274858,101.35342729139));
#9345 = CARTESIAN_POINT('',(81.47721760429,101.35342728852));
#9346 = CARTESIAN_POINT('',(83.381901761462,101.35342728756));
#9347 = CARTESIAN_POINT('',(85.300036354106,101.35342728658));
#9348 = CARTESIAN_POINT('',(87.233005286603,101.35342728561));
#9349 = CARTESIAN_POINT('',(89.1822514878,101.35342728462));
#9350 = CARTESIAN_POINT('',(91.149288086048,101.35342728363));
#9351 = CARTESIAN_POINT('',(95.122131082093,101.35342728162));
#9352 = CARTESIAN_POINT('',(97.127943285732,101.35342728061));
#9353 = CARTESIAN_POINT('',(99.154718470852,101.35342727958));
#9354 = CARTESIAN_POINT('',(101.20419046122,101.35342727855));
#9355 = CARTESIAN_POINT('',(103.27806088986,101.35342727749));
#9356 = CARTESIAN_POINT('',(105.37828423558,101.35342727644));
#9357 = CARTESIAN_POINT('',(107.50685421307,101.35342727536));
#9358 = ( GEOMETRIC_REPRESENTATION_CONTEXT(2) 
PARAMETRIC_REPRESENTATION_CONTEXT() REPRESENTATION_CONTEXT('2D SPACE',''
  ) );
#9359 = PCURVE('',#9052,#9360);
#9360 = DEFINITIONAL_REPRESENTATION('',(#9361),#9370);
#9361 = B_SPLINE_CURVE_WITH_KNOTS('',7,(#9362,#9363,#9364,#9365,#9366,
    #9367,#9368,#9369),.UNSPECIFIED.,.F.,.F.,(8,8),(0.,1.557843683327),
  .PIECEWISE_BEZIER_KNOTS.);
#9362 = CARTESIAN_POINT('',(4.440892098501E-15,-3.355227975962E-04));
#9363 = CARTESIAN_POINT('',(-0.222474477325,-6.098626251916E-03));
#9364 = CARTESIAN_POINT('',(-0.444950009695,-1.184233717118E-02));
#9365 = CARTESIAN_POINT('',(-0.667450316881,-1.710089869545E-02));
#9366 = CARTESIAN_POINT('',(-0.890000636889,-2.141022708126E-02));
#9367 = CARTESIAN_POINT('',(-1.112600544741,-2.440399412804E-02));
#9368 = CARTESIAN_POINT('',(-1.335224261471,-2.590096094242E-02));
#9369 = CARTESIAN_POINT('',(-1.557848029472,-2.590094223822E-02));
#9370 = ( GEOMETRIC_REPRESENTATION_CONTEXT(2) 
PARAMETRIC_REPRESENTATION_CONTEXT() REPRESENTATION_CONTEXT('2D SPACE',''
  ) );
#9371 = ORIENTED_EDGE('',*,*,#8934,.F.);
#9372 = ADVANCED_FACE('',(#9373),#9052,.F.);
#9373 = FACE_BOUND('',#9374,.T.);
#9374 = EDGE_LOOP('',(#9375,#9376,#9377));
#9375 = ORIENTED_EDGE('',*,*,#9069,.F.);
#9376 = ORIENTED_EDGE('',*,*,#9002,.T.);
#9377 = ORIENTED_EDGE('',*,*,#9310,.F.);
#9378 = ADVANCED_FACE('',(#9379),#9177,.F.);
#9379 = FACE_BOUND('',#9380,.T.);
#9380 = EDGE_LOOP('',(#9381,#9382,#9383));
#9381 = ORIENTED_EDGE('',*,*,#9197,.F.);
#9382 = ORIENTED_EDGE('',*,*,#9253,.T.);
#9383 = ORIENTED_EDGE('',*,*,#9127,.F.);
#9384 = ( GEOMETRIC_REPRESENTATION_CONTEXT(3) 
GLOBAL_UNCERTAINTY_ASSIGNED_CONTEXT((#9388)) 
GLOBAL_UNIT_ASSIGNED_CONTEXT((#9385,#9386,#9387)) REPRESENTATION_CONTEXT
('Context #1','3D Context with UNIT and UNCERTAINTY') );
#9385 = ( LENGTH_UNIT() NAMED_UNIT(*) SI_UNIT(.MILLI.,.METRE.) );
#9386 = ( NAMED_UNIT(*) PLANE_ANGLE_UNIT() SI_UNIT($,.RADIAN.) );
#9387 = ( NAMED_UNIT(*) SI_UNIT($,.STERADIAN.) SOLID_ANGLE_UNIT() );
#9388 = UNCERTAINTY_MEASURE_WITH_UNIT(LENGTH_MEASURE(1.E-03),#9385,
  'distance_accuracy_value','confusion accuracy');
#9389 = PRODUCT_RELATED_PRODUCT_CATEGORY('part',$,(#7));
ENDSEC;
END-ISO-10303-21;
