ISO-10303-21;
HEADER;
FILE_DESCRIPTION(('Open CASCADE Model'),'2;1');
FILE_NAME('Open CASCADE Shape Model','2026-08-23T11:27:53',('Author'),(
    'Open CASCADE'),'Open CASCADE STEP processor 7.9','Open CASCADE 7.9'
  ,'Unknown');
FILE_SCHEMA(('AUTOMOTIVE_DESIGN { 1 0 10303 214 1 1 1 1 }'));
ENDSEC;
DATA;
#1 = APPLICATION_PROTOCOL_DEFINITION('international standard',
  'automotive_design',2000,#2);
#2 = APPLICATION_CONTEXT(
  'core data for automotive mechanical design processes');
#3 = SHAPE_DEFINITION_REPRESENTATION(#4,#10);
#4 = PRODUCT_DEFINITION_SHAPE('','',#5);
#5 = PRODUCT_DEFINITION('design','',#6,#9);
#6 = PRODUCT_DEFINITION_FORMATION('','',#7);
#7 = PRODUCT('Open CASCADE STEP translator 7.9 18',
  'Open CASCADE STEP translator 7.9 18','',(#8));
#8 = PRODUCT_CONTEXT('',#2,'mechanical');
#9 = PRODUCT_DEFINITION_CONTEXT('part definition',#2,'design');
#10 = ADVANCED_BREP_SHAPE_REPRESENTATION('',(#11,#15),#9017);
#11 = AXIS2_PLACEMENT_3D('',#12,#13,#14);
#12 = CARTESIAN_POINT('',(0.,0.,0.));
#13 = DIRECTION('',(0.,0.,1.));
#14 = DIRECTION('',(1.,0.,-0.));
#15 = MANIFOLD_SOLID_BREP('',#16);
#16 = CLOSED_SHELL('',(#17,#2066,#2142,#2197,#2252,#2287,#2342,#2396,
    #2451,#2506,#2536,#2569,#2690,#2768,#2795,#2846,#2901,#2957,#2983,
    #3056,#3155,#3187,#3263,#3318,#3373,#3427,#3481,#3536,#3591,#3623,
    #3699,#3798,#3897,#3975,#4053,#4080,#4107,#4158,#4209,#4241,#4319,
    #4346,#4396,#6446,#6473,#6523,#6550,#6598,#6604,#6631,#6658,#6685,
    #6692,#6719,#6726,#6804,#6831,#6858,#6908,#6958,#6985,#7012,#7039,
    #7088,#7094,#7100,#7127,#7154,#7161,#7168,#7229,#7372,#7428,#7483,
    #7539,#7693,#7720,#7749,#7755,#7811,#7866,#7899,#7926,#7934,#8012,
    #8039,#8066,#8116,#8166,#8193,#8220,#8247,#8254,#8330,#8385,#8439,
    #8494,#8548,#8603,#8657,#8690,#8697,#8775,#8802,#8852,#8879,#8929,
    #8956,#9004,#9010));
#17 = ADVANCED_FACE('',(#18,#547,#1157,#1531),#32,.T.);
#18 = FACE_BOUND('',#19,.T.);
#19 = EDGE_LOOP('',(#20,#53,#123,#152,#175,#202,#203,#227,#288,#314,#375
    ,#404,#427,#454,#455,#479));
#20 = ORIENTED_EDGE('',*,*,#21,.T.);
#21 = EDGE_CURVE('',#22,#24,#26,.T.);
#22 = VERTEX_POINT('',#23);
#23 = CARTESIAN_POINT('',(19.339079605814,-2.5,-2.75));
#24 = VERTEX_POINT('',#25);
#25 = CARTESIAN_POINT('',(19.339079605814,-2.5,2.75));
#26 = SURFACE_CURVE('',#27,(#31,#42),.PCURVE_S1.);
#27 = LINE('',#28,#29);
#28 = CARTESIAN_POINT('',(19.339079605814,-2.5,-5.));
#29 = VECTOR('',#30,1.);
#30 = DIRECTION('',(0.,0.,1.));
#31 = PCURVE('',#32,#37);
#32 = CYLINDRICAL_SURFACE('',#33,19.5);
#33 = AXIS2_PLACEMENT_3D('',#34,#35,#36);
#34 = CARTESIAN_POINT('',(0.,0.,-5.));
#35 = DIRECTION('',(0.,0.,1.));
#36 = DIRECTION('',(1.,0.,-0.));
#37 = DEFINITIONAL_REPRESENTATION('',(#38),#41);
#38 = B_SPLINE_CURVE_WITH_KNOTS('',1,(#39,#40),.UNSPECIFIED.,.F.,.F.,(2,
    2),(1.7,8.3),.PIECEWISE_BEZIER_KNOTS.);
#39 = CARTESIAN_POINT('',(6.154626347138,1.7));
#40 = CARTESIAN_POINT('',(6.154626347138,8.3));
#41 = ( GEOMETRIC_REPRESENTATION_CONTEXT(2) 
PARAMETRIC_REPRESENTATION_CONTEXT() REPRESENTATION_CONTEXT('2D SPACE',''
  ) );
#42 = PCURVE('',#43,#48);
#43 = PLANE('',#44);
#44 = AXIS2_PLACEMENT_3D('',#45,#46,#47);
#45 = CARTESIAN_POINT('',(17.,-2.5,-4.));
#46 = DIRECTION('',(0.,1.,0.));
#47 = DIRECTION('',(0.,0.,1.));
#48 = DEFINITIONAL_REPRESENTATION('',(#49),#52);
#49 = B_SPLINE_CURVE_WITH_KNOTS('',1,(#50,#51),.UNSPECIFIED.,.F.,.F.,(2,
    2),(1.7,8.3),.PIECEWISE_BEZIER_KNOTS.);
#50 = CARTESIAN_POINT('',(0.7,2.339079605814));
#51 = CARTESIAN_POINT('',(7.3,2.339079605814));
#52 = ( GEOMETRIC_REPRESENTATION_CONTEXT(2) 
PARAMETRIC_REPRESENTATION_CONTEXT() REPRESENTATION_CONTEXT('2D SPACE',''
  ) );
#53 = ORIENTED_EDGE('',*,*,#54,.T.);
#54 = EDGE_CURVE('',#24,#55,#57,.T.);
#55 = VERTEX_POINT('',#56);
#56 = CARTESIAN_POINT('',(19.459894655419,-1.25,4.));
#57 = SURFACE_CURVE('',#58,(#76,#97),.PCURVE_S1.);
#58 = B_SPLINE_CURVE_WITH_KNOTS('',6,(#59,#60,#61,#62,#63,#64,#65,#66,
    #67,#68,#69,#70,#71,#72,#73,#74,#75),.UNSPECIFIED.,.F.,.F.,(7,5,5,7)
  ,(0.,0.466580272108,0.636613718901,1.),.UNSPECIFIED.);
#59 = CARTESIAN_POINT('',(19.339079605814,-2.5,2.75));
#60 = CARTESIAN_POINT('',(19.339079605814,-2.5,2.887031686524));
#61 = CARTESIAN_POINT('',(19.341410084294,-2.48197314769,3.024082715335)
  );
#62 = CARTESIAN_POINT('',(19.34607134428,-2.445911242745,3.159299293834)
  );
#63 = CARTESIAN_POINT('',(19.352981037809,-2.39147977703,3.290722061473)
  );
#64 = CARTESIAN_POINT('',(19.361941286782,-2.318172559996,3.415926500177
    ));
#65 = CARTESIAN_POINT('',(19.376461403319,-2.191779676663,3.57369060732)
  );
#66 = CARTESIAN_POINT('',(19.380562647457,-2.155457025939,3.614552757644
    ));
#67 = CARTESIAN_POINT('',(19.384866609395,-2.116570657236,3.653949759383
    ));
#68 = CARTESIAN_POINT('',(19.389348876867,-2.075133699331,3.691679959335
    ));
#69 = CARTESIAN_POINT('',(19.393981406663,-2.031173208148,3.727529414417
    ));
#70 = CARTESIAN_POINT('',(19.408887735603,-1.885478999607,3.833382453006
    ));
#71 = CARTESIAN_POINT('',(19.419688991734,-1.773886486231,3.896599466616
    ));
#72 = CARTESIAN_POINT('',(19.430685616703,-1.651590308487,3.947135125616
    ));
#73 = CARTESIAN_POINT('',(19.441320521814,-1.521273087543,3.982182307995
    ));
#74 = CARTESIAN_POINT('',(19.451143672633,-1.386234562522,4.));
#75 = CARTESIAN_POINT('',(19.459894655419,-1.25,4.));
#76 = PCURVE('',#32,#77);
#77 = DEFINITIONAL_REPRESENTATION('',(#78),#96);
#78 = B_SPLINE_CURVE_WITH_KNOTS('',6,(#79,#80,#81,#82,#83,#84,#85,#86,
    #87,#88,#89,#90,#91,#92,#93,#94,#95),.UNSPECIFIED.,.F.,.F.,(7,5,5,7)
  ,(0.,0.466580272108,0.636613718901,1.),.UNSPECIFIED.);
#79 = CARTESIAN_POINT('',(6.154626347138,7.75));
#80 = CARTESIAN_POINT('',(6.154626347138,7.887031686524));
#81 = CARTESIAN_POINT('',(6.155558494537,8.024082715335));
#82 = CARTESIAN_POINT('',(6.157423206272,8.159299293834));
#83 = CARTESIAN_POINT('',(6.160236960605,8.290722061473));
#84 = CARTESIAN_POINT('',(6.164024183903,8.415926500177));
#85 = CARTESIAN_POINT('',(6.170548501384,8.57369060732));
#86 = CARTESIAN_POINT('',(6.172423034058,8.614552757644));
#87 = CARTESIAN_POINT('',(6.174429376373,8.653949759383));
#88 = CARTESIAN_POINT('',(6.176566733309,8.691679959335));
#89 = CARTESIAN_POINT('',(6.178833589737,8.727529414417));
#90 = CARTESIAN_POINT('',(6.186344091005,8.833382453006));
#91 = CARTESIAN_POINT('',(6.19209344336,8.896599466616));
#92 = CARTESIAN_POINT('',(6.198390108322,8.947135125616));
#93 = CARTESIAN_POINT('',(6.205094872096,8.982182307995));
#94 = CARTESIAN_POINT('',(6.212037974416,9.));
#95 = CARTESIAN_POINT('',(6.219038760645,9.));
#96 = ( GEOMETRIC_REPRESENTATION_CONTEXT(2) 
PARAMETRIC_REPRESENTATION_CONTEXT() REPRESENTATION_CONTEXT('2D SPACE',''
  ) );
#97 = PCURVE('',#98,#103);
#98 = CYLINDRICAL_SURFACE('',#99,1.25);
#99 = AXIS2_PLACEMENT_3D('',#100,#101,#102);
#100 = CARTESIAN_POINT('',(17.,-1.25,2.75));
#101 = DIRECTION('',(1.,0.,0.));
#102 = DIRECTION('',(0.,-1.,0.));
#103 = DEFINITIONAL_REPRESENTATION('',(#104),#122);
#104 = B_SPLINE_CURVE_WITH_KNOTS('',6,(#105,#106,#107,#108,#109,#110,
    #111,#112,#113,#114,#115,#116,#117,#118,#119,#120,#121),
  .UNSPECIFIED.,.F.,.F.,(7,5,5,7),(0.,0.466580272108,0.636613718901,1.),
  .UNSPECIFIED.);
#105 = CARTESIAN_POINT('',(0.,2.339079605814));
#106 = CARTESIAN_POINT('',(-0.109625349219,2.339079605814));
#107 = CARTESIAN_POINT('',(-0.219267503356,2.341410084294));
#108 = CARTESIAN_POINT('',(-0.329806107699,2.346071344281));
#109 = CARTESIAN_POINT('',(-0.442076617945,2.352981037809));
#110 = CARTESIAN_POINT('',(-0.556916213285,2.361941286782));
#111 = CARTESIAN_POINT('',(-0.718636316099,2.376461403319));
#112 = CARTESIAN_POINT('',(-0.762316710685,2.380562647457));
#113 = CARTESIAN_POINT('',(-0.806509883398,2.384866609395));
#114 = CARTESIAN_POINT('',(-0.851244488821,2.389348876867));
#115 = CARTESIAN_POINT('',(-0.896553774104,2.393981406663));
#116 = CARTESIAN_POINT('',(-1.040624130652,2.408887735603));
#117 = CARTESIAN_POINT('',(-1.142574432826,2.419688991734));
#118 = CARTESIAN_POINT('',(-1.247192538716,2.430685616703));
#119 = CARTESIAN_POINT('',(-1.353778146788,2.441320521814));
#120 = CARTESIAN_POINT('',(-1.461808676777,2.451143672633));
#121 = CARTESIAN_POINT('',(-1.570796326795,2.459894655419));
#122 = ( GEOMETRIC_REPRESENTATION_CONTEXT(2) 
PARAMETRIC_REPRESENTATION_CONTEXT() REPRESENTATION_CONTEXT('2D SPACE',''
  ) );
#123 = ORIENTED_EDGE('',*,*,#124,.T.);
#124 = EDGE_CURVE('',#55,#125,#127,.T.);
#125 = VERTEX_POINT('',#126);
#126 = CARTESIAN_POINT('',(19.5,-4.776122516675E-15,4.));
#127 = SURFACE_CURVE('',#128,(#133,#140),.PCURVE_S1.);
#128 = CIRCLE('',#129,19.5);
#129 = AXIS2_PLACEMENT_3D('',#130,#131,#132);
#130 = CARTESIAN_POINT('',(0.,0.,4.));
#131 = DIRECTION('',(0.,0.,1.));
#132 = DIRECTION('',(1.,0.,-0.));
#133 = PCURVE('',#32,#134);
#134 = DEFINITIONAL_REPRESENTATION('',(#135),#139);
#135 = LINE('',#136,#137);
#136 = CARTESIAN_POINT('',(0.,9.));
#137 = VECTOR('',#138,1.);
#138 = DIRECTION('',(1.,0.));
#139 = ( GEOMETRIC_REPRESENTATION_CONTEXT(2) 
PARAMETRIC_REPRESENTATION_CONTEXT() REPRESENTATION_CONTEXT('2D SPACE',''
  ) );
#140 = PCURVE('',#141,#146);
#141 = PLANE('',#142);
#142 = AXIS2_PLACEMENT_3D('',#143,#144,#145);
#143 = CARTESIAN_POINT('',(17.,-2.5,4.));
#144 = DIRECTION('',(0.,0.,1.));
#145 = DIRECTION('',(1.,0.,0.));
#146 = DEFINITIONAL_REPRESENTATION('',(#147),#151);
#147 = CIRCLE('',#148,19.5);
#148 = AXIS2_PLACEMENT_2D('',#149,#150);
#149 = CARTESIAN_POINT('',(-17.,2.5));
#150 = DIRECTION('',(1.,0.));
#151 = ( GEOMETRIC_REPRESENTATION_CONTEXT(2) 
PARAMETRIC_REPRESENTATION_CONTEXT() REPRESENTATION_CONTEXT('2D SPACE',''
  ) );
#152 = ORIENTED_EDGE('',*,*,#153,.T.);
#153 = EDGE_CURVE('',#125,#154,#156,.T.);
#154 = VERTEX_POINT('',#155);
#155 = CARTESIAN_POINT('',(19.5,-4.776122516675E-15,5.));
#156 = SEAM_CURVE('',#157,(#161,#168),.PCURVE_S1.);
#157 = LINE('',#158,#159);
#158 = CARTESIAN_POINT('',(19.5,-4.776122516675E-15,-5.));
#159 = VECTOR('',#160,1.);
#160 = DIRECTION('',(0.,0.,1.));
#161 = PCURVE('',#32,#162);
#162 = DEFINITIONAL_REPRESENTATION('',(#163),#167);
#163 = LINE('',#164,#165);
#164 = CARTESIAN_POINT('',(0.,-0.));
#165 = VECTOR('',#166,1.);
#166 = DIRECTION('',(0.,1.));
#167 = ( GEOMETRIC_REPRESENTATION_CONTEXT(2) 
PARAMETRIC_REPRESENTATION_CONTEXT() REPRESENTATION_CONTEXT('2D SPACE',''
  ) );
#168 = PCURVE('',#32,#169);
#169 = DEFINITIONAL_REPRESENTATION('',(#170),#174);
#170 = LINE('',#171,#172);
#171 = CARTESIAN_POINT('',(6.28318530718,-0.));
#172 = VECTOR('',#173,1.);
#173 = DIRECTION('',(0.,1.));
#174 = ( GEOMETRIC_REPRESENTATION_CONTEXT(2) 
PARAMETRIC_REPRESENTATION_CONTEXT() REPRESENTATION_CONTEXT('2D SPACE',''
  ) );
#175 = ORIENTED_EDGE('',*,*,#176,.F.);
#176 = EDGE_CURVE('',#154,#154,#177,.T.);
#177 = SURFACE_CURVE('',#178,(#183,#190),.PCURVE_S1.);
#178 = CIRCLE('',#179,19.5);
#179 = AXIS2_PLACEMENT_3D('',#180,#181,#182);
#180 = CARTESIAN_POINT('',(0.,0.,5.));
#181 = DIRECTION('',(0.,0.,1.));
#182 = DIRECTION('',(1.,0.,-0.));
#183 = PCURVE('',#32,#184);
#184 = DEFINITIONAL_REPRESENTATION('',(#185),#189);
#185 = LINE('',#186,#187);
#186 = CARTESIAN_POINT('',(0.,10.));
#187 = VECTOR('',#188,1.);
#188 = DIRECTION('',(1.,0.));
#189 = ( GEOMETRIC_REPRESENTATION_CONTEXT(2) 
PARAMETRIC_REPRESENTATION_CONTEXT() REPRESENTATION_CONTEXT('2D SPACE',''
  ) );
#190 = PCURVE('',#191,#196);
#191 = PLANE('',#192);
#192 = AXIS2_PLACEMENT_3D('',#193,#194,#195);
#193 = CARTESIAN_POINT('',(0.,0.,5.));
#194 = DIRECTION('',(0.,0.,1.));
#195 = DIRECTION('',(1.,0.,-0.));
#196 = DEFINITIONAL_REPRESENTATION('',(#197),#201);
#197 = CIRCLE('',#198,19.5);
#198 = AXIS2_PLACEMENT_2D('',#199,#200);
#199 = CARTESIAN_POINT('',(0.,0.));
#200 = DIRECTION('',(1.,0.));
#201 = ( GEOMETRIC_REPRESENTATION_CONTEXT(2) 
PARAMETRIC_REPRESENTATION_CONTEXT() REPRESENTATION_CONTEXT('2D SPACE',''
  ) );
#202 = ORIENTED_EDGE('',*,*,#153,.F.);
#203 = ORIENTED_EDGE('',*,*,#204,.T.);
#204 = EDGE_CURVE('',#125,#205,#207,.T.);
#205 = VERTEX_POINT('',#206);
#206 = CARTESIAN_POINT('',(19.459894655419,1.25,4.));
#207 = SURFACE_CURVE('',#208,(#213,#220),.PCURVE_S1.);
#208 = CIRCLE('',#209,19.5);
#209 = AXIS2_PLACEMENT_3D('',#210,#211,#212);
#210 = CARTESIAN_POINT('',(0.,0.,4.));
#211 = DIRECTION('',(0.,0.,1.));
#212 = DIRECTION('',(1.,0.,-0.));
#213 = PCURVE('',#32,#214);
#214 = DEFINITIONAL_REPRESENTATION('',(#215),#219);
#215 = LINE('',#216,#217);
#216 = CARTESIAN_POINT('',(0.,9.));
#217 = VECTOR('',#218,1.);
#218 = DIRECTION('',(1.,0.));
#219 = ( GEOMETRIC_REPRESENTATION_CONTEXT(2) 
PARAMETRIC_REPRESENTATION_CONTEXT() REPRESENTATION_CONTEXT('2D SPACE',''
  ) );
#220 = PCURVE('',#141,#221);
#221 = DEFINITIONAL_REPRESENTATION('',(#222),#226);
#222 = CIRCLE('',#223,19.5);
#223 = AXIS2_PLACEMENT_2D('',#224,#225);
#224 = CARTESIAN_POINT('',(-17.,2.5));
#225 = DIRECTION('',(1.,0.));
#226 = ( GEOMETRIC_REPRESENTATION_CONTEXT(2) 
PARAMETRIC_REPRESENTATION_CONTEXT() REPRESENTATION_CONTEXT('2D SPACE',''
  ) );
#227 = ORIENTED_EDGE('',*,*,#228,.F.);
#228 = EDGE_CURVE('',#229,#205,#231,.T.);
#229 = VERTEX_POINT('',#230);
#230 = CARTESIAN_POINT('',(19.339079605814,2.5,2.75));
#231 = SURFACE_CURVE('',#232,(#247,#265),.PCURVE_S1.);
#232 = B_SPLINE_CURVE_WITH_KNOTS('',7,(#233,#234,#235,#236,#237,#238,
    #239,#240,#241,#242,#243,#244,#245,#246),.UNSPECIFIED.,.F.,.F.,(8,6,
    8),(0.,0.458382843303,1.),.UNSPECIFIED.);
#233 = CARTESIAN_POINT('',(19.339079605814,2.5,2.75));
#234 = CARTESIAN_POINT('',(19.339079605814,2.5,2.864861504345));
#235 = CARTESIAN_POINT('',(19.340671492396,2.487686231072,2.979729932157
    ));
#236 = CARTESIAN_POINT('',(19.343855197202,2.463056599011,3.093617123589
    ));
#237 = CARTESIAN_POINT('',(19.348598273678,2.425979706452,3.205494489801
    ));
#238 = CARTESIAN_POINT('',(19.354827879747,2.376234104103,3.314200184877
    ));
#239 = CARTESIAN_POINT('',(19.362419569142,2.313555762664,3.418333119595
    ));
#240 = CARTESIAN_POINT('',(19.381537479823,2.14805655539,3.631693411979)
  );
#241 = CARTESIAN_POINT('',(19.39375477481,2.038049141516,3.740943796452)
  );
#242 = CARTESIAN_POINT('',(19.407401017283,1.907964248676,3.837490147589
    ));
#243 = CARTESIAN_POINT('',(19.421696677929,1.760002060547,3.91575395378)
  );
#244 = CARTESIAN_POINT('',(19.435692424716,1.597769494174,3.971111181717
    ));
#245 = CARTESIAN_POINT('',(19.448593634745,1.425933337444,4.));
#246 = CARTESIAN_POINT('',(19.459894655419,1.25,4.));
#247 = PCURVE('',#32,#248);
#248 = DEFINITIONAL_REPRESENTATION('',(#249),#264);
#249 = B_SPLINE_CURVE_WITH_KNOTS('',7,(#250,#251,#252,#253,#254,#255,
    #256,#257,#258,#259,#260,#261,#262,#263),.UNSPECIFIED.,.F.,.F.,(8,6,
    8),(0.,0.458382843303,1.),.UNSPECIFIED.);
#250 = CARTESIAN_POINT('',(0.128558960041,7.75));
#251 = CARTESIAN_POINT('',(0.128558960041,7.864861504345));
#252 = CARTESIAN_POINT('',(0.127922229616,7.979729932157));
#253 = CARTESIAN_POINT('',(0.126648663706,8.093617123589));
#254 = CARTESIAN_POINT('',(0.124731790658,8.205494489801));
#255 = CARTESIAN_POINT('',(0.122160829158,8.314200184877));
#256 = CARTESIAN_POINT('',(0.118923112975,8.418333119595));
#257 = CARTESIAN_POINT('',(0.110379535218,8.631693411979));
#258 = CARTESIAN_POINT('',(0.104703501877,8.740943796452));
#259 = CARTESIAN_POINT('',(9.799607488756E-02,8.837490147589));
#260 = CARTESIAN_POINT('',(9.037347480648E-02,8.91575395378));
#261 = CARTESIAN_POINT('',(8.202376213789E-02,8.971111181717));
#262 = CARTESIAN_POINT('',(7.318736307322E-02,9.));
#263 = CARTESIAN_POINT('',(6.414654653441E-02,9.));
#264 = ( GEOMETRIC_REPRESENTATION_CONTEXT(2) 
PARAMETRIC_REPRESENTATION_CONTEXT() REPRESENTATION_CONTEXT('2D SPACE',''
  ) );
#265 = PCURVE('',#266,#271);
#266 = CYLINDRICAL_SURFACE('',#267,1.25);
#267 = AXIS2_PLACEMENT_3D('',#268,#269,#270);
#268 = CARTESIAN_POINT('',(17.,1.25,2.75));
#269 = DIRECTION('',(1.,0.,0.));
#270 = DIRECTION('',(-0.,1.,0.));
#271 = DEFINITIONAL_REPRESENTATION('',(#272),#287);
#272 = B_SPLINE_CURVE_WITH_KNOTS('',7,(#273,#274,#275,#276,#277,#278,
    #279,#280,#281,#282,#283,#284,#285,#286),.UNSPECIFIED.,.F.,.F.,(8,6,
    8),(0.,0.458382843303,1.),.UNSPECIFIED.);
#273 = CARTESIAN_POINT('',(0.,2.339079605814));
#274 = CARTESIAN_POINT('',(9.188920347628E-02,2.339079605814));
#275 = CARTESIAN_POINT('',(0.183784698573,2.340671492396));
#276 = CARTESIAN_POINT('',(0.276159204752,2.343855197202));
#277 = CARTESIAN_POINT('',(0.369466782787,2.348598273678));
#278 = CARTESIAN_POINT('',(0.464156736153,2.354827879747));
#279 = CARTESIAN_POINT('',(0.56071520565,2.362419569142));
#280 = CARTESIAN_POINT('',(0.776733874435,2.381537479823));
#281 = CARTESIAN_POINT('',(0.899733101637,2.39375477481));
#282 = CARTESIAN_POINT('',(1.027162145836,2.407401017283));
#283 = CARTESIAN_POINT('',(1.158240950948,2.421696677929));
#284 = CARTESIAN_POINT('',(1.292580720328,2.435692424716));
#285 = CARTESIAN_POINT('',(1.43004965684,2.448593634745));
#286 = CARTESIAN_POINT('',(1.570796326795,2.459894655419));
#287 = ( GEOMETRIC_REPRESENTATION_CONTEXT(2) 
PARAMETRIC_REPRESENTATION_CONTEXT() REPRESENTATION_CONTEXT('2D SPACE',''
  ) );
#288 = ORIENTED_EDGE('',*,*,#289,.F.);
#289 = EDGE_CURVE('',#290,#229,#292,.T.);
#290 = VERTEX_POINT('',#291);
#291 = CARTESIAN_POINT('',(19.339079605814,2.5,-2.75));
#292 = SURFACE_CURVE('',#293,(#297,#303),.PCURVE_S1.);
#293 = LINE('',#294,#295);
#294 = CARTESIAN_POINT('',(19.339079605814,2.5,-5.));
#295 = VECTOR('',#296,1.);
#296 = DIRECTION('',(0.,0.,1.));
#297 = PCURVE('',#32,#298);
#298 = DEFINITIONAL_REPRESENTATION('',(#299),#302);
#299 = B_SPLINE_CURVE_WITH_KNOTS('',1,(#300,#301),.UNSPECIFIED.,.F.,.F.,
  (2,2),(1.7,8.3),.PIECEWISE_BEZIER_KNOTS.);
#300 = CARTESIAN_POINT('',(0.128558960041,1.7));
#301 = CARTESIAN_POINT('',(0.128558960041,8.3));
#302 = ( GEOMETRIC_REPRESENTATION_CONTEXT(2) 
PARAMETRIC_REPRESENTATION_CONTEXT() REPRESENTATION_CONTEXT('2D SPACE',''
  ) );
#303 = PCURVE('',#304,#309);
#304 = PLANE('',#305);
#305 = AXIS2_PLACEMENT_3D('',#306,#307,#308);
#306 = CARTESIAN_POINT('',(17.,2.5,-4.));
#307 = DIRECTION('',(0.,1.,0.));
#308 = DIRECTION('',(0.,0.,1.));
#309 = DEFINITIONAL_REPRESENTATION('',(#310),#313);
#310 = B_SPLINE_CURVE_WITH_KNOTS('',1,(#311,#312),.UNSPECIFIED.,.F.,.F.,
  (2,2),(1.7,8.3),.PIECEWISE_BEZIER_KNOTS.);
#311 = CARTESIAN_POINT('',(0.7,2.339079605814));
#312 = CARTESIAN_POINT('',(7.3,2.339079605814));
#313 = ( GEOMETRIC_REPRESENTATION_CONTEXT(2) 
PARAMETRIC_REPRESENTATION_CONTEXT() REPRESENTATION_CONTEXT('2D SPACE',''
  ) );
#314 = ORIENTED_EDGE('',*,*,#315,.T.);
#315 = EDGE_CURVE('',#290,#316,#318,.T.);
#316 = VERTEX_POINT('',#317);
#317 = CARTESIAN_POINT('',(19.459894655419,1.25,-4.));
#318 = SURFACE_CURVE('',#319,(#334,#352),.PCURVE_S1.);
#319 = B_SPLINE_CURVE_WITH_KNOTS('',7,(#320,#321,#322,#323,#324,#325,
    #326,#327,#328,#329,#330,#331,#332,#333),.UNSPECIFIED.,.F.,.F.,(8,6,
    8),(0.,0.458382843303,1.),.UNSPECIFIED.);
#320 = CARTESIAN_POINT('',(19.339079605814,2.5,-2.75));
#321 = CARTESIAN_POINT('',(19.339079605814,2.5,-2.864861504345));
#322 = CARTESIAN_POINT('',(19.340671492396,2.487686231072,
    -2.979729932157));
#323 = CARTESIAN_POINT('',(19.343855197202,2.463056599011,
    -3.093617123588));
#324 = CARTESIAN_POINT('',(19.348598273678,2.425979706452,
    -3.205494489801));
#325 = CARTESIAN_POINT('',(19.354827879747,2.376234104103,
    -3.314200184877));
#326 = CARTESIAN_POINT('',(19.362419569142,2.313555762664,
    -3.418333119595));
#327 = CARTESIAN_POINT('',(19.381537479823,2.14805655539,-3.631693411979
    ));
#328 = CARTESIAN_POINT('',(19.39375477481,2.038049141516,-3.740943796452
    ));
#329 = CARTESIAN_POINT('',(19.407401017283,1.907964248676,
    -3.837490147589));
#330 = CARTESIAN_POINT('',(19.421696677929,1.760002060547,-3.91575395378
    ));
#331 = CARTESIAN_POINT('',(19.435692424716,1.597769494174,
    -3.971111181717));
#332 = CARTESIAN_POINT('',(19.448593634745,1.425933337444,-4.));
#333 = CARTESIAN_POINT('',(19.459894655419,1.25,-4.));
#334 = PCURVE('',#32,#335);
#335 = DEFINITIONAL_REPRESENTATION('',(#336),#351);
#336 = B_SPLINE_CURVE_WITH_KNOTS('',7,(#337,#338,#339,#340,#341,#342,
    #343,#344,#345,#346,#347,#348,#349,#350),.UNSPECIFIED.,.F.,.F.,(8,6,
    8),(0.,0.458382843303,1.),.UNSPECIFIED.);
#337 = CARTESIAN_POINT('',(0.128558960041,2.25));
#338 = CARTESIAN_POINT('',(0.128558960041,2.135138495655));
#339 = CARTESIAN_POINT('',(0.127922229616,2.020270067843));
#340 = CARTESIAN_POINT('',(0.126648663706,1.906382876411));
#341 = CARTESIAN_POINT('',(0.124731790658,1.794505510199));
#342 = CARTESIAN_POINT('',(0.122160829158,1.685799815123));
#343 = CARTESIAN_POINT('',(0.118923112975,1.581666880405));
#344 = CARTESIAN_POINT('',(0.110379535218,1.368306588021));
#345 = CARTESIAN_POINT('',(0.104703501877,1.259056203548));
#346 = CARTESIAN_POINT('',(9.799607488757E-02,1.162509852411));
#347 = CARTESIAN_POINT('',(9.037347480647E-02,1.08424604622));
#348 = CARTESIAN_POINT('',(8.202376213789E-02,1.028888818283));
#349 = CARTESIAN_POINT('',(7.318736307322E-02,1.));
#350 = CARTESIAN_POINT('',(6.414654653441E-02,1.));
#351 = ( GEOMETRIC_REPRESENTATION_CONTEXT(2) 
PARAMETRIC_REPRESENTATION_CONTEXT() REPRESENTATION_CONTEXT('2D SPACE',''
  ) );
#352 = PCURVE('',#353,#358);
#353 = CYLINDRICAL_SURFACE('',#354,1.25);
#354 = AXIS2_PLACEMENT_3D('',#355,#356,#357);
#355 = CARTESIAN_POINT('',(17.,1.25,-2.75));
#356 = DIRECTION('',(1.,0.,0.));
#357 = DIRECTION('',(-0.,1.,0.));
#358 = DEFINITIONAL_REPRESENTATION('',(#359),#374);
#359 = B_SPLINE_CURVE_WITH_KNOTS('',7,(#360,#361,#362,#363,#364,#365,
    #366,#367,#368,#369,#370,#371,#372,#373),.UNSPECIFIED.,.F.,.F.,(8,6,
    8),(0.,0.458382843303,1.),.UNSPECIFIED.);
#360 = CARTESIAN_POINT('',(0.,2.339079605814));
#361 = CARTESIAN_POINT('',(-9.188920347626E-02,2.339079605814));
#362 = CARTESIAN_POINT('',(-0.183784698573,2.340671492396));
#363 = CARTESIAN_POINT('',(-0.276159204752,2.343855197202));
#364 = CARTESIAN_POINT('',(-0.369466782787,2.348598273678));
#365 = CARTESIAN_POINT('',(-0.464156736153,2.354827879747));
#366 = CARTESIAN_POINT('',(-0.56071520565,2.362419569142));
#367 = CARTESIAN_POINT('',(-0.776733874435,2.381537479823));
#368 = CARTESIAN_POINT('',(-0.899733101637,2.39375477481));
#369 = CARTESIAN_POINT('',(-1.027162145836,2.407401017283));
#370 = CARTESIAN_POINT('',(-1.158240950948,2.421696677929));
#371 = CARTESIAN_POINT('',(-1.292580720328,2.435692424716));
#372 = CARTESIAN_POINT('',(-1.43004965684,2.448593634745));
#373 = CARTESIAN_POINT('',(-1.570796326795,2.459894655419));
#374 = ( GEOMETRIC_REPRESENTATION_CONTEXT(2) 
PARAMETRIC_REPRESENTATION_CONTEXT() REPRESENTATION_CONTEXT('2D SPACE',''
  ) );
#375 = ORIENTED_EDGE('',*,*,#376,.F.);
#376 = EDGE_CURVE('',#377,#316,#379,.T.);
#377 = VERTEX_POINT('',#378);
#378 = CARTESIAN_POINT('',(19.5,-4.776122516675E-15,-4.));
#379 = SURFACE_CURVE('',#380,(#385,#392),.PCURVE_S1.);
#380 = CIRCLE('',#381,19.5);
#381 = AXIS2_PLACEMENT_3D('',#382,#383,#384);
#382 = CARTESIAN_POINT('',(0.,0.,-4.));
#383 = DIRECTION('',(0.,0.,1.));
#384 = DIRECTION('',(1.,0.,-0.));
#385 = PCURVE('',#32,#386);
#386 = DEFINITIONAL_REPRESENTATION('',(#387),#391);
#387 = LINE('',#388,#389);
#388 = CARTESIAN_POINT('',(0.,1.));
#389 = VECTOR('',#390,1.);
#390 = DIRECTION('',(1.,0.));
#391 = ( GEOMETRIC_REPRESENTATION_CONTEXT(2) 
PARAMETRIC_REPRESENTATION_CONTEXT() REPRESENTATION_CONTEXT('2D SPACE',''
  ) );
#392 = PCURVE('',#393,#398);
#393 = PLANE('',#394);
#394 = AXIS2_PLACEMENT_3D('',#395,#396,#397);
#395 = CARTESIAN_POINT('',(17.,-2.5,-4.));
#396 = DIRECTION('',(0.,0.,1.));
#397 = DIRECTION('',(1.,0.,0.));
#398 = DEFINITIONAL_REPRESENTATION('',(#399),#403);
#399 = CIRCLE('',#400,19.5);
#400 = AXIS2_PLACEMENT_2D('',#401,#402);
#401 = CARTESIAN_POINT('',(-17.,2.5));
#402 = DIRECTION('',(1.,0.));
#403 = ( GEOMETRIC_REPRESENTATION_CONTEXT(2) 
PARAMETRIC_REPRESENTATION_CONTEXT() REPRESENTATION_CONTEXT('2D SPACE',''
  ) );
#404 = ORIENTED_EDGE('',*,*,#405,.F.);
#405 = EDGE_CURVE('',#406,#377,#408,.T.);
#406 = VERTEX_POINT('',#407);
#407 = CARTESIAN_POINT('',(19.5,-4.776122516675E-15,-5.));
#408 = SEAM_CURVE('',#409,(#413,#420),.PCURVE_S1.);
#409 = LINE('',#410,#411);
#410 = CARTESIAN_POINT('',(19.5,-4.776122516675E-15,-5.));
#411 = VECTOR('',#412,1.);
#412 = DIRECTION('',(0.,0.,1.));
#413 = PCURVE('',#32,#414);
#414 = DEFINITIONAL_REPRESENTATION('',(#415),#419);
#415 = LINE('',#416,#417);
#416 = CARTESIAN_POINT('',(6.28318530718,-0.));
#417 = VECTOR('',#418,1.);
#418 = DIRECTION('',(0.,1.));
#419 = ( GEOMETRIC_REPRESENTATION_CONTEXT(2) 
PARAMETRIC_REPRESENTATION_CONTEXT() REPRESENTATION_CONTEXT('2D SPACE',''
  ) );
#420 = PCURVE('',#32,#421);
#421 = DEFINITIONAL_REPRESENTATION('',(#422),#426);
#422 = LINE('',#423,#424);
#423 = CARTESIAN_POINT('',(0.,-0.));
#424 = VECTOR('',#425,1.);
#425 = DIRECTION('',(0.,1.));
#426 = ( GEOMETRIC_REPRESENTATION_CONTEXT(2) 
PARAMETRIC_REPRESENTATION_CONTEXT() REPRESENTATION_CONTEXT('2D SPACE',''
  ) );
#427 = ORIENTED_EDGE('',*,*,#428,.T.);
#428 = EDGE_CURVE('',#406,#406,#429,.T.);
#429 = SURFACE_CURVE('',#430,(#435,#442),.PCURVE_S1.);
#430 = CIRCLE('',#431,19.5);
#431 = AXIS2_PLACEMENT_3D('',#432,#433,#434);
#432 = CARTESIAN_POINT('',(0.,0.,-5.));
#433 = DIRECTION('',(0.,0.,1.));
#434 = DIRECTION('',(1.,0.,-0.));
#435 = PCURVE('',#32,#436);
#436 = DEFINITIONAL_REPRESENTATION('',(#437),#441);
#437 = LINE('',#438,#439);
#438 = CARTESIAN_POINT('',(0.,0.));
#439 = VECTOR('',#440,1.);
#440 = DIRECTION('',(1.,0.));
#441 = ( GEOMETRIC_REPRESENTATION_CONTEXT(2) 
PARAMETRIC_REPRESENTATION_CONTEXT() REPRESENTATION_CONTEXT('2D SPACE',''
  ) );
#442 = PCURVE('',#443,#448);
#443 = PLANE('',#444);
#444 = AXIS2_PLACEMENT_3D('',#445,#446,#447);
#445 = CARTESIAN_POINT('',(0.,0.,-5.));
#446 = DIRECTION('',(0.,0.,1.));
#447 = DIRECTION('',(1.,0.,-0.));
#448 = DEFINITIONAL_REPRESENTATION('',(#449),#453);
#449 = CIRCLE('',#450,19.5);
#450 = AXIS2_PLACEMENT_2D('',#451,#452);
#451 = CARTESIAN_POINT('',(0.,0.));
#452 = DIRECTION('',(1.,0.));
#453 = ( GEOMETRIC_REPRESENTATION_CONTEXT(2) 
PARAMETRIC_REPRESENTATION_CONTEXT() REPRESENTATION_CONTEXT('2D SPACE',''
  ) );
#454 = ORIENTED_EDGE('',*,*,#405,.T.);
#455 = ORIENTED_EDGE('',*,*,#456,.F.);
#456 = EDGE_CURVE('',#457,#377,#459,.T.);
#457 = VERTEX_POINT('',#458);
#458 = CARTESIAN_POINT('',(19.459894655419,-1.25,-4.));
#459 = SURFACE_CURVE('',#460,(#465,#472),.PCURVE_S1.);
#460 = CIRCLE('',#461,19.5);
#461 = AXIS2_PLACEMENT_3D('',#462,#463,#464);
#462 = CARTESIAN_POINT('',(0.,0.,-4.));
#463 = DIRECTION('',(0.,0.,1.));
#464 = DIRECTION('',(1.,0.,-0.));
#465 = PCURVE('',#32,#466);
#466 = DEFINITIONAL_REPRESENTATION('',(#467),#471);
#467 = LINE('',#468,#469);
#468 = CARTESIAN_POINT('',(0.,1.));
#469 = VECTOR('',#470,1.);
#470 = DIRECTION('',(1.,0.));
#471 = ( GEOMETRIC_REPRESENTATION_CONTEXT(2) 
PARAMETRIC_REPRESENTATION_CONTEXT() REPRESENTATION_CONTEXT('2D SPACE',''
  ) );
#472 = PCURVE('',#393,#473);
#473 = DEFINITIONAL_REPRESENTATION('',(#474),#478);
#474 = CIRCLE('',#475,19.5);
#475 = AXIS2_PLACEMENT_2D('',#476,#477);
#476 = CARTESIAN_POINT('',(-17.,2.5));
#477 = DIRECTION('',(1.,0.));
#478 = ( GEOMETRIC_REPRESENTATION_CONTEXT(2) 
PARAMETRIC_REPRESENTATION_CONTEXT() REPRESENTATION_CONTEXT('2D SPACE',''
  ) );
#479 = ORIENTED_EDGE('',*,*,#480,.F.);
#480 = EDGE_CURVE('',#22,#457,#481,.T.);
#481 = SURFACE_CURVE('',#482,(#500,#521),.PCURVE_S1.);
#482 = B_SPLINE_CURVE_WITH_KNOTS('',6,(#483,#484,#485,#486,#487,#488,
    #489,#490,#491,#492,#493,#494,#495,#496,#497,#498,#499),
  .UNSPECIFIED.,.F.,.F.,(7,5,5,7),(0.,0.466580272111,0.636613718905,1.),
  .UNSPECIFIED.);
#483 = CARTESIAN_POINT('',(19.339079605814,-2.5,-2.75));
#484 = CARTESIAN_POINT('',(19.339079605814,-2.5,-2.887031686524));
#485 = CARTESIAN_POINT('',(19.341410084294,-2.48197314769,
    -3.024082715335));
#486 = CARTESIAN_POINT('',(19.346071344281,-2.445911242745,
    -3.159299293834));
#487 = CARTESIAN_POINT('',(19.352981037809,-2.391479777031,
    -3.290722061473));
#488 = CARTESIAN_POINT('',(19.361941286782,-2.318172559996,
    -3.415926500177));
#489 = CARTESIAN_POINT('',(19.376461403319,-2.191779676663,
    -3.573690607319));
#490 = CARTESIAN_POINT('',(19.380562647457,-2.155457025939,
    -3.614552757644));
#491 = CARTESIAN_POINT('',(19.384866609396,-2.116570657236,
    -3.653949759383));
#492 = CARTESIAN_POINT('',(19.389348876867,-2.075133699331,
    -3.691679959335));
#493 = CARTESIAN_POINT('',(19.393981406663,-2.031173208149,
    -3.727529414416));
#494 = CARTESIAN_POINT('',(19.408887735603,-1.885478999607,
    -3.833382453006));
#495 = CARTESIAN_POINT('',(19.419688991734,-1.773886486231,
    -3.896599466615));
#496 = CARTESIAN_POINT('',(19.430685616703,-1.651590308487,
    -3.947135125616));
#497 = CARTESIAN_POINT('',(19.441320521814,-1.521273087543,
    -3.982182307995));
#498 = CARTESIAN_POINT('',(19.451143672633,-1.386234562522,-4.));
#499 = CARTESIAN_POINT('',(19.459894655419,-1.25,-4.));
#500 = PCURVE('',#32,#501);
#501 = DEFINITIONAL_REPRESENTATION('',(#502),#520);
#502 = B_SPLINE_CURVE_WITH_KNOTS('',6,(#503,#504,#505,#506,#507,#508,
    #509,#510,#511,#512,#513,#514,#515,#516,#517,#518,#519),
  .UNSPECIFIED.,.F.,.F.,(7,5,5,7),(0.,0.466580272111,0.636613718905,1.),
  .UNSPECIFIED.);
#503 = CARTESIAN_POINT('',(6.154626347138,2.25));
#504 = CARTESIAN_POINT('',(6.154626347138,2.112968313476));
#505 = CARTESIAN_POINT('',(6.155558494537,1.975917284665));
#506 = CARTESIAN_POINT('',(6.157423206272,1.840700706166));
#507 = CARTESIAN_POINT('',(6.160236960605,1.709277938527));
#508 = CARTESIAN_POINT('',(6.164024183903,1.584073499823));
#509 = CARTESIAN_POINT('',(6.170548501384,1.426309392681));
#510 = CARTESIAN_POINT('',(6.172423034058,1.385447242356));
#511 = CARTESIAN_POINT('',(6.174429376373,1.346050240617));
#512 = CARTESIAN_POINT('',(6.176566733309,1.308320040665));
#513 = CARTESIAN_POINT('',(6.178833589737,1.272470585584));
#514 = CARTESIAN_POINT('',(6.186344091006,1.166617546994));
#515 = CARTESIAN_POINT('',(6.19209344336,1.103400533385));
#516 = CARTESIAN_POINT('',(6.198390108322,1.052864874384));
#517 = CARTESIAN_POINT('',(6.205094872096,1.017817692005));
#518 = CARTESIAN_POINT('',(6.212037974416,1.));
#519 = CARTESIAN_POINT('',(6.219038760645,1.));
#520 = ( GEOMETRIC_REPRESENTATION_CONTEXT(2) 
PARAMETRIC_REPRESENTATION_CONTEXT() REPRESENTATION_CONTEXT('2D SPACE',''
  ) );
#521 = PCURVE('',#522,#527);
#522 = CYLINDRICAL_SURFACE('',#523,1.25);
#523 = AXIS2_PLACEMENT_3D('',#524,#525,#526);
#524 = CARTESIAN_POINT('',(17.,-1.25,-2.75));
#525 = DIRECTION('',(1.,0.,0.));
#526 = DIRECTION('',(0.,-1.,0.));
#527 = DEFINITIONAL_REPRESENTATION('',(#528),#546);
#528 = B_SPLINE_CURVE_WITH_KNOTS('',6,(#529,#530,#531,#532,#533,#534,
    #535,#536,#537,#538,#539,#540,#541,#542,#543,#544,#545),
  .UNSPECIFIED.,.F.,.F.,(7,5,5,7),(0.,0.466580272111,0.636613718905,1.),
  .UNSPECIFIED.);
#529 = CARTESIAN_POINT('',(0.,2.339079605814));
#530 = CARTESIAN_POINT('',(0.109625349219,2.339079605814));
#531 = CARTESIAN_POINT('',(0.219267503356,2.341410084294));
#532 = CARTESIAN_POINT('',(0.329806107699,2.346071344281));
#533 = CARTESIAN_POINT('',(0.442076617945,2.352981037809));
#534 = CARTESIAN_POINT('',(0.556916213285,2.361941286782));
#535 = CARTESIAN_POINT('',(0.718636316099,2.376461403319));
#536 = CARTESIAN_POINT('',(0.762316710686,2.380562647457));
#537 = CARTESIAN_POINT('',(0.806509883399,2.384866609396));
#538 = CARTESIAN_POINT('',(0.851244488821,2.389348876867));
#539 = CARTESIAN_POINT('',(0.896553774103,2.393981406663));
#540 = CARTESIAN_POINT('',(1.040624130652,2.408887735603));
#541 = CARTESIAN_POINT('',(1.142574432826,2.419688991734));
#542 = CARTESIAN_POINT('',(1.247192538716,2.430685616703));
#543 = CARTESIAN_POINT('',(1.353778146788,2.441320521814));
#544 = CARTESIAN_POINT('',(1.461808676778,2.451143672633));
#545 = CARTESIAN_POINT('',(1.570796326795,2.459894655419));
#546 = ( GEOMETRIC_REPRESENTATION_CONTEXT(2) 
PARAMETRIC_REPRESENTATION_CONTEXT() REPRESENTATION_CONTEXT('2D SPACE',''
  ) );
#547 = FACE_BOUND('',#548,.T.);
#548 = EDGE_LOOP('',(#549,#621,#647,#717,#746,#795,#925,#951,#1081,#1130
    ));
#549 = ORIENTED_EDGE('',*,*,#550,.F.);
#550 = EDGE_CURVE('',#551,#553,#555,.T.);
#551 = VERTEX_POINT('',#552);
#552 = CARTESIAN_POINT('',(-8.980249470758,17.309105102314,-2.25));
#553 = VERTEX_POINT('',#554);
#554 = CARTESIAN_POINT('',(-9.75,16.887495373797,-3.));
#555 = SURFACE_CURVE('',#556,(#574,#595),.PCURVE_S1.);
#556 = B_SPLINE_CURVE_WITH_KNOTS('',6,(#557,#558,#559,#560,#561,#562,
    #563,#564,#565,#566,#567,#568,#569,#570,#571,#572,#573),
  .UNSPECIFIED.,.F.,.F.,(7,5,5,7),(0.,0.529260536552,0.691159470718,1.),
  .UNSPECIFIED.);
#557 = CARTESIAN_POINT('',(-8.980249470758,17.309105102314,-2.25));
#558 = CARTESIAN_POINT('',(-8.980249470758,17.309105102314,
    -2.352054668624));
#559 = CARTESIAN_POINT('',(-8.997803231597,17.299997771579,
    -2.45406855281));
#560 = CARTESIAN_POINT('',(-9.032886508825,17.281796689704,
    -2.552836408466));
#561 = CARTESIAN_POINT('',(-9.08456277156,17.254815020838,
    -2.645166951231));
#562 = CARTESIAN_POINT('',(-9.15101249085,17.219667187119,
    -2.728019052169));
#563 = CARTESIAN_POINT('',(-9.253695115153,17.164494524142,
    -2.820371209148));
#564 = CARTESIAN_POINT('',(-9.27888918456,17.150905447328,
    -2.840870246371));
#565 = CARTESIAN_POINT('',(-9.305148262983,17.136682406275,
    -2.860157393664));
#566 = CARTESIAN_POINT('',(-9.332390323761,17.121860504396,
    -2.878159941062));
#567 = CARTESIAN_POINT('',(-9.360527737575,17.106478619396,
    -2.894810594083));
#568 = CARTESIAN_POINT('',(-9.444672708577,17.060249850159,
    -2.939113545064));
#569 = CARTESIAN_POINT('',(-9.502834504062,17.028017722264,
    -2.963054561766));
#570 = CARTESIAN_POINT('',(-9.563241797579,16.994214414622,
    -2.981391513003));
#571 = CARTESIAN_POINT('',(-9.625111905501,16.959231237942,
    -2.993776375349));
#572 = CARTESIAN_POINT('',(-9.687631868811,16.923503631127,-3.));
#573 = CARTESIAN_POINT('',(-9.75,16.887495373797,-3.));
#574 = PCURVE('',#32,#575);
#575 = DEFINITIONAL_REPRESENTATION('',(#576),#594);
#576 = B_SPLINE_CURVE_WITH_KNOTS('',6,(#577,#578,#579,#580,#581,#582,
    #583,#584,#585,#586,#587,#588,#589,#590,#591,#592,#593),
  .UNSPECIFIED.,.F.,.F.,(7,5,5,7),(0.,0.529260536552,0.691159470718,1.),
  .UNSPECIFIED.);
#577 = CARTESIAN_POINT('',(2.049383577727,2.75));
#578 = CARTESIAN_POINT('',(2.049383577727,2.647945331376));
#579 = CARTESIAN_POINT('',(2.050397714214,2.54593144719));
#580 = CARTESIAN_POINT('',(2.052424573344,2.447163591534));
#581 = CARTESIAN_POINT('',(2.055414093643,2.354833048769));
#582 = CARTESIAN_POINT('',(2.059269020296,2.271980947831));
#583 = CARTESIAN_POINT('',(2.06524678846,2.179628790852));
#584 = CARTESIAN_POINT('',(2.066714747384,2.159129753629));
#585 = CARTESIAN_POINT('',(2.068246209942,2.139842606336));
#586 = CARTESIAN_POINT('',(2.069836625988,2.121840058938));
#587 = CARTESIAN_POINT('',(2.071481103062,2.105189405917));
#588 = CARTESIAN_POINT('',(2.076404574,2.060886454936));
#589 = CARTESIAN_POINT('',(2.07981459761,2.036945438234));
#590 = CARTESIAN_POINT('',(2.083364402228,2.018608486997));
#591 = CARTESIAN_POINT('',(2.087009246827,2.006223624651));
#592 = CARTESIAN_POINT('',(2.090701947795,2.));
#593 = CARTESIAN_POINT('',(2.094395102393,2.));
#594 = ( GEOMETRIC_REPRESENTATION_CONTEXT(2) 
PARAMETRIC_REPRESENTATION_CONTEXT() REPRESENTATION_CONTEXT('2D SPACE',''
  ) );
#595 = PCURVE('',#596,#601);
#596 = CYLINDRICAL_SURFACE('',#597,0.75);
#597 = AXIS2_PLACEMENT_3D('',#598,#599,#600);
#598 = CARTESIAN_POINT('',(-10.79006350946,17.487976320958,-2.25));
#599 = DIRECTION('',(0.866025403784,-0.5,0.));
#600 = DIRECTION('',(0.5,0.866025403784,0.));
#601 = DEFINITIONAL_REPRESENTATION('',(#602),#620);
#602 = B_SPLINE_CURVE_WITH_KNOTS('',6,(#603,#604,#605,#606,#607,#608,
    #609,#610,#611,#612,#613,#614,#615,#616,#617,#618,#619),
  .UNSPECIFIED.,.F.,.F.,(7,5,5,7),(0.,0.529260536552,0.691159470718,1.),
  .UNSPECIFIED.);
#603 = CARTESIAN_POINT('',(0.,1.656780542965));
#604 = CARTESIAN_POINT('',(-0.136072891499,1.656780542965));
#605 = CARTESIAN_POINT('',(-0.27209075636,1.646132205514));
#606 = CARTESIAN_POINT('',(-0.408319300909,1.624849737124));
#607 = CARTESIAN_POINT('',(-0.545006772555,1.593587615256));
#608 = CARTESIAN_POINT('',(-0.682417253074,1.553614387136));
#609 = CARTESIAN_POINT('',(-0.863053852483,1.492274957451));
#610 = CARTESIAN_POINT('',(-0.905454732757,1.477250791726));
#611 = CARTESIAN_POINT('',(-0.947946007808,1.461621283258));
#612 = CARTESIAN_POINT('',(-0.990530658532,1.445439917513));
#613 = CARTESIAN_POINT('',(-1.033212360479,1.428763144854));
#614 = CARTESIAN_POINT('',(-1.157609130886,1.379005846984));
#615 = CARTESIAN_POINT('',(-1.23964560847,1.344752318511));
#616 = CARTESIAN_POINT('',(-1.322027423365,1.309339721573));
#617 = CARTESIAN_POINT('',(-1.404704015079,1.273250224717));
#618 = CARTESIAN_POINT('',(-1.487638818543,1.236970151654));
#619 = CARTESIAN_POINT('',(-1.570796326795,1.200961894323));
#620 = ( GEOMETRIC_REPRESENTATION_CONTEXT(2) 
PARAMETRIC_REPRESENTATION_CONTEXT() REPRESENTATION_CONTEXT('2D SPACE',''
  ) );
#621 = ORIENTED_EDGE('',*,*,#622,.T.);
#622 = EDGE_CURVE('',#551,#623,#625,.T.);
#623 = VERTEX_POINT('',#624);
#624 = CARTESIAN_POINT('',(-8.980249470758,17.309105102314,2.25));
#625 = SURFACE_CURVE('',#626,(#630,#636),.PCURVE_S1.);
#626 = LINE('',#627,#628);
#627 = CARTESIAN_POINT('',(-8.980249470758,17.309105102314,-5.));
#628 = VECTOR('',#629,1.);
#629 = DIRECTION('',(0.,0.,1.));
#630 = PCURVE('',#32,#631);
#631 = DEFINITIONAL_REPRESENTATION('',(#632),#635);
#632 = B_SPLINE_CURVE_WITH_KNOTS('',1,(#633,#634),.UNSPECIFIED.,.F.,.F.,
  (2,2),(2.3,7.7),.PIECEWISE_BEZIER_KNOTS.);
#633 = CARTESIAN_POINT('',(2.049383577727,2.3));
#634 = CARTESIAN_POINT('',(2.049383577727,7.7));
#635 = ( GEOMETRIC_REPRESENTATION_CONTEXT(2) 
PARAMETRIC_REPRESENTATION_CONTEXT() REPRESENTATION_CONTEXT('2D SPACE',''
  ) );
#636 = PCURVE('',#637,#642);
#637 = PLANE('',#638);
#638 = AXIS2_PLACEMENT_3D('',#639,#640,#641);
#639 = CARTESIAN_POINT('',(-10.41506350946,18.137495373797,-3.));
#640 = DIRECTION('',(-0.5,-0.866025403784,0.));
#641 = DIRECTION('',(0.,0.,1.));
#642 = DEFINITIONAL_REPRESENTATION('',(#643),#646);
#643 = B_SPLINE_CURVE_WITH_KNOTS('',1,(#644,#645),.UNSPECIFIED.,.F.,.F.,
  (2,2),(2.3,7.7),.PIECEWISE_BEZIER_KNOTS.);
#644 = CARTESIAN_POINT('',(0.3,-1.656780542965));
#645 = CARTESIAN_POINT('',(5.7,-1.656780542965));
#646 = ( GEOMETRIC_REPRESENTATION_CONTEXT(2) 
PARAMETRIC_REPRESENTATION_CONTEXT() REPRESENTATION_CONTEXT('2D SPACE',''
  ) );
#647 = ORIENTED_EDGE('',*,*,#648,.T.);
#648 = EDGE_CURVE('',#623,#649,#651,.T.);
#649 = VERTEX_POINT('',#650);
#650 = CARTESIAN_POINT('',(-9.75,16.887495373797,3.));
#651 = SURFACE_CURVE('',#652,(#670,#691),.PCURVE_S1.);
#652 = B_SPLINE_CURVE_WITH_KNOTS('',6,(#653,#654,#655,#656,#657,#658,
    #659,#660,#661,#662,#663,#664,#665,#666,#667,#668,#669),
  .UNSPECIFIED.,.F.,.F.,(7,5,5,7),(0.,0.529260513713,0.691159449789,1.),
  .UNSPECIFIED.);
#653 = CARTESIAN_POINT('',(-8.980249470758,17.309105102314,2.25));
#654 = CARTESIAN_POINT('',(-8.980249470758,17.309105102314,
    2.352054668624));
#655 = CARTESIAN_POINT('',(-8.997803231597,17.299997771579,2.45406855281
    ));
#656 = CARTESIAN_POINT('',(-9.032886508825,17.281796689704,
    2.552836408466));
#657 = CARTESIAN_POINT('',(-9.08456277156,17.254815020838,2.645166951231
    ));
#658 = CARTESIAN_POINT('',(-9.15101249085,17.219667187119,2.728019052168
    ));
#659 = CARTESIAN_POINT('',(-9.253695116475,17.164494523432,
    2.820371210337));
#660 = CARTESIAN_POINT('',(-9.278889184045,17.150905447615,
    2.840870246231));
#661 = CARTESIAN_POINT('',(-9.305148261508,17.136682407078,
    2.860157392638));
#662 = CARTESIAN_POINT('',(-9.332390323484,17.121860504539,
    2.878159940653));
#663 = CARTESIAN_POINT('',(-9.360527739194,17.106478618506,
    2.894810594936));
#664 = CARTESIAN_POINT('',(-9.444672708577,17.060249850159,
    2.939113545064));
#665 = CARTESIAN_POINT('',(-9.502834504062,17.028017722264,
    2.963054561766));
#666 = CARTESIAN_POINT('',(-9.563241797578,16.994214414622,
    2.981391513003));
#667 = CARTESIAN_POINT('',(-9.625111905501,16.959231237942,
    2.993776375349));
#668 = CARTESIAN_POINT('',(-9.687631868811,16.923503631127,3.));
#669 = CARTESIAN_POINT('',(-9.75,16.887495373797,3.));
#670 = PCURVE('',#32,#671);
#671 = DEFINITIONAL_REPRESENTATION('',(#672),#690);
#672 = B_SPLINE_CURVE_WITH_KNOTS('',6,(#673,#674,#675,#676,#677,#678,
    #679,#680,#681,#682,#683,#684,#685,#686,#687,#688,#689),
  .UNSPECIFIED.,.F.,.F.,(7,5,5,7),(0.,0.529260513713,0.691159449789,1.),
  .UNSPECIFIED.);
#673 = CARTESIAN_POINT('',(2.049383577727,7.25));
#674 = CARTESIAN_POINT('',(2.049383577727,7.352054668624));
#675 = CARTESIAN_POINT('',(2.050397714214,7.45406855281));
#676 = CARTESIAN_POINT('',(2.052424573344,7.552836408466));
#677 = CARTESIAN_POINT('',(2.055414093643,7.645166951231));
#678 = CARTESIAN_POINT('',(2.059269020296,7.728019052168));
#679 = CARTESIAN_POINT('',(2.065246788537,7.820371210337));
#680 = CARTESIAN_POINT('',(2.066714747354,7.840870246231));
#681 = CARTESIAN_POINT('',(2.068246209856,7.860157392638));
#682 = CARTESIAN_POINT('',(2.069836625972,7.878159940653));
#683 = CARTESIAN_POINT('',(2.071481103156,7.894810594936));
#684 = CARTESIAN_POINT('',(2.076404574,7.939113545064));
#685 = CARTESIAN_POINT('',(2.07981459761,7.963054561766));
#686 = CARTESIAN_POINT('',(2.083364402228,7.981391513003));
#687 = CARTESIAN_POINT('',(2.087009246827,7.993776375349));
#688 = CARTESIAN_POINT('',(2.090701947795,8.));
#689 = CARTESIAN_POINT('',(2.094395102393,8.));
#690 = ( GEOMETRIC_REPRESENTATION_CONTEXT(2) 
PARAMETRIC_REPRESENTATION_CONTEXT() REPRESENTATION_CONTEXT('2D SPACE',''
  ) );
#691 = PCURVE('',#692,#697);
#692 = CYLINDRICAL_SURFACE('',#693,0.75);
#693 = AXIS2_PLACEMENT_3D('',#694,#695,#696);
#694 = CARTESIAN_POINT('',(-10.79006350946,17.487976320958,2.25));
#695 = DIRECTION('',(0.866025403784,-0.5,0.));
#696 = DIRECTION('',(0.5,0.866025403784,0.));
#697 = DEFINITIONAL_REPRESENTATION('',(#698),#716);
#698 = B_SPLINE_CURVE_WITH_KNOTS('',6,(#699,#700,#701,#702,#703,#704,
    #705,#706,#707,#708,#709,#710,#711,#712,#713,#714,#715),
  .UNSPECIFIED.,.F.,.F.,(7,5,5,7),(0.,0.529260513713,0.691159449789,1.),
  .UNSPECIFIED.);
#699 = CARTESIAN_POINT('',(0.,1.656780542965));
#700 = CARTESIAN_POINT('',(0.136072891499,1.656780542965));
#701 = CARTESIAN_POINT('',(0.27209075636,1.646132205514));
#702 = CARTESIAN_POINT('',(0.408319300909,1.624849737124));
#703 = CARTESIAN_POINT('',(0.545006772555,1.593587615256));
#704 = CARTESIAN_POINT('',(0.682417253074,1.553614387136));
#705 = CARTESIAN_POINT('',(0.863053854809,1.492274956661));
#706 = CARTESIAN_POINT('',(0.905454732096,1.477250792029));
#707 = CARTESIAN_POINT('',(0.947946005442,1.461621284135));
#708 = CARTESIAN_POINT('',(0.990530657926,1.445439917681));
#709 = CARTESIAN_POINT('',(1.033212362873,1.428763143896));
#710 = CARTESIAN_POINT('',(1.157609130886,1.379005846984));
#711 = CARTESIAN_POINT('',(1.23964560847,1.344752318511));
#712 = CARTESIAN_POINT('',(1.322027423365,1.309339721573));
#713 = CARTESIAN_POINT('',(1.404704015079,1.273250224717));
#714 = CARTESIAN_POINT('',(1.487638818543,1.236970151654));
#715 = CARTESIAN_POINT('',(1.570796326795,1.200961894323));
#716 = ( GEOMETRIC_REPRESENTATION_CONTEXT(2) 
PARAMETRIC_REPRESENTATION_CONTEXT() REPRESENTATION_CONTEXT('2D SPACE',''
  ) );
#717 = ORIENTED_EDGE('',*,*,#718,.T.);
#718 = EDGE_CURVE('',#649,#719,#721,.T.);
#719 = VERTEX_POINT('',#720);
#720 = CARTESIAN_POINT('',(-10.55382114713,16.397160095401,3.));
#721 = SURFACE_CURVE('',#722,(#727,#734),.PCURVE_S1.);
#722 = CIRCLE('',#723,19.5);
#723 = AXIS2_PLACEMENT_3D('',#724,#725,#726);
#724 = CARTESIAN_POINT('',(0.,0.,3.));
#725 = DIRECTION('',(0.,0.,1.));
#726 = DIRECTION('',(1.,0.,-0.));
#727 = PCURVE('',#32,#728);
#728 = DEFINITIONAL_REPRESENTATION('',(#729),#733);
#729 = LINE('',#730,#731);
#730 = CARTESIAN_POINT('',(0.,8.));
#731 = VECTOR('',#732,1.);
#732 = DIRECTION('',(1.,0.));
#733 = ( GEOMETRIC_REPRESENTATION_CONTEXT(2) 
PARAMETRIC_REPRESENTATION_CONTEXT() REPRESENTATION_CONTEXT('2D SPACE',''
  ) );
#734 = PCURVE('',#735,#740);
#735 = PLANE('',#736);
#736 = AXIS2_PLACEMENT_3D('',#737,#738,#739);
#737 = CARTESIAN_POINT('',(-10.41506350946,18.137495373797,3.));
#738 = DIRECTION('',(0.,0.,1.));
#739 = DIRECTION('',(-0.5,-0.866025403784,0.));
#740 = DEFINITIONAL_REPRESENTATION('',(#741),#745);
#741 = CIRCLE('',#742,19.5);
#742 = AXIS2_PLACEMENT_2D('',#743,#744);
#743 = CARTESIAN_POINT('',(10.5,18.08845726812));
#744 = DIRECTION('',(-0.5,0.866025403784));
#745 = ( GEOMETRIC_REPRESENTATION_CONTEXT(2) 
PARAMETRIC_REPRESENTATION_CONTEXT() REPRESENTATION_CONTEXT('2D SPACE',''
  ) );
#746 = ORIENTED_EDGE('',*,*,#747,.F.);
#747 = EDGE_CURVE('',#748,#719,#750,.T.);
#748 = VERTEX_POINT('',#749);
#749 = CARTESIAN_POINT('',(-11.17665432232,15.979123823264,
    2.923316314715));
#750 = SURFACE_CURVE('',#751,(#762,#776),.PCURVE_S1.);
#751 = B_SPLINE_CURVE_WITH_KNOTS('',5,(#752,#753,#754,#755,#756,#757,
    #758,#759,#760,#761),.UNSPECIFIED.,.F.,.F.,(6,4,6),(0.,
    0.477521097007,1.),.UNSPECIFIED.);
#752 = CARTESIAN_POINT('',(-11.17665486494,15.979123443726,
    2.923316177254));
#753 = CARTESIAN_POINT('',(-11.11922434752,16.019293423904,
    2.937864978646));
#754 = CARTESIAN_POINT('',(-11.06110630096,16.059560054449,
    2.950657125961));
#755 = CARTESIAN_POINT('',(-11.00242596528,16.099822174517,
    2.961733003854));
#756 = CARTESIAN_POINT('',(-10.94326848166,16.140013378096,
    2.971110394529));
#757 = CARTESIAN_POINT('',(-10.81848746573,16.223948428146,2.98717550619
    ));
#758 = CARTESIAN_POINT('',(-10.75279870398,16.267657600437,
    2.993524402662));
#759 = CARTESIAN_POINT('',(-10.68672012786,16.311144090172,2.99781495069
    ));
#760 = CARTESIAN_POINT('',(-10.62035621667,16.354335653866,3.));
#761 = CARTESIAN_POINT('',(-10.55382114713,16.397160095401,3.));
#762 = PCURVE('',#32,#763);
#763 = DEFINITIONAL_REPRESENTATION('',(#764),#775);
#764 = B_SPLINE_CURVE_WITH_KNOTS('',5,(#765,#766,#767,#768,#769,#770,
    #771,#772,#773,#774),.UNSPECIFIED.,.F.,.F.,(6,4,6),(0.,
    0.477521097007,1.),.UNSPECIFIED.);
#765 = CARTESIAN_POINT('',(2.181155462411,7.923316177254));
#766 = CARTESIAN_POINT('',(2.177561365549,7.937864978646));
#767 = CARTESIAN_POINT('',(2.173935536077,7.950657125961));
#768 = CARTESIAN_POINT('',(2.170286113339,7.961733003854));
#769 = CARTESIAN_POINT('',(2.166618521003,7.971110394529));
#770 = CARTESIAN_POINT('',(2.158906512971,7.98717550619));
#771 = CARTESIAN_POINT('',(2.154860314094,7.993524402662));
#772 = CARTESIAN_POINT('',(2.15080376561,7.99781495069));
#773 = CARTESIAN_POINT('',(2.146743237765,8.));
#774 = CARTESIAN_POINT('',(2.142685518676,8.));
#775 = ( GEOMETRIC_REPRESENTATION_CONTEXT(2) 
PARAMETRIC_REPRESENTATION_CONTEXT() REPRESENTATION_CONTEXT('2D SPACE',''
  ) );
#776 = PCURVE('',#777,#782);
#777 = CYLINDRICAL_SURFACE('',#778,0.75);
#778 = AXIS2_PLACEMENT_3D('',#779,#780,#781);
#779 = CARTESIAN_POINT('',(-9.765544456623,17.762495373797,2.25));
#780 = DIRECTION('',(-0.5,-0.866025403784,0.));
#781 = DIRECTION('',(-0.866025403784,0.5,0.));
#782 = DEFINITIONAL_REPRESENTATION('',(#783),#794);
#783 = B_SPLINE_CURVE_WITH_KNOTS('',5,(#784,#785,#786,#787,#788,#789,
    #790,#791,#792,#793),.UNSPECIFIED.,.F.,.F.,(6,4,6),(0.,
    0.477521097007,1.),.UNSPECIFIED.);
#784 = CARTESIAN_POINT('',(-1.114645987067,2.2500006));
#785 = CARTESIAN_POINT('',(-1.158683688754,2.186497117983));
#786 = CARTESIAN_POINT('',(-1.202344529851,2.122566169727));
#787 = CARTESIAN_POINT('',(-1.245760872157,2.058357983097));
#788 = CARTESIAN_POINT('',(-1.289054425585,1.993972637981));
#789 = CARTESIAN_POINT('',(-1.379748241591,1.858892244406));
#790 = CARTESIAN_POINT('',(-1.427137437997,1.788194609946));
#791 = CARTESIAN_POINT('',(-1.474681801172,1.717494917052));
#792 = CARTESIAN_POINT('',(-1.522517873876,1.64690797007));
#793 = CARTESIAN_POINT('',(-1.570796326795,1.576553381031));
#794 = ( GEOMETRIC_REPRESENTATION_CONTEXT(2) 
PARAMETRIC_REPRESENTATION_CONTEXT() REPRESENTATION_CONTEXT('2D SPACE',''
  ) );
#795 = ORIENTED_EDGE('',*,*,#796,.F.);
#796 = EDGE_CURVE('',#797,#748,#799,.T.);
#797 = VERTEX_POINT('',#798);
#798 = CARTESIAN_POINT('',(-11.62389578698,15.656789157847,2.25));
#799 = SURFACE_CURVE('',#800,(#838,#879),.PCURVE_S1.);
#800 = B_SPLINE_CURVE_WITH_KNOTS('',8,(#801,#802,#803,#804,#805,#806,
    #807,#808,#809,#810,#811,#812,#813,#814,#815,#816,#817,#818,#819,
    #820,#821,#822,#823,#824,#825,#826,#827,#828,#829,#830,#831,#832,
    #833,#834,#835,#836,#837),.UNSPECIFIED.,.F.,.F.,(9,7,7,7,7,9),(0.,
    0.520384122892,0.609983675996,0.747155576073,0.900290189778,1.),
  .UNSPECIFIED.);
#801 = CARTESIAN_POINT('',(-11.62389578698,15.656789157847,2.25));
#802 = CARTESIAN_POINT('',(-11.62389578698,15.656789157847,2.31373074236
    ));
#803 = CARTESIAN_POINT('',(-11.61843476029,15.660843519318,
    2.377167583737));
#804 = CARTESIAN_POINT('',(-11.60760197036,15.668886016559,
    2.440012334464));
#805 = CARTESIAN_POINT('',(-11.59131699155,15.680959700452,
    2.501755913491));
#806 = CARTESIAN_POINT('',(-11.56952346884,15.697074784151,2.56165134342
    ));
#807 = CARTESIAN_POINT('',(-11.54225664468,15.717153666898,
    2.618768744238));
#808 = CARTESIAN_POINT('',(-11.50981383075,15.740910785011,
    2.672017126935));
#809 = CARTESIAN_POINT('',(-11.4665159545,15.77241496185,2.728710628719)
  );
#810 = CARTESIAN_POINT('',(-11.46002676077,15.777132111359,
    2.736888234493));
#811 = CARTESIAN_POINT('',(-11.45341335414,15.781934842838,
    2.744909311403));
#812 = CARTESIAN_POINT('',(-11.44668164567,15.786818552877,
    2.752767072969));
#813 = CARTESIAN_POINT('',(-11.43983846841,15.791777986282,
    2.760454614862));
#814 = CARTESIAN_POINT('',(-11.4328916116,15.796807219674,2.767965069148
    ));
#815 = CARTESIAN_POINT('',(-11.42584985476,15.801899645086,
    2.775291758552));
#816 = CARTESIAN_POINT('',(-11.40781218904,15.814929725666,
    2.793354073786));
#817 = CARTESIAN_POINT('',(-11.39669994048,15.822943920631,
    2.803836433927));
#818 = CARTESIAN_POINT('',(-11.38542369831,15.831062645744,
    2.813849316995));
#819 = CARTESIAN_POINT('',(-11.37402599364,15.839254609022,2.82337096619
    ));
#820 = CARTESIAN_POINT('',(-11.36255302919,15.847486167826,
    2.832384725279));
#821 = CARTESIAN_POINT('',(-11.3510532618,15.855722377468,2.840879781826
    ));
#822 = CARTESIAN_POINT('',(-11.3395759849,15.863928039809,2.848851910424
    ));
#823 = CARTESIAN_POINT('',(-11.31543651097,15.881156799747,
    2.864623747301));
#824 = CARTESIAN_POINT('',(-11.3027874351,15.890167043951,2.872298102909
    ));
#825 = CARTESIAN_POINT('',(-11.29029166322,15.89905069274,2.879329305197
    ));
#826 = CARTESIAN_POINT('',(-11.27800455214,15.907769229456,
    2.885738114958));
#827 = CARTESIAN_POINT('',(-11.26596669744,15.916294990442,
    2.891557253418));
#828 = CARTESIAN_POINT('',(-11.25420430761,15.924610707326,
    2.896825914561));
#829 = CARTESIAN_POINT('',(-11.24273109065,15.93270801366,2.901585567699
    ));
#830 = CARTESIAN_POINT('',(-11.22427243942,15.945713765701,
    2.908671342881));
#831 = CARTESIAN_POINT('',(-11.21711634144,15.950750183835,
    2.911267683717));
#832 = CARTESIAN_POINT('',(-11.21008329937,15.955694559145,
    2.913677817944));
#833 = CARTESIAN_POINT('',(-11.2031714969,15.960548503639,2.915913179036
    ));
#834 = CARTESIAN_POINT('',(-11.19637763704,15.965314652483,
    2.917984739903));
#835 = CARTESIAN_POINT('',(-11.18969721779,15.969996463954,2.91990286398
    ));
#836 = CARTESIAN_POINT('',(-11.18312480786,15.974598019414,
    2.921677156325));
#837 = CARTESIAN_POINT('',(-11.17665432232,15.979123823264,
    2.923316314715));
#838 = PCURVE('',#32,#839);
#839 = DEFINITIONAL_REPRESENTATION('',(#840),#878);
#840 = B_SPLINE_CURVE_WITH_KNOTS('',8,(#841,#842,#843,#844,#845,#846,
    #847,#848,#849,#850,#851,#852,#853,#854,#855,#856,#857,#858,#859,
    #860,#861,#862,#863,#864,#865,#866,#867,#868,#869,#870,#871,#872,
    #873,#874,#875,#876,#877),.UNSPECIFIED.,.F.,.F.,(9,7,7,7,7,9),(0.,
    0.520384122892,0.609983675996,0.747155576073,0.900290189778,1.),
  .UNSPECIFIED.);
#841 = CARTESIAN_POINT('',(2.209427833516,7.25));
#842 = CARTESIAN_POINT('',(2.209427833516,7.31373074236));
#843 = CARTESIAN_POINT('',(2.209079037692,7.377167583737));
#844 = CARTESIAN_POINT('',(2.208387145809,7.440012334464));
#845 = CARTESIAN_POINT('',(2.207347530705,7.501755913491));
#846 = CARTESIAN_POINT('',(2.205957558811,7.56165134342));
#847 = CARTESIAN_POINT('',(2.204221050002,7.618768744238));
#848 = CARTESIAN_POINT('',(2.202158949126,7.672017126935));
#849 = CARTESIAN_POINT('',(2.199412978797,7.728710628719));
#850 = CARTESIAN_POINT('',(2.199001566573,7.736888234493));
#851 = CARTESIAN_POINT('',(2.198582421354,7.744909311403));
#852 = CARTESIAN_POINT('',(2.198155927028,7.752767072969));
#853 = CARTESIAN_POINT('',(2.197722525367,7.760454614862));
#854 = CARTESIAN_POINT('',(2.197282717938,7.767965069148));
#855 = CARTESIAN_POINT('',(2.196837068015,7.775291758552));
#856 = CARTESIAN_POINT('',(2.195695952623,7.793354073786));
#857 = CARTESIAN_POINT('',(2.194993352442,7.803836433927));
#858 = CARTESIAN_POINT('',(2.194280795536,7.813849316995));
#859 = CARTESIAN_POINT('',(2.19356098903,7.82337096619));
#860 = CARTESIAN_POINT('',(2.192836863228,7.832384725279));
#861 = CARTESIAN_POINT('',(2.192111481251,7.840879781826));
#862 = CARTESIAN_POINT('',(2.191387948669,7.848851910424));
#863 = CARTESIAN_POINT('',(2.189867071063,7.864623747301));
#864 = CARTESIAN_POINT('',(2.189070656654,7.872298102909));
#865 = CARTESIAN_POINT('',(2.188284411991,7.879329305197));
#866 = CARTESIAN_POINT('',(2.18751179446,7.885738114958));
#867 = CARTESIAN_POINT('',(2.186755322102,7.891557253418));
#868 = CARTESIAN_POINT('',(2.186016602896,7.896825914561));
#869 = CARTESIAN_POINT('',(2.185296457983,7.901585567699));
#870 = CARTESIAN_POINT('',(2.184138492241,7.908671342881));
#871 = CARTESIAN_POINT('',(2.183689737007,7.911267683717));
#872 = CARTESIAN_POINT('',(2.183248858989,7.913677817944));
#873 = CARTESIAN_POINT('',(2.182815734308,7.915913179037));
#874 = CARTESIAN_POINT('',(2.182390146808,7.917984739903));
#875 = CARTESIAN_POINT('',(2.181971805525,7.91990286398));
#876 = CARTESIAN_POINT('',(2.18156036214,7.921677156325));
#877 = CARTESIAN_POINT('',(2.181155428453,7.923316314715));
#878 = ( GEOMETRIC_REPRESENTATION_CONTEXT(2) 
PARAMETRIC_REPRESENTATION_CONTEXT() REPRESENTATION_CONTEXT('2D SPACE',''
  ) );
#879 = PCURVE('',#880,#885);
#880 = SPHERICAL_SURFACE('',#881,0.75);
#881 = AXIS2_PLACEMENT_3D('',#882,#883,#884);
#882 = CARTESIAN_POINT('',(-10.89054445662,15.813938215282,2.25));
#883 = DIRECTION('',(0.,0.,-1.));
#884 = DIRECTION('',(-0.5,-0.866025403784,0.));
#885 = DEFINITIONAL_REPRESENTATION('',(#886),#924);
#886 = B_SPLINE_CURVE_WITH_KNOTS('',8,(#887,#888,#889,#890,#891,#892,
    #893,#894,#895,#896,#897,#898,#899,#900,#901,#902,#903,#904,#905,
    #906,#907,#908,#909,#910,#911,#912,#913,#914,#915,#916,#917,#918,
    #919,#920,#921,#922,#923),.UNSPECIFIED.,.F.,.F.,(9,7,7,7,7,9),(0.,
    0.520384122892,0.609983675996,0.747155576073,0.900290189778,1.),
  .UNSPECIFIED.);
#887 = CARTESIAN_POINT('',(0.836101162295,0.));
#888 = CARTESIAN_POINT('',(0.836101162295,-8.497432314651E-02));
#889 = CARTESIAN_POINT('',(0.839859810971,-0.169557082384));
#890 = CARTESIAN_POINT('',(0.847325052663,-0.254283785));
#891 = CARTESIAN_POINT('',(0.858849655892,-0.339379838628));
#892 = CARTESIAN_POINT('',(0.875156537396,-0.424804845193));
#893 = CARTESIAN_POINT('',(0.897315844256,-0.51028216353));
#894 = CARTESIAN_POINT('',(0.92724131596,-0.595127911117));
#895 = CARTESIAN_POINT('',(0.975147914252,-0.692179673748));
#896 = CARTESIAN_POINT('',(0.982504851737,-0.706365668718));
#897 = CARTESIAN_POINT('',(0.990195778329,-0.720471952729));
#898 = CARTESIAN_POINT('',(0.998235024522,-0.734487137124));
#899 = CARTESIAN_POINT('',(1.006636895205,-0.748398452615));
#900 = CARTESIAN_POINT('',(1.015415290873,-0.762191833795));
#901 = CARTESIAN_POINT('',(1.024583328826,-0.775852003649));
#902 = CARTESIAN_POINT('',(1.048803540722,-0.810046460551));
#903 = CARTESIAN_POINT('',(1.064398168424,-0.830383507925));
#904 = CARTESIAN_POINT('',(1.080975960251,-0.850309914759));
#905 = CARTESIAN_POINT('',(1.098569808616,-0.869758019752));
#906 = CARTESIAN_POINT('',(1.117201212091,-0.888659140545));
#907 = CARTESIAN_POINT('',(1.136875101907,-0.906946428527));
#908 = CARTESIAN_POINT('',(1.157574668458,-0.924557723655));
#909 = CARTESIAN_POINT('',(1.203460788665,-0.960283502673));
#910 = CARTESIAN_POINT('',(1.228897278585,-0.978224568722));
#911 = CARTESIAN_POINT('',(1.255504396825,-0.995182874672));
#912 = CARTESIAN_POINT('',(1.283200834348,-1.01111058316));
#913 = CARTESIAN_POINT('',(1.311889048554,-1.025987131101));
#914 = CARTESIAN_POINT('',(1.341460296094,-1.039814621713));
#915 = CARTESIAN_POINT('',(1.371800883767,-1.052612229642));
#916 = CARTESIAN_POINT('',(1.422983708075,-1.072091197169));
#917 = CARTESIAN_POINT('',(1.443450787602,-1.079350222621));
#918 = CARTESIAN_POINT('',(1.4641738624,-1.086196155663));
#919 = CARTESIAN_POINT('',(1.485127254401,-1.092640110415));
#920 = CARTESIAN_POINT('',(1.506286963065,-1.098694320796));
#921 = CARTESIAN_POINT('',(1.527631007296,-1.104371606297));
#922 = CARTESIAN_POINT('',(1.549139767358,-1.109684837759));
#923 = CARTESIAN_POINT('',(1.570796326795,-1.114646403148));
#924 = ( GEOMETRIC_REPRESENTATION_CONTEXT(2) 
PARAMETRIC_REPRESENTATION_CONTEXT() REPRESENTATION_CONTEXT('2D SPACE',''
  ) );
#925 = ORIENTED_EDGE('',*,*,#926,.F.);
#926 = EDGE_CURVE('',#927,#797,#929,.T.);
#927 = VERTEX_POINT('',#928);
#928 = CARTESIAN_POINT('',(-11.62389578698,15.656789157847,-2.25));
#929 = SURFACE_CURVE('',#930,(#934,#940),.PCURVE_S1.);
#930 = LINE('',#931,#932);
#931 = CARTESIAN_POINT('',(-11.62389578698,15.656789157847,-5.));
#932 = VECTOR('',#933,1.);
#933 = DIRECTION('',(0.,0.,1.));
#934 = PCURVE('',#32,#935);
#935 = DEFINITIONAL_REPRESENTATION('',(#936),#939);
#936 = B_SPLINE_CURVE_WITH_KNOTS('',1,(#937,#938),.UNSPECIFIED.,.F.,.F.,
  (2,2),(2.7499994,7.2500006),.PIECEWISE_BEZIER_KNOTS.);
#937 = CARTESIAN_POINT('',(2.209427833516,2.7499994));
#938 = CARTESIAN_POINT('',(2.209427833516,7.2500006));
#939 = ( GEOMETRIC_REPRESENTATION_CONTEXT(2) 
PARAMETRIC_REPRESENTATION_CONTEXT() REPRESENTATION_CONTEXT('2D SPACE',''
  ) );
#940 = PCURVE('',#941,#946);
#941 = CYLINDRICAL_SURFACE('',#942,0.75);
#942 = AXIS2_PLACEMENT_3D('',#943,#944,#945);
#943 = CARTESIAN_POINT('',(-10.89054445662,15.813938215282,-3.));
#944 = DIRECTION('',(0.,0.,1.));
#945 = DIRECTION('',(-0.5,-0.866025403784,0.));
#946 = DEFINITIONAL_REPRESENTATION('',(#947),#950);
#947 = B_SPLINE_CURVE_WITH_KNOTS('',1,(#948,#949),.UNSPECIFIED.,.F.,.F.,
  (2,2),(2.7499994,7.2500006),.PIECEWISE_BEZIER_KNOTS.);
#948 = CARTESIAN_POINT('',(-0.836101162295,0.7499994));
#949 = CARTESIAN_POINT('',(-0.836101162295,5.2500006));
#950 = ( GEOMETRIC_REPRESENTATION_CONTEXT(2) 
PARAMETRIC_REPRESENTATION_CONTEXT() REPRESENTATION_CONTEXT('2D SPACE',''
  ) );
#951 = ORIENTED_EDGE('',*,*,#952,.F.);
#952 = EDGE_CURVE('',#953,#927,#955,.T.);
#953 = VERTEX_POINT('',#954);
#954 = CARTESIAN_POINT('',(-11.17665432232,15.979123823264,
    -2.923316314715));
#955 = SURFACE_CURVE('',#956,(#994,#1035),.PCURVE_S1.);
#956 = B_SPLINE_CURVE_WITH_KNOTS('',8,(#957,#958,#959,#960,#961,#962,
    #963,#964,#965,#966,#967,#968,#969,#970,#971,#972,#973,#974,#975,
    #976,#977,#978,#979,#980,#981,#982,#983,#984,#985,#986,#987,#988,
    #989,#990,#991,#992,#993),.UNSPECIFIED.,.F.,.F.,(9,7,7,7,7,9),(0.,
    9.986371619222E-02,0.252206783276,0.389985328552,0.480009912711,1.),
  .UNSPECIFIED.);
#957 = CARTESIAN_POINT('',(-11.17665432232,15.979123823264,
    -2.923316314715));
#958 = CARTESIAN_POINT('',(-11.18313542222,15.974590595162,
    -2.921674467405));
#959 = CARTESIAN_POINT('',(-11.18971878102,15.969981366824,
    -2.919897042329));
#960 = CARTESIAN_POINT('',(-11.1964105138,15.965291611551,
    -2.917975299134));
#961 = CARTESIAN_POINT('',(-11.20321607777,15.960517228406,
    -2.91589958378));
#962 = CARTESIAN_POINT('',(-11.21013999416,15.955654744024,
    -2.913659478972));
#963 = CARTESIAN_POINT('',(-11.21718557012,15.950701514426,
    -2.911243954586));
#964 = CARTESIAN_POINT('',(-11.22435462052,15.945655926825,
    -2.908641518094));
#965 = CARTESIAN_POINT('',(-11.24277207516,15.932679036246,
    -2.901567178784));
#966 = CARTESIAN_POINT('',(-11.25418769516,15.924622340114,
    -2.896830318911));
#967 = CARTESIAN_POINT('',(-11.26588950077,15.916349484918,
    -2.891589553098));
#968 = CARTESIAN_POINT('',(-11.27786399828,15.907868706313,
    -2.885804043754));
#969 = CARTESIAN_POINT('',(-11.29008543926,15.899196966572,
    -2.879435184311));
#970 = CARTESIAN_POINT('',(-11.30251397439,15.890361415381,
    -2.872450694842));
#971 = CARTESIAN_POINT('',(-11.31509527139,15.881399848595,
    -2.864829976969));
#972 = CARTESIAN_POINT('',(-11.33921697789,15.864184706192,
    -2.849101091767));
#973 = CARTESIAN_POINT('',(-11.35074547064,15.855942816352,
    -2.841107032128));
#974 = CARTESIAN_POINT('',(-11.36229775903,15.847669316381,
    -2.832585228539));
#975 = CARTESIAN_POINT('',(-11.37382388793,15.839399870751,
    -2.823539829898));
#976 = CARTESIAN_POINT('',(-11.38527471633,15.831169912914,
    -2.813981703446));
#977 = CARTESIAN_POINT('',(-11.39660337051,15.823013570748,
    -2.803927683602));
#978 = CARTESIAN_POINT('',(-11.40776669726,15.814962592013,
    -2.793399820819));
#979 = CARTESIAN_POINT('',(-11.42588800054,15.801872086712,
    -2.775253434428));
#980 = CARTESIAN_POINT('',(-11.43296335762,15.796755332425,
    -2.767890301806));
#981 = CARTESIAN_POINT('',(-11.43994284266,15.791702421556,
    -2.760341656479));
#982 = CARTESIAN_POINT('',(-11.44681755422,15.786720054202,
    -2.752614274063));
#983 = CARTESIAN_POINT('',(-11.45357959997,15.781814232861,
    -2.744715124061));
#984 = CARTESIAN_POINT('',(-11.46022206147,15.776990279362,
    -2.736651212071));
#985 = CARTESIAN_POINT('',(-11.46673895914,15.772252851789,
    -2.728429421978));
#986 = CARTESIAN_POINT('',(-11.51001281646,15.740765105022,
    -2.671692789197));
#987 = CARTESIAN_POINT('',(-11.54239536182,15.717051462863,
    -2.618474215636));
#988 = CARTESIAN_POINT('',(-11.56961481739,15.697007262566,
    -2.561399215914));
#989 = CARTESIAN_POINT('',(-11.59137679997,15.680915403615,
    -2.501541208825));
#990 = CARTESIAN_POINT('',(-11.60763793607,15.668859308744,
    -2.439830939912));
#991 = CARTESIAN_POINT('',(-11.61845187907,15.660830813282,
    -2.377017590941));
#992 = CARTESIAN_POINT('',(-11.62389578698,15.656789157847,
    -2.313631469621));
#993 = CARTESIAN_POINT('',(-11.62389578698,15.656789157847,-2.25));
#994 = PCURVE('',#32,#995);
#995 = DEFINITIONAL_REPRESENTATION('',(#996),#1034);
#996 = B_SPLINE_CURVE_WITH_KNOTS('',8,(#997,#998,#999,#1000,#1001,#1002,
    #1003,#1004,#1005,#1006,#1007,#1008,#1009,#1010,#1011,#1012,#1013,
    #1014,#1015,#1016,#1017,#1018,#1019,#1020,#1021,#1022,#1023,#1024,
    #1025,#1026,#1027,#1028,#1029,#1030,#1031,#1032,#1033),
  .UNSPECIFIED.,.F.,.F.,(9,7,7,7,7,9),(0.,9.986371619222E-02,
    0.252206783276,0.389985328552,0.480009912711,1.),.UNSPECIFIED.);
#997 = CARTESIAN_POINT('',(2.181155428453,2.076683685285));
#998 = CARTESIAN_POINT('',(2.181561026404,2.078325532595));
#999 = CARTESIAN_POINT('',(2.181973155418,2.080102957671));
#1000 = CARTESIAN_POINT('',(2.182392205619,2.082024700866));
#1001 = CARTESIAN_POINT('',(2.182818526987,2.08410041622));
#1002 = CARTESIAN_POINT('',(2.183252411744,2.086340521028));
#1003 = CARTESIAN_POINT('',(2.183694076728,2.088756045414));
#1004 = CARTESIAN_POINT('',(2.184143645785,2.091358481906));
#1005 = CARTESIAN_POINT('',(2.185299032022,2.098432821216));
#1006 = CARTESIAN_POINT('',(2.186015562883,2.103169681089));
#1007 = CARTESIAN_POINT('',(2.186750476299,2.108410446902));
#1008 = CARTESIAN_POINT('',(2.187502963968,2.114195956246));
#1009 = CARTESIAN_POINT('',(2.188271446225,2.120564815689));
#1010 = CARTESIAN_POINT('',(2.189053451481,2.127549305158));
#1011 = CARTESIAN_POINT('',(2.189845586574,2.135170023031));
#1012 = CARTESIAN_POINT('',(2.191365316863,2.150898908233));
#1013 = CARTESIAN_POINT('',(2.192092066505,2.158892967872));
#1014 = CARTESIAN_POINT('',(2.192820751675,2.167414771461));
#1015 = CARTESIAN_POINT('',(2.193548225299,2.176460170102));
#1016 = CARTESIAN_POINT('',(2.194271381146,2.186018296554));
#1017 = CARTESIAN_POINT('',(2.194987246455,2.196072316398));
#1018 = CARTESIAN_POINT('',(2.195693074563,2.206600179181));
#1019 = CARTESIAN_POINT('',(2.196839481305,2.224746565572));
#1020 = CARTESIAN_POINT('',(2.19728725858,2.232109698194));
#1021 = CARTESIAN_POINT('',(2.197729133394,2.239658343521));
#1022 = CARTESIAN_POINT('',(2.198164534642,2.247385725937));
#1023 = CARTESIAN_POINT('',(2.198592954096,2.255284875939));
#1024 = CARTESIAN_POINT('',(2.199013944435,2.263348787929));
#1025 = CARTESIAN_POINT('',(2.19942711728,2.271570578022));
#1026 = CARTESIAN_POINT('',(2.202171595892,2.328307210803));
#1027 = CARTESIAN_POINT('',(2.204229885963,2.381525784364));
#1028 = CARTESIAN_POINT('',(2.205963384187,2.438600784086));
#1029 = CARTESIAN_POINT('',(2.207351347408,2.498458791175));
#1030 = CARTESIAN_POINT('',(2.208389443146,2.560169060088));
#1031 = CARTESIAN_POINT('',(2.209080130963,2.622982409059));
#1032 = CARTESIAN_POINT('',(2.209427833516,2.686368530379));
#1033 = CARTESIAN_POINT('',(2.209427833516,2.75));
#1034 = ( GEOMETRIC_REPRESENTATION_CONTEXT(2) 
PARAMETRIC_REPRESENTATION_CONTEXT() REPRESENTATION_CONTEXT('2D SPACE',''
  ) );
#1035 = PCURVE('',#1036,#1041);
#1036 = SPHERICAL_SURFACE('',#1037,0.75);
#1037 = AXIS2_PLACEMENT_3D('',#1038,#1039,#1040);
#1038 = CARTESIAN_POINT('',(-10.89054445662,15.813938215282,-2.25));
#1039 = DIRECTION('',(0.,0.,1.));
#1040 = DIRECTION('',(-0.5,-0.866025403784,0.));
#1041 = DEFINITIONAL_REPRESENTATION('',(#1042),#1080);
#1042 = B_SPLINE_CURVE_WITH_KNOTS('',8,(#1043,#1044,#1045,#1046,#1047,
    #1048,#1049,#1050,#1051,#1052,#1053,#1054,#1055,#1056,#1057,#1058,
    #1059,#1060,#1061,#1062,#1063,#1064,#1065,#1066,#1067,#1068,#1069,
    #1070,#1071,#1072,#1073,#1074,#1075,#1076,#1077,#1078,#1079),
  .UNSPECIFIED.,.F.,.F.,(9,7,7,7,7,9),(0.,9.986371619222E-02,
    0.252206783276,0.389985328552,0.480009912711,1.),.UNSPECIFIED.);
#1043 = CARTESIAN_POINT('',(-1.570796326795,-1.114646403148));
#1044 = CARTESIAN_POINT('',(-1.549104241352,-1.109676698673));
#1045 = CARTESIAN_POINT('',(-1.527560441641,-1.104354173401));
#1046 = CARTESIAN_POINT('',(-1.506181925691,-1.098666378547));
#1047 = CARTESIAN_POINT('',(-1.484988414004,-1.092600378749));
#1048 = CARTESIAN_POINT('',(-1.464002004386,-1.086143291121));
#1049 = CARTESIAN_POINT('',(-1.443246826767,-1.0792828243));
#1050 = CARTESIAN_POINT('',(-1.422748698035,-1.072007817505));
#1051 = CARTESIAN_POINT('',(-1.371698244165,-1.052563822597));
#1052 = CARTESIAN_POINT('',(-1.341514034187,-1.039828629244));
#1053 = CARTESIAN_POINT('',(-1.312091534854,-1.026074010653));
#1054 = CARTESIAN_POINT('',(-1.28354262169,-1.011281085809));
#1055 = CARTESIAN_POINT('',(-1.255974387004,-0.995447700244));
#1056 = CARTESIAN_POINT('',(-1.22948303791,-0.978593895726));
#1057 = CARTESIAN_POINT('',(-1.204148963196,-0.960766430932));
#1058 = CARTESIAN_POINT('',(-1.158222546947,-0.925108361613));
#1059 = CARTESIAN_POINT('',(-1.137401880589,-0.907435744711));
#1060 = CARTESIAN_POINT('',(-1.117615809972,-0.889079633079));
#1061 = CARTESIAN_POINT('',(-1.098881725978,-0.870102909731));
#1062 = CARTESIAN_POINT('',(-1.08119484931,-0.850573292588));
#1063 = CARTESIAN_POINT('',(-1.064533509459,-0.830560417043));
#1064 = CARTESIAN_POINT('',(-1.048864423656,-0.810132918527));
#1065 = CARTESIAN_POINT('',(-1.024532240007,-0.775779547191));
#1066 = CARTESIAN_POINT('',(-1.015321993715,-0.762052522146));
#1067 = CARTESIAN_POINT('',(-1.006505103771,-0.748191081285));
#1068 = CARTESIAN_POINT('',(-0.998068254999,-0.734210716955));
#1069 = CARTESIAN_POINT('',(-0.989997337155,-0.720125686399));
#1070 = CARTESIAN_POINT('',(-0.982277831849,-0.705948925658));
#1071 = CARTESIAN_POINT('',(-0.974895199466,-0.691691963463));
#1072 = CARTESIAN_POINT('',(-0.927056456488,-0.594610054539));
#1073 = CARTESIAN_POINT('',(-0.897205395154,-0.5098428503));
#1074 = CARTESIAN_POINT('',(-0.875085988784,-0.424445352894));
#1075 = CARTESIAN_POINT('',(-0.858808270829,-0.339081693698));
#1076 = CARTESIAN_POINT('',(-0.847298879864,-0.254037947897));
#1077 = CARTESIAN_POINT('',(-0.839848632883,-0.169356937351));
#1078 = CARTESIAN_POINT('',(-0.836101162295,-8.484195949441E-02));
#1079 = CARTESIAN_POINT('',(-0.836101162295,0.));
#1080 = ( GEOMETRIC_REPRESENTATION_CONTEXT(2) 
PARAMETRIC_REPRESENTATION_CONTEXT() REPRESENTATION_CONTEXT('2D SPACE',''
  ) );
#1081 = ORIENTED_EDGE('',*,*,#1082,.T.);
#1082 = EDGE_CURVE('',#953,#1083,#1085,.T.);
#1083 = VERTEX_POINT('',#1084);
#1084 = CARTESIAN_POINT('',(-10.55382114713,16.397160095401,-3.));
#1085 = SURFACE_CURVE('',#1086,(#1097,#1111),.PCURVE_S1.);
#1086 = B_SPLINE_CURVE_WITH_KNOTS('',5,(#1087,#1088,#1089,#1090,#1091,
    #1092,#1093,#1094,#1095,#1096),.UNSPECIFIED.,.F.,.F.,(6,4,6),(0.,
    0.477521097007,1.),.UNSPECIFIED.);
#1087 = CARTESIAN_POINT('',(-11.17665486494,15.979123443726,
    -2.923316177254));
#1088 = CARTESIAN_POINT('',(-11.11922434752,16.019293423904,
    -2.937864978646));
#1089 = CARTESIAN_POINT('',(-11.06110630096,16.059560054449,
    -2.950657125961));
#1090 = CARTESIAN_POINT('',(-11.00242596528,16.099822174517,
    -2.961733003854));
#1091 = CARTESIAN_POINT('',(-10.94326848166,16.140013378096,
    -2.971110394529));
#1092 = CARTESIAN_POINT('',(-10.81848746573,16.223948428146,
    -2.98717550619));
#1093 = CARTESIAN_POINT('',(-10.75279870398,16.267657600437,
    -2.993524402662));
#1094 = CARTESIAN_POINT('',(-10.68672012786,16.311144090172,
    -2.99781495069));
#1095 = CARTESIAN_POINT('',(-10.62035621667,16.354335653866,-3.));
#1096 = CARTESIAN_POINT('',(-10.55382114713,16.397160095401,-3.));
#1097 = PCURVE('',#32,#1098);
#1098 = DEFINITIONAL_REPRESENTATION('',(#1099),#1110);
#1099 = B_SPLINE_CURVE_WITH_KNOTS('',5,(#1100,#1101,#1102,#1103,#1104,
    #1105,#1106,#1107,#1108,#1109),.UNSPECIFIED.,.F.,.F.,(6,4,6),(0.,
    0.477521097007,1.),.UNSPECIFIED.);
#1100 = CARTESIAN_POINT('',(2.181155462411,2.076683822746));
#1101 = CARTESIAN_POINT('',(2.177561365549,2.062135021354));
#1102 = CARTESIAN_POINT('',(2.173935536077,2.049342874039));
#1103 = CARTESIAN_POINT('',(2.170286113339,2.038266996146));
#1104 = CARTESIAN_POINT('',(2.166618521003,2.028889605471));
#1105 = CARTESIAN_POINT('',(2.158906512971,2.01282449381));
#1106 = CARTESIAN_POINT('',(2.154860314094,2.006475597338));
#1107 = CARTESIAN_POINT('',(2.15080376561,2.00218504931));
#1108 = CARTESIAN_POINT('',(2.146743237765,2.));
#1109 = CARTESIAN_POINT('',(2.142685518676,2.));
#1110 = ( GEOMETRIC_REPRESENTATION_CONTEXT(2) 
PARAMETRIC_REPRESENTATION_CONTEXT() REPRESENTATION_CONTEXT('2D SPACE',''
  ) );
#1111 = PCURVE('',#1112,#1117);
#1112 = CYLINDRICAL_SURFACE('',#1113,0.75);
#1113 = AXIS2_PLACEMENT_3D('',#1114,#1115,#1116);
#1114 = CARTESIAN_POINT('',(-9.765544456623,17.762495373797,-2.25));
#1115 = DIRECTION('',(-0.5,-0.866025403784,0.));
#1116 = DIRECTION('',(-0.866025403784,0.5,0.));
#1117 = DEFINITIONAL_REPRESENTATION('',(#1118),#1129);
#1118 = B_SPLINE_CURVE_WITH_KNOTS('',5,(#1119,#1120,#1121,#1122,#1123,
    #1124,#1125,#1126,#1127,#1128),.UNSPECIFIED.,.F.,.F.,(6,4,6),(0.,
    0.477521097007,1.),.UNSPECIFIED.);
#1119 = CARTESIAN_POINT('',(1.114645987067,2.2500006));
#1120 = CARTESIAN_POINT('',(1.158683688754,2.186497117983));
#1121 = CARTESIAN_POINT('',(1.202344529851,2.122566169727));
#1122 = CARTESIAN_POINT('',(1.245760872157,2.058357983097));
#1123 = CARTESIAN_POINT('',(1.289054425585,1.993972637981));
#1124 = CARTESIAN_POINT('',(1.379748241591,1.858892244406));
#1125 = CARTESIAN_POINT('',(1.427137437997,1.788194609946));
#1126 = CARTESIAN_POINT('',(1.474681801172,1.717494917052));
#1127 = CARTESIAN_POINT('',(1.522517873876,1.64690797007));
#1128 = CARTESIAN_POINT('',(1.570796326795,1.576553381031));
#1129 = ( GEOMETRIC_REPRESENTATION_CONTEXT(2) 
PARAMETRIC_REPRESENTATION_CONTEXT() REPRESENTATION_CONTEXT('2D SPACE',''
  ) );
#1130 = ORIENTED_EDGE('',*,*,#1131,.F.);
#1131 = EDGE_CURVE('',#553,#1083,#1132,.T.);
#1132 = SURFACE_CURVE('',#1133,(#1138,#1145),.PCURVE_S1.);
#1133 = CIRCLE('',#1134,19.5);
#1134 = AXIS2_PLACEMENT_3D('',#1135,#1136,#1137);
#1135 = CARTESIAN_POINT('',(0.,0.,-3.));
#1136 = DIRECTION('',(0.,0.,1.));
#1137 = DIRECTION('',(1.,0.,-0.));
#1138 = PCURVE('',#32,#1139);
#1139 = DEFINITIONAL_REPRESENTATION('',(#1140),#1144);
#1140 = LINE('',#1141,#1142);
#1141 = CARTESIAN_POINT('',(0.,2.));
#1142 = VECTOR('',#1143,1.);
#1143 = DIRECTION('',(1.,0.));
#1144 = ( GEOMETRIC_REPRESENTATION_CONTEXT(2) 
PARAMETRIC_REPRESENTATION_CONTEXT() REPRESENTATION_CONTEXT('2D SPACE',''
  ) );
#1145 = PCURVE('',#1146,#1151);
#1146 = PLANE('',#1147);
#1147 = AXIS2_PLACEMENT_3D('',#1148,#1149,#1150);
#1148 = CARTESIAN_POINT('',(-10.41506350946,18.137495373797,-3.));
#1149 = DIRECTION('',(0.,0.,1.));
#1150 = DIRECTION('',(-0.5,-0.866025403784,0.));
#1151 = DEFINITIONAL_REPRESENTATION('',(#1152),#1156);
#1152 = CIRCLE('',#1153,19.5);
#1153 = AXIS2_PLACEMENT_2D('',#1154,#1155);
#1154 = CARTESIAN_POINT('',(10.5,18.08845726812));
#1155 = DIRECTION('',(-0.5,0.866025403784));
#1156 = ( GEOMETRIC_REPRESENTATION_CONTEXT(2) 
PARAMETRIC_REPRESENTATION_CONTEXT() REPRESENTATION_CONTEXT('2D SPACE',''
  ) );
#1157 = FACE_BOUND('',#1158,.T.);
#1158 = EDGE_LOOP('',(#1159,#1187,#1257,#1286,#1347,#1373,#1434,#1463));
#1159 = ORIENTED_EDGE('',*,*,#1160,.F.);
#1160 = EDGE_CURVE('',#1161,#1163,#1165,.T.);
#1161 = VERTEX_POINT('',#1162);
#1162 = CARTESIAN_POINT('',(-19.33907960581,-2.5,-2.75));
#1163 = VERTEX_POINT('',#1164);
#1164 = CARTESIAN_POINT('',(-19.33907960581,-2.5,2.75));
#1165 = SURFACE_CURVE('',#1166,(#1170,#1176),.PCURVE_S1.);
#1166 = LINE('',#1167,#1168);
#1167 = CARTESIAN_POINT('',(-19.33907960581,-2.5,-5.));
#1168 = VECTOR('',#1169,1.);
#1169 = DIRECTION('',(0.,0.,1.));
#1170 = PCURVE('',#32,#1171);
#1171 = DEFINITIONAL_REPRESENTATION('',(#1172),#1175);
#1172 = B_SPLINE_CURVE_WITH_KNOTS('',1,(#1173,#1174),.UNSPECIFIED.,.F.,
  .F.,(2,2),(1.7,8.3),.PIECEWISE_BEZIER_KNOTS.);
#1173 = CARTESIAN_POINT('',(3.270151613631,1.7));
#1174 = CARTESIAN_POINT('',(3.270151613631,8.3));
#1175 = ( GEOMETRIC_REPRESENTATION_CONTEXT(2) 
PARAMETRIC_REPRESENTATION_CONTEXT() REPRESENTATION_CONTEXT('2D SPACE',''
  ) );
#1176 = PCURVE('',#1177,#1182);
#1177 = PLANE('',#1178);
#1178 = AXIS2_PLACEMENT_3D('',#1179,#1180,#1181);
#1179 = CARTESIAN_POINT('',(-25.,-2.5,-4.));
#1180 = DIRECTION('',(0.,1.,0.));
#1181 = DIRECTION('',(0.,0.,1.));
#1182 = DEFINITIONAL_REPRESENTATION('',(#1183),#1186);
#1183 = B_SPLINE_CURVE_WITH_KNOTS('',1,(#1184,#1185),.UNSPECIFIED.,.F.,
  .F.,(2,2),(1.7,8.3),.PIECEWISE_BEZIER_KNOTS.);
#1184 = CARTESIAN_POINT('',(0.7,5.660920394186));
#1185 = CARTESIAN_POINT('',(7.3,5.660920394186));
#1186 = ( GEOMETRIC_REPRESENTATION_CONTEXT(2) 
PARAMETRIC_REPRESENTATION_CONTEXT() REPRESENTATION_CONTEXT('2D SPACE',''
  ) );
#1187 = ORIENTED_EDGE('',*,*,#1188,.T.);
#1188 = EDGE_CURVE('',#1161,#1189,#1191,.T.);
#1189 = VERTEX_POINT('',#1190);
#1190 = CARTESIAN_POINT('',(-19.45989465541,-1.25,-4.));
#1191 = SURFACE_CURVE('',#1192,(#1210,#1231),.PCURVE_S1.);
#1192 = B_SPLINE_CURVE_WITH_KNOTS('',6,(#1193,#1194,#1195,#1196,#1197,
    #1198,#1199,#1200,#1201,#1202,#1203,#1204,#1205,#1206,#1207,#1208,
    #1209),.UNSPECIFIED.,.F.,.F.,(7,5,5,7),(0.,0.466580272111,
    0.636613718905,1.),.UNSPECIFIED.);
#1193 = CARTESIAN_POINT('',(-19.33907960581,-2.5,-2.75));
#1194 = CARTESIAN_POINT('',(-19.33907960581,-2.5,-2.887031686524));
#1195 = CARTESIAN_POINT('',(-19.34141008429,-2.48197314769,
    -3.024082715335));
#1196 = CARTESIAN_POINT('',(-19.34607134428,-2.445911242745,
    -3.159299293834));
#1197 = CARTESIAN_POINT('',(-19.3529810378,-2.39147977703,
    -3.290722061473));
#1198 = CARTESIAN_POINT('',(-19.36194128678,-2.318172559996,
    -3.415926500177));
#1199 = CARTESIAN_POINT('',(-19.37646140331,-2.191779676663,
    -3.573690607319));
#1200 = CARTESIAN_POINT('',(-19.38056264745,-2.155457025939,
    -3.614552757644));
#1201 = CARTESIAN_POINT('',(-19.38486660939,-2.116570657236,
    -3.653949759383));
#1202 = CARTESIAN_POINT('',(-19.38934887686,-2.075133699331,
    -3.691679959335));
#1203 = CARTESIAN_POINT('',(-19.39398140666,-2.031173208149,
    -3.727529414416));
#1204 = CARTESIAN_POINT('',(-19.4088877356,-1.885478999607,
    -3.833382453006));
#1205 = CARTESIAN_POINT('',(-19.41968899173,-1.773886486231,
    -3.896599466615));
#1206 = CARTESIAN_POINT('',(-19.4306856167,-1.651590308487,
    -3.947135125616));
#1207 = CARTESIAN_POINT('',(-19.44132052181,-1.521273087543,
    -3.982182307995));
#1208 = CARTESIAN_POINT('',(-19.45114367263,-1.386234562522,-4.));
#1209 = CARTESIAN_POINT('',(-19.45989465541,-1.25,-4.));
#1210 = PCURVE('',#32,#1211);
#1211 = DEFINITIONAL_REPRESENTATION('',(#1212),#1230);
#1212 = B_SPLINE_CURVE_WITH_KNOTS('',6,(#1213,#1214,#1215,#1216,#1217,
    #1218,#1219,#1220,#1221,#1222,#1223,#1224,#1225,#1226,#1227,#1228,
    #1229),.UNSPECIFIED.,.F.,.F.,(7,5,5,7),(0.,0.466580272111,
    0.636613718905,1.),.UNSPECIFIED.);
#1213 = CARTESIAN_POINT('',(3.270151613631,2.25));
#1214 = CARTESIAN_POINT('',(3.270151613631,2.112968313476));
#1215 = CARTESIAN_POINT('',(3.269219466233,1.975917284665));
#1216 = CARTESIAN_POINT('',(3.267354754498,1.840700706166));
#1217 = CARTESIAN_POINT('',(3.264541000165,1.709277938527));
#1218 = CARTESIAN_POINT('',(3.260753776866,1.584073499823));
#1219 = CARTESIAN_POINT('',(3.254229459386,1.426309392681));
#1220 = CARTESIAN_POINT('',(3.252354926711,1.385447242356));
#1221 = CARTESIAN_POINT('',(3.250348584396,1.346050240617));
#1222 = CARTESIAN_POINT('',(3.248211227461,1.308320040665));
#1223 = CARTESIAN_POINT('',(3.245944371033,1.272470585584));
#1224 = CARTESIAN_POINT('',(3.238433869764,1.166617546994));
#1225 = CARTESIAN_POINT('',(3.23268451741,1.103400533385));
#1226 = CARTESIAN_POINT('',(3.226387852447,1.052864874384));
#1227 = CARTESIAN_POINT('',(3.219683088674,1.017817692005));
#1228 = CARTESIAN_POINT('',(3.212739986353,1.));
#1229 = CARTESIAN_POINT('',(3.205739200124,1.));
#1230 = ( GEOMETRIC_REPRESENTATION_CONTEXT(2) 
PARAMETRIC_REPRESENTATION_CONTEXT() REPRESENTATION_CONTEXT('2D SPACE',''
  ) );
#1231 = PCURVE('',#1232,#1237);
#1232 = CYLINDRICAL_SURFACE('',#1233,1.25);
#1233 = AXIS2_PLACEMENT_3D('',#1234,#1235,#1236);
#1234 = CARTESIAN_POINT('',(-25.,-1.25,-2.75));
#1235 = DIRECTION('',(1.,0.,0.));
#1236 = DIRECTION('',(0.,-1.,0.));
#1237 = DEFINITIONAL_REPRESENTATION('',(#1238),#1256);
#1238 = B_SPLINE_CURVE_WITH_KNOTS('',6,(#1239,#1240,#1241,#1242,#1243,
    #1244,#1245,#1246,#1247,#1248,#1249,#1250,#1251,#1252,#1253,#1254,
    #1255),.UNSPECIFIED.,.F.,.F.,(7,5,5,7),(0.,0.466580272111,
    0.636613718905,1.),.UNSPECIFIED.);
#1239 = CARTESIAN_POINT('',(0.,5.660920394186));
#1240 = CARTESIAN_POINT('',(0.109625349219,5.660920394186));
#1241 = CARTESIAN_POINT('',(0.219267503356,5.658589915706));
#1242 = CARTESIAN_POINT('',(0.329806107699,5.653928655719));
#1243 = CARTESIAN_POINT('',(0.442076617945,5.647018962191));
#1244 = CARTESIAN_POINT('',(0.556916213285,5.638058713218));
#1245 = CARTESIAN_POINT('',(0.718636316099,5.623538596681));
#1246 = CARTESIAN_POINT('',(0.762316710685,5.619437352543));
#1247 = CARTESIAN_POINT('',(0.806509883399,5.615133390604));
#1248 = CARTESIAN_POINT('',(0.851244488821,5.610651123133));
#1249 = CARTESIAN_POINT('',(0.896553774103,5.606018593337));
#1250 = CARTESIAN_POINT('',(1.040624130652,5.591112264397));
#1251 = CARTESIAN_POINT('',(1.142574432826,5.580311008266));
#1252 = CARTESIAN_POINT('',(1.247192538716,5.569314383297));
#1253 = CARTESIAN_POINT('',(1.353778146788,5.558679478186));
#1254 = CARTESIAN_POINT('',(1.461808676778,5.548856327367));
#1255 = CARTESIAN_POINT('',(1.570796326795,5.540105344581));
#1256 = ( GEOMETRIC_REPRESENTATION_CONTEXT(2) 
PARAMETRIC_REPRESENTATION_CONTEXT() REPRESENTATION_CONTEXT('2D SPACE',''
  ) );
#1257 = ORIENTED_EDGE('',*,*,#1258,.F.);
#1258 = EDGE_CURVE('',#1259,#1189,#1261,.T.);
#1259 = VERTEX_POINT('',#1260);
#1260 = CARTESIAN_POINT('',(-19.45989465541,1.25,-4.));
#1261 = SURFACE_CURVE('',#1262,(#1267,#1274),.PCURVE_S1.);
#1262 = CIRCLE('',#1263,19.5);
#1263 = AXIS2_PLACEMENT_3D('',#1264,#1265,#1266);
#1264 = CARTESIAN_POINT('',(0.,0.,-4.));
#1265 = DIRECTION('',(0.,0.,1.));
#1266 = DIRECTION('',(1.,0.,-0.));
#1267 = PCURVE('',#32,#1268);
#1268 = DEFINITIONAL_REPRESENTATION('',(#1269),#1273);
#1269 = LINE('',#1270,#1271);
#1270 = CARTESIAN_POINT('',(0.,1.));
#1271 = VECTOR('',#1272,1.);
#1272 = DIRECTION('',(1.,0.));
#1273 = ( GEOMETRIC_REPRESENTATION_CONTEXT(2) 
PARAMETRIC_REPRESENTATION_CONTEXT() REPRESENTATION_CONTEXT('2D SPACE',''
  ) );
#1274 = PCURVE('',#1275,#1280);
#1275 = PLANE('',#1276);
#1276 = AXIS2_PLACEMENT_3D('',#1277,#1278,#1279);
#1277 = CARTESIAN_POINT('',(-25.,-2.5,-4.));
#1278 = DIRECTION('',(0.,0.,1.));
#1279 = DIRECTION('',(1.,0.,0.));
#1280 = DEFINITIONAL_REPRESENTATION('',(#1281),#1285);
#1281 = CIRCLE('',#1282,19.5);
#1282 = AXIS2_PLACEMENT_2D('',#1283,#1284);
#1283 = CARTESIAN_POINT('',(25.,2.5));
#1284 = DIRECTION('',(1.,0.));
#1285 = ( GEOMETRIC_REPRESENTATION_CONTEXT(2) 
PARAMETRIC_REPRESENTATION_CONTEXT() REPRESENTATION_CONTEXT('2D SPACE',''
  ) );
#1286 = ORIENTED_EDGE('',*,*,#1287,.F.);
#1287 = EDGE_CURVE('',#1288,#1259,#1290,.T.);
#1288 = VERTEX_POINT('',#1289);
#1289 = CARTESIAN_POINT('',(-19.33907960581,2.5,-2.75));
#1290 = SURFACE_CURVE('',#1291,(#1306,#1324),.PCURVE_S1.);
#1291 = B_SPLINE_CURVE_WITH_KNOTS('',7,(#1292,#1293,#1294,#1295,#1296,
    #1297,#1298,#1299,#1300,#1301,#1302,#1303,#1304,#1305),
  .UNSPECIFIED.,.F.,.F.,(8,6,8),(0.,0.458382843303,1.),.UNSPECIFIED.);
#1292 = CARTESIAN_POINT('',(-19.33907960581,2.5,-2.75));
#1293 = CARTESIAN_POINT('',(-19.33907960581,2.5,-2.864861504345));
#1294 = CARTESIAN_POINT('',(-19.34067149239,2.487686231072,
    -2.979729932157));
#1295 = CARTESIAN_POINT('',(-19.3438551972,2.463056599011,
    -3.093617123588));
#1296 = CARTESIAN_POINT('',(-19.34859827367,2.425979706452,
    -3.205494489801));
#1297 = CARTESIAN_POINT('',(-19.35482787974,2.376234104103,
    -3.314200184877));
#1298 = CARTESIAN_POINT('',(-19.36241956914,2.313555762664,
    -3.418333119595));
#1299 = CARTESIAN_POINT('',(-19.38153747982,2.14805655539,
    -3.631693411979));
#1300 = CARTESIAN_POINT('',(-19.39375477481,2.038049141516,
    -3.740943796452));
#1301 = CARTESIAN_POINT('',(-19.40740101728,1.907964248676,
    -3.837490147589));
#1302 = CARTESIAN_POINT('',(-19.42169667792,1.760002060547,
    -3.91575395378));
#1303 = CARTESIAN_POINT('',(-19.43569242471,1.597769494174,
    -3.971111181717));
#1304 = CARTESIAN_POINT('',(-19.44859363474,1.425933337444,-4.));
#1305 = CARTESIAN_POINT('',(-19.45989465541,1.25,-4.));
#1306 = PCURVE('',#32,#1307);
#1307 = DEFINITIONAL_REPRESENTATION('',(#1308),#1323);
#1308 = B_SPLINE_CURVE_WITH_KNOTS('',7,(#1309,#1310,#1311,#1312,#1313,
    #1314,#1315,#1316,#1317,#1318,#1319,#1320,#1321,#1322),
  .UNSPECIFIED.,.F.,.F.,(8,6,8),(0.,0.458382843303,1.),.UNSPECIFIED.);
#1309 = CARTESIAN_POINT('',(3.013033693548,2.25));
#1310 = CARTESIAN_POINT('',(3.013033693548,2.135138495655));
#1311 = CARTESIAN_POINT('',(3.013670423974,2.020270067843));
#1312 = CARTESIAN_POINT('',(3.014943989884,1.906382876412));
#1313 = CARTESIAN_POINT('',(3.016860862932,1.794505510199));
#1314 = CARTESIAN_POINT('',(3.019431824432,1.685799815123));
#1315 = CARTESIAN_POINT('',(3.022669540615,1.581666880405));
#1316 = CARTESIAN_POINT('',(3.031213118372,1.368306588021));
#1317 = CARTESIAN_POINT('',(3.036889151713,1.259056203548));
#1318 = CARTESIAN_POINT('',(3.043596578702,1.162509852411));
#1319 = CARTESIAN_POINT('',(3.051219178783,1.08424604622));
#1320 = CARTESIAN_POINT('',(3.059568891452,1.028888818283));
#1321 = CARTESIAN_POINT('',(3.068405290517,1.));
#1322 = CARTESIAN_POINT('',(3.077446107055,1.));
#1323 = ( GEOMETRIC_REPRESENTATION_CONTEXT(2) 
PARAMETRIC_REPRESENTATION_CONTEXT() REPRESENTATION_CONTEXT('2D SPACE',''
  ) );
#1324 = PCURVE('',#1325,#1330);
#1325 = CYLINDRICAL_SURFACE('',#1326,1.25);
#1326 = AXIS2_PLACEMENT_3D('',#1327,#1328,#1329);
#1327 = CARTESIAN_POINT('',(-25.,1.25,-2.75));
#1328 = DIRECTION('',(1.,0.,0.));
#1329 = DIRECTION('',(-0.,1.,0.));
#1330 = DEFINITIONAL_REPRESENTATION('',(#1331),#1346);
#1331 = B_SPLINE_CURVE_WITH_KNOTS('',7,(#1332,#1333,#1334,#1335,#1336,
    #1337,#1338,#1339,#1340,#1341,#1342,#1343,#1344,#1345),
  .UNSPECIFIED.,.F.,.F.,(8,6,8),(0.,0.458382843303,1.),.UNSPECIFIED.);
#1332 = CARTESIAN_POINT('',(0.,5.660920394186));
#1333 = CARTESIAN_POINT('',(-9.188920347629E-02,5.660920394186));
#1334 = CARTESIAN_POINT('',(-0.183784698573,5.659328507604));
#1335 = CARTESIAN_POINT('',(-0.276159204752,5.656144802798));
#1336 = CARTESIAN_POINT('',(-0.369466782787,5.651401726322));
#1337 = CARTESIAN_POINT('',(-0.464156736153,5.645172120253));
#1338 = CARTESIAN_POINT('',(-0.56071520565,5.637580430858));
#1339 = CARTESIAN_POINT('',(-0.776733874435,5.618462520177));
#1340 = CARTESIAN_POINT('',(-0.899733101637,5.60624522519));
#1341 = CARTESIAN_POINT('',(-1.027162145836,5.592598982717));
#1342 = CARTESIAN_POINT('',(-1.158240950948,5.578303322071));
#1343 = CARTESIAN_POINT('',(-1.292580720328,5.564307575284));
#1344 = CARTESIAN_POINT('',(-1.430049656839,5.551406365255));
#1345 = CARTESIAN_POINT('',(-1.570796326795,5.540105344581));
#1346 = ( GEOMETRIC_REPRESENTATION_CONTEXT(2) 
PARAMETRIC_REPRESENTATION_CONTEXT() REPRESENTATION_CONTEXT('2D SPACE',''
  ) );
#1347 = ORIENTED_EDGE('',*,*,#1348,.T.);
#1348 = EDGE_CURVE('',#1288,#1349,#1351,.T.);
#1349 = VERTEX_POINT('',#1350);
#1350 = CARTESIAN_POINT('',(-19.33907960581,2.5,2.75));
#1351 = SURFACE_CURVE('',#1352,(#1356,#1362),.PCURVE_S1.);
#1352 = LINE('',#1353,#1354);
#1353 = CARTESIAN_POINT('',(-19.33907960581,2.5,-5.));
#1354 = VECTOR('',#1355,1.);
#1355 = DIRECTION('',(0.,0.,1.));
#1356 = PCURVE('',#32,#1357);
#1357 = DEFINITIONAL_REPRESENTATION('',(#1358),#1361);
#1358 = B_SPLINE_CURVE_WITH_KNOTS('',1,(#1359,#1360),.UNSPECIFIED.,.F.,
  .F.,(2,2),(1.7,8.3),.PIECEWISE_BEZIER_KNOTS.);
#1359 = CARTESIAN_POINT('',(3.013033693548,1.7));
#1360 = CARTESIAN_POINT('',(3.013033693548,8.3));
#1361 = ( GEOMETRIC_REPRESENTATION_CONTEXT(2) 
PARAMETRIC_REPRESENTATION_CONTEXT() REPRESENTATION_CONTEXT('2D SPACE',''
  ) );
#1362 = PCURVE('',#1363,#1368);
#1363 = PLANE('',#1364);
#1364 = AXIS2_PLACEMENT_3D('',#1365,#1366,#1367);
#1365 = CARTESIAN_POINT('',(-25.,2.5,-4.));
#1366 = DIRECTION('',(0.,1.,0.));
#1367 = DIRECTION('',(0.,0.,1.));
#1368 = DEFINITIONAL_REPRESENTATION('',(#1369),#1372);
#1369 = B_SPLINE_CURVE_WITH_KNOTS('',1,(#1370,#1371),.UNSPECIFIED.,.F.,
  .F.,(2,2),(1.7,8.3),.PIECEWISE_BEZIER_KNOTS.);
#1370 = CARTESIAN_POINT('',(0.7,5.660920394186));
#1371 = CARTESIAN_POINT('',(7.3,5.660920394186));
#1372 = ( GEOMETRIC_REPRESENTATION_CONTEXT(2) 
PARAMETRIC_REPRESENTATION_CONTEXT() REPRESENTATION_CONTEXT('2D SPACE',''
  ) );
#1373 = ORIENTED_EDGE('',*,*,#1374,.T.);
#1374 = EDGE_CURVE('',#1349,#1375,#1377,.T.);
#1375 = VERTEX_POINT('',#1376);
#1376 = CARTESIAN_POINT('',(-19.45989465541,1.25,4.));
#1377 = SURFACE_CURVE('',#1378,(#1393,#1411),.PCURVE_S1.);
#1378 = B_SPLINE_CURVE_WITH_KNOTS('',7,(#1379,#1380,#1381,#1382,#1383,
    #1384,#1385,#1386,#1387,#1388,#1389,#1390,#1391,#1392),
  .UNSPECIFIED.,.F.,.F.,(8,6,8),(0.,0.458382843303,1.),.UNSPECIFIED.);
#1379 = CARTESIAN_POINT('',(-19.33907960581,2.5,2.75));
#1380 = CARTESIAN_POINT('',(-19.33907960581,2.5,2.864861504345));
#1381 = CARTESIAN_POINT('',(-19.34067149239,2.487686231072,
    2.979729932157));
#1382 = CARTESIAN_POINT('',(-19.3438551972,2.463056599011,3.093617123588
    ));
#1383 = CARTESIAN_POINT('',(-19.34859827367,2.425979706452,
    3.205494489801));
#1384 = CARTESIAN_POINT('',(-19.35482787974,2.376234104103,
    3.314200184877));
#1385 = CARTESIAN_POINT('',(-19.36241956914,2.313555762664,
    3.418333119595));
#1386 = CARTESIAN_POINT('',(-19.38153747982,2.14805655539,3.631693411979
    ));
#1387 = CARTESIAN_POINT('',(-19.39375477481,2.038049141517,
    3.740943796452));
#1388 = CARTESIAN_POINT('',(-19.40740101728,1.907964248676,3.83749014759
    ));
#1389 = CARTESIAN_POINT('',(-19.42169667792,1.760002060547,
    3.915753953779));
#1390 = CARTESIAN_POINT('',(-19.43569242471,1.597769494174,
    3.971111181717));
#1391 = CARTESIAN_POINT('',(-19.44859363474,1.425933337444,4.));
#1392 = CARTESIAN_POINT('',(-19.45989465541,1.25,4.));
#1393 = PCURVE('',#32,#1394);
#1394 = DEFINITIONAL_REPRESENTATION('',(#1395),#1410);
#1395 = B_SPLINE_CURVE_WITH_KNOTS('',7,(#1396,#1397,#1398,#1399,#1400,
    #1401,#1402,#1403,#1404,#1405,#1406,#1407,#1408,#1409),
  .UNSPECIFIED.,.F.,.F.,(8,6,8),(0.,0.458382843303,1.),.UNSPECIFIED.);
#1396 = CARTESIAN_POINT('',(3.013033693548,7.75));
#1397 = CARTESIAN_POINT('',(3.013033693548,7.864861504345));
#1398 = CARTESIAN_POINT('',(3.013670423974,7.979729932157));
#1399 = CARTESIAN_POINT('',(3.014943989884,8.093617123588));
#1400 = CARTESIAN_POINT('',(3.016860862932,8.205494489801));
#1401 = CARTESIAN_POINT('',(3.019431824432,8.314200184877));
#1402 = CARTESIAN_POINT('',(3.022669540615,8.418333119595));
#1403 = CARTESIAN_POINT('',(3.031213118372,8.631693411979));
#1404 = CARTESIAN_POINT('',(3.036889151713,8.740943796452));
#1405 = CARTESIAN_POINT('',(3.043596578702,8.837490147589));
#1406 = CARTESIAN_POINT('',(3.051219178783,8.91575395378));
#1407 = CARTESIAN_POINT('',(3.059568891452,8.971111181717));
#1408 = CARTESIAN_POINT('',(3.068405290517,9.));
#1409 = CARTESIAN_POINT('',(3.077446107055,9.));
#1410 = ( GEOMETRIC_REPRESENTATION_CONTEXT(2) 
PARAMETRIC_REPRESENTATION_CONTEXT() REPRESENTATION_CONTEXT('2D SPACE',''
  ) );
#1411 = PCURVE('',#1412,#1417);
#1412 = CYLINDRICAL_SURFACE('',#1413,1.25);
#1413 = AXIS2_PLACEMENT_3D('',#1414,#1415,#1416);
#1414 = CARTESIAN_POINT('',(-25.,1.25,2.75));
#1415 = DIRECTION('',(1.,0.,0.));
#1416 = DIRECTION('',(-0.,1.,0.));
#1417 = DEFINITIONAL_REPRESENTATION('',(#1418),#1433);
#1418 = B_SPLINE_CURVE_WITH_KNOTS('',7,(#1419,#1420,#1421,#1422,#1423,
    #1424,#1425,#1426,#1427,#1428,#1429,#1430,#1431,#1432),
  .UNSPECIFIED.,.F.,.F.,(8,6,8),(0.,0.458382843303,1.),.UNSPECIFIED.);
#1419 = CARTESIAN_POINT('',(0.,5.660920394186));
#1420 = CARTESIAN_POINT('',(9.188920347628E-02,5.660920394186));
#1421 = CARTESIAN_POINT('',(0.183784698573,5.659328507604));
#1422 = CARTESIAN_POINT('',(0.276159204752,5.656144802798));
#1423 = CARTESIAN_POINT('',(0.369466782787,5.651401726322));
#1424 = CARTESIAN_POINT('',(0.464156736153,5.645172120253));
#1425 = CARTESIAN_POINT('',(0.56071520565,5.637580430858));
#1426 = CARTESIAN_POINT('',(0.776733874435,5.618462520177));
#1427 = CARTESIAN_POINT('',(0.899733101637,5.60624522519));
#1428 = CARTESIAN_POINT('',(1.027162145836,5.592598982717));
#1429 = CARTESIAN_POINT('',(1.158240950947,5.578303322071));
#1430 = CARTESIAN_POINT('',(1.292580720328,5.564307575284));
#1431 = CARTESIAN_POINT('',(1.430049656839,5.551406365255));
#1432 = CARTESIAN_POINT('',(1.570796326795,5.540105344581));
#1433 = ( GEOMETRIC_REPRESENTATION_CONTEXT(2) 
PARAMETRIC_REPRESENTATION_CONTEXT() REPRESENTATION_CONTEXT('2D SPACE',''
  ) );
#1434 = ORIENTED_EDGE('',*,*,#1435,.T.);
#1435 = EDGE_CURVE('',#1375,#1436,#1438,.T.);
#1436 = VERTEX_POINT('',#1437);
#1437 = CARTESIAN_POINT('',(-19.45989465541,-1.25,4.));
#1438 = SURFACE_CURVE('',#1439,(#1444,#1451),.PCURVE_S1.);
#1439 = CIRCLE('',#1440,19.5);
#1440 = AXIS2_PLACEMENT_3D('',#1441,#1442,#1443);
#1441 = CARTESIAN_POINT('',(0.,0.,4.));
#1442 = DIRECTION('',(0.,0.,1.));
#1443 = DIRECTION('',(1.,0.,-0.));
#1444 = PCURVE('',#32,#1445);
#1445 = DEFINITIONAL_REPRESENTATION('',(#1446),#1450);
#1446 = LINE('',#1447,#1448);
#1447 = CARTESIAN_POINT('',(0.,9.));
#1448 = VECTOR('',#1449,1.);
#1449 = DIRECTION('',(1.,0.));
#1450 = ( GEOMETRIC_REPRESENTATION_CONTEXT(2) 
PARAMETRIC_REPRESENTATION_CONTEXT() REPRESENTATION_CONTEXT('2D SPACE',''
  ) );
#1451 = PCURVE('',#1452,#1457);
#1452 = PLANE('',#1453);
#1453 = AXIS2_PLACEMENT_3D('',#1454,#1455,#1456);
#1454 = CARTESIAN_POINT('',(-25.,-2.5,4.));
#1455 = DIRECTION('',(0.,0.,1.));
#1456 = DIRECTION('',(1.,0.,0.));
#1457 = DEFINITIONAL_REPRESENTATION('',(#1458),#1462);
#1458 = CIRCLE('',#1459,19.5);
#1459 = AXIS2_PLACEMENT_2D('',#1460,#1461);
#1460 = CARTESIAN_POINT('',(25.,2.5));
#1461 = DIRECTION('',(1.,0.));
#1462 = ( GEOMETRIC_REPRESENTATION_CONTEXT(2) 
PARAMETRIC_REPRESENTATION_CONTEXT() REPRESENTATION_CONTEXT('2D SPACE',''
  ) );
#1463 = ORIENTED_EDGE('',*,*,#1464,.F.);
#1464 = EDGE_CURVE('',#1163,#1436,#1465,.T.);
#1465 = SURFACE_CURVE('',#1466,(#1484,#1505),.PCURVE_S1.);
#1466 = B_SPLINE_CURVE_WITH_KNOTS('',6,(#1467,#1468,#1469,#1470,#1471,
    #1472,#1473,#1474,#1475,#1476,#1477,#1478,#1479,#1480,#1481,#1482,
    #1483),.UNSPECIFIED.,.F.,.F.,(7,5,5,7),(0.,0.466580272111,
    0.636613718905,1.),.UNSPECIFIED.);
#1467 = CARTESIAN_POINT('',(-19.33907960581,-2.5,2.75));
#1468 = CARTESIAN_POINT('',(-19.33907960581,-2.5,2.887031686524));
#1469 = CARTESIAN_POINT('',(-19.34141008429,-2.48197314769,
    3.024082715335));
#1470 = CARTESIAN_POINT('',(-19.34607134428,-2.445911242745,
    3.159299293834));
#1471 = CARTESIAN_POINT('',(-19.3529810378,-2.39147977703,3.290722061473
    ));
#1472 = CARTESIAN_POINT('',(-19.36194128678,-2.318172559996,
    3.415926500177));
#1473 = CARTESIAN_POINT('',(-19.37646140331,-2.191779676663,
    3.573690607319));
#1474 = CARTESIAN_POINT('',(-19.38056264745,-2.155457025939,
    3.614552757644));
#1475 = CARTESIAN_POINT('',(-19.38486660939,-2.116570657236,
    3.653949759383));
#1476 = CARTESIAN_POINT('',(-19.38934887686,-2.075133699331,
    3.691679959335));
#1477 = CARTESIAN_POINT('',(-19.39398140666,-2.031173208149,
    3.727529414416));
#1478 = CARTESIAN_POINT('',(-19.4088877356,-1.885478999607,
    3.833382453006));
#1479 = CARTESIAN_POINT('',(-19.41968899173,-1.773886486231,
    3.896599466615));
#1480 = CARTESIAN_POINT('',(-19.4306856167,-1.651590308487,
    3.947135125616));
#1481 = CARTESIAN_POINT('',(-19.44132052181,-1.521273087543,
    3.982182307995));
#1482 = CARTESIAN_POINT('',(-19.45114367263,-1.386234562522,4.));
#1483 = CARTESIAN_POINT('',(-19.45989465541,-1.25,4.));
#1484 = PCURVE('',#32,#1485);
#1485 = DEFINITIONAL_REPRESENTATION('',(#1486),#1504);
#1486 = B_SPLINE_CURVE_WITH_KNOTS('',6,(#1487,#1488,#1489,#1490,#1491,
    #1492,#1493,#1494,#1495,#1496,#1497,#1498,#1499,#1500,#1501,#1502,
    #1503),.UNSPECIFIED.,.F.,.F.,(7,5,5,7),(0.,0.466580272111,
    0.636613718905,1.),.UNSPECIFIED.);
#1487 = CARTESIAN_POINT('',(3.270151613631,7.75));
#1488 = CARTESIAN_POINT('',(3.270151613631,7.887031686524));
#1489 = CARTESIAN_POINT('',(3.269219466233,8.024082715335));
#1490 = CARTESIAN_POINT('',(3.267354754498,8.159299293834));
#1491 = CARTESIAN_POINT('',(3.264541000165,8.290722061473));
#1492 = CARTESIAN_POINT('',(3.260753776866,8.415926500177));
#1493 = CARTESIAN_POINT('',(3.254229459386,8.573690607319));
#1494 = CARTESIAN_POINT('',(3.252354926711,8.614552757644));
#1495 = CARTESIAN_POINT('',(3.250348584396,8.653949759383));
#1496 = CARTESIAN_POINT('',(3.248211227461,8.691679959335));
#1497 = CARTESIAN_POINT('',(3.245944371033,8.727529414416));
#1498 = CARTESIAN_POINT('',(3.238433869764,8.833382453006));
#1499 = CARTESIAN_POINT('',(3.23268451741,8.896599466615));
#1500 = CARTESIAN_POINT('',(3.226387852447,8.947135125616));
#1501 = CARTESIAN_POINT('',(3.219683088674,8.982182307995));
#1502 = CARTESIAN_POINT('',(3.212739986353,9.));
#1503 = CARTESIAN_POINT('',(3.205739200124,9.));
#1504 = ( GEOMETRIC_REPRESENTATION_CONTEXT(2) 
PARAMETRIC_REPRESENTATION_CONTEXT() REPRESENTATION_CONTEXT('2D SPACE',''
  ) );
#1505 = PCURVE('',#1506,#1511);
#1506 = CYLINDRICAL_SURFACE('',#1507,1.25);
#1507 = AXIS2_PLACEMENT_3D('',#1508,#1509,#1510);
#1508 = CARTESIAN_POINT('',(-25.,-1.25,2.75));
#1509 = DIRECTION('',(1.,0.,0.));
#1510 = DIRECTION('',(0.,-1.,0.));
#1511 = DEFINITIONAL_REPRESENTATION('',(#1512),#1530);
#1512 = B_SPLINE_CURVE_WITH_KNOTS('',6,(#1513,#1514,#1515,#1516,#1517,
    #1518,#1519,#1520,#1521,#1522,#1523,#1524,#1525,#1526,#1527,#1528,
    #1529),.UNSPECIFIED.,.F.,.F.,(7,5,5,7),(0.,0.466580272111,
    0.636613718905,1.),.UNSPECIFIED.);
#1513 = CARTESIAN_POINT('',(0.,5.660920394186));
#1514 = CARTESIAN_POINT('',(-0.109625349219,5.660920394186));
#1515 = CARTESIAN_POINT('',(-0.219267503356,5.658589915706));
#1516 = CARTESIAN_POINT('',(-0.329806107699,5.653928655719));
#1517 = CARTESIAN_POINT('',(-0.442076617945,5.647018962191));
#1518 = CARTESIAN_POINT('',(-0.556916213285,5.638058713218));
#1519 = CARTESIAN_POINT('',(-0.718636316099,5.623538596681));
#1520 = CARTESIAN_POINT('',(-0.762316710686,5.619437352543));
#1521 = CARTESIAN_POINT('',(-0.806509883399,5.615133390604));
#1522 = CARTESIAN_POINT('',(-0.851244488821,5.610651123133));
#1523 = CARTESIAN_POINT('',(-0.896553774103,5.606018593337));
#1524 = CARTESIAN_POINT('',(-1.040624130652,5.591112264397));
#1525 = CARTESIAN_POINT('',(-1.142574432826,5.580311008266));
#1526 = CARTESIAN_POINT('',(-1.247192538716,5.569314383297));
#1527 = CARTESIAN_POINT('',(-1.353778146788,5.558679478186));
#1528 = CARTESIAN_POINT('',(-1.461808676778,5.548856327367));
#1529 = CARTESIAN_POINT('',(-1.570796326795,5.540105344581));
#1530 = ( GEOMETRIC_REPRESENTATION_CONTEXT(2) 
PARAMETRIC_REPRESENTATION_CONTEXT() REPRESENTATION_CONTEXT('2D SPACE',''
  ) );
#1531 = FACE_BOUND('',#1532,.T.);
#1532 = EDGE_LOOP('',(#1533,#1561,#1616,#1645,#1694,#1824,#1850,#1935,
    #1984,#2013));
#1533 = ORIENTED_EDGE('',*,*,#1534,.F.);
#1534 = EDGE_CURVE('',#1535,#1537,#1539,.T.);
#1535 = VERTEX_POINT('',#1536);
#1536 = CARTESIAN_POINT('',(-8.980249470758,-17.30910510231,-2.25));
#1537 = VERTEX_POINT('',#1538);
#1538 = CARTESIAN_POINT('',(-8.980249470758,-17.30910510231,2.25));
#1539 = SURFACE_CURVE('',#1540,(#1544,#1550),.PCURVE_S1.);
#1540 = LINE('',#1541,#1542);
#1541 = CARTESIAN_POINT('',(-8.980249470758,-17.30910510231,-5.));
#1542 = VECTOR('',#1543,1.);
#1543 = DIRECTION('',(0.,0.,1.));
#1544 = PCURVE('',#32,#1545);
#1545 = DEFINITIONAL_REPRESENTATION('',(#1546),#1549);
#1546 = B_SPLINE_CURVE_WITH_KNOTS('',1,(#1547,#1548),.UNSPECIFIED.,.F.,
  .F.,(2,2),(2.3,7.7),.PIECEWISE_BEZIER_KNOTS.);
#1547 = CARTESIAN_POINT('',(4.233801729452,2.3));
#1548 = CARTESIAN_POINT('',(4.233801729452,7.7));
#1549 = ( GEOMETRIC_REPRESENTATION_CONTEXT(2) 
PARAMETRIC_REPRESENTATION_CONTEXT() REPRESENTATION_CONTEXT('2D SPACE',''
  ) );
#1550 = PCURVE('',#1551,#1556);
#1551 = PLANE('',#1552);
#1552 = AXIS2_PLACEMENT_3D('',#1553,#1554,#1555);
#1553 = CARTESIAN_POINT('',(-6.084936490539,-15.63749537379,-3.));
#1554 = DIRECTION('',(-0.5,0.866025403784,0.));
#1555 = DIRECTION('',(0.,0.,1.));
#1556 = DEFINITIONAL_REPRESENTATION('',(#1557),#1560);
#1557 = B_SPLINE_CURVE_WITH_KNOTS('',1,(#1558,#1559),.UNSPECIFIED.,.F.,
  .F.,(2,2),(2.3,7.7),.PIECEWISE_BEZIER_KNOTS.);
#1558 = CARTESIAN_POINT('',(0.3,-3.343219457035));
#1559 = CARTESIAN_POINT('',(5.7,-3.343219457035));
#1560 = ( GEOMETRIC_REPRESENTATION_CONTEXT(2) 
PARAMETRIC_REPRESENTATION_CONTEXT() REPRESENTATION_CONTEXT('2D SPACE',''
  ) );
#1561 = ORIENTED_EDGE('',*,*,#1562,.T.);
#1562 = EDGE_CURVE('',#1535,#1563,#1565,.T.);
#1563 = VERTEX_POINT('',#1564);
#1564 = CARTESIAN_POINT('',(-9.75,-16.88749537379,-3.));
#1565 = SURFACE_CURVE('',#1566,(#1579,#1595),.PCURVE_S1.);
#1566 = B_SPLINE_CURVE_WITH_KNOTS('',6,(#1567,#1568,#1569,#1570,#1571,
    #1572,#1573,#1574,#1575,#1576,#1577,#1578),.UNSPECIFIED.,.F.,.F.,(7,
    5,7),(0.,0.526949464161,1.),.UNSPECIFIED.);
#1567 = CARTESIAN_POINT('',(-8.980249470758,-17.30910510231,-2.25));
#1568 = CARTESIAN_POINT('',(-8.980249470758,-17.30910510231,
    -2.351564281897));
#1569 = CARTESIAN_POINT('',(-8.997634940969,-17.30008506557,
    -2.453101740439));
#1570 = CARTESIAN_POINT('',(-9.032390627833,-17.28205400278,
    -2.551439942202));
#1571 = CARTESIAN_POINT('',(-9.083591923759,-17.25532189353,
    -2.643425434387));
#1572 = CARTESIAN_POINT('',(-9.149447589844,-17.22049480878,
    -2.726060283707));
#1573 = CARTESIAN_POINT('',(-9.29740583653,-17.14101971855,
    -2.860164579594));
#1574 = CARTESIAN_POINT('',(-9.377334154273,-17.09764547176,
    -2.914117561954));
#1575 = CARTESIAN_POINT('',(-9.465227969075,-17.04931364961,
    -2.956402239889));
#1576 = CARTESIAN_POINT('',(-9.558510460623,-16.99718559284,
    -2.985367651524));
#1577 = CARTESIAN_POINT('',(-9.654369045086,-16.94270793135,-3.));
#1578 = CARTESIAN_POINT('',(-9.75,-16.88749537379,-3.));
#1579 = PCURVE('',#32,#1580);
#1580 = DEFINITIONAL_REPRESENTATION('',(#1581),#1594);
#1581 = B_SPLINE_CURVE_WITH_KNOTS('',6,(#1582,#1583,#1584,#1585,#1586,
    #1587,#1588,#1589,#1590,#1591,#1592,#1593),.UNSPECIFIED.,.F.,.F.,(7,
    5,7),(0.,0.526949464161,1.),.UNSPECIFIED.);
#1582 = CARTESIAN_POINT('',(4.233801729452,2.75));
#1583 = CARTESIAN_POINT('',(4.233801729452,2.648435718103));
#1584 = CARTESIAN_POINT('',(4.232797315303,2.546898259561));
#1585 = CARTESIAN_POINT('',(4.23078938329,2.448560057798));
#1586 = CARTESIAN_POINT('',(4.227827377235,2.356574565613));
#1587 = CARTESIAN_POINT('',(4.22400706828,2.273939716293));
#1588 = CARTESIAN_POINT('',(4.215394136283,2.139835420406));
#1589 = CARTESIAN_POINT('',(4.210730651172,2.085882438046));
#1590 = CARTESIAN_POINT('',(4.205586885148,2.043597760111));
#1591 = CARTESIAN_POINT('',(4.200107124191,2.014632348476));
#1592 = CARTESIAN_POINT('',(4.194453031203,2.));
#1593 = CARTESIAN_POINT('',(4.188790204786,2.));
#1594 = ( GEOMETRIC_REPRESENTATION_CONTEXT(2) 
PARAMETRIC_REPRESENTATION_CONTEXT() REPRESENTATION_CONTEXT('2D SPACE',''
  ) );
#1595 = PCURVE('',#1596,#1601);
#1596 = CYLINDRICAL_SURFACE('',#1597,0.75);
#1597 = AXIS2_PLACEMENT_3D('',#1598,#1599,#1600);
#1598 = CARTESIAN_POINT('',(-6.459936490539,-14.98797632095,-2.25));
#1599 = DIRECTION('',(-0.866025403784,-0.5,0.));
#1600 = DIRECTION('',(0.5,-0.866025403784,0.));
#1601 = DEFINITIONAL_REPRESENTATION('',(#1602),#1615);
#1602 = B_SPLINE_CURVE_WITH_KNOTS('',6,(#1603,#1604,#1605,#1606,#1607,
    #1608,#1609,#1610,#1611,#1612,#1613,#1614),.UNSPECIFIED.,.F.,.F.,(7,
    5,7),(0.,0.526949464161,1.),.UNSPECIFIED.);
#1603 = CARTESIAN_POINT('',(0.,3.343219457035));
#1604 = CARTESIAN_POINT('',(-0.135419042529,3.343219457035));
#1605 = CARTESIAN_POINT('',(-0.270801624455,3.353765697525));
#1606 = CARTESIAN_POINT('',(-0.406392376274,3.374849473881));
#1607 = CARTESIAN_POINT('',(-0.542430673816,3.405825042231));
#1608 = CARTESIAN_POINT('',(-0.679173332032,3.44544417967));
#1609 = CARTESIAN_POINT('',(-0.940376288411,3.533842234889));
#1610 = CARTESIAN_POINT('',(-1.064973709578,3.58137506514));
#1611 = CARTESIAN_POINT('',(-1.190363406888,3.633327430519));
#1612 = CARTESIAN_POINT('',(-1.316477749947,3.688048409541));
#1613 = CARTESIAN_POINT('',(-1.44328838691,3.743825548114));
#1614 = CARTESIAN_POINT('',(-1.570796326795,3.799038105677));
#1615 = ( GEOMETRIC_REPRESENTATION_CONTEXT(2) 
PARAMETRIC_REPRESENTATION_CONTEXT() REPRESENTATION_CONTEXT('2D SPACE',''
  ) );
#1616 = ORIENTED_EDGE('',*,*,#1617,.F.);
#1617 = EDGE_CURVE('',#1618,#1563,#1620,.T.);
#1618 = VERTEX_POINT('',#1619);
#1619 = CARTESIAN_POINT('',(-10.55382114713,-16.3971600954,-3.));
#1620 = SURFACE_CURVE('',#1621,(#1626,#1633),.PCURVE_S1.);
#1621 = CIRCLE('',#1622,19.5);
#1622 = AXIS2_PLACEMENT_3D('',#1623,#1624,#1625);
#1623 = CARTESIAN_POINT('',(0.,0.,-3.));
#1624 = DIRECTION('',(0.,0.,1.));
#1625 = DIRECTION('',(1.,0.,-0.));
#1626 = PCURVE('',#32,#1627);
#1627 = DEFINITIONAL_REPRESENTATION('',(#1628),#1632);
#1628 = LINE('',#1629,#1630);
#1629 = CARTESIAN_POINT('',(0.,2.));
#1630 = VECTOR('',#1631,1.);
#1631 = DIRECTION('',(1.,0.));
#1632 = ( GEOMETRIC_REPRESENTATION_CONTEXT(2) 
PARAMETRIC_REPRESENTATION_CONTEXT() REPRESENTATION_CONTEXT('2D SPACE',''
  ) );
#1633 = PCURVE('',#1634,#1639);
#1634 = PLANE('',#1635);
#1635 = AXIS2_PLACEMENT_3D('',#1636,#1637,#1638);
#1636 = CARTESIAN_POINT('',(-6.084936490539,-15.63749537379,-3.));
#1637 = DIRECTION('',(0.,0.,1.));
#1638 = DIRECTION('',(-0.5,0.866025403784,0.));
#1639 = DEFINITIONAL_REPRESENTATION('',(#1640),#1644);
#1640 = CIRCLE('',#1641,19.5);
#1641 = AXIS2_PLACEMENT_2D('',#1642,#1643);
#1642 = CARTESIAN_POINT('',(10.5,-13.08845726812));
#1643 = DIRECTION('',(-0.5,-0.866025403784));
#1644 = ( GEOMETRIC_REPRESENTATION_CONTEXT(2) 
PARAMETRIC_REPRESENTATION_CONTEXT() REPRESENTATION_CONTEXT('2D SPACE',''
  ) );
#1645 = ORIENTED_EDGE('',*,*,#1646,.F.);
#1646 = EDGE_CURVE('',#1647,#1618,#1649,.T.);
#1647 = VERTEX_POINT('',#1648);
#1648 = CARTESIAN_POINT('',(-11.17665432232,-15.97912382326,
    -2.923316314715));
#1649 = SURFACE_CURVE('',#1650,(#1661,#1675),.PCURVE_S1.);
#1650 = B_SPLINE_CURVE_WITH_KNOTS('',5,(#1651,#1652,#1653,#1654,#1655,
    #1656,#1657,#1658,#1659,#1660),.UNSPECIFIED.,.F.,.F.,(6,4,6),(0.,
    0.477521097007,1.),.UNSPECIFIED.);
#1651 = CARTESIAN_POINT('',(-11.17665486494,-15.97912344372,
    -2.923316177254));
#1652 = CARTESIAN_POINT('',(-11.11922434752,-16.0192934239,
    -2.937864978646));
#1653 = CARTESIAN_POINT('',(-11.06110630096,-16.05956005444,
    -2.950657125961));
#1654 = CARTESIAN_POINT('',(-11.00242596528,-16.09982217451,
    -2.961733003854));
#1655 = CARTESIAN_POINT('',(-10.94326848166,-16.14001337809,
    -2.971110394529));
#1656 = CARTESIAN_POINT('',(-10.81848746573,-16.22394842814,
    -2.98717550619));
#1657 = CARTESIAN_POINT('',(-10.75279870398,-16.26765760043,
    -2.993524402662));
#1658 = CARTESIAN_POINT('',(-10.68672012786,-16.31114409017,
    -2.99781495069));
#1659 = CARTESIAN_POINT('',(-10.62035621667,-16.35433565386,-3.));
#1660 = CARTESIAN_POINT('',(-10.55382114713,-16.3971600954,-3.));
#1661 = PCURVE('',#32,#1662);
#1662 = DEFINITIONAL_REPRESENTATION('',(#1663),#1674);
#1663 = B_SPLINE_CURVE_WITH_KNOTS('',5,(#1664,#1665,#1666,#1667,#1668,
    #1669,#1670,#1671,#1672,#1673),.UNSPECIFIED.,.F.,.F.,(6,4,6),(0.,
    0.477521097007,1.),.UNSPECIFIED.);
#1664 = CARTESIAN_POINT('',(4.102029844769,2.076683822746));
#1665 = CARTESIAN_POINT('',(4.105623941631,2.062135021354));
#1666 = CARTESIAN_POINT('',(4.109249771103,2.049342874039));
#1667 = CARTESIAN_POINT('',(4.11289919384,2.038266996146));
#1668 = CARTESIAN_POINT('',(4.116566786176,2.028889605471));
#1669 = CARTESIAN_POINT('',(4.124278794208,2.01282449381));
#1670 = CARTESIAN_POINT('',(4.128324993086,2.006475597338));
#1671 = CARTESIAN_POINT('',(4.13238154157,2.00218504931));
#1672 = CARTESIAN_POINT('',(4.136442069414,2.));
#1673 = CARTESIAN_POINT('',(4.140499788504,2.));
#1674 = ( GEOMETRIC_REPRESENTATION_CONTEXT(2) 
PARAMETRIC_REPRESENTATION_CONTEXT() REPRESENTATION_CONTEXT('2D SPACE',''
  ) );
#1675 = PCURVE('',#1676,#1681);
#1676 = CYLINDRICAL_SURFACE('',#1677,0.75);
#1677 = AXIS2_PLACEMENT_3D('',#1678,#1679,#1680);
#1678 = CARTESIAN_POINT('',(-9.765544456623,-17.76249537379,-2.25));
#1679 = DIRECTION('',(-0.5,0.866025403784,0.));
#1680 = DIRECTION('',(-0.866025403784,-0.5,0.));
#1681 = DEFINITIONAL_REPRESENTATION('',(#1682),#1693);
#1682 = B_SPLINE_CURVE_WITH_KNOTS('',5,(#1683,#1684,#1685,#1686,#1687,
    #1688,#1689,#1690,#1691,#1692),.UNSPECIFIED.,.F.,.F.,(6,4,6),(0.,
    0.477521097007,1.),.UNSPECIFIED.);
#1683 = CARTESIAN_POINT('',(-1.114645987067,2.2500006));
#1684 = CARTESIAN_POINT('',(-1.158683688754,2.186497117983));
#1685 = CARTESIAN_POINT('',(-1.202344529851,2.122566169727));
#1686 = CARTESIAN_POINT('',(-1.245760872157,2.058357983098));
#1687 = CARTESIAN_POINT('',(-1.289054425585,1.993972637981));
#1688 = CARTESIAN_POINT('',(-1.379748241591,1.858892244406));
#1689 = CARTESIAN_POINT('',(-1.427137437997,1.788194609946));
#1690 = CARTESIAN_POINT('',(-1.474681801172,1.717494917052));
#1691 = CARTESIAN_POINT('',(-1.522517873876,1.64690797007));
#1692 = CARTESIAN_POINT('',(-1.570796326795,1.576553381031));
#1693 = ( GEOMETRIC_REPRESENTATION_CONTEXT(2) 
PARAMETRIC_REPRESENTATION_CONTEXT() REPRESENTATION_CONTEXT('2D SPACE',''
  ) );
#1694 = ORIENTED_EDGE('',*,*,#1695,.F.);
#1695 = EDGE_CURVE('',#1696,#1647,#1698,.T.);
#1696 = VERTEX_POINT('',#1697);
#1697 = CARTESIAN_POINT('',(-11.62389578698,-15.65678915784,-2.25));
#1698 = SURFACE_CURVE('',#1699,(#1737,#1778),.PCURVE_S1.);
#1699 = B_SPLINE_CURVE_WITH_KNOTS('',8,(#1700,#1701,#1702,#1703,#1704,
    #1705,#1706,#1707,#1708,#1709,#1710,#1711,#1712,#1713,#1714,#1715,
    #1716,#1717,#1718,#1719,#1720,#1721,#1722,#1723,#1724,#1725,#1726,
    #1727,#1728,#1729,#1730,#1731,#1732,#1733,#1734,#1735,#1736),
  .UNSPECIFIED.,.F.,.F.,(9,7,7,7,7,9),(0.,0.521324557044,0.610829534342,
    0.74798150045,0.899305396965,1.),.UNSPECIFIED.);
#1700 = CARTESIAN_POINT('',(-11.62389578698,-15.65678915784,-2.25));
#1701 = CARTESIAN_POINT('',(-11.62389578698,-15.65678915784,
    -2.313917524342));
#1702 = CARTESIAN_POINT('',(-11.61840248832,-15.66086747123,
    -2.377476312747));
#1703 = CARTESIAN_POINT('',(-11.60752604678,-15.66894239694,
    -2.440413343448));
#1704 = CARTESIAN_POINT('',(-11.59118261151,-15.68105926144,
    -2.502245605469));
#1705 = CARTESIAN_POINT('',(-11.56931214995,-15.69723100396,
    -2.562229958962));
#1706 = CARTESIAN_POINT('',(-11.54194063932,-15.71738640598,
    -2.619432206118));
#1707 = CARTESIAN_POINT('',(-11.50937139967,-15.74123471413,
    -2.672739189695));
#1708 = CARTESIAN_POINT('',(-11.46594996176,-15.77282642348,
    -2.72942593922));
#1709 = CARTESIAN_POINT('',(-11.45945881207,-15.77754463815,
    -2.73758215806));
#1710 = CARTESIAN_POINT('',(-11.45284411486,-15.78234794207,
    -2.7455817731));
#1711 = CARTESIAN_POINT('',(-11.44611180843,-15.78723171399,
    -2.753418015558));
#1712 = CARTESIAN_POINT('',(-11.43926875252,-15.79219068158,
    -2.761084003661));
#1713 = CARTESIAN_POINT('',(-11.43232276135,-15.79721890577,
    -2.768572896861));
#1714 = CARTESIAN_POINT('',(-11.42528263668,-15.80230976511,
    -2.775878050058));
#1715 = CARTESIAN_POINT('',(-11.40724115024,-15.8153416247,
    -2.793895940142));
#1716 = CARTESIAN_POINT('',(-11.3961241188,-15.82335865634,
    -2.804354700381));
#1717 = CARTESIAN_POINT('',(-11.38484474254,-15.83147900988,
    -2.814343378299));
#1718 = CARTESIAN_POINT('',(-11.37344569612,-15.8396712996,
    -2.823840342804));
#1719 = CARTESIAN_POINT('',(-11.36197326664,-15.84790183308,
    -2.832829123855));
#1720 = CARTESIAN_POINT('',(-11.35047592746,-15.85613566509,
    -2.841299134389));
#1721 = CARTESIAN_POINT('',(-11.3390029119,-15.86433765143,
    -2.84924639223));
#1722 = CARTESIAN_POINT('',(-11.31502468579,-15.88145003286,
    -2.864869612474));
#1723 = CARTESIAN_POINT('',(-11.3025310554,-15.89034908755,
    -2.872435256481));
#1724 = CARTESIAN_POINT('',(-11.29018813212,-15.89912383167,
    -2.879373568125));
#1725 = CARTESIAN_POINT('',(-11.27804912527,-15.90773724964,
    -2.885704690069));
#1726 = CARTESIAN_POINT('',(-11.26615316692,-15.9161626745,
    -2.891460138272));
#1727 = CARTESIAN_POINT('',(-11.25452567318,-15.92438335038,
    -2.896677629934));
#1728 = CARTESIAN_POINT('',(-11.24318011674,-15.93239102852,
    -2.901397114654));
#1729 = CARTESIAN_POINT('',(-11.22476234605,-15.94536896141,
    -2.90849331143));
#1730 = CARTESIAN_POINT('',(-11.21752900664,-15.95046006415,
    -2.911126077637));
#1731 = CARTESIAN_POINT('',(-11.21042122697,-15.95545723838,
    -2.9135684091));
#1732 = CARTESIAN_POINT('',(-11.2034372003,-15.96036209999,
    -2.915832094183));
#1733 = CARTESIAN_POINT('',(-11.19657356943,-15.96517733664,
    -2.917928449767));
#1734 = CARTESIAN_POINT('',(-11.18982571716,-15.96990649695,
    -2.919868163088));
#1735 = CARTESIAN_POINT('',(-11.18318805674,-15.97455377976,
    -2.921661133581));
#1736 = CARTESIAN_POINT('',(-11.17665432232,-15.97912382326,
    -2.923316314715));
#1737 = PCURVE('',#32,#1738);
#1738 = DEFINITIONAL_REPRESENTATION('',(#1739),#1777);
#1739 = B_SPLINE_CURVE_WITH_KNOTS('',8,(#1740,#1741,#1742,#1743,#1744,
    #1745,#1746,#1747,#1748,#1749,#1750,#1751,#1752,#1753,#1754,#1755,
    #1756,#1757,#1758,#1759,#1760,#1761,#1762,#1763,#1764,#1765,#1766,
    #1767,#1768,#1769,#1770,#1771,#1772,#1773,#1774,#1775,#1776),
  .UNSPECIFIED.,.F.,.F.,(9,7,7,7,7,9),(0.,0.521324557044,0.610829534342,
    0.74798150045,0.899305396965,1.),.UNSPECIFIED.);
#1740 = CARTESIAN_POINT('',(4.073757473663,2.75));
#1741 = CARTESIAN_POINT('',(4.073757473663,2.686082475658));
#1742 = CARTESIAN_POINT('',(4.074108330465,2.622523687253));
#1743 = CARTESIAN_POINT('',(4.074803011039,2.559586656552));
#1744 = CARTESIAN_POINT('',(4.075846353035,2.497754394531));
#1745 = CARTESIAN_POINT('',(4.077241224952,2.437770041038));
#1746 = CARTESIAN_POINT('',(4.078984383348,2.380567793882));
#1747 = CARTESIAN_POINT('',(4.081054477863,2.327260810305));
#1748 = CARTESIAN_POINT('',(4.083808212936,2.27057406078));
#1749 = CARTESIAN_POINT('',(4.084219738412,2.26241784194));
#1750 = CARTESIAN_POINT('',(4.084638954434,2.2544182269));
#1751 = CARTESIAN_POINT('',(4.085065475444,2.246581984442));
#1752 = CARTESIAN_POINT('',(4.085498858048,2.238915996339));
#1753 = CARTESIAN_POINT('',(4.085938599171,2.231427103139));
#1754 = CARTESIAN_POINT('',(4.086384134208,2.224121949942));
#1755 = CARTESIAN_POINT('',(4.087525461851,2.206104059858));
#1756 = CARTESIAN_POINT('',(4.088228346061,2.195645299619));
#1757 = CARTESIAN_POINT('',(4.088941082194,2.185656621701));
#1758 = CARTESIAN_POINT('',(4.089660954344,2.176159657196));
#1759 = CARTESIAN_POINT('',(4.090385027204,2.167170876145));
#1760 = CARTESIAN_POINT('',(4.091110236949,2.158700865611));
#1761 = CARTESIAN_POINT('',(4.091833482124,2.15075360777));
#1762 = CARTESIAN_POINT('',(4.093344161988,2.135130387526));
#1763 = CARTESIAN_POINT('',(4.094130775462,2.127564743519));
#1764 = CARTESIAN_POINT('',(4.094907395653,2.120626431875));
#1765 = CARTESIAN_POINT('',(4.095670699504,2.114295309931));
#1766 = CARTESIAN_POINT('',(4.096418259731,2.108539861728));
#1767 = CARTESIAN_POINT('',(4.097148516685,2.103322370066));
#1768 = CARTESIAN_POINT('',(4.097860662547,2.098602885346));
#1769 = CARTESIAN_POINT('',(4.099016092821,2.09150668857));
#1770 = CARTESIAN_POINT('',(4.099469701345,2.088873922363));
#1771 = CARTESIAN_POINT('',(4.099915271987,2.0864315909));
#1772 = CARTESIAN_POINT('',(4.100352928345,2.084167905817));
#1773 = CARTESIAN_POINT('',(4.100782890652,2.082071550233));
#1774 = CARTESIAN_POINT('',(4.101205457375,2.080131836912));
#1775 = CARTESIAN_POINT('',(4.10162098682,2.078338866419));
#1776 = CARTESIAN_POINT('',(4.102029878727,2.076683685285));
#1777 = ( GEOMETRIC_REPRESENTATION_CONTEXT(2) 
PARAMETRIC_REPRESENTATION_CONTEXT() REPRESENTATION_CONTEXT('2D SPACE',''
  ) );
#1778 = PCURVE('',#1779,#1784);
#1779 = SPHERICAL_SURFACE('',#1780,0.75);
#1780 = AXIS2_PLACEMENT_3D('',#1781,#1782,#1783);
#1781 = CARTESIAN_POINT('',(-10.89054445662,-15.81393821528,-2.25));
#1782 = DIRECTION('',(0.,0.,1.));
#1783 = DIRECTION('',(-0.5,0.866025403784,0.));
#1784 = DEFINITIONAL_REPRESENTATION('',(#1785),#1823);
#1785 = B_SPLINE_CURVE_WITH_KNOTS('',8,(#1786,#1787,#1788,#1789,#1790,
    #1791,#1792,#1793,#1794,#1795,#1796,#1797,#1798,#1799,#1800,#1801,
    #1802,#1803,#1804,#1805,#1806,#1807,#1808,#1809,#1810,#1811,#1812,
    #1813,#1814,#1815,#1816,#1817,#1818,#1819,#1820,#1821,#1822),
  .UNSPECIFIED.,.F.,.F.,(9,7,7,7,7,9),(0.,0.521324557044,0.610829534342,
    0.74798150045,0.899305396965,1.),.UNSPECIFIED.);
#1786 = CARTESIAN_POINT('',(0.836101162295,0.));
#1787 = CARTESIAN_POINT('',(0.836101162295,-8.52233657891E-02));
#1788 = CARTESIAN_POINT('',(0.839880945754,-0.169969027511));
#1789 = CARTESIAN_POINT('',(0.847379454318,-0.254826083282));
#1790 = CARTESIAN_POINT('',(0.858943638997,-0.340058189626));
#1791 = CARTESIAN_POINT('',(0.875317450418,-0.425630623594));
#1792 = CARTESIAN_POINT('',(0.897570719411,-0.5112744045));
#1793 = CARTESIAN_POINT('',(0.927651406436,-0.596280338897));
#1794 = CARTESIAN_POINT('',(0.975788502915,-0.693419303119));
#1795 = CARTESIAN_POINT('',(0.983162238915,-0.707582801738));
#1796 = CARTESIAN_POINT('',(0.990870114275,-0.721666047065));
#1797 = CARTESIAN_POINT('',(0.998926412849,-0.735657618119));
#1798 = CARTESIAN_POINT('',(1.007345379344,-0.749544718578));
#1799 = CARTESIAN_POINT('',(1.016140838319,-0.763313262918));
#1800 = CARTESIAN_POINT('',(1.025325813193,-0.776947962537));
#1801 = CARTESIAN_POINT('',(1.049601655577,-0.811095159356));
#1802 = CARTESIAN_POINT('',(1.065236398408,-0.831408961536));
#1803 = CARTESIAN_POINT('',(1.081855177501,-0.851309812773));
#1804 = CARTESIAN_POINT('',(1.099490450119,-0.870729961593));
#1805 = CARTESIAN_POINT('',(1.118163183019,-0.889600761818));
#1806 = CARTESIAN_POINT('',(1.137877708436,-0.907855523664));
#1807 = CARTESIAN_POINT('',(1.158616580079,-0.925432364843));
#1808 = CARTESIAN_POINT('',(1.204298489642,-0.960862323191));
#1809 = CARTESIAN_POINT('',(1.229462366289,-0.978562599898));
#1810 = CARTESIAN_POINT('',(1.255767360097,-0.995302659878));
#1811 = CARTESIAN_POINT('',(1.283134734742,-1.011036690326));
#1812 = CARTESIAN_POINT('',(1.311470347104,-1.025744863095));
#1813 = CARTESIAN_POINT('',(1.340669409949,-1.039428978647));
#1814 = CARTESIAN_POINT('',(1.370622386707,-1.052107188369));
#1815 = CARTESIAN_POINT('',(1.421583757872,-1.071593663834));
#1816 = CARTESIAN_POINT('',(1.442235698947,-1.078948129085));
#1817 = CARTESIAN_POINT('',(1.463149956521,-1.085880835646));
#1818 = CARTESIAN_POINT('',(1.48430001779,-1.092403176841));
#1819 = CARTESIAN_POINT('',(1.505661103893,-1.098527731196));
#1820 = CARTESIAN_POINT('',(1.527210531578,-1.104267698949));
#1821 = CARTESIAN_POINT('',(1.54892807488,-1.109636338547));
#1822 = CARTESIAN_POINT('',(1.570796326795,-1.114646403148));
#1823 = ( GEOMETRIC_REPRESENTATION_CONTEXT(2) 
PARAMETRIC_REPRESENTATION_CONTEXT() REPRESENTATION_CONTEXT('2D SPACE',''
  ) );
#1824 = ORIENTED_EDGE('',*,*,#1825,.T.);
#1825 = EDGE_CURVE('',#1696,#1826,#1828,.T.);
#1826 = VERTEX_POINT('',#1827);
#1827 = CARTESIAN_POINT('',(-11.62389578698,-15.65678915784,2.25));
#1828 = SURFACE_CURVE('',#1829,(#1833,#1839),.PCURVE_S1.);
#1829 = LINE('',#1830,#1831);
#1830 = CARTESIAN_POINT('',(-11.62389578698,-15.65678915784,-5.));
#1831 = VECTOR('',#1832,1.);
#1832 = DIRECTION('',(0.,0.,1.));
#1833 = PCURVE('',#32,#1834);
#1834 = DEFINITIONAL_REPRESENTATION('',(#1835),#1838);
#1835 = B_SPLINE_CURVE_WITH_KNOTS('',1,(#1836,#1837),.UNSPECIFIED.,.F.,
  .F.,(2,2),(2.7499994,7.2500006),.PIECEWISE_BEZIER_KNOTS.);
#1836 = CARTESIAN_POINT('',(4.073757473663,2.7499994));
#1837 = CARTESIAN_POINT('',(4.073757473663,7.2500006));
#1838 = ( GEOMETRIC_REPRESENTATION_CONTEXT(2) 
PARAMETRIC_REPRESENTATION_CONTEXT() REPRESENTATION_CONTEXT('2D SPACE',''
  ) );
#1839 = PCURVE('',#1840,#1845);
#1840 = CYLINDRICAL_SURFACE('',#1841,0.75);
#1841 = AXIS2_PLACEMENT_3D('',#1842,#1843,#1844);
#1842 = CARTESIAN_POINT('',(-10.89054445662,-15.81393821528,-3.));
#1843 = DIRECTION('',(0.,0.,1.));
#1844 = DIRECTION('',(-0.5,0.866025403784,0.));
#1845 = DEFINITIONAL_REPRESENTATION('',(#1846),#1849);
#1846 = B_SPLINE_CURVE_WITH_KNOTS('',1,(#1847,#1848),.UNSPECIFIED.,.F.,
  .F.,(2,2),(2.7499994,7.2500006),.PIECEWISE_BEZIER_KNOTS.);
#1847 = CARTESIAN_POINT('',(0.836101162295,0.7499994));
#1848 = CARTESIAN_POINT('',(0.836101162295,5.2500006));
#1849 = ( GEOMETRIC_REPRESENTATION_CONTEXT(2) 
PARAMETRIC_REPRESENTATION_CONTEXT() REPRESENTATION_CONTEXT('2D SPACE',''
  ) );
#1850 = ORIENTED_EDGE('',*,*,#1851,.F.);
#1851 = EDGE_CURVE('',#1852,#1826,#1854,.T.);
#1852 = VERTEX_POINT('',#1853);
#1853 = CARTESIAN_POINT('',(-11.17665432232,-15.97912382326,
    2.923316314715));
#1854 = SURFACE_CURVE('',#1855,(#1878,#1904),.PCURVE_S1.);
#1855 = B_SPLINE_CURVE_WITH_KNOTS('',6,(#1856,#1857,#1858,#1859,#1860,
    #1861,#1862,#1863,#1864,#1865,#1866,#1867,#1868,#1869,#1870,#1871,
    #1872,#1873,#1874,#1875,#1876,#1877),.UNSPECIFIED.,.F.,.F.,(7,5,5,5,
    7),(0.,0.138684223545,0.290333342109,0.550589799124,1.),
  .UNSPECIFIED.);
#1856 = CARTESIAN_POINT('',(-11.17665432232,-15.97912382326,
    2.923316314715));
#1857 = CARTESIAN_POINT('',(-11.19762322372,-15.96445705147,
    2.918004294391));
#1858 = CARTESIAN_POINT('',(-11.21820323259,-15.95001311586,
    2.91158553539));
#1859 = CARTESIAN_POINT('',(-11.23832936182,-15.93584069451,
    2.904112837237));
#1860 = CARTESIAN_POINT('',(-11.25794799376,-15.92198144258,
    2.895647770972));
#1861 = CARTESIAN_POINT('',(-11.27701626326,-15.90847002233,
    2.886256704099));
#1862 = CARTESIAN_POINT('',(-11.31571470501,-15.88097023523,
    2.864798737024));
#1863 = CARTESIAN_POINT('',(-11.33523077177,-15.86705535232,
    2.852563733519));
#1864 = CARTESIAN_POINT('',(-11.35400745229,-15.853625303,2.839389539421
    ));
#1865 = CARTESIAN_POINT('',(-11.37201671587,-15.84070614004,
    2.825364646625));
#1866 = CARTESIAN_POINT('',(-11.38924221919,-15.82831552079,
    2.810574617433));
#1867 = CARTESIAN_POINT('',(-11.43388151707,-15.79612492476,
    2.768538465374));
#1868 = CARTESIAN_POINT('',(-11.45975384856,-15.77737588661,
    2.739959916088));
#1869 = CARTESIAN_POINT('',(-11.48326336343,-15.76026716851,
    2.70976118893));
#1870 = CARTESIAN_POINT('',(-11.50444432046,-15.74479849453,
    2.678289275286));
#1871 = CARTESIAN_POINT('',(-11.5233678931,-15.73093843367,
    2.645830084144));
#1872 = CARTESIAN_POINT('',(-11.56903211394,-15.69741325556,
    2.55521514942));
#1873 = CARTESIAN_POINT('',(-11.59144591549,-15.68085948449,
    2.495554990333));
#1874 = CARTESIAN_POINT('',(-11.60779452784,-15.66874286093,
    2.43471578603));
#1875 = CARTESIAN_POINT('',(-11.61852699786,-15.66077510342,
    2.373320415435));
#1876 = CARTESIAN_POINT('',(-11.62389578698,-15.65678915784,
    2.311668895959));
#1877 = CARTESIAN_POINT('',(-11.62389578698,-15.65678915784,2.25));
#1878 = PCURVE('',#32,#1879);
#1879 = DEFINITIONAL_REPRESENTATION('',(#1880),#1903);
#1880 = B_SPLINE_CURVE_WITH_KNOTS('',6,(#1881,#1882,#1883,#1884,#1885,
    #1886,#1887,#1888,#1889,#1890,#1891,#1892,#1893,#1894,#1895,#1896,
    #1897,#1898,#1899,#1900,#1901,#1902),.UNSPECIFIED.,.F.,.F.,(7,5,5,5,
    7),(0.,0.138684223545,0.290333342109,0.550589799124,1.),
  .UNSPECIFIED.);
#1881 = CARTESIAN_POINT('',(4.102029878727,7.923316314715));
#1882 = CARTESIAN_POINT('',(4.100717610193,7.918004294391));
#1883 = CARTESIAN_POINT('',(4.099428233775,7.91158553539));
#1884 = CARTESIAN_POINT('',(4.098165907096,7.904112837237));
#1885 = CARTESIAN_POINT('',(4.09693410439,7.895647770972));
#1886 = CARTESIAN_POINT('',(4.095735643418,7.886256704099));
#1887 = CARTESIAN_POINT('',(4.093301064727,7.864798737024));
#1888 = CARTESIAN_POINT('',(4.092071899757,7.852563733519));
#1889 = CARTESIAN_POINT('',(4.090888041333,7.839389539421));
#1890 = CARTESIAN_POINT('',(4.089751432706,7.825364646625));
#1891 = CARTESIAN_POINT('',(4.088663280291,7.810574617433));
#1892 = CARTESIAN_POINT('',(4.085840949228,7.768538465374));
#1893 = CARTESIAN_POINT('',(4.084202410688,7.739959916088));
#1894 = CARTESIAN_POINT('',(4.082711344886,7.70976118893));
#1895 = CARTESIAN_POINT('',(4.08136631654,7.678289275286));
#1896 = CARTESIAN_POINT('',(4.080163424813,7.645830084144));
#1897 = CARTESIAN_POINT('',(4.077258325515,7.55521514942));
#1898 = CARTESIAN_POINT('',(4.075829405088,7.495554990333));
#1899 = CARTESIAN_POINT('',(4.074785856404,7.43471578603));
#1900 = CARTESIAN_POINT('',(4.074100380279,7.373320415435));
#1901 = CARTESIAN_POINT('',(4.073757473663,7.311668895959));
#1902 = CARTESIAN_POINT('',(4.073757473663,7.25));
#1903 = ( GEOMETRIC_REPRESENTATION_CONTEXT(2) 
PARAMETRIC_REPRESENTATION_CONTEXT() REPRESENTATION_CONTEXT('2D SPACE',''
  ) );
#1904 = PCURVE('',#1905,#1910);
#1905 = SPHERICAL_SURFACE('',#1906,0.75);
#1906 = AXIS2_PLACEMENT_3D('',#1907,#1908,#1909);
#1907 = CARTESIAN_POINT('',(-10.89054445662,-15.81393821528,2.25));
#1908 = DIRECTION('',(0.866025403784,0.5,-0.));
#1909 = DIRECTION('',(-0.5,0.866025403784,0.));
#1910 = DEFINITIONAL_REPRESENTATION('',(#1911),#1934);
#1911 = B_SPLINE_CURVE_WITH_KNOTS('',6,(#1912,#1913,#1914,#1915,#1916,
    #1917,#1918,#1919,#1920,#1921,#1922,#1923,#1924,#1925,#1926,#1927,
    #1928,#1929,#1930,#1931,#1932,#1933),.UNSPECIFIED.,.F.,.F.,(7,5,5,5,
    7),(0.,0.138684223545,0.290333342109,0.550589799124,1.),
  .UNSPECIFIED.);
#1912 = CARTESIAN_POINT('',(1.570796326795,-0.456149923647));
#1913 = CARTESIAN_POINT('',(1.536360435146,-0.47222886778));
#1914 = CARTESIAN_POINT('',(1.501847977508,-0.488125305263));
#1915 = CARTESIAN_POINT('',(1.467259136903,-0.503792843754));
#1916 = CARTESIAN_POINT('',(1.432591109687,-0.519190594009));
#1917 = CARTESIAN_POINT('',(1.397839434171,-0.534282943419));
#1918 = CARTESIAN_POINT('',(1.324902176049,-0.565175216496));
#1919 = CARTESIAN_POINT('',(1.286699241342,-0.580909404453));
#1920 = CARTESIAN_POINT('',(1.248382556795,-0.596202504271));
#1921 = CARTESIAN_POINT('',(1.209943548196,-0.61102222444));
#1922 = CARTESIAN_POINT('',(1.171373586511,-0.625342504461));
#1923 = CARTESIAN_POINT('',(1.066233058509,-0.662826112673));
#1924 = CARTESIAN_POINT('',(0.999398972839,-0.684975248717));
#1925 = CARTESIAN_POINT('',(0.932108826259,-0.705489582245));
#1926 = CARTESIAN_POINT('',(0.864340514188,-0.724304506411));
#1927 = CARTESIAN_POINT('',(0.796094836773,-0.741382535973));
#1928 = CARTESIAN_POINT('',(0.608742594768,-0.783162597412));
#1929 = CARTESIAN_POINT('',(0.488770662484,-0.804373089036));
#1930 = CARTESIAN_POINT('',(0.367491945215,-0.820255533016));
#1931 = CARTESIAN_POINT('',(0.24528070749,-0.830817070164));
#1932 = CARTESIAN_POINT('',(0.122658084326,-0.836101162295));
#1933 = CARTESIAN_POINT('',(0.,-0.836101162295));
#1934 = ( GEOMETRIC_REPRESENTATION_CONTEXT(2) 
PARAMETRIC_REPRESENTATION_CONTEXT() REPRESENTATION_CONTEXT('2D SPACE',''
  ) );
#1935 = ORIENTED_EDGE('',*,*,#1936,.T.);
#1936 = EDGE_CURVE('',#1852,#1937,#1939,.T.);
#1937 = VERTEX_POINT('',#1938);
#1938 = CARTESIAN_POINT('',(-10.55382114713,-16.3971600954,3.));
#1939 = SURFACE_CURVE('',#1940,(#1951,#1965),.PCURVE_S1.);
#1940 = B_SPLINE_CURVE_WITH_KNOTS('',5,(#1941,#1942,#1943,#1944,#1945,
    #1946,#1947,#1948,#1949,#1950),.UNSPECIFIED.,.F.,.F.,(6,4,6),(0.,
    0.477521097007,1.),.UNSPECIFIED.);
#1941 = CARTESIAN_POINT('',(-11.17665486494,-15.97912344372,
    2.923316177254));
#1942 = CARTESIAN_POINT('',(-11.11922434752,-16.0192934239,
    2.937864978646));
#1943 = CARTESIAN_POINT('',(-11.06110630096,-16.05956005444,
    2.950657125961));
#1944 = CARTESIAN_POINT('',(-11.00242596528,-16.09982217451,
    2.961733003854));
#1945 = CARTESIAN_POINT('',(-10.94326848166,-16.14001337809,
    2.971110394529));
#1946 = CARTESIAN_POINT('',(-10.81848746573,-16.22394842814,
    2.98717550619));
#1947 = CARTESIAN_POINT('',(-10.75279870398,-16.26765760043,
    2.993524402662));
#1948 = CARTESIAN_POINT('',(-10.68672012786,-16.31114409017,
    2.99781495069));
#1949 = CARTESIAN_POINT('',(-10.62035621667,-16.35433565386,3.));
#1950 = CARTESIAN_POINT('',(-10.55382114713,-16.3971600954,3.));
#1951 = PCURVE('',#32,#1952);
#1952 = DEFINITIONAL_REPRESENTATION('',(#1953),#1964);
#1953 = B_SPLINE_CURVE_WITH_KNOTS('',5,(#1954,#1955,#1956,#1957,#1958,
    #1959,#1960,#1961,#1962,#1963),.UNSPECIFIED.,.F.,.F.,(6,4,6),(0.,
    0.477521097007,1.),.UNSPECIFIED.);
#1954 = CARTESIAN_POINT('',(4.102029844769,7.923316177254));
#1955 = CARTESIAN_POINT('',(4.105623941631,7.937864978646));
#1956 = CARTESIAN_POINT('',(4.109249771103,7.950657125961));
#1957 = CARTESIAN_POINT('',(4.11289919384,7.961733003854));
#1958 = CARTESIAN_POINT('',(4.116566786176,7.971110394529));
#1959 = CARTESIAN_POINT('',(4.124278794208,7.98717550619));
#1960 = CARTESIAN_POINT('',(4.128324993086,7.993524402662));
#1961 = CARTESIAN_POINT('',(4.13238154157,7.99781495069));
#1962 = CARTESIAN_POINT('',(4.136442069414,8.));
#1963 = CARTESIAN_POINT('',(4.140499788504,8.));
#1964 = ( GEOMETRIC_REPRESENTATION_CONTEXT(2) 
PARAMETRIC_REPRESENTATION_CONTEXT() REPRESENTATION_CONTEXT('2D SPACE',''
  ) );
#1965 = PCURVE('',#1966,#1971);
#1966 = CYLINDRICAL_SURFACE('',#1967,0.75);
#1967 = AXIS2_PLACEMENT_3D('',#1968,#1969,#1970);
#1968 = CARTESIAN_POINT('',(-9.765544456623,-17.76249537379,2.25));
#1969 = DIRECTION('',(-0.5,0.866025403784,0.));
#1970 = DIRECTION('',(-0.866025403784,-0.5,0.));
#1971 = DEFINITIONAL_REPRESENTATION('',(#1972),#1983);
#1972 = B_SPLINE_CURVE_WITH_KNOTS('',5,(#1973,#1974,#1975,#1976,#1977,
    #1978,#1979,#1980,#1981,#1982),.UNSPECIFIED.,.F.,.F.,(6,4,6),(0.,
    0.477521097007,1.),.UNSPECIFIED.);
#1973 = CARTESIAN_POINT('',(1.114645987067,2.2500006));
#1974 = CARTESIAN_POINT('',(1.158683688754,2.186497117983));
#1975 = CARTESIAN_POINT('',(1.202344529851,2.122566169727));
#1976 = CARTESIAN_POINT('',(1.245760872157,2.058357983098));
#1977 = CARTESIAN_POINT('',(1.289054425585,1.993972637981));
#1978 = CARTESIAN_POINT('',(1.379748241591,1.858892244406));
#1979 = CARTESIAN_POINT('',(1.427137437997,1.788194609946));
#1980 = CARTESIAN_POINT('',(1.474681801172,1.717494917052));
#1981 = CARTESIAN_POINT('',(1.522517873876,1.64690797007));
#1982 = CARTESIAN_POINT('',(1.570796326795,1.576553381031));
#1983 = ( GEOMETRIC_REPRESENTATION_CONTEXT(2) 
PARAMETRIC_REPRESENTATION_CONTEXT() REPRESENTATION_CONTEXT('2D SPACE',''
  ) );
#1984 = ORIENTED_EDGE('',*,*,#1985,.T.);
#1985 = EDGE_CURVE('',#1937,#1986,#1988,.T.);
#1986 = VERTEX_POINT('',#1987);
#1987 = CARTESIAN_POINT('',(-9.75,-16.88749537379,3.));
#1988 = SURFACE_CURVE('',#1989,(#1994,#2001),.PCURVE_S1.);
#1989 = CIRCLE('',#1990,19.5);
#1990 = AXIS2_PLACEMENT_3D('',#1991,#1992,#1993);
#1991 = CARTESIAN_POINT('',(0.,0.,3.));
#1992 = DIRECTION('',(0.,0.,1.));
#1993 = DIRECTION('',(1.,0.,-0.));
#1994 = PCURVE('',#32,#1995);
#1995 = DEFINITIONAL_REPRESENTATION('',(#1996),#2000);
#1996 = LINE('',#1997,#1998);
#1997 = CARTESIAN_POINT('',(0.,8.));
#1998 = VECTOR('',#1999,1.);
#1999 = DIRECTION('',(1.,0.));
#2000 = ( GEOMETRIC_REPRESENTATION_CONTEXT(2) 
PARAMETRIC_REPRESENTATION_CONTEXT() REPRESENTATION_CONTEXT('2D SPACE',''
  ) );
#2001 = PCURVE('',#2002,#2007);
#2002 = PLANE('',#2003);
#2003 = AXIS2_PLACEMENT_3D('',#2004,#2005,#2006);
#2004 = CARTESIAN_POINT('',(-6.084936490539,-15.63749537379,3.));
#2005 = DIRECTION('',(0.,0.,1.));
#2006 = DIRECTION('',(-0.5,0.866025403784,0.));
#2007 = DEFINITIONAL_REPRESENTATION('',(#2008),#2012);
#2008 = CIRCLE('',#2009,19.5);
#2009 = AXIS2_PLACEMENT_2D('',#2010,#2011);
#2010 = CARTESIAN_POINT('',(10.5,-13.08845726812));
#2011 = DIRECTION('',(-0.5,-0.866025403784));
#2012 = ( GEOMETRIC_REPRESENTATION_CONTEXT(2) 
PARAMETRIC_REPRESENTATION_CONTEXT() REPRESENTATION_CONTEXT('2D SPACE',''
  ) );
#2013 = ORIENTED_EDGE('',*,*,#2014,.F.);
#2014 = EDGE_CURVE('',#1537,#1986,#2015,.T.);
#2015 = SURFACE_CURVE('',#2016,(#2029,#2045),.PCURVE_S1.);
#2016 = B_SPLINE_CURVE_WITH_KNOTS('',6,(#2017,#2018,#2019,#2020,#2021,
    #2022,#2023,#2024,#2025,#2026,#2027,#2028),.UNSPECIFIED.,.F.,.F.,(7,
    5,7),(0.,0.526949464161,1.),.UNSPECIFIED.);
#2017 = CARTESIAN_POINT('',(-8.980249470758,-17.30910510231,2.25));
#2018 = CARTESIAN_POINT('',(-8.980249470758,-17.30910510231,
    2.351564281897));
#2019 = CARTESIAN_POINT('',(-8.997634940969,-17.30008506557,
    2.453101740439));
#2020 = CARTESIAN_POINT('',(-9.032390627833,-17.28205400278,
    2.551439942202));
#2021 = CARTESIAN_POINT('',(-9.083591923759,-17.25532189353,
    2.643425434387));
#2022 = CARTESIAN_POINT('',(-9.149447589844,-17.22049480878,
    2.726060283707));
#2023 = CARTESIAN_POINT('',(-9.29740583653,-17.14101971855,
    2.860164579594));
#2024 = CARTESIAN_POINT('',(-9.377334154273,-17.09764547176,
    2.914117561954));
#2025 = CARTESIAN_POINT('',(-9.465227969075,-17.04931364961,
    2.956402239889));
#2026 = CARTESIAN_POINT('',(-9.558510460622,-16.99718559284,
    2.985367651524));
#2027 = CARTESIAN_POINT('',(-9.654369045086,-16.94270793135,3.));
#2028 = CARTESIAN_POINT('',(-9.75,-16.88749537379,3.));
#2029 = PCURVE('',#32,#2030);
#2030 = DEFINITIONAL_REPRESENTATION('',(#2031),#2044);
#2031 = B_SPLINE_CURVE_WITH_KNOTS('',6,(#2032,#2033,#2034,#2035,#2036,
    #2037,#2038,#2039,#2040,#2041,#2042,#2043),.UNSPECIFIED.,.F.,.F.,(7,
    5,7),(0.,0.526949464161,1.),.UNSPECIFIED.);
#2032 = CARTESIAN_POINT('',(4.233801729452,7.25));
#2033 = CARTESIAN_POINT('',(4.233801729452,7.351564281897));
#2034 = CARTESIAN_POINT('',(4.232797315303,7.453101740439));
#2035 = CARTESIAN_POINT('',(4.23078938329,7.551439942202));
#2036 = CARTESIAN_POINT('',(4.227827377235,7.643425434387));
#2037 = CARTESIAN_POINT('',(4.22400706828,7.726060283707));
#2038 = CARTESIAN_POINT('',(4.215394136283,7.860164579594));
#2039 = CARTESIAN_POINT('',(4.210730651172,7.914117561954));
#2040 = CARTESIAN_POINT('',(4.205586885148,7.956402239889));
#2041 = CARTESIAN_POINT('',(4.200107124191,7.985367651524));
#2042 = CARTESIAN_POINT('',(4.194453031203,8.));
#2043 = CARTESIAN_POINT('',(4.188790204786,8.));
#2044 = ( GEOMETRIC_REPRESENTATION_CONTEXT(2) 
PARAMETRIC_REPRESENTATION_CONTEXT() REPRESENTATION_CONTEXT('2D SPACE',''
  ) );
#2045 = PCURVE('',#2046,#2051);
#2046 = CYLINDRICAL_SURFACE('',#2047,0.75);
#2047 = AXIS2_PLACEMENT_3D('',#2048,#2049,#2050);
#2048 = CARTESIAN_POINT('',(-6.459936490539,-14.98797632095,2.25));
#2049 = DIRECTION('',(-0.866025403784,-0.5,0.));
#2050 = DIRECTION('',(0.5,-0.866025403784,0.));
#2051 = DEFINITIONAL_REPRESENTATION('',(#2052),#2065);
#2052 = B_SPLINE_CURVE_WITH_KNOTS('',6,(#2053,#2054,#2055,#2056,#2057,
    #2058,#2059,#2060,#2061,#2062,#2063,#2064),.UNSPECIFIED.,.F.,.F.,(7,
    5,7),(0.,0.526949464161,1.),.UNSPECIFIED.);
#2053 = CARTESIAN_POINT('',(0.,3.343219457035));
#2054 = CARTESIAN_POINT('',(0.135419042529,3.343219457035));
#2055 = CARTESIAN_POINT('',(0.270801624455,3.353765697525));
#2056 = CARTESIAN_POINT('',(0.406392376274,3.374849473881));
#2057 = CARTESIAN_POINT('',(0.542430673816,3.405825042231));
#2058 = CARTESIAN_POINT('',(0.679173332032,3.44544417967));
#2059 = CARTESIAN_POINT('',(0.940376288411,3.533842234889));
#2060 = CARTESIAN_POINT('',(1.064973709578,3.58137506514));
#2061 = CARTESIAN_POINT('',(1.190363406888,3.633327430519));
#2062 = CARTESIAN_POINT('',(1.316477749947,3.688048409541));
#2063 = CARTESIAN_POINT('',(1.44328838691,3.743825548114));
#2064 = CARTESIAN_POINT('',(1.570796326795,3.799038105677));
#2065 = ( GEOMETRIC_REPRESENTATION_CONTEXT(2) 
PARAMETRIC_REPRESENTATION_CONTEXT() REPRESENTATION_CONTEXT('2D SPACE',''
  ) );
#2066 = ADVANCED_FACE('',(#2067),#43,.F.);
#2067 = FACE_BOUND('',#2068,.F.);
#2068 = EDGE_LOOP('',(#2069,#2092,#2093,#2116));
#2069 = ORIENTED_EDGE('',*,*,#2070,.F.);
#2070 = EDGE_CURVE('',#22,#2071,#2073,.T.);
#2071 = VERTEX_POINT('',#2072);
#2072 = CARTESIAN_POINT('',(23.75,-2.5,-2.75));
#2073 = SURFACE_CURVE('',#2074,(#2078,#2085),.PCURVE_S1.);
#2074 = LINE('',#2075,#2076);
#2075 = CARTESIAN_POINT('',(17.,-2.5,-2.75));
#2076 = VECTOR('',#2077,1.);
#2077 = DIRECTION('',(1.,0.,0.));
#2078 = PCURVE('',#43,#2079);
#2079 = DEFINITIONAL_REPRESENTATION('',(#2080),#2084);
#2080 = LINE('',#2081,#2082);
#2081 = CARTESIAN_POINT('',(1.25,0.));
#2082 = VECTOR('',#2083,1.);
#2083 = DIRECTION('',(0.,1.));
#2084 = ( GEOMETRIC_REPRESENTATION_CONTEXT(2) 
PARAMETRIC_REPRESENTATION_CONTEXT() REPRESENTATION_CONTEXT('2D SPACE',''
  ) );
#2085 = PCURVE('',#522,#2086);
#2086 = DEFINITIONAL_REPRESENTATION('',(#2087),#2091);
#2087 = LINE('',#2088,#2089);
#2088 = CARTESIAN_POINT('',(0.,0.));
#2089 = VECTOR('',#2090,1.);
#2090 = DIRECTION('',(0.,1.));
#2091 = ( GEOMETRIC_REPRESENTATION_CONTEXT(2) 
PARAMETRIC_REPRESENTATION_CONTEXT() REPRESENTATION_CONTEXT('2D SPACE',''
  ) );
#2092 = ORIENTED_EDGE('',*,*,#21,.T.);
#2093 = ORIENTED_EDGE('',*,*,#2094,.T.);
#2094 = EDGE_CURVE('',#24,#2095,#2097,.T.);
#2095 = VERTEX_POINT('',#2096);
#2096 = CARTESIAN_POINT('',(23.75,-2.5,2.75));
#2097 = SURFACE_CURVE('',#2098,(#2102,#2109),.PCURVE_S1.);
#2098 = LINE('',#2099,#2100);
#2099 = CARTESIAN_POINT('',(17.,-2.5,2.75));
#2100 = VECTOR('',#2101,1.);
#2101 = DIRECTION('',(1.,0.,0.));
#2102 = PCURVE('',#43,#2103);
#2103 = DEFINITIONAL_REPRESENTATION('',(#2104),#2108);
#2104 = LINE('',#2105,#2106);
#2105 = CARTESIAN_POINT('',(6.75,0.));
#2106 = VECTOR('',#2107,1.);
#2107 = DIRECTION('',(0.,1.));
#2108 = ( GEOMETRIC_REPRESENTATION_CONTEXT(2) 
PARAMETRIC_REPRESENTATION_CONTEXT() REPRESENTATION_CONTEXT('2D SPACE',''
  ) );
#2109 = PCURVE('',#98,#2110);
#2110 = DEFINITIONAL_REPRESENTATION('',(#2111),#2115);
#2111 = LINE('',#2112,#2113);
#2112 = CARTESIAN_POINT('',(-0.,0.));
#2113 = VECTOR('',#2114,1.);
#2114 = DIRECTION('',(-0.,1.));
#2115 = ( GEOMETRIC_REPRESENTATION_CONTEXT(2) 
PARAMETRIC_REPRESENTATION_CONTEXT() REPRESENTATION_CONTEXT('2D SPACE',''
  ) );
#2116 = ORIENTED_EDGE('',*,*,#2117,.F.);
#2117 = EDGE_CURVE('',#2071,#2095,#2118,.T.);
#2118 = SURFACE_CURVE('',#2119,(#2123,#2130),.PCURVE_S1.);
#2119 = LINE('',#2120,#2121);
#2120 = CARTESIAN_POINT('',(23.75,-2.5,-4.));
#2121 = VECTOR('',#2122,1.);
#2122 = DIRECTION('',(0.,0.,1.));
#2123 = PCURVE('',#43,#2124);
#2124 = DEFINITIONAL_REPRESENTATION('',(#2125),#2129);
#2125 = LINE('',#2126,#2127);
#2126 = CARTESIAN_POINT('',(0.,6.75));
#2127 = VECTOR('',#2128,1.);
#2128 = DIRECTION('',(1.,0.));
#2129 = ( GEOMETRIC_REPRESENTATION_CONTEXT(2) 
PARAMETRIC_REPRESENTATION_CONTEXT() REPRESENTATION_CONTEXT('2D SPACE',''
  ) );
#2130 = PCURVE('',#2131,#2136);
#2131 = CYLINDRICAL_SURFACE('',#2132,1.25);
#2132 = AXIS2_PLACEMENT_3D('',#2133,#2134,#2135);
#2133 = CARTESIAN_POINT('',(23.75,-1.25,-4.));
#2134 = DIRECTION('',(0.,0.,1.));
#2135 = DIRECTION('',(1.,0.,-0.));
#2136 = DEFINITIONAL_REPRESENTATION('',(#2137),#2141);
#2137 = LINE('',#2138,#2139);
#2138 = CARTESIAN_POINT('',(-1.570796326795,0.));
#2139 = VECTOR('',#2140,1.);
#2140 = DIRECTION('',(-0.,1.));
#2141 = ( GEOMETRIC_REPRESENTATION_CONTEXT(2) 
PARAMETRIC_REPRESENTATION_CONTEXT() REPRESENTATION_CONTEXT('2D SPACE',''
  ) );
#2142 = ADVANCED_FACE('',(#2143),#522,.T.);
#2143 = FACE_BOUND('',#2144,.T.);
#2144 = EDGE_LOOP('',(#2145,#2146,#2169,#2196));
#2145 = ORIENTED_EDGE('',*,*,#480,.T.);
#2146 = ORIENTED_EDGE('',*,*,#2147,.T.);
#2147 = EDGE_CURVE('',#457,#2148,#2150,.T.);
#2148 = VERTEX_POINT('',#2149);
#2149 = CARTESIAN_POINT('',(23.75,-1.25,-4.));
#2150 = SURFACE_CURVE('',#2151,(#2155,#2162),.PCURVE_S1.);
#2151 = LINE('',#2152,#2153);
#2152 = CARTESIAN_POINT('',(17.,-1.25,-4.));
#2153 = VECTOR('',#2154,1.);
#2154 = DIRECTION('',(1.,0.,0.));
#2155 = PCURVE('',#522,#2156);
#2156 = DEFINITIONAL_REPRESENTATION('',(#2157),#2161);
#2157 = LINE('',#2158,#2159);
#2158 = CARTESIAN_POINT('',(1.570796326795,0.));
#2159 = VECTOR('',#2160,1.);
#2160 = DIRECTION('',(0.,1.));
#2161 = ( GEOMETRIC_REPRESENTATION_CONTEXT(2) 
PARAMETRIC_REPRESENTATION_CONTEXT() REPRESENTATION_CONTEXT('2D SPACE',''
  ) );
#2162 = PCURVE('',#393,#2163);
#2163 = DEFINITIONAL_REPRESENTATION('',(#2164),#2168);
#2164 = LINE('',#2165,#2166);
#2165 = CARTESIAN_POINT('',(0.,1.25));
#2166 = VECTOR('',#2167,1.);
#2167 = DIRECTION('',(1.,0.));
#2168 = ( GEOMETRIC_REPRESENTATION_CONTEXT(2) 
PARAMETRIC_REPRESENTATION_CONTEXT() REPRESENTATION_CONTEXT('2D SPACE',''
  ) );
#2169 = ORIENTED_EDGE('',*,*,#2170,.T.);
#2170 = EDGE_CURVE('',#2148,#2071,#2171,.T.);
#2171 = SURFACE_CURVE('',#2172,(#2177,#2184),.PCURVE_S1.);
#2172 = CIRCLE('',#2173,1.25);
#2173 = AXIS2_PLACEMENT_3D('',#2174,#2175,#2176);
#2174 = CARTESIAN_POINT('',(23.75,-1.25,-2.75));
#2175 = DIRECTION('',(-1.,-6.123233995737E-17,0.));
#2176 = DIRECTION('',(6.123233995737E-17,-1.,-0.));
#2177 = PCURVE('',#522,#2178);
#2178 = DEFINITIONAL_REPRESENTATION('',(#2179),#2183);
#2179 = LINE('',#2180,#2181);
#2180 = CARTESIAN_POINT('',(6.28318530718,6.75));
#2181 = VECTOR('',#2182,1.);
#2182 = DIRECTION('',(-1.,-0.));
#2183 = ( GEOMETRIC_REPRESENTATION_CONTEXT(2) 
PARAMETRIC_REPRESENTATION_CONTEXT() REPRESENTATION_CONTEXT('2D SPACE',''
  ) );
#2184 = PCURVE('',#2185,#2190);
#2185 = SPHERICAL_SURFACE('',#2186,1.25);
#2186 = AXIS2_PLACEMENT_3D('',#2187,#2188,#2189);
#2187 = CARTESIAN_POINT('',(23.75,-1.25,-2.75));
#2188 = DIRECTION('',(0.,0.,1.));
#2189 = DIRECTION('',(1.,0.,-0.));
#2190 = DEFINITIONAL_REPRESENTATION('',(#2191),#2195);
#2191 = LINE('',#2192,#2193);
#2192 = CARTESIAN_POINT('',(-1.570796326795,-6.28318530718));
#2193 = VECTOR('',#2194,1.);
#2194 = DIRECTION('',(-0.,1.));
#2195 = ( GEOMETRIC_REPRESENTATION_CONTEXT(2) 
PARAMETRIC_REPRESENTATION_CONTEXT() REPRESENTATION_CONTEXT('2D SPACE',''
  ) );
#2196 = ORIENTED_EDGE('',*,*,#2070,.F.);
#2197 = ADVANCED_FACE('',(#2198),#393,.F.);
#2198 = FACE_BOUND('',#2199,.F.);
#2199 = EDGE_LOOP('',(#2200,#2201,#2202,#2230,#2251));
#2200 = ORIENTED_EDGE('',*,*,#456,.F.);
#2201 = ORIENTED_EDGE('',*,*,#2147,.T.);
#2202 = ORIENTED_EDGE('',*,*,#2203,.T.);
#2203 = EDGE_CURVE('',#2148,#2204,#2206,.T.);
#2204 = VERTEX_POINT('',#2205);
#2205 = CARTESIAN_POINT('',(23.75,1.25,-4.));
#2206 = SURFACE_CURVE('',#2207,(#2211,#2218),.PCURVE_S1.);
#2207 = LINE('',#2208,#2209);
#2208 = CARTESIAN_POINT('',(23.75,-2.5,-4.));
#2209 = VECTOR('',#2210,1.);
#2210 = DIRECTION('',(0.,1.,0.));
#2211 = PCURVE('',#393,#2212);
#2212 = DEFINITIONAL_REPRESENTATION('',(#2213),#2217);
#2213 = LINE('',#2214,#2215);
#2214 = CARTESIAN_POINT('',(6.75,0.));
#2215 = VECTOR('',#2216,1.);
#2216 = DIRECTION('',(0.,1.));
#2217 = ( GEOMETRIC_REPRESENTATION_CONTEXT(2) 
PARAMETRIC_REPRESENTATION_CONTEXT() REPRESENTATION_CONTEXT('2D SPACE',''
  ) );
#2218 = PCURVE('',#2219,#2224);
#2219 = CYLINDRICAL_SURFACE('',#2220,1.25);
#2220 = AXIS2_PLACEMENT_3D('',#2221,#2222,#2223);
#2221 = CARTESIAN_POINT('',(23.75,-2.5,-2.75));
#2222 = DIRECTION('',(0.,1.,0.));
#2223 = DIRECTION('',(1.,0.,-0.));
#2224 = DEFINITIONAL_REPRESENTATION('',(#2225),#2229);
#2225 = LINE('',#2226,#2227);
#2226 = CARTESIAN_POINT('',(1.570796326795,0.));
#2227 = VECTOR('',#2228,1.);
#2228 = DIRECTION('',(0.,1.));
#2229 = ( GEOMETRIC_REPRESENTATION_CONTEXT(2) 
PARAMETRIC_REPRESENTATION_CONTEXT() REPRESENTATION_CONTEXT('2D SPACE',''
  ) );
#2230 = ORIENTED_EDGE('',*,*,#2231,.F.);
#2231 = EDGE_CURVE('',#316,#2204,#2232,.T.);
#2232 = SURFACE_CURVE('',#2233,(#2237,#2244),.PCURVE_S1.);
#2233 = LINE('',#2234,#2235);
#2234 = CARTESIAN_POINT('',(17.,1.25,-4.));
#2235 = VECTOR('',#2236,1.);
#2236 = DIRECTION('',(1.,0.,0.));
#2237 = PCURVE('',#393,#2238);
#2238 = DEFINITIONAL_REPRESENTATION('',(#2239),#2243);
#2239 = LINE('',#2240,#2241);
#2240 = CARTESIAN_POINT('',(0.,3.75));
#2241 = VECTOR('',#2242,1.);
#2242 = DIRECTION('',(1.,0.));
#2243 = ( GEOMETRIC_REPRESENTATION_CONTEXT(2) 
PARAMETRIC_REPRESENTATION_CONTEXT() REPRESENTATION_CONTEXT('2D SPACE',''
  ) );
#2244 = PCURVE('',#353,#2245);
#2245 = DEFINITIONAL_REPRESENTATION('',(#2246),#2250);
#2246 = LINE('',#2247,#2248);
#2247 = CARTESIAN_POINT('',(-1.570796326795,0.));
#2248 = VECTOR('',#2249,1.);
#2249 = DIRECTION('',(-0.,1.));
#2250 = ( GEOMETRIC_REPRESENTATION_CONTEXT(2) 
PARAMETRIC_REPRESENTATION_CONTEXT() REPRESENTATION_CONTEXT('2D SPACE',''
  ) );
#2251 = ORIENTED_EDGE('',*,*,#376,.F.);
#2252 = ADVANCED_FACE('',(#2253,#2256),#443,.F.);
#2253 = FACE_BOUND('',#2254,.F.);
#2254 = EDGE_LOOP('',(#2255));
#2255 = ORIENTED_EDGE('',*,*,#428,.T.);
#2256 = FACE_BOUND('',#2257,.F.);
#2257 = EDGE_LOOP('',(#2258));
#2258 = ORIENTED_EDGE('',*,*,#2259,.F.);
#2259 = EDGE_CURVE('',#2260,#2260,#2262,.T.);
#2260 = VERTEX_POINT('',#2261);
#2261 = CARTESIAN_POINT('',(17.2,-4.212784989067E-15,-5.));
#2262 = SURFACE_CURVE('',#2263,(#2268,#2275),.PCURVE_S1.);
#2263 = CIRCLE('',#2264,17.2);
#2264 = AXIS2_PLACEMENT_3D('',#2265,#2266,#2267);
#2265 = CARTESIAN_POINT('',(0.,0.,-5.));
#2266 = DIRECTION('',(0.,0.,1.));
#2267 = DIRECTION('',(1.,0.,-0.));
#2268 = PCURVE('',#443,#2269);
#2269 = DEFINITIONAL_REPRESENTATION('',(#2270),#2274);
#2270 = CIRCLE('',#2271,17.2);
#2271 = AXIS2_PLACEMENT_2D('',#2272,#2273);
#2272 = CARTESIAN_POINT('',(0.,0.));
#2273 = DIRECTION('',(1.,0.));
#2274 = ( GEOMETRIC_REPRESENTATION_CONTEXT(2) 
PARAMETRIC_REPRESENTATION_CONTEXT() REPRESENTATION_CONTEXT('2D SPACE',''
  ) );
#2275 = PCURVE('',#2276,#2281);
#2276 = CYLINDRICAL_SURFACE('',#2277,17.2);
#2277 = AXIS2_PLACEMENT_3D('',#2278,#2279,#2280);
#2278 = CARTESIAN_POINT('',(0.,0.,-6.));
#2279 = DIRECTION('',(0.,0.,1.));
#2280 = DIRECTION('',(1.,0.,-0.));
#2281 = DEFINITIONAL_REPRESENTATION('',(#2282),#2286);
#2282 = LINE('',#2283,#2284);
#2283 = CARTESIAN_POINT('',(0.,1.));
#2284 = VECTOR('',#2285,1.);
#2285 = DIRECTION('',(1.,0.));
#2286 = ( GEOMETRIC_REPRESENTATION_CONTEXT(2) 
PARAMETRIC_REPRESENTATION_CONTEXT() REPRESENTATION_CONTEXT('2D SPACE',''
  ) );
#2287 = ADVANCED_FACE('',(#2288),#353,.T.);
#2288 = FACE_BOUND('',#2289,.F.);
#2289 = EDGE_LOOP('',(#2290,#2291,#2292,#2321));
#2290 = ORIENTED_EDGE('',*,*,#315,.T.);
#2291 = ORIENTED_EDGE('',*,*,#2231,.T.);
#2292 = ORIENTED_EDGE('',*,*,#2293,.T.);
#2293 = EDGE_CURVE('',#2204,#2294,#2296,.T.);
#2294 = VERTEX_POINT('',#2295);
#2295 = CARTESIAN_POINT('',(23.75,2.5,-2.75));
#2296 = SURFACE_CURVE('',#2297,(#2302,#2309),.PCURVE_S1.);
#2297 = CIRCLE('',#2298,1.25);
#2298 = AXIS2_PLACEMENT_3D('',#2299,#2300,#2301);
#2299 = CARTESIAN_POINT('',(23.75,1.25,-2.75));
#2300 = DIRECTION('',(1.,-1.056412609424E-16,0.));
#2301 = DIRECTION('',(1.056412609424E-16,1.,0.));
#2302 = PCURVE('',#353,#2303);
#2303 = DEFINITIONAL_REPRESENTATION('',(#2304),#2308);
#2304 = LINE('',#2305,#2306);
#2305 = CARTESIAN_POINT('',(-6.28318530718,6.75));
#2306 = VECTOR('',#2307,1.);
#2307 = DIRECTION('',(1.,-0.));
#2308 = ( GEOMETRIC_REPRESENTATION_CONTEXT(2) 
PARAMETRIC_REPRESENTATION_CONTEXT() REPRESENTATION_CONTEXT('2D SPACE',''
  ) );
#2309 = PCURVE('',#2310,#2315);
#2310 = SPHERICAL_SURFACE('',#2311,1.25);
#2311 = AXIS2_PLACEMENT_3D('',#2312,#2313,#2314);
#2312 = CARTESIAN_POINT('',(23.75,1.25,-2.75));
#2313 = DIRECTION('',(0.,0.,1.));
#2314 = DIRECTION('',(1.,1.7763568394E-16,-0.));
#2315 = DEFINITIONAL_REPRESENTATION('',(#2316),#2320);
#2316 = LINE('',#2317,#2318);
#2317 = CARTESIAN_POINT('',(1.570796326795,-6.28318530718));
#2318 = VECTOR('',#2319,1.);
#2319 = DIRECTION('',(0.,1.));
#2320 = ( GEOMETRIC_REPRESENTATION_CONTEXT(2) 
PARAMETRIC_REPRESENTATION_CONTEXT() REPRESENTATION_CONTEXT('2D SPACE',''
  ) );
#2321 = ORIENTED_EDGE('',*,*,#2322,.F.);
#2322 = EDGE_CURVE('',#290,#2294,#2323,.T.);
#2323 = SURFACE_CURVE('',#2324,(#2328,#2335),.PCURVE_S1.);
#2324 = LINE('',#2325,#2326);
#2325 = CARTESIAN_POINT('',(17.,2.5,-2.75));
#2326 = VECTOR('',#2327,1.);
#2327 = DIRECTION('',(1.,0.,0.));
#2328 = PCURVE('',#353,#2329);
#2329 = DEFINITIONAL_REPRESENTATION('',(#2330),#2334);
#2330 = LINE('',#2331,#2332);
#2331 = CARTESIAN_POINT('',(-0.,0.));
#2332 = VECTOR('',#2333,1.);
#2333 = DIRECTION('',(-0.,1.));
#2334 = ( GEOMETRIC_REPRESENTATION_CONTEXT(2) 
PARAMETRIC_REPRESENTATION_CONTEXT() REPRESENTATION_CONTEXT('2D SPACE',''
  ) );
#2335 = PCURVE('',#304,#2336);
#2336 = DEFINITIONAL_REPRESENTATION('',(#2337),#2341);
#2337 = LINE('',#2338,#2339);
#2338 = CARTESIAN_POINT('',(1.25,0.));
#2339 = VECTOR('',#2340,1.);
#2340 = DIRECTION('',(0.,1.));
#2341 = ( GEOMETRIC_REPRESENTATION_CONTEXT(2) 
PARAMETRIC_REPRESENTATION_CONTEXT() REPRESENTATION_CONTEXT('2D SPACE',''
  ) );
#2342 = ADVANCED_FACE('',(#2343),#304,.T.);
#2343 = FACE_BOUND('',#2344,.T.);
#2344 = EDGE_LOOP('',(#2345,#2346,#2347,#2370));
#2345 = ORIENTED_EDGE('',*,*,#2322,.F.);
#2346 = ORIENTED_EDGE('',*,*,#289,.T.);
#2347 = ORIENTED_EDGE('',*,*,#2348,.T.);
#2348 = EDGE_CURVE('',#229,#2349,#2351,.T.);
#2349 = VERTEX_POINT('',#2350);
#2350 = CARTESIAN_POINT('',(23.75,2.5,2.75));
#2351 = SURFACE_CURVE('',#2352,(#2356,#2363),.PCURVE_S1.);
#2352 = LINE('',#2353,#2354);
#2353 = CARTESIAN_POINT('',(17.,2.5,2.75));
#2354 = VECTOR('',#2355,1.);
#2355 = DIRECTION('',(1.,0.,0.));
#2356 = PCURVE('',#304,#2357);
#2357 = DEFINITIONAL_REPRESENTATION('',(#2358),#2362);
#2358 = LINE('',#2359,#2360);
#2359 = CARTESIAN_POINT('',(6.75,0.));
#2360 = VECTOR('',#2361,1.);
#2361 = DIRECTION('',(0.,1.));
#2362 = ( GEOMETRIC_REPRESENTATION_CONTEXT(2) 
PARAMETRIC_REPRESENTATION_CONTEXT() REPRESENTATION_CONTEXT('2D SPACE',''
  ) );
#2363 = PCURVE('',#266,#2364);
#2364 = DEFINITIONAL_REPRESENTATION('',(#2365),#2369);
#2365 = LINE('',#2366,#2367);
#2366 = CARTESIAN_POINT('',(0.,0.));
#2367 = VECTOR('',#2368,1.);
#2368 = DIRECTION('',(0.,1.));
#2369 = ( GEOMETRIC_REPRESENTATION_CONTEXT(2) 
PARAMETRIC_REPRESENTATION_CONTEXT() REPRESENTATION_CONTEXT('2D SPACE',''
  ) );
#2370 = ORIENTED_EDGE('',*,*,#2371,.F.);
#2371 = EDGE_CURVE('',#2294,#2349,#2372,.T.);
#2372 = SURFACE_CURVE('',#2373,(#2377,#2384),.PCURVE_S1.);
#2373 = LINE('',#2374,#2375);
#2374 = CARTESIAN_POINT('',(23.75,2.5,-4.));
#2375 = VECTOR('',#2376,1.);
#2376 = DIRECTION('',(0.,0.,1.));
#2377 = PCURVE('',#304,#2378);
#2378 = DEFINITIONAL_REPRESENTATION('',(#2379),#2383);
#2379 = LINE('',#2380,#2381);
#2380 = CARTESIAN_POINT('',(0.,6.75));
#2381 = VECTOR('',#2382,1.);
#2382 = DIRECTION('',(1.,0.));
#2383 = ( GEOMETRIC_REPRESENTATION_CONTEXT(2) 
PARAMETRIC_REPRESENTATION_CONTEXT() REPRESENTATION_CONTEXT('2D SPACE',''
  ) );
#2384 = PCURVE('',#2385,#2390);
#2385 = CYLINDRICAL_SURFACE('',#2386,1.25);
#2386 = AXIS2_PLACEMENT_3D('',#2387,#2388,#2389);
#2387 = CARTESIAN_POINT('',(23.75,1.25,-4.));
#2388 = DIRECTION('',(0.,0.,1.));
#2389 = DIRECTION('',(1.,0.,-0.));
#2390 = DEFINITIONAL_REPRESENTATION('',(#2391),#2395);
#2391 = LINE('',#2392,#2393);
#2392 = CARTESIAN_POINT('',(1.570796326795,0.));
#2393 = VECTOR('',#2394,1.);
#2394 = DIRECTION('',(0.,1.));
#2395 = ( GEOMETRIC_REPRESENTATION_CONTEXT(2) 
PARAMETRIC_REPRESENTATION_CONTEXT() REPRESENTATION_CONTEXT('2D SPACE',''
  ) );
#2396 = ADVANCED_FACE('',(#2397),#266,.T.);
#2397 = FACE_BOUND('',#2398,.T.);
#2398 = EDGE_LOOP('',(#2399,#2400,#2401,#2424));
#2399 = ORIENTED_EDGE('',*,*,#2348,.F.);
#2400 = ORIENTED_EDGE('',*,*,#228,.T.);
#2401 = ORIENTED_EDGE('',*,*,#2402,.T.);
#2402 = EDGE_CURVE('',#205,#2403,#2405,.T.);
#2403 = VERTEX_POINT('',#2404);
#2404 = CARTESIAN_POINT('',(23.75,1.25,4.));
#2405 = SURFACE_CURVE('',#2406,(#2410,#2417),.PCURVE_S1.);
#2406 = LINE('',#2407,#2408);
#2407 = CARTESIAN_POINT('',(17.,1.25,4.));
#2408 = VECTOR('',#2409,1.);
#2409 = DIRECTION('',(1.,0.,0.));
#2410 = PCURVE('',#266,#2411);
#2411 = DEFINITIONAL_REPRESENTATION('',(#2412),#2416);
#2412 = LINE('',#2413,#2414);
#2413 = CARTESIAN_POINT('',(1.570796326795,0.));
#2414 = VECTOR('',#2415,1.);
#2415 = DIRECTION('',(0.,1.));
#2416 = ( GEOMETRIC_REPRESENTATION_CONTEXT(2) 
PARAMETRIC_REPRESENTATION_CONTEXT() REPRESENTATION_CONTEXT('2D SPACE',''
  ) );
#2417 = PCURVE('',#141,#2418);
#2418 = DEFINITIONAL_REPRESENTATION('',(#2419),#2423);
#2419 = LINE('',#2420,#2421);
#2420 = CARTESIAN_POINT('',(0.,3.75));
#2421 = VECTOR('',#2422,1.);
#2422 = DIRECTION('',(1.,0.));
#2423 = ( GEOMETRIC_REPRESENTATION_CONTEXT(2) 
PARAMETRIC_REPRESENTATION_CONTEXT() REPRESENTATION_CONTEXT('2D SPACE',''
  ) );
#2424 = ORIENTED_EDGE('',*,*,#2425,.F.);
#2425 = EDGE_CURVE('',#2349,#2403,#2426,.T.);
#2426 = SURFACE_CURVE('',#2427,(#2432,#2439),.PCURVE_S1.);
#2427 = CIRCLE('',#2428,1.25);
#2428 = AXIS2_PLACEMENT_3D('',#2429,#2430,#2431);
#2429 = CARTESIAN_POINT('',(23.75,1.25,2.75));
#2430 = DIRECTION('',(1.,0.,-6.123233995737E-17));
#2431 = DIRECTION('',(6.123233995737E-17,0.,1.));
#2432 = PCURVE('',#266,#2433);
#2433 = DEFINITIONAL_REPRESENTATION('',(#2434),#2438);
#2434 = LINE('',#2435,#2436);
#2435 = CARTESIAN_POINT('',(-4.712388980385,6.75));
#2436 = VECTOR('',#2437,1.);
#2437 = DIRECTION('',(1.,0.));
#2438 = ( GEOMETRIC_REPRESENTATION_CONTEXT(2) 
PARAMETRIC_REPRESENTATION_CONTEXT() REPRESENTATION_CONTEXT('2D SPACE',''
  ) );
#2439 = PCURVE('',#2440,#2445);
#2440 = SPHERICAL_SURFACE('',#2441,1.25);
#2441 = AXIS2_PLACEMENT_3D('',#2442,#2443,#2444);
#2442 = CARTESIAN_POINT('',(23.75,1.25,2.75));
#2443 = DIRECTION('',(-0.,-1.,-0.));
#2444 = DIRECTION('',(1.,-0.,0.));
#2445 = DEFINITIONAL_REPRESENTATION('',(#2446),#2450);
#2446 = LINE('',#2447,#2448);
#2447 = CARTESIAN_POINT('',(1.570796326795,-6.28318530718));
#2448 = VECTOR('',#2449,1.);
#2449 = DIRECTION('',(0.,1.));
#2450 = ( GEOMETRIC_REPRESENTATION_CONTEXT(2) 
PARAMETRIC_REPRESENTATION_CONTEXT() REPRESENTATION_CONTEXT('2D SPACE',''
  ) );
#2451 = ADVANCED_FACE('',(#2452),#141,.T.);
#2452 = FACE_BOUND('',#2453,.T.);
#2453 = EDGE_LOOP('',(#2454,#2455,#2478,#2504,#2505));
#2454 = ORIENTED_EDGE('',*,*,#124,.F.);
#2455 = ORIENTED_EDGE('',*,*,#2456,.T.);
#2456 = EDGE_CURVE('',#55,#2457,#2459,.T.);
#2457 = VERTEX_POINT('',#2458);
#2458 = CARTESIAN_POINT('',(23.75,-1.25,4.));
#2459 = SURFACE_CURVE('',#2460,(#2464,#2471),.PCURVE_S1.);
#2460 = LINE('',#2461,#2462);
#2461 = CARTESIAN_POINT('',(17.,-1.25,4.));
#2462 = VECTOR('',#2463,1.);
#2463 = DIRECTION('',(1.,0.,0.));
#2464 = PCURVE('',#141,#2465);
#2465 = DEFINITIONAL_REPRESENTATION('',(#2466),#2470);
#2466 = LINE('',#2467,#2468);
#2467 = CARTESIAN_POINT('',(0.,1.25));
#2468 = VECTOR('',#2469,1.);
#2469 = DIRECTION('',(1.,0.));
#2470 = ( GEOMETRIC_REPRESENTATION_CONTEXT(2) 
PARAMETRIC_REPRESENTATION_CONTEXT() REPRESENTATION_CONTEXT('2D SPACE',''
  ) );
#2471 = PCURVE('',#98,#2472);
#2472 = DEFINITIONAL_REPRESENTATION('',(#2473),#2477);
#2473 = LINE('',#2474,#2475);
#2474 = CARTESIAN_POINT('',(-1.570796326795,0.));
#2475 = VECTOR('',#2476,1.);
#2476 = DIRECTION('',(-0.,1.));
#2477 = ( GEOMETRIC_REPRESENTATION_CONTEXT(2) 
PARAMETRIC_REPRESENTATION_CONTEXT() REPRESENTATION_CONTEXT('2D SPACE',''
  ) );
#2478 = ORIENTED_EDGE('',*,*,#2479,.T.);
#2479 = EDGE_CURVE('',#2457,#2403,#2480,.T.);
#2480 = SURFACE_CURVE('',#2481,(#2485,#2492),.PCURVE_S1.);
#2481 = LINE('',#2482,#2483);
#2482 = CARTESIAN_POINT('',(23.75,-2.5,4.));
#2483 = VECTOR('',#2484,1.);
#2484 = DIRECTION('',(0.,1.,0.));
#2485 = PCURVE('',#141,#2486);
#2486 = DEFINITIONAL_REPRESENTATION('',(#2487),#2491);
#2487 = LINE('',#2488,#2489);
#2488 = CARTESIAN_POINT('',(6.75,0.));
#2489 = VECTOR('',#2490,1.);
#2490 = DIRECTION('',(0.,1.));
#2491 = ( GEOMETRIC_REPRESENTATION_CONTEXT(2) 
PARAMETRIC_REPRESENTATION_CONTEXT() REPRESENTATION_CONTEXT('2D SPACE',''
  ) );
#2492 = PCURVE('',#2493,#2498);
#2493 = CYLINDRICAL_SURFACE('',#2494,1.25);
#2494 = AXIS2_PLACEMENT_3D('',#2495,#2496,#2497);
#2495 = CARTESIAN_POINT('',(23.75,-2.5,2.75));
#2496 = DIRECTION('',(0.,1.,0.));
#2497 = DIRECTION('',(1.,0.,-0.));
#2498 = DEFINITIONAL_REPRESENTATION('',(#2499),#2503);
#2499 = LINE('',#2500,#2501);
#2500 = CARTESIAN_POINT('',(-1.570796326795,0.));
#2501 = VECTOR('',#2502,1.);
#2502 = DIRECTION('',(-0.,1.));
#2503 = ( GEOMETRIC_REPRESENTATION_CONTEXT(2) 
PARAMETRIC_REPRESENTATION_CONTEXT() REPRESENTATION_CONTEXT('2D SPACE',''
  ) );
#2504 = ORIENTED_EDGE('',*,*,#2402,.F.);
#2505 = ORIENTED_EDGE('',*,*,#204,.F.);
#2506 = ADVANCED_FACE('',(#2507,#2510),#191,.T.);
#2507 = FACE_BOUND('',#2508,.T.);
#2508 = EDGE_LOOP('',(#2509));
#2509 = ORIENTED_EDGE('',*,*,#176,.T.);
#2510 = FACE_BOUND('',#2511,.T.);
#2511 = EDGE_LOOP('',(#2512));
#2512 = ORIENTED_EDGE('',*,*,#2513,.F.);
#2513 = EDGE_CURVE('',#2514,#2514,#2516,.T.);
#2514 = VERTEX_POINT('',#2515);
#2515 = CARTESIAN_POINT('',(17.2,-4.212784989067E-15,5.));
#2516 = SURFACE_CURVE('',#2517,(#2522,#2529),.PCURVE_S1.);
#2517 = CIRCLE('',#2518,17.2);
#2518 = AXIS2_PLACEMENT_3D('',#2519,#2520,#2521);
#2519 = CARTESIAN_POINT('',(0.,0.,5.));
#2520 = DIRECTION('',(0.,0.,1.));
#2521 = DIRECTION('',(1.,0.,-0.));
#2522 = PCURVE('',#191,#2523);
#2523 = DEFINITIONAL_REPRESENTATION('',(#2524),#2528);
#2524 = CIRCLE('',#2525,17.2);
#2525 = AXIS2_PLACEMENT_2D('',#2526,#2527);
#2526 = CARTESIAN_POINT('',(0.,0.));
#2527 = DIRECTION('',(1.,0.));
#2528 = ( GEOMETRIC_REPRESENTATION_CONTEXT(2) 
PARAMETRIC_REPRESENTATION_CONTEXT() REPRESENTATION_CONTEXT('2D SPACE',''
  ) );
#2529 = PCURVE('',#2276,#2530);
#2530 = DEFINITIONAL_REPRESENTATION('',(#2531),#2535);
#2531 = LINE('',#2532,#2533);
#2532 = CARTESIAN_POINT('',(0.,11.));
#2533 = VECTOR('',#2534,1.);
#2534 = DIRECTION('',(1.,0.));
#2535 = ( GEOMETRIC_REPRESENTATION_CONTEXT(2) 
PARAMETRIC_REPRESENTATION_CONTEXT() REPRESENTATION_CONTEXT('2D SPACE',''
  ) );
#2536 = ADVANCED_FACE('',(#2537),#98,.T.);
#2537 = FACE_BOUND('',#2538,.F.);
#2538 = EDGE_LOOP('',(#2539,#2540,#2541,#2568));
#2539 = ORIENTED_EDGE('',*,*,#54,.T.);
#2540 = ORIENTED_EDGE('',*,*,#2456,.T.);
#2541 = ORIENTED_EDGE('',*,*,#2542,.T.);
#2542 = EDGE_CURVE('',#2457,#2095,#2543,.T.);
#2543 = SURFACE_CURVE('',#2544,(#2549,#2556),.PCURVE_S1.);
#2544 = CIRCLE('',#2545,1.25);
#2545 = AXIS2_PLACEMENT_3D('',#2546,#2547,#2548);
#2546 = CARTESIAN_POINT('',(23.75,-1.25,2.75));
#2547 = DIRECTION('',(1.,6.123233995737E-17,0.));
#2548 = DIRECTION('',(6.123233995737E-17,-1.,0.));
#2549 = PCURVE('',#98,#2550);
#2550 = DEFINITIONAL_REPRESENTATION('',(#2551),#2555);
#2551 = LINE('',#2552,#2553);
#2552 = CARTESIAN_POINT('',(-6.28318530718,6.75));
#2553 = VECTOR('',#2554,1.);
#2554 = DIRECTION('',(1.,-0.));
#2555 = ( GEOMETRIC_REPRESENTATION_CONTEXT(2) 
PARAMETRIC_REPRESENTATION_CONTEXT() REPRESENTATION_CONTEXT('2D SPACE',''
  ) );
#2556 = PCURVE('',#2557,#2562);
#2557 = SPHERICAL_SURFACE('',#2558,1.25);
#2558 = AXIS2_PLACEMENT_3D('',#2559,#2560,#2561);
#2559 = CARTESIAN_POINT('',(23.75,-1.25,2.75));
#2560 = DIRECTION('',(-0.,-0.,-1.));
#2561 = DIRECTION('',(1.,0.,0.));
#2562 = DEFINITIONAL_REPRESENTATION('',(#2563),#2567);
#2563 = LINE('',#2564,#2565);
#2564 = CARTESIAN_POINT('',(1.570796326795,-6.28318530718));
#2565 = VECTOR('',#2566,1.);
#2566 = DIRECTION('',(0.,1.));
#2567 = ( GEOMETRIC_REPRESENTATION_CONTEXT(2) 
PARAMETRIC_REPRESENTATION_CONTEXT() REPRESENTATION_CONTEXT('2D SPACE',''
  ) );
#2568 = ORIENTED_EDGE('',*,*,#2094,.F.);
#2569 = ADVANCED_FACE('',(#2570),#596,.F.);
#2570 = FACE_BOUND('',#2571,.T.);
#2571 = EDGE_LOOP('',(#2572,#2573,#2596,#2640,#2669));
#2572 = ORIENTED_EDGE('',*,*,#550,.T.);
#2573 = ORIENTED_EDGE('',*,*,#2574,.T.);
#2574 = EDGE_CURVE('',#553,#2575,#2577,.T.);
#2575 = VERTEX_POINT('',#2576);
#2576 = CARTESIAN_POINT('',(-7.396231600781,15.528546554897,-3.));
#2577 = SURFACE_CURVE('',#2578,(#2582,#2589),.PCURVE_S1.);
#2578 = LINE('',#2579,#2580);
#2579 = CARTESIAN_POINT('',(-10.79006350946,17.487976320958,-3.));
#2580 = VECTOR('',#2581,1.);
#2581 = DIRECTION('',(0.866025403784,-0.5,0.));
#2582 = PCURVE('',#596,#2583);
#2583 = DEFINITIONAL_REPRESENTATION('',(#2584),#2588);
#2584 = LINE('',#2585,#2586);
#2585 = CARTESIAN_POINT('',(-1.570796326795,0.));
#2586 = VECTOR('',#2587,1.);
#2587 = DIRECTION('',(-0.,1.));
#2588 = ( GEOMETRIC_REPRESENTATION_CONTEXT(2) 
PARAMETRIC_REPRESENTATION_CONTEXT() REPRESENTATION_CONTEXT('2D SPACE',''
  ) );
#2589 = PCURVE('',#1146,#2590);
#2590 = DEFINITIONAL_REPRESENTATION('',(#2591),#2595);
#2591 = LINE('',#2592,#2593);
#2592 = CARTESIAN_POINT('',(0.75,3.885780586188E-16));
#2593 = VECTOR('',#2594,1.);
#2594 = DIRECTION('',(0.,1.));
#2595 = ( GEOMETRIC_REPRESENTATION_CONTEXT(2) 
PARAMETRIC_REPRESENTATION_CONTEXT() REPRESENTATION_CONTEXT('2D SPACE',''
  ) );
#2596 = ORIENTED_EDGE('',*,*,#2597,.F.);
#2597 = EDGE_CURVE('',#2598,#2575,#2600,.T.);
#2598 = VERTEX_POINT('',#2599);
#2599 = CARTESIAN_POINT('',(-6.877178861073,15.765291336122,
    -2.838804017846));
#2600 = SURFACE_CURVE('',#2601,(#2612,#2626),.PCURVE_S1.);
#2601 = B_SPLINE_CURVE_WITH_KNOTS('',5,(#2602,#2603,#2604,#2605,#2606,
    #2607,#2608,#2609,#2610,#2611),.UNSPECIFIED.,.F.,.F.,(6,4,6),(0.,
    0.142467994357,1.),.UNSPECIFIED.);
#2602 = CARTESIAN_POINT('',(-6.877177935025,15.765291740086,
    -2.838803376511));
#2603 = CARTESIAN_POINT('',(-6.889871837154,15.759754371982,
    -2.847594550388));
#2604 = CARTESIAN_POINT('',(-6.902788701867,15.754104536352,
    -2.856122883041));
#2605 = CARTESIAN_POINT('',(-6.915918692212,15.748345424835,
    -2.864382168306));
#2606 = CARTESIAN_POINT('',(-6.929251753534,15.742480385747,
    -2.8723664787));
#2607 = CARTESIAN_POINT('',(-7.024191392474,15.700594054065,
    -2.926439583043));
#2608 = CARTESIAN_POINT('',(-7.112654483764,15.660936796714,
    -2.962678371744));
#2609 = CARTESIAN_POINT('',(-7.205857506283,15.618330778407,
    -2.987473095475));
#2610 = CARTESIAN_POINT('',(-7.301220798308,15.573800107583,-3.));
#2611 = CARTESIAN_POINT('',(-7.396231600781,15.528546554897,-3.));
#2612 = PCURVE('',#596,#2613);
#2613 = DEFINITIONAL_REPRESENTATION('',(#2614),#2625);
#2614 = B_SPLINE_CURVE_WITH_KNOTS('',5,(#2615,#2616,#2617,#2618,#2619,
    #2620,#2621,#2622,#2623,#2624),.UNSPECIFIED.,.F.,.F.,(6,4,6),(0.,
    0.142467994357,1.),.UNSPECIFIED.);
#2615 = CARTESIAN_POINT('',(-0.902811017028,4.2500006));
#2616 = CARTESIAN_POINT('',(-0.921734910737,4.241776042335));
#2617 = CARTESIAN_POINT('',(-0.940660378226,4.23341462717));
#2618 = CARTESIAN_POINT('',(-0.959588375113,4.224923277739));
#2619 = CARTESIAN_POINT('',(-0.97851983461,4.216309027468));
#2620 = CARTESIAN_POINT('',(-1.11143272491,4.155032054161));
#2621 = CARTESIAN_POINT('',(-1.225656836291,4.098249398481));
#2622 = CARTESIAN_POINT('',(-1.340206085342,4.038836222424));
#2623 = CARTESIAN_POINT('',(-1.455201490163,3.978514524354));
#2624 = CARTESIAN_POINT('',(-1.570796326795,3.918859532122));
#2625 = ( GEOMETRIC_REPRESENTATION_CONTEXT(2) 
PARAMETRIC_REPRESENTATION_CONTEXT() REPRESENTATION_CONTEXT('2D SPACE',''
  ) );
#2626 = PCURVE('',#2276,#2627);
#2627 = DEFINITIONAL_REPRESENTATION('',(#2628),#2639);
#2628 = B_SPLINE_CURVE_WITH_KNOTS('',5,(#2629,#2630,#2631,#2632,#2633,
    #2634,#2635,#2636,#2637,#2638),.UNSPECIFIED.,.F.,.F.,(6,4,6),(0.,
    0.142467994357,1.),.UNSPECIFIED.);
#2629 = CARTESIAN_POINT('',(1.98213416094,3.161196623489));
#2630 = CARTESIAN_POINT('',(1.982939341227,3.152405449612));
#2631 = CARTESIAN_POINT('',(1.983759017624,3.143877116959));
#2632 = CARTESIAN_POINT('',(1.984592592817,3.135617831694));
#2633 = CARTESIAN_POINT('',(1.985439454478,3.1276335213));
#2634 = CARTESIAN_POINT('',(1.991472534322,3.073560416957));
#2635 = CARTESIAN_POINT('',(1.997108800164,3.037321628256));
#2636 = CARTESIAN_POINT('',(2.003066670324,3.012526904525));
#2637 = CARTESIAN_POINT('',(2.009185557454,3.));
#2638 = CARTESIAN_POINT('',(2.015304018195,3.));
#2639 = ( GEOMETRIC_REPRESENTATION_CONTEXT(2) 
PARAMETRIC_REPRESENTATION_CONTEXT() REPRESENTATION_CONTEXT('2D SPACE',''
  ) );
#2640 = ORIENTED_EDGE('',*,*,#2641,.T.);
#2641 = EDGE_CURVE('',#2598,#2642,#2644,.T.);
#2642 = VERTEX_POINT('',#2643);
#2643 = CARTESIAN_POINT('',(-6.734455543377,16.012495373797,-2.25));
#2644 = SURFACE_CURVE('',#2645,(#2650,#2657),.PCURVE_S1.);
#2645 = CIRCLE('',#2646,0.75);
#2646 = AXIS2_PLACEMENT_3D('',#2647,#2648,#2649);
#2647 = CARTESIAN_POINT('',(-7.109455543377,15.362976320958,-2.25));
#2648 = DIRECTION('',(0.866025403784,-0.5,0.));
#2649 = DIRECTION('',(0.5,0.866025403784,0.));
#2650 = PCURVE('',#596,#2651);
#2651 = DEFINITIONAL_REPRESENTATION('',(#2652),#2656);
#2652 = LINE('',#2653,#2654);
#2653 = CARTESIAN_POINT('',(-6.28318530718,4.25));
#2654 = VECTOR('',#2655,1.);
#2655 = DIRECTION('',(1.,-0.));
#2656 = ( GEOMETRIC_REPRESENTATION_CONTEXT(2) 
PARAMETRIC_REPRESENTATION_CONTEXT() REPRESENTATION_CONTEXT('2D SPACE',''
  ) );
#2657 = PCURVE('',#2658,#2663);
#2658 = SPHERICAL_SURFACE('',#2659,0.75);
#2659 = AXIS2_PLACEMENT_3D('',#2660,#2661,#2662);
#2660 = CARTESIAN_POINT('',(-7.109455543377,15.362976320958,-2.25));
#2661 = DIRECTION('',(0.,0.,1.));
#2662 = DIRECTION('',(0.5,0.866025403784,0.));
#2663 = DEFINITIONAL_REPRESENTATION('',(#2664),#2668);
#2664 = LINE('',#2665,#2666);
#2665 = CARTESIAN_POINT('',(-0.,-6.28318530718));
#2666 = VECTOR('',#2667,1.);
#2667 = DIRECTION('',(-0.,1.));
#2668 = ( GEOMETRIC_REPRESENTATION_CONTEXT(2) 
PARAMETRIC_REPRESENTATION_CONTEXT() REPRESENTATION_CONTEXT('2D SPACE',''
  ) );
#2669 = ORIENTED_EDGE('',*,*,#2670,.F.);
#2670 = EDGE_CURVE('',#551,#2642,#2671,.T.);
#2671 = SURFACE_CURVE('',#2672,(#2676,#2683),.PCURVE_S1.);
#2672 = LINE('',#2673,#2674);
#2673 = CARTESIAN_POINT('',(-10.41506350946,18.137495373797,-2.25));
#2674 = VECTOR('',#2675,1.);
#2675 = DIRECTION('',(0.866025403784,-0.5,0.));
#2676 = PCURVE('',#596,#2677);
#2677 = DEFINITIONAL_REPRESENTATION('',(#2678),#2682);
#2678 = LINE('',#2679,#2680);
#2679 = CARTESIAN_POINT('',(-0.,0.));
#2680 = VECTOR('',#2681,1.);
#2681 = DIRECTION('',(-0.,1.));
#2682 = ( GEOMETRIC_REPRESENTATION_CONTEXT(2) 
PARAMETRIC_REPRESENTATION_CONTEXT() REPRESENTATION_CONTEXT('2D SPACE',''
  ) );
#2683 = PCURVE('',#637,#2684);
#2684 = DEFINITIONAL_REPRESENTATION('',(#2685),#2689);
#2685 = LINE('',#2686,#2687);
#2686 = CARTESIAN_POINT('',(0.75,0.));
#2687 = VECTOR('',#2688,1.);
#2688 = DIRECTION('',(0.,-1.));
#2689 = ( GEOMETRIC_REPRESENTATION_CONTEXT(2) 
PARAMETRIC_REPRESENTATION_CONTEXT() REPRESENTATION_CONTEXT('2D SPACE',''
  ) );
#2690 = ADVANCED_FACE('',(#2691),#1146,.T.);
#2691 = FACE_BOUND('',#2692,.T.);
#2692 = EDGE_LOOP('',(#2693,#2694,#2695,#2718,#2746));
#2693 = ORIENTED_EDGE('',*,*,#2574,.F.);
#2694 = ORIENTED_EDGE('',*,*,#1131,.T.);
#2695 = ORIENTED_EDGE('',*,*,#2696,.T.);
#2696 = EDGE_CURVE('',#1083,#2697,#2699,.T.);
#2697 = VERTEX_POINT('',#2698);
#2698 = CARTESIAN_POINT('',(-10.89054445662,15.813938215282,-3.));
#2699 = SURFACE_CURVE('',#2700,(#2704,#2711),.PCURVE_S1.);
#2700 = LINE('',#2701,#2702);
#2701 = CARTESIAN_POINT('',(-9.765544456623,17.762495373797,-3.));
#2702 = VECTOR('',#2703,1.);
#2703 = DIRECTION('',(-0.5,-0.866025403784,0.));
#2704 = PCURVE('',#1146,#2705);
#2705 = DEFINITIONAL_REPRESENTATION('',(#2706),#2710);
#2706 = LINE('',#2707,#2708);
#2707 = CARTESIAN_POINT('',(-3.885780586188E-16,0.75));
#2708 = VECTOR('',#2709,1.);
#2709 = DIRECTION('',(1.,0.));
#2710 = ( GEOMETRIC_REPRESENTATION_CONTEXT(2) 
PARAMETRIC_REPRESENTATION_CONTEXT() REPRESENTATION_CONTEXT('2D SPACE',''
  ) );
#2711 = PCURVE('',#1112,#2712);
#2712 = DEFINITIONAL_REPRESENTATION('',(#2713),#2717);
#2713 = LINE('',#2714,#2715);
#2714 = CARTESIAN_POINT('',(1.570796326795,0.));
#2715 = VECTOR('',#2716,1.);
#2716 = DIRECTION('',(0.,1.));
#2717 = ( GEOMETRIC_REPRESENTATION_CONTEXT(2) 
PARAMETRIC_REPRESENTATION_CONTEXT() REPRESENTATION_CONTEXT('2D SPACE',''
  ) );
#2718 = ORIENTED_EDGE('',*,*,#2719,.T.);
#2719 = EDGE_CURVE('',#2697,#2720,#2722,.T.);
#2720 = VERTEX_POINT('',#2721);
#2721 = CARTESIAN_POINT('',(-8.945314648087,14.690859261688,-3.));
#2722 = SURFACE_CURVE('',#2723,(#2727,#2734),.PCURVE_S1.);
#2723 = LINE('',#2724,#2725);
#2724 = CARTESIAN_POINT('',(-11.54006350946,16.188938215282,-3.));
#2725 = VECTOR('',#2726,1.);
#2726 = DIRECTION('',(0.866025403784,-0.5,0.));
#2727 = PCURVE('',#1146,#2728);
#2728 = DEFINITIONAL_REPRESENTATION('',(#2729),#2733);
#2729 = LINE('',#2730,#2731);
#2730 = CARTESIAN_POINT('',(2.25,-3.330669073875E-16));
#2731 = VECTOR('',#2732,1.);
#2732 = DIRECTION('',(0.,1.));
#2733 = ( GEOMETRIC_REPRESENTATION_CONTEXT(2) 
PARAMETRIC_REPRESENTATION_CONTEXT() REPRESENTATION_CONTEXT('2D SPACE',''
  ) );
#2734 = PCURVE('',#2735,#2740);
#2735 = CYLINDRICAL_SURFACE('',#2736,0.75);
#2736 = AXIS2_PLACEMENT_3D('',#2737,#2738,#2739);
#2737 = CARTESIAN_POINT('',(-11.54006350946,16.188938215282,-2.25));
#2738 = DIRECTION('',(0.866025403784,-0.5,0.));
#2739 = DIRECTION('',(-0.5,-0.866025403784,0.));
#2740 = DEFINITIONAL_REPRESENTATION('',(#2741),#2745);
#2741 = LINE('',#2742,#2743);
#2742 = CARTESIAN_POINT('',(1.570796326795,0.));
#2743 = VECTOR('',#2744,1.);
#2744 = DIRECTION('',(0.,1.));
#2745 = ( GEOMETRIC_REPRESENTATION_CONTEXT(2) 
PARAMETRIC_REPRESENTATION_CONTEXT() REPRESENTATION_CONTEXT('2D SPACE',''
  ) );
#2746 = ORIENTED_EDGE('',*,*,#2747,.F.);
#2747 = EDGE_CURVE('',#2575,#2720,#2748,.T.);
#2748 = SURFACE_CURVE('',#2749,(#2754,#2761),.PCURVE_S1.);
#2749 = CIRCLE('',#2750,17.2);
#2750 = AXIS2_PLACEMENT_3D('',#2751,#2752,#2753);
#2751 = CARTESIAN_POINT('',(0.,0.,-3.));
#2752 = DIRECTION('',(0.,0.,1.));
#2753 = DIRECTION('',(1.,0.,-0.));
#2754 = PCURVE('',#1146,#2755);
#2755 = DEFINITIONAL_REPRESENTATION('',(#2756),#2760);
#2756 = CIRCLE('',#2757,17.2);
#2757 = AXIS2_PLACEMENT_2D('',#2758,#2759);
#2758 = CARTESIAN_POINT('',(10.5,18.08845726812));
#2759 = DIRECTION('',(-0.5,0.866025403784));
#2760 = ( GEOMETRIC_REPRESENTATION_CONTEXT(2) 
PARAMETRIC_REPRESENTATION_CONTEXT() REPRESENTATION_CONTEXT('2D SPACE',''
  ) );
#2761 = PCURVE('',#2276,#2762);
#2762 = DEFINITIONAL_REPRESENTATION('',(#2763),#2767);
#2763 = LINE('',#2764,#2765);
#2764 = CARTESIAN_POINT('',(0.,3.));
#2765 = VECTOR('',#2766,1.);
#2766 = DIRECTION('',(1.,0.));
#2767 = ( GEOMETRIC_REPRESENTATION_CONTEXT(2) 
PARAMETRIC_REPRESENTATION_CONTEXT() REPRESENTATION_CONTEXT('2D SPACE',''
  ) );
#2768 = ADVANCED_FACE('',(#2769),#1112,.F.);
#2769 = FACE_BOUND('',#2770,.F.);
#2770 = EDGE_LOOP('',(#2771,#2772,#2773));
#2771 = ORIENTED_EDGE('',*,*,#1082,.T.);
#2772 = ORIENTED_EDGE('',*,*,#2696,.T.);
#2773 = ORIENTED_EDGE('',*,*,#2774,.T.);
#2774 = EDGE_CURVE('',#2697,#953,#2775,.T.);
#2775 = SURFACE_CURVE('',#2776,(#2781,#2788),.PCURVE_S1.);
#2776 = CIRCLE('',#2777,0.75);
#2777 = AXIS2_PLACEMENT_3D('',#2778,#2779,#2780);
#2778 = CARTESIAN_POINT('',(-10.89054445662,15.813938215282,-2.25));
#2779 = DIRECTION('',(0.5,0.866025403784,-0.));
#2780 = DIRECTION('',(-0.866025403784,0.5,0.));
#2781 = PCURVE('',#1112,#2782);
#2782 = DEFINITIONAL_REPRESENTATION('',(#2783),#2787);
#2783 = LINE('',#2784,#2785);
#2784 = CARTESIAN_POINT('',(6.28318530718,2.25));
#2785 = VECTOR('',#2786,1.);
#2786 = DIRECTION('',(-1.,-0.));
#2787 = ( GEOMETRIC_REPRESENTATION_CONTEXT(2) 
PARAMETRIC_REPRESENTATION_CONTEXT() REPRESENTATION_CONTEXT('2D SPACE',''
  ) );
#2788 = PCURVE('',#1036,#2789);
#2789 = DEFINITIONAL_REPRESENTATION('',(#2790),#2794);
#2790 = LINE('',#2791,#2792);
#2791 = CARTESIAN_POINT('',(-1.570796326795,-6.28318530718));
#2792 = VECTOR('',#2793,1.);
#2793 = DIRECTION('',(-0.,1.));
#2794 = ( GEOMETRIC_REPRESENTATION_CONTEXT(2) 
PARAMETRIC_REPRESENTATION_CONTEXT() REPRESENTATION_CONTEXT('2D SPACE',''
  ) );
#2795 = ADVANCED_FACE('',(#2796),#1036,.F.);
#2796 = FACE_BOUND('',#2797,.T.);
#2797 = EDGE_LOOP('',(#2798,#2822,#2823,#2824));
#2798 = ORIENTED_EDGE('',*,*,#2799,.F.);
#2799 = EDGE_CURVE('',#2697,#2800,#2802,.T.);
#2800 = VERTEX_POINT('',#2801);
#2801 = CARTESIAN_POINT('',(-11.26554445662,15.164419162443,-2.25));
#2802 = SURFACE_CURVE('',#2803,(#2808,#2815),.PCURVE_S1.);
#2803 = CIRCLE('',#2804,0.75);
#2804 = AXIS2_PLACEMENT_3D('',#2805,#2806,#2807);
#2805 = CARTESIAN_POINT('',(-10.89054445662,15.813938215282,-2.25));
#2806 = DIRECTION('',(-0.866025403784,0.5,0.));
#2807 = DIRECTION('',(-0.5,-0.866025403784,0.));
#2808 = PCURVE('',#1036,#2809);
#2809 = DEFINITIONAL_REPRESENTATION('',(#2810),#2814);
#2810 = LINE('',#2811,#2812);
#2811 = CARTESIAN_POINT('',(-0.,-6.28318530718));
#2812 = VECTOR('',#2813,1.);
#2813 = DIRECTION('',(-0.,1.));
#2814 = ( GEOMETRIC_REPRESENTATION_CONTEXT(2) 
PARAMETRIC_REPRESENTATION_CONTEXT() REPRESENTATION_CONTEXT('2D SPACE',''
  ) );
#2815 = PCURVE('',#2735,#2816);
#2816 = DEFINITIONAL_REPRESENTATION('',(#2817),#2821);
#2817 = LINE('',#2818,#2819);
#2818 = CARTESIAN_POINT('',(6.28318530718,0.75));
#2819 = VECTOR('',#2820,1.);
#2820 = DIRECTION('',(-1.,-0.));
#2821 = ( GEOMETRIC_REPRESENTATION_CONTEXT(2) 
PARAMETRIC_REPRESENTATION_CONTEXT() REPRESENTATION_CONTEXT('2D SPACE',''
  ) );
#2822 = ORIENTED_EDGE('',*,*,#2774,.T.);
#2823 = ORIENTED_EDGE('',*,*,#952,.T.);
#2824 = ORIENTED_EDGE('',*,*,#2825,.F.);
#2825 = EDGE_CURVE('',#2800,#927,#2826,.T.);
#2826 = SURFACE_CURVE('',#2827,(#2832,#2839),.PCURVE_S1.);
#2827 = CIRCLE('',#2828,0.75);
#2828 = AXIS2_PLACEMENT_3D('',#2829,#2830,#2831);
#2829 = CARTESIAN_POINT('',(-10.89054445662,15.813938215282,-2.25));
#2830 = DIRECTION('',(-0.,0.,-1.));
#2831 = DIRECTION('',(-0.5,-0.866025403784,0.));
#2832 = PCURVE('',#1036,#2833);
#2833 = DEFINITIONAL_REPRESENTATION('',(#2834),#2838);
#2834 = LINE('',#2835,#2836);
#2835 = CARTESIAN_POINT('',(-0.,0.));
#2836 = VECTOR('',#2837,1.);
#2837 = DIRECTION('',(-1.,0.));
#2838 = ( GEOMETRIC_REPRESENTATION_CONTEXT(2) 
PARAMETRIC_REPRESENTATION_CONTEXT() REPRESENTATION_CONTEXT('2D SPACE',''
  ) );
#2839 = PCURVE('',#941,#2840);
#2840 = DEFINITIONAL_REPRESENTATION('',(#2841),#2845);
#2841 = LINE('',#2842,#2843);
#2842 = CARTESIAN_POINT('',(-0.,0.75));
#2843 = VECTOR('',#2844,1.);
#2844 = DIRECTION('',(-1.,0.));
#2845 = ( GEOMETRIC_REPRESENTATION_CONTEXT(2) 
PARAMETRIC_REPRESENTATION_CONTEXT() REPRESENTATION_CONTEXT('2D SPACE',''
  ) );
#2846 = ADVANCED_FACE('',(#2847),#941,.F.);
#2847 = FACE_BOUND('',#2848,.T.);
#2848 = EDGE_LOOP('',(#2849,#2877,#2878,#2879));
#2849 = ORIENTED_EDGE('',*,*,#2850,.F.);
#2850 = EDGE_CURVE('',#2800,#2851,#2853,.T.);
#2851 = VERTEX_POINT('',#2852);
#2852 = CARTESIAN_POINT('',(-11.26554445662,15.164419162443,2.25));
#2853 = SURFACE_CURVE('',#2854,(#2858,#2865),.PCURVE_S1.);
#2854 = LINE('',#2855,#2856);
#2855 = CARTESIAN_POINT('',(-11.26554445662,15.164419162443,-3.));
#2856 = VECTOR('',#2857,1.);
#2857 = DIRECTION('',(0.,0.,1.));
#2858 = PCURVE('',#941,#2859);
#2859 = DEFINITIONAL_REPRESENTATION('',(#2860),#2864);
#2860 = LINE('',#2861,#2862);
#2861 = CARTESIAN_POINT('',(-0.,0.));
#2862 = VECTOR('',#2863,1.);
#2863 = DIRECTION('',(-0.,1.));
#2864 = ( GEOMETRIC_REPRESENTATION_CONTEXT(2) 
PARAMETRIC_REPRESENTATION_CONTEXT() REPRESENTATION_CONTEXT('2D SPACE',''
  ) );
#2865 = PCURVE('',#2866,#2871);
#2866 = PLANE('',#2867);
#2867 = AXIS2_PLACEMENT_3D('',#2868,#2869,#2870);
#2868 = CARTESIAN_POINT('',(-11.91506350946,15.539419162443,-3.));
#2869 = DIRECTION('',(-0.5,-0.866025403784,0.));
#2870 = DIRECTION('',(0.,0.,1.));
#2871 = DEFINITIONAL_REPRESENTATION('',(#2872),#2876);
#2872 = LINE('',#2873,#2874);
#2873 = CARTESIAN_POINT('',(0.,-0.75));
#2874 = VECTOR('',#2875,1.);
#2875 = DIRECTION('',(1.,0.));
#2876 = ( GEOMETRIC_REPRESENTATION_CONTEXT(2) 
PARAMETRIC_REPRESENTATION_CONTEXT() REPRESENTATION_CONTEXT('2D SPACE',''
  ) );
#2877 = ORIENTED_EDGE('',*,*,#2825,.T.);
#2878 = ORIENTED_EDGE('',*,*,#926,.T.);
#2879 = ORIENTED_EDGE('',*,*,#2880,.F.);
#2880 = EDGE_CURVE('',#2851,#797,#2881,.T.);
#2881 = SURFACE_CURVE('',#2882,(#2887,#2894),.PCURVE_S1.);
#2882 = CIRCLE('',#2883,0.75);
#2883 = AXIS2_PLACEMENT_3D('',#2884,#2885,#2886);
#2884 = CARTESIAN_POINT('',(-10.89054445662,15.813938215282,2.25));
#2885 = DIRECTION('',(-0.,0.,-1.));
#2886 = DIRECTION('',(-0.5,-0.866025403784,0.));
#2887 = PCURVE('',#941,#2888);
#2888 = DEFINITIONAL_REPRESENTATION('',(#2889),#2893);
#2889 = LINE('',#2890,#2891);
#2890 = CARTESIAN_POINT('',(-0.,5.25));
#2891 = VECTOR('',#2892,1.);
#2892 = DIRECTION('',(-1.,0.));
#2893 = ( GEOMETRIC_REPRESENTATION_CONTEXT(2) 
PARAMETRIC_REPRESENTATION_CONTEXT() REPRESENTATION_CONTEXT('2D SPACE',''
  ) );
#2894 = PCURVE('',#880,#2895);
#2895 = DEFINITIONAL_REPRESENTATION('',(#2896),#2900);
#2896 = LINE('',#2897,#2898);
#2897 = CARTESIAN_POINT('',(0.,0.));
#2898 = VECTOR('',#2899,1.);
#2899 = DIRECTION('',(1.,0.));
#2900 = ( GEOMETRIC_REPRESENTATION_CONTEXT(2) 
PARAMETRIC_REPRESENTATION_CONTEXT() REPRESENTATION_CONTEXT('2D SPACE',''
  ) );
#2901 = ADVANCED_FACE('',(#2902),#880,.F.);
#2902 = FACE_BOUND('',#2903,.F.);
#2903 = EDGE_LOOP('',(#2904,#2933,#2955,#2956));
#2904 = ORIENTED_EDGE('',*,*,#2905,.F.);
#2905 = EDGE_CURVE('',#2906,#2851,#2908,.T.);
#2906 = VERTEX_POINT('',#2907);
#2907 = CARTESIAN_POINT('',(-10.89054445662,15.813938215282,3.));
#2908 = SURFACE_CURVE('',#2909,(#2914,#2921),.PCURVE_S1.);
#2909 = CIRCLE('',#2910,0.75);
#2910 = AXIS2_PLACEMENT_3D('',#2911,#2912,#2913);
#2911 = CARTESIAN_POINT('',(-10.89054445662,15.813938215282,2.25));
#2912 = DIRECTION('',(0.866025403784,-0.5,0.));
#2913 = DIRECTION('',(-0.5,-0.866025403784,0.));
#2914 = PCURVE('',#880,#2915);
#2915 = DEFINITIONAL_REPRESENTATION('',(#2916),#2920);
#2916 = LINE('',#2917,#2918);
#2917 = CARTESIAN_POINT('',(0.,-6.28318530718));
#2918 = VECTOR('',#2919,1.);
#2919 = DIRECTION('',(0.,1.));
#2920 = ( GEOMETRIC_REPRESENTATION_CONTEXT(2) 
PARAMETRIC_REPRESENTATION_CONTEXT() REPRESENTATION_CONTEXT('2D SPACE',''
  ) );
#2921 = PCURVE('',#2922,#2927);
#2922 = CYLINDRICAL_SURFACE('',#2923,0.75);
#2923 = AXIS2_PLACEMENT_3D('',#2924,#2925,#2926);
#2924 = CARTESIAN_POINT('',(-11.54006350946,16.188938215282,2.25));
#2925 = DIRECTION('',(0.866025403784,-0.5,0.));
#2926 = DIRECTION('',(-0.5,-0.866025403784,0.));
#2927 = DEFINITIONAL_REPRESENTATION('',(#2928),#2932);
#2928 = LINE('',#2929,#2930);
#2929 = CARTESIAN_POINT('',(-6.28318530718,0.75));
#2930 = VECTOR('',#2931,1.);
#2931 = DIRECTION('',(1.,-0.));
#2932 = ( GEOMETRIC_REPRESENTATION_CONTEXT(2) 
PARAMETRIC_REPRESENTATION_CONTEXT() REPRESENTATION_CONTEXT('2D SPACE',''
  ) );
#2933 = ORIENTED_EDGE('',*,*,#2934,.T.);
#2934 = EDGE_CURVE('',#2906,#748,#2935,.T.);
#2935 = SURFACE_CURVE('',#2936,(#2941,#2948),.PCURVE_S1.);
#2936 = CIRCLE('',#2937,0.75);
#2937 = AXIS2_PLACEMENT_3D('',#2938,#2939,#2940);
#2938 = CARTESIAN_POINT('',(-10.89054445662,15.813938215282,2.25));
#2939 = DIRECTION('',(-0.5,-0.866025403784,0.));
#2940 = DIRECTION('',(-0.866025403784,0.5,0.));
#2941 = PCURVE('',#880,#2942);
#2942 = DEFINITIONAL_REPRESENTATION('',(#2943),#2947);
#2943 = LINE('',#2944,#2945);
#2944 = CARTESIAN_POINT('',(1.570796326795,-6.28318530718));
#2945 = VECTOR('',#2946,1.);
#2946 = DIRECTION('',(0.,1.));
#2947 = ( GEOMETRIC_REPRESENTATION_CONTEXT(2) 
PARAMETRIC_REPRESENTATION_CONTEXT() REPRESENTATION_CONTEXT('2D SPACE',''
  ) );
#2948 = PCURVE('',#777,#2949);
#2949 = DEFINITIONAL_REPRESENTATION('',(#2950),#2954);
#2950 = LINE('',#2951,#2952);
#2951 = CARTESIAN_POINT('',(-6.28318530718,2.25));
#2952 = VECTOR('',#2953,1.);
#2953 = DIRECTION('',(1.,-0.));
#2954 = ( GEOMETRIC_REPRESENTATION_CONTEXT(2) 
PARAMETRIC_REPRESENTATION_CONTEXT() REPRESENTATION_CONTEXT('2D SPACE',''
  ) );
#2955 = ORIENTED_EDGE('',*,*,#796,.F.);
#2956 = ORIENTED_EDGE('',*,*,#2880,.F.);
#2957 = ADVANCED_FACE('',(#2958),#777,.F.);
#2958 = FACE_BOUND('',#2959,.T.);
#2959 = EDGE_LOOP('',(#2960,#2961,#2982));
#2960 = ORIENTED_EDGE('',*,*,#747,.T.);
#2961 = ORIENTED_EDGE('',*,*,#2962,.T.);
#2962 = EDGE_CURVE('',#719,#2906,#2963,.T.);
#2963 = SURFACE_CURVE('',#2964,(#2968,#2975),.PCURVE_S1.);
#2964 = LINE('',#2965,#2966);
#2965 = CARTESIAN_POINT('',(-9.765544456623,17.762495373797,3.));
#2966 = VECTOR('',#2967,1.);
#2967 = DIRECTION('',(-0.5,-0.866025403784,0.));
#2968 = PCURVE('',#777,#2969);
#2969 = DEFINITIONAL_REPRESENTATION('',(#2970),#2974);
#2970 = LINE('',#2971,#2972);
#2971 = CARTESIAN_POINT('',(-1.570796326795,0.));
#2972 = VECTOR('',#2973,1.);
#2973 = DIRECTION('',(-0.,1.));
#2974 = ( GEOMETRIC_REPRESENTATION_CONTEXT(2) 
PARAMETRIC_REPRESENTATION_CONTEXT() REPRESENTATION_CONTEXT('2D SPACE',''
  ) );
#2975 = PCURVE('',#735,#2976);
#2976 = DEFINITIONAL_REPRESENTATION('',(#2977),#2981);
#2977 = LINE('',#2978,#2979);
#2978 = CARTESIAN_POINT('',(-3.885780586188E-16,0.75));
#2979 = VECTOR('',#2980,1.);
#2980 = DIRECTION('',(1.,0.));
#2981 = ( GEOMETRIC_REPRESENTATION_CONTEXT(2) 
PARAMETRIC_REPRESENTATION_CONTEXT() REPRESENTATION_CONTEXT('2D SPACE',''
  ) );
#2982 = ORIENTED_EDGE('',*,*,#2934,.T.);
#2983 = ADVANCED_FACE('',(#2984),#735,.F.);
#2984 = FACE_BOUND('',#2985,.F.);
#2985 = EDGE_LOOP('',(#2986,#3009,#3010,#3011,#3034));
#2986 = ORIENTED_EDGE('',*,*,#2987,.F.);
#2987 = EDGE_CURVE('',#649,#2988,#2990,.T.);
#2988 = VERTEX_POINT('',#2989);
#2989 = CARTESIAN_POINT('',(-7.396231600781,15.528546554897,3.));
#2990 = SURFACE_CURVE('',#2991,(#2995,#3002),.PCURVE_S1.);
#2991 = LINE('',#2992,#2993);
#2992 = CARTESIAN_POINT('',(-10.79006350946,17.487976320958,3.));
#2993 = VECTOR('',#2994,1.);
#2994 = DIRECTION('',(0.866025403784,-0.5,0.));
#2995 = PCURVE('',#735,#2996);
#2996 = DEFINITIONAL_REPRESENTATION('',(#2997),#3001);
#2997 = LINE('',#2998,#2999);
#2998 = CARTESIAN_POINT('',(0.75,3.885780586188E-16));
#2999 = VECTOR('',#3000,1.);
#3000 = DIRECTION('',(0.,1.));
#3001 = ( GEOMETRIC_REPRESENTATION_CONTEXT(2) 
PARAMETRIC_REPRESENTATION_CONTEXT() REPRESENTATION_CONTEXT('2D SPACE',''
  ) );
#3002 = PCURVE('',#692,#3003);
#3003 = DEFINITIONAL_REPRESENTATION('',(#3004),#3008);
#3004 = LINE('',#3005,#3006);
#3005 = CARTESIAN_POINT('',(1.570796326795,0.));
#3006 = VECTOR('',#3007,1.);
#3007 = DIRECTION('',(0.,1.));
#3008 = ( GEOMETRIC_REPRESENTATION_CONTEXT(2) 
PARAMETRIC_REPRESENTATION_CONTEXT() REPRESENTATION_CONTEXT('2D SPACE',''
  ) );
#3009 = ORIENTED_EDGE('',*,*,#718,.T.);
#3010 = ORIENTED_EDGE('',*,*,#2962,.T.);
#3011 = ORIENTED_EDGE('',*,*,#3012,.T.);
#3012 = EDGE_CURVE('',#2906,#3013,#3015,.T.);
#3013 = VERTEX_POINT('',#3014);
#3014 = CARTESIAN_POINT('',(-8.945314648087,14.690859261688,3.));
#3015 = SURFACE_CURVE('',#3016,(#3020,#3027),.PCURVE_S1.);
#3016 = LINE('',#3017,#3018);
#3017 = CARTESIAN_POINT('',(-11.54006350946,16.188938215282,3.));
#3018 = VECTOR('',#3019,1.);
#3019 = DIRECTION('',(0.866025403784,-0.5,0.));
#3020 = PCURVE('',#735,#3021);
#3021 = DEFINITIONAL_REPRESENTATION('',(#3022),#3026);
#3022 = LINE('',#3023,#3024);
#3023 = CARTESIAN_POINT('',(2.25,-3.330669073875E-16));
#3024 = VECTOR('',#3025,1.);
#3025 = DIRECTION('',(0.,1.));
#3026 = ( GEOMETRIC_REPRESENTATION_CONTEXT(2) 
PARAMETRIC_REPRESENTATION_CONTEXT() REPRESENTATION_CONTEXT('2D SPACE',''
  ) );
#3027 = PCURVE('',#2922,#3028);
#3028 = DEFINITIONAL_REPRESENTATION('',(#3029),#3033);
#3029 = LINE('',#3030,#3031);
#3030 = CARTESIAN_POINT('',(-1.570796326795,0.));
#3031 = VECTOR('',#3032,1.);
#3032 = DIRECTION('',(-0.,1.));
#3033 = ( GEOMETRIC_REPRESENTATION_CONTEXT(2) 
PARAMETRIC_REPRESENTATION_CONTEXT() REPRESENTATION_CONTEXT('2D SPACE',''
  ) );
#3034 = ORIENTED_EDGE('',*,*,#3035,.F.);
#3035 = EDGE_CURVE('',#2988,#3013,#3036,.T.);
#3036 = SURFACE_CURVE('',#3037,(#3042,#3049),.PCURVE_S1.);
#3037 = CIRCLE('',#3038,17.2);
#3038 = AXIS2_PLACEMENT_3D('',#3039,#3040,#3041);
#3039 = CARTESIAN_POINT('',(0.,0.,3.));
#3040 = DIRECTION('',(0.,0.,1.));
#3041 = DIRECTION('',(1.,0.,-0.));
#3042 = PCURVE('',#735,#3043);
#3043 = DEFINITIONAL_REPRESENTATION('',(#3044),#3048);
#3044 = CIRCLE('',#3045,17.2);
#3045 = AXIS2_PLACEMENT_2D('',#3046,#3047);
#3046 = CARTESIAN_POINT('',(10.5,18.08845726812));
#3047 = DIRECTION('',(-0.5,0.866025403784));
#3048 = ( GEOMETRIC_REPRESENTATION_CONTEXT(2) 
PARAMETRIC_REPRESENTATION_CONTEXT() REPRESENTATION_CONTEXT('2D SPACE',''
  ) );
#3049 = PCURVE('',#2276,#3050);
#3050 = DEFINITIONAL_REPRESENTATION('',(#3051),#3055);
#3051 = LINE('',#3052,#3053);
#3052 = CARTESIAN_POINT('',(0.,9.));
#3053 = VECTOR('',#3054,1.);
#3054 = DIRECTION('',(1.,0.));
#3055 = ( GEOMETRIC_REPRESENTATION_CONTEXT(2) 
PARAMETRIC_REPRESENTATION_CONTEXT() REPRESENTATION_CONTEXT('2D SPACE',''
  ) );
#3056 = ADVANCED_FACE('',(#3057),#692,.F.);
#3057 = FACE_BOUND('',#3058,.F.);
#3058 = EDGE_LOOP('',(#3059,#3060,#3061,#3105,#3134));
#3059 = ORIENTED_EDGE('',*,*,#648,.T.);
#3060 = ORIENTED_EDGE('',*,*,#2987,.T.);
#3061 = ORIENTED_EDGE('',*,*,#3062,.F.);
#3062 = EDGE_CURVE('',#3063,#2988,#3065,.T.);
#3063 = VERTEX_POINT('',#3064);
#3064 = CARTESIAN_POINT('',(-6.877178861073,15.765291336122,
    2.838804017846));
#3065 = SURFACE_CURVE('',#3066,(#3077,#3091),.PCURVE_S1.);
#3066 = B_SPLINE_CURVE_WITH_KNOTS('',5,(#3067,#3068,#3069,#3070,#3071,
    #3072,#3073,#3074,#3075,#3076),.UNSPECIFIED.,.F.,.F.,(6,4,6),(0.,
    0.142467994357,1.),.UNSPECIFIED.);
#3067 = CARTESIAN_POINT('',(-6.877177935025,15.765291740086,
    2.838803376511));
#3068 = CARTESIAN_POINT('',(-6.889871837154,15.759754371982,
    2.847594550388));
#3069 = CARTESIAN_POINT('',(-6.902788701867,15.754104536352,
    2.856122883041));
#3070 = CARTESIAN_POINT('',(-6.915918692212,15.748345424835,
    2.864382168306));
#3071 = CARTESIAN_POINT('',(-6.929251753534,15.742480385747,2.8723664787
    ));
#3072 = CARTESIAN_POINT('',(-7.024191392474,15.700594054065,
    2.926439583043));
#3073 = CARTESIAN_POINT('',(-7.112654483764,15.660936796714,
    2.962678371744));
#3074 = CARTESIAN_POINT('',(-7.205857506283,15.618330778407,
    2.987473095475));
#3075 = CARTESIAN_POINT('',(-7.301220798308,15.573800107583,3.));
#3076 = CARTESIAN_POINT('',(-7.396231600781,15.528546554897,3.));
#3077 = PCURVE('',#692,#3078);
#3078 = DEFINITIONAL_REPRESENTATION('',(#3079),#3090);
#3079 = B_SPLINE_CURVE_WITH_KNOTS('',5,(#3080,#3081,#3082,#3083,#3084,
    #3085,#3086,#3087,#3088,#3089),.UNSPECIFIED.,.F.,.F.,(6,4,6),(0.,
    0.142467994357,1.),.UNSPECIFIED.);
#3080 = CARTESIAN_POINT('',(0.902811017028,4.2500006));
#3081 = CARTESIAN_POINT('',(0.921734910737,4.241776042335));
#3082 = CARTESIAN_POINT('',(0.940660378226,4.23341462717));
#3083 = CARTESIAN_POINT('',(0.959588375113,4.224923277739));
#3084 = CARTESIAN_POINT('',(0.97851983461,4.216309027468));
#3085 = CARTESIAN_POINT('',(1.11143272491,4.155032054161));
#3086 = CARTESIAN_POINT('',(1.225656836291,4.098249398481));
#3087 = CARTESIAN_POINT('',(1.340206085342,4.038836222424));
#3088 = CARTESIAN_POINT('',(1.455201490163,3.978514524354));
#3089 = CARTESIAN_POINT('',(1.570796326795,3.918859532122));
#3090 = ( GEOMETRIC_REPRESENTATION_CONTEXT(2) 
PARAMETRIC_REPRESENTATION_CONTEXT() REPRESENTATION_CONTEXT('2D SPACE',''
  ) );
#3091 = PCURVE('',#2276,#3092);
#3092 = DEFINITIONAL_REPRESENTATION('',(#3093),#3104);
#3093 = B_SPLINE_CURVE_WITH_KNOTS('',5,(#3094,#3095,#3096,#3097,#3098,
    #3099,#3100,#3101,#3102,#3103),.UNSPECIFIED.,.F.,.F.,(6,4,6),(0.,
    0.142467994357,1.),.UNSPECIFIED.);
#3094 = CARTESIAN_POINT('',(1.98213416094,8.838803376511));
#3095 = CARTESIAN_POINT('',(1.982939341227,8.847594550388));
#3096 = CARTESIAN_POINT('',(1.983759017624,8.856122883041));
#3097 = CARTESIAN_POINT('',(1.984592592817,8.864382168306));
#3098 = CARTESIAN_POINT('',(1.985439454478,8.8723664787));
#3099 = CARTESIAN_POINT('',(1.991472534322,8.926439583043));
#3100 = CARTESIAN_POINT('',(1.997108800164,8.962678371744));
#3101 = CARTESIAN_POINT('',(2.003066670324,8.987473095475));
#3102 = CARTESIAN_POINT('',(2.009185557454,9.));
#3103 = CARTESIAN_POINT('',(2.015304018195,9.));
#3104 = ( GEOMETRIC_REPRESENTATION_CONTEXT(2) 
PARAMETRIC_REPRESENTATION_CONTEXT() REPRESENTATION_CONTEXT('2D SPACE',''
  ) );
#3105 = ORIENTED_EDGE('',*,*,#3106,.F.);
#3106 = EDGE_CURVE('',#3107,#3063,#3109,.T.);
#3107 = VERTEX_POINT('',#3108);
#3108 = CARTESIAN_POINT('',(-6.734455543377,16.012495373797,2.25));
#3109 = SURFACE_CURVE('',#3110,(#3115,#3122),.PCURVE_S1.);
#3110 = CIRCLE('',#3111,0.75);
#3111 = AXIS2_PLACEMENT_3D('',#3112,#3113,#3114);
#3112 = CARTESIAN_POINT('',(-7.109455543377,15.362976320958,2.25));
#3113 = DIRECTION('',(0.866025403784,-0.5,0.));
#3114 = DIRECTION('',(0.5,0.866025403784,0.));
#3115 = PCURVE('',#692,#3116);
#3116 = DEFINITIONAL_REPRESENTATION('',(#3117),#3121);
#3117 = LINE('',#3118,#3119);
#3118 = CARTESIAN_POINT('',(0.,4.25));
#3119 = VECTOR('',#3120,1.);
#3120 = DIRECTION('',(1.,0.));
#3121 = ( GEOMETRIC_REPRESENTATION_CONTEXT(2) 
PARAMETRIC_REPRESENTATION_CONTEXT() REPRESENTATION_CONTEXT('2D SPACE',''
  ) );
#3122 = PCURVE('',#3123,#3128);
#3123 = SPHERICAL_SURFACE('',#3124,0.75);
#3124 = AXIS2_PLACEMENT_3D('',#3125,#3126,#3127);
#3125 = CARTESIAN_POINT('',(-7.109455543377,15.362976320958,2.25));
#3126 = DIRECTION('',(-0.866025403784,0.5,-0.));
#3127 = DIRECTION('',(0.5,0.866025403784,0.));
#3128 = DEFINITIONAL_REPRESENTATION('',(#3129),#3133);
#3129 = LINE('',#3130,#3131);
#3130 = CARTESIAN_POINT('',(-0.,0.));
#3131 = VECTOR('',#3132,1.);
#3132 = DIRECTION('',(-1.,0.));
#3133 = ( GEOMETRIC_REPRESENTATION_CONTEXT(2) 
PARAMETRIC_REPRESENTATION_CONTEXT() REPRESENTATION_CONTEXT('2D SPACE',''
  ) );
#3134 = ORIENTED_EDGE('',*,*,#3135,.F.);
#3135 = EDGE_CURVE('',#623,#3107,#3136,.T.);
#3136 = SURFACE_CURVE('',#3137,(#3141,#3148),.PCURVE_S1.);
#3137 = LINE('',#3138,#3139);
#3138 = CARTESIAN_POINT('',(-10.41506350946,18.137495373797,2.25));
#3139 = VECTOR('',#3140,1.);
#3140 = DIRECTION('',(0.866025403784,-0.5,0.));
#3141 = PCURVE('',#692,#3142);
#3142 = DEFINITIONAL_REPRESENTATION('',(#3143),#3147);
#3143 = LINE('',#3144,#3145);
#3144 = CARTESIAN_POINT('',(0.,0.));
#3145 = VECTOR('',#3146,1.);
#3146 = DIRECTION('',(0.,1.));
#3147 = ( GEOMETRIC_REPRESENTATION_CONTEXT(2) 
PARAMETRIC_REPRESENTATION_CONTEXT() REPRESENTATION_CONTEXT('2D SPACE',''
  ) );
#3148 = PCURVE('',#637,#3149);
#3149 = DEFINITIONAL_REPRESENTATION('',(#3150),#3154);
#3150 = LINE('',#3151,#3152);
#3151 = CARTESIAN_POINT('',(5.25,0.));
#3152 = VECTOR('',#3153,1.);
#3153 = DIRECTION('',(0.,-1.));
#3154 = ( GEOMETRIC_REPRESENTATION_CONTEXT(2) 
PARAMETRIC_REPRESENTATION_CONTEXT() REPRESENTATION_CONTEXT('2D SPACE',''
  ) );
#3155 = ADVANCED_FACE('',(#3156),#637,.T.);
#3156 = FACE_BOUND('',#3157,.T.);
#3157 = EDGE_LOOP('',(#3158,#3159,#3160,#3186));
#3158 = ORIENTED_EDGE('',*,*,#622,.F.);
#3159 = ORIENTED_EDGE('',*,*,#2670,.T.);
#3160 = ORIENTED_EDGE('',*,*,#3161,.T.);
#3161 = EDGE_CURVE('',#2642,#3107,#3162,.T.);
#3162 = SURFACE_CURVE('',#3163,(#3167,#3174),.PCURVE_S1.);
#3163 = LINE('',#3164,#3165);
#3164 = CARTESIAN_POINT('',(-6.734455543377,16.012495373797,-3.));
#3165 = VECTOR('',#3166,1.);
#3166 = DIRECTION('',(0.,0.,1.));
#3167 = PCURVE('',#637,#3168);
#3168 = DEFINITIONAL_REPRESENTATION('',(#3169),#3173);
#3169 = LINE('',#3170,#3171);
#3170 = CARTESIAN_POINT('',(0.,-4.25));
#3171 = VECTOR('',#3172,1.);
#3172 = DIRECTION('',(1.,0.));
#3173 = ( GEOMETRIC_REPRESENTATION_CONTEXT(2) 
PARAMETRIC_REPRESENTATION_CONTEXT() REPRESENTATION_CONTEXT('2D SPACE',''
  ) );
#3174 = PCURVE('',#3175,#3180);
#3175 = CYLINDRICAL_SURFACE('',#3176,0.75);
#3176 = AXIS2_PLACEMENT_3D('',#3177,#3178,#3179);
#3177 = CARTESIAN_POINT('',(-7.109455543377,15.362976320958,-3.));
#3178 = DIRECTION('',(0.,0.,1.));
#3179 = DIRECTION('',(0.5,0.866025403784,0.));
#3180 = DEFINITIONAL_REPRESENTATION('',(#3181),#3185);
#3181 = LINE('',#3182,#3183);
#3182 = CARTESIAN_POINT('',(-0.,0.));
#3183 = VECTOR('',#3184,1.);
#3184 = DIRECTION('',(-0.,1.));
#3185 = ( GEOMETRIC_REPRESENTATION_CONTEXT(2) 
PARAMETRIC_REPRESENTATION_CONTEXT() REPRESENTATION_CONTEXT('2D SPACE',''
  ) );
#3186 = ORIENTED_EDGE('',*,*,#3135,.F.);
#3187 = ADVANCED_FACE('',(#3188),#1177,.F.);
#3188 = FACE_BOUND('',#3189,.F.);
#3189 = EDGE_LOOP('',(#3190,#3213,#3241,#3262));
#3190 = ORIENTED_EDGE('',*,*,#3191,.F.);
#3191 = EDGE_CURVE('',#3192,#1161,#3194,.T.);
#3192 = VERTEX_POINT('',#3193);
#3193 = CARTESIAN_POINT('',(-23.75,-2.5,-2.75));
#3194 = SURFACE_CURVE('',#3195,(#3199,#3206),.PCURVE_S1.);
#3195 = LINE('',#3196,#3197);
#3196 = CARTESIAN_POINT('',(-25.,-2.5,-2.75));
#3197 = VECTOR('',#3198,1.);
#3198 = DIRECTION('',(1.,0.,0.));
#3199 = PCURVE('',#1177,#3200);
#3200 = DEFINITIONAL_REPRESENTATION('',(#3201),#3205);
#3201 = LINE('',#3202,#3203);
#3202 = CARTESIAN_POINT('',(1.25,0.));
#3203 = VECTOR('',#3204,1.);
#3204 = DIRECTION('',(0.,1.));
#3205 = ( GEOMETRIC_REPRESENTATION_CONTEXT(2) 
PARAMETRIC_REPRESENTATION_CONTEXT() REPRESENTATION_CONTEXT('2D SPACE',''
  ) );
#3206 = PCURVE('',#1232,#3207);
#3207 = DEFINITIONAL_REPRESENTATION('',(#3208),#3212);
#3208 = LINE('',#3209,#3210);
#3209 = CARTESIAN_POINT('',(0.,0.));
#3210 = VECTOR('',#3211,1.);
#3211 = DIRECTION('',(0.,1.));
#3212 = ( GEOMETRIC_REPRESENTATION_CONTEXT(2) 
PARAMETRIC_REPRESENTATION_CONTEXT() REPRESENTATION_CONTEXT('2D SPACE',''
  ) );
#3213 = ORIENTED_EDGE('',*,*,#3214,.T.);
#3214 = EDGE_CURVE('',#3192,#3215,#3217,.T.);
#3215 = VERTEX_POINT('',#3216);
#3216 = CARTESIAN_POINT('',(-23.75,-2.5,2.75));
#3217 = SURFACE_CURVE('',#3218,(#3222,#3229),.PCURVE_S1.);
#3218 = LINE('',#3219,#3220);
#3219 = CARTESIAN_POINT('',(-23.75,-2.5,-4.));
#3220 = VECTOR('',#3221,1.);
#3221 = DIRECTION('',(0.,0.,1.));
#3222 = PCURVE('',#1177,#3223);
#3223 = DEFINITIONAL_REPRESENTATION('',(#3224),#3228);
#3224 = LINE('',#3225,#3226);
#3225 = CARTESIAN_POINT('',(0.,1.25));
#3226 = VECTOR('',#3227,1.);
#3227 = DIRECTION('',(1.,0.));
#3228 = ( GEOMETRIC_REPRESENTATION_CONTEXT(2) 
PARAMETRIC_REPRESENTATION_CONTEXT() REPRESENTATION_CONTEXT('2D SPACE',''
  ) );
#3229 = PCURVE('',#3230,#3235);
#3230 = CYLINDRICAL_SURFACE('',#3231,1.25);
#3231 = AXIS2_PLACEMENT_3D('',#3232,#3233,#3234);
#3232 = CARTESIAN_POINT('',(-23.75,-1.25,-4.));
#3233 = DIRECTION('',(0.,0.,1.));
#3234 = DIRECTION('',(-1.,-0.,0.));
#3235 = DEFINITIONAL_REPRESENTATION('',(#3236),#3240);
#3236 = LINE('',#3237,#3238);
#3237 = CARTESIAN_POINT('',(1.570796326795,0.));
#3238 = VECTOR('',#3239,1.);
#3239 = DIRECTION('',(0.,1.));
#3240 = ( GEOMETRIC_REPRESENTATION_CONTEXT(2) 
PARAMETRIC_REPRESENTATION_CONTEXT() REPRESENTATION_CONTEXT('2D SPACE',''
  ) );
#3241 = ORIENTED_EDGE('',*,*,#3242,.T.);
#3242 = EDGE_CURVE('',#3215,#1163,#3243,.T.);
#3243 = SURFACE_CURVE('',#3244,(#3248,#3255),.PCURVE_S1.);
#3244 = LINE('',#3245,#3246);
#3245 = CARTESIAN_POINT('',(-25.,-2.5,2.75));
#3246 = VECTOR('',#3247,1.);
#3247 = DIRECTION('',(1.,0.,0.));
#3248 = PCURVE('',#1177,#3249);
#3249 = DEFINITIONAL_REPRESENTATION('',(#3250),#3254);
#3250 = LINE('',#3251,#3252);
#3251 = CARTESIAN_POINT('',(6.75,0.));
#3252 = VECTOR('',#3253,1.);
#3253 = DIRECTION('',(0.,1.));
#3254 = ( GEOMETRIC_REPRESENTATION_CONTEXT(2) 
PARAMETRIC_REPRESENTATION_CONTEXT() REPRESENTATION_CONTEXT('2D SPACE',''
  ) );
#3255 = PCURVE('',#1506,#3256);
#3256 = DEFINITIONAL_REPRESENTATION('',(#3257),#3261);
#3257 = LINE('',#3258,#3259);
#3258 = CARTESIAN_POINT('',(-0.,0.));
#3259 = VECTOR('',#3260,1.);
#3260 = DIRECTION('',(-0.,1.));
#3261 = ( GEOMETRIC_REPRESENTATION_CONTEXT(2) 
PARAMETRIC_REPRESENTATION_CONTEXT() REPRESENTATION_CONTEXT('2D SPACE',''
  ) );
#3262 = ORIENTED_EDGE('',*,*,#1160,.F.);
#3263 = ADVANCED_FACE('',(#3264),#1232,.T.);
#3264 = FACE_BOUND('',#3265,.T.);
#3265 = EDGE_LOOP('',(#3266,#3295,#3316,#3317));
#3266 = ORIENTED_EDGE('',*,*,#3267,.F.);
#3267 = EDGE_CURVE('',#3268,#3192,#3270,.T.);
#3268 = VERTEX_POINT('',#3269);
#3269 = CARTESIAN_POINT('',(-23.75,-1.25,-4.));
#3270 = SURFACE_CURVE('',#3271,(#3276,#3283),.PCURVE_S1.);
#3271 = CIRCLE('',#3272,1.25);
#3272 = AXIS2_PLACEMENT_3D('',#3273,#3274,#3275);
#3273 = CARTESIAN_POINT('',(-23.75,-1.25,-2.75));
#3274 = DIRECTION('',(-1.,6.123233995737E-17,0.));
#3275 = DIRECTION('',(-6.123233995737E-17,-1.,0.));
#3276 = PCURVE('',#1232,#3277);
#3277 = DEFINITIONAL_REPRESENTATION('',(#3278),#3282);
#3278 = LINE('',#3279,#3280);
#3279 = CARTESIAN_POINT('',(6.28318530718,1.25));
#3280 = VECTOR('',#3281,1.);
#3281 = DIRECTION('',(-1.,-0.));
#3282 = ( GEOMETRIC_REPRESENTATION_CONTEXT(2) 
PARAMETRIC_REPRESENTATION_CONTEXT() REPRESENTATION_CONTEXT('2D SPACE',''
  ) );
#3283 = PCURVE('',#3284,#3289);
#3284 = SPHERICAL_SURFACE('',#3285,1.25);
#3285 = AXIS2_PLACEMENT_3D('',#3286,#3287,#3288);
#3286 = CARTESIAN_POINT('',(-23.75,-1.25,-2.75));
#3287 = DIRECTION('',(0.,0.,1.));
#3288 = DIRECTION('',(-1.,0.,0.));
#3289 = DEFINITIONAL_REPRESENTATION('',(#3290),#3294);
#3290 = LINE('',#3291,#3292);
#3291 = CARTESIAN_POINT('',(1.570796326795,-6.28318530718));
#3292 = VECTOR('',#3293,1.);
#3293 = DIRECTION('',(0.,1.));
#3294 = ( GEOMETRIC_REPRESENTATION_CONTEXT(2) 
PARAMETRIC_REPRESENTATION_CONTEXT() REPRESENTATION_CONTEXT('2D SPACE',''
  ) );
#3295 = ORIENTED_EDGE('',*,*,#3296,.T.);
#3296 = EDGE_CURVE('',#3268,#1189,#3297,.T.);
#3297 = SURFACE_CURVE('',#3298,(#3302,#3309),.PCURVE_S1.);
#3298 = LINE('',#3299,#3300);
#3299 = CARTESIAN_POINT('',(-25.,-1.25,-4.));
#3300 = VECTOR('',#3301,1.);
#3301 = DIRECTION('',(1.,0.,0.));
#3302 = PCURVE('',#1232,#3303);
#3303 = DEFINITIONAL_REPRESENTATION('',(#3304),#3308);
#3304 = LINE('',#3305,#3306);
#3305 = CARTESIAN_POINT('',(1.570796326795,0.));
#3306 = VECTOR('',#3307,1.);
#3307 = DIRECTION('',(0.,1.));
#3308 = ( GEOMETRIC_REPRESENTATION_CONTEXT(2) 
PARAMETRIC_REPRESENTATION_CONTEXT() REPRESENTATION_CONTEXT('2D SPACE',''
  ) );
#3309 = PCURVE('',#1275,#3310);
#3310 = DEFINITIONAL_REPRESENTATION('',(#3311),#3315);
#3311 = LINE('',#3312,#3313);
#3312 = CARTESIAN_POINT('',(0.,1.25));
#3313 = VECTOR('',#3314,1.);
#3314 = DIRECTION('',(1.,0.));
#3315 = ( GEOMETRIC_REPRESENTATION_CONTEXT(2) 
PARAMETRIC_REPRESENTATION_CONTEXT() REPRESENTATION_CONTEXT('2D SPACE',''
  ) );
#3316 = ORIENTED_EDGE('',*,*,#1188,.F.);
#3317 = ORIENTED_EDGE('',*,*,#3191,.F.);
#3318 = ADVANCED_FACE('',(#3319),#1506,.T.);
#3319 = FACE_BOUND('',#3320,.F.);
#3320 = EDGE_LOOP('',(#3321,#3350,#3371,#3372));
#3321 = ORIENTED_EDGE('',*,*,#3322,.F.);
#3322 = EDGE_CURVE('',#3323,#3215,#3325,.T.);
#3323 = VERTEX_POINT('',#3324);
#3324 = CARTESIAN_POINT('',(-23.75,-1.25,4.));
#3325 = SURFACE_CURVE('',#3326,(#3331,#3338),.PCURVE_S1.);
#3326 = CIRCLE('',#3327,1.25);
#3327 = AXIS2_PLACEMENT_3D('',#3328,#3329,#3330);
#3328 = CARTESIAN_POINT('',(-23.75,-1.25,2.75));
#3329 = DIRECTION('',(1.,-6.123233995737E-17,0.));
#3330 = DIRECTION('',(-6.123233995737E-17,-1.,0.));
#3331 = PCURVE('',#1506,#3332);
#3332 = DEFINITIONAL_REPRESENTATION('',(#3333),#3337);
#3333 = LINE('',#3334,#3335);
#3334 = CARTESIAN_POINT('',(-6.28318530718,1.25));
#3335 = VECTOR('',#3336,1.);
#3336 = DIRECTION('',(1.,-0.));
#3337 = ( GEOMETRIC_REPRESENTATION_CONTEXT(2) 
PARAMETRIC_REPRESENTATION_CONTEXT() REPRESENTATION_CONTEXT('2D SPACE',''
  ) );
#3338 = PCURVE('',#3339,#3344);
#3339 = SPHERICAL_SURFACE('',#3340,1.25);
#3340 = AXIS2_PLACEMENT_3D('',#3341,#3342,#3343);
#3341 = CARTESIAN_POINT('',(-23.75,-1.25,2.75));
#3342 = DIRECTION('',(-0.,-0.,-1.));
#3343 = DIRECTION('',(-1.,0.,0.));
#3344 = DEFINITIONAL_REPRESENTATION('',(#3345),#3349);
#3345 = LINE('',#3346,#3347);
#3346 = CARTESIAN_POINT('',(-1.570796326795,-6.28318530718));
#3347 = VECTOR('',#3348,1.);
#3348 = DIRECTION('',(-0.,1.));
#3349 = ( GEOMETRIC_REPRESENTATION_CONTEXT(2) 
PARAMETRIC_REPRESENTATION_CONTEXT() REPRESENTATION_CONTEXT('2D SPACE',''
  ) );
#3350 = ORIENTED_EDGE('',*,*,#3351,.T.);
#3351 = EDGE_CURVE('',#3323,#1436,#3352,.T.);
#3352 = SURFACE_CURVE('',#3353,(#3357,#3364),.PCURVE_S1.);
#3353 = LINE('',#3354,#3355);
#3354 = CARTESIAN_POINT('',(-25.,-1.25,4.));
#3355 = VECTOR('',#3356,1.);
#3356 = DIRECTION('',(1.,0.,0.));
#3357 = PCURVE('',#1506,#3358);
#3358 = DEFINITIONAL_REPRESENTATION('',(#3359),#3363);
#3359 = LINE('',#3360,#3361);
#3360 = CARTESIAN_POINT('',(-1.570796326795,0.));
#3361 = VECTOR('',#3362,1.);
#3362 = DIRECTION('',(-0.,1.));
#3363 = ( GEOMETRIC_REPRESENTATION_CONTEXT(2) 
PARAMETRIC_REPRESENTATION_CONTEXT() REPRESENTATION_CONTEXT('2D SPACE',''
  ) );
#3364 = PCURVE('',#1452,#3365);
#3365 = DEFINITIONAL_REPRESENTATION('',(#3366),#3370);
#3366 = LINE('',#3367,#3368);
#3367 = CARTESIAN_POINT('',(0.,1.25));
#3368 = VECTOR('',#3369,1.);
#3369 = DIRECTION('',(1.,0.));
#3370 = ( GEOMETRIC_REPRESENTATION_CONTEXT(2) 
PARAMETRIC_REPRESENTATION_CONTEXT() REPRESENTATION_CONTEXT('2D SPACE',''
  ) );
#3371 = ORIENTED_EDGE('',*,*,#1464,.F.);
#3372 = ORIENTED_EDGE('',*,*,#3242,.F.);
#3373 = ADVANCED_FACE('',(#3374),#1275,.F.);
#3374 = FACE_BOUND('',#3375,.F.);
#3375 = EDGE_LOOP('',(#3376,#3404,#3405,#3406));
#3376 = ORIENTED_EDGE('',*,*,#3377,.F.);
#3377 = EDGE_CURVE('',#3268,#3378,#3380,.T.);
#3378 = VERTEX_POINT('',#3379);
#3379 = CARTESIAN_POINT('',(-23.75,1.25,-4.));
#3380 = SURFACE_CURVE('',#3381,(#3385,#3392),.PCURVE_S1.);
#3381 = LINE('',#3382,#3383);
#3382 = CARTESIAN_POINT('',(-23.75,-2.5,-4.));
#3383 = VECTOR('',#3384,1.);
#3384 = DIRECTION('',(0.,1.,0.));
#3385 = PCURVE('',#1275,#3386);
#3386 = DEFINITIONAL_REPRESENTATION('',(#3387),#3391);
#3387 = LINE('',#3388,#3389);
#3388 = CARTESIAN_POINT('',(1.25,0.));
#3389 = VECTOR('',#3390,1.);
#3390 = DIRECTION('',(0.,1.));
#3391 = ( GEOMETRIC_REPRESENTATION_CONTEXT(2) 
PARAMETRIC_REPRESENTATION_CONTEXT() REPRESENTATION_CONTEXT('2D SPACE',''
  ) );
#3392 = PCURVE('',#3393,#3398);
#3393 = CYLINDRICAL_SURFACE('',#3394,1.25);
#3394 = AXIS2_PLACEMENT_3D('',#3395,#3396,#3397);
#3395 = CARTESIAN_POINT('',(-23.75,-2.5,-2.75));
#3396 = DIRECTION('',(0.,1.,0.));
#3397 = DIRECTION('',(-1.,0.,0.));
#3398 = DEFINITIONAL_REPRESENTATION('',(#3399),#3403);
#3399 = LINE('',#3400,#3401);
#3400 = CARTESIAN_POINT('',(-1.570796326795,0.));
#3401 = VECTOR('',#3402,1.);
#3402 = DIRECTION('',(-0.,1.));
#3403 = ( GEOMETRIC_REPRESENTATION_CONTEXT(2) 
PARAMETRIC_REPRESENTATION_CONTEXT() REPRESENTATION_CONTEXT('2D SPACE',''
  ) );
#3404 = ORIENTED_EDGE('',*,*,#3296,.T.);
#3405 = ORIENTED_EDGE('',*,*,#1258,.F.);
#3406 = ORIENTED_EDGE('',*,*,#3407,.F.);
#3407 = EDGE_CURVE('',#3378,#1259,#3408,.T.);
#3408 = SURFACE_CURVE('',#3409,(#3413,#3420),.PCURVE_S1.);
#3409 = LINE('',#3410,#3411);
#3410 = CARTESIAN_POINT('',(-25.,1.25,-4.));
#3411 = VECTOR('',#3412,1.);
#3412 = DIRECTION('',(1.,0.,0.));
#3413 = PCURVE('',#1275,#3414);
#3414 = DEFINITIONAL_REPRESENTATION('',(#3415),#3419);
#3415 = LINE('',#3416,#3417);
#3416 = CARTESIAN_POINT('',(0.,3.75));
#3417 = VECTOR('',#3418,1.);
#3418 = DIRECTION('',(1.,0.));
#3419 = ( GEOMETRIC_REPRESENTATION_CONTEXT(2) 
PARAMETRIC_REPRESENTATION_CONTEXT() REPRESENTATION_CONTEXT('2D SPACE',''
  ) );
#3420 = PCURVE('',#1325,#3421);
#3421 = DEFINITIONAL_REPRESENTATION('',(#3422),#3426);
#3422 = LINE('',#3423,#3424);
#3423 = CARTESIAN_POINT('',(-1.570796326795,0.));
#3424 = VECTOR('',#3425,1.);
#3425 = DIRECTION('',(-0.,1.));
#3426 = ( GEOMETRIC_REPRESENTATION_CONTEXT(2) 
PARAMETRIC_REPRESENTATION_CONTEXT() REPRESENTATION_CONTEXT('2D SPACE',''
  ) );
#3427 = ADVANCED_FACE('',(#3428),#1452,.T.);
#3428 = FACE_BOUND('',#3429,.T.);
#3429 = EDGE_LOOP('',(#3430,#3458,#3459,#3460));
#3430 = ORIENTED_EDGE('',*,*,#3431,.F.);
#3431 = EDGE_CURVE('',#3323,#3432,#3434,.T.);
#3432 = VERTEX_POINT('',#3433);
#3433 = CARTESIAN_POINT('',(-23.75,1.25,4.));
#3434 = SURFACE_CURVE('',#3435,(#3439,#3446),.PCURVE_S1.);
#3435 = LINE('',#3436,#3437);
#3436 = CARTESIAN_POINT('',(-23.75,-2.5,4.));
#3437 = VECTOR('',#3438,1.);
#3438 = DIRECTION('',(0.,1.,0.));
#3439 = PCURVE('',#1452,#3440);
#3440 = DEFINITIONAL_REPRESENTATION('',(#3441),#3445);
#3441 = LINE('',#3442,#3443);
#3442 = CARTESIAN_POINT('',(1.25,0.));
#3443 = VECTOR('',#3444,1.);
#3444 = DIRECTION('',(0.,1.));
#3445 = ( GEOMETRIC_REPRESENTATION_CONTEXT(2) 
PARAMETRIC_REPRESENTATION_CONTEXT() REPRESENTATION_CONTEXT('2D SPACE',''
  ) );
#3446 = PCURVE('',#3447,#3452);
#3447 = CYLINDRICAL_SURFACE('',#3448,1.25);
#3448 = AXIS2_PLACEMENT_3D('',#3449,#3450,#3451);
#3449 = CARTESIAN_POINT('',(-23.75,-2.5,2.75));
#3450 = DIRECTION('',(0.,1.,0.));
#3451 = DIRECTION('',(-1.,0.,0.));
#3452 = DEFINITIONAL_REPRESENTATION('',(#3453),#3457);
#3453 = LINE('',#3454,#3455);
#3454 = CARTESIAN_POINT('',(1.570796326795,0.));
#3455 = VECTOR('',#3456,1.);
#3456 = DIRECTION('',(0.,1.));
#3457 = ( GEOMETRIC_REPRESENTATION_CONTEXT(2) 
PARAMETRIC_REPRESENTATION_CONTEXT() REPRESENTATION_CONTEXT('2D SPACE',''
  ) );
#3458 = ORIENTED_EDGE('',*,*,#3351,.T.);
#3459 = ORIENTED_EDGE('',*,*,#1435,.F.);
#3460 = ORIENTED_EDGE('',*,*,#3461,.F.);
#3461 = EDGE_CURVE('',#3432,#1375,#3462,.T.);
#3462 = SURFACE_CURVE('',#3463,(#3467,#3474),.PCURVE_S1.);
#3463 = LINE('',#3464,#3465);
#3464 = CARTESIAN_POINT('',(-25.,1.25,4.));
#3465 = VECTOR('',#3466,1.);
#3466 = DIRECTION('',(1.,0.,0.));
#3467 = PCURVE('',#1452,#3468);
#3468 = DEFINITIONAL_REPRESENTATION('',(#3469),#3473);
#3469 = LINE('',#3470,#3471);
#3470 = CARTESIAN_POINT('',(0.,3.75));
#3471 = VECTOR('',#3472,1.);
#3472 = DIRECTION('',(1.,0.));
#3473 = ( GEOMETRIC_REPRESENTATION_CONTEXT(2) 
PARAMETRIC_REPRESENTATION_CONTEXT() REPRESENTATION_CONTEXT('2D SPACE',''
  ) );
#3474 = PCURVE('',#1412,#3475);
#3475 = DEFINITIONAL_REPRESENTATION('',(#3476),#3480);
#3476 = LINE('',#3477,#3478);
#3477 = CARTESIAN_POINT('',(1.570796326795,0.));
#3478 = VECTOR('',#3479,1.);
#3479 = DIRECTION('',(0.,1.));
#3480 = ( GEOMETRIC_REPRESENTATION_CONTEXT(2) 
PARAMETRIC_REPRESENTATION_CONTEXT() REPRESENTATION_CONTEXT('2D SPACE',''
  ) );
#3481 = ADVANCED_FACE('',(#3482),#1325,.T.);
#3482 = FACE_BOUND('',#3483,.F.);
#3483 = EDGE_LOOP('',(#3484,#3513,#3514,#3515));
#3484 = ORIENTED_EDGE('',*,*,#3485,.F.);
#3485 = EDGE_CURVE('',#3378,#3486,#3488,.T.);
#3486 = VERTEX_POINT('',#3487);
#3487 = CARTESIAN_POINT('',(-23.75,2.5,-2.75));
#3488 = SURFACE_CURVE('',#3489,(#3494,#3501),.PCURVE_S1.);
#3489 = CIRCLE('',#3490,1.25);
#3490 = AXIS2_PLACEMENT_3D('',#3491,#3492,#3493);
#3491 = CARTESIAN_POINT('',(-23.75,1.25,-2.75));
#3492 = DIRECTION('',(1.,1.056412609424E-16,-0.));
#3493 = DIRECTION('',(-1.056412609424E-16,1.,0.));
#3494 = PCURVE('',#1325,#3495);
#3495 = DEFINITIONAL_REPRESENTATION('',(#3496),#3500);
#3496 = LINE('',#3497,#3498);
#3497 = CARTESIAN_POINT('',(-6.28318530718,1.25));
#3498 = VECTOR('',#3499,1.);
#3499 = DIRECTION('',(1.,-0.));
#3500 = ( GEOMETRIC_REPRESENTATION_CONTEXT(2) 
PARAMETRIC_REPRESENTATION_CONTEXT() REPRESENTATION_CONTEXT('2D SPACE',''
  ) );
#3501 = PCURVE('',#3502,#3507);
#3502 = SPHERICAL_SURFACE('',#3503,1.25);
#3503 = AXIS2_PLACEMENT_3D('',#3504,#3505,#3506);
#3504 = CARTESIAN_POINT('',(-23.75,1.25,-2.75));
#3505 = DIRECTION('',(0.,0.,1.));
#3506 = DIRECTION('',(-1.,1.7763568394E-16,0.));
#3507 = DEFINITIONAL_REPRESENTATION('',(#3508),#3512);
#3508 = LINE('',#3509,#3510);
#3509 = CARTESIAN_POINT('',(-1.570796326795,-6.28318530718));
#3510 = VECTOR('',#3511,1.);
#3511 = DIRECTION('',(-0.,1.));
#3512 = ( GEOMETRIC_REPRESENTATION_CONTEXT(2) 
PARAMETRIC_REPRESENTATION_CONTEXT() REPRESENTATION_CONTEXT('2D SPACE',''
  ) );
#3513 = ORIENTED_EDGE('',*,*,#3407,.T.);
#3514 = ORIENTED_EDGE('',*,*,#1287,.F.);
#3515 = ORIENTED_EDGE('',*,*,#3516,.F.);
#3516 = EDGE_CURVE('',#3486,#1288,#3517,.T.);
#3517 = SURFACE_CURVE('',#3518,(#3522,#3529),.PCURVE_S1.);
#3518 = LINE('',#3519,#3520);
#3519 = CARTESIAN_POINT('',(-25.,2.5,-2.75));
#3520 = VECTOR('',#3521,1.);
#3521 = DIRECTION('',(1.,0.,0.));
#3522 = PCURVE('',#1325,#3523);
#3523 = DEFINITIONAL_REPRESENTATION('',(#3524),#3528);
#3524 = LINE('',#3525,#3526);
#3525 = CARTESIAN_POINT('',(-0.,0.));
#3526 = VECTOR('',#3527,1.);
#3527 = DIRECTION('',(-0.,1.));
#3528 = ( GEOMETRIC_REPRESENTATION_CONTEXT(2) 
PARAMETRIC_REPRESENTATION_CONTEXT() REPRESENTATION_CONTEXT('2D SPACE',''
  ) );
#3529 = PCURVE('',#1363,#3530);
#3530 = DEFINITIONAL_REPRESENTATION('',(#3531),#3535);
#3531 = LINE('',#3532,#3533);
#3532 = CARTESIAN_POINT('',(1.25,0.));
#3533 = VECTOR('',#3534,1.);
#3534 = DIRECTION('',(0.,1.));
#3535 = ( GEOMETRIC_REPRESENTATION_CONTEXT(2) 
PARAMETRIC_REPRESENTATION_CONTEXT() REPRESENTATION_CONTEXT('2D SPACE',''
  ) );
#3536 = ADVANCED_FACE('',(#3537),#1412,.T.);
#3537 = FACE_BOUND('',#3538,.T.);
#3538 = EDGE_LOOP('',(#3539,#3562,#3589,#3590));
#3539 = ORIENTED_EDGE('',*,*,#3540,.F.);
#3540 = EDGE_CURVE('',#3541,#1349,#3543,.T.);
#3541 = VERTEX_POINT('',#3542);
#3542 = CARTESIAN_POINT('',(-23.75,2.5,2.75));
#3543 = SURFACE_CURVE('',#3544,(#3548,#3555),.PCURVE_S1.);
#3544 = LINE('',#3545,#3546);
#3545 = CARTESIAN_POINT('',(-25.,2.5,2.75));
#3546 = VECTOR('',#3547,1.);
#3547 = DIRECTION('',(1.,0.,0.));
#3548 = PCURVE('',#1412,#3549);
#3549 = DEFINITIONAL_REPRESENTATION('',(#3550),#3554);
#3550 = LINE('',#3551,#3552);
#3551 = CARTESIAN_POINT('',(0.,0.));
#3552 = VECTOR('',#3553,1.);
#3553 = DIRECTION('',(0.,1.));
#3554 = ( GEOMETRIC_REPRESENTATION_CONTEXT(2) 
PARAMETRIC_REPRESENTATION_CONTEXT() REPRESENTATION_CONTEXT('2D SPACE',''
  ) );
#3555 = PCURVE('',#1363,#3556);
#3556 = DEFINITIONAL_REPRESENTATION('',(#3557),#3561);
#3557 = LINE('',#3558,#3559);
#3558 = CARTESIAN_POINT('',(6.75,0.));
#3559 = VECTOR('',#3560,1.);
#3560 = DIRECTION('',(0.,1.));
#3561 = ( GEOMETRIC_REPRESENTATION_CONTEXT(2) 
PARAMETRIC_REPRESENTATION_CONTEXT() REPRESENTATION_CONTEXT('2D SPACE',''
  ) );
#3562 = ORIENTED_EDGE('',*,*,#3563,.T.);
#3563 = EDGE_CURVE('',#3541,#3432,#3564,.T.);
#3564 = SURFACE_CURVE('',#3565,(#3570,#3577),.PCURVE_S1.);
#3565 = CIRCLE('',#3566,1.25);
#3566 = AXIS2_PLACEMENT_3D('',#3567,#3568,#3569);
#3567 = CARTESIAN_POINT('',(-23.75,1.25,2.75));
#3568 = DIRECTION('',(1.,0.,6.123233995737E-17));
#3569 = DIRECTION('',(-6.123233995737E-17,0.,1.));
#3570 = PCURVE('',#1412,#3571);
#3571 = DEFINITIONAL_REPRESENTATION('',(#3572),#3576);
#3572 = LINE('',#3573,#3574);
#3573 = CARTESIAN_POINT('',(-4.712388980385,1.25));
#3574 = VECTOR('',#3575,1.);
#3575 = DIRECTION('',(1.,0.));
#3576 = ( GEOMETRIC_REPRESENTATION_CONTEXT(2) 
PARAMETRIC_REPRESENTATION_CONTEXT() REPRESENTATION_CONTEXT('2D SPACE',''
  ) );
#3577 = PCURVE('',#3578,#3583);
#3578 = SPHERICAL_SURFACE('',#3579,1.25);
#3579 = AXIS2_PLACEMENT_3D('',#3580,#3581,#3582);
#3580 = CARTESIAN_POINT('',(-23.75,1.25,2.75));
#3581 = DIRECTION('',(-0.,-1.,-0.));
#3582 = DIRECTION('',(-1.,0.,0.));
#3583 = DEFINITIONAL_REPRESENTATION('',(#3584),#3588);
#3584 = LINE('',#3585,#3586);
#3585 = CARTESIAN_POINT('',(-1.570796326795,-6.28318530718));
#3586 = VECTOR('',#3587,1.);
#3587 = DIRECTION('',(-0.,1.));
#3588 = ( GEOMETRIC_REPRESENTATION_CONTEXT(2) 
PARAMETRIC_REPRESENTATION_CONTEXT() REPRESENTATION_CONTEXT('2D SPACE',''
  ) );
#3589 = ORIENTED_EDGE('',*,*,#3461,.T.);
#3590 = ORIENTED_EDGE('',*,*,#1374,.F.);
#3591 = ADVANCED_FACE('',(#3592),#1363,.T.);
#3592 = FACE_BOUND('',#3593,.T.);
#3593 = EDGE_LOOP('',(#3594,#3595,#3621,#3622));
#3594 = ORIENTED_EDGE('',*,*,#3516,.F.);
#3595 = ORIENTED_EDGE('',*,*,#3596,.T.);
#3596 = EDGE_CURVE('',#3486,#3541,#3597,.T.);
#3597 = SURFACE_CURVE('',#3598,(#3602,#3609),.PCURVE_S1.);
#3598 = LINE('',#3599,#3600);
#3599 = CARTESIAN_POINT('',(-23.75,2.5,-4.));
#3600 = VECTOR('',#3601,1.);
#3601 = DIRECTION('',(0.,0.,1.));
#3602 = PCURVE('',#1363,#3603);
#3603 = DEFINITIONAL_REPRESENTATION('',(#3604),#3608);
#3604 = LINE('',#3605,#3606);
#3605 = CARTESIAN_POINT('',(0.,1.25));
#3606 = VECTOR('',#3607,1.);
#3607 = DIRECTION('',(1.,0.));
#3608 = ( GEOMETRIC_REPRESENTATION_CONTEXT(2) 
PARAMETRIC_REPRESENTATION_CONTEXT() REPRESENTATION_CONTEXT('2D SPACE',''
  ) );
#3609 = PCURVE('',#3610,#3615);
#3610 = CYLINDRICAL_SURFACE('',#3611,1.25);
#3611 = AXIS2_PLACEMENT_3D('',#3612,#3613,#3614);
#3612 = CARTESIAN_POINT('',(-23.75,1.25,-4.));
#3613 = DIRECTION('',(0.,0.,1.));
#3614 = DIRECTION('',(-1.,-0.,0.));
#3615 = DEFINITIONAL_REPRESENTATION('',(#3616),#3620);
#3616 = LINE('',#3617,#3618);
#3617 = CARTESIAN_POINT('',(-1.570796326795,0.));
#3618 = VECTOR('',#3619,1.);
#3619 = DIRECTION('',(-0.,1.));
#3620 = ( GEOMETRIC_REPRESENTATION_CONTEXT(2) 
PARAMETRIC_REPRESENTATION_CONTEXT() REPRESENTATION_CONTEXT('2D SPACE',''
  ) );
#3621 = ORIENTED_EDGE('',*,*,#3540,.T.);
#3622 = ORIENTED_EDGE('',*,*,#1348,.F.);
#3623 = ADVANCED_FACE('',(#3624),#1551,.T.);
#3624 = FACE_BOUND('',#3625,.T.);
#3625 = EDGE_LOOP('',(#3626,#3656,#3677,#3678));
#3626 = ORIENTED_EDGE('',*,*,#3627,.F.);
#3627 = EDGE_CURVE('',#3628,#3630,#3632,.T.);
#3628 = VERTEX_POINT('',#3629);
#3629 = CARTESIAN_POINT('',(-6.734455543377,-16.01249537379,-2.25));
#3630 = VERTEX_POINT('',#3631);
#3631 = CARTESIAN_POINT('',(-6.734455543377,-16.01249537379,2.25));
#3632 = SURFACE_CURVE('',#3633,(#3637,#3644),.PCURVE_S1.);
#3633 = LINE('',#3634,#3635);
#3634 = CARTESIAN_POINT('',(-6.734455543377,-16.01249537379,-3.));
#3635 = VECTOR('',#3636,1.);
#3636 = DIRECTION('',(0.,0.,1.));
#3637 = PCURVE('',#1551,#3638);
#3638 = DEFINITIONAL_REPRESENTATION('',(#3639),#3643);
#3639 = LINE('',#3640,#3641);
#3640 = CARTESIAN_POINT('',(0.,-0.75));
#3641 = VECTOR('',#3642,1.);
#3642 = DIRECTION('',(1.,0.));
#3643 = ( GEOMETRIC_REPRESENTATION_CONTEXT(2) 
PARAMETRIC_REPRESENTATION_CONTEXT() REPRESENTATION_CONTEXT('2D SPACE',''
  ) );
#3644 = PCURVE('',#3645,#3650);
#3645 = CYLINDRICAL_SURFACE('',#3646,0.75);
#3646 = AXIS2_PLACEMENT_3D('',#3647,#3648,#3649);
#3647 = CARTESIAN_POINT('',(-7.109455543377,-15.36297632095,-3.));
#3648 = DIRECTION('',(0.,0.,1.));
#3649 = DIRECTION('',(0.5,-0.866025403784,0.));
#3650 = DEFINITIONAL_REPRESENTATION('',(#3651),#3655);
#3651 = LINE('',#3652,#3653);
#3652 = CARTESIAN_POINT('',(0.,0.));
#3653 = VECTOR('',#3654,1.);
#3654 = DIRECTION('',(0.,1.));
#3655 = ( GEOMETRIC_REPRESENTATION_CONTEXT(2) 
PARAMETRIC_REPRESENTATION_CONTEXT() REPRESENTATION_CONTEXT('2D SPACE',''
  ) );
#3656 = ORIENTED_EDGE('',*,*,#3657,.T.);
#3657 = EDGE_CURVE('',#3628,#1535,#3658,.T.);
#3658 = SURFACE_CURVE('',#3659,(#3663,#3670),.PCURVE_S1.);
#3659 = LINE('',#3660,#3661);
#3660 = CARTESIAN_POINT('',(-6.084936490539,-15.63749537379,-2.25));
#3661 = VECTOR('',#3662,1.);
#3662 = DIRECTION('',(-0.866025403784,-0.5,0.));
#3663 = PCURVE('',#1551,#3664);
#3664 = DEFINITIONAL_REPRESENTATION('',(#3665),#3669);
#3665 = LINE('',#3666,#3667);
#3666 = CARTESIAN_POINT('',(0.75,0.));
#3667 = VECTOR('',#3668,1.);
#3668 = DIRECTION('',(0.,-1.));
#3669 = ( GEOMETRIC_REPRESENTATION_CONTEXT(2) 
PARAMETRIC_REPRESENTATION_CONTEXT() REPRESENTATION_CONTEXT('2D SPACE',''
  ) );
#3670 = PCURVE('',#1596,#3671);
#3671 = DEFINITIONAL_REPRESENTATION('',(#3672),#3676);
#3672 = LINE('',#3673,#3674);
#3673 = CARTESIAN_POINT('',(-0.,0.));
#3674 = VECTOR('',#3675,1.);
#3675 = DIRECTION('',(-0.,1.));
#3676 = ( GEOMETRIC_REPRESENTATION_CONTEXT(2) 
PARAMETRIC_REPRESENTATION_CONTEXT() REPRESENTATION_CONTEXT('2D SPACE',''
  ) );
#3677 = ORIENTED_EDGE('',*,*,#1534,.T.);
#3678 = ORIENTED_EDGE('',*,*,#3679,.F.);
#3679 = EDGE_CURVE('',#3630,#1537,#3680,.T.);
#3680 = SURFACE_CURVE('',#3681,(#3685,#3692),.PCURVE_S1.);
#3681 = LINE('',#3682,#3683);
#3682 = CARTESIAN_POINT('',(-6.084936490539,-15.63749537379,2.25));
#3683 = VECTOR('',#3684,1.);
#3684 = DIRECTION('',(-0.866025403784,-0.5,0.));
#3685 = PCURVE('',#1551,#3686);
#3686 = DEFINITIONAL_REPRESENTATION('',(#3687),#3691);
#3687 = LINE('',#3688,#3689);
#3688 = CARTESIAN_POINT('',(5.25,0.));
#3689 = VECTOR('',#3690,1.);
#3690 = DIRECTION('',(0.,-1.));
#3691 = ( GEOMETRIC_REPRESENTATION_CONTEXT(2) 
PARAMETRIC_REPRESENTATION_CONTEXT() REPRESENTATION_CONTEXT('2D SPACE',''
  ) );
#3692 = PCURVE('',#2046,#3693);
#3693 = DEFINITIONAL_REPRESENTATION('',(#3694),#3698);
#3694 = LINE('',#3695,#3696);
#3695 = CARTESIAN_POINT('',(0.,0.));
#3696 = VECTOR('',#3697,1.);
#3697 = DIRECTION('',(0.,1.));
#3698 = ( GEOMETRIC_REPRESENTATION_CONTEXT(2) 
PARAMETRIC_REPRESENTATION_CONTEXT() REPRESENTATION_CONTEXT('2D SPACE',''
  ) );
#3699 = ADVANCED_FACE('',(#3700),#1596,.F.);
#3700 = FACE_BOUND('',#3701,.T.);
#3701 = EDGE_LOOP('',(#3702,#3731,#3775,#3796,#3797));
#3702 = ORIENTED_EDGE('',*,*,#3703,.F.);
#3703 = EDGE_CURVE('',#3704,#3628,#3706,.T.);
#3704 = VERTEX_POINT('',#3705);
#3705 = CARTESIAN_POINT('',(-6.877178861073,-15.76529133612,
    -2.838804017846));
#3706 = SURFACE_CURVE('',#3707,(#3712,#3719),.PCURVE_S1.);
#3707 = CIRCLE('',#3708,0.75);
#3708 = AXIS2_PLACEMENT_3D('',#3709,#3710,#3711);
#3709 = CARTESIAN_POINT('',(-7.109455543377,-15.36297632095,-2.25));
#3710 = DIRECTION('',(-0.866025403784,-0.5,0.));
#3711 = DIRECTION('',(0.5,-0.866025403784,0.));
#3712 = PCURVE('',#1596,#3713);
#3713 = DEFINITIONAL_REPRESENTATION('',(#3714),#3718);
#3714 = LINE('',#3715,#3716);
#3715 = CARTESIAN_POINT('',(-6.28318530718,0.75));
#3716 = VECTOR('',#3717,1.);
#3717 = DIRECTION('',(1.,-0.));
#3718 = ( GEOMETRIC_REPRESENTATION_CONTEXT(2) 
PARAMETRIC_REPRESENTATION_CONTEXT() REPRESENTATION_CONTEXT('2D SPACE',''
  ) );
#3719 = PCURVE('',#3720,#3725);
#3720 = SPHERICAL_SURFACE('',#3721,0.75);
#3721 = AXIS2_PLACEMENT_3D('',#3722,#3723,#3724);
#3722 = CARTESIAN_POINT('',(-7.109455543377,-15.36297632095,-2.25));
#3723 = DIRECTION('',(0.,0.,1.));
#3724 = DIRECTION('',(0.5,-0.866025403784,0.));
#3725 = DEFINITIONAL_REPRESENTATION('',(#3726),#3730);
#3726 = LINE('',#3727,#3728);
#3727 = CARTESIAN_POINT('',(0.,-6.28318530718));
#3728 = VECTOR('',#3729,1.);
#3729 = DIRECTION('',(0.,1.));
#3730 = ( GEOMETRIC_REPRESENTATION_CONTEXT(2) 
PARAMETRIC_REPRESENTATION_CONTEXT() REPRESENTATION_CONTEXT('2D SPACE',''
  ) );
#3731 = ORIENTED_EDGE('',*,*,#3732,.T.);
#3732 = EDGE_CURVE('',#3704,#3733,#3735,.T.);
#3733 = VERTEX_POINT('',#3734);
#3734 = CARTESIAN_POINT('',(-7.396231600781,-15.52854655489,-3.));
#3735 = SURFACE_CURVE('',#3736,(#3747,#3761),.PCURVE_S1.);
#3736 = B_SPLINE_CURVE_WITH_KNOTS('',5,(#3737,#3738,#3739,#3740,#3741,
    #3742,#3743,#3744,#3745,#3746),.UNSPECIFIED.,.F.,.F.,(6,4,6),(0.,
    0.142467994357,1.),.UNSPECIFIED.);
#3737 = CARTESIAN_POINT('',(-6.877177935025,-15.76529174008,
    -2.838803376511));
#3738 = CARTESIAN_POINT('',(-6.889871837154,-15.75975437198,
    -2.847594550388));
#3739 = CARTESIAN_POINT('',(-6.902788701868,-15.75410453635,
    -2.856122883041));
#3740 = CARTESIAN_POINT('',(-6.915918692212,-15.74834542483,
    -2.864382168306));
#3741 = CARTESIAN_POINT('',(-6.929251753534,-15.74248038574,
    -2.8723664787));
#3742 = CARTESIAN_POINT('',(-7.024191392474,-15.70059405406,
    -2.926439583043));
#3743 = CARTESIAN_POINT('',(-7.112654483764,-15.66093679671,
    -2.962678371744));
#3744 = CARTESIAN_POINT('',(-7.205857506283,-15.6183307784,
    -2.987473095475));
#3745 = CARTESIAN_POINT('',(-7.301220798308,-15.57380010758,-3.));
#3746 = CARTESIAN_POINT('',(-7.396231600781,-15.52854655489,-3.));
#3747 = PCURVE('',#1596,#3748);
#3748 = DEFINITIONAL_REPRESENTATION('',(#3749),#3760);
#3749 = B_SPLINE_CURVE_WITH_KNOTS('',5,(#3750,#3751,#3752,#3753,#3754,
    #3755,#3756,#3757,#3758,#3759),.UNSPECIFIED.,.F.,.F.,(6,4,6),(0.,
    0.142467994357,1.),.UNSPECIFIED.);
#3750 = CARTESIAN_POINT('',(-0.902811017028,0.7499994));
#3751 = CARTESIAN_POINT('',(-0.921734910737,0.758223957665));
#3752 = CARTESIAN_POINT('',(-0.940660378226,0.76658537283));
#3753 = CARTESIAN_POINT('',(-0.959588375113,0.775076722261));
#3754 = CARTESIAN_POINT('',(-0.978519834609,0.783690972532));
#3755 = CARTESIAN_POINT('',(-1.11143272491,0.844967945839));
#3756 = CARTESIAN_POINT('',(-1.225656836291,0.901750601519));
#3757 = CARTESIAN_POINT('',(-1.340206085342,0.961163777576));
#3758 = CARTESIAN_POINT('',(-1.455201490163,1.021485475646));
#3759 = CARTESIAN_POINT('',(-1.570796326795,1.081140467878));
#3760 = ( GEOMETRIC_REPRESENTATION_CONTEXT(2) 
PARAMETRIC_REPRESENTATION_CONTEXT() REPRESENTATION_CONTEXT('2D SPACE',''
  ) );
#3761 = PCURVE('',#2276,#3762);
#3762 = DEFINITIONAL_REPRESENTATION('',(#3763),#3774);
#3763 = B_SPLINE_CURVE_WITH_KNOTS('',5,(#3764,#3765,#3766,#3767,#3768,
    #3769,#3770,#3771,#3772,#3773),.UNSPECIFIED.,.F.,.F.,(6,4,6),(0.,
    0.142467994357,1.),.UNSPECIFIED.);
#3764 = CARTESIAN_POINT('',(4.30105114624,3.161196623489));
#3765 = CARTESIAN_POINT('',(4.300245965952,3.152405449612));
#3766 = CARTESIAN_POINT('',(4.299426289556,3.143877116959));
#3767 = CARTESIAN_POINT('',(4.298592714362,3.135617831694));
#3768 = CARTESIAN_POINT('',(4.297745852702,3.1276335213));
#3769 = CARTESIAN_POINT('',(4.291712772858,3.073560416957));
#3770 = CARTESIAN_POINT('',(4.286076507015,3.037321628256));
#3771 = CARTESIAN_POINT('',(4.280118636855,3.012526904525));
#3772 = CARTESIAN_POINT('',(4.273999749726,3.));
#3773 = CARTESIAN_POINT('',(4.267881288984,3.));
#3774 = ( GEOMETRIC_REPRESENTATION_CONTEXT(2) 
PARAMETRIC_REPRESENTATION_CONTEXT() REPRESENTATION_CONTEXT('2D SPACE',''
  ) );
#3775 = ORIENTED_EDGE('',*,*,#3776,.T.);
#3776 = EDGE_CURVE('',#3733,#1563,#3777,.T.);
#3777 = SURFACE_CURVE('',#3778,(#3782,#3789),.PCURVE_S1.);
#3778 = LINE('',#3779,#3780);
#3779 = CARTESIAN_POINT('',(-6.459936490539,-14.98797632095,-3.));
#3780 = VECTOR('',#3781,1.);
#3781 = DIRECTION('',(-0.866025403784,-0.5,0.));
#3782 = PCURVE('',#1596,#3783);
#3783 = DEFINITIONAL_REPRESENTATION('',(#3784),#3788);
#3784 = LINE('',#3785,#3786);
#3785 = CARTESIAN_POINT('',(-1.570796326795,0.));
#3786 = VECTOR('',#3787,1.);
#3787 = DIRECTION('',(-0.,1.));
#3788 = ( GEOMETRIC_REPRESENTATION_CONTEXT(2) 
PARAMETRIC_REPRESENTATION_CONTEXT() REPRESENTATION_CONTEXT('2D SPACE',''
  ) );
#3789 = PCURVE('',#1634,#3790);
#3790 = DEFINITIONAL_REPRESENTATION('',(#3791),#3795);
#3791 = LINE('',#3792,#3793);
#3792 = CARTESIAN_POINT('',(0.75,-6.106226635438E-16));
#3793 = VECTOR('',#3794,1.);
#3794 = DIRECTION('',(0.,1.));
#3795 = ( GEOMETRIC_REPRESENTATION_CONTEXT(2) 
PARAMETRIC_REPRESENTATION_CONTEXT() REPRESENTATION_CONTEXT('2D SPACE',''
  ) );
#3796 = ORIENTED_EDGE('',*,*,#1562,.F.);
#3797 = ORIENTED_EDGE('',*,*,#3657,.F.);
#3798 = ADVANCED_FACE('',(#3799),#2046,.F.);
#3799 = FACE_BOUND('',#3800,.F.);
#3800 = EDGE_LOOP('',(#3801,#3830,#3874,#3895,#3896));
#3801 = ORIENTED_EDGE('',*,*,#3802,.F.);
#3802 = EDGE_CURVE('',#3803,#3630,#3805,.T.);
#3803 = VERTEX_POINT('',#3804);
#3804 = CARTESIAN_POINT('',(-6.877178861073,-15.76529133612,
    2.838804017846));
#3805 = SURFACE_CURVE('',#3806,(#3811,#3818),.PCURVE_S1.);
#3806 = CIRCLE('',#3807,0.75);
#3807 = AXIS2_PLACEMENT_3D('',#3808,#3809,#3810);
#3808 = CARTESIAN_POINT('',(-7.109455543377,-15.36297632095,2.25));
#3809 = DIRECTION('',(0.866025403784,0.5,0.));
#3810 = DIRECTION('',(0.5,-0.866025403784,0.));
#3811 = PCURVE('',#2046,#3812);
#3812 = DEFINITIONAL_REPRESENTATION('',(#3813),#3817);
#3813 = LINE('',#3814,#3815);
#3814 = CARTESIAN_POINT('',(6.28318530718,0.75));
#3815 = VECTOR('',#3816,1.);
#3816 = DIRECTION('',(-1.,-0.));
#3817 = ( GEOMETRIC_REPRESENTATION_CONTEXT(2) 
PARAMETRIC_REPRESENTATION_CONTEXT() REPRESENTATION_CONTEXT('2D SPACE',''
  ) );
#3818 = PCURVE('',#3819,#3824);
#3819 = SPHERICAL_SURFACE('',#3820,0.75);
#3820 = AXIS2_PLACEMENT_3D('',#3821,#3822,#3823);
#3821 = CARTESIAN_POINT('',(-7.109455543377,-15.36297632095,2.25));
#3822 = DIRECTION('',(0.,0.,-1.));
#3823 = DIRECTION('',(0.5,-0.866025403784,0.));
#3824 = DEFINITIONAL_REPRESENTATION('',(#3825),#3829);
#3825 = LINE('',#3826,#3827);
#3826 = CARTESIAN_POINT('',(-0.,-6.28318530718));
#3827 = VECTOR('',#3828,1.);
#3828 = DIRECTION('',(-0.,1.));
#3829 = ( GEOMETRIC_REPRESENTATION_CONTEXT(2) 
PARAMETRIC_REPRESENTATION_CONTEXT() REPRESENTATION_CONTEXT('2D SPACE',''
  ) );
#3830 = ORIENTED_EDGE('',*,*,#3831,.T.);
#3831 = EDGE_CURVE('',#3803,#3832,#3834,.T.);
#3832 = VERTEX_POINT('',#3833);
#3833 = CARTESIAN_POINT('',(-7.396231600781,-15.52854655489,3.));
#3834 = SURFACE_CURVE('',#3835,(#3846,#3860),.PCURVE_S1.);
#3835 = B_SPLINE_CURVE_WITH_KNOTS('',5,(#3836,#3837,#3838,#3839,#3840,
    #3841,#3842,#3843,#3844,#3845),.UNSPECIFIED.,.F.,.F.,(6,4,6),(0.,
    0.142467994357,1.),.UNSPECIFIED.);
#3836 = CARTESIAN_POINT('',(-6.877177935025,-15.76529174008,
    2.838803376511));
#3837 = CARTESIAN_POINT('',(-6.889871837154,-15.75975437198,
    2.847594550388));
#3838 = CARTESIAN_POINT('',(-6.902788701868,-15.75410453635,
    2.856122883041));
#3839 = CARTESIAN_POINT('',(-6.915918692212,-15.74834542483,
    2.864382168306));
#3840 = CARTESIAN_POINT('',(-6.929251753534,-15.74248038574,2.8723664787
    ));
#3841 = CARTESIAN_POINT('',(-7.024191392474,-15.70059405406,
    2.926439583043));
#3842 = CARTESIAN_POINT('',(-7.112654483764,-15.66093679671,
    2.962678371744));
#3843 = CARTESIAN_POINT('',(-7.205857506283,-15.6183307784,
    2.987473095475));
#3844 = CARTESIAN_POINT('',(-7.301220798308,-15.57380010758,3.));
#3845 = CARTESIAN_POINT('',(-7.396231600781,-15.52854655489,3.));
#3846 = PCURVE('',#2046,#3847);
#3847 = DEFINITIONAL_REPRESENTATION('',(#3848),#3859);
#3848 = B_SPLINE_CURVE_WITH_KNOTS('',5,(#3849,#3850,#3851,#3852,#3853,
    #3854,#3855,#3856,#3857,#3858),.UNSPECIFIED.,.F.,.F.,(6,4,6),(0.,
    0.142467994357,1.),.UNSPECIFIED.);
#3849 = CARTESIAN_POINT('',(0.902811017028,0.7499994));
#3850 = CARTESIAN_POINT('',(0.921734910737,0.758223957665));
#3851 = CARTESIAN_POINT('',(0.940660378226,0.76658537283));
#3852 = CARTESIAN_POINT('',(0.959588375113,0.775076722261));
#3853 = CARTESIAN_POINT('',(0.978519834609,0.783690972532));
#3854 = CARTESIAN_POINT('',(1.11143272491,0.844967945839));
#3855 = CARTESIAN_POINT('',(1.225656836291,0.901750601519));
#3856 = CARTESIAN_POINT('',(1.340206085342,0.961163777576));
#3857 = CARTESIAN_POINT('',(1.455201490163,1.021485475646));
#3858 = CARTESIAN_POINT('',(1.570796326795,1.081140467878));
#3859 = ( GEOMETRIC_REPRESENTATION_CONTEXT(2) 
PARAMETRIC_REPRESENTATION_CONTEXT() REPRESENTATION_CONTEXT('2D SPACE',''
  ) );
#3860 = PCURVE('',#2276,#3861);
#3861 = DEFINITIONAL_REPRESENTATION('',(#3862),#3873);
#3862 = B_SPLINE_CURVE_WITH_KNOTS('',5,(#3863,#3864,#3865,#3866,#3867,
    #3868,#3869,#3870,#3871,#3872),.UNSPECIFIED.,.F.,.F.,(6,4,6),(0.,
    0.142467994357,1.),.UNSPECIFIED.);
#3863 = CARTESIAN_POINT('',(4.30105114624,8.838803376511));
#3864 = CARTESIAN_POINT('',(4.300245965952,8.847594550388));
#3865 = CARTESIAN_POINT('',(4.299426289556,8.856122883041));
#3866 = CARTESIAN_POINT('',(4.298592714362,8.864382168306));
#3867 = CARTESIAN_POINT('',(4.297745852702,8.8723664787));
#3868 = CARTESIAN_POINT('',(4.291712772858,8.926439583043));
#3869 = CARTESIAN_POINT('',(4.286076507015,8.962678371744));
#3870 = CARTESIAN_POINT('',(4.280118636855,8.987473095475));
#3871 = CARTESIAN_POINT('',(4.273999749726,9.));
#3872 = CARTESIAN_POINT('',(4.267881288984,9.));
#3873 = ( GEOMETRIC_REPRESENTATION_CONTEXT(2) 
PARAMETRIC_REPRESENTATION_CONTEXT() REPRESENTATION_CONTEXT('2D SPACE',''
  ) );
#3874 = ORIENTED_EDGE('',*,*,#3875,.T.);
#3875 = EDGE_CURVE('',#3832,#1986,#3876,.T.);
#3876 = SURFACE_CURVE('',#3877,(#3881,#3888),.PCURVE_S1.);
#3877 = LINE('',#3878,#3879);
#3878 = CARTESIAN_POINT('',(-6.459936490539,-14.98797632095,3.));
#3879 = VECTOR('',#3880,1.);
#3880 = DIRECTION('',(-0.866025403784,-0.5,0.));
#3881 = PCURVE('',#2046,#3882);
#3882 = DEFINITIONAL_REPRESENTATION('',(#3883),#3887);
#3883 = LINE('',#3884,#3885);
#3884 = CARTESIAN_POINT('',(1.570796326795,0.));
#3885 = VECTOR('',#3886,1.);
#3886 = DIRECTION('',(0.,1.));
#3887 = ( GEOMETRIC_REPRESENTATION_CONTEXT(2) 
PARAMETRIC_REPRESENTATION_CONTEXT() REPRESENTATION_CONTEXT('2D SPACE',''
  ) );
#3888 = PCURVE('',#2002,#3889);
#3889 = DEFINITIONAL_REPRESENTATION('',(#3890),#3894);
#3890 = LINE('',#3891,#3892);
#3891 = CARTESIAN_POINT('',(0.75,-6.106226635438E-16));
#3892 = VECTOR('',#3893,1.);
#3893 = DIRECTION('',(0.,1.));
#3894 = ( GEOMETRIC_REPRESENTATION_CONTEXT(2) 
PARAMETRIC_REPRESENTATION_CONTEXT() REPRESENTATION_CONTEXT('2D SPACE',''
  ) );
#3895 = ORIENTED_EDGE('',*,*,#2014,.F.);
#3896 = ORIENTED_EDGE('',*,*,#3679,.F.);
#3897 = ADVANCED_FACE('',(#3898),#1634,.T.);
#3898 = FACE_BOUND('',#3899,.T.);
#3899 = EDGE_LOOP('',(#3900,#3901,#3925,#3953,#3974));
#3900 = ORIENTED_EDGE('',*,*,#3776,.F.);
#3901 = ORIENTED_EDGE('',*,*,#3902,.F.);
#3902 = EDGE_CURVE('',#3903,#3733,#3905,.T.);
#3903 = VERTEX_POINT('',#3904);
#3904 = CARTESIAN_POINT('',(-8.945314648087,-14.69085926168,-3.));
#3905 = SURFACE_CURVE('',#3906,(#3911,#3918),.PCURVE_S1.);
#3906 = CIRCLE('',#3907,17.2);
#3907 = AXIS2_PLACEMENT_3D('',#3908,#3909,#3910);
#3908 = CARTESIAN_POINT('',(0.,0.,-3.));
#3909 = DIRECTION('',(0.,0.,1.));
#3910 = DIRECTION('',(1.,0.,-0.));
#3911 = PCURVE('',#1634,#3912);
#3912 = DEFINITIONAL_REPRESENTATION('',(#3913),#3917);
#3913 = CIRCLE('',#3914,17.2);
#3914 = AXIS2_PLACEMENT_2D('',#3915,#3916);
#3915 = CARTESIAN_POINT('',(10.5,-13.08845726812));
#3916 = DIRECTION('',(-0.5,-0.866025403784));
#3917 = ( GEOMETRIC_REPRESENTATION_CONTEXT(2) 
PARAMETRIC_REPRESENTATION_CONTEXT() REPRESENTATION_CONTEXT('2D SPACE',''
  ) );
#3918 = PCURVE('',#2276,#3919);
#3919 = DEFINITIONAL_REPRESENTATION('',(#3920),#3924);
#3920 = LINE('',#3921,#3922);
#3921 = CARTESIAN_POINT('',(0.,3.));
#3922 = VECTOR('',#3923,1.);
#3923 = DIRECTION('',(1.,0.));
#3924 = ( GEOMETRIC_REPRESENTATION_CONTEXT(2) 
PARAMETRIC_REPRESENTATION_CONTEXT() REPRESENTATION_CONTEXT('2D SPACE',''
  ) );
#3925 = ORIENTED_EDGE('',*,*,#3926,.T.);
#3926 = EDGE_CURVE('',#3903,#3927,#3929,.T.);
#3927 = VERTEX_POINT('',#3928);
#3928 = CARTESIAN_POINT('',(-10.89054445662,-15.81393821528,-3.));
#3929 = SURFACE_CURVE('',#3930,(#3934,#3941),.PCURVE_S1.);
#3930 = LINE('',#3931,#3932);
#3931 = CARTESIAN_POINT('',(-7.209936490539,-13.68893821528,-3.));
#3932 = VECTOR('',#3933,1.);
#3933 = DIRECTION('',(-0.866025403784,-0.5,0.));
#3934 = PCURVE('',#1634,#3935);
#3935 = DEFINITIONAL_REPRESENTATION('',(#3936),#3940);
#3936 = LINE('',#3937,#3938);
#3937 = CARTESIAN_POINT('',(2.25,6.661338147751E-16));
#3938 = VECTOR('',#3939,1.);
#3939 = DIRECTION('',(0.,1.));
#3940 = ( GEOMETRIC_REPRESENTATION_CONTEXT(2) 
PARAMETRIC_REPRESENTATION_CONTEXT() REPRESENTATION_CONTEXT('2D SPACE',''
  ) );
#3941 = PCURVE('',#3942,#3947);
#3942 = CYLINDRICAL_SURFACE('',#3943,0.75);
#3943 = AXIS2_PLACEMENT_3D('',#3944,#3945,#3946);
#3944 = CARTESIAN_POINT('',(-7.209936490539,-13.68893821528,-2.25));
#3945 = DIRECTION('',(-0.866025403784,-0.5,0.));
#3946 = DIRECTION('',(-0.5,0.866025403784,0.));
#3947 = DEFINITIONAL_REPRESENTATION('',(#3948),#3952);
#3948 = LINE('',#3949,#3950);
#3949 = CARTESIAN_POINT('',(1.570796326795,0.));
#3950 = VECTOR('',#3951,1.);
#3951 = DIRECTION('',(0.,1.));
#3952 = ( GEOMETRIC_REPRESENTATION_CONTEXT(2) 
PARAMETRIC_REPRESENTATION_CONTEXT() REPRESENTATION_CONTEXT('2D SPACE',''
  ) );
#3953 = ORIENTED_EDGE('',*,*,#3954,.F.);
#3954 = EDGE_CURVE('',#1618,#3927,#3955,.T.);
#3955 = SURFACE_CURVE('',#3956,(#3960,#3967),.PCURVE_S1.);
#3956 = LINE('',#3957,#3958);
#3957 = CARTESIAN_POINT('',(-9.765544456623,-17.76249537379,-3.));
#3958 = VECTOR('',#3959,1.);
#3959 = DIRECTION('',(-0.5,0.866025403784,0.));
#3960 = PCURVE('',#1634,#3961);
#3961 = DEFINITIONAL_REPRESENTATION('',(#3962),#3966);
#3962 = LINE('',#3963,#3964);
#3963 = CARTESIAN_POINT('',(-8.881784197001E-16,4.25));
#3964 = VECTOR('',#3965,1.);
#3965 = DIRECTION('',(1.,0.));
#3966 = ( GEOMETRIC_REPRESENTATION_CONTEXT(2) 
PARAMETRIC_REPRESENTATION_CONTEXT() REPRESENTATION_CONTEXT('2D SPACE',''
  ) );
#3967 = PCURVE('',#1676,#3968);
#3968 = DEFINITIONAL_REPRESENTATION('',(#3969),#3973);
#3969 = LINE('',#3970,#3971);
#3970 = CARTESIAN_POINT('',(-1.570796326795,0.));
#3971 = VECTOR('',#3972,1.);
#3972 = DIRECTION('',(-0.,1.));
#3973 = ( GEOMETRIC_REPRESENTATION_CONTEXT(2) 
PARAMETRIC_REPRESENTATION_CONTEXT() REPRESENTATION_CONTEXT('2D SPACE',''
  ) );
#3974 = ORIENTED_EDGE('',*,*,#1617,.T.);
#3975 = ADVANCED_FACE('',(#3976),#2002,.F.);
#3976 = FACE_BOUND('',#3977,.F.);
#3977 = EDGE_LOOP('',(#3978,#3979,#4003,#4031,#4052));
#3978 = ORIENTED_EDGE('',*,*,#3875,.F.);
#3979 = ORIENTED_EDGE('',*,*,#3980,.F.);
#3980 = EDGE_CURVE('',#3981,#3832,#3983,.T.);
#3981 = VERTEX_POINT('',#3982);
#3982 = CARTESIAN_POINT('',(-8.945314648087,-14.69085926168,3.));
#3983 = SURFACE_CURVE('',#3984,(#3989,#3996),.PCURVE_S1.);
#3984 = CIRCLE('',#3985,17.2);
#3985 = AXIS2_PLACEMENT_3D('',#3986,#3987,#3988);
#3986 = CARTESIAN_POINT('',(0.,0.,3.));
#3987 = DIRECTION('',(0.,0.,1.));
#3988 = DIRECTION('',(1.,0.,-0.));
#3989 = PCURVE('',#2002,#3990);
#3990 = DEFINITIONAL_REPRESENTATION('',(#3991),#3995);
#3991 = CIRCLE('',#3992,17.2);
#3992 = AXIS2_PLACEMENT_2D('',#3993,#3994);
#3993 = CARTESIAN_POINT('',(10.5,-13.08845726812));
#3994 = DIRECTION('',(-0.5,-0.866025403784));
#3995 = ( GEOMETRIC_REPRESENTATION_CONTEXT(2) 
PARAMETRIC_REPRESENTATION_CONTEXT() REPRESENTATION_CONTEXT('2D SPACE',''
  ) );
#3996 = PCURVE('',#2276,#3997);
#3997 = DEFINITIONAL_REPRESENTATION('',(#3998),#4002);
#3998 = LINE('',#3999,#4000);
#3999 = CARTESIAN_POINT('',(0.,9.));
#4000 = VECTOR('',#4001,1.);
#4001 = DIRECTION('',(1.,0.));
#4002 = ( GEOMETRIC_REPRESENTATION_CONTEXT(2) 
PARAMETRIC_REPRESENTATION_CONTEXT() REPRESENTATION_CONTEXT('2D SPACE',''
  ) );
#4003 = ORIENTED_EDGE('',*,*,#4004,.T.);
#4004 = EDGE_CURVE('',#3981,#4005,#4007,.T.);
#4005 = VERTEX_POINT('',#4006);
#4006 = CARTESIAN_POINT('',(-10.89054445662,-15.81393821528,3.));
#4007 = SURFACE_CURVE('',#4008,(#4012,#4019),.PCURVE_S1.);
#4008 = LINE('',#4009,#4010);
#4009 = CARTESIAN_POINT('',(-7.209936490539,-13.68893821528,3.));
#4010 = VECTOR('',#4011,1.);
#4011 = DIRECTION('',(-0.866025403784,-0.5,0.));
#4012 = PCURVE('',#2002,#4013);
#4013 = DEFINITIONAL_REPRESENTATION('',(#4014),#4018);
#4014 = LINE('',#4015,#4016);
#4015 = CARTESIAN_POINT('',(2.25,6.661338147751E-16));
#4016 = VECTOR('',#4017,1.);
#4017 = DIRECTION('',(0.,1.));
#4018 = ( GEOMETRIC_REPRESENTATION_CONTEXT(2) 
PARAMETRIC_REPRESENTATION_CONTEXT() REPRESENTATION_CONTEXT('2D SPACE',''
  ) );
#4019 = PCURVE('',#4020,#4025);
#4020 = CYLINDRICAL_SURFACE('',#4021,0.75);
#4021 = AXIS2_PLACEMENT_3D('',#4022,#4023,#4024);
#4022 = CARTESIAN_POINT('',(-7.209936490539,-13.68893821528,2.25));
#4023 = DIRECTION('',(-0.866025403784,-0.5,0.));
#4024 = DIRECTION('',(-0.5,0.866025403784,0.));
#4025 = DEFINITIONAL_REPRESENTATION('',(#4026),#4030);
#4026 = LINE('',#4027,#4028);
#4027 = CARTESIAN_POINT('',(-1.570796326795,0.));
#4028 = VECTOR('',#4029,1.);
#4029 = DIRECTION('',(-0.,1.));
#4030 = ( GEOMETRIC_REPRESENTATION_CONTEXT(2) 
PARAMETRIC_REPRESENTATION_CONTEXT() REPRESENTATION_CONTEXT('2D SPACE',''
  ) );
#4031 = ORIENTED_EDGE('',*,*,#4032,.F.);
#4032 = EDGE_CURVE('',#1937,#4005,#4033,.T.);
#4033 = SURFACE_CURVE('',#4034,(#4038,#4045),.PCURVE_S1.);
#4034 = LINE('',#4035,#4036);
#4035 = CARTESIAN_POINT('',(-9.765544456623,-17.76249537379,3.));
#4036 = VECTOR('',#4037,1.);
#4037 = DIRECTION('',(-0.5,0.866025403784,0.));
#4038 = PCURVE('',#2002,#4039);
#4039 = DEFINITIONAL_REPRESENTATION('',(#4040),#4044);
#4040 = LINE('',#4041,#4042);
#4041 = CARTESIAN_POINT('',(-8.881784197001E-16,4.25));
#4042 = VECTOR('',#4043,1.);
#4043 = DIRECTION('',(1.,0.));
#4044 = ( GEOMETRIC_REPRESENTATION_CONTEXT(2) 
PARAMETRIC_REPRESENTATION_CONTEXT() REPRESENTATION_CONTEXT('2D SPACE',''
  ) );
#4045 = PCURVE('',#1966,#4046);
#4046 = DEFINITIONAL_REPRESENTATION('',(#4047),#4051);
#4047 = LINE('',#4048,#4049);
#4048 = CARTESIAN_POINT('',(1.570796326795,0.));
#4049 = VECTOR('',#4050,1.);
#4050 = DIRECTION('',(0.,1.));
#4051 = ( GEOMETRIC_REPRESENTATION_CONTEXT(2) 
PARAMETRIC_REPRESENTATION_CONTEXT() REPRESENTATION_CONTEXT('2D SPACE',''
  ) );
#4052 = ORIENTED_EDGE('',*,*,#1985,.T.);
#4053 = ADVANCED_FACE('',(#4054),#1676,.F.);
#4054 = FACE_BOUND('',#4055,.T.);
#4055 = EDGE_LOOP('',(#4056,#4057,#4058));
#4056 = ORIENTED_EDGE('',*,*,#1646,.T.);
#4057 = ORIENTED_EDGE('',*,*,#3954,.T.);
#4058 = ORIENTED_EDGE('',*,*,#4059,.T.);
#4059 = EDGE_CURVE('',#3927,#1647,#4060,.T.);
#4060 = SURFACE_CURVE('',#4061,(#4066,#4073),.PCURVE_S1.);
#4061 = CIRCLE('',#4062,0.75);
#4062 = AXIS2_PLACEMENT_3D('',#4063,#4064,#4065);
#4063 = CARTESIAN_POINT('',(-10.89054445662,-15.81393821528,-2.25));
#4064 = DIRECTION('',(-0.5,0.866025403784,0.));
#4065 = DIRECTION('',(-0.866025403784,-0.5,0.));
#4066 = PCURVE('',#1676,#4067);
#4067 = DEFINITIONAL_REPRESENTATION('',(#4068),#4072);
#4068 = LINE('',#4069,#4070);
#4069 = CARTESIAN_POINT('',(-6.28318530718,2.25));
#4070 = VECTOR('',#4071,1.);
#4071 = DIRECTION('',(1.,-0.));
#4072 = ( GEOMETRIC_REPRESENTATION_CONTEXT(2) 
PARAMETRIC_REPRESENTATION_CONTEXT() REPRESENTATION_CONTEXT('2D SPACE',''
  ) );
#4073 = PCURVE('',#1779,#4074);
#4074 = DEFINITIONAL_REPRESENTATION('',(#4075),#4079);
#4075 = LINE('',#4076,#4077);
#4076 = CARTESIAN_POINT('',(1.570796326795,-6.28318530718));
#4077 = VECTOR('',#4078,1.);
#4078 = DIRECTION('',(0.,1.));
#4079 = ( GEOMETRIC_REPRESENTATION_CONTEXT(2) 
PARAMETRIC_REPRESENTATION_CONTEXT() REPRESENTATION_CONTEXT('2D SPACE',''
  ) );
#4080 = ADVANCED_FACE('',(#4081),#1966,.F.);
#4081 = FACE_BOUND('',#4082,.F.);
#4082 = EDGE_LOOP('',(#4083,#4084,#4085));
#4083 = ORIENTED_EDGE('',*,*,#1936,.T.);
#4084 = ORIENTED_EDGE('',*,*,#4032,.T.);
#4085 = ORIENTED_EDGE('',*,*,#4086,.F.);
#4086 = EDGE_CURVE('',#1852,#4005,#4087,.T.);
#4087 = SURFACE_CURVE('',#4088,(#4093,#4100),.PCURVE_S1.);
#4088 = CIRCLE('',#4089,0.75);
#4089 = AXIS2_PLACEMENT_3D('',#4090,#4091,#4092);
#4090 = CARTESIAN_POINT('',(-10.89054445662,-15.81393821528,2.25));
#4091 = DIRECTION('',(-0.5,0.866025403784,-6.123233995737E-17));
#4092 = DIRECTION('',(-3.061616997868E-17,5.302876193625E-17,1.));
#4093 = PCURVE('',#1966,#4094);
#4094 = DEFINITIONAL_REPRESENTATION('',(#4095),#4099);
#4095 = LINE('',#4096,#4097);
#4096 = CARTESIAN_POINT('',(-4.712388980385,2.25));
#4097 = VECTOR('',#4098,1.);
#4098 = DIRECTION('',(1.,0.));
#4099 = ( GEOMETRIC_REPRESENTATION_CONTEXT(2) 
PARAMETRIC_REPRESENTATION_CONTEXT() REPRESENTATION_CONTEXT('2D SPACE',''
  ) );
#4100 = PCURVE('',#1905,#4101);
#4101 = DEFINITIONAL_REPRESENTATION('',(#4102),#4106);
#4102 = LINE('',#4103,#4104);
#4103 = CARTESIAN_POINT('',(1.570796326795,-6.28318530718));
#4104 = VECTOR('',#4105,1.);
#4105 = DIRECTION('',(0.,1.));
#4106 = ( GEOMETRIC_REPRESENTATION_CONTEXT(2) 
PARAMETRIC_REPRESENTATION_CONTEXT() REPRESENTATION_CONTEXT('2D SPACE',''
  ) );
#4107 = ADVANCED_FACE('',(#4108),#1779,.F.);
#4108 = FACE_BOUND('',#4109,.F.);
#4109 = EDGE_LOOP('',(#4110,#4134,#4135,#4136));
#4110 = ORIENTED_EDGE('',*,*,#4111,.F.);
#4111 = EDGE_CURVE('',#3927,#4112,#4114,.T.);
#4112 = VERTEX_POINT('',#4113);
#4113 = CARTESIAN_POINT('',(-11.26554445662,-15.16441916244,-2.25));
#4114 = SURFACE_CURVE('',#4115,(#4120,#4127),.PCURVE_S1.);
#4115 = CIRCLE('',#4116,0.75);
#4116 = AXIS2_PLACEMENT_3D('',#4117,#4118,#4119);
#4117 = CARTESIAN_POINT('',(-10.89054445662,-15.81393821528,-2.25));
#4118 = DIRECTION('',(0.866025403784,0.5,-0.));
#4119 = DIRECTION('',(-0.5,0.866025403784,0.));
#4120 = PCURVE('',#1779,#4121);
#4121 = DEFINITIONAL_REPRESENTATION('',(#4122),#4126);
#4122 = LINE('',#4123,#4124);
#4123 = CARTESIAN_POINT('',(0.,-6.28318530718));
#4124 = VECTOR('',#4125,1.);
#4125 = DIRECTION('',(0.,1.));
#4126 = ( GEOMETRIC_REPRESENTATION_CONTEXT(2) 
PARAMETRIC_REPRESENTATION_CONTEXT() REPRESENTATION_CONTEXT('2D SPACE',''
  ) );
#4127 = PCURVE('',#3942,#4128);
#4128 = DEFINITIONAL_REPRESENTATION('',(#4129),#4133);
#4129 = LINE('',#4130,#4131);
#4130 = CARTESIAN_POINT('',(6.28318530718,4.25));
#4131 = VECTOR('',#4132,1.);
#4132 = DIRECTION('',(-1.,-0.));
#4133 = ( GEOMETRIC_REPRESENTATION_CONTEXT(2) 
PARAMETRIC_REPRESENTATION_CONTEXT() REPRESENTATION_CONTEXT('2D SPACE',''
  ) );
#4134 = ORIENTED_EDGE('',*,*,#4059,.T.);
#4135 = ORIENTED_EDGE('',*,*,#1695,.F.);
#4136 = ORIENTED_EDGE('',*,*,#4137,.F.);
#4137 = EDGE_CURVE('',#4112,#1696,#4138,.T.);
#4138 = SURFACE_CURVE('',#4139,(#4144,#4151),.PCURVE_S1.);
#4139 = CIRCLE('',#4140,0.75);
#4140 = AXIS2_PLACEMENT_3D('',#4141,#4142,#4143);
#4141 = CARTESIAN_POINT('',(-10.89054445662,-15.81393821528,-2.25));
#4142 = DIRECTION('',(0.,0.,1.));
#4143 = DIRECTION('',(-0.5,0.866025403784,0.));
#4144 = PCURVE('',#1779,#4145);
#4145 = DEFINITIONAL_REPRESENTATION('',(#4146),#4150);
#4146 = LINE('',#4147,#4148);
#4147 = CARTESIAN_POINT('',(0.,0.));
#4148 = VECTOR('',#4149,1.);
#4149 = DIRECTION('',(1.,0.));
#4150 = ( GEOMETRIC_REPRESENTATION_CONTEXT(2) 
PARAMETRIC_REPRESENTATION_CONTEXT() REPRESENTATION_CONTEXT('2D SPACE',''
  ) );
#4151 = PCURVE('',#1840,#4152);
#4152 = DEFINITIONAL_REPRESENTATION('',(#4153),#4157);
#4153 = LINE('',#4154,#4155);
#4154 = CARTESIAN_POINT('',(0.,0.75));
#4155 = VECTOR('',#4156,1.);
#4156 = DIRECTION('',(1.,0.));
#4157 = ( GEOMETRIC_REPRESENTATION_CONTEXT(2) 
PARAMETRIC_REPRESENTATION_CONTEXT() REPRESENTATION_CONTEXT('2D SPACE',''
  ) );
#4158 = ADVANCED_FACE('',(#4159),#1905,.F.);
#4159 = FACE_BOUND('',#4160,.F.);
#4160 = EDGE_LOOP('',(#4161,#4185,#4186,#4187));
#4161 = ORIENTED_EDGE('',*,*,#4162,.F.);
#4162 = EDGE_CURVE('',#1826,#4163,#4165,.T.);
#4163 = VERTEX_POINT('',#4164);
#4164 = CARTESIAN_POINT('',(-11.26554445662,-15.16441916244,2.25));
#4165 = SURFACE_CURVE('',#4166,(#4171,#4178),.PCURVE_S1.);
#4166 = CIRCLE('',#4167,0.75);
#4167 = AXIS2_PLACEMENT_3D('',#4168,#4169,#4170);
#4168 = CARTESIAN_POINT('',(-10.89054445662,-15.81393821528,2.25));
#4169 = DIRECTION('',(0.,0.,-1.));
#4170 = DIRECTION('',(-0.5,0.866025403784,0.));
#4171 = PCURVE('',#1905,#4172);
#4172 = DEFINITIONAL_REPRESENTATION('',(#4173),#4177);
#4173 = LINE('',#4174,#4175);
#4174 = CARTESIAN_POINT('',(0.,-6.28318530718));
#4175 = VECTOR('',#4176,1.);
#4176 = DIRECTION('',(0.,1.));
#4177 = ( GEOMETRIC_REPRESENTATION_CONTEXT(2) 
PARAMETRIC_REPRESENTATION_CONTEXT() REPRESENTATION_CONTEXT('2D SPACE',''
  ) );
#4178 = PCURVE('',#1840,#4179);
#4179 = DEFINITIONAL_REPRESENTATION('',(#4180),#4184);
#4180 = LINE('',#4181,#4182);
#4181 = CARTESIAN_POINT('',(6.28318530718,5.25));
#4182 = VECTOR('',#4183,1.);
#4183 = DIRECTION('',(-1.,-0.));
#4184 = ( GEOMETRIC_REPRESENTATION_CONTEXT(2) 
PARAMETRIC_REPRESENTATION_CONTEXT() REPRESENTATION_CONTEXT('2D SPACE',''
  ) );
#4185 = ORIENTED_EDGE('',*,*,#1851,.F.);
#4186 = ORIENTED_EDGE('',*,*,#4086,.T.);
#4187 = ORIENTED_EDGE('',*,*,#4188,.F.);
#4188 = EDGE_CURVE('',#4163,#4005,#4189,.T.);
#4189 = SURFACE_CURVE('',#4190,(#4195,#4202),.PCURVE_S1.);
#4190 = CIRCLE('',#4191,0.75);
#4191 = AXIS2_PLACEMENT_3D('',#4192,#4193,#4194);
#4192 = CARTESIAN_POINT('',(-10.89054445662,-15.81393821528,2.25));
#4193 = DIRECTION('',(0.866025403784,0.5,-0.));
#4194 = DIRECTION('',(-0.5,0.866025403784,0.));
#4195 = PCURVE('',#1905,#4196);
#4196 = DEFINITIONAL_REPRESENTATION('',(#4197),#4201);
#4197 = LINE('',#4198,#4199);
#4198 = CARTESIAN_POINT('',(0.,0.));
#4199 = VECTOR('',#4200,1.);
#4200 = DIRECTION('',(1.,0.));
#4201 = ( GEOMETRIC_REPRESENTATION_CONTEXT(2) 
PARAMETRIC_REPRESENTATION_CONTEXT() REPRESENTATION_CONTEXT('2D SPACE',''
  ) );
#4202 = PCURVE('',#4020,#4203);
#4203 = DEFINITIONAL_REPRESENTATION('',(#4204),#4208);
#4204 = LINE('',#4205,#4206);
#4205 = CARTESIAN_POINT('',(-0.,4.25));
#4206 = VECTOR('',#4207,1.);
#4207 = DIRECTION('',(-1.,0.));
#4208 = ( GEOMETRIC_REPRESENTATION_CONTEXT(2) 
PARAMETRIC_REPRESENTATION_CONTEXT() REPRESENTATION_CONTEXT('2D SPACE',''
  ) );
#4209 = ADVANCED_FACE('',(#4210),#1840,.F.);
#4210 = FACE_BOUND('',#4211,.F.);
#4211 = EDGE_LOOP('',(#4212,#4238,#4239,#4240));
#4212 = ORIENTED_EDGE('',*,*,#4213,.F.);
#4213 = EDGE_CURVE('',#4112,#4163,#4214,.T.);
#4214 = SURFACE_CURVE('',#4215,(#4219,#4226),.PCURVE_S1.);
#4215 = LINE('',#4216,#4217);
#4216 = CARTESIAN_POINT('',(-11.26554445662,-15.16441916244,-3.));
#4217 = VECTOR('',#4218,1.);
#4218 = DIRECTION('',(0.,0.,1.));
#4219 = PCURVE('',#1840,#4220);
#4220 = DEFINITIONAL_REPRESENTATION('',(#4221),#4225);
#4221 = LINE('',#4222,#4223);
#4222 = CARTESIAN_POINT('',(0.,0.));
#4223 = VECTOR('',#4224,1.);
#4224 = DIRECTION('',(0.,1.));
#4225 = ( GEOMETRIC_REPRESENTATION_CONTEXT(2) 
PARAMETRIC_REPRESENTATION_CONTEXT() REPRESENTATION_CONTEXT('2D SPACE',''
  ) );
#4226 = PCURVE('',#4227,#4232);
#4227 = PLANE('',#4228);
#4228 = AXIS2_PLACEMENT_3D('',#4229,#4230,#4231);
#4229 = CARTESIAN_POINT('',(-7.584936490539,-13.03941916244,-3.));
#4230 = DIRECTION('',(-0.5,0.866025403784,0.));
#4231 = DIRECTION('',(0.,0.,1.));
#4232 = DEFINITIONAL_REPRESENTATION('',(#4233),#4237);
#4233 = LINE('',#4234,#4235);
#4234 = CARTESIAN_POINT('',(0.,-4.25));
#4235 = VECTOR('',#4236,1.);
#4236 = DIRECTION('',(1.,0.));
#4237 = ( GEOMETRIC_REPRESENTATION_CONTEXT(2) 
PARAMETRIC_REPRESENTATION_CONTEXT() REPRESENTATION_CONTEXT('2D SPACE',''
  ) );
#4238 = ORIENTED_EDGE('',*,*,#4137,.T.);
#4239 = ORIENTED_EDGE('',*,*,#1825,.T.);
#4240 = ORIENTED_EDGE('',*,*,#4162,.T.);
#4241 = ADVANCED_FACE('',(#4242),#2131,.T.);
#4242 = FACE_BOUND('',#4243,.F.);
#4243 = EDGE_LOOP('',(#4244,#4274,#4296,#4297));
#4244 = ORIENTED_EDGE('',*,*,#4245,.F.);
#4245 = EDGE_CURVE('',#4246,#4248,#4250,.T.);
#4246 = VERTEX_POINT('',#4247);
#4247 = CARTESIAN_POINT('',(25.,-1.25,-2.75));
#4248 = VERTEX_POINT('',#4249);
#4249 = CARTESIAN_POINT('',(25.,-1.25,2.75));
#4250 = SURFACE_CURVE('',#4251,(#4255,#4262),.PCURVE_S1.);
#4251 = LINE('',#4252,#4253);
#4252 = CARTESIAN_POINT('',(25.,-1.25,-4.));
#4253 = VECTOR('',#4254,1.);
#4254 = DIRECTION('',(0.,0.,1.));
#4255 = PCURVE('',#2131,#4256);
#4256 = DEFINITIONAL_REPRESENTATION('',(#4257),#4261);
#4257 = LINE('',#4258,#4259);
#4258 = CARTESIAN_POINT('',(-0.,0.));
#4259 = VECTOR('',#4260,1.);
#4260 = DIRECTION('',(-0.,1.));
#4261 = ( GEOMETRIC_REPRESENTATION_CONTEXT(2) 
PARAMETRIC_REPRESENTATION_CONTEXT() REPRESENTATION_CONTEXT('2D SPACE',''
  ) );
#4262 = PCURVE('',#4263,#4268);
#4263 = PLANE('',#4264);
#4264 = AXIS2_PLACEMENT_3D('',#4265,#4266,#4267);
#4265 = CARTESIAN_POINT('',(25.,-2.5,-4.));
#4266 = DIRECTION('',(1.,0.,0.));
#4267 = DIRECTION('',(0.,0.,1.));
#4268 = DEFINITIONAL_REPRESENTATION('',(#4269),#4273);
#4269 = LINE('',#4270,#4271);
#4270 = CARTESIAN_POINT('',(0.,-1.25));
#4271 = VECTOR('',#4272,1.);
#4272 = DIRECTION('',(1.,0.));
#4273 = ( GEOMETRIC_REPRESENTATION_CONTEXT(2) 
PARAMETRIC_REPRESENTATION_CONTEXT() REPRESENTATION_CONTEXT('2D SPACE',''
  ) );
#4274 = ORIENTED_EDGE('',*,*,#4275,.T.);
#4275 = EDGE_CURVE('',#4246,#2071,#4276,.T.);
#4276 = SURFACE_CURVE('',#4277,(#4282,#4289),.PCURVE_S1.);
#4277 = CIRCLE('',#4278,1.25);
#4278 = AXIS2_PLACEMENT_3D('',#4279,#4280,#4281);
#4279 = CARTESIAN_POINT('',(23.75,-1.25,-2.75));
#4280 = DIRECTION('',(0.,-0.,-1.));
#4281 = DIRECTION('',(1.,0.,-0.));
#4282 = PCURVE('',#2131,#4283);
#4283 = DEFINITIONAL_REPRESENTATION('',(#4284),#4288);
#4284 = LINE('',#4285,#4286);
#4285 = CARTESIAN_POINT('',(-0.,1.25));
#4286 = VECTOR('',#4287,1.);
#4287 = DIRECTION('',(-1.,0.));
#4288 = ( GEOMETRIC_REPRESENTATION_CONTEXT(2) 
PARAMETRIC_REPRESENTATION_CONTEXT() REPRESENTATION_CONTEXT('2D SPACE',''
  ) );
#4289 = PCURVE('',#2185,#4290);
#4290 = DEFINITIONAL_REPRESENTATION('',(#4291),#4295);
#4291 = LINE('',#4292,#4293);
#4292 = CARTESIAN_POINT('',(-0.,0.));
#4293 = VECTOR('',#4294,1.);
#4294 = DIRECTION('',(-1.,0.));
#4295 = ( GEOMETRIC_REPRESENTATION_CONTEXT(2) 
PARAMETRIC_REPRESENTATION_CONTEXT() REPRESENTATION_CONTEXT('2D SPACE',''
  ) );
#4296 = ORIENTED_EDGE('',*,*,#2117,.T.);
#4297 = ORIENTED_EDGE('',*,*,#4298,.F.);
#4298 = EDGE_CURVE('',#4248,#2095,#4299,.T.);
#4299 = SURFACE_CURVE('',#4300,(#4305,#4312),.PCURVE_S1.);
#4300 = CIRCLE('',#4301,1.25);
#4301 = AXIS2_PLACEMENT_3D('',#4302,#4303,#4304);
#4302 = CARTESIAN_POINT('',(23.75,-1.25,2.75));
#4303 = DIRECTION('',(0.,0.,-1.));
#4304 = DIRECTION('',(1.,0.,0.));
#4305 = PCURVE('',#2131,#4306);
#4306 = DEFINITIONAL_REPRESENTATION('',(#4307),#4311);
#4307 = LINE('',#4308,#4309);
#4308 = CARTESIAN_POINT('',(-0.,6.75));
#4309 = VECTOR('',#4310,1.);
#4310 = DIRECTION('',(-1.,0.));
#4311 = ( GEOMETRIC_REPRESENTATION_CONTEXT(2) 
PARAMETRIC_REPRESENTATION_CONTEXT() REPRESENTATION_CONTEXT('2D SPACE',''
  ) );
#4312 = PCURVE('',#2557,#4313);
#4313 = DEFINITIONAL_REPRESENTATION('',(#4314),#4318);
#4314 = LINE('',#4315,#4316);
#4315 = CARTESIAN_POINT('',(0.,0.));
#4316 = VECTOR('',#4317,1.);
#4317 = DIRECTION('',(1.,0.));
#4318 = ( GEOMETRIC_REPRESENTATION_CONTEXT(2) 
PARAMETRIC_REPRESENTATION_CONTEXT() REPRESENTATION_CONTEXT('2D SPACE',''
  ) );
#4319 = ADVANCED_FACE('',(#4320),#2185,.T.);
#4320 = FACE_BOUND('',#4321,.F.);
#4321 = EDGE_LOOP('',(#4322,#4344,#4345));
#4322 = ORIENTED_EDGE('',*,*,#4323,.F.);
#4323 = EDGE_CURVE('',#2148,#4246,#4324,.T.);
#4324 = SURFACE_CURVE('',#4325,(#4330,#4337),.PCURVE_S1.);
#4325 = CIRCLE('',#4326,1.25);
#4326 = AXIS2_PLACEMENT_3D('',#4327,#4328,#4329);
#4327 = CARTESIAN_POINT('',(23.75,-1.25,-2.75));
#4328 = DIRECTION('',(0.,-1.,0.));
#4329 = DIRECTION('',(1.,0.,0.));
#4330 = PCURVE('',#2185,#4331);
#4331 = DEFINITIONAL_REPRESENTATION('',(#4332),#4336);
#4332 = LINE('',#4333,#4334);
#4333 = CARTESIAN_POINT('',(-0.,-6.28318530718));
#4334 = VECTOR('',#4335,1.);
#4335 = DIRECTION('',(-0.,1.));
#4336 = ( GEOMETRIC_REPRESENTATION_CONTEXT(2) 
PARAMETRIC_REPRESENTATION_CONTEXT() REPRESENTATION_CONTEXT('2D SPACE',''
  ) );
#4337 = PCURVE('',#2219,#4338);
#4338 = DEFINITIONAL_REPRESENTATION('',(#4339),#4343);
#4339 = LINE('',#4340,#4341);
#4340 = CARTESIAN_POINT('',(6.28318530718,1.25));
#4341 = VECTOR('',#4342,1.);
#4342 = DIRECTION('',(-1.,-0.));
#4343 = ( GEOMETRIC_REPRESENTATION_CONTEXT(2) 
PARAMETRIC_REPRESENTATION_CONTEXT() REPRESENTATION_CONTEXT('2D SPACE',''
  ) );
#4344 = ORIENTED_EDGE('',*,*,#2170,.T.);
#4345 = ORIENTED_EDGE('',*,*,#4275,.F.);
#4346 = ADVANCED_FACE('',(#4347),#2219,.T.);
#4347 = FACE_BOUND('',#4348,.T.);
#4348 = EDGE_LOOP('',(#4349,#4350,#4351,#4375));
#4349 = ORIENTED_EDGE('',*,*,#4323,.F.);
#4350 = ORIENTED_EDGE('',*,*,#2203,.T.);
#4351 = ORIENTED_EDGE('',*,*,#4352,.T.);
#4352 = EDGE_CURVE('',#2204,#4353,#4355,.T.);
#4353 = VERTEX_POINT('',#4354);
#4354 = CARTESIAN_POINT('',(25.,1.25,-2.75));
#4355 = SURFACE_CURVE('',#4356,(#4361,#4368),.PCURVE_S1.);
#4356 = CIRCLE('',#4357,1.25);
#4357 = AXIS2_PLACEMENT_3D('',#4358,#4359,#4360);
#4358 = CARTESIAN_POINT('',(23.75,1.25,-2.75));
#4359 = DIRECTION('',(1.7763568394E-16,-1.,0.));
#4360 = DIRECTION('',(1.,1.7763568394E-16,0.));
#4361 = PCURVE('',#2219,#4362);
#4362 = DEFINITIONAL_REPRESENTATION('',(#4363),#4367);
#4363 = LINE('',#4364,#4365);
#4364 = CARTESIAN_POINT('',(6.28318530718,3.75));
#4365 = VECTOR('',#4366,1.);
#4366 = DIRECTION('',(-1.,-0.));
#4367 = ( GEOMETRIC_REPRESENTATION_CONTEXT(2) 
PARAMETRIC_REPRESENTATION_CONTEXT() REPRESENTATION_CONTEXT('2D SPACE',''
  ) );
#4368 = PCURVE('',#2310,#4369);
#4369 = DEFINITIONAL_REPRESENTATION('',(#4370),#4374);
#4370 = LINE('',#4371,#4372);
#4371 = CARTESIAN_POINT('',(0.,-6.28318530718));
#4372 = VECTOR('',#4373,1.);
#4373 = DIRECTION('',(0.,1.));
#4374 = ( GEOMETRIC_REPRESENTATION_CONTEXT(2) 
PARAMETRIC_REPRESENTATION_CONTEXT() REPRESENTATION_CONTEXT('2D SPACE',''
  ) );
#4375 = ORIENTED_EDGE('',*,*,#4376,.F.);
#4376 = EDGE_CURVE('',#4246,#4353,#4377,.T.);
#4377 = SURFACE_CURVE('',#4378,(#4382,#4389),.PCURVE_S1.);
#4378 = LINE('',#4379,#4380);
#4379 = CARTESIAN_POINT('',(25.,-2.5,-2.75));
#4380 = VECTOR('',#4381,1.);
#4381 = DIRECTION('',(0.,1.,0.));
#4382 = PCURVE('',#2219,#4383);
#4383 = DEFINITIONAL_REPRESENTATION('',(#4384),#4388);
#4384 = LINE('',#4385,#4386);
#4385 = CARTESIAN_POINT('',(0.,0.));
#4386 = VECTOR('',#4387,1.);
#4387 = DIRECTION('',(0.,1.));
#4388 = ( GEOMETRIC_REPRESENTATION_CONTEXT(2) 
PARAMETRIC_REPRESENTATION_CONTEXT() REPRESENTATION_CONTEXT('2D SPACE',''
  ) );
#4389 = PCURVE('',#4263,#4390);
#4390 = DEFINITIONAL_REPRESENTATION('',(#4391),#4395);
#4391 = LINE('',#4392,#4393);
#4392 = CARTESIAN_POINT('',(1.25,0.));
#4393 = VECTOR('',#4394,1.);
#4394 = DIRECTION('',(0.,-1.));
#4395 = ( GEOMETRIC_REPRESENTATION_CONTEXT(2) 
PARAMETRIC_REPRESENTATION_CONTEXT() REPRESENTATION_CONTEXT('2D SPACE',''
  ) );
#4396 = ADVANCED_FACE('',(#4397,#5388,#5674,#6178),#2276,.F.);
#4397 = FACE_BOUND('',#4398,.F.);
#4398 = EDGE_LOOP('',(#4399,#4486,#4526,#4547,#4548,#4549,#4584,#4669,
    #4709,#4769,#4795,#4856,#4896,#4981,#5021,#5042,#5043,#5044,#5079,
    #5164,#5199,#5265,#5291,#5355));
#4399 = ORIENTED_EDGE('',*,*,#4400,.F.);
#4400 = EDGE_CURVE('',#4401,#4403,#4405,.T.);
#4401 = VERTEX_POINT('',#4402);
#4402 = CARTESIAN_POINT('',(17.154518355232,-1.25,3.352013260632));
#4403 = VERTEX_POINT('',#4404);
#4404 = CARTESIAN_POINT('',(17.114288727822,-1.714969776331,
    2.987619448363));
#4405 = SURFACE_CURVE('',#4406,(#4429,#4455),.PCURVE_S1.);
#4406 = B_SPLINE_CURVE_WITH_KNOTS('',6,(#4407,#4408,#4409,#4410,#4411,
    #4412,#4413,#4414,#4415,#4416,#4417,#4418,#4419,#4420,#4421,#4422,
    #4423,#4424,#4425,#4426,#4427,#4428),.UNSPECIFIED.,.F.,.F.,(7,5,5,5,
    7),(0.,0.246155196611,0.397794371526,0.569686019569,1.),
  .UNSPECIFIED.);
#4407 = CARTESIAN_POINT('',(17.154518355232,-1.25,3.352013260632));
#4408 = CARTESIAN_POINT('',(17.151705369334,-1.288604334578,
    3.346894479004));
#4409 = CARTESIAN_POINT('',(17.148825819429,-1.326683832119,
    3.338615752725));
#4410 = CARTESIAN_POINT('',(17.145917648893,-1.363790432754,
    3.327276647143));
#4411 = CARTESIAN_POINT('',(17.143019528659,-1.399574015651,
    3.313081861678));
#4412 = CARTESIAN_POINT('',(17.140171284746,-1.433728811248,
    3.296293915397));
#4413 = CARTESIAN_POINT('',(17.135708059952,-1.485903005942,
    3.265499277578));
#4414 = CARTESIAN_POINT('',(17.134038855784,-1.505089473464,
    3.252895465329));
#4415 = CARTESIAN_POINT('',(17.132409694449,-1.523524868482,
    3.23949643111));
#4416 = CARTESIAN_POINT('',(17.130827443055,-1.541174466209,
    3.225373397831));
#4417 = CARTESIAN_POINT('',(17.129297919135,-1.558015261135,
    3.21059568938));
#4418 = CARTESIAN_POINT('',(17.126157154628,-1.592191447161,
    3.177806324993));
#4419 = CARTESIAN_POINT('',(17.124562345778,-1.609291816632,
    3.159627029093));
#4420 = CARTESIAN_POINT('',(17.123048119606,-1.625317243317,
    3.140780792791));
#4421 = CARTESIAN_POINT('',(17.121619691669,-1.640262151586,
    3.12135257656));
#4422 = CARTESIAN_POINT('',(17.120280966791,-1.654129674086,
    3.101418118602));
#4423 = CARTESIAN_POINT('',(17.115914858511,-1.698968768047,
    3.030029383684));
#4424 = CARTESIAN_POINT('',(17.113378263539,-1.724273163806,
    2.976305188903));
#4425 = CARTESIAN_POINT('',(17.111459888711,-1.743069421496,
    2.920773138277));
#4426 = CARTESIAN_POINT('',(17.110180982043,-1.755490238165,
    2.864180366915));
#4427 = CARTESIAN_POINT('',(17.109540132164,-1.761714070409,
    2.807122809431));
#4428 = CARTESIAN_POINT('',(17.109540132164,-1.761714070409,2.75));
#4429 = PCURVE('',#2276,#4430);
#4430 = DEFINITIONAL_REPRESENTATION('',(#4431),#4454);
#4431 = B_SPLINE_CURVE_WITH_KNOTS('',6,(#4432,#4433,#4434,#4435,#4436,
    #4437,#4438,#4439,#4440,#4441,#4442,#4443,#4444,#4445,#4446,#4447,
    #4448,#4449,#4450,#4451,#4452,#4453),.UNSPECIFIED.,.F.,.F.,(7,5,5,5,
    7),(0.,0.246155196611,0.397794371526,0.569686019569,1.),
  .UNSPECIFIED.);
#4432 = CARTESIAN_POINT('',(6.210446763533,9.352013260632));
#4433 = CARTESIAN_POINT('',(6.208196374814,9.346894479004));
#4434 = CARTESIAN_POINT('',(6.205976137942,9.338615752725));
#4435 = CARTESIAN_POINT('',(6.203812173817,9.327276647143));
#4436 = CARTESIAN_POINT('',(6.201724930158,9.313081861678));
#4437 = CARTESIAN_POINT('',(6.199732298056,9.296293915397));
#4438 = CARTESIAN_POINT('',(6.196687835888,9.265499277578));
#4439 = CARTESIAN_POINT('',(6.195568131233,9.252895465329));
#4440 = CARTESIAN_POINT('',(6.194492130277,9.23949643111));
#4441 = CARTESIAN_POINT('',(6.193461876813,9.225373397831));
#4442 = CARTESIAN_POINT('',(6.192478731444,9.21059568938));
#4443 = CARTESIAN_POINT('',(6.190483371008,9.177806324993));
#4444 = CARTESIAN_POINT('',(6.189484850075,9.159627029093));
#4445 = CARTESIAN_POINT('',(6.188548990168,9.140780792791));
#4446 = CARTESIAN_POINT('',(6.187676140948,9.12135257656));
#4447 = CARTESIAN_POINT('',(6.186866141767,9.101418118602));
#4448 = CARTESIAN_POINT('',(6.184246888129,9.030029383684));
#4449 = CARTESIAN_POINT('',(6.182768334998,8.976305188903));
#4450 = CARTESIAN_POINT('',(6.181669852585,8.920773138277));
#4451 = CARTESIAN_POINT('',(6.180943894322,8.864180366915));
#4452 = CARTESIAN_POINT('',(6.180580130428,8.807122809431));
#4453 = CARTESIAN_POINT('',(6.180580130428,8.75));
#4454 = ( GEOMETRIC_REPRESENTATION_CONTEXT(2) 
PARAMETRIC_REPRESENTATION_CONTEXT() REPRESENTATION_CONTEXT('2D SPACE',''
  ) );
#4455 = PCURVE('',#4456,#4461);
#4456 = SPHERICAL_SURFACE('',#4457,1.25);
#4457 = AXIS2_PLACEMENT_3D('',#4458,#4459,#4460);
#4458 = CARTESIAN_POINT('',(18.25,-1.25,2.75));
#4459 = DIRECTION('',(-0.,-0.,-1.));
#4460 = DIRECTION('',(-1.,0.,0.));
#4461 = DEFINITIONAL_REPRESENTATION('',(#4462),#4485);
#4462 = B_SPLINE_CURVE_WITH_KNOTS('',6,(#4463,#4464,#4465,#4466,#4467,
    #4468,#4469,#4470,#4471,#4472,#4473,#4474,#4475,#4476,#4477,#4478,
    #4479,#4480,#4481,#4482,#4483,#4484),.UNSPECIFIED.,.F.,.F.,(7,5,5,5,
    7),(0.,0.246155196611,0.397794371526,0.569686019569,1.),
  .UNSPECIFIED.);
#4463 = CARTESIAN_POINT('',(-5.675356559004E-15,-0.502491572165));
#4464 = CARTESIAN_POINT('',(-3.523959964289E-02,-0.497818941042));
#4465 = CARTESIAN_POINT('',(-6.978301328377E-02,-0.49027625875));
#4466 = CARTESIAN_POINT('',(-0.103061582081,-0.479986854579));
#4467 = CARTESIAN_POINT('',(-0.134648161578,-0.467202814032));
#4468 = CARTESIAN_POINT('',(-0.164268762639,-0.452232612168));
#4469 = CARTESIAN_POINT('',(-0.208709021526,-0.425061670892));
#4470 = CARTESIAN_POINT('',(-0.224850816158,-0.414000845568));
#4471 = CARTESIAN_POINT('',(-0.240163890178,-0.402311618125));
#4472 = CARTESIAN_POINT('',(-0.254639218763,-0.390067269514));
#4473 = CARTESIAN_POINT('',(-0.268282638959,-0.377336184907));
#4474 = CARTESIAN_POINT('',(-0.295648077252,-0.349263599648));
#4475 = CARTESIAN_POINT('',(-0.30913664211,-0.333801151403));
#4476 = CARTESIAN_POINT('',(-0.321598249867,-0.317877553194));
#4477 = CARTESIAN_POINT('',(-0.333067784357,-0.30156808189));
#4478 = CARTESIAN_POINT('',(-0.343585370074,-0.284935837725));
#4479 = CARTESIAN_POINT('',(-0.377235799048,-0.225710156266));
#4480 = CARTESIAN_POINT('',(-0.395534161002,-0.181729584914));
#4481 = CARTESIAN_POINT('',(-0.408783599765,-0.136790147236));
#4482 = CARTESIAN_POINT('',(-0.41743233081,-9.134433893249E-02));
#4483 = CARTESIAN_POINT('',(-0.421764821626,-4.569824754445E-02));
#4484 = CARTESIAN_POINT('',(-0.421764821626,0.));
#4485 = ( GEOMETRIC_REPRESENTATION_CONTEXT(2) 
PARAMETRIC_REPRESENTATION_CONTEXT() REPRESENTATION_CONTEXT('2D SPACE',''
  ) );
#4486 = ORIENTED_EDGE('',*,*,#4487,.T.);
#4487 = EDGE_CURVE('',#4401,#4488,#4490,.T.);
#4488 = VERTEX_POINT('',#4489);
#4489 = CARTESIAN_POINT('',(17.2,-4.212784989067E-15,3.428232998313));
#4490 = SURFACE_CURVE('',#4491,(#4499,#4510),.PCURVE_S1.);
#4491 = B_SPLINE_CURVE_WITH_KNOTS('',6,(#4492,#4493,#4494,#4495,#4496,
    #4497,#4498),.UNSPECIFIED.,.F.,.F.,(7,7),(0.,1.),
  .PIECEWISE_BEZIER_KNOTS.);
#4492 = CARTESIAN_POINT('',(17.154518311512,-1.2500006,3.352013181074));
#4493 = CARTESIAN_POINT('',(17.169523654128,-1.044073159098,
    3.379318360733));
#4494 = CARTESIAN_POINT('',(17.181732013524,-0.835605006711,
    3.399598985846));
#4495 = CARTESIAN_POINT('',(17.190848099082,-0.62691107532,
    3.414064456872));
#4496 = CARTESIAN_POINT('',(17.196932913904,-0.418440746923,
    3.423484717957));
#4497 = CARTESIAN_POINT('',(17.2,-0.209669608501,3.428232998313));
#4498 = CARTESIAN_POINT('',(17.2,-3.996802888651E-15,3.428232998313));
#4499 = PCURVE('',#2276,#4500);
#4500 = DEFINITIONAL_REPRESENTATION('',(#4501),#4509);
#4501 = B_SPLINE_CURVE_WITH_KNOTS('',6,(#4502,#4503,#4504,#4505,#4506,
    #4507,#4508),.UNSPECIFIED.,.F.,.F.,(7,7),(0.,1.),
  .PIECEWISE_BEZIER_KNOTS.);
#4502 = CARTESIAN_POINT('',(6.210446728557,9.352013181074));
#4503 = CARTESIAN_POINT('',(6.222450996888,9.379318360733));
#4504 = CARTESIAN_POINT('',(6.234590768145,9.399598985846));
#4505 = CARTESIAN_POINT('',(6.246733706001,9.414064456872));
#4506 = CARTESIAN_POINT('',(6.258857363272,9.423484717957));
#4507 = CARTESIAN_POINT('',(6.270995213662,9.428232998313));
#4508 = CARTESIAN_POINT('',(6.28318530718,9.428232998313));
#4509 = ( GEOMETRIC_REPRESENTATION_CONTEXT(2) 
PARAMETRIC_REPRESENTATION_CONTEXT() REPRESENTATION_CONTEXT('2D SPACE',''
  ) );
#4510 = PCURVE('',#4511,#4516);
#4511 = CYLINDRICAL_SURFACE('',#4512,1.25);
#4512 = AXIS2_PLACEMENT_3D('',#4513,#4514,#4515);
#4513 = CARTESIAN_POINT('',(18.25,-2.5,2.75));
#4514 = DIRECTION('',(0.,1.,0.));
#4515 = DIRECTION('',(-1.,0.,0.));
#4516 = DEFINITIONAL_REPRESENTATION('',(#4517),#4525);
#4517 = B_SPLINE_CURVE_WITH_KNOTS('',6,(#4518,#4519,#4520,#4521,#4522,
    #4523,#4524),.UNSPECIFIED.,.F.,.F.,(7,7),(0.,1.),
  .PIECEWISE_BEZIER_KNOTS.);
#4518 = CARTESIAN_POINT('',(0.502491499541,1.2499994));
#4519 = CARTESIAN_POINT('',(0.527416772091,1.455926840902));
#4520 = CARTESIAN_POINT('',(0.546339692617,1.664394993289));
#4521 = CARTESIAN_POINT('',(0.560020269298,1.87308892468));
#4522 = CARTESIAN_POINT('',(0.568990617594,2.081559253077));
#4523 = CARTESIAN_POINT('',(0.573513104423,2.290330391499));
#4524 = CARTESIAN_POINT('',(0.573513104423,2.5));
#4525 = ( GEOMETRIC_REPRESENTATION_CONTEXT(2) 
PARAMETRIC_REPRESENTATION_CONTEXT() REPRESENTATION_CONTEXT('2D SPACE',''
  ) );
#4526 = ORIENTED_EDGE('',*,*,#4527,.T.);
#4527 = EDGE_CURVE('',#4488,#2514,#4528,.T.);
#4528 = SEAM_CURVE('',#4529,(#4533,#4540),.PCURVE_S1.);
#4529 = LINE('',#4530,#4531);
#4530 = CARTESIAN_POINT('',(17.2,-4.212784989067E-15,-6.));
#4531 = VECTOR('',#4532,1.);
#4532 = DIRECTION('',(0.,0.,1.));
#4533 = PCURVE('',#2276,#4534);
#4534 = DEFINITIONAL_REPRESENTATION('',(#4535),#4539);
#4535 = LINE('',#4536,#4537);
#4536 = CARTESIAN_POINT('',(0.,-0.));
#4537 = VECTOR('',#4538,1.);
#4538 = DIRECTION('',(0.,1.));
#4539 = ( GEOMETRIC_REPRESENTATION_CONTEXT(2) 
PARAMETRIC_REPRESENTATION_CONTEXT() REPRESENTATION_CONTEXT('2D SPACE',''
  ) );
#4540 = PCURVE('',#2276,#4541);
#4541 = DEFINITIONAL_REPRESENTATION('',(#4542),#4546);
#4542 = LINE('',#4543,#4544);
#4543 = CARTESIAN_POINT('',(6.28318530718,-0.));
#4544 = VECTOR('',#4545,1.);
#4545 = DIRECTION('',(0.,1.));
#4546 = ( GEOMETRIC_REPRESENTATION_CONTEXT(2) 
PARAMETRIC_REPRESENTATION_CONTEXT() REPRESENTATION_CONTEXT('2D SPACE',''
  ) );
#4547 = ORIENTED_EDGE('',*,*,#2513,.F.);
#4548 = ORIENTED_EDGE('',*,*,#4527,.F.);
#4549 = ORIENTED_EDGE('',*,*,#4550,.F.);
#4550 = EDGE_CURVE('',#4551,#4488,#4553,.T.);
#4551 = VERTEX_POINT('',#4552);
#4552 = CARTESIAN_POINT('',(17.154518355232,1.25,3.352013260632));
#4553 = SURFACE_CURVE('',#4554,(#4562,#4573),.PCURVE_S1.);
#4554 = B_SPLINE_CURVE_WITH_KNOTS('',6,(#4555,#4556,#4557,#4558,#4559,
    #4560,#4561),.UNSPECIFIED.,.F.,.F.,(7,7),(0.,1.),
  .PIECEWISE_BEZIER_KNOTS.);
#4555 = CARTESIAN_POINT('',(17.154518311512,1.2500006,3.352013181074));
#4556 = CARTESIAN_POINT('',(17.169523654128,1.044073159098,
    3.379318360733));
#4557 = CARTESIAN_POINT('',(17.181732013524,0.835605006711,
    3.399598985846));
#4558 = CARTESIAN_POINT('',(17.190848099082,0.62691107532,3.414064456872
    ));
#4559 = CARTESIAN_POINT('',(17.196932913904,0.418440746923,
    3.423484717957));
#4560 = CARTESIAN_POINT('',(17.2,0.209669608501,3.428232998313));
#4561 = CARTESIAN_POINT('',(17.2,0.,3.428232998313));
#4562 = PCURVE('',#2276,#4563);
#4563 = DEFINITIONAL_REPRESENTATION('',(#4564),#4572);
#4564 = B_SPLINE_CURVE_WITH_KNOTS('',6,(#4565,#4566,#4567,#4568,#4569,
    #4570,#4571),.UNSPECIFIED.,.F.,.F.,(7,7),(0.,1.),
  .PIECEWISE_BEZIER_KNOTS.);
#4565 = CARTESIAN_POINT('',(7.273857862291E-02,9.352013181074));
#4566 = CARTESIAN_POINT('',(6.073431029182E-02,9.379318360733));
#4567 = CARTESIAN_POINT('',(4.859453903409E-02,9.399598985846));
#4568 = CARTESIAN_POINT('',(3.645160117868E-02,9.414064456872));
#4569 = CARTESIAN_POINT('',(2.432794390755E-02,9.423484717957));
#4570 = CARTESIAN_POINT('',(1.21900935175E-02,9.428232998313));
#4571 = CARTESIAN_POINT('',(0.,9.428232998313));
#4572 = ( GEOMETRIC_REPRESENTATION_CONTEXT(2) 
PARAMETRIC_REPRESENTATION_CONTEXT() REPRESENTATION_CONTEXT('2D SPACE',''
  ) );
#4573 = PCURVE('',#4511,#4574);
#4574 = DEFINITIONAL_REPRESENTATION('',(#4575),#4583);
#4575 = B_SPLINE_CURVE_WITH_KNOTS('',6,(#4576,#4577,#4578,#4579,#4580,
    #4581,#4582),.UNSPECIFIED.,.F.,.F.,(7,7),(0.,1.),
  .PIECEWISE_BEZIER_KNOTS.);
#4576 = CARTESIAN_POINT('',(0.502491499541,3.7500006));
#4577 = CARTESIAN_POINT('',(0.527416772091,3.544073159098));
#4578 = CARTESIAN_POINT('',(0.546339692617,3.335605006711));
#4579 = CARTESIAN_POINT('',(0.560020269297,3.12691107532));
#4580 = CARTESIAN_POINT('',(0.568990617594,2.918440746923));
#4581 = CARTESIAN_POINT('',(0.573513104423,2.709669608501));
#4582 = CARTESIAN_POINT('',(0.573513104423,2.5));
#4583 = ( GEOMETRIC_REPRESENTATION_CONTEXT(2) 
PARAMETRIC_REPRESENTATION_CONTEXT() REPRESENTATION_CONTEXT('2D SPACE',''
  ) );
#4584 = ORIENTED_EDGE('',*,*,#4585,.F.);
#4585 = EDGE_CURVE('',#4586,#4551,#4588,.T.);
#4586 = VERTEX_POINT('',#4587);
#4587 = CARTESIAN_POINT('',(17.114288727594,1.714969782092,
    2.987619448321));
#4588 = SURFACE_CURVE('',#4589,(#4612,#4638),.PCURVE_S1.);
#4589 = B_SPLINE_CURVE_WITH_KNOTS('',6,(#4590,#4591,#4592,#4593,#4594,
    #4595,#4596,#4597,#4598,#4599,#4600,#4601,#4602,#4603,#4604,#4605,
    #4606,#4607,#4608,#4609,#4610,#4611),.UNSPECIFIED.,.F.,.F.,(7,5,5,5,
    7),(0.,0.488786589567,0.675200085421,0.821601677117,1.),
  .UNSPECIFIED.);
#4590 = CARTESIAN_POINT('',(17.109540132164,1.761714070409,2.75));
#4591 = CARTESIAN_POINT('',(17.109540132164,1.761714070409,
    2.813229048554));
#4592 = CARTESIAN_POINT('',(17.110325281123,1.754089042356,
    2.876294555765));
#4593 = CARTESIAN_POINT('',(17.111888168563,1.738909198413,
    2.938862389045));
#4594 = CARTESIAN_POINT('',(17.114243491918,1.715789074673,
    3.000243086604));
#4595 = CARTESIAN_POINT('',(17.11737911726,1.684332076957,3.059437295264
    ));
#4596 = CARTESIAN_POINT('',(17.122729961759,1.628606012376,
    3.136143921312));
#4597 = CARTESIAN_POINT('',(17.124313849133,1.611936264362,
    3.156777843644));
#4598 = CARTESIAN_POINT('',(17.126001380848,1.593958485689,
    3.176780641722));
#4599 = CARTESIAN_POINT('',(17.127787956738,1.574656118398,
    3.196044909192));
#4600 = CARTESIAN_POINT('',(17.12966694999,1.554025591156,3.214446375889
    ));
#4601 = CARTESIAN_POINT('',(17.133170508095,1.514849069274,
    3.245512837726));
#4602 = CARTESIAN_POINT('',(17.134763022951,1.496807167908,
    3.258560477756));
#4603 = CARTESIAN_POINT('',(17.136402402635,1.477965767846,
    3.270922456246));
#4604 = CARTESIAN_POINT('',(17.138082970477,1.458344391911,3.28252374664
    ));
#4605 = CARTESIAN_POINT('',(17.13979783048,1.437976700233,3.293285821621
    ));
#4606 = CARTESIAN_POINT('',(17.143660377716,1.391248391928,3.3151271378)
  );
#4607 = CARTESIAN_POINT('',(17.145821081218,1.364546848138,
    3.325763364364));
#4608 = CARTESIAN_POINT('',(17.148005534815,1.336911954979,
    3.334894327059));
#4609 = CARTESIAN_POINT('',(17.150196035084,1.308481580277,
    3.342381106814));
#4610 = CARTESIAN_POINT('',(17.152373497897,1.279435195623,
    3.348110270457));
#4611 = CARTESIAN_POINT('',(17.154518355232,1.25,3.352013260632));
#4612 = PCURVE('',#2276,#4613);
#4613 = DEFINITIONAL_REPRESENTATION('',(#4614),#4637);
#4614 = B_SPLINE_CURVE_WITH_KNOTS('',6,(#4615,#4616,#4617,#4618,#4619,
    #4620,#4621,#4622,#4623,#4624,#4625,#4626,#4627,#4628,#4629,#4630,
    #4631,#4632,#4633,#4634,#4635,#4636),.UNSPECIFIED.,.F.,.F.,(7,5,5,5,
    7),(0.,0.488786589567,0.675200085421,0.821601677117,1.),
  .UNSPECIFIED.);
#4615 = CARTESIAN_POINT('',(0.102605176751,8.75));
#4616 = CARTESIAN_POINT('',(0.102605176751,8.813229048554));
#4617 = CARTESIAN_POINT('',(0.102159517023,8.876294555765));
#4618 = CARTESIAN_POINT('',(0.101272303175,8.938862389045));
#4619 = CARTESIAN_POINT('',(9.992115241951E-02,9.000243086604));
#4620 = CARTESIAN_POINT('',(9.808320565643E-02,9.059437295264));
#4621 = CARTESIAN_POINT('',(9.482841667193E-02,9.136143921312));
#4622 = CARTESIAN_POINT('',(9.385488075928E-02,9.156777843644));
#4623 = CARTESIAN_POINT('',(9.280506746258E-02,9.176780641722));
#4624 = CARTESIAN_POINT('',(9.167804170093E-02,9.196044909192));
#4625 = CARTESIAN_POINT('',(9.047362945596E-02,9.214446375889));
#4626 = CARTESIAN_POINT('',(8.818683459707E-02,9.245512837726));
#4627 = CARTESIAN_POINT('',(8.713380920392E-02,9.258560477756));
#4628 = CARTESIAN_POINT('',(8.603424158568E-02,9.270922456246));
#4629 = CARTESIAN_POINT('',(8.488928893851E-02,9.28252374664));
#4630 = CARTESIAN_POINT('',(8.370093244165E-02,9.293285821621));
#4631 = CARTESIAN_POINT('',(8.097490482459E-02,9.3151271378));
#4632 = CARTESIAN_POINT('',(7.941741734838E-02,9.325763364364));
#4633 = CARTESIAN_POINT('',(7.780573018785E-02,9.334894327059));
#4634 = CARTESIAN_POINT('',(7.61479075931E-02,9.342381106814));
#4635 = CARTESIAN_POINT('',(7.445442951502E-02,9.348110270457));
#4636 = CARTESIAN_POINT('',(7.273854364671E-02,9.352013260632));
#4637 = ( GEOMETRIC_REPRESENTATION_CONTEXT(2) 
PARAMETRIC_REPRESENTATION_CONTEXT() REPRESENTATION_CONTEXT('2D SPACE',''
  ) );
#4638 = PCURVE('',#4639,#4644);
#4639 = SPHERICAL_SURFACE('',#4640,1.25);
#4640 = AXIS2_PLACEMENT_3D('',#4641,#4642,#4643);
#4641 = CARTESIAN_POINT('',(18.25,1.25,2.75));
#4642 = DIRECTION('',(-0.,-1.,-0.));
#4643 = DIRECTION('',(-1.,0.,0.));
#4644 = DEFINITIONAL_REPRESENTATION('',(#4645),#4668);
#4645 = B_SPLINE_CURVE_WITH_KNOTS('',6,(#4646,#4647,#4648,#4649,#4650,
    #4651,#4652,#4653,#4654,#4655,#4656,#4657,#4658,#4659,#4660,#4661,
    #4662,#4663,#4664,#4665,#4666,#4667),.UNSPECIFIED.,.F.,.F.,(7,5,5,5,
    7),(0.,0.488786589567,0.675200085421,0.821601677117,1.),
  .UNSPECIFIED.);
#4646 = CARTESIAN_POINT('',(0.,-0.421764821626));
#4647 = CARTESIAN_POINT('',(-5.544171288877E-02,-0.421764821626));
#4648 = CARTESIAN_POINT('',(-0.110738667621,-0.415078762831));
#4649 = CARTESIAN_POINT('',(-0.16516446799,-0.401769243255));
#4650 = CARTESIAN_POINT('',(-0.217658273363,-0.381644150689));
#4651 = CARTESIAN_POINT('',(-0.267184037663,-0.354666043713));
#4652 = CARTESIAN_POINT('',(-0.330096783154,-0.30769074863));
#4653 = CARTESIAN_POINT('',(-0.346878164876,-0.293705733874));
#4654 = CARTESIAN_POINT('',(-0.363010660389,-0.278700829933));
#4655 = CARTESIAN_POINT('',(-0.378426357616,-0.262677599367));
#4656 = CARTESIAN_POINT('',(-0.393052389871,-0.245645901479));
#4657 = CARTESIAN_POINT('',(-0.41761997587,-0.213474823054));
#4658 = CARTESIAN_POINT('',(-0.427892480052,-0.198714791072));
#4659 = CARTESIAN_POINT('',(-0.437592980386,-0.183357785007));
#4660 = CARTESIAN_POINT('',(-0.446681085883,-0.167421789719));
#4661 = CARTESIAN_POINT('',(-0.455115077092,-0.150933665268));
#4662 = CARTESIAN_POINT('',(-0.472283109829,-0.11321321648));
#4663 = CARTESIAN_POINT('',(-0.480681199733,-9.172827062689E-02));
#4664 = CARTESIAN_POINT('',(-0.487969356195,-6.955324085949E-02));
#4665 = CARTESIAN_POINT('',(-0.494073022615,-4.678517292794E-02));
#4666 = CARTESIAN_POINT('',(-0.498928764706,-2.354815649877E-02));
#4667 = CARTESIAN_POINT('',(-0.502491572165,0.));
#4668 = ( GEOMETRIC_REPRESENTATION_CONTEXT(2) 
PARAMETRIC_REPRESENTATION_CONTEXT() REPRESENTATION_CONTEXT('2D SPACE',''
  ) );
#4669 = ORIENTED_EDGE('',*,*,#4670,.F.);
#4670 = EDGE_CURVE('',#4671,#4586,#4673,.T.);
#4671 = VERTEX_POINT('',#4672);
#4672 = CARTESIAN_POINT('',(17.110742239891,1.75,2.98695812381));
#4673 = SURFACE_CURVE('',#4674,(#4682,#4693),.PCURVE_S1.);
#4674 = B_SPLINE_CURVE_WITH_KNOTS('',6,(#4675,#4676,#4677,#4678,#4679,
    #4680,#4681),.UNSPECIFIED.,.F.,.F.,(7,7),(0.,1.),
  .PIECEWISE_BEZIER_KNOTS.);
#4675 = CARTESIAN_POINT('',(17.110742178526,1.7500006,2.986958112214));
#4676 = CARTESIAN_POINT('',(17.140406350367,1.459957272987,
    2.992563543348));
#4677 = CARTESIAN_POINT('',(17.164241516993,1.168618135632,
    2.995583504428));
#4678 = CARTESIAN_POINT('',(17.182109657053,0.876811522789,
    2.997136090256));
#4679 = CARTESIAN_POINT('',(17.194029012172,0.584799348508,
    2.997932529344));
#4680 = CARTESIAN_POINT('',(17.2,0.292548076972,2.998331477355));
#4681 = CARTESIAN_POINT('',(17.2,0.,2.998331477355));
#4682 = PCURVE('',#2276,#4683);
#4683 = DEFINITIONAL_REPRESENTATION('',(#4684),#4692);
#4684 = B_SPLINE_CURVE_WITH_KNOTS('',6,(#4685,#4686,#4687,#4688,#4689,
    #4690,#4691),.UNSPECIFIED.,.F.,.F.,(7,7),(0.,1.),
  .PIECEWISE_BEZIER_KNOTS.);
#4685 = CARTESIAN_POINT('',(0.101920584506,8.986958112214));
#4686 = CARTESIAN_POINT('',(8.496963498038E-02,8.992563543348));
#4687 = CARTESIAN_POINT('',(6.797822190615E-02,8.995583504428));
#4688 = CARTESIAN_POINT('',(5.098628467104E-02,8.997136090256));
#4689 = CARTESIAN_POINT('',(3.399995811043E-02,8.997932529344));
#4690 = CARTESIAN_POINT('',(1.70086091263E-02,8.998331477355));
#4691 = CARTESIAN_POINT('',(0.,8.998331477355));
#4692 = ( GEOMETRIC_REPRESENTATION_CONTEXT(2) 
PARAMETRIC_REPRESENTATION_CONTEXT() REPRESENTATION_CONTEXT('2D SPACE',''
  ) );
#4693 = PCURVE('',#4694,#4699);
#4694 = CYLINDRICAL_SURFACE('',#4695,0.75);
#4695 = AXIS2_PLACEMENT_3D('',#4696,#4697,#4698);
#4696 = CARTESIAN_POINT('',(17.25,-2.5,2.25));
#4697 = DIRECTION('',(0.,1.,0.));
#4698 = DIRECTION('',(-1.,0.,0.));
#4699 = DEFINITIONAL_REPRESENTATION('',(#4700),#4708);
#4700 = B_SPLINE_CURVE_WITH_KNOTS('',6,(#4701,#4702,#4703,#4704,#4705,
    #4706,#4707),.UNSPECIFIED.,.F.,.F.,(7,7),(0.,1.),
  .PIECEWISE_BEZIER_KNOTS.);
#4701 = CARTESIAN_POINT('',(1.384035431467,4.2500006));
#4702 = CARTESIAN_POINT('',(1.42428761317,3.959957272987));
#4703 = CARTESIAN_POINT('',(1.456263017899,3.668618135632));
#4704 = CARTESIAN_POINT('',(1.480173762314,3.376811522789));
#4705 = CARTESIAN_POINT('',(1.496100927793,3.084799348508));
#4706 = CARTESIAN_POINT('',(1.504080178385,2.792548076972));
#4707 = CARTESIAN_POINT('',(1.504080178385,2.5));
#4708 = ( GEOMETRIC_REPRESENTATION_CONTEXT(2) 
PARAMETRIC_REPRESENTATION_CONTEXT() REPRESENTATION_CONTEXT('2D SPACE',''
  ) );
#4709 = ORIENTED_EDGE('',*,*,#4710,.F.);
#4710 = EDGE_CURVE('',#4711,#4671,#4713,.T.);
#4711 = VERTEX_POINT('',#4712);
#4712 = CARTESIAN_POINT('',(17.02249798288,2.464662740183,2.25));
#4713 = SURFACE_CURVE('',#4714,(#4729,#4740),.PCURVE_S1.);
#4714 = B_SPLINE_CURVE_WITH_KNOTS('',4,(#4715,#4716,#4717,#4718,#4719,
    #4720,#4721,#4722,#4723,#4724,#4725,#4726,#4727,#4728),
  .UNSPECIFIED.,.F.,.F.,(5,3,3,3,5),(0.,0.374636308816,0.540300529189,
    0.700893118322,1.),.UNSPECIFIED.);
#4715 = CARTESIAN_POINT('',(17.02249798288,2.464662740183,2.25));
#4716 = CARTESIAN_POINT('',(17.02249798288,2.464662740183,2.357024086236
    ));
#4717 = CARTESIAN_POINT('',(17.025459897935,2.444243713506,2.46391619815
    ));
#4718 = CARTESIAN_POINT('',(17.031343103071,2.403491352237,
    2.564747153474));
#4719 = CARTESIAN_POINT('',(17.042842308591,2.319955714203,
    2.693813846073));
#4720 = CARTESIAN_POINT('',(17.04677829121,2.290984217256,2.731178634269
    ));
#4721 = CARTESIAN_POINT('',(17.051054844294,2.258928443128,
    2.765894585662));
#4722 = CARTESIAN_POINT('',(17.059982716778,2.19046675836,2.82834444981)
  );
#4723 = CARTESIAN_POINT('',(17.064619011048,2.154223051832,
    2.856260684875));
#4724 = CARTESIAN_POINT('',(17.069420731589,2.115778383362,
    2.881028636899));
#4725 = CARTESIAN_POINT('',(17.083419076242,2.000622328281,
    2.942259736234));
#4726 = CARTESIAN_POINT('',(17.09283904391,1.919485894438,2.970393571636
    ));
#4727 = CARTESIAN_POINT('',(17.102060111832,1.834890088752,
    2.985317523527));
#4728 = CARTESIAN_POINT('',(17.110742239891,1.75,2.98695812381));
#4729 = PCURVE('',#2276,#4730);
#4730 = DEFINITIONAL_REPRESENTATION('',(#4731),#4739);
#4731 = B_SPLINE_CURVE_WITH_KNOTS('',6,(#4732,#4733,#4734,#4735,#4736,
    #4737,#4738),.UNSPECIFIED.,.F.,.F.,(7,7),(0.,1.),
  .PIECEWISE_BEZIER_KNOTS.);
#4732 = CARTESIAN_POINT('',(0.143789316222,8.25));
#4733 = CARTESIAN_POINT('',(0.143789316222,8.440449748582));
#4734 = CARTESIAN_POINT('',(0.140371695698,8.630418015667));
#4735 = CARTESIAN_POINT('',(0.133550366435,8.798248944522));
#4736 = CARTESIAN_POINT('',(0.123971142291,8.920274541446));
#4737 = CARTESIAN_POINT('',(0.112978393838,8.98330145929));
#4738 = CARTESIAN_POINT('',(0.10192054944,8.98695812381));
#4739 = ( GEOMETRIC_REPRESENTATION_CONTEXT(2) 
PARAMETRIC_REPRESENTATION_CONTEXT() REPRESENTATION_CONTEXT('2D SPACE',''
  ) );
#4740 = PCURVE('',#4741,#4746);
#4741 = SPHERICAL_SURFACE('',#4742,0.75);
#4742 = AXIS2_PLACEMENT_3D('',#4743,#4744,#4745);
#4743 = CARTESIAN_POINT('',(17.25,1.75,2.25));
#4744 = DIRECTION('',(-0.,-1.,-0.));
#4745 = DIRECTION('',(-1.,0.,0.));
#4746 = DEFINITIONAL_REPRESENTATION('',(#4747),#4768);
#4747 = B_SPLINE_CURVE_WITH_KNOTS('',10,(#4748,#4749,#4750,#4751,#4752,
    #4753,#4754,#4755,#4756,#4757,#4758,#4759,#4760,#4761,#4762,#4763,
    #4764,#4765,#4766,#4767),.UNSPECIFIED.,.F.,.F.,(11,9,11),(0.,0.5,1.)
  ,.UNSPECIFIED.);
#4748 = CARTESIAN_POINT('',(0.,-1.262604638337));
#4749 = CARTESIAN_POINT('',(-0.251140298877,-1.262604638337));
#4750 = CARTESIAN_POINT('',(-0.502014216717,-1.24131255766));
#4751 = CARTESIAN_POINT('',(-0.711477495235,-1.198434877449));
#4752 = CARTESIAN_POINT('',(-0.821403011912,-1.142582321321));
#4753 = CARTESIAN_POINT('',(-0.939397813258,-1.085080080782));
#4754 = CARTESIAN_POINT('',(-1.009219507614,-1.019283124566));
#4755 = CARTESIAN_POINT('',(-1.075047572995,-0.953204573962));
#4756 = CARTESIAN_POINT('',(-1.125302876597,-0.884139263584));
#4757 = CARTESIAN_POINT('',(-1.16757234398,-0.813816464335));
#4758 = CARTESIAN_POINT('',(-1.238388953448,-0.67085978186));
#4759 = CARTESIAN_POINT('',(-1.267028412048,-0.598255310167));
#4760 = CARTESIAN_POINT('',(-1.290829598694,-0.524860418593));
#4761 = CARTESIAN_POINT('',(-1.310990829012,-0.450883646123));
#4762 = CARTESIAN_POINT('',(-1.328248292665,-0.376453898906));
#4763 = CARTESIAN_POINT('',(-1.343077623456,-0.301656380251));
#4764 = CARTESIAN_POINT('',(-1.355826906929,-0.226556911832));
#4765 = CARTESIAN_POINT('',(-1.366781125475,-0.151214646129));
#4766 = CARTESIAN_POINT('',(-1.37615804094,-7.568317008774E-02));
#4767 = CARTESIAN_POINT('',(-1.384035514735,0.));
#4768 = ( GEOMETRIC_REPRESENTATION_CONTEXT(2) 
PARAMETRIC_REPRESENTATION_CONTEXT() REPRESENTATION_CONTEXT('2D SPACE',''
  ) );
#4769 = ORIENTED_EDGE('',*,*,#4770,.F.);
#4770 = EDGE_CURVE('',#4771,#4711,#4773,.T.);
#4771 = VERTEX_POINT('',#4772);
#4772 = CARTESIAN_POINT('',(17.02249798288,2.464662740183,-2.25));
#4773 = SURFACE_CURVE('',#4774,(#4778,#4784),.PCURVE_S1.);
#4774 = LINE('',#4775,#4776);
#4775 = CARTESIAN_POINT('',(17.02249798288,2.464662740183,-6.));
#4776 = VECTOR('',#4777,1.);
#4777 = DIRECTION('',(0.,0.,1.));
#4778 = PCURVE('',#2276,#4779);
#4779 = DEFINITIONAL_REPRESENTATION('',(#4780),#4783);
#4780 = B_SPLINE_CURVE_WITH_KNOTS('',1,(#4781,#4782),.UNSPECIFIED.,.F.,
  .F.,(2,2),(3.7499994,8.2500006),.PIECEWISE_BEZIER_KNOTS.);
#4781 = CARTESIAN_POINT('',(0.143789316222,3.7499994));
#4782 = CARTESIAN_POINT('',(0.143789316222,8.2500006));
#4783 = ( GEOMETRIC_REPRESENTATION_CONTEXT(2) 
PARAMETRIC_REPRESENTATION_CONTEXT() REPRESENTATION_CONTEXT('2D SPACE',''
  ) );
#4784 = PCURVE('',#4785,#4790);
#4785 = CYLINDRICAL_SURFACE('',#4786,0.75);
#4786 = AXIS2_PLACEMENT_3D('',#4787,#4788,#4789);
#4787 = CARTESIAN_POINT('',(17.25,1.75,-3.));
#4788 = DIRECTION('',(0.,0.,1.));
#4789 = DIRECTION('',(-1.,0.,0.));
#4790 = DEFINITIONAL_REPRESENTATION('',(#4791),#4794);
#4791 = B_SPLINE_CURVE_WITH_KNOTS('',1,(#4792,#4793),.UNSPECIFIED.,.F.,
  .F.,(2,2),(3.7499994,8.2500006),.PIECEWISE_BEZIER_KNOTS.);
#4792 = CARTESIAN_POINT('',(-1.262604638337,0.7499994));
#4793 = CARTESIAN_POINT('',(-1.262604638337,5.2500006));
#4794 = ( GEOMETRIC_REPRESENTATION_CONTEXT(2) 
PARAMETRIC_REPRESENTATION_CONTEXT() REPRESENTATION_CONTEXT('2D SPACE',''
  ) );
#4795 = ORIENTED_EDGE('',*,*,#4796,.F.);
#4796 = EDGE_CURVE('',#4797,#4771,#4799,.T.);
#4797 = VERTEX_POINT('',#4798);
#4798 = CARTESIAN_POINT('',(17.110742239891,1.75,-2.98695812381));
#4799 = SURFACE_CURVE('',#4800,(#4818,#4829),.PCURVE_S1.);
#4800 = B_SPLINE_CURVE_WITH_KNOTS('',4,(#4801,#4802,#4803,#4804,#4805,
    #4806,#4807,#4808,#4809,#4810,#4811,#4812,#4813,#4814,#4815,#4816,
    #4817),.UNSPECIFIED.,.F.,.F.,(5,3,3,3,3,5),(0.,0.300316413067,
    0.462173543173,0.629833215841,0.806330496688,1.),.UNSPECIFIED.);
#4801 = CARTESIAN_POINT('',(17.110742239891,1.75,-2.98695812381));
#4802 = CARTESIAN_POINT('',(17.102024319449,1.835240051173,
    -2.985310760094));
#4803 = CARTESIAN_POINT('',(17.092762959648,1.920183592884,
    -2.970270251433));
#4804 = CARTESIAN_POINT('',(17.083302587677,2.001625625292,
    -2.941911119083));
#4805 = CARTESIAN_POINT('',(17.06923372445,2.117291944906,
    -2.880121855365));
#4806 = CARTESIAN_POINT('',(17.064397775254,2.155980094639,
    -2.855055008552));
#4807 = CARTESIAN_POINT('',(17.059731753158,2.192422768294,
    -2.82679585413));
#4808 = CARTESIAN_POINT('',(17.050737322926,2.261328561412,
    -2.763445771482));
#4809 = CARTESIAN_POINT('',(17.046426503578,2.293603309783,
    -2.728144993417));
#4810 = CARTESIAN_POINT('',(17.042468065091,2.322703686111,
    -2.690147762596));
#4811 = CARTESIAN_POINT('',(17.035212815568,2.375345659947,
    -2.607555619654));
#4812 = CARTESIAN_POINT('',(17.031961344116,2.398514325022,
    -2.56271670927));
#4813 = CARTESIAN_POINT('',(17.029262474689,2.417527562505,
    -2.515929776913));
#4814 = CARTESIAN_POINT('',(17.024864110046,2.448319191443,
    -2.414980371176));
#4815 = CARTESIAN_POINT('',(17.02328694767,2.459214404152,
    -2.360538368478));
#4816 = CARTESIAN_POINT('',(17.02249798288,2.464662740183,
    -2.305274023982));
#4817 = CARTESIAN_POINT('',(17.02249798288,2.464662740183,-2.25));
#4818 = PCURVE('',#2276,#4819);
#4819 = DEFINITIONAL_REPRESENTATION('',(#4820),#4828);
#4820 = B_SPLINE_CURVE_WITH_KNOTS('',6,(#4821,#4822,#4823,#4824,#4825,
    #4826,#4827),.UNSPECIFIED.,.F.,.F.,(7,7),(0.,1.),
  .PIECEWISE_BEZIER_KNOTS.);
#4821 = CARTESIAN_POINT('',(0.10192054944,3.01304187619));
#4822 = CARTESIAN_POINT('',(0.112979260869,3.016698827425));
#4823 = CARTESIAN_POINT('',(0.123973505289,3.07973566713));
#4824 = CARTESIAN_POINT('',(0.13355064309,3.20180147597));
#4825 = CARTESIAN_POINT('',(0.140376319406,3.369559772936));
#4826 = CARTESIAN_POINT('',(0.143789316222,3.559730759407));
#4827 = CARTESIAN_POINT('',(0.143789316222,3.75));
#4828 = ( GEOMETRIC_REPRESENTATION_CONTEXT(2) 
PARAMETRIC_REPRESENTATION_CONTEXT() REPRESENTATION_CONTEXT('2D SPACE',''
  ) );
#4829 = PCURVE('',#4830,#4835);
#4830 = SPHERICAL_SURFACE('',#4831,0.75);
#4831 = AXIS2_PLACEMENT_3D('',#4832,#4833,#4834);
#4832 = CARTESIAN_POINT('',(17.25,1.75,-2.25));
#4833 = DIRECTION('',(0.,0.,1.));
#4834 = DIRECTION('',(-1.,0.,0.));
#4835 = DEFINITIONAL_REPRESENTATION('',(#4836),#4855);
#4836 = B_SPLINE_CURVE_WITH_KNOTS('',9,(#4837,#4838,#4839,#4840,#4841,
    #4842,#4843,#4844,#4845,#4846,#4847,#4848,#4849,#4850,#4851,#4852,
    #4853,#4854),.UNSPECIFIED.,.F.,.F.,(10,8,10),(0.,0.25,1.),
  .UNSPECIFIED.);
#4837 = CARTESIAN_POINT('',(0.,-1.384035514735));
#4838 = CARTESIAN_POINT('',(-0.226465848427,-1.379658797259));
#4839 = CARTESIAN_POINT('',(-0.441024200623,-1.36430760749));
#4840 = CARTESIAN_POINT('',(-0.608969576408,-1.338786831664));
#4841 = CARTESIAN_POINT('',(-0.714249029785,-1.308232464886));
#4842 = CARTESIAN_POINT('',(-0.811961500465,-1.274975747496));
#4843 = CARTESIAN_POINT('',(-0.877981528853,-1.23915502918));
#4844 = CARTESIAN_POINT('',(-0.935257563446,-1.202077878652));
#4845 = CARTESIAN_POINT('',(-0.980826056974,-1.163863885314));
#4846 = CARTESIAN_POINT('',(-1.132128226609,-1.007846968911));
#4847 = CARTESIAN_POINT('',(-1.174632554455,-0.883675637464));
#4848 = CARTESIAN_POINT('',(-1.21185621853,-0.759516356919));
#4849 = CARTESIAN_POINT('',(-1.227672797741,-0.632954931149));
#4850 = CARTESIAN_POINT('',(-1.245311624425,-0.507211598459));
#4851 = CARTESIAN_POINT('',(-1.253162452456,-0.380344767907));
#4852 = CARTESIAN_POINT('',(-1.259669676334,-0.25366802884));
#4853 = CARTESIAN_POINT('',(-1.262604638337,-0.126846160395));
#4854 = CARTESIAN_POINT('',(-1.262604638337,0.));
#4855 = ( GEOMETRIC_REPRESENTATION_CONTEXT(2) 
PARAMETRIC_REPRESENTATION_CONTEXT() REPRESENTATION_CONTEXT('2D SPACE',''
  ) );
#4856 = ORIENTED_EDGE('',*,*,#4857,.T.);
#4857 = EDGE_CURVE('',#4797,#4858,#4860,.T.);
#4858 = VERTEX_POINT('',#4859);
#4859 = CARTESIAN_POINT('',(17.114288727921,1.714969775364,
    -2.987619448382));
#4860 = SURFACE_CURVE('',#4861,(#4869,#4880),.PCURVE_S1.);
#4861 = B_SPLINE_CURVE_WITH_KNOTS('',6,(#4862,#4863,#4864,#4865,#4866,
    #4867,#4868),.UNSPECIFIED.,.F.,.F.,(7,7),(0.,1.),
  .PIECEWISE_BEZIER_KNOTS.);
#4862 = CARTESIAN_POINT('',(17.110742178526,1.7500006,-2.986958112214));
#4863 = CARTESIAN_POINT('',(17.140406350367,1.459957272987,
    -2.992563543348));
#4864 = CARTESIAN_POINT('',(17.164241516993,1.168618135632,
    -2.995583504428));
#4865 = CARTESIAN_POINT('',(17.182109657053,0.876811522789,
    -2.997136090256));
#4866 = CARTESIAN_POINT('',(17.194029012172,0.584799348508,
    -2.997932529344));
#4867 = CARTESIAN_POINT('',(17.2,0.292548076972,-2.998331477355));
#4868 = CARTESIAN_POINT('',(17.2,0.,-2.998331477355));
#4869 = PCURVE('',#2276,#4870);
#4870 = DEFINITIONAL_REPRESENTATION('',(#4871),#4879);
#4871 = B_SPLINE_CURVE_WITH_KNOTS('',6,(#4872,#4873,#4874,#4875,#4876,
    #4877,#4878),.UNSPECIFIED.,.F.,.F.,(7,7),(0.,1.),
  .PIECEWISE_BEZIER_KNOTS.);
#4872 = CARTESIAN_POINT('',(0.101920584506,3.013041887786));
#4873 = CARTESIAN_POINT('',(8.496963498038E-02,3.007436456652));
#4874 = CARTESIAN_POINT('',(6.797822190615E-02,3.004416495572));
#4875 = CARTESIAN_POINT('',(5.098628467103E-02,3.002863909744));
#4876 = CARTESIAN_POINT('',(3.399995811044E-02,3.002067470656));
#4877 = CARTESIAN_POINT('',(1.70086091263E-02,3.001668522645));
#4878 = CARTESIAN_POINT('',(0.,3.001668522645));
#4879 = ( GEOMETRIC_REPRESENTATION_CONTEXT(2) 
PARAMETRIC_REPRESENTATION_CONTEXT() REPRESENTATION_CONTEXT('2D SPACE',''
  ) );
#4880 = PCURVE('',#4881,#4886);
#4881 = CYLINDRICAL_SURFACE('',#4882,0.75);
#4882 = AXIS2_PLACEMENT_3D('',#4883,#4884,#4885);
#4883 = CARTESIAN_POINT('',(17.25,-2.5,-2.25));
#4884 = DIRECTION('',(0.,1.,0.));
#4885 = DIRECTION('',(-1.,0.,0.));
#4886 = DEFINITIONAL_REPRESENTATION('',(#4887),#4895);
#4887 = B_SPLINE_CURVE_WITH_KNOTS('',6,(#4888,#4889,#4890,#4891,#4892,
    #4893,#4894),.UNSPECIFIED.,.F.,.F.,(7,7),(0.,1.),
  .PIECEWISE_BEZIER_KNOTS.);
#4888 = CARTESIAN_POINT('',(-1.384035431467,4.2500006));
#4889 = CARTESIAN_POINT('',(-1.42428761317,3.959957272987));
#4890 = CARTESIAN_POINT('',(-1.456263017899,3.668618135632));
#4891 = CARTESIAN_POINT('',(-1.480173762314,3.376811522789));
#4892 = CARTESIAN_POINT('',(-1.496100927793,3.084799348508));
#4893 = CARTESIAN_POINT('',(-1.504080178385,2.792548076972));
#4894 = CARTESIAN_POINT('',(-1.504080178385,2.5));
#4895 = ( GEOMETRIC_REPRESENTATION_CONTEXT(2) 
PARAMETRIC_REPRESENTATION_CONTEXT() REPRESENTATION_CONTEXT('2D SPACE',''
  ) );
#4896 = ORIENTED_EDGE('',*,*,#4897,.F.);
#4897 = EDGE_CURVE('',#4898,#4858,#4900,.T.);
#4898 = VERTEX_POINT('',#4899);
#4899 = CARTESIAN_POINT('',(17.154518355232,1.25,-3.352013260632));
#4900 = SURFACE_CURVE('',#4901,(#4924,#4950),.PCURVE_S1.);
#4901 = B_SPLINE_CURVE_WITH_KNOTS('',6,(#4902,#4903,#4904,#4905,#4906,
    #4907,#4908,#4909,#4910,#4911,#4912,#4913,#4914,#4915,#4916,#4917,
    #4918,#4919,#4920,#4921,#4922,#4923),.UNSPECIFIED.,.F.,.F.,(7,5,5,5,
    7),(0.,0.24612364106,0.396914401276,0.568779812457,1.),
  .UNSPECIFIED.);
#4902 = CARTESIAN_POINT('',(17.154518355232,1.25,-3.352013260632));
#4903 = CARTESIAN_POINT('',(17.151705764847,1.288598906717,
    -3.346895198717));
#4904 = CARTESIAN_POINT('',(17.148826635143,1.326673042383,
    -3.33861809287));
#4905 = CARTESIAN_POINT('',(17.145918884138,1.363774674,-3.327281466544)
  );
#4906 = CARTESIAN_POINT('',(17.143021165084,1.399553812818,
    -3.313089885157));
#4907 = CARTESIAN_POINT('',(17.140173291806,1.433704741841,
    -3.296305739741));
#4908 = CARTESIAN_POINT('',(17.13571990783,1.48576487829,-3.265582262082
    ));
#4909 = CARTESIAN_POINT('',(17.134059842724,1.504848494935,
    -3.253054890699));
#4910 = CARTESIAN_POINT('',(17.132439322069,1.52318974732,
    -3.239740738759));
#4911 = CARTESIAN_POINT('',(17.130865104995,1.540754401037,
    -3.225709835244));
#4912 = CARTESIAN_POINT('',(17.129342924321,1.557519697621,
    -3.211030370872));
#4913 = CARTESIAN_POINT('',(17.126207131166,1.591654068429,
    -3.178366858944));
#4914 = CARTESIAN_POINT('',(17.124610533406,1.608779394019,
    -3.160208347256));
#4915 = CARTESIAN_POINT('',(17.12309437475,1.624830308186,-3.14138130538
    ));
#4916 = CARTESIAN_POINT('',(17.121663892722,1.639801061123,
    -3.121970823638));
#4917 = CARTESIAN_POINT('',(17.120323009349,1.653694680301,
    -3.102052760944));
#4918 = CARTESIAN_POINT('',(17.115941951656,1.698698440354,
    -3.030601897234));
#4919 = CARTESIAN_POINT('',(17.1133945485,1.724113662217,-2.976777377172
    ));
#4920 = CARTESIAN_POINT('',(17.111468015209,1.74299045918,
    -2.921132832009));
#4921 = CARTESIAN_POINT('',(17.110183773059,1.75546314108,
    -2.864423087173));
#4922 = CARTESIAN_POINT('',(17.109540132164,1.761714070409,
    -2.807247076691));
#4923 = CARTESIAN_POINT('',(17.109540132164,1.761714070409,-2.75));
#4924 = PCURVE('',#2276,#4925);
#4925 = DEFINITIONAL_REPRESENTATION('',(#4926),#4949);
#4926 = B_SPLINE_CURVE_WITH_KNOTS('',6,(#4927,#4928,#4929,#4930,#4931,
    #4932,#4933,#4934,#4935,#4936,#4937,#4938,#4939,#4940,#4941,#4942,
    #4943,#4944,#4945,#4946,#4947,#4948),.UNSPECIFIED.,.F.,.F.,(7,5,5,5,
    7),(0.,0.24612364106,0.396914401276,0.568779812457,1.),
  .UNSPECIFIED.);
#4927 = CARTESIAN_POINT('',(7.273854364671E-02,2.647986739368));
#4928 = CARTESIAN_POINT('',(7.498861595524E-02,2.653104801283));
#4929 = CARTESIAN_POINT('',(7.72085401395E-02,2.66138190713));
#4930 = CARTESIAN_POINT('',(7.937221435064E-02,2.672718533456));
#4931 = CARTESIAN_POINT('',(8.145919859612E-02,2.686910114843));
#4932 = CARTESIAN_POINT('',(8.345160488577E-02,2.703694260259));
#4933 = CARTESIAN_POINT('',(8.648941112584E-02,2.734417737918));
#4934 = CARTESIAN_POINT('',(8.760311254915E-02,2.746945109301));
#4935 = CARTESIAN_POINT('',(8.867361714292E-02,2.760259261241));
#4936 = CARTESIAN_POINT('',(8.969891003577E-02,2.774290164756));
#4937 = CARTESIAN_POINT('',(9.067764534986E-02,2.788969629128));
#4938 = CARTESIAN_POINT('',(9.267055842001E-02,2.821633141056));
#4939 = CARTESIAN_POINT('',(9.367053367662E-02,2.839791652744));
#4940 = CARTESIAN_POINT('',(9.460787940739E-02,2.85861869462));
#4941 = CARTESIAN_POINT('',(9.548223576736E-02,2.878029176362));
#4942 = CARTESIAN_POINT('',(9.629375723335E-02,2.897947239056));
#4943 = CARTESIAN_POINT('',(9.892262364951E-02,2.969398102766));
#4944 = CARTESIAN_POINT('',(0.100407650625,3.023222622828));
#4945 = CARTESIAN_POINT('',(0.101510839517,3.078867167991));
#4946 = CARTESIAN_POINT('',(0.102239829109,3.135576912827));
#4947 = CARTESIAN_POINT('',(0.102605176751,3.192752923309));
#4948 = CARTESIAN_POINT('',(0.102605176751,3.25));
#4949 = ( GEOMETRIC_REPRESENTATION_CONTEXT(2) 
PARAMETRIC_REPRESENTATION_CONTEXT() REPRESENTATION_CONTEXT('2D SPACE',''
  ) );
#4950 = PCURVE('',#4951,#4956);
#4951 = SPHERICAL_SURFACE('',#4952,1.25);
#4952 = AXIS2_PLACEMENT_3D('',#4953,#4954,#4955);
#4953 = CARTESIAN_POINT('',(18.25,1.25,-2.75));
#4954 = DIRECTION('',(0.,0.,1.));
#4955 = DIRECTION('',(-1.,1.7763568394E-16,0.));
#4956 = DEFINITIONAL_REPRESENTATION('',(#4957),#4980);
#4957 = B_SPLINE_CURVE_WITH_KNOTS('',6,(#4958,#4959,#4960,#4961,#4962,
    #4963,#4964,#4965,#4966,#4967,#4968,#4969,#4970,#4971,#4972,#4973,
    #4974,#4975,#4976,#4977,#4978,#4979),.UNSPECIFIED.,.F.,.F.,(7,5,5,5,
    7),(0.,0.24612364106,0.396914401276,0.568779812457,1.),
  .UNSPECIFIED.);
#4958 = CARTESIAN_POINT('',(0.,-0.502491572165));
#4959 = CARTESIAN_POINT('',(-3.523464487208E-02,-0.497819598025));
#4960 = CARTESIAN_POINT('',(-6.977322434116E-02,-0.49027839042));
#4961 = CARTESIAN_POINT('',(-0.103047450674,-0.479991228825));
#4962 = CARTESIAN_POINT('',(-0.13463032897,-0.467210038991));
#4963 = CARTESIAN_POINT('',(-0.164247887633,-0.452243156595));
#4964 = CARTESIAN_POINT('',(-0.208591597506,-0.425134822135));
#4965 = CARTESIAN_POINT('',(-0.224648250118,-0.414140693406));
#4966 = CARTESIAN_POINT('',(-0.239885630864,-0.4025247051));
#4967 = CARTESIAN_POINT('',(-0.254294737263,-0.390358930778));
#4968 = CARTESIAN_POINT('',(-0.26788113647,-0.377710674394));
#4969 = CARTESIAN_POINT('',(-0.295222968331,-0.349740922906));
#4970 = CARTESIAN_POINT('',(-0.308736078017,-0.334293451166));
#4971 = CARTESIAN_POINT('',(-0.321221886428,-0.318383347089));
#4972 = CARTESIAN_POINT('',(-0.33271514338,-0.302086072583));
#4973 = CARTESIAN_POINT('',(-0.343255930867,-0.285464895008));
#4974 = CARTESIAN_POINT('',(-0.377040261308,-0.226178883614));
#4975 = CARTESIAN_POINT('',(-0.395421818611,-0.182111676394));
#4976 = CARTESIAN_POINT('',(-0.408728532455,-0.137079007584));
#4977 = CARTESIAN_POINT('',(-0.417413502103,-9.153852188989E-02));
#4978 = CARTESIAN_POINT('',(-0.421764821626,-4.579766135265E-02));
#4979 = CARTESIAN_POINT('',(-0.421764821626,0.));
#4980 = ( GEOMETRIC_REPRESENTATION_CONTEXT(2) 
PARAMETRIC_REPRESENTATION_CONTEXT() REPRESENTATION_CONTEXT('2D SPACE',''
  ) );
#4981 = ORIENTED_EDGE('',*,*,#4982,.T.);
#4982 = EDGE_CURVE('',#4898,#4983,#4985,.T.);
#4983 = VERTEX_POINT('',#4984);
#4984 = CARTESIAN_POINT('',(17.2,-4.212784989067E-15,-3.428232998313));
#4985 = SURFACE_CURVE('',#4986,(#4994,#5005),.PCURVE_S1.);
#4986 = B_SPLINE_CURVE_WITH_KNOTS('',6,(#4987,#4988,#4989,#4990,#4991,
    #4992,#4993),.UNSPECIFIED.,.F.,.F.,(7,7),(0.,1.),
  .PIECEWISE_BEZIER_KNOTS.);
#4987 = CARTESIAN_POINT('',(17.154518311512,1.2500006,-3.352013181074));
#4988 = CARTESIAN_POINT('',(17.169523654128,1.044073159098,
    -3.379318360733));
#4989 = CARTESIAN_POINT('',(17.181732013524,0.835605006711,
    -3.399598985846));
#4990 = CARTESIAN_POINT('',(17.190848099082,0.62691107532,
    -3.414064456872));
#4991 = CARTESIAN_POINT('',(17.196932913904,0.418440746923,
    -3.423484717957));
#4992 = CARTESIAN_POINT('',(17.2,0.209669608501,-3.428232998313));
#4993 = CARTESIAN_POINT('',(17.2,0.,-3.428232998313));
#4994 = PCURVE('',#2276,#4995);
#4995 = DEFINITIONAL_REPRESENTATION('',(#4996),#5004);
#4996 = B_SPLINE_CURVE_WITH_KNOTS('',6,(#4997,#4998,#4999,#5000,#5001,
    #5002,#5003),.UNSPECIFIED.,.F.,.F.,(7,7),(0.,1.),
  .PIECEWISE_BEZIER_KNOTS.);
#4997 = CARTESIAN_POINT('',(7.273857862291E-02,2.647986818926));
#4998 = CARTESIAN_POINT('',(6.07343102918E-02,2.620681639267));
#4999 = CARTESIAN_POINT('',(4.859453903411E-02,2.600401014154));
#5000 = CARTESIAN_POINT('',(3.645160117867E-02,2.585935543128));
#5001 = CARTESIAN_POINT('',(2.432794390757E-02,2.576515282043));
#5002 = CARTESIAN_POINT('',(1.219009351748E-02,2.571767001687));
#5003 = CARTESIAN_POINT('',(0.,2.571767001687));
#5004 = ( GEOMETRIC_REPRESENTATION_CONTEXT(2) 
PARAMETRIC_REPRESENTATION_CONTEXT() REPRESENTATION_CONTEXT('2D SPACE',''
  ) );
#5005 = PCURVE('',#5006,#5011);
#5006 = CYLINDRICAL_SURFACE('',#5007,1.25);
#5007 = AXIS2_PLACEMENT_3D('',#5008,#5009,#5010);
#5008 = CARTESIAN_POINT('',(18.25,-2.5,-2.75));
#5009 = DIRECTION('',(0.,1.,0.));
#5010 = DIRECTION('',(-1.,0.,0.));
#5011 = DEFINITIONAL_REPRESENTATION('',(#5012),#5020);
#5012 = B_SPLINE_CURVE_WITH_KNOTS('',6,(#5013,#5014,#5015,#5016,#5017,
    #5018,#5019),.UNSPECIFIED.,.F.,.F.,(7,7),(0.,1.),
  .PIECEWISE_BEZIER_KNOTS.);
#5013 = CARTESIAN_POINT('',(-0.502491499541,3.7500006));
#5014 = CARTESIAN_POINT('',(-0.527416772091,3.544073159098));
#5015 = CARTESIAN_POINT('',(-0.546339692617,3.335605006711));
#5016 = CARTESIAN_POINT('',(-0.560020269297,3.12691107532));
#5017 = CARTESIAN_POINT('',(-0.568990617594,2.918440746923));
#5018 = CARTESIAN_POINT('',(-0.573513104423,2.709669608501));
#5019 = CARTESIAN_POINT('',(-0.573513104423,2.5));
#5020 = ( GEOMETRIC_REPRESENTATION_CONTEXT(2) 
PARAMETRIC_REPRESENTATION_CONTEXT() REPRESENTATION_CONTEXT('2D SPACE',''
  ) );
#5021 = ORIENTED_EDGE('',*,*,#5022,.F.);
#5022 = EDGE_CURVE('',#2260,#4983,#5023,.T.);
#5023 = SEAM_CURVE('',#5024,(#5028,#5035),.PCURVE_S1.);
#5024 = LINE('',#5025,#5026);
#5025 = CARTESIAN_POINT('',(17.2,-4.212784989067E-15,-6.));
#5026 = VECTOR('',#5027,1.);
#5027 = DIRECTION('',(0.,0.,1.));
#5028 = PCURVE('',#2276,#5029);
#5029 = DEFINITIONAL_REPRESENTATION('',(#5030),#5034);
#5030 = LINE('',#5031,#5032);
#5031 = CARTESIAN_POINT('',(6.28318530718,-0.));
#5032 = VECTOR('',#5033,1.);
#5033 = DIRECTION('',(0.,1.));
#5034 = ( GEOMETRIC_REPRESENTATION_CONTEXT(2) 
PARAMETRIC_REPRESENTATION_CONTEXT() REPRESENTATION_CONTEXT('2D SPACE',''
  ) );
#5035 = PCURVE('',#2276,#5036);
#5036 = DEFINITIONAL_REPRESENTATION('',(#5037),#5041);
#5037 = LINE('',#5038,#5039);
#5038 = CARTESIAN_POINT('',(0.,-0.));
#5039 = VECTOR('',#5040,1.);
#5040 = DIRECTION('',(0.,1.));
#5041 = ( GEOMETRIC_REPRESENTATION_CONTEXT(2) 
PARAMETRIC_REPRESENTATION_CONTEXT() REPRESENTATION_CONTEXT('2D SPACE',''
  ) );
#5042 = ORIENTED_EDGE('',*,*,#2259,.T.);
#5043 = ORIENTED_EDGE('',*,*,#5022,.T.);
#5044 = ORIENTED_EDGE('',*,*,#5045,.F.);
#5045 = EDGE_CURVE('',#5046,#4983,#5048,.T.);
#5046 = VERTEX_POINT('',#5047);
#5047 = CARTESIAN_POINT('',(17.154518355232,-1.25,-3.352013260632));
#5048 = SURFACE_CURVE('',#5049,(#5057,#5068),.PCURVE_S1.);
#5049 = B_SPLINE_CURVE_WITH_KNOTS('',6,(#5050,#5051,#5052,#5053,#5054,
    #5055,#5056),.UNSPECIFIED.,.F.,.F.,(7,7),(0.,1.),
  .PIECEWISE_BEZIER_KNOTS.);
#5050 = CARTESIAN_POINT('',(17.154518311512,-1.2500006,-3.352013181074)
  );
#5051 = CARTESIAN_POINT('',(17.169523654128,-1.044073159098,
    -3.379318360733));
#5052 = CARTESIAN_POINT('',(17.181732013524,-0.835605006712,
    -3.399598985846));
#5053 = CARTESIAN_POINT('',(17.190848099082,-0.626911075319,
    -3.414064456872));
#5054 = CARTESIAN_POINT('',(17.196932913904,-0.418440746923,
    -3.423484717957));
#5055 = CARTESIAN_POINT('',(17.2,-0.209669608501,-3.428232998313));
#5056 = CARTESIAN_POINT('',(17.2,-3.996802888651E-15,-3.428232998313));
#5057 = PCURVE('',#2276,#5058);
#5058 = DEFINITIONAL_REPRESENTATION('',(#5059),#5067);
#5059 = B_SPLINE_CURVE_WITH_KNOTS('',6,(#5060,#5061,#5062,#5063,#5064,
    #5065,#5066),.UNSPECIFIED.,.F.,.F.,(7,7),(0.,1.),
  .PIECEWISE_BEZIER_KNOTS.);
#5060 = CARTESIAN_POINT('',(6.210446728557,2.647986818926));
#5061 = CARTESIAN_POINT('',(6.222450996888,2.620681639267));
#5062 = CARTESIAN_POINT('',(6.234590768145,2.600401014154));
#5063 = CARTESIAN_POINT('',(6.246733706001,2.585935543128));
#5064 = CARTESIAN_POINT('',(6.258857363272,2.576515282043));
#5065 = CARTESIAN_POINT('',(6.270995213662,2.571767001687));
#5066 = CARTESIAN_POINT('',(6.28318530718,2.571767001687));
#5067 = ( GEOMETRIC_REPRESENTATION_CONTEXT(2) 
PARAMETRIC_REPRESENTATION_CONTEXT() REPRESENTATION_CONTEXT('2D SPACE',''
  ) );
#5068 = PCURVE('',#5006,#5069);
#5069 = DEFINITIONAL_REPRESENTATION('',(#5070),#5078);
#5070 = B_SPLINE_CURVE_WITH_KNOTS('',6,(#5071,#5072,#5073,#5074,#5075,
    #5076,#5077),.UNSPECIFIED.,.F.,.F.,(7,7),(0.,1.),
  .PIECEWISE_BEZIER_KNOTS.);
#5071 = CARTESIAN_POINT('',(-0.502491499541,1.2499994));
#5072 = CARTESIAN_POINT('',(-0.527416772091,1.455926840902));
#5073 = CARTESIAN_POINT('',(-0.546339692617,1.664394993289));
#5074 = CARTESIAN_POINT('',(-0.560020269298,1.87308892468));
#5075 = CARTESIAN_POINT('',(-0.568990617594,2.081559253077));
#5076 = CARTESIAN_POINT('',(-0.573513104423,2.290330391499));
#5077 = CARTESIAN_POINT('',(-0.573513104423,2.5));
#5078 = ( GEOMETRIC_REPRESENTATION_CONTEXT(2) 
PARAMETRIC_REPRESENTATION_CONTEXT() REPRESENTATION_CONTEXT('2D SPACE',''
  ) );
#5079 = ORIENTED_EDGE('',*,*,#5080,.F.);
#5080 = EDGE_CURVE('',#5081,#5046,#5083,.T.);
#5081 = VERTEX_POINT('',#5082);
#5082 = CARTESIAN_POINT('',(17.114288727168,-1.714969785555,
    -2.987619448243));
#5083 = SURFACE_CURVE('',#5084,(#5107,#5133),.PCURVE_S1.);
#5084 = B_SPLINE_CURVE_WITH_KNOTS('',6,(#5085,#5086,#5087,#5088,#5089,
    #5090,#5091,#5092,#5093,#5094,#5095,#5096,#5097,#5098,#5099,#5100,
    #5101,#5102,#5103,#5104,#5105,#5106),.UNSPECIFIED.,.F.,.F.,(7,5,5,5,
    7),(0.,0.431468747659,0.603257491573,0.753710571994,1.),
  .UNSPECIFIED.);
#5085 = CARTESIAN_POINT('',(17.109540132164,-1.761714070409,-2.75));
#5086 = CARTESIAN_POINT('',(17.109540132164,-1.761714070409,
    -2.807397402712));
#5087 = CARTESIAN_POINT('',(17.110187119129,-1.75543086398,
    -2.864602312866));
#5088 = CARTESIAN_POINT('',(17.111473151417,-1.742939991399,
    -2.921318212889));
#5089 = CARTESIAN_POINT('',(17.113401754584,-1.724043099609,
    -2.976982078942));
#5090 = CARTESIAN_POINT('',(17.115953436255,-1.698583484164,
    -3.0308383709));
#5091 = CARTESIAN_POINT('',(17.120338256048,-1.653536849221,
    -3.102281676902));
#5092 = CARTESIAN_POINT('',(17.121679160874,-1.639641652599,
    -3.122182726736));
#5093 = CARTESIAN_POINT('',(17.123109526417,-1.62467062124,
    -3.141576279703));
#5094 = CARTESIAN_POINT('',(17.124625431283,-1.60862077185,
    -3.160386565397));
#5095 = CARTESIAN_POINT('',(17.126221640493,-1.591497895558,
    -3.178528605456));
#5096 = CARTESIAN_POINT('',(17.129353832407,-1.557399397229,
    -3.211134615231));
#5097 = CARTESIAN_POINT('',(17.130872627368,-1.540670107989,
    -3.225775051617));
#5098 = CARTESIAN_POINT('',(17.132443184818,-1.523145407349,
    -3.239769779062));
#5099 = CARTESIAN_POINT('',(17.134059810983,-1.504847917505,
    -3.25305109721));
#5100 = CARTESIAN_POINT('',(17.135715795508,-1.485811629632,
    -3.265549486416));
#5101 = CARTESIAN_POINT('',(17.140166143389,-1.433790462114,
    -3.296263606071));
#5102 = CARTESIAN_POINT('',(17.143015345856,-1.399625662245,
    -3.313061378042));
#5103 = CARTESIAN_POINT('',(17.145914503461,-1.363830567907,
    -3.327264384505));
#5104 = CARTESIAN_POINT('',(17.148823743187,-1.326711286215,
    -3.338609778839));
#5105 = CARTESIAN_POINT('',(17.151704352825,-1.288618284757,
    -3.346892629266));
#5106 = CARTESIAN_POINT('',(17.154518355232,-1.25,-3.352013260632));
#5107 = PCURVE('',#2276,#5108);
#5108 = DEFINITIONAL_REPRESENTATION('',(#5109),#5132);
#5109 = B_SPLINE_CURVE_WITH_KNOTS('',6,(#5110,#5111,#5112,#5113,#5114,
    #5115,#5116,#5117,#5118,#5119,#5120,#5121,#5122,#5123,#5124,#5125,
    #5126,#5127,#5128,#5129,#5130,#5131),.UNSPECIFIED.,.F.,.F.,(7,5,5,5,
    7),(0.,0.431468747659,0.603257491573,0.753710571994,1.),
  .UNSPECIFIED.);
#5110 = CARTESIAN_POINT('',(6.180580130428,3.25));
#5111 = CARTESIAN_POINT('',(6.180580130428,3.192602597288));
#5112 = CARTESIAN_POINT('',(6.180947364717,3.135397687134));
#5113 = CARTESIAN_POINT('',(6.181677416978,3.078681787111));
#5114 = CARTESIAN_POINT('',(6.182781780369,3.023017921058));
#5115 = CARTESIAN_POINT('',(6.184269400279,2.9691616291));
#5116 = CARTESIAN_POINT('',(6.186900768885,2.897718323098));
#5117 = CARTESIAN_POINT('',(6.187712381759,2.877817273264));
#5118 = CARTESIAN_POINT('',(6.188586753588,2.858423720297));
#5119 = CARTESIAN_POINT('',(6.1895240363,2.839613434603));
#5120 = CARTESIAN_POINT('',(6.190523867675,2.821471394544));
#5121 = CARTESIAN_POINT('',(6.192514684727,2.788865384769));
#5122 = CARTESIAN_POINT('',(6.193491317371,2.774224948383));
#5123 = CARTESIAN_POINT('',(6.194514277698,2.760230220938));
#5124 = CARTESIAN_POINT('',(6.195582227913,2.74694890279));
#5125 = CARTESIAN_POINT('',(6.196693167465,2.734450513584));
#5126 = CARTESIAN_POINT('',(6.199728701269,2.703736393929));
#5127 = CARTESIAN_POINT('',(6.201721917631,2.686938621958));
#5128 = CARTESIAN_POINT('',(6.203809833236,2.672735615495));
#5129 = CARTESIAN_POINT('',(6.205974537222,2.661390221161));
#5130 = CARTESIAN_POINT('',(6.208195561607,2.653107370734));
#5131 = CARTESIAN_POINT('',(6.210446763533,2.647986739368));
#5132 = ( GEOMETRIC_REPRESENTATION_CONTEXT(2) 
PARAMETRIC_REPRESENTATION_CONTEXT() REPRESENTATION_CONTEXT('2D SPACE',''
  ) );
#5133 = PCURVE('',#5134,#5139);
#5134 = SPHERICAL_SURFACE('',#5135,1.25);
#5135 = AXIS2_PLACEMENT_3D('',#5136,#5137,#5138);
#5136 = CARTESIAN_POINT('',(18.25,-1.25,-2.75));
#5137 = DIRECTION('',(0.,0.,1.));
#5138 = DIRECTION('',(-1.,0.,0.));
#5139 = DEFINITIONAL_REPRESENTATION('',(#5140),#5163);
#5140 = B_SPLINE_CURVE_WITH_KNOTS('',6,(#5141,#5142,#5143,#5144,#5145,
    #5146,#5147,#5148,#5149,#5150,#5151,#5152,#5153,#5154,#5155,#5156,
    #5157,#5158,#5159,#5160,#5161,#5162),.UNSPECIFIED.,.F.,.F.,(7,5,5,5,
    7),(0.,0.431468747659,0.603257491573,0.753710571994,1.),
  .UNSPECIFIED.);
#5141 = CARTESIAN_POINT('',(0.421764821626,0.));
#5142 = CARTESIAN_POINT('',(0.421764821626,-4.59179221697E-02));
#5143 = CARTESIAN_POINT('',(0.41739150639,-9.168196813062E-02));
#5144 = CARTESIAN_POINT('',(0.408692539011,-0.137228557794));
#5145 = CARTESIAN_POINT('',(0.395372212134,-0.182277405566));
#5146 = CARTESIAN_POINT('',(0.376956759603,-0.226372719799));
#5147 = CARTESIAN_POINT('',(0.343136324427,-0.285655791223));
#5148 = CARTESIAN_POINT('',(0.332593105594,-0.30226370831));
#5149 = CARTESIAN_POINT('',(0.321098298796,-0.318547674544));
#5150 = CARTESIAN_POINT('',(0.308611910588,-0.334444473443));
#5151 = CARTESIAN_POINT('',(0.295099292765,-0.349878720371));
#5152 = CARTESIAN_POINT('',(0.267783520459,-0.377800562689));
#5153 = CARTESIAN_POINT('',(0.254225312619,-0.390415609075));
#5154 = CARTESIAN_POINT('',(0.23984834441,-0.402550226844));
#5155 = CARTESIAN_POINT('',(0.224647126887,-0.414137589006));
#5156 = CARTESIAN_POINT('',(0.208630606356,-0.42510614587));
#5157 = CARTESIAN_POINT('',(0.164322227831,-0.452205584813));
#5158 = CARTESIAN_POINT('',(0.134693751187,-0.467184365705));
#5159 = CARTESIAN_POINT('',(0.103097577439,-0.479975727678));
#5160 = CARTESIAN_POINT('',(6.980791716493E-02,-0.490270815743));
#5161 = CARTESIAN_POINT('',(3.525233393112E-02,-0.497817252526));
#5162 = CARTESIAN_POINT('',(0.,-0.502491572165));
#5163 = ( GEOMETRIC_REPRESENTATION_CONTEXT(2) 
PARAMETRIC_REPRESENTATION_CONTEXT() REPRESENTATION_CONTEXT('2D SPACE',''
  ) );
#5164 = ORIENTED_EDGE('',*,*,#5165,.F.);
#5165 = EDGE_CURVE('',#5166,#5081,#5168,.T.);
#5166 = VERTEX_POINT('',#5167);
#5167 = CARTESIAN_POINT('',(17.110742239891,-1.75,-2.98695812381));
#5168 = SURFACE_CURVE('',#5169,(#5177,#5188),.PCURVE_S1.);
#5169 = B_SPLINE_CURVE_WITH_KNOTS('',6,(#5170,#5171,#5172,#5173,#5174,
    #5175,#5176),.UNSPECIFIED.,.F.,.F.,(7,7),(0.,1.),
  .PIECEWISE_BEZIER_KNOTS.);
#5170 = CARTESIAN_POINT('',(17.110742178526,-1.7500006,-2.986958112214)
  );
#5171 = CARTESIAN_POINT('',(17.140406350367,-1.459957272987,
    -2.992563543348));
#5172 = CARTESIAN_POINT('',(17.164241516993,-1.168618135632,
    -2.995583504428));
#5173 = CARTESIAN_POINT('',(17.182109657053,-0.876811522789,
    -2.997136090256));
#5174 = CARTESIAN_POINT('',(17.194029012172,-0.584799348508,
    -2.997932529344));
#5175 = CARTESIAN_POINT('',(17.2,-0.292548076973,-2.998331477355));
#5176 = CARTESIAN_POINT('',(17.2,-3.996802888651E-15,-2.998331477355));
#5177 = PCURVE('',#2276,#5178);
#5178 = DEFINITIONAL_REPRESENTATION('',(#5179),#5187);
#5179 = B_SPLINE_CURVE_WITH_KNOTS('',6,(#5180,#5181,#5182,#5183,#5184,
    #5185,#5186),.UNSPECIFIED.,.F.,.F.,(7,7),(0.,1.),
  .PIECEWISE_BEZIER_KNOTS.);
#5180 = CARTESIAN_POINT('',(6.181264722674,3.013041887786));
#5181 = CARTESIAN_POINT('',(6.198215672199,3.007436456652));
#5182 = CARTESIAN_POINT('',(6.215207085273,3.004416495572));
#5183 = CARTESIAN_POINT('',(6.232199022509,3.002863909744));
#5184 = CARTESIAN_POINT('',(6.249185349069,3.002067470656));
#5185 = CARTESIAN_POINT('',(6.266176698053,3.001668522645));
#5186 = CARTESIAN_POINT('',(6.28318530718,3.001668522645));
#5187 = ( GEOMETRIC_REPRESENTATION_CONTEXT(2) 
PARAMETRIC_REPRESENTATION_CONTEXT() REPRESENTATION_CONTEXT('2D SPACE',''
  ) );
#5188 = PCURVE('',#4881,#5189);
#5189 = DEFINITIONAL_REPRESENTATION('',(#5190),#5198);
#5190 = B_SPLINE_CURVE_WITH_KNOTS('',6,(#5191,#5192,#5193,#5194,#5195,
    #5196,#5197),.UNSPECIFIED.,.F.,.F.,(7,7),(0.,1.),
  .PIECEWISE_BEZIER_KNOTS.);
#5191 = CARTESIAN_POINT('',(-1.384035431467,0.7499994));
#5192 = CARTESIAN_POINT('',(-1.42428761317,1.040042727013));
#5193 = CARTESIAN_POINT('',(-1.456263017899,1.331381864368));
#5194 = CARTESIAN_POINT('',(-1.480173762314,1.623188477211));
#5195 = CARTESIAN_POINT('',(-1.496100927793,1.915200651492));
#5196 = CARTESIAN_POINT('',(-1.504080178385,2.207451923027));
#5197 = CARTESIAN_POINT('',(-1.504080178385,2.5));
#5198 = ( GEOMETRIC_REPRESENTATION_CONTEXT(2) 
PARAMETRIC_REPRESENTATION_CONTEXT() REPRESENTATION_CONTEXT('2D SPACE',''
  ) );
#5199 = ORIENTED_EDGE('',*,*,#5200,.F.);
#5200 = EDGE_CURVE('',#5201,#5166,#5203,.T.);
#5201 = VERTEX_POINT('',#5202);
#5202 = CARTESIAN_POINT('',(17.02249798288,-2.464662740183,-2.25));
#5203 = SURFACE_CURVE('',#5204,(#5219,#5230),.PCURVE_S1.);
#5204 = B_SPLINE_CURVE_WITH_KNOTS('',4,(#5205,#5206,#5207,#5208,#5209,
    #5210,#5211,#5212,#5213,#5214,#5215,#5216,#5217,#5218),
  .UNSPECIFIED.,.F.,.F.,(5,3,3,3,5),(0.,0.385075063165,0.546325791788,
    0.703780243427,1.),.UNSPECIFIED.);
#5205 = CARTESIAN_POINT('',(17.02249798288,-2.464662740183,-2.25));
#5206 = CARTESIAN_POINT('',(17.02249798288,-2.464662740183,
    -2.360182487193));
#5207 = CARTESIAN_POINT('',(17.025636271324,-2.443033335699,
    -2.470000300836));
#5208 = CARTESIAN_POINT('',(17.031846850351,-2.399996841875,
    -2.57323968629));
#5209 = CARTESIAN_POINT('',(17.043727465383,-2.313443109084,
    -2.702327441932));
#5210 = CARTESIAN_POINT('',(17.047614296482,-2.284748537284,
    -2.738283669609));
#5211 = CARTESIAN_POINT('',(17.051816061676,-2.253165104264,
    -2.771693987919));
#5212 = CARTESIAN_POINT('',(17.060590079631,-2.185725287123,
    -2.832052815844));
#5213 = CARTESIAN_POINT('',(17.06515169105,-2.149986083971,
    -2.859135924795));
#5214 = CARTESIAN_POINT('',(17.069868068775,-2.112152939325,
    -2.883179170698));
#5215 = CARTESIAN_POINT('',(17.083694863653,-1.998244949478,
    -2.943079947725));
#5216 = CARTESIAN_POINT('',(17.093019145732,-1.917833612674,
    -2.970683807934));
#5217 = CARTESIAN_POINT('',(17.102144873902,-1.834061321934,
    -2.985333540415));
#5218 = CARTESIAN_POINT('',(17.110742239891,-1.75,-2.98695812381));
#5219 = PCURVE('',#2276,#5220);
#5220 = DEFINITIONAL_REPRESENTATION('',(#5221),#5229);
#5221 = B_SPLINE_CURVE_WITH_KNOTS('',6,(#5222,#5223,#5224,#5225,#5226,
    #5227,#5228),.UNSPECIFIED.,.F.,.F.,(7,7),(0.,1.),
  .PIECEWISE_BEZIER_KNOTS.);
#5222 = CARTESIAN_POINT('',(6.139395990958,3.75));
#5223 = CARTESIAN_POINT('',(6.139395990958,3.559245005745));
#5224 = CARTESIAN_POINT('',(6.142821868399,3.369631189893));
#5225 = CARTESIAN_POINT('',(6.149633548766,3.201680860079));
#5226 = CARTESIAN_POINT('',(6.159218140026,3.079709629255));
#5227 = CARTESIAN_POINT('',(6.170208145306,3.016698133318));
#5228 = CARTESIAN_POINT('',(6.181264757739,3.01304187619));
#5229 = ( GEOMETRIC_REPRESENTATION_CONTEXT(2) 
PARAMETRIC_REPRESENTATION_CONTEXT() REPRESENTATION_CONTEXT('2D SPACE',''
  ) );
#5230 = PCURVE('',#5231,#5236);
#5231 = SPHERICAL_SURFACE('',#5232,0.75);
#5232 = AXIS2_PLACEMENT_3D('',#5233,#5234,#5235);
#5233 = CARTESIAN_POINT('',(17.25,-1.75,-2.25));
#5234 = DIRECTION('',(0.,0.,1.));
#5235 = DIRECTION('',(-1.,0.,0.));
#5236 = DEFINITIONAL_REPRESENTATION('',(#5237),#5264);
#5237 = B_SPLINE_CURVE_WITH_KNOTS('',9,(#5238,#5239,#5240,#5241,#5242,
    #5243,#5244,#5245,#5246,#5247,#5248,#5249,#5250,#5251,#5252,#5253,
    #5254,#5255,#5256,#5257,#5258,#5259,#5260,#5261,#5262,#5263),
  .UNSPECIFIED.,.F.,.F.,(10,8,8,10),(0.,0.5,0.75,1.),.UNSPECIFIED.);
#5238 = CARTESIAN_POINT('',(1.262604638337,0.));
#5239 = CARTESIAN_POINT('',(1.262604638337,-8.477999744654E-02));
#5240 = CARTESIAN_POINT('',(1.261252355256,-0.16942436915));
#5241 = CARTESIAN_POINT('',(1.258604001639,-0.253943593792));
#5242 = CARTESIAN_POINT('',(1.254496393169,-0.338370827831));
#5243 = CARTESIAN_POINT('',(1.248696968947,-0.422726758725));
#5244 = CARTESIAN_POINT('',(1.240902838019,-0.50699422463));
#5245 = CARTESIAN_POINT('',(1.23058885216,-0.591102600576));
#5246 = CARTESIAN_POINT('',(1.2167047049,-0.674921951132));
#5247 = CARTESIAN_POINT('',(1.187479232777,-0.799939448744));
#5248 = CARTESIAN_POINT('',(1.176321837858,-0.841490240481));
#5249 = CARTESIAN_POINT('',(1.163517544985,-0.882899097677));
#5250 = CARTESIAN_POINT('',(1.148674361398,-0.924124508539));
#5251 = CARTESIAN_POINT('',(1.13131638576,-0.965117362857));
#5252 = CARTESIAN_POINT('',(1.110841591706,-1.005818511546));
#5253 = CARTESIAN_POINT('',(1.086360637815,-1.046140199423));
#5254 = CARTESIAN_POINT('',(1.056416704023,-1.085931371233));
#5255 = CARTESIAN_POINT('',(0.980756004913,-1.163922330583));
#5256 = CARTESIAN_POINT('',(0.935182162423,-1.202127608643));
#5257 = CARTESIAN_POINT('',(0.877902318533,-1.239196060531));
#5258 = CARTESIAN_POINT('',(0.811872244261,-1.275007889086));
#5259 = CARTESIAN_POINT('',(0.714165032958,-1.308255802018));
#5260 = CARTESIAN_POINT('',(0.608874156313,-1.33880158552));
#5261 = CARTESIAN_POINT('',(0.44094194778,-1.364313450246));
#5262 = CARTESIAN_POINT('',(0.22642286415,-1.37965962798));
#5263 = CARTESIAN_POINT('',(0.,-1.384035514735));
#5264 = ( GEOMETRIC_REPRESENTATION_CONTEXT(2) 
PARAMETRIC_REPRESENTATION_CONTEXT() REPRESENTATION_CONTEXT('2D SPACE',''
  ) );
#5265 = ORIENTED_EDGE('',*,*,#5266,.T.);
#5266 = EDGE_CURVE('',#5201,#5267,#5269,.T.);
#5267 = VERTEX_POINT('',#5268);
#5268 = CARTESIAN_POINT('',(17.02249798288,-2.464662740183,2.25));
#5269 = SURFACE_CURVE('',#5270,(#5274,#5280),.PCURVE_S1.);
#5270 = LINE('',#5271,#5272);
#5271 = CARTESIAN_POINT('',(17.02249798288,-2.464662740183,-6.));
#5272 = VECTOR('',#5273,1.);
#5273 = DIRECTION('',(0.,0.,1.));
#5274 = PCURVE('',#2276,#5275);
#5275 = DEFINITIONAL_REPRESENTATION('',(#5276),#5279);
#5276 = B_SPLINE_CURVE_WITH_KNOTS('',1,(#5277,#5278),.UNSPECIFIED.,.F.,
  .F.,(2,2),(3.7499994,8.2500006),.PIECEWISE_BEZIER_KNOTS.);
#5277 = CARTESIAN_POINT('',(6.139395990958,3.7499994));
#5278 = CARTESIAN_POINT('',(6.139395990958,8.2500006));
#5279 = ( GEOMETRIC_REPRESENTATION_CONTEXT(2) 
PARAMETRIC_REPRESENTATION_CONTEXT() REPRESENTATION_CONTEXT('2D SPACE',''
  ) );
#5280 = PCURVE('',#5281,#5286);
#5281 = CYLINDRICAL_SURFACE('',#5282,0.75);
#5282 = AXIS2_PLACEMENT_3D('',#5283,#5284,#5285);
#5283 = CARTESIAN_POINT('',(17.25,-1.75,-3.));
#5284 = DIRECTION('',(0.,0.,1.));
#5285 = DIRECTION('',(-1.,0.,0.));
#5286 = DEFINITIONAL_REPRESENTATION('',(#5287),#5290);
#5287 = B_SPLINE_CURVE_WITH_KNOTS('',1,(#5288,#5289),.UNSPECIFIED.,.F.,
  .F.,(2,2),(3.7499994,8.2500006),.PIECEWISE_BEZIER_KNOTS.);
#5288 = CARTESIAN_POINT('',(1.262604638337,0.7499994));
#5289 = CARTESIAN_POINT('',(1.262604638337,5.2500006));
#5290 = ( GEOMETRIC_REPRESENTATION_CONTEXT(2) 
PARAMETRIC_REPRESENTATION_CONTEXT() REPRESENTATION_CONTEXT('2D SPACE',''
  ) );
#5291 = ORIENTED_EDGE('',*,*,#5292,.F.);
#5292 = EDGE_CURVE('',#5293,#5267,#5295,.T.);
#5293 = VERTEX_POINT('',#5294);
#5294 = CARTESIAN_POINT('',(17.110742239891,-1.75,2.98695812381));
#5295 = SURFACE_CURVE('',#5296,(#5317,#5328),.PCURVE_S1.);
#5296 = B_SPLINE_CURVE_WITH_KNOTS('',4,(#5297,#5298,#5299,#5300,#5301,
    #5302,#5303,#5304,#5305,#5306,#5307,#5308,#5309,#5310,#5311,#5312,
    #5313,#5314,#5315,#5316),.UNSPECIFIED.,.F.,.F.,(5,3,3,3,3,3,5),(0.,
    0.148628331939,0.301963103398,0.464859362062,0.634331234298,
    0.888869664966,1.),.UNSPECIFIED.);
#5297 = CARTESIAN_POINT('',(17.110742239891,-1.75,2.98695812381));
#5298 = CARTESIAN_POINT('',(17.106427658908,-1.792186104614,
    2.986142827982));
#5299 = CARTESIAN_POINT('',(17.101980730794,-1.834295851363,
    2.982047759202));
#5300 = CARTESIAN_POINT('',(17.097441560888,-1.875947730661,
    2.974680646274));
#5301 = CARTESIAN_POINT('',(17.088139964152,-1.958894832891,
    2.953263079538));
#5302 = CARTESIAN_POINT('',(17.083374769181,-2.000138154203,
    2.939008028451));
#5303 = CARTESIAN_POINT('',(17.078626220518,-2.040102153412,
    2.921480787724));
#5304 = CARTESIAN_POINT('',(17.069005276846,-2.119136829307,
    2.878999064881));
#5305 = CARTESIAN_POINT('',(17.064143201972,-2.157997671102,
    2.853648779284));
#5306 = CARTESIAN_POINT('',(17.05945543253,-2.194573196244,
    2.825072474642));
#5307 = CARTESIAN_POINT('',(17.050408456086,-2.263810749594,
    2.760882196661));
#5308 = CARTESIAN_POINT('',(17.046069613492,-2.296256379915,
    2.725029374854));
#5309 = CARTESIAN_POINT('',(17.042094469701,-2.325443199042,
    2.686439345208));
#5310 = CARTESIAN_POINT('',(17.03324226471,-2.389596063008,2.5842291932)
  );
#5311 = CARTESIAN_POINT('',(17.028912086646,-2.420112548038,
    2.517760874058));
#5312 = CARTESIAN_POINT('',(17.025817356867,-2.441658645251,
    2.447804400364));
#5313 = CARTESIAN_POINT('',(17.023277107952,-2.459281558958,
    2.344984795004));
#5314 = CARTESIAN_POINT('',(17.022757704978,-2.462868964365,
    2.31342684527));
#5315 = CARTESIAN_POINT('',(17.02249798288,-2.464662740183,
    2.281714851139));
#5316 = CARTESIAN_POINT('',(17.02249798288,-2.464662740183,2.25));
#5317 = PCURVE('',#2276,#5318);
#5318 = DEFINITIONAL_REPRESENTATION('',(#5319),#5327);
#5319 = B_SPLINE_CURVE_WITH_KNOTS('',6,(#5320,#5321,#5322,#5323,#5324,
    #5325,#5326),.UNSPECIFIED.,.F.,.F.,(7,7),(0.,1.),
  .PIECEWISE_BEZIER_KNOTS.);
#5320 = CARTESIAN_POINT('',(6.181264757739,8.98695812381));
#5321 = CARTESIAN_POINT('',(6.170205965133,8.983301145731));
#5322 = CARTESIAN_POINT('',(6.159213510427,8.920271402511));
#5323 = CARTESIAN_POINT('',(6.149634051767,8.798200004243));
#5324 = CARTESIAN_POINT('',(6.142809032769,8.630453502922));
#5325 = CARTESIAN_POINT('',(6.139395990958,8.440256189603));
#5326 = CARTESIAN_POINT('',(6.139395990958,8.25));
#5327 = ( GEOMETRIC_REPRESENTATION_CONTEXT(2) 
PARAMETRIC_REPRESENTATION_CONTEXT() REPRESENTATION_CONTEXT('2D SPACE',''
  ) );
#5328 = PCURVE('',#5329,#5334);
#5329 = SPHERICAL_SURFACE('',#5330,0.75);
#5330 = AXIS2_PLACEMENT_3D('',#5331,#5332,#5333);
#5331 = CARTESIAN_POINT('',(17.25,-1.75,2.25));
#5332 = DIRECTION('',(-0.,-0.,-1.));
#5333 = DIRECTION('',(-1.,0.,0.));
#5334 = DEFINITIONAL_REPRESENTATION('',(#5335),#5354);
#5335 = B_SPLINE_CURVE_WITH_KNOTS('',9,(#5336,#5337,#5338,#5339,#5340,
    #5341,#5342,#5343,#5344,#5345,#5346,#5347,#5348,#5349,#5350,#5351,
    #5352,#5353),.UNSPECIFIED.,.F.,.F.,(10,8,10),(0.,0.25,1.),
  .UNSPECIFIED.);
#5336 = CARTESIAN_POINT('',(-7.334637451139E-14,-1.384035514735));
#5337 = CARTESIAN_POINT('',(-0.226467510826,-1.379658765131));
#5338 = CARTESIAN_POINT('',(-0.441014749384,-1.364307873742));
#5339 = CARTESIAN_POINT('',(-0.608949826546,-1.338789676982));
#5340 = CARTESIAN_POINT('',(-0.714241903352,-1.308236961631));
#5341 = CARTESIAN_POINT('',(-0.811949481056,-1.274979744841));
#5342 = CARTESIAN_POINT('',(-0.87797230728,-1.239159609126));
#5343 = CARTESIAN_POINT('',(-0.935248189078,-1.202082966287));
#5344 = CARTESIAN_POINT('',(-0.980816663864,-1.16387098742));
#5345 = CARTESIAN_POINT('',(-1.132120638219,-1.007860808552));
#5346 = CARTESIAN_POINT('',(-1.174635267188,-0.883687792799));
#5347 = CARTESIAN_POINT('',(-1.211852831197,-0.759497112651));
#5348 = CARTESIAN_POINT('',(-1.227672485409,-0.633009394982));
#5349 = CARTESIAN_POINT('',(-1.24531040241,-0.507165732988));
#5350 = CARTESIAN_POINT('',(-1.253164052461,-0.380374675397));
#5351 = CARTESIAN_POINT('',(-1.259669720407,-0.253655514525));
#5352 = CARTESIAN_POINT('',(-1.262604638337,-0.126837459736));
#5353 = CARTESIAN_POINT('',(-1.262604638337,0.));
#5354 = ( GEOMETRIC_REPRESENTATION_CONTEXT(2) 
PARAMETRIC_REPRESENTATION_CONTEXT() REPRESENTATION_CONTEXT('2D SPACE',''
  ) );
#5355 = ORIENTED_EDGE('',*,*,#5356,.T.);
#5356 = EDGE_CURVE('',#5293,#4403,#5357,.T.);
#5357 = SURFACE_CURVE('',#5358,(#5366,#5377),.PCURVE_S1.);
#5358 = B_SPLINE_CURVE_WITH_KNOTS('',6,(#5359,#5360,#5361,#5362,#5363,
    #5364,#5365),.UNSPECIFIED.,.F.,.F.,(7,7),(0.,1.),
  .PIECEWISE_BEZIER_KNOTS.);
#5359 = CARTESIAN_POINT('',(17.110742178526,-1.7500006,2.986958112214));
#5360 = CARTESIAN_POINT('',(17.140406350367,-1.459957272987,
    2.992563543348));
#5361 = CARTESIAN_POINT('',(17.164241516993,-1.168618135632,
    2.995583504428));
#5362 = CARTESIAN_POINT('',(17.182109657053,-0.876811522789,
    2.997136090256));
#5363 = CARTESIAN_POINT('',(17.194029012172,-0.584799348508,
    2.997932529344));
#5364 = CARTESIAN_POINT('',(17.2,-0.292548076972,2.998331477355));
#5365 = CARTESIAN_POINT('',(17.2,-3.996802888651E-15,2.998331477355));
#5366 = PCURVE('',#2276,#5367);
#5367 = DEFINITIONAL_REPRESENTATION('',(#5368),#5376);
#5368 = B_SPLINE_CURVE_WITH_KNOTS('',6,(#5369,#5370,#5371,#5372,#5373,
    #5374,#5375),.UNSPECIFIED.,.F.,.F.,(7,7),(0.,1.),
  .PIECEWISE_BEZIER_KNOTS.);
#5369 = CARTESIAN_POINT('',(6.181264722674,8.986958112214));
#5370 = CARTESIAN_POINT('',(6.198215672199,8.992563543348));
#5371 = CARTESIAN_POINT('',(6.215207085273,8.995583504428));
#5372 = CARTESIAN_POINT('',(6.232199022509,8.997136090256));
#5373 = CARTESIAN_POINT('',(6.249185349069,8.997932529344));
#5374 = CARTESIAN_POINT('',(6.266176698053,8.998331477355));
#5375 = CARTESIAN_POINT('',(6.28318530718,8.998331477355));
#5376 = ( GEOMETRIC_REPRESENTATION_CONTEXT(2) 
PARAMETRIC_REPRESENTATION_CONTEXT() REPRESENTATION_CONTEXT('2D SPACE',''
  ) );
#5377 = PCURVE('',#4694,#5378);
#5378 = DEFINITIONAL_REPRESENTATION('',(#5379),#5387);
#5379 = B_SPLINE_CURVE_WITH_KNOTS('',6,(#5380,#5381,#5382,#5383,#5384,
    #5385,#5386),.UNSPECIFIED.,.F.,.F.,(7,7),(0.,1.),
  .PIECEWISE_BEZIER_KNOTS.);
#5380 = CARTESIAN_POINT('',(1.384035431467,0.7499994));
#5381 = CARTESIAN_POINT('',(1.42428761317,1.040042727013));
#5382 = CARTESIAN_POINT('',(1.456263017899,1.331381864367));
#5383 = CARTESIAN_POINT('',(1.480173762314,1.623188477211));
#5384 = CARTESIAN_POINT('',(1.496100927793,1.915200651492));
#5385 = CARTESIAN_POINT('',(1.504080178385,2.207451923028));
#5386 = CARTESIAN_POINT('',(1.504080178385,2.5));
#5387 = ( GEOMETRIC_REPRESENTATION_CONTEXT(2) 
PARAMETRIC_REPRESENTATION_CONTEXT() REPRESENTATION_CONTEXT('2D SPACE',''
  ) );
#5388 = FACE_BOUND('',#5389,.F.);
#5389 = EDGE_LOOP('',(#5390,#5391,#5447,#5468,#5522,#5523,#5524,#5589,
    #5610,#5673));
#5390 = ORIENTED_EDGE('',*,*,#2597,.F.);
#5391 = ORIENTED_EDGE('',*,*,#5392,.F.);
#5392 = EDGE_CURVE('',#5393,#2598,#5395,.T.);
#5393 = VERTEX_POINT('',#5394);
#5394 = CARTESIAN_POINT('',(-6.578190321208,15.892369618718,-2.25));
#5395 = SURFACE_CURVE('',#5396,(#5411,#5429),.PCURVE_S1.);
#5396 = B_SPLINE_CURVE_WITH_KNOTS('',7,(#5397,#5398,#5399,#5400,#5401,
    #5402,#5403,#5404,#5405,#5406,#5407,#5408,#5409,#5410),
  .UNSPECIFIED.,.F.,.F.,(8,6,8),(0.,0.758009066472,1.),.UNSPECIFIED.);
#5397 = CARTESIAN_POINT('',(-6.578190321208,15.892369618718,-2.25));
#5398 = CARTESIAN_POINT('',(-6.578190321208,15.892369618718,
    -2.324490483957));
#5399 = CARTESIAN_POINT('',(-6.586815784566,15.888799361327,
    -2.39848943753));
#5400 = CARTESIAN_POINT('',(-6.603871388888,15.881739661408,
    -2.471570303417));
#5401 = CARTESIAN_POINT('',(-6.629533890452,15.871082919467,
    -2.542805754208));
#5402 = CARTESIAN_POINT('',(-6.663846386587,15.856746180234,
    -2.61085934492));
#5403 = CARTESIAN_POINT('',(-6.706391248431,15.838787789113,
    -2.673907695417));
#5404 = CARTESIAN_POINT('',(-6.771524535475,15.810969268615,
    -2.748218903346));
#5405 = CARTESIAN_POINT('',(-6.787964981298,15.803925860644,
    -2.765497189072));
#5406 = CARTESIAN_POINT('',(-6.805021373519,15.79659433493,
    -2.782001958455));
#5407 = CARTESIAN_POINT('',(-6.822605598382,15.789009164394,
    -2.797654510158));
#5408 = CARTESIAN_POINT('',(-6.840597320389,15.781219434821,
    -2.812377686114));
#5409 = CARTESIAN_POINT('',(-6.858845569938,15.773288734937,
    -2.826107314971));
#5410 = CARTESIAN_POINT('',(-6.877178861073,15.765291336122,
    -2.838804017846));
#5411 = PCURVE('',#2276,#5412);
#5412 = DEFINITIONAL_REPRESENTATION('',(#5413),#5428);
#5413 = B_SPLINE_CURVE_WITH_KNOTS('',7,(#5414,#5415,#5416,#5417,#5418,
    #5419,#5420,#5421,#5422,#5423,#5424,#5425,#5426,#5427),
  .UNSPECIFIED.,.F.,.F.,(8,6,8),(0.,0.758009066472,1.),.UNSPECIFIED.);
#5414 = CARTESIAN_POINT('',(1.963245922713,3.75));
#5415 = CARTESIAN_POINT('',(1.963245922713,3.675509516043));
#5416 = CARTESIAN_POINT('',(1.963788665432,3.60151056247));
#5417 = CARTESIAN_POINT('',(1.964861858929,3.528429696583));
#5418 = CARTESIAN_POINT('',(1.966477397463,3.457194245792));
#5419 = CARTESIAN_POINT('',(1.968639428811,3.38914065508));
#5420 = CARTESIAN_POINT('',(1.971324273672,3.326092304583));
#5421 = CARTESIAN_POINT('',(1.975442020406,3.251781096654));
#5422 = CARTESIAN_POINT('',(1.976481885374,3.234502810928));
#5423 = CARTESIAN_POINT('',(1.977561264232,3.217998041545));
#5424 = CARTESIAN_POINT('',(1.978674660821,3.202345489842));
#5425 = CARTESIAN_POINT('',(1.979814523121,3.187622313886));
#5426 = CARTESIAN_POINT('',(1.980971330219,3.173892685029));
#5427 = CARTESIAN_POINT('',(1.98213421968,3.161195982154));
#5428 = ( GEOMETRIC_REPRESENTATION_CONTEXT(2) 
PARAMETRIC_REPRESENTATION_CONTEXT() REPRESENTATION_CONTEXT('2D SPACE',''
  ) );
#5429 = PCURVE('',#2658,#5430);
#5430 = DEFINITIONAL_REPRESENTATION('',(#5431),#5446);
#5431 = B_SPLINE_CURVE_WITH_KNOTS('',7,(#5432,#5433,#5434,#5435,#5436,
    #5437,#5438,#5439,#5440,#5441,#5442,#5443,#5444,#5445),
  .UNSPECIFIED.,.F.,.F.,(8,6,8),(0.,0.758009066472,1.),.UNSPECIFIED.);
#5432 = CARTESIAN_POINT('',(-0.263564255973,0.));
#5433 = CARTESIAN_POINT('',(-0.263564255973,-9.932064527649E-02));
#5434 = CARTESIAN_POINT('',(-0.258817229794,-0.197988562039));
#5435 = CARTESIAN_POINT('',(-0.249435394454,-0.297019178299));
#5436 = CARTESIAN_POINT('',(-0.234665586158,-0.396731197424));
#5437 = CARTESIAN_POINT('',(-0.21320483202,-0.496985806794));
#5438 = CARTESIAN_POINT('',(-0.182643614467,-0.597129973929));
#5439 = CARTESIAN_POINT('',(-0.123047007226,-0.726123607132));
#5440 = CARTESIAN_POINT('',(-0.10715165086,-0.757064040361));
#5441 = CARTESIAN_POINT('',(-8.962222680319E-02,-0.787628412226));
#5442 = CARTESIAN_POINT('',(-7.029029808624E-02,-0.817677348086));
#5443 = CARTESIAN_POINT('',(-4.898540219465E-02,-0.847031339663));
#5444 = CARTESIAN_POINT('',(-2.556949826626E-02,-0.875481408617));
#5445 = CARTESIAN_POINT('',(0.,-0.902812397568));
#5446 = ( GEOMETRIC_REPRESENTATION_CONTEXT(2) 
PARAMETRIC_REPRESENTATION_CONTEXT() REPRESENTATION_CONTEXT('2D SPACE',''
  ) );
#5447 = ORIENTED_EDGE('',*,*,#5448,.T.);
#5448 = EDGE_CURVE('',#5393,#5449,#5451,.T.);
#5449 = VERTEX_POINT('',#5450);
#5450 = CARTESIAN_POINT('',(-6.578190321208,15.892369618718,2.25));
#5451 = SURFACE_CURVE('',#5452,(#5456,#5462),.PCURVE_S1.);
#5452 = LINE('',#5453,#5454);
#5453 = CARTESIAN_POINT('',(-6.578190321208,15.892369618718,-6.));
#5454 = VECTOR('',#5455,1.);
#5455 = DIRECTION('',(0.,0.,1.));
#5456 = PCURVE('',#2276,#5457);
#5457 = DEFINITIONAL_REPRESENTATION('',(#5458),#5461);
#5458 = B_SPLINE_CURVE_WITH_KNOTS('',1,(#5459,#5460),.UNSPECIFIED.,.F.,
  .F.,(2,2),(3.7499994,8.2500006),.PIECEWISE_BEZIER_KNOTS.);
#5459 = CARTESIAN_POINT('',(1.963245922713,3.7499994));
#5460 = CARTESIAN_POINT('',(1.963245922713,8.2500006));
#5461 = ( GEOMETRIC_REPRESENTATION_CONTEXT(2) 
PARAMETRIC_REPRESENTATION_CONTEXT() REPRESENTATION_CONTEXT('2D SPACE',''
  ) );
#5462 = PCURVE('',#3175,#5463);
#5463 = DEFINITIONAL_REPRESENTATION('',(#5464),#5467);
#5464 = B_SPLINE_CURVE_WITH_KNOTS('',1,(#5465,#5466),.UNSPECIFIED.,.F.,
  .F.,(2,2),(3.7499994,8.2500006),.PIECEWISE_BEZIER_KNOTS.);
#5465 = CARTESIAN_POINT('',(-0.263564255973,0.7499994));
#5466 = CARTESIAN_POINT('',(-0.263564255973,5.2500006));
#5467 = ( GEOMETRIC_REPRESENTATION_CONTEXT(2) 
PARAMETRIC_REPRESENTATION_CONTEXT() REPRESENTATION_CONTEXT('2D SPACE',''
  ) );
#5468 = ORIENTED_EDGE('',*,*,#5469,.F.);
#5469 = EDGE_CURVE('',#3063,#5449,#5470,.T.);
#5470 = SURFACE_CURVE('',#5471,(#5486,#5504),.PCURVE_S1.);
#5471 = B_SPLINE_CURVE_WITH_KNOTS('',5,(#5472,#5473,#5474,#5475,#5476,
    #5477,#5478,#5479,#5480,#5481,#5482,#5483,#5484,#5485),
  .UNSPECIFIED.,.F.,.F.,(6,4,4,6),(0.,0.294008171125,0.570807885906,1.),
  .UNSPECIFIED.);
#5472 = CARTESIAN_POINT('',(-6.877178861073,15.765291336122,
    2.838804017846));
#5473 = CARTESIAN_POINT('',(-6.842780035523,15.780296886662,
    2.814981144799));
#5474 = CARTESIAN_POINT('',(-6.810459335181,15.794284205493,
    2.788478650473));
#5475 = CARTESIAN_POINT('',(-6.780477509661,15.807167280023,
    2.759654611554));
#5476 = CARTESIAN_POINT('',(-6.752970867568,15.818916527802,
    2.728877319821));
#5477 = CARTESIAN_POINT('',(-6.704508326859,15.839514517526,
    2.665947590433));
#5478 = CARTESIAN_POINT('',(-6.6832635978,15.848492643863,2.633981629251
    ));
#5479 = CARTESIAN_POINT('',(-6.664331450948,15.856456361385,
    2.600830666369));
#5480 = CARTESIAN_POINT('',(-6.64772253606,15.863417819313,
    2.566727083053));
#5481 = CARTESIAN_POINT('',(-6.611279509599,15.87865107114,
    2.477812589704));
#5482 = CARTESIAN_POINT('',(-6.594706600015,15.885533155806,
    2.421943834907));
#5483 = CARTESIAN_POINT('',(-6.583697196529,15.890090209027,
    2.364983639064));
#5484 = CARTESIAN_POINT('',(-6.578190321208,15.892369618718,
    2.307494425061));
#5485 = CARTESIAN_POINT('',(-6.578190321208,15.892369618718,2.25));
#5486 = PCURVE('',#2276,#5487);
#5487 = DEFINITIONAL_REPRESENTATION('',(#5488),#5503);
#5488 = B_SPLINE_CURVE_WITH_KNOTS('',5,(#5489,#5490,#5491,#5492,#5493,
    #5494,#5495,#5496,#5497,#5498,#5499,#5500,#5501,#5502),
  .UNSPECIFIED.,.F.,.F.,(6,4,4,6),(0.,0.294008171125,0.570807885906,1.),
  .UNSPECIFIED.);
#5489 = CARTESIAN_POINT('',(1.98213421968,8.838804017846));
#5490 = CARTESIAN_POINT('',(1.979952285657,8.814981144799));
#5491 = CARTESIAN_POINT('',(1.977904764911,8.788478650473));
#5492 = CARTESIAN_POINT('',(1.976007530299,8.759654611554));
#5493 = CARTESIAN_POINT('',(1.974268528923,8.728877319821));
#5494 = CARTESIAN_POINT('',(1.971207000696,8.665947590433));
#5495 = CARTESIAN_POINT('',(1.969866076856,8.633981629251));
#5496 = CARTESIAN_POINT('',(1.968671955427,8.600830666369));
#5497 = CARTESIAN_POINT('',(1.967624930936,8.566727083053));
#5498 = CARTESIAN_POINT('',(1.965328495745,8.477812589704));
#5499 = CARTESIAN_POINT('',(1.964285182223,8.421943834907));
#5500 = CARTESIAN_POINT('',(1.963592433098,8.364983639064));
#5501 = CARTESIAN_POINT('',(1.963245922713,8.307494425061));
#5502 = CARTESIAN_POINT('',(1.963245922713,8.25));
#5503 = ( GEOMETRIC_REPRESENTATION_CONTEXT(2) 
PARAMETRIC_REPRESENTATION_CONTEXT() REPRESENTATION_CONTEXT('2D SPACE',''
  ) );
#5504 = PCURVE('',#3123,#5505);
#5505 = DEFINITIONAL_REPRESENTATION('',(#5506),#5521);
#5506 = B_SPLINE_CURVE_WITH_KNOTS('',5,(#5507,#5508,#5509,#5510,#5511,
    #5512,#5513,#5514,#5515,#5516,#5517,#5518,#5519,#5520),
  .UNSPECIFIED.,.F.,.F.,(6,4,4,6),(0.,0.294008171125,0.570807885906,1.),
  .UNSPECIFIED.);
#5507 = CARTESIAN_POINT('',(-0.902812397568,0.));
#5508 = CARTESIAN_POINT('',(-0.85153115657,-2.971664202231E-02));
#5509 = CARTESIAN_POINT('',(-0.800047976478,-5.771239535894E-02));
#5510 = CARTESIAN_POINT('',(-0.748306506656,-8.379884203441E-02));
#5511 = CARTESIAN_POINT('',(-0.696267686312,-0.107852490577));
#5512 = CARTESIAN_POINT('',(-0.594634421065,-0.150438390745));
#5513 = CARTESIAN_POINT('',(-0.545075753192,-0.169211167989));
#5514 = CARTESIAN_POINT('',(-0.495228533923,-0.186035519475));
#5515 = CARTESIAN_POINT('',(-0.445106519735,-0.200866654471));
#5516 = CARTESIAN_POINT('',(-0.316641729506,-0.23353486846));
#5517 = CARTESIAN_POINT('',(-0.237962584222,-0.248529551665));
#5518 = CARTESIAN_POINT('',(-0.158795767668,-0.258552590896));
#5519 = CARTESIAN_POINT('',(-7.94011504086E-02,-0.263564255973));
#5520 = CARTESIAN_POINT('',(0.,-0.263564255973));
#5521 = ( GEOMETRIC_REPRESENTATION_CONTEXT(2) 
PARAMETRIC_REPRESENTATION_CONTEXT() REPRESENTATION_CONTEXT('2D SPACE',''
  ) );
#5522 = ORIENTED_EDGE('',*,*,#3062,.T.);
#5523 = ORIENTED_EDGE('',*,*,#3035,.T.);
#5524 = ORIENTED_EDGE('',*,*,#5525,.F.);
#5525 = EDGE_CURVE('',#5526,#3013,#5528,.T.);
#5526 = VERTEX_POINT('',#5527);
#5527 = CARTESIAN_POINT('',(-9.654943118119,14.234538046101,2.25));
#5528 = SURFACE_CURVE('',#5529,(#5547,#5568),.PCURVE_S1.);
#5529 = B_SPLINE_CURVE_WITH_KNOTS('',6,(#5530,#5531,#5532,#5533,#5534,
    #5535,#5536,#5537,#5538,#5539,#5540,#5541,#5542,#5543,#5544,#5545,
    #5546),.UNSPECIFIED.,.F.,.F.,(7,5,5,7),(0.,0.46988771254,
    0.618998126486,1.),.UNSPECIFIED.);
#5530 = CARTESIAN_POINT('',(-9.654943118119,14.234538046101,2.25));
#5531 = CARTESIAN_POINT('',(-9.654943118119,14.234538046101,
    2.339279624031));
#5532 = CARTESIAN_POINT('',(-9.64321475716,14.242493076208,
    2.428718842735));
#5533 = CARTESIAN_POINT('',(-9.61968001411,14.258456280159,
    2.516204112312));
#5534 = CARTESIAN_POINT('',(-9.584529361754,14.282191909965,
    2.599612266855));
#5535 = CARTESIAN_POINT('',(-9.538193810883,14.313193116997,
    2.676878329811));
#5536 = CARTESIAN_POINT('',(-9.463338251714,14.362649345317,
    2.767913308406));
#5537 = CARTESIAN_POINT('',(-9.444261261795,14.375214316615,
    2.789007413079));
#5538 = CARTESIAN_POINT('',(-9.424173634049,14.38839945672,
    2.809191852064));
#5539 = CARTESIAN_POINT('',(-9.403115181384,14.40217002169,
    2.828396845923));
#5540 = CARTESIAN_POINT('',(-9.381131127758,14.416487818863,
    2.84655719673));
#5541 = CARTESIAN_POINT('',(-9.299863516493,14.469187425218,
    2.907190879134));
#5542 = CARTESIAN_POINT('',(-9.235685082339,14.510402174892,
    2.943596215568));
#5543 = CARTESIAN_POINT('',(-9.166744369577,14.554158030353,
    2.971654625121));
#5544 = CARTESIAN_POINT('',(-9.094349147793,14.599487020576,
    2.990578965829));
#5545 = CARTESIAN_POINT('',(-9.020007497431,14.645378529251,3.));
#5546 = CARTESIAN_POINT('',(-8.945314648087,14.690859261688,3.));
#5547 = PCURVE('',#2276,#5548);
#5548 = DEFINITIONAL_REPRESENTATION('',(#5549),#5567);
#5549 = B_SPLINE_CURVE_WITH_KNOTS('',6,(#5550,#5551,#5552,#5553,#5554,
    #5555,#5556,#5557,#5558,#5559,#5560,#5561,#5562,#5563,#5564,#5565,
    #5566),.UNSPECIFIED.,.F.,.F.,(7,5,5,7),(0.,0.46988771254,
    0.618998126486,1.),.UNSPECIFIED.);
#5550 = CARTESIAN_POINT('',(2.166793039667,8.25));
#5551 = CARTESIAN_POINT('',(2.166793039667,8.339279624031));
#5552 = CARTESIAN_POINT('',(2.165969104381,8.428718842735));
#5553 = CARTESIAN_POINT('',(2.164315742112,8.516204112312));
#5554 = CARTESIAN_POINT('',(2.16184982171,8.599612266855));
#5555 = CARTESIAN_POINT('',(2.158608600038,8.676878329811));
#5556 = CARTESIAN_POINT('',(2.153392452238,8.767913308406));
#5557 = CARTESIAN_POINT('',(2.152064362721,8.789007413079));
#5558 = CARTESIAN_POINT('',(2.150667369514,8.809191852064));
#5559 = CARTESIAN_POINT('',(2.149204511618,8.828396845923));
#5560 = CARTESIAN_POINT('',(2.147679198675,8.84655719673));
#5561 = CARTESIAN_POINT('',(2.142047859284,8.907190879134));
#5562 = CARTESIAN_POINT('',(2.137613442398,8.943596215568));
#5563 = CARTESIAN_POINT('',(2.132866217639,8.971654625121));
#5564 = CARTESIAN_POINT('',(2.127900359078,8.990578965829));
#5565 = CARTESIAN_POINT('',(2.122821070273,9.));
#5566 = CARTESIAN_POINT('',(2.117736762541,9.));
#5567 = ( GEOMETRIC_REPRESENTATION_CONTEXT(2) 
PARAMETRIC_REPRESENTATION_CONTEXT() REPRESENTATION_CONTEXT('2D SPACE',''
  ) );
#5568 = PCURVE('',#2922,#5569);
#5569 = DEFINITIONAL_REPRESENTATION('',(#5570),#5588);
#5570 = B_SPLINE_CURVE_WITH_KNOTS('',6,(#5571,#5572,#5573,#5574,#5575,
    #5576,#5577,#5578,#5579,#5580,#5581,#5582,#5583,#5584,#5585,#5586,
    #5587),.UNSPECIFIED.,.F.,.F.,(7,5,5,7),(0.,0.46988771254,
    0.618998126486,1.),.UNSPECIFIED.);
#5571 = CARTESIAN_POINT('',(0.,2.609762232685));
#5572 = CARTESIAN_POINT('',(-0.119039498707,2.609762232685));
#5573 = CARTESIAN_POINT('',(-0.238292109576,2.615941776166));
#5574 = CARTESIAN_POINT('',(-0.357974048533,2.628341859544));
#5575 = CARTESIAN_POINT('',(-0.478351159316,2.646915402541));
#5576 = CARTESIAN_POINT('',(-0.599730156268,2.671542563177));
#5577 = CARTESIAN_POINT('',(-0.761546154425,2.711641264872));
#5578 = CARTESIAN_POINT('',(-0.800648513739,2.721879937121));
#5579 = CARTESIAN_POINT('',(-0.839867342562,2.732683762998));
#5580 = CARTESIAN_POINT('',(-0.879198166544,2.744035635485));
#5581 = CARTESIAN_POINT('',(-0.918638082686,2.755915485817));
#5582 = CARTESIAN_POINT('',(-1.059236641716,2.799945498499));
#5583 = CARTESIAN_POINT('',(-1.161088695949,2.834918278015));
#5584 = CARTESIAN_POINT('',(-1.263398687635,2.872744758892));
#5585 = CARTESIAN_POINT('',(-1.365932688791,2.912776364958));
#5586 = CARTESIAN_POINT('',(-1.468484467668,2.954212368393));
#5587 = CARTESIAN_POINT('',(-1.570796326795,2.996157907188));
#5588 = ( GEOMETRIC_REPRESENTATION_CONTEXT(2) 
PARAMETRIC_REPRESENTATION_CONTEXT() REPRESENTATION_CONTEXT('2D SPACE',''
  ) );
#5589 = ORIENTED_EDGE('',*,*,#5590,.F.);
#5590 = EDGE_CURVE('',#5591,#5526,#5593,.T.);
#5591 = VERTEX_POINT('',#5592);
#5592 = CARTESIAN_POINT('',(-9.654943118119,14.234538046101,-2.25));
#5593 = SURFACE_CURVE('',#5594,(#5598,#5604),.PCURVE_S1.);
#5594 = LINE('',#5595,#5596);
#5595 = CARTESIAN_POINT('',(-9.654943118119,14.234538046101,-6.));
#5596 = VECTOR('',#5597,1.);
#5597 = DIRECTION('',(0.,0.,1.));
#5598 = PCURVE('',#2276,#5599);
#5599 = DEFINITIONAL_REPRESENTATION('',(#5600),#5603);
#5600 = B_SPLINE_CURVE_WITH_KNOTS('',1,(#5601,#5602),.UNSPECIFIED.,.F.,
  .F.,(2,2),(3.3,8.7),.PIECEWISE_BEZIER_KNOTS.);
#5601 = CARTESIAN_POINT('',(2.166793039667,3.3));
#5602 = CARTESIAN_POINT('',(2.166793039667,8.7));
#5603 = ( GEOMETRIC_REPRESENTATION_CONTEXT(2) 
PARAMETRIC_REPRESENTATION_CONTEXT() REPRESENTATION_CONTEXT('2D SPACE',''
  ) );
#5604 = PCURVE('',#2866,#5605);
#5605 = DEFINITIONAL_REPRESENTATION('',(#5606),#5609);
#5606 = B_SPLINE_CURVE_WITH_KNOTS('',1,(#5607,#5608),.UNSPECIFIED.,.F.,
  .F.,(2,2),(3.3,8.7),.PIECEWISE_BEZIER_KNOTS.);
#5607 = CARTESIAN_POINT('',(0.3,-2.609762232685));
#5608 = CARTESIAN_POINT('',(5.7,-2.609762232685));
#5609 = ( GEOMETRIC_REPRESENTATION_CONTEXT(2) 
PARAMETRIC_REPRESENTATION_CONTEXT() REPRESENTATION_CONTEXT('2D SPACE',''
  ) );
#5610 = ORIENTED_EDGE('',*,*,#5611,.T.);
#5611 = EDGE_CURVE('',#5591,#2720,#5612,.T.);
#5612 = SURFACE_CURVE('',#5613,(#5631,#5652),.PCURVE_S1.);
#5613 = B_SPLINE_CURVE_WITH_KNOTS('',6,(#5614,#5615,#5616,#5617,#5618,
    #5619,#5620,#5621,#5622,#5623,#5624,#5625,#5626,#5627,#5628,#5629,
    #5630),.UNSPECIFIED.,.F.,.F.,(7,5,5,7),(0.,0.46988771254,
    0.618998126486,1.),.UNSPECIFIED.);
#5614 = CARTESIAN_POINT('',(-9.654943118119,14.234538046101,-2.25));
#5615 = CARTESIAN_POINT('',(-9.654943118119,14.234538046101,
    -2.339279624031));
#5616 = CARTESIAN_POINT('',(-9.64321475716,14.242493076208,
    -2.428718842735));
#5617 = CARTESIAN_POINT('',(-9.61968001411,14.258456280159,
    -2.516204112312));
#5618 = CARTESIAN_POINT('',(-9.584529361754,14.282191909965,
    -2.599612266855));
#5619 = CARTESIAN_POINT('',(-9.538193810883,14.313193116997,
    -2.676878329811));
#5620 = CARTESIAN_POINT('',(-9.463338251714,14.362649345317,
    -2.767913308406));
#5621 = CARTESIAN_POINT('',(-9.444261261795,14.375214316615,
    -2.789007413079));
#5622 = CARTESIAN_POINT('',(-9.424173634049,14.38839945672,
    -2.809191852064));
#5623 = CARTESIAN_POINT('',(-9.403115181384,14.40217002169,
    -2.828396845923));
#5624 = CARTESIAN_POINT('',(-9.381131127758,14.416487818863,
    -2.84655719673));
#5625 = CARTESIAN_POINT('',(-9.299863516493,14.469187425218,
    -2.907190879134));
#5626 = CARTESIAN_POINT('',(-9.235685082339,14.510402174892,
    -2.943596215568));
#5627 = CARTESIAN_POINT('',(-9.166744369577,14.554158030353,
    -2.971654625121));
#5628 = CARTESIAN_POINT('',(-9.094349147793,14.599487020576,
    -2.990578965829));
#5629 = CARTESIAN_POINT('',(-9.020007497431,14.645378529251,-3.));
#5630 = CARTESIAN_POINT('',(-8.945314648087,14.690859261688,-3.));
#5631 = PCURVE('',#2276,#5632);
#5632 = DEFINITIONAL_REPRESENTATION('',(#5633),#5651);
#5633 = B_SPLINE_CURVE_WITH_KNOTS('',6,(#5634,#5635,#5636,#5637,#5638,
    #5639,#5640,#5641,#5642,#5643,#5644,#5645,#5646,#5647,#5648,#5649,
    #5650),.UNSPECIFIED.,.F.,.F.,(7,5,5,7),(0.,0.46988771254,
    0.618998126486,1.),.UNSPECIFIED.);
#5634 = CARTESIAN_POINT('',(2.166793039667,3.75));
#5635 = CARTESIAN_POINT('',(2.166793039667,3.660720375969));
#5636 = CARTESIAN_POINT('',(2.165969104381,3.571281157265));
#5637 = CARTESIAN_POINT('',(2.164315742112,3.483795887688));
#5638 = CARTESIAN_POINT('',(2.16184982171,3.400387733145));
#5639 = CARTESIAN_POINT('',(2.158608600038,3.323121670189));
#5640 = CARTESIAN_POINT('',(2.153392452238,3.232086691594));
#5641 = CARTESIAN_POINT('',(2.152064362721,3.210992586921));
#5642 = CARTESIAN_POINT('',(2.150667369514,3.190808147936));
#5643 = CARTESIAN_POINT('',(2.149204511618,3.171603154077));
#5644 = CARTESIAN_POINT('',(2.147679198675,3.15344280327));
#5645 = CARTESIAN_POINT('',(2.142047859284,3.092809120866));
#5646 = CARTESIAN_POINT('',(2.137613442398,3.056403784432));
#5647 = CARTESIAN_POINT('',(2.132866217639,3.028345374879));
#5648 = CARTESIAN_POINT('',(2.127900359077,3.009421034171));
#5649 = CARTESIAN_POINT('',(2.122821070273,3.));
#5650 = CARTESIAN_POINT('',(2.117736762541,3.));
#5651 = ( GEOMETRIC_REPRESENTATION_CONTEXT(2) 
PARAMETRIC_REPRESENTATION_CONTEXT() REPRESENTATION_CONTEXT('2D SPACE',''
  ) );
#5652 = PCURVE('',#2735,#5653);
#5653 = DEFINITIONAL_REPRESENTATION('',(#5654),#5672);
#5654 = B_SPLINE_CURVE_WITH_KNOTS('',6,(#5655,#5656,#5657,#5658,#5659,
    #5660,#5661,#5662,#5663,#5664,#5665,#5666,#5667,#5668,#5669,#5670,
    #5671),.UNSPECIFIED.,.F.,.F.,(7,5,5,7),(0.,0.46988771254,
    0.618998126486,1.),.UNSPECIFIED.);
#5655 = CARTESIAN_POINT('',(0.,2.609762232685));
#5656 = CARTESIAN_POINT('',(0.119039498707,2.609762232685));
#5657 = CARTESIAN_POINT('',(0.238292109576,2.615941776166));
#5658 = CARTESIAN_POINT('',(0.357974048533,2.628341859544));
#5659 = CARTESIAN_POINT('',(0.478351159316,2.646915402541));
#5660 = CARTESIAN_POINT('',(0.599730156268,2.671542563177));
#5661 = CARTESIAN_POINT('',(0.761546154425,2.711641264872));
#5662 = CARTESIAN_POINT('',(0.800648513739,2.721879937121));
#5663 = CARTESIAN_POINT('',(0.839867342562,2.732683762998));
#5664 = CARTESIAN_POINT('',(0.879198166544,2.744035635485));
#5665 = CARTESIAN_POINT('',(0.918638082686,2.755915485817));
#5666 = CARTESIAN_POINT('',(1.059236641716,2.799945498499));
#5667 = CARTESIAN_POINT('',(1.161088695949,2.834918278015));
#5668 = CARTESIAN_POINT('',(1.263398687634,2.872744758892));
#5669 = CARTESIAN_POINT('',(1.365932688791,2.912776364958));
#5670 = CARTESIAN_POINT('',(1.468484467668,2.954212368393));
#5671 = CARTESIAN_POINT('',(1.570796326795,2.996157907188));
#5672 = ( GEOMETRIC_REPRESENTATION_CONTEXT(2) 
PARAMETRIC_REPRESENTATION_CONTEXT() REPRESENTATION_CONTEXT('2D SPACE',''
  ) );
#5673 = ORIENTED_EDGE('',*,*,#2747,.F.);
#5674 = FACE_BOUND('',#5675,.F.);
#5675 = EDGE_LOOP('',(#5676,#5704,#5789,#5844,#5929,#5955,#6040,#6095));
#5676 = ORIENTED_EDGE('',*,*,#5677,.F.);
#5677 = EDGE_CURVE('',#5678,#5680,#5682,.T.);
#5678 = VERTEX_POINT('',#5679);
#5679 = CARTESIAN_POINT('',(-17.10954013216,-1.761714070409,-2.75));
#5680 = VERTEX_POINT('',#5681);
#5681 = CARTESIAN_POINT('',(-17.10954013216,-1.761714070409,2.75));
#5682 = SURFACE_CURVE('',#5683,(#5687,#5693),.PCURVE_S1.);
#5683 = LINE('',#5684,#5685);
#5684 = CARTESIAN_POINT('',(-17.10954013216,-1.761714070409,-6.));
#5685 = VECTOR('',#5686,1.);
#5686 = DIRECTION('',(0.,0.,1.));
#5687 = PCURVE('',#2276,#5688);
#5688 = DEFINITIONAL_REPRESENTATION('',(#5689),#5692);
#5689 = B_SPLINE_CURVE_WITH_KNOTS('',1,(#5690,#5691),.UNSPECIFIED.,.F.,
  .F.,(2,2),(3.2499994,8.7500006),.PIECEWISE_BEZIER_KNOTS.);
#5690 = CARTESIAN_POINT('',(3.244197830341,3.2499994));
#5691 = CARTESIAN_POINT('',(3.244197830341,8.7500006));
#5692 = ( GEOMETRIC_REPRESENTATION_CONTEXT(2) 
PARAMETRIC_REPRESENTATION_CONTEXT() REPRESENTATION_CONTEXT('2D SPACE',''
  ) );
#5693 = PCURVE('',#5694,#5699);
#5694 = CYLINDRICAL_SURFACE('',#5695,1.25);
#5695 = AXIS2_PLACEMENT_3D('',#5696,#5697,#5698);
#5696 = CARTESIAN_POINT('',(-18.25,-1.25,-4.));
#5697 = DIRECTION('',(0.,0.,1.));
#5698 = DIRECTION('',(1.,0.,-0.));
#5699 = DEFINITIONAL_REPRESENTATION('',(#5700),#5703);
#5700 = B_SPLINE_CURVE_WITH_KNOTS('',1,(#5701,#5702),.UNSPECIFIED.,.F.,
  .F.,(2,2),(3.2499994,8.7500006),.PIECEWISE_BEZIER_KNOTS.);
#5701 = CARTESIAN_POINT('',(-0.421764821626,1.2499994));
#5702 = CARTESIAN_POINT('',(-0.421764821626,6.7500006));
#5703 = ( GEOMETRIC_REPRESENTATION_CONTEXT(2) 
PARAMETRIC_REPRESENTATION_CONTEXT() REPRESENTATION_CONTEXT('2D SPACE',''
  ) );
#5704 = ORIENTED_EDGE('',*,*,#5705,.F.);
#5705 = EDGE_CURVE('',#5706,#5678,#5708,.T.);
#5706 = VERTEX_POINT('',#5707);
#5707 = CARTESIAN_POINT('',(-17.15451835523,-1.25,-3.352013260632));
#5708 = SURFACE_CURVE('',#5709,(#5732,#5758),.PCURVE_S1.);
#5709 = B_SPLINE_CURVE_WITH_KNOTS('',6,(#5710,#5711,#5712,#5713,#5714,
    #5715,#5716,#5717,#5718,#5719,#5720,#5721,#5722,#5723,#5724,#5725,
    #5726,#5727,#5728,#5729,#5730,#5731),.UNSPECIFIED.,.F.,.F.,(7,5,5,5,
    7),(0.,0.247199065591,0.398248145632,0.568779262513,1.),
  .UNSPECIFIED.);
#5710 = CARTESIAN_POINT('',(-17.15451835523,-1.25,-3.352013260632));
#5711 = CARTESIAN_POINT('',(-17.15169345679,-1.288767817636,
    -3.346872801799));
#5712 = CARTESIAN_POINT('',(-17.14880144087,-1.327006185197,
    -3.338545596258));
#5713 = CARTESIAN_POINT('',(-17.14588073239,-1.364261387557,
    -3.327132536411));
#5714 = CARTESIAN_POINT('',(-17.14297049109,-1.400179359688,
    -3.312841355219));
#5715 = CARTESIAN_POINT('',(-17.14011104743,-1.434450970446,
    -3.295938372426));
#5716 = CARTESIAN_POINT('',(-17.13564571347,-1.486620455106,
    -3.265031163321));
#5717 = CARTESIAN_POINT('',(-17.13398422431,-1.505709316761,
    -3.252452303668));
#5718 = CARTESIAN_POINT('',(-17.13236262975,-1.524052107876,
    -3.239086090201));
#5719 = CARTESIAN_POINT('',(-17.13078769909,-1.541614711335,
    -3.225002891012));
#5720 = CARTESIAN_POINT('',(-17.12926516752,-1.558374527979,
    -3.210271167186));
#5721 = CARTESIAN_POINT('',(-17.12614519271,-1.592318303086,
    -3.177661463159));
#5722 = CARTESIAN_POINT('',(-17.12456347334,-1.609277534234,
    -3.159623379014));
#5723 = CARTESIAN_POINT('',(-17.12306106924,-1.625178841948,
    -3.140929064598));
#5724 = CARTESIAN_POINT('',(-17.12164307556,-1.640016753594,
    -3.121661485939));
#5725 = CARTESIAN_POINT('',(-17.12031331491,-1.653794264918,
    -3.101894654001));
#5726 = CARTESIAN_POINT('',(-17.11594195165,-1.698698440355,
    -3.030601897232));
#5727 = CARTESIAN_POINT('',(-17.1133945485,-1.724113662217,
    -2.976777377171));
#5728 = CARTESIAN_POINT('',(-17.1114680152,-1.742990459181,
    -2.921132832007));
#5729 = CARTESIAN_POINT('',(-17.11018377305,-1.75546314108,
    -2.864423087172));
#5730 = CARTESIAN_POINT('',(-17.10954013216,-1.761714070409,
    -2.80724707669));
#5731 = CARTESIAN_POINT('',(-17.10954013216,-1.761714070409,-2.75));
#5732 = PCURVE('',#2276,#5733);
#5733 = DEFINITIONAL_REPRESENTATION('',(#5734),#5757);
#5734 = B_SPLINE_CURVE_WITH_KNOTS('',6,(#5735,#5736,#5737,#5738,#5739,
    #5740,#5741,#5742,#5743,#5744,#5745,#5746,#5747,#5748,#5749,#5750,
    #5751,#5752,#5753,#5754,#5755,#5756),.UNSPECIFIED.,.F.,.F.,(7,5,5,5,
    7),(0.,0.247199065591,0.398248145632,0.568779262513,1.),
  .UNSPECIFIED.);
#5735 = CARTESIAN_POINT('',(3.214331197237,2.647986739368));
#5736 = CARTESIAN_POINT('',(3.216591115984,2.653127198201));
#5737 = CARTESIAN_POINT('',(3.218820617733,2.661454403742));
#5738 = CARTESIAN_POINT('',(3.220993251886,2.672867463589));
#5739 = CARTESIAN_POINT('',(3.223088340162,2.687158644781));
#5740 = CARTESIAN_POINT('',(3.225087794426,2.704061627574));
#5741 = CARTESIAN_POINT('',(3.228131994206,2.734968836679));
#5742 = CARTESIAN_POINT('',(3.2292460066,2.747547696332));
#5743 = CARTESIAN_POINT('',(3.230316605803,2.760913909799));
#5744 = CARTESIAN_POINT('',(3.231341783677,2.774997108988));
#5745 = CARTESIAN_POINT('',(3.232320203541,2.789728832814));
#5746 = CARTESIAN_POINT('',(3.234301997801,2.822338536841));
#5747 = CARTESIAN_POINT('',(3.23529227783,2.840376620986));
#5748 = CARTESIAN_POINT('',(3.236220888882,2.859070935402));
#5749 = CARTESIAN_POINT('',(3.237087487882,2.878338514061));
#5750 = CARTESIAN_POINT('',(3.237892227996,2.898105345999));
#5751 = CARTESIAN_POINT('',(3.240515277239,2.969398102768));
#5752 = CARTESIAN_POINT('',(3.242000304215,3.023222622829));
#5753 = CARTESIAN_POINT('',(3.243103493106,3.078867167993));
#5754 = CARTESIAN_POINT('',(3.243832482699,3.135576912828));
#5755 = CARTESIAN_POINT('',(3.244197830341,3.19275292331));
#5756 = CARTESIAN_POINT('',(3.244197830341,3.25));
#5757 = ( GEOMETRIC_REPRESENTATION_CONTEXT(2) 
PARAMETRIC_REPRESENTATION_CONTEXT() REPRESENTATION_CONTEXT('2D SPACE',''
  ) );
#5758 = PCURVE('',#5759,#5764);
#5759 = SPHERICAL_SURFACE('',#5760,1.25);
#5760 = AXIS2_PLACEMENT_3D('',#5761,#5762,#5763);
#5761 = CARTESIAN_POINT('',(-18.25,-1.25,-2.75));
#5762 = DIRECTION('',(0.,0.,1.));
#5763 = DIRECTION('',(1.,0.,-0.));
#5764 = DEFINITIONAL_REPRESENTATION('',(#5765),#5788);
#5765 = B_SPLINE_CURVE_WITH_KNOTS('',6,(#5766,#5767,#5768,#5769,#5770,
    #5771,#5772,#5773,#5774,#5775,#5776,#5777,#5778,#5779,#5780,#5781,
    #5782,#5783,#5784,#5785,#5786,#5787),.UNSPECIFIED.,.F.,.F.,(7,5,5,5,
    7),(0.,0.247199065591,0.398248145632,0.568779262513,1.),
  .UNSPECIFIED.);
#5766 = CARTESIAN_POINT('',(7.105427357601E-15,-0.502491572165));
#5767 = CARTESIAN_POINT('',(-3.538883359808E-02,-0.497799153211));
#5768 = CARTESIAN_POINT('',(-7.007542932915E-02,-0.490212340975));
#5769 = CARTESIAN_POINT('',(-0.103483922438,-0.47985608391));
#5770 = CARTESIAN_POINT('',(-0.135182453663,-0.466986222459));
#5771 = CARTESIAN_POINT('',(-0.16489495395,-0.451915586335));
#5772 = CARTESIAN_POINT('',(-0.209313122173,-0.424650738517));
#5773 = CARTESIAN_POINT('',(-0.225366804642,-0.41361387881));
#5774 = CARTESIAN_POINT('',(-0.240597958286,-0.401955243208));
#5775 = CARTESIAN_POINT('',(-0.254997926512,-0.389747181407));
#5776 = CARTESIAN_POINT('',(-0.268572627707,-0.377057187317));
#5777 = CARTESIAN_POINT('',(-0.29574699168,-0.34914090609));
#5778 = CARTESIAN_POINT('',(-0.309123517332,-0.333799151859));
#5779 = CARTESIAN_POINT('',(-0.321489436701,-0.318003658583));
#5780 = CARTESIAN_POINT('',(-0.33287878057,-0.301827943426));
#5781 = CARTESIAN_POINT('',(-0.343330689056,-0.28533370653));
#5782 = CARTESIAN_POINT('',(-0.377040261308,-0.226178883613));
#5783 = CARTESIAN_POINT('',(-0.395421818612,-0.182111676393));
#5784 = CARTESIAN_POINT('',(-0.408728532455,-0.137079007583));
#5785 = CARTESIAN_POINT('',(-0.417413502103,-9.153852188946E-02));
#5786 = CARTESIAN_POINT('',(-0.421764821626,-4.579766135226E-02));
#5787 = CARTESIAN_POINT('',(-0.421764821626,0.));
#5788 = ( GEOMETRIC_REPRESENTATION_CONTEXT(2) 
PARAMETRIC_REPRESENTATION_CONTEXT() REPRESENTATION_CONTEXT('2D SPACE',''
  ) );
#5789 = ORIENTED_EDGE('',*,*,#5790,.T.);
#5790 = EDGE_CURVE('',#5706,#5791,#5793,.T.);
#5791 = VERTEX_POINT('',#5792);
#5792 = CARTESIAN_POINT('',(-17.15451835523,1.25,-3.352013260632));
#5793 = SURFACE_CURVE('',#5794,(#5807,#5823),.PCURVE_S1.);
#5794 = B_SPLINE_CURVE_WITH_KNOTS('',6,(#5795,#5796,#5797,#5798,#5799,
    #5800,#5801,#5802,#5803,#5804,#5805,#5806),.UNSPECIFIED.,.F.,.F.,(7,
    5,7),(0.,0.499999999999,1.),.UNSPECIFIED.);
#5795 = CARTESIAN_POINT('',(-17.15451831151,-1.2500006,-3.352013181074)
  );
#5796 = CARTESIAN_POINT('',(-17.16952365412,-1.044073159098,
    -3.379318360733));
#5797 = CARTESIAN_POINT('',(-17.18173201352,-0.835605006711,
    -3.399598985846));
#5798 = CARTESIAN_POINT('',(-17.19084809908,-0.62691107532,
    -3.414064456872));
#5799 = CARTESIAN_POINT('',(-17.1969329139,-0.418440746923,
    -3.423484717957));
#5800 = CARTESIAN_POINT('',(-17.2,-0.209669608501,-3.428232998313));
#5801 = CARTESIAN_POINT('',(-17.2,0.209669608501,-3.428232998313));
#5802 = CARTESIAN_POINT('',(-17.1969329139,0.418440746923,
    -3.423484717957));
#5803 = CARTESIAN_POINT('',(-17.19084809908,0.626911075319,
    -3.414064456872));
#5804 = CARTESIAN_POINT('',(-17.18173201352,0.835605006712,
    -3.399598985846));
#5805 = CARTESIAN_POINT('',(-17.16952365412,1.044073159098,
    -3.379318360733));
#5806 = CARTESIAN_POINT('',(-17.15451831151,1.2500006,-3.352013181074));
#5807 = PCURVE('',#2276,#5808);
#5808 = DEFINITIONAL_REPRESENTATION('',(#5809),#5822);
#5809 = B_SPLINE_CURVE_WITH_KNOTS('',6,(#5810,#5811,#5812,#5813,#5814,
    #5815,#5816,#5817,#5818,#5819,#5820,#5821),.UNSPECIFIED.,.F.,.F.,(7,
    5,7),(0.,0.499999999999,1.),.UNSPECIFIED.);
#5810 = CARTESIAN_POINT('',(3.214331232213,2.647986818926));
#5811 = CARTESIAN_POINT('',(3.202326963882,2.620681639267));
#5812 = CARTESIAN_POINT('',(3.190187192624,2.600401014154));
#5813 = CARTESIAN_POINT('',(3.178044254768,2.585935543128));
#5814 = CARTESIAN_POINT('',(3.165920597497,2.576515282043));
#5815 = CARTESIAN_POINT('',(3.153782747107,2.571767001687));
#5816 = CARTESIAN_POINT('',(3.129402560072,2.571767001687));
#5817 = CARTESIAN_POINT('',(3.117264709682,2.576515282043));
#5818 = CARTESIAN_POINT('',(3.105141052411,2.585935543128));
#5819 = CARTESIAN_POINT('',(3.092998114556,2.600401014154));
#5820 = CARTESIAN_POINT('',(3.080858343298,2.620681639267));
#5821 = CARTESIAN_POINT('',(3.068854074967,2.647986818926));
#5822 = ( GEOMETRIC_REPRESENTATION_CONTEXT(2) 
PARAMETRIC_REPRESENTATION_CONTEXT() REPRESENTATION_CONTEXT('2D SPACE',''
  ) );
#5823 = PCURVE('',#5824,#5829);
#5824 = CYLINDRICAL_SURFACE('',#5825,1.25);
#5825 = AXIS2_PLACEMENT_3D('',#5826,#5827,#5828);
#5826 = CARTESIAN_POINT('',(-18.25,-2.5,-2.75));
#5827 = DIRECTION('',(0.,1.,0.));
#5828 = DIRECTION('',(1.,0.,-0.));
#5829 = DEFINITIONAL_REPRESENTATION('',(#5830),#5843);
#5830 = B_SPLINE_CURVE_WITH_KNOTS('',6,(#5831,#5832,#5833,#5834,#5835,
    #5836,#5837,#5838,#5839,#5840,#5841,#5842),.UNSPECIFIED.,.F.,.F.,(7,
    5,7),(0.,0.499999999999,1.),.UNSPECIFIED.);
#5831 = CARTESIAN_POINT('',(0.502491499541,1.2499994));
#5832 = CARTESIAN_POINT('',(0.527416772091,1.455926840902));
#5833 = CARTESIAN_POINT('',(0.546339692617,1.664394993289));
#5834 = CARTESIAN_POINT('',(0.560020269298,1.87308892468));
#5835 = CARTESIAN_POINT('',(0.568990617594,2.081559253077));
#5836 = CARTESIAN_POINT('',(0.573513104423,2.290330391499));
#5837 = CARTESIAN_POINT('',(0.573513104423,2.709669608501));
#5838 = CARTESIAN_POINT('',(0.568990617594,2.918440746923));
#5839 = CARTESIAN_POINT('',(0.560020269298,3.126911075319));
#5840 = CARTESIAN_POINT('',(0.546339692617,3.335605006712));
#5841 = CARTESIAN_POINT('',(0.527416772091,3.544073159098));
#5842 = CARTESIAN_POINT('',(0.502491499541,3.7500006));
#5843 = ( GEOMETRIC_REPRESENTATION_CONTEXT(2) 
PARAMETRIC_REPRESENTATION_CONTEXT() REPRESENTATION_CONTEXT('2D SPACE',''
  ) );
#5844 = ORIENTED_EDGE('',*,*,#5845,.F.);
#5845 = EDGE_CURVE('',#5846,#5791,#5848,.T.);
#5846 = VERTEX_POINT('',#5847);
#5847 = CARTESIAN_POINT('',(-17.10954013216,1.761714070409,-2.75));
#5848 = SURFACE_CURVE('',#5849,(#5872,#5898),.PCURVE_S1.);
#5849 = B_SPLINE_CURVE_WITH_KNOTS('',6,(#5850,#5851,#5852,#5853,#5854,
    #5855,#5856,#5857,#5858,#5859,#5860,#5861,#5862,#5863,#5864,#5865,
    #5866,#5867,#5868,#5869,#5870,#5871),.UNSPECIFIED.,.F.,.F.,(7,5,5,5,
    7),(0.,0.431468747659,0.603257491573,0.753710571994,1.),
  .UNSPECIFIED.);
#5850 = CARTESIAN_POINT('',(-17.10954013216,1.761714070409,-2.75));
#5851 = CARTESIAN_POINT('',(-17.10954013216,1.761714070409,
    -2.807397402713));
#5852 = CARTESIAN_POINT('',(-17.11018711912,1.75543086398,
    -2.864602312865));
#5853 = CARTESIAN_POINT('',(-17.11147315141,1.742939991398,
    -2.92131821289));
#5854 = CARTESIAN_POINT('',(-17.11340175458,1.724043099609,
    -2.976982078942));
#5855 = CARTESIAN_POINT('',(-17.11595343625,1.698583484164,-3.0308383709
    ));
#5856 = CARTESIAN_POINT('',(-17.12033825604,1.653536849221,
    -3.102281676902));
#5857 = CARTESIAN_POINT('',(-17.12167916087,1.639641652599,
    -3.122182726736));
#5858 = CARTESIAN_POINT('',(-17.12310952641,1.62467062124,
    -3.141576279703));
#5859 = CARTESIAN_POINT('',(-17.12462543128,1.60862077185,
    -3.160386565397));
#5860 = CARTESIAN_POINT('',(-17.12622164049,1.591497895558,
    -3.178528605456));
#5861 = CARTESIAN_POINT('',(-17.1293538324,1.557399397229,
    -3.211134615231));
#5862 = CARTESIAN_POINT('',(-17.13087262736,1.540670107989,
    -3.225775051617));
#5863 = CARTESIAN_POINT('',(-17.13244318481,1.523145407349,
    -3.239769779062));
#5864 = CARTESIAN_POINT('',(-17.13405981098,1.504847917505,
    -3.25305109721));
#5865 = CARTESIAN_POINT('',(-17.1357157955,1.485811629632,
    -3.265549486416));
#5866 = CARTESIAN_POINT('',(-17.14016614338,1.433790462114,
    -3.296263606071));
#5867 = CARTESIAN_POINT('',(-17.14301534585,1.399625662245,
    -3.313061378042));
#5868 = CARTESIAN_POINT('',(-17.14591450346,1.363830567907,
    -3.327264384505));
#5869 = CARTESIAN_POINT('',(-17.14882374318,1.326711286215,
    -3.338609778839));
#5870 = CARTESIAN_POINT('',(-17.15170435282,1.288618284757,
    -3.346892629266));
#5871 = CARTESIAN_POINT('',(-17.15451835523,1.25,-3.352013260632));
#5872 = PCURVE('',#2276,#5873);
#5873 = DEFINITIONAL_REPRESENTATION('',(#5874),#5897);
#5874 = B_SPLINE_CURVE_WITH_KNOTS('',6,(#5875,#5876,#5877,#5878,#5879,
    #5880,#5881,#5882,#5883,#5884,#5885,#5886,#5887,#5888,#5889,#5890,
    #5891,#5892,#5893,#5894,#5895,#5896),.UNSPECIFIED.,.F.,.F.,(7,5,5,5,
    7),(0.,0.431468747659,0.603257491573,0.753710571994,1.),
  .UNSPECIFIED.);
#5875 = CARTESIAN_POINT('',(3.038987476838,3.25));
#5876 = CARTESIAN_POINT('',(3.038987476838,3.192602597287));
#5877 = CARTESIAN_POINT('',(3.039354711128,3.135397687135));
#5878 = CARTESIAN_POINT('',(3.040084763388,3.07868178711));
#5879 = CARTESIAN_POINT('',(3.041189126779,3.023017921058));
#5880 = CARTESIAN_POINT('',(3.042676746689,2.9691616291));
#5881 = CARTESIAN_POINT('',(3.045308115296,2.897718323098));
#5882 = CARTESIAN_POINT('',(3.046119728169,2.877817273264));
#5883 = CARTESIAN_POINT('',(3.046994099998,2.858423720297));
#5884 = CARTESIAN_POINT('',(3.047931382711,2.839613434603));
#5885 = CARTESIAN_POINT('',(3.048931214085,2.821471394544));
#5886 = CARTESIAN_POINT('',(3.050922031137,2.788865384769));
#5887 = CARTESIAN_POINT('',(3.051898663781,2.774224948383));
#5888 = CARTESIAN_POINT('',(3.052921624108,2.760230220938));
#5889 = CARTESIAN_POINT('',(3.053989574324,2.74694890279));
#5890 = CARTESIAN_POINT('',(3.055100513875,2.734450513584));
#5891 = CARTESIAN_POINT('',(3.058136047679,2.703736393929));
#5892 = CARTESIAN_POINT('',(3.060129264042,2.686938621958));
#5893 = CARTESIAN_POINT('',(3.062217179646,2.672735615495));
#5894 = CARTESIAN_POINT('',(3.064381883632,2.661390221161));
#5895 = CARTESIAN_POINT('',(3.066602908017,2.653107370734));
#5896 = CARTESIAN_POINT('',(3.068854109943,2.647986739368));
#5897 = ( GEOMETRIC_REPRESENTATION_CONTEXT(2) 
PARAMETRIC_REPRESENTATION_CONTEXT() REPRESENTATION_CONTEXT('2D SPACE',''
  ) );
#5898 = PCURVE('',#5899,#5904);
#5899 = SPHERICAL_SURFACE('',#5900,1.25);
#5900 = AXIS2_PLACEMENT_3D('',#5901,#5902,#5903);
#5901 = CARTESIAN_POINT('',(-18.25,1.25,-2.75));
#5902 = DIRECTION('',(0.,0.,1.));
#5903 = DIRECTION('',(1.,1.7763568394E-16,-0.));
#5904 = DEFINITIONAL_REPRESENTATION('',(#5905),#5928);
#5905 = B_SPLINE_CURVE_WITH_KNOTS('',6,(#5906,#5907,#5908,#5909,#5910,
    #5911,#5912,#5913,#5914,#5915,#5916,#5917,#5918,#5919,#5920,#5921,
    #5922,#5923,#5924,#5925,#5926,#5927),.UNSPECIFIED.,.F.,.F.,(7,5,5,5,
    7),(0.,0.431468747659,0.603257491573,0.753710571994,1.),
  .UNSPECIFIED.);
#5906 = CARTESIAN_POINT('',(0.421764821626,0.));
#5907 = CARTESIAN_POINT('',(0.421764821626,-4.591792217014E-02));
#5908 = CARTESIAN_POINT('',(0.41739150639,-9.168196813004E-02));
#5909 = CARTESIAN_POINT('',(0.408692539011,-0.137228557794));
#5910 = CARTESIAN_POINT('',(0.395372212134,-0.182277405566));
#5911 = CARTESIAN_POINT('',(0.376956759603,-0.226372719799));
#5912 = CARTESIAN_POINT('',(0.343136324427,-0.285655791223));
#5913 = CARTESIAN_POINT('',(0.332593105594,-0.30226370831));
#5914 = CARTESIAN_POINT('',(0.321098298796,-0.318547674544));
#5915 = CARTESIAN_POINT('',(0.308611910588,-0.334444473443));
#5916 = CARTESIAN_POINT('',(0.295099292765,-0.349878720371));
#5917 = CARTESIAN_POINT('',(0.267783520459,-0.377800562689));
#5918 = CARTESIAN_POINT('',(0.254225312619,-0.390415609075));
#5919 = CARTESIAN_POINT('',(0.23984834441,-0.402550226844));
#5920 = CARTESIAN_POINT('',(0.224647126887,-0.414137589006));
#5921 = CARTESIAN_POINT('',(0.208630606356,-0.42510614587));
#5922 = CARTESIAN_POINT('',(0.164322227831,-0.452205584813));
#5923 = CARTESIAN_POINT('',(0.134693751187,-0.467184365705));
#5924 = CARTESIAN_POINT('',(0.103097577439,-0.479975727678));
#5925 = CARTESIAN_POINT('',(6.98079171649E-02,-0.490270815743));
#5926 = CARTESIAN_POINT('',(3.525233393113E-02,-0.497817252526));
#5927 = CARTESIAN_POINT('',(0.,-0.502491572165));
#5928 = ( GEOMETRIC_REPRESENTATION_CONTEXT(2) 
PARAMETRIC_REPRESENTATION_CONTEXT() REPRESENTATION_CONTEXT('2D SPACE',''
  ) );
#5929 = ORIENTED_EDGE('',*,*,#5930,.T.);
#5930 = EDGE_CURVE('',#5846,#5931,#5933,.T.);
#5931 = VERTEX_POINT('',#5932);
#5932 = CARTESIAN_POINT('',(-17.10954013216,1.761714070409,2.75));
#5933 = SURFACE_CURVE('',#5934,(#5938,#5944),.PCURVE_S1.);
#5934 = LINE('',#5935,#5936);
#5935 = CARTESIAN_POINT('',(-17.10954013216,1.761714070409,-6.));
#5936 = VECTOR('',#5937,1.);
#5937 = DIRECTION('',(0.,0.,1.));
#5938 = PCURVE('',#2276,#5939);
#5939 = DEFINITIONAL_REPRESENTATION('',(#5940),#5943);
#5940 = B_SPLINE_CURVE_WITH_KNOTS('',1,(#5941,#5942),.UNSPECIFIED.,.F.,
  .F.,(2,2),(3.2499994,8.7500006),.PIECEWISE_BEZIER_KNOTS.);
#5941 = CARTESIAN_POINT('',(3.038987476838,3.2499994));
#5942 = CARTESIAN_POINT('',(3.038987476838,8.7500006));
#5943 = ( GEOMETRIC_REPRESENTATION_CONTEXT(2) 
PARAMETRIC_REPRESENTATION_CONTEXT() REPRESENTATION_CONTEXT('2D SPACE',''
  ) );
#5944 = PCURVE('',#5945,#5950);
#5945 = CYLINDRICAL_SURFACE('',#5946,1.25);
#5946 = AXIS2_PLACEMENT_3D('',#5947,#5948,#5949);
#5947 = CARTESIAN_POINT('',(-18.25,1.25,-4.));
#5948 = DIRECTION('',(0.,0.,1.));
#5949 = DIRECTION('',(1.,0.,-0.));
#5950 = DEFINITIONAL_REPRESENTATION('',(#5951),#5954);
#5951 = B_SPLINE_CURVE_WITH_KNOTS('',1,(#5952,#5953),.UNSPECIFIED.,.F.,
  .F.,(2,2),(3.2499994,8.7500006),.PIECEWISE_BEZIER_KNOTS.);
#5952 = CARTESIAN_POINT('',(0.421764821626,1.2499994));
#5953 = CARTESIAN_POINT('',(0.421764821626,6.7500006));
#5954 = ( GEOMETRIC_REPRESENTATION_CONTEXT(2) 
PARAMETRIC_REPRESENTATION_CONTEXT() REPRESENTATION_CONTEXT('2D SPACE',''
  ) );
#5955 = ORIENTED_EDGE('',*,*,#5956,.F.);
#5956 = EDGE_CURVE('',#5957,#5931,#5959,.T.);
#5957 = VERTEX_POINT('',#5958);
#5958 = CARTESIAN_POINT('',(-17.15451835523,1.25,3.352013260632));
#5959 = SURFACE_CURVE('',#5960,(#5983,#6009),.PCURVE_S1.);
#5960 = B_SPLINE_CURVE_WITH_KNOTS('',6,(#5961,#5962,#5963,#5964,#5965,
    #5966,#5967,#5968,#5969,#5970,#5971,#5972,#5973,#5974,#5975,#5976,
    #5977,#5978,#5979,#5980,#5981,#5982),.UNSPECIFIED.,.F.,.F.,(7,5,5,5,
    7),(0.,0.178648107492,0.324504971568,0.510548921697,1.),
  .UNSPECIFIED.);
#5961 = CARTESIAN_POINT('',(-17.15451835523,1.25,3.352013260632));
#5962 = CARTESIAN_POINT('',(-17.15237026664,1.279479540142,3.34810439055
    ));
#5963 = CARTESIAN_POINT('',(-17.15018947322,1.308569109987,
    3.342363836424));
#5964 = CARTESIAN_POINT('',(-17.14799563407,1.337040450657,
    3.334860475732));
#5965 = CARTESIAN_POINT('',(-17.14580791856,1.364713355585,
    3.325708322599));
#5966 = CARTESIAN_POINT('',(-17.14364410402,1.39144948448,3.315046993058
    ));
#5967 = CARTESIAN_POINT('',(-17.1397851865,1.438126187001,3.293204529603
    ));
#5968 = CARTESIAN_POINT('',(-17.13807672792,1.45841604972,3.282476831861
    ));
#5969 = CARTESIAN_POINT('',(-17.13640233738,1.477964884486,3.27091626004
    ));
#5970 = CARTESIAN_POINT('',(-17.13476883536,1.496739405544,
    3.258600493317));
#5971 = CARTESIAN_POINT('',(-17.13318183913,1.514720276769,
    3.245603750367));
#5972 = CARTESIAN_POINT('',(-17.12968649673,1.553809661104,3.21463177858
    ));
#5973 = CARTESIAN_POINT('',(-17.12781024247,1.574413161583,
    3.196272930078));
#5974 = CARTESIAN_POINT('',(-17.12602600196,1.593693521071,
    3.177053550593));
#5975 = CARTESIAN_POINT('',(-17.12434037714,1.611654200559,
    3.157097287952));
#5976 = CARTESIAN_POINT('',(-17.12275795793,1.628311565827,
    3.136511079553));
#5977 = CARTESIAN_POINT('',(-17.11739788654,1.68414408557,3.059795070795
    ));
#5978 = CARTESIAN_POINT('',(-17.11425511348,1.715674690918,
    3.000542242036));
#5979 = CARTESIAN_POINT('',(-17.11189316416,1.738861216818,
    2.939080466856));
#5980 = CARTESIAN_POINT('',(-17.11032598615,1.754082016932,
    2.876416499687));
#5981 = CARTESIAN_POINT('',(-17.10954013216,1.761714070409,2.81325520335
    ));
#5982 = CARTESIAN_POINT('',(-17.10954013216,1.761714070409,2.75));
#5983 = PCURVE('',#2276,#5984);
#5984 = DEFINITIONAL_REPRESENTATION('',(#5985),#6008);
#5985 = B_SPLINE_CURVE_WITH_KNOTS('',6,(#5986,#5987,#5988,#5989,#5990,
    #5991,#5992,#5993,#5994,#5995,#5996,#5997,#5998,#5999,#6000,#6001,
    #6002,#6003,#6004,#6005,#6006,#6007),.UNSPECIFIED.,.F.,.F.,(7,5,5,5,
    7),(0.,0.178648107492,0.324504971568,0.510548921697,1.),
  .UNSPECIFIED.);
#5986 = CARTESIAN_POINT('',(3.068854109943,9.352013260632));
#5987 = CARTESIAN_POINT('',(3.06713563907,9.34810439055));
#5988 = CARTESIAN_POINT('',(3.065439642792,9.342363836424));
#5989 = CARTESIAN_POINT('',(3.063779430602,9.334860475732));
#5990 = CARTESIAN_POINT('',(3.062165525402,9.325708322599));
#5991 = CARTESIAN_POINT('',(3.060606019134,9.315046993058));
#5992 = CARTESIAN_POINT('',(3.057882999039,9.293204529603));
#5993 = CARTESIAN_POINT('',(3.056699182737,9.282476831861));
#5994 = CARTESIAN_POINT('',(3.055558462844,9.27091626004));
#5995 = CARTESIAN_POINT('',(3.054462798512,9.258600493317));
#5996 = CARTESIAN_POINT('',(3.053413335845,9.245603750367));
#5997 = CARTESIAN_POINT('',(3.051131629531,9.21463177858));
#5998 = CARTESIAN_POINT('',(3.049928796569,9.196272930078));
#5999 = CARTESIAN_POINT('',(3.048803057393,9.177053550593));
#6000 = CARTESIAN_POINT('',(3.047754244243,9.157097287952));
#6001 = CARTESIAN_POINT('',(3.046781433103,9.136511079553));
#6002 = CARTESIAN_POINT('',(3.043520431926,9.059795070795));
#6003 = CARTESIAN_POINT('',(3.04167818562,9.000542242036));
#6004 = CARTESIAN_POINT('',(3.040323155145,8.939080466856));
#6005 = CARTESIAN_POINT('',(3.039433547048,8.876416499687));
#6006 = CARTESIAN_POINT('',(3.038987476838,8.81325520335));
#6007 = CARTESIAN_POINT('',(3.038987476838,8.75));
#6008 = ( GEOMETRIC_REPRESENTATION_CONTEXT(2) 
PARAMETRIC_REPRESENTATION_CONTEXT() REPRESENTATION_CONTEXT('2D SPACE',''
  ) );
#6009 = PCURVE('',#6010,#6015);
#6010 = SPHERICAL_SURFACE('',#6011,1.25);
#6011 = AXIS2_PLACEMENT_3D('',#6012,#6013,#6014);
#6012 = CARTESIAN_POINT('',(-18.25,1.25,2.75));
#6013 = DIRECTION('',(-0.,-1.,-0.));
#6014 = DIRECTION('',(1.,-0.,0.));
#6015 = DEFINITIONAL_REPRESENTATION('',(#6016),#6039);
#6016 = B_SPLINE_CURVE_WITH_KNOTS('',6,(#6017,#6018,#6019,#6020,#6021,
    #6022,#6023,#6024,#6025,#6026,#6027,#6028,#6029,#6030,#6031,#6032,
    #6033,#6034,#6035,#6036,#6037,#6038),.UNSPECIFIED.,.F.,.F.,(7,5,5,5,
    7),(0.,0.178648107492,0.324504971568,0.510548921697,1.),
  .UNSPECIFIED.);
#6017 = CARTESIAN_POINT('',(0.502491572165,2.6645352591E-15));
#6018 = CARTESIAN_POINT('',(0.498923397288,-2.358363211362E-02));
#6019 = CARTESIAN_POINT('',(0.494058385869,-4.685519564247E-02));
#6020 = CARTESIAN_POINT('',(0.487941759864,-6.965614536962E-02));
#6021 = CARTESIAN_POINT('',(0.480637268195,-9.186188256634E-02));
#6022 = CARTESIAN_POINT('',(0.472219831425,-0.113375022843));
#6023 = CARTESIAN_POINT('',(0.455051411187,-0.151054765314));
#6024 = CARTESIAN_POINT('',(0.446644344884,-0.167480180462));
#6025 = CARTESIAN_POINT('',(0.437588036237,-0.183357366989));
#6026 = CARTESIAN_POINT('',(0.427923757368,-0.198659760528));
#6027 = CARTESIAN_POINT('',(0.417691463803,-0.213369556837));
#6028 = CARTESIAN_POINT('',(0.393199521189,-0.24546795689));
#6029 = CARTESIAN_POINT('',(0.378608170715,-0.262476538251));
#6030 = CARTESIAN_POINT('',(0.363229565679,-0.278480544493));
#6031 = CARTESIAN_POINT('',(0.347136176179,-0.293470120384));
#6032 = CARTESIAN_POINT('',(0.330395574348,-0.307443646995));
#6033 = CARTESIAN_POINT('',(0.267483554993,-0.354504698691));
#6034 = CARTESIAN_POINT('',(0.217914051613,-0.381544712986));
#6035 = CARTESIAN_POINT('',(0.165354639645,-0.401726898568));
#6036 = CARTESIAN_POINT('',(0.110845891846,-0.415072689302));
#6037 = CARTESIAN_POINT('',(5.546464644131E-02,-0.421764821626));
#6038 = CARTESIAN_POINT('',(0.,-0.421764821626));
#6039 = ( GEOMETRIC_REPRESENTATION_CONTEXT(2) 
PARAMETRIC_REPRESENTATION_CONTEXT() REPRESENTATION_CONTEXT('2D SPACE',''
  ) );
#6040 = ORIENTED_EDGE('',*,*,#6041,.F.);
#6041 = EDGE_CURVE('',#6042,#5957,#6044,.T.);
#6042 = VERTEX_POINT('',#6043);
#6043 = CARTESIAN_POINT('',(-17.15451835523,-1.25,3.352013260632));
#6044 = SURFACE_CURVE('',#6045,(#6058,#6074),.PCURVE_S1.);
#6045 = B_SPLINE_CURVE_WITH_KNOTS('',6,(#6046,#6047,#6048,#6049,#6050,
    #6051,#6052,#6053,#6054,#6055,#6056,#6057),.UNSPECIFIED.,.F.,.F.,(7,
    5,7),(0.,0.500000000002,1.),.UNSPECIFIED.);
#6046 = CARTESIAN_POINT('',(-17.15451831151,-1.2500006,3.352013181074));
#6047 = CARTESIAN_POINT('',(-17.16952365412,-1.044073159097,
    3.379318360733));
#6048 = CARTESIAN_POINT('',(-17.18173201352,-0.835605006712,
    3.399598985846));
#6049 = CARTESIAN_POINT('',(-17.19084809908,-0.62691107532,
    3.414064456872));
#6050 = CARTESIAN_POINT('',(-17.1969329139,-0.418440746923,
    3.423484717957));
#6051 = CARTESIAN_POINT('',(-17.2,-0.2096696085,3.428232998313));
#6052 = CARTESIAN_POINT('',(-17.2,0.209669608499,3.428232998313));
#6053 = CARTESIAN_POINT('',(-17.1969329139,0.418440746924,3.423484717957
    ));
#6054 = CARTESIAN_POINT('',(-17.19084809908,0.62691107532,3.414064456872
    ));
#6055 = CARTESIAN_POINT('',(-17.18173201352,0.835605006712,
    3.399598985846));
#6056 = CARTESIAN_POINT('',(-17.16952365412,1.044073159097,
    3.379318360733));
#6057 = CARTESIAN_POINT('',(-17.15451831151,1.2500006,3.352013181074));
#6058 = PCURVE('',#2276,#6059);
#6059 = DEFINITIONAL_REPRESENTATION('',(#6060),#6073);
#6060 = B_SPLINE_CURVE_WITH_KNOTS('',6,(#6061,#6062,#6063,#6064,#6065,
    #6066,#6067,#6068,#6069,#6070,#6071,#6072),.UNSPECIFIED.,.F.,.F.,(7,
    5,7),(0.,0.500000000002,1.),.UNSPECIFIED.);
#6061 = CARTESIAN_POINT('',(3.214331232213,9.352013181074));
#6062 = CARTESIAN_POINT('',(3.202326963882,9.379318360733));
#6063 = CARTESIAN_POINT('',(3.190187192624,9.399598985846));
#6064 = CARTESIAN_POINT('',(3.178044254768,9.414064456872));
#6065 = CARTESIAN_POINT('',(3.165920597497,9.423484717957));
#6066 = CARTESIAN_POINT('',(3.153782747107,9.428232998313));
#6067 = CARTESIAN_POINT('',(3.129402560072,9.428232998313));
#6068 = CARTESIAN_POINT('',(3.117264709682,9.423484717957));
#6069 = CARTESIAN_POINT('',(3.105141052411,9.414064456872));
#6070 = CARTESIAN_POINT('',(3.092998114556,9.399598985846));
#6071 = CARTESIAN_POINT('',(3.080858343298,9.379318360733));
#6072 = CARTESIAN_POINT('',(3.068854074967,9.352013181074));
#6073 = ( GEOMETRIC_REPRESENTATION_CONTEXT(2) 
PARAMETRIC_REPRESENTATION_CONTEXT() REPRESENTATION_CONTEXT('2D SPACE',''
  ) );
#6074 = PCURVE('',#6075,#6080);
#6075 = CYLINDRICAL_SURFACE('',#6076,1.25);
#6076 = AXIS2_PLACEMENT_3D('',#6077,#6078,#6079);
#6077 = CARTESIAN_POINT('',(-18.25,-2.5,2.75));
#6078 = DIRECTION('',(0.,1.,0.));
#6079 = DIRECTION('',(1.,0.,-0.));
#6080 = DEFINITIONAL_REPRESENTATION('',(#6081),#6094);
#6081 = B_SPLINE_CURVE_WITH_KNOTS('',6,(#6082,#6083,#6084,#6085,#6086,
    #6087,#6088,#6089,#6090,#6091,#6092,#6093),.UNSPECIFIED.,.F.,.F.,(7,
    5,7),(0.,0.500000000002,1.),.UNSPECIFIED.);
#6082 = CARTESIAN_POINT('',(-0.502491499541,1.2499994));
#6083 = CARTESIAN_POINT('',(-0.527416772091,1.455926840903));
#6084 = CARTESIAN_POINT('',(-0.546339692617,1.664394993288));
#6085 = CARTESIAN_POINT('',(-0.560020269298,1.87308892468));
#6086 = CARTESIAN_POINT('',(-0.568990617594,2.081559253077));
#6087 = CARTESIAN_POINT('',(-0.573513104423,2.2903303915));
#6088 = CARTESIAN_POINT('',(-0.573513104423,2.709669608499));
#6089 = CARTESIAN_POINT('',(-0.568990617594,2.918440746924));
#6090 = CARTESIAN_POINT('',(-0.560020269298,3.12691107532));
#6091 = CARTESIAN_POINT('',(-0.546339692617,3.335605006712));
#6092 = CARTESIAN_POINT('',(-0.527416772091,3.544073159097));
#6093 = CARTESIAN_POINT('',(-0.502491499541,3.7500006));
#6094 = ( GEOMETRIC_REPRESENTATION_CONTEXT(2) 
PARAMETRIC_REPRESENTATION_CONTEXT() REPRESENTATION_CONTEXT('2D SPACE',''
  ) );
#6095 = ORIENTED_EDGE('',*,*,#6096,.F.);
#6096 = EDGE_CURVE('',#5680,#6042,#6097,.T.);
#6097 = SURFACE_CURVE('',#6098,(#6121,#6147),.PCURVE_S1.);
#6098 = B_SPLINE_CURVE_WITH_KNOTS('',6,(#6099,#6100,#6101,#6102,#6103,
    #6104,#6105,#6106,#6107,#6108,#6109,#6110,#6111,#6112,#6113,#6114,
    #6115,#6116,#6117,#6118,#6119,#6120),.UNSPECIFIED.,.F.,.F.,(7,5,5,5,
    7),(0.,0.431526153973,0.602369210486,0.753896449007,1.),
  .UNSPECIFIED.);
#6099 = CARTESIAN_POINT('',(-17.10954013216,-1.761714070409,2.75));
#6100 = CARTESIAN_POINT('',(-17.10954013216,-1.761714070409,
    2.807335991077));
#6101 = CARTESIAN_POINT('',(-17.11018575329,-1.755444005434,
    2.864546725272));
#6102 = CARTESIAN_POINT('',(-17.11147179556,-1.742953457214,
    2.92128395766));
#6103 = CARTESIAN_POINT('',(-17.1134009262,-1.724051283758,
    2.976962971122));
#6104 = CARTESIAN_POINT('',(-17.11595270411,-1.698591005725,
    3.030826441815));
#6105 = CARTESIAN_POINT('',(-17.12033150691,-1.65360618518,
    3.102171711081));
#6106 = CARTESIAN_POINT('',(-17.12166466871,-1.639791825999,
    3.121967587602));
#6107 = CARTESIAN_POINT('',(-17.12308634107,-1.624913279583,
    3.141261771292));
#6108 = CARTESIAN_POINT('',(-17.12459267198,-1.60896758391,
    3.159979779771));
#6109 = CARTESIAN_POINT('',(-17.12617852579,-1.591960335563,
    3.178038115208));
#6110 = CARTESIAN_POINT('',(-17.12930854909,-1.557898306052,
    3.210698912987));
#6111 = CARTESIAN_POINT('',(-17.13083711588,-1.541066774632,
    3.22546079035));
#6112 = CARTESIAN_POINT('',(-17.13241829764,-1.523427875995,
    3.239568757826));
#6113 = CARTESIAN_POINT('',(-17.13404628755,-1.505004599618,
    3.252953657084));
#6114 = CARTESIAN_POINT('',(-17.13571423448,-1.485831600291,
    3.265544456784));
#6115 = CARTESIAN_POINT('',(-17.14017544875,-1.433678875743,
    3.29631845023));
#6116 = CARTESIAN_POINT('',(-17.14302292093,-1.39953213279,
    3.313098484958));
#6117 = CARTESIAN_POINT('',(-17.14592020591,-1.363757808742,
    3.327286619833));
#6118 = CARTESIAN_POINT('',(-17.14882750773,-1.326661502918,
    3.33862060118));
#6119 = CARTESIAN_POINT('',(-17.1517061909,-1.288593059676,
    3.346895974011));
#6120 = CARTESIAN_POINT('',(-17.15451835523,-1.25,3.352013260632));
#6121 = PCURVE('',#2276,#6122);
#6122 = DEFINITIONAL_REPRESENTATION('',(#6123),#6146);
#6123 = B_SPLINE_CURVE_WITH_KNOTS('',6,(#6124,#6125,#6126,#6127,#6128,
    #6129,#6130,#6131,#6132,#6133,#6134,#6135,#6136,#6137,#6138,#6139,
    #6140,#6141,#6142,#6143,#6144,#6145),.UNSPECIFIED.,.F.,.F.,(7,5,5,5,
    7),(0.,0.431526153973,0.602369210486,0.753896449007,1.),
  .UNSPECIFIED.);
#6124 = CARTESIAN_POINT('',(3.244197830341,8.75));
#6125 = CARTESIAN_POINT('',(3.244197830341,8.807335991077));
#6126 = CARTESIAN_POINT('',(3.243831364215,8.864546725272));
#6127 = CARTESIAN_POINT('',(3.243101330636,8.92128395766));
#6128 = CARTESIAN_POINT('',(3.241996658655,8.976962971122));
#6129 = CARTESIAN_POINT('',(3.240508999858,9.030826441815));
#6130 = CARTESIAN_POINT('',(3.237881242097,9.102171711081));
#6131 = CARTESIAN_POINT('',(3.23707435058,9.121967587602));
#6132 = CARTESIAN_POINT('',(3.236205379466,9.141261771292));
#6133 = CARTESIAN_POINT('',(3.235274177694,9.159979779771));
#6134 = CARTESIAN_POINT('',(3.234281095716,9.178038115208));
#6135 = CARTESIAN_POINT('',(3.232292401587,9.210698912987));
#6136 = CARTESIAN_POINT('',(3.231309797618,9.22546079035));
#6137 = CARTESIAN_POINT('',(3.23028016926,9.239568757826));
#6138 = CARTESIAN_POINT('',(3.229204876134,9.252953657084));
#6139 = CARTESIAN_POINT('',(3.228085957899,9.265544456784));
#6140 = CARTESIAN_POINT('',(3.225042749417,9.29631845023));
#6141 = CARTESIAN_POINT('',(3.223050587598,9.313098484958));
#6142 = CARTESIAN_POINT('',(3.220963884401,9.327286619833));
#6143 = CARTESIAN_POINT('',(3.218800520917,9.33862060118));
#6144 = CARTESIAN_POINT('',(3.2165809287,9.346895974011));
#6145 = CARTESIAN_POINT('',(3.214331197237,9.352013260632));
#6146 = ( GEOMETRIC_REPRESENTATION_CONTEXT(2) 
PARAMETRIC_REPRESENTATION_CONTEXT() REPRESENTATION_CONTEXT('2D SPACE',''
  ) );
#6147 = PCURVE('',#6148,#6153);
#6148 = SPHERICAL_SURFACE('',#6149,1.25);
#6149 = AXIS2_PLACEMENT_3D('',#6150,#6151,#6152);
#6150 = CARTESIAN_POINT('',(-18.25,-1.25,2.75));
#6151 = DIRECTION('',(-0.,-0.,-1.));
#6152 = DIRECTION('',(1.,0.,0.));
#6153 = DEFINITIONAL_REPRESENTATION('',(#6154),#6177);
#6154 = B_SPLINE_CURVE_WITH_KNOTS('',6,(#6155,#6156,#6157,#6158,#6159,
    #6160,#6161,#6162,#6163,#6164,#6165,#6166,#6167,#6168,#6169,#6170,
    #6171,#6172,#6173,#6174,#6175,#6176),.UNSPECIFIED.,.F.,.F.,(7,5,5,5,
    7),(0.,0.431526153973,0.602369210486,0.753896449007,1.),
  .UNSPECIFIED.);
#6155 = CARTESIAN_POINT('',(0.421764821626,0.));
#6156 = CARTESIAN_POINT('',(0.421764821626,-4.586879286183E-02));
#6157 = CARTESIAN_POINT('',(0.417400370556,-9.163745485214E-02));
#6158 = CARTESIAN_POINT('',(0.408702372613,-0.13720066752));
#6159 = CARTESIAN_POINT('',(0.395377998549,-0.182261823828));
#6160 = CARTESIAN_POINT('',(0.376962406694,-0.226362821141));
#6161 = CARTESIAN_POINT('',(0.343188380975,-0.285564542484));
#6162 = CARTESIAN_POINT('',(0.332707050763,-0.302084172501));
#6163 = CARTESIAN_POINT('',(0.321284600762,-0.318283603623));
#6164 = CARTESIAN_POINT('',(0.308881693225,-0.334100712201));
#6165 = CARTESIAN_POINT('',(0.295464179502,-0.349461469569));
#6166 = CARTESIAN_POINT('',(0.268187957205,-0.377425075307));
#6167 = CARTESIAN_POINT('',(0.254551053087,-0.390142961138));
#6168 = CARTESIAN_POINT('',(0.240083586392,-0.402374607053));
#6169 = CARTESIAN_POINT('',(0.224779783048,-0.414051781726));
#6170 = CARTESIAN_POINT('',(0.208648676185,-0.425101391762));
#6171 = CARTESIAN_POINT('',(0.164225454928,-0.45225449102));
#6172 = CARTESIAN_POINT('',(0.134611191479,-0.467217783952));
#6173 = CARTESIAN_POINT('',(0.103032325459,-0.4799959052));
#6174 = CARTESIAN_POINT('',(6.976275631543E-02,-0.490280675671));
#6175 = CARTESIAN_POINT('',(3.522930745649E-02,-0.497820305745));
#6176 = CARTESIAN_POINT('',(0.,-0.502491572165));
#6177 = ( GEOMETRIC_REPRESENTATION_CONTEXT(2) 
PARAMETRIC_REPRESENTATION_CONTEXT() REPRESENTATION_CONTEXT('2D SPACE',''
  ) );
#6178 = FACE_BOUND('',#6179,.F.);
#6179 = EDGE_LOOP('',(#6180,#6203,#6257,#6258,#6259,#6315,#6336,#6390,
    #6391,#6392));
#6180 = ORIENTED_EDGE('',*,*,#6181,.F.);
#6181 = EDGE_CURVE('',#6182,#6184,#6186,.T.);
#6182 = VERTEX_POINT('',#6183);
#6183 = CARTESIAN_POINT('',(-6.578190321208,-15.89236961871,-2.25));
#6184 = VERTEX_POINT('',#6185);
#6185 = CARTESIAN_POINT('',(-6.578190321208,-15.89236961871,2.25));
#6186 = SURFACE_CURVE('',#6187,(#6191,#6197),.PCURVE_S1.);
#6187 = LINE('',#6188,#6189);
#6188 = CARTESIAN_POINT('',(-6.578190321208,-15.89236961871,-6.));
#6189 = VECTOR('',#6190,1.);
#6190 = DIRECTION('',(0.,0.,1.));
#6191 = PCURVE('',#2276,#6192);
#6192 = DEFINITIONAL_REPRESENTATION('',(#6193),#6196);
#6193 = B_SPLINE_CURVE_WITH_KNOTS('',1,(#6194,#6195),.UNSPECIFIED.,.F.,
  .F.,(2,2),(3.7499994,8.2500006),.PIECEWISE_BEZIER_KNOTS.);
#6194 = CARTESIAN_POINT('',(4.319939384466,3.7499994));
#6195 = CARTESIAN_POINT('',(4.319939384466,8.2500006));
#6196 = ( GEOMETRIC_REPRESENTATION_CONTEXT(2) 
PARAMETRIC_REPRESENTATION_CONTEXT() REPRESENTATION_CONTEXT('2D SPACE',''
  ) );
#6197 = PCURVE('',#3645,#6198);
#6198 = DEFINITIONAL_REPRESENTATION('',(#6199),#6202);
#6199 = B_SPLINE_CURVE_WITH_KNOTS('',1,(#6200,#6201),.UNSPECIFIED.,.F.,
  .F.,(2,2),(3.7499994,8.2500006),.PIECEWISE_BEZIER_KNOTS.);
#6200 = CARTESIAN_POINT('',(0.263564255973,0.7499994));
#6201 = CARTESIAN_POINT('',(0.263564255973,5.2500006));
#6202 = ( GEOMETRIC_REPRESENTATION_CONTEXT(2) 
PARAMETRIC_REPRESENTATION_CONTEXT() REPRESENTATION_CONTEXT('2D SPACE',''
  ) );
#6203 = ORIENTED_EDGE('',*,*,#6204,.F.);
#6204 = EDGE_CURVE('',#3704,#6182,#6205,.T.);
#6205 = SURFACE_CURVE('',#6206,(#6221,#6239),.PCURVE_S1.);
#6206 = B_SPLINE_CURVE_WITH_KNOTS('',7,(#6207,#6208,#6209,#6210,#6211,
    #6212,#6213,#6214,#6215,#6216,#6217,#6218,#6219,#6220),
  .UNSPECIFIED.,.F.,.F.,(8,6,8),(0.,0.247652663675,1.),.UNSPECIFIED.);
#6207 = CARTESIAN_POINT('',(-6.877178861073,-15.76529133612,
    -2.838804017846));
#6208 = CARTESIAN_POINT('',(-6.858410858682,-15.77347836588,
    -2.825806256115));
#6209 = CARTESIAN_POINT('',(-6.83973268395,-15.78159518882,
    -2.811726497933));
#6210 = CARTESIAN_POINT('',(-6.82132784923,-15.78956232902,
    -2.796606798318));
#6211 = CARTESIAN_POINT('',(-6.803357274953,-15.79731206745,
    -2.780516316388));
#6212 = CARTESIAN_POINT('',(-6.785948347751,-15.80479254341,
    -2.76353820292));
#6213 = CARTESIAN_POINT('',(-6.769193420803,-15.81196775984,
    -2.745757013139));
#6214 = CARTESIAN_POINT('',(-6.704442797424,-15.83961023598,
    -2.67101374915));
#6215 = CARTESIAN_POINT('',(-6.662555972531,-15.85728508685,
    -2.6082718033));
#6216 = CARTESIAN_POINT('',(-6.628755372951,-15.87140645942,
    -2.540648702531));
#6217 = CARTESIAN_POINT('',(-6.603459613834,-15.88191008867,
    -2.469868702513));
#6218 = CARTESIAN_POINT('',(-6.58665640519,-15.88886533486,
    -2.39726786444));
#6219 = CARTESIAN_POINT('',(-6.578190321208,-15.89236961871,
    -2.323794940486));
#6220 = CARTESIAN_POINT('',(-6.578190321208,-15.89236961871,-2.25));
#6221 = PCURVE('',#2276,#6222);
#6222 = DEFINITIONAL_REPRESENTATION('',(#6223),#6238);
#6223 = B_SPLINE_CURVE_WITH_KNOTS('',7,(#6224,#6225,#6226,#6227,#6228,
    #6229,#6230,#6231,#6232,#6233,#6234,#6235,#6236,#6237),
  .UNSPECIFIED.,.F.,.F.,(8,6,8),(0.,0.247652663675,1.),.UNSPECIFIED.);
#6224 = CARTESIAN_POINT('',(4.3010510875,3.161195982154));
#6225 = CARTESIAN_POINT('',(4.302241550904,3.174193743885));
#6226 = CARTESIAN_POINT('',(4.303425595351,3.188273502067));
#6227 = CARTESIAN_POINT('',(4.30459159672,3.203393201682));
#6228 = CARTESIAN_POINT('',(4.305729407981,3.219483683612));
#6229 = CARTESIAN_POINT('',(4.306831036936,3.23646179708));
#6230 = CARTESIAN_POINT('',(4.307890726069,3.254242986861));
#6231 = CARTESIAN_POINT('',(4.311983992825,3.32898625085));
#6232 = CARTESIAN_POINT('',(4.314627181321,3.3917281967));
#6233 = CARTESIAN_POINT('',(4.316756925794,3.459351297469));
#6234 = CARTESIAN_POINT('',(4.318349357764,3.530131297487));
#6235 = CARTESIAN_POINT('',(4.319406670692,3.60273213556));
#6236 = CARTESIAN_POINT('',(4.319939384466,3.676205059514));
#6237 = CARTESIAN_POINT('',(4.319939384466,3.75));
#6238 = ( GEOMETRIC_REPRESENTATION_CONTEXT(2) 
PARAMETRIC_REPRESENTATION_CONTEXT() REPRESENTATION_CONTEXT('2D SPACE',''
  ) );
#6239 = PCURVE('',#3720,#6240);
#6240 = DEFINITIONAL_REPRESENTATION('',(#6241),#6256);
#6241 = B_SPLINE_CURVE_WITH_KNOTS('',7,(#6242,#6243,#6244,#6245,#6246,
    #6247,#6248,#6249,#6250,#6251,#6252,#6253,#6254,#6255),
  .UNSPECIFIED.,.F.,.F.,(8,6,8),(0.,0.247652663675,1.),.UNSPECIFIED.);
#6242 = CARTESIAN_POINT('',(-1.50990331349E-14,-0.902812397568));
#6243 = CARTESIAN_POINT('',(2.617579140936E-02,-0.874833347751));
#6244 = CARTESIAN_POINT('',(5.009364040088E-02,-0.845682565892));
#6245 = CARTESIAN_POINT('',(7.180028338869E-02,-0.815590386292));
#6246 = CARTESIAN_POINT('',(9.14466323581E-02,-0.784780029394));
#6247 = CARTESIAN_POINT('',(0.109217182858,-0.75344216992));
#6248 = CARTESIAN_POINT('',(0.125292183749,-0.721723590153));
#6249 = CARTESIAN_POINT('',(0.184045377611,-0.592535915328));
#6250 = CARTESIAN_POINT('',(0.214002705355,-0.493183523362));
#6251 = CARTESIAN_POINT('',(0.235123650974,-0.393707208026));
#6252 = CARTESIAN_POINT('',(0.249657496447,-0.294708403052));
#6253 = CARTESIAN_POINT('',(0.258906754947,-0.196358645251));
#6254 = CARTESIAN_POINT('',(0.263564255973,-9.839325398104E-02));
#6255 = CARTESIAN_POINT('',(0.263564255973,0.));
#6256 = ( GEOMETRIC_REPRESENTATION_CONTEXT(2) 
PARAMETRIC_REPRESENTATION_CONTEXT() REPRESENTATION_CONTEXT('2D SPACE',''
  ) );
#6257 = ORIENTED_EDGE('',*,*,#3732,.T.);
#6258 = ORIENTED_EDGE('',*,*,#3902,.F.);
#6259 = ORIENTED_EDGE('',*,*,#6260,.F.);
#6260 = EDGE_CURVE('',#6261,#3903,#6263,.T.);
#6261 = VERTEX_POINT('',#6262);
#6262 = CARTESIAN_POINT('',(-9.654943118119,-14.2345380461,-2.25));
#6263 = SURFACE_CURVE('',#6264,(#6279,#6297),.PCURVE_S1.);
#6264 = B_SPLINE_CURVE_WITH_KNOTS('',7,(#6265,#6266,#6267,#6268,#6269,
    #6270,#6271,#6272,#6273,#6274,#6275,#6276,#6277,#6278),
  .UNSPECIFIED.,.F.,.F.,(8,6,8),(0.,0.47032499686,1.),.UNSPECIFIED.);
#6265 = CARTESIAN_POINT('',(-9.654943118119,-14.2345380461,-2.25));
#6266 = CARTESIAN_POINT('',(-9.654943118119,-14.2345380461,
    -2.326532225145));
#6267 = CARTESIAN_POINT('',(-9.646564229015,-14.2402212228,
    -2.403169599532));
#6268 = CARTESIAN_POINT('',(-9.629765315223,-14.25161559251,
    -2.478708600031));
#6269 = CARTESIAN_POINT('',(-9.604617481903,-14.26862729864,
    -2.551941924745));
#6270 = CARTESIAN_POINT('',(-9.571296562362,-14.29104540183,
    -2.621676797857));
#6271 = CARTESIAN_POINT('',(-9.530083153881,-14.3185517371,
    -2.686742039265));
#6272 = CARTESIAN_POINT('',(-9.426510194216,-14.38698122982,
    -2.812701450573));
#6273 = CARTESIAN_POINT('',(-9.362023808968,-14.42923517127,
    -2.872172367861));
#6274 = CARTESIAN_POINT('',(-9.288865345664,-14.47664899011,
    -2.922126937031));
#6275 = CARTESIAN_POINT('',(-9.208556982299,-14.52798228079,
    -2.960789370259));
#6276 = CARTESIAN_POINT('',(-9.123014358828,-14.58179195171,
    -2.986949648121));
#6277 = CARTESIAN_POINT('',(-9.03447251975,-14.63657072749,-3.));
#6278 = CARTESIAN_POINT('',(-8.945314648087,-14.69085926168,-3.));
#6279 = PCURVE('',#2276,#6280);
#6280 = DEFINITIONAL_REPRESENTATION('',(#6281),#6296);
#6281 = B_SPLINE_CURVE_WITH_KNOTS('',7,(#6282,#6283,#6284,#6285,#6286,
    #6287,#6288,#6289,#6290,#6291,#6292,#6293,#6294,#6295),
  .UNSPECIFIED.,.F.,.F.,(8,6,8),(0.,0.47032499686,1.),.UNSPECIFIED.);
#6282 = CARTESIAN_POINT('',(4.116392267512,3.75));
#6283 = CARTESIAN_POINT('',(4.116392267512,3.673467774855));
#6284 = CARTESIAN_POINT('',(4.116980897401,3.596830400468));
#6285 = CARTESIAN_POINT('',(4.11816105252,3.521291399969));
#6286 = CARTESIAN_POINT('',(4.119926244752,3.448058075255));
#6287 = CARTESIAN_POINT('',(4.12226113315,3.378323202143));
#6288 = CARTESIAN_POINT('',(4.125141880739,3.313257960735));
#6289 = CARTESIAN_POINT('',(4.132359138504,3.187298549427));
#6290 = CARTESIAN_POINT('',(4.136841467495,3.127827632139));
#6291 = CARTESIAN_POINT('',(4.14190992836,3.077873062969));
#6292 = CARTESIAN_POINT('',(4.147451149669,3.039210629741));
#6293 = CARTESIAN_POINT('',(4.153326441523,3.013050351879));
#6294 = CARTESIAN_POINT('',(4.159379609523,3.));
#6295 = CARTESIAN_POINT('',(4.165448544639,3.));
#6296 = ( GEOMETRIC_REPRESENTATION_CONTEXT(2) 
PARAMETRIC_REPRESENTATION_CONTEXT() REPRESENTATION_CONTEXT('2D SPACE',''
  ) );
#6297 = PCURVE('',#3942,#6298);
#6298 = DEFINITIONAL_REPRESENTATION('',(#6299),#6314);
#6299 = B_SPLINE_CURVE_WITH_KNOTS('',7,(#6300,#6301,#6302,#6303,#6304,
    #6305,#6306,#6307,#6308,#6309,#6310,#6311,#6312,#6313),
  .UNSPECIFIED.,.F.,.F.,(8,6,8),(0.,0.47032499686,1.),.UNSPECIFIED.);
#6300 = CARTESIAN_POINT('',(0.,2.390237767315));
#6301 = CARTESIAN_POINT('',(0.10204296686,2.390237767315));
#6302 = CARTESIAN_POINT('',(0.204226352216,2.385823024846));
#6303 = CARTESIAN_POINT('',(0.306679815276,2.376971923602));
#6304 = CARTESIAN_POINT('',(0.409552953657,2.363699114164));
#6305 = CARTESIAN_POINT('',(0.513013688773,2.34605140296));
#6306 = CARTESIAN_POINT('',(0.617263043247,2.324112711871));
#6307 = CARTESIAN_POINT('',(0.841157728373,2.268630644014));
#6308 = CARTESIAN_POINT('',(0.961333676216,2.233910766917));
#6309 = CARTESIAN_POINT('',(1.082479667066,2.194260588617));
#6310 = CARTESIAN_POINT('',(1.204252268654,2.150378151145));
#6311 = CARTESIAN_POINT('',(1.326389757868,2.103200901574));
#6312 = CARTESIAN_POINT('',(1.448670746024,2.053910807522));
#6313 = CARTESIAN_POINT('',(1.570796326795,2.003842092813));
#6314 = ( GEOMETRIC_REPRESENTATION_CONTEXT(2) 
PARAMETRIC_REPRESENTATION_CONTEXT() REPRESENTATION_CONTEXT('2D SPACE',''
  ) );
#6315 = ORIENTED_EDGE('',*,*,#6316,.T.);
#6316 = EDGE_CURVE('',#6261,#6317,#6319,.T.);
#6317 = VERTEX_POINT('',#6318);
#6318 = CARTESIAN_POINT('',(-9.654943118119,-14.2345380461,2.25));
#6319 = SURFACE_CURVE('',#6320,(#6324,#6330),.PCURVE_S1.);
#6320 = LINE('',#6321,#6322);
#6321 = CARTESIAN_POINT('',(-9.654943118119,-14.2345380461,-6.));
#6322 = VECTOR('',#6323,1.);
#6323 = DIRECTION('',(0.,0.,1.));
#6324 = PCURVE('',#2276,#6325);
#6325 = DEFINITIONAL_REPRESENTATION('',(#6326),#6329);
#6326 = B_SPLINE_CURVE_WITH_KNOTS('',1,(#6327,#6328),.UNSPECIFIED.,.F.,
  .F.,(2,2),(3.3,8.7),.PIECEWISE_BEZIER_KNOTS.);
#6327 = CARTESIAN_POINT('',(4.116392267512,3.3));
#6328 = CARTESIAN_POINT('',(4.116392267512,8.7));
#6329 = ( GEOMETRIC_REPRESENTATION_CONTEXT(2) 
PARAMETRIC_REPRESENTATION_CONTEXT() REPRESENTATION_CONTEXT('2D SPACE',''
  ) );
#6330 = PCURVE('',#4227,#6331);
#6331 = DEFINITIONAL_REPRESENTATION('',(#6332),#6335);
#6332 = B_SPLINE_CURVE_WITH_KNOTS('',1,(#6333,#6334),.UNSPECIFIED.,.F.,
  .F.,(2,2),(3.3,8.7),.PIECEWISE_BEZIER_KNOTS.);
#6333 = CARTESIAN_POINT('',(0.3,-2.390237767315));
#6334 = CARTESIAN_POINT('',(5.7,-2.390237767315));
#6335 = ( GEOMETRIC_REPRESENTATION_CONTEXT(2) 
PARAMETRIC_REPRESENTATION_CONTEXT() REPRESENTATION_CONTEXT('2D SPACE',''
  ) );
#6336 = ORIENTED_EDGE('',*,*,#6337,.T.);
#6337 = EDGE_CURVE('',#6317,#3981,#6338,.T.);
#6338 = SURFACE_CURVE('',#6339,(#6354,#6372),.PCURVE_S1.);
#6339 = B_SPLINE_CURVE_WITH_KNOTS('',7,(#6340,#6341,#6342,#6343,#6344,
    #6345,#6346,#6347,#6348,#6349,#6350,#6351,#6352,#6353),
  .UNSPECIFIED.,.F.,.F.,(8,6,8),(0.,0.470324996912,1.),.UNSPECIFIED.);
#6340 = CARTESIAN_POINT('',(-9.654943118119,-14.2345380461,2.25));
#6341 = CARTESIAN_POINT('',(-9.654943118119,-14.2345380461,
    2.326532225128));
#6342 = CARTESIAN_POINT('',(-9.646564229018,-14.24022122279,
    2.403169599531));
#6343 = CARTESIAN_POINT('',(-9.629765315222,-14.25161559251,
    2.478708600044));
#6344 = CARTESIAN_POINT('',(-9.604617481896,-14.26862729865,
    2.551941924756));
#6345 = CARTESIAN_POINT('',(-9.571296562361,-14.29104540183,
    2.621676797853));
#6346 = CARTESIAN_POINT('',(-9.530083153891,-14.31855173709,
    2.686742039252));
#6347 = CARTESIAN_POINT('',(-9.426510194216,-14.38698122982,
    2.812701450573));
#6348 = CARTESIAN_POINT('',(-9.362023808968,-14.42923517127,
    2.872172367861));
#6349 = CARTESIAN_POINT('',(-9.288865345664,-14.47664899011,
    2.922126937031));
#6350 = CARTESIAN_POINT('',(-9.208556982299,-14.52798228079,
    2.960789370259));
#6351 = CARTESIAN_POINT('',(-9.123014358828,-14.58179195171,
    2.986949648121));
#6352 = CARTESIAN_POINT('',(-9.03447251975,-14.63657072749,3.));
#6353 = CARTESIAN_POINT('',(-8.945314648087,-14.69085926168,3.));
#6354 = PCURVE('',#2276,#6355);
#6355 = DEFINITIONAL_REPRESENTATION('',(#6356),#6371);
#6356 = B_SPLINE_CURVE_WITH_KNOTS('',7,(#6357,#6358,#6359,#6360,#6361,
    #6362,#6363,#6364,#6365,#6366,#6367,#6368,#6369,#6370),
  .UNSPECIFIED.,.F.,.F.,(8,6,8),(0.,0.470324996912,1.),.UNSPECIFIED.);
#6357 = CARTESIAN_POINT('',(4.116392267512,8.25));
#6358 = CARTESIAN_POINT('',(4.116392267512,8.326532225128));
#6359 = CARTESIAN_POINT('',(4.116980897401,8.403169599531));
#6360 = CARTESIAN_POINT('',(4.11816105252,8.478708600044));
#6361 = CARTESIAN_POINT('',(4.119926244752,8.551941924756));
#6362 = CARTESIAN_POINT('',(4.12226113315,8.621676797853));
#6363 = CARTESIAN_POINT('',(4.125141880738,8.686742039252));
#6364 = CARTESIAN_POINT('',(4.132359138504,8.812701450573));
#6365 = CARTESIAN_POINT('',(4.136841467495,8.872172367861));
#6366 = CARTESIAN_POINT('',(4.14190992836,8.922126937031));
#6367 = CARTESIAN_POINT('',(4.147451149669,8.960789370259));
#6368 = CARTESIAN_POINT('',(4.153326441523,8.986949648121));
#6369 = CARTESIAN_POINT('',(4.159379609523,9.));
#6370 = CARTESIAN_POINT('',(4.165448544639,9.));
#6371 = ( GEOMETRIC_REPRESENTATION_CONTEXT(2) 
PARAMETRIC_REPRESENTATION_CONTEXT() REPRESENTATION_CONTEXT('2D SPACE',''
  ) );
#6372 = PCURVE('',#4020,#6373);
#6373 = DEFINITIONAL_REPRESENTATION('',(#6374),#6389);
#6374 = B_SPLINE_CURVE_WITH_KNOTS('',7,(#6375,#6376,#6377,#6378,#6379,
    #6380,#6381,#6382,#6383,#6384,#6385,#6386,#6387,#6388),
  .UNSPECIFIED.,.F.,.F.,(8,6,8),(0.,0.470324996912,1.),.UNSPECIFIED.);
#6375 = CARTESIAN_POINT('',(0.,2.390237767315));
#6376 = CARTESIAN_POINT('',(-0.102042966838,2.390237767315));
#6377 = CARTESIAN_POINT('',(-0.204226352215,2.385823024847));
#6378 = CARTESIAN_POINT('',(-0.306679815293,2.376971923601));
#6379 = CARTESIAN_POINT('',(-0.409552953673,2.36369911416));
#6380 = CARTESIAN_POINT('',(-0.513013688771,2.346051402959));
#6381 = CARTESIAN_POINT('',(-0.617263043225,2.324112711877));
#6382 = CARTESIAN_POINT('',(-0.841157728373,2.268630644014));
#6383 = CARTESIAN_POINT('',(-0.961333676216,2.233910766917));
#6384 = CARTESIAN_POINT('',(-1.082479667066,2.194260588617));
#6385 = CARTESIAN_POINT('',(-1.204252268654,2.150378151145));
#6386 = CARTESIAN_POINT('',(-1.326389757868,2.103200901574));
#6387 = CARTESIAN_POINT('',(-1.448670746024,2.053910807522));
#6388 = CARTESIAN_POINT('',(-1.570796326795,2.003842092813));
#6389 = ( GEOMETRIC_REPRESENTATION_CONTEXT(2) 
PARAMETRIC_REPRESENTATION_CONTEXT() REPRESENTATION_CONTEXT('2D SPACE',''
  ) );
#6390 = ORIENTED_EDGE('',*,*,#3980,.T.);
#6391 = ORIENTED_EDGE('',*,*,#3831,.F.);
#6392 = ORIENTED_EDGE('',*,*,#6393,.F.);
#6393 = EDGE_CURVE('',#6184,#3803,#6394,.T.);
#6394 = SURFACE_CURVE('',#6395,(#6410,#6428),.PCURVE_S1.);
#6395 = B_SPLINE_CURVE_WITH_KNOTS('',7,(#6396,#6397,#6398,#6399,#6400,
    #6401,#6402,#6403,#6404,#6405,#6406,#6407,#6408,#6409),
  .UNSPECIFIED.,.F.,.F.,(8,6,8),(0.,0.758050696536,1.),.UNSPECIFIED.);
#6396 = CARTESIAN_POINT('',(-6.578190321208,-15.89236961871,2.25));
#6397 = CARTESIAN_POINT('',(-6.578190321208,-15.89236961871,
    2.324415074931));
#6398 = CARTESIAN_POINT('',(-6.586798956243,-15.88880632764,
    2.398426675084));
#6399 = CARTESIAN_POINT('',(-6.603854324295,-15.88174671969,
    2.471538853372));
#6400 = CARTESIAN_POINT('',(-6.629528225196,-15.87108541067,
    2.542799965295));
#6401 = CARTESIAN_POINT('',(-6.663845913416,-15.85674628669,
    2.610852149644));
#6402 = CARTESIAN_POINT('',(-6.706380038413,-15.83879257692,
    2.673894905796));
#6403 = CARTESIAN_POINT('',(-6.771524536468,-15.81096926819,
    2.74821890448));
#6404 = CARTESIAN_POINT('',(-6.787964983282,-15.80392585979,
    2.765497191148));
#6405 = CARTESIAN_POINT('',(-6.805021376201,-15.79659433377,
    2.782001960987));
#6406 = CARTESIAN_POINT('',(-6.822605601236,-15.78900916316,
    2.797654512571));
#6407 = CARTESIAN_POINT('',(-6.840597322771,-15.78121943378,
    2.812377687921));
#6408 = CARTESIAN_POINT('',(-6.858845571263,-15.77328873435,
    2.826107315888));
#6409 = CARTESIAN_POINT('',(-6.877178861073,-15.76529133612,
    2.838804017846));
#6410 = PCURVE('',#2276,#6411);
#6411 = DEFINITIONAL_REPRESENTATION('',(#6412),#6427);
#6412 = B_SPLINE_CURVE_WITH_KNOTS('',7,(#6413,#6414,#6415,#6416,#6417,
    #6418,#6419,#6420,#6421,#6422,#6423,#6424,#6425,#6426),
  .UNSPECIFIED.,.F.,.F.,(8,6,8),(0.,0.758050696536,1.),.UNSPECIFIED.);
#6413 = CARTESIAN_POINT('',(4.319939384466,8.25));
#6414 = CARTESIAN_POINT('',(4.319939384466,8.324415074931));
#6415 = CARTESIAN_POINT('',(4.319397700775,8.398426675084));
#6416 = CARTESIAN_POINT('',(4.318324521705,8.471538853372));
#6417 = CARTESIAN_POINT('',(4.316708269604,8.542799965295));
#6418 = CARTESIAN_POINT('',(4.314545906079,8.610852149644));
#6419 = CARTESIAN_POINT('',(4.311861742209,8.673894905796));
#6420 = CARTESIAN_POINT('',(4.307743286711,8.74821890448));
#6421 = CARTESIAN_POINT('',(4.30670342168,8.765497191148));
#6422 = CARTESIAN_POINT('',(4.305624042778,8.782001960987));
#6423 = CARTESIAN_POINT('',(4.304510646177,8.797654512571));
#6424 = CARTESIAN_POINT('',(4.303370783908,8.812377687921));
#6425 = CARTESIAN_POINT('',(4.302213976876,8.826107315888));
#6426 = CARTESIAN_POINT('',(4.3010510875,8.838804017846));
#6427 = ( GEOMETRIC_REPRESENTATION_CONTEXT(2) 
PARAMETRIC_REPRESENTATION_CONTEXT() REPRESENTATION_CONTEXT('2D SPACE',''
  ) );
#6428 = PCURVE('',#3819,#6429);
#6429 = DEFINITIONAL_REPRESENTATION('',(#6430),#6445);
#6430 = B_SPLINE_CURVE_WITH_KNOTS('',7,(#6431,#6432,#6433,#6434,#6435,
    #6436,#6437,#6438,#6439,#6440,#6441,#6442,#6443,#6444),
  .UNSPECIFIED.,.F.,.F.,(8,6,8),(0.,0.758050696536,1.),.UNSPECIFIED.);
#6431 = CARTESIAN_POINT('',(-0.263564255973,0.));
#6432 = CARTESIAN_POINT('',(-0.263564255973,-9.92200999076E-02));
#6433 = CARTESIAN_POINT('',(-0.258827568484,-0.197904250924));
#6434 = CARTESIAN_POINT('',(-0.249442491952,-0.296973518277));
#6435 = CARTESIAN_POINT('',(-0.234673986783,-0.396719531212));
#6436 = CARTESIAN_POINT('',(-0.213201667126,-0.496977767577));
#6437 = CARTESIAN_POINT('',(-0.182653871574,-0.597107772976));
#6438 = CARTESIAN_POINT('',(-0.123047006317,-0.7261236091));
#6439 = CARTESIAN_POINT('',(-0.107151648935,-0.757064044085));
#6440 = CARTESIAN_POINT('',(-8.962222400814E-02,-0.787628416964));
#6441 = CARTESIAN_POINT('',(-7.029029481803E-02,-0.817677352827));
#6442 = CARTESIAN_POINT('',(-4.898539916864E-02,-0.847031343394));
#6443 = CARTESIAN_POINT('',(-2.556949641823E-02,-0.875481410593));
#6444 = CARTESIAN_POINT('',(0.,-0.902812397568));
#6445 = ( GEOMETRIC_REPRESENTATION_CONTEXT(2) 
PARAMETRIC_REPRESENTATION_CONTEXT() REPRESENTATION_CONTEXT('2D SPACE',''
  ) );
#6446 = ADVANCED_FACE('',(#6447),#2310,.T.);
#6447 = FACE_BOUND('',#6448,.T.);
#6448 = EDGE_LOOP('',(#6449,#6450,#6451));
#6449 = ORIENTED_EDGE('',*,*,#4352,.F.);
#6450 = ORIENTED_EDGE('',*,*,#2293,.T.);
#6451 = ORIENTED_EDGE('',*,*,#6452,.F.);
#6452 = EDGE_CURVE('',#4353,#2294,#6453,.T.);
#6453 = SURFACE_CURVE('',#6454,(#6459,#6466),.PCURVE_S1.);
#6454 = CIRCLE('',#6455,1.25);
#6455 = AXIS2_PLACEMENT_3D('',#6456,#6457,#6458);
#6456 = CARTESIAN_POINT('',(23.75,1.25,-2.75));
#6457 = DIRECTION('',(0.,0.,1.));
#6458 = DIRECTION('',(1.,1.7763568394E-16,-0.));
#6459 = PCURVE('',#2310,#6460);
#6460 = DEFINITIONAL_REPRESENTATION('',(#6461),#6465);
#6461 = LINE('',#6462,#6463);
#6462 = CARTESIAN_POINT('',(0.,0.));
#6463 = VECTOR('',#6464,1.);
#6464 = DIRECTION('',(1.,0.));
#6465 = ( GEOMETRIC_REPRESENTATION_CONTEXT(2) 
PARAMETRIC_REPRESENTATION_CONTEXT() REPRESENTATION_CONTEXT('2D SPACE',''
  ) );
#6466 = PCURVE('',#2385,#6467);
#6467 = DEFINITIONAL_REPRESENTATION('',(#6468),#6472);
#6468 = LINE('',#6469,#6470);
#6469 = CARTESIAN_POINT('',(0.,1.25));
#6470 = VECTOR('',#6471,1.);
#6471 = DIRECTION('',(1.,0.));
#6472 = ( GEOMETRIC_REPRESENTATION_CONTEXT(2) 
PARAMETRIC_REPRESENTATION_CONTEXT() REPRESENTATION_CONTEXT('2D SPACE',''
  ) );
#6473 = ADVANCED_FACE('',(#6474),#2385,.T.);
#6474 = FACE_BOUND('',#6475,.T.);
#6475 = EDGE_LOOP('',(#6476,#6499,#6500,#6501));
#6476 = ORIENTED_EDGE('',*,*,#6477,.F.);
#6477 = EDGE_CURVE('',#4353,#6478,#6480,.T.);
#6478 = VERTEX_POINT('',#6479);
#6479 = CARTESIAN_POINT('',(25.,1.25,2.75));
#6480 = SURFACE_CURVE('',#6481,(#6485,#6492),.PCURVE_S1.);
#6481 = LINE('',#6482,#6483);
#6482 = CARTESIAN_POINT('',(25.,1.25,-4.));
#6483 = VECTOR('',#6484,1.);
#6484 = DIRECTION('',(0.,0.,1.));
#6485 = PCURVE('',#2385,#6486);
#6486 = DEFINITIONAL_REPRESENTATION('',(#6487),#6491);
#6487 = LINE('',#6488,#6489);
#6488 = CARTESIAN_POINT('',(0.,0.));
#6489 = VECTOR('',#6490,1.);
#6490 = DIRECTION('',(0.,1.));
#6491 = ( GEOMETRIC_REPRESENTATION_CONTEXT(2) 
PARAMETRIC_REPRESENTATION_CONTEXT() REPRESENTATION_CONTEXT('2D SPACE',''
  ) );
#6492 = PCURVE('',#4263,#6493);
#6493 = DEFINITIONAL_REPRESENTATION('',(#6494),#6498);
#6494 = LINE('',#6495,#6496);
#6495 = CARTESIAN_POINT('',(0.,-3.75));
#6496 = VECTOR('',#6497,1.);
#6497 = DIRECTION('',(1.,0.));
#6498 = ( GEOMETRIC_REPRESENTATION_CONTEXT(2) 
PARAMETRIC_REPRESENTATION_CONTEXT() REPRESENTATION_CONTEXT('2D SPACE',''
  ) );
#6499 = ORIENTED_EDGE('',*,*,#6452,.T.);
#6500 = ORIENTED_EDGE('',*,*,#2371,.T.);
#6501 = ORIENTED_EDGE('',*,*,#6502,.T.);
#6502 = EDGE_CURVE('',#2349,#6478,#6503,.T.);
#6503 = SURFACE_CURVE('',#6504,(#6509,#6516),.PCURVE_S1.);
#6504 = CIRCLE('',#6505,1.25);
#6505 = AXIS2_PLACEMENT_3D('',#6506,#6507,#6508);
#6506 = CARTESIAN_POINT('',(23.75,1.25,2.75));
#6507 = DIRECTION('',(0.,0.,-1.));
#6508 = DIRECTION('',(1.,0.,0.));
#6509 = PCURVE('',#2385,#6510);
#6510 = DEFINITIONAL_REPRESENTATION('',(#6511),#6515);
#6511 = LINE('',#6512,#6513);
#6512 = CARTESIAN_POINT('',(6.28318530718,6.75));
#6513 = VECTOR('',#6514,1.);
#6514 = DIRECTION('',(-1.,-0.));
#6515 = ( GEOMETRIC_REPRESENTATION_CONTEXT(2) 
PARAMETRIC_REPRESENTATION_CONTEXT() REPRESENTATION_CONTEXT('2D SPACE',''
  ) );
#6516 = PCURVE('',#2440,#6517);
#6517 = DEFINITIONAL_REPRESENTATION('',(#6518),#6522);
#6518 = LINE('',#6519,#6520);
#6519 = CARTESIAN_POINT('',(0.,-6.28318530718));
#6520 = VECTOR('',#6521,1.);
#6521 = DIRECTION('',(0.,1.));
#6522 = ( GEOMETRIC_REPRESENTATION_CONTEXT(2) 
PARAMETRIC_REPRESENTATION_CONTEXT() REPRESENTATION_CONTEXT('2D SPACE',''
  ) );
#6523 = ADVANCED_FACE('',(#6524),#2440,.T.);
#6524 = FACE_BOUND('',#6525,.T.);
#6525 = EDGE_LOOP('',(#6526,#6527,#6528));
#6526 = ORIENTED_EDGE('',*,*,#6502,.F.);
#6527 = ORIENTED_EDGE('',*,*,#2425,.T.);
#6528 = ORIENTED_EDGE('',*,*,#6529,.F.);
#6529 = EDGE_CURVE('',#6478,#2403,#6530,.T.);
#6530 = SURFACE_CURVE('',#6531,(#6536,#6543),.PCURVE_S1.);
#6531 = CIRCLE('',#6532,1.25);
#6532 = AXIS2_PLACEMENT_3D('',#6533,#6534,#6535);
#6533 = CARTESIAN_POINT('',(23.75,1.25,2.75));
#6534 = DIRECTION('',(-0.,-1.,0.));
#6535 = DIRECTION('',(1.,-0.,0.));
#6536 = PCURVE('',#2440,#6537);
#6537 = DEFINITIONAL_REPRESENTATION('',(#6538),#6542);
#6538 = LINE('',#6539,#6540);
#6539 = CARTESIAN_POINT('',(0.,0.));
#6540 = VECTOR('',#6541,1.);
#6541 = DIRECTION('',(1.,0.));
#6542 = ( GEOMETRIC_REPRESENTATION_CONTEXT(2) 
PARAMETRIC_REPRESENTATION_CONTEXT() REPRESENTATION_CONTEXT('2D SPACE',''
  ) );
#6543 = PCURVE('',#2493,#6544);
#6544 = DEFINITIONAL_REPRESENTATION('',(#6545),#6549);
#6545 = LINE('',#6546,#6547);
#6546 = CARTESIAN_POINT('',(-0.,3.75));
#6547 = VECTOR('',#6548,1.);
#6548 = DIRECTION('',(-1.,0.));
#6549 = ( GEOMETRIC_REPRESENTATION_CONTEXT(2) 
PARAMETRIC_REPRESENTATION_CONTEXT() REPRESENTATION_CONTEXT('2D SPACE',''
  ) );
#6550 = ADVANCED_FACE('',(#6551),#2493,.T.);
#6551 = FACE_BOUND('',#6552,.F.);
#6552 = EDGE_LOOP('',(#6553,#6575,#6576,#6577));
#6553 = ORIENTED_EDGE('',*,*,#6554,.F.);
#6554 = EDGE_CURVE('',#2457,#4248,#6555,.T.);
#6555 = SURFACE_CURVE('',#6556,(#6561,#6568),.PCURVE_S1.);
#6556 = CIRCLE('',#6557,1.25);
#6557 = AXIS2_PLACEMENT_3D('',#6558,#6559,#6560);
#6558 = CARTESIAN_POINT('',(23.75,-1.25,2.75));
#6559 = DIRECTION('',(-0.,1.,0.));
#6560 = DIRECTION('',(1.,0.,0.));
#6561 = PCURVE('',#2493,#6562);
#6562 = DEFINITIONAL_REPRESENTATION('',(#6563),#6567);
#6563 = LINE('',#6564,#6565);
#6564 = CARTESIAN_POINT('',(-6.28318530718,1.25));
#6565 = VECTOR('',#6566,1.);
#6566 = DIRECTION('',(1.,-0.));
#6567 = ( GEOMETRIC_REPRESENTATION_CONTEXT(2) 
PARAMETRIC_REPRESENTATION_CONTEXT() REPRESENTATION_CONTEXT('2D SPACE',''
  ) );
#6568 = PCURVE('',#2557,#6569);
#6569 = DEFINITIONAL_REPRESENTATION('',(#6570),#6574);
#6570 = LINE('',#6571,#6572);
#6571 = CARTESIAN_POINT('',(0.,-6.28318530718));
#6572 = VECTOR('',#6573,1.);
#6573 = DIRECTION('',(0.,1.));
#6574 = ( GEOMETRIC_REPRESENTATION_CONTEXT(2) 
PARAMETRIC_REPRESENTATION_CONTEXT() REPRESENTATION_CONTEXT('2D SPACE',''
  ) );
#6575 = ORIENTED_EDGE('',*,*,#2479,.T.);
#6576 = ORIENTED_EDGE('',*,*,#6529,.F.);
#6577 = ORIENTED_EDGE('',*,*,#6578,.F.);
#6578 = EDGE_CURVE('',#4248,#6478,#6579,.T.);
#6579 = SURFACE_CURVE('',#6580,(#6584,#6591),.PCURVE_S1.);
#6580 = LINE('',#6581,#6582);
#6581 = CARTESIAN_POINT('',(25.,-2.5,2.75));
#6582 = VECTOR('',#6583,1.);
#6583 = DIRECTION('',(0.,1.,0.));
#6584 = PCURVE('',#2493,#6585);
#6585 = DEFINITIONAL_REPRESENTATION('',(#6586),#6590);
#6586 = LINE('',#6587,#6588);
#6587 = CARTESIAN_POINT('',(-0.,0.));
#6588 = VECTOR('',#6589,1.);
#6589 = DIRECTION('',(-0.,1.));
#6590 = ( GEOMETRIC_REPRESENTATION_CONTEXT(2) 
PARAMETRIC_REPRESENTATION_CONTEXT() REPRESENTATION_CONTEXT('2D SPACE',''
  ) );
#6591 = PCURVE('',#4263,#6592);
#6592 = DEFINITIONAL_REPRESENTATION('',(#6593),#6597);
#6593 = LINE('',#6594,#6595);
#6594 = CARTESIAN_POINT('',(6.75,0.));
#6595 = VECTOR('',#6596,1.);
#6596 = DIRECTION('',(0.,-1.));
#6597 = ( GEOMETRIC_REPRESENTATION_CONTEXT(2) 
PARAMETRIC_REPRESENTATION_CONTEXT() REPRESENTATION_CONTEXT('2D SPACE',''
  ) );
#6598 = ADVANCED_FACE('',(#6599),#2557,.T.);
#6599 = FACE_BOUND('',#6600,.T.);
#6600 = EDGE_LOOP('',(#6601,#6602,#6603));
#6601 = ORIENTED_EDGE('',*,*,#6554,.F.);
#6602 = ORIENTED_EDGE('',*,*,#2542,.T.);
#6603 = ORIENTED_EDGE('',*,*,#4298,.F.);
#6604 = ADVANCED_FACE('',(#6605),#2658,.F.);
#6605 = FACE_BOUND('',#6606,.T.);
#6606 = EDGE_LOOP('',(#6607,#6608,#6609));
#6607 = ORIENTED_EDGE('',*,*,#2641,.F.);
#6608 = ORIENTED_EDGE('',*,*,#5392,.F.);
#6609 = ORIENTED_EDGE('',*,*,#6610,.F.);
#6610 = EDGE_CURVE('',#2642,#5393,#6611,.T.);
#6611 = SURFACE_CURVE('',#6612,(#6617,#6624),.PCURVE_S1.);
#6612 = CIRCLE('',#6613,0.75);
#6613 = AXIS2_PLACEMENT_3D('',#6614,#6615,#6616);
#6614 = CARTESIAN_POINT('',(-7.109455543377,15.362976320958,-2.25));
#6615 = DIRECTION('',(0.,0.,-1.));
#6616 = DIRECTION('',(0.5,0.866025403784,0.));
#6617 = PCURVE('',#2658,#6618);
#6618 = DEFINITIONAL_REPRESENTATION('',(#6619),#6623);
#6619 = LINE('',#6620,#6621);
#6620 = CARTESIAN_POINT('',(-0.,0.));
#6621 = VECTOR('',#6622,1.);
#6622 = DIRECTION('',(-1.,0.));
#6623 = ( GEOMETRIC_REPRESENTATION_CONTEXT(2) 
PARAMETRIC_REPRESENTATION_CONTEXT() REPRESENTATION_CONTEXT('2D SPACE',''
  ) );
#6624 = PCURVE('',#3175,#6625);
#6625 = DEFINITIONAL_REPRESENTATION('',(#6626),#6630);
#6626 = LINE('',#6627,#6628);
#6627 = CARTESIAN_POINT('',(-0.,0.75));
#6628 = VECTOR('',#6629,1.);
#6629 = DIRECTION('',(-1.,0.));
#6630 = ( GEOMETRIC_REPRESENTATION_CONTEXT(2) 
PARAMETRIC_REPRESENTATION_CONTEXT() REPRESENTATION_CONTEXT('2D SPACE',''
  ) );
#6631 = ADVANCED_FACE('',(#6632),#2735,.F.);
#6632 = FACE_BOUND('',#6633,.F.);
#6633 = EDGE_LOOP('',(#6634,#6635,#6636,#6637));
#6634 = ORIENTED_EDGE('',*,*,#2799,.F.);
#6635 = ORIENTED_EDGE('',*,*,#2719,.T.);
#6636 = ORIENTED_EDGE('',*,*,#5611,.F.);
#6637 = ORIENTED_EDGE('',*,*,#6638,.F.);
#6638 = EDGE_CURVE('',#2800,#5591,#6639,.T.);
#6639 = SURFACE_CURVE('',#6640,(#6644,#6651),.PCURVE_S1.);
#6640 = LINE('',#6641,#6642);
#6641 = CARTESIAN_POINT('',(-11.91506350946,15.539419162443,-2.25));
#6642 = VECTOR('',#6643,1.);
#6643 = DIRECTION('',(0.866025403784,-0.5,0.));
#6644 = PCURVE('',#2735,#6645);
#6645 = DEFINITIONAL_REPRESENTATION('',(#6646),#6650);
#6646 = LINE('',#6647,#6648);
#6647 = CARTESIAN_POINT('',(0.,0.));
#6648 = VECTOR('',#6649,1.);
#6649 = DIRECTION('',(0.,1.));
#6650 = ( GEOMETRIC_REPRESENTATION_CONTEXT(2) 
PARAMETRIC_REPRESENTATION_CONTEXT() REPRESENTATION_CONTEXT('2D SPACE',''
  ) );
#6651 = PCURVE('',#2866,#6652);
#6652 = DEFINITIONAL_REPRESENTATION('',(#6653),#6657);
#6653 = LINE('',#6654,#6655);
#6654 = CARTESIAN_POINT('',(0.75,0.));
#6655 = VECTOR('',#6656,1.);
#6656 = DIRECTION('',(0.,-1.));
#6657 = ( GEOMETRIC_REPRESENTATION_CONTEXT(2) 
PARAMETRIC_REPRESENTATION_CONTEXT() REPRESENTATION_CONTEXT('2D SPACE',''
  ) );
#6658 = ADVANCED_FACE('',(#6659),#2866,.F.);
#6659 = FACE_BOUND('',#6660,.F.);
#6660 = EDGE_LOOP('',(#6661,#6662,#6663,#6664));
#6661 = ORIENTED_EDGE('',*,*,#2850,.F.);
#6662 = ORIENTED_EDGE('',*,*,#6638,.T.);
#6663 = ORIENTED_EDGE('',*,*,#5590,.T.);
#6664 = ORIENTED_EDGE('',*,*,#6665,.F.);
#6665 = EDGE_CURVE('',#2851,#5526,#6666,.T.);
#6666 = SURFACE_CURVE('',#6667,(#6671,#6678),.PCURVE_S1.);
#6667 = LINE('',#6668,#6669);
#6668 = CARTESIAN_POINT('',(-11.91506350946,15.539419162443,2.25));
#6669 = VECTOR('',#6670,1.);
#6670 = DIRECTION('',(0.866025403784,-0.5,0.));
#6671 = PCURVE('',#2866,#6672);
#6672 = DEFINITIONAL_REPRESENTATION('',(#6673),#6677);
#6673 = LINE('',#6674,#6675);
#6674 = CARTESIAN_POINT('',(5.25,0.));
#6675 = VECTOR('',#6676,1.);
#6676 = DIRECTION('',(0.,-1.));
#6677 = ( GEOMETRIC_REPRESENTATION_CONTEXT(2) 
PARAMETRIC_REPRESENTATION_CONTEXT() REPRESENTATION_CONTEXT('2D SPACE',''
  ) );
#6678 = PCURVE('',#2922,#6679);
#6679 = DEFINITIONAL_REPRESENTATION('',(#6680),#6684);
#6680 = LINE('',#6681,#6682);
#6681 = CARTESIAN_POINT('',(-0.,0.));
#6682 = VECTOR('',#6683,1.);
#6683 = DIRECTION('',(-0.,1.));
#6684 = ( GEOMETRIC_REPRESENTATION_CONTEXT(2) 
PARAMETRIC_REPRESENTATION_CONTEXT() REPRESENTATION_CONTEXT('2D SPACE',''
  ) );
#6685 = ADVANCED_FACE('',(#6686),#2922,.F.);
#6686 = FACE_BOUND('',#6687,.T.);
#6687 = EDGE_LOOP('',(#6688,#6689,#6690,#6691));
#6688 = ORIENTED_EDGE('',*,*,#2905,.F.);
#6689 = ORIENTED_EDGE('',*,*,#3012,.T.);
#6690 = ORIENTED_EDGE('',*,*,#5525,.F.);
#6691 = ORIENTED_EDGE('',*,*,#6665,.F.);
#6692 = ADVANCED_FACE('',(#6693),#3123,.F.);
#6693 = FACE_BOUND('',#6694,.T.);
#6694 = EDGE_LOOP('',(#6695,#6717,#6718));
#6695 = ORIENTED_EDGE('',*,*,#6696,.F.);
#6696 = EDGE_CURVE('',#5449,#3107,#6697,.T.);
#6697 = SURFACE_CURVE('',#6698,(#6703,#6710),.PCURVE_S1.);
#6698 = CIRCLE('',#6699,0.75);
#6699 = AXIS2_PLACEMENT_3D('',#6700,#6701,#6702);
#6700 = CARTESIAN_POINT('',(-7.109455543377,15.362976320958,2.25));
#6701 = DIRECTION('',(0.,-0.,1.));
#6702 = DIRECTION('',(0.5,0.866025403784,0.));
#6703 = PCURVE('',#3123,#6704);
#6704 = DEFINITIONAL_REPRESENTATION('',(#6705),#6709);
#6705 = LINE('',#6706,#6707);
#6706 = CARTESIAN_POINT('',(-0.,-6.28318530718));
#6707 = VECTOR('',#6708,1.);
#6708 = DIRECTION('',(-0.,1.));
#6709 = ( GEOMETRIC_REPRESENTATION_CONTEXT(2) 
PARAMETRIC_REPRESENTATION_CONTEXT() REPRESENTATION_CONTEXT('2D SPACE',''
  ) );
#6710 = PCURVE('',#3175,#6711);
#6711 = DEFINITIONAL_REPRESENTATION('',(#6712),#6716);
#6712 = LINE('',#6713,#6714);
#6713 = CARTESIAN_POINT('',(-6.28318530718,5.25));
#6714 = VECTOR('',#6715,1.);
#6715 = DIRECTION('',(1.,-0.));
#6716 = ( GEOMETRIC_REPRESENTATION_CONTEXT(2) 
PARAMETRIC_REPRESENTATION_CONTEXT() REPRESENTATION_CONTEXT('2D SPACE',''
  ) );
#6717 = ORIENTED_EDGE('',*,*,#5469,.F.);
#6718 = ORIENTED_EDGE('',*,*,#3106,.F.);
#6719 = ADVANCED_FACE('',(#6720),#3175,.F.);
#6720 = FACE_BOUND('',#6721,.T.);
#6721 = EDGE_LOOP('',(#6722,#6723,#6724,#6725));
#6722 = ORIENTED_EDGE('',*,*,#3161,.F.);
#6723 = ORIENTED_EDGE('',*,*,#6610,.T.);
#6724 = ORIENTED_EDGE('',*,*,#5448,.T.);
#6725 = ORIENTED_EDGE('',*,*,#6696,.T.);
#6726 = ADVANCED_FACE('',(#6727),#3230,.T.);
#6727 = FACE_BOUND('',#6728,.T.);
#6728 = EDGE_LOOP('',(#6729,#6759,#6781,#6782));
#6729 = ORIENTED_EDGE('',*,*,#6730,.F.);
#6730 = EDGE_CURVE('',#6731,#6733,#6735,.T.);
#6731 = VERTEX_POINT('',#6732);
#6732 = CARTESIAN_POINT('',(-25.,-1.25,-2.75));
#6733 = VERTEX_POINT('',#6734);
#6734 = CARTESIAN_POINT('',(-25.,-1.25,2.75));
#6735 = SURFACE_CURVE('',#6736,(#6740,#6747),.PCURVE_S1.);
#6736 = LINE('',#6737,#6738);
#6737 = CARTESIAN_POINT('',(-25.,-1.25,-4.));
#6738 = VECTOR('',#6739,1.);
#6739 = DIRECTION('',(0.,0.,1.));
#6740 = PCURVE('',#3230,#6741);
#6741 = DEFINITIONAL_REPRESENTATION('',(#6742),#6746);
#6742 = LINE('',#6743,#6744);
#6743 = CARTESIAN_POINT('',(0.,0.));
#6744 = VECTOR('',#6745,1.);
#6745 = DIRECTION('',(0.,1.));
#6746 = ( GEOMETRIC_REPRESENTATION_CONTEXT(2) 
PARAMETRIC_REPRESENTATION_CONTEXT() REPRESENTATION_CONTEXT('2D SPACE',''
  ) );
#6747 = PCURVE('',#6748,#6753);
#6748 = PLANE('',#6749);
#6749 = AXIS2_PLACEMENT_3D('',#6750,#6751,#6752);
#6750 = CARTESIAN_POINT('',(-25.,-2.5,-4.));
#6751 = DIRECTION('',(1.,0.,0.));
#6752 = DIRECTION('',(0.,0.,1.));
#6753 = DEFINITIONAL_REPRESENTATION('',(#6754),#6758);
#6754 = LINE('',#6755,#6756);
#6755 = CARTESIAN_POINT('',(0.,-1.25));
#6756 = VECTOR('',#6757,1.);
#6757 = DIRECTION('',(1.,0.));
#6758 = ( GEOMETRIC_REPRESENTATION_CONTEXT(2) 
PARAMETRIC_REPRESENTATION_CONTEXT() REPRESENTATION_CONTEXT('2D SPACE',''
  ) );
#6759 = ORIENTED_EDGE('',*,*,#6760,.T.);
#6760 = EDGE_CURVE('',#6731,#3192,#6761,.T.);
#6761 = SURFACE_CURVE('',#6762,(#6767,#6774),.PCURVE_S1.);
#6762 = CIRCLE('',#6763,1.25);
#6763 = AXIS2_PLACEMENT_3D('',#6764,#6765,#6766);
#6764 = CARTESIAN_POINT('',(-23.75,-1.25,-2.75));
#6765 = DIRECTION('',(0.,0.,1.));
#6766 = DIRECTION('',(-1.,0.,0.));
#6767 = PCURVE('',#3230,#6768);
#6768 = DEFINITIONAL_REPRESENTATION('',(#6769),#6773);
#6769 = LINE('',#6770,#6771);
#6770 = CARTESIAN_POINT('',(0.,1.25));
#6771 = VECTOR('',#6772,1.);
#6772 = DIRECTION('',(1.,0.));
#6773 = ( GEOMETRIC_REPRESENTATION_CONTEXT(2) 
PARAMETRIC_REPRESENTATION_CONTEXT() REPRESENTATION_CONTEXT('2D SPACE',''
  ) );
#6774 = PCURVE('',#3284,#6775);
#6775 = DEFINITIONAL_REPRESENTATION('',(#6776),#6780);
#6776 = LINE('',#6777,#6778);
#6777 = CARTESIAN_POINT('',(0.,0.));
#6778 = VECTOR('',#6779,1.);
#6779 = DIRECTION('',(1.,0.));
#6780 = ( GEOMETRIC_REPRESENTATION_CONTEXT(2) 
PARAMETRIC_REPRESENTATION_CONTEXT() REPRESENTATION_CONTEXT('2D SPACE',''
  ) );
#6781 = ORIENTED_EDGE('',*,*,#3214,.T.);
#6782 = ORIENTED_EDGE('',*,*,#6783,.F.);
#6783 = EDGE_CURVE('',#6733,#3215,#6784,.T.);
#6784 = SURFACE_CURVE('',#6785,(#6790,#6797),.PCURVE_S1.);
#6785 = CIRCLE('',#6786,1.25);
#6786 = AXIS2_PLACEMENT_3D('',#6787,#6788,#6789);
#6787 = CARTESIAN_POINT('',(-23.75,-1.25,2.75));
#6788 = DIRECTION('',(0.,0.,1.));
#6789 = DIRECTION('',(-1.,0.,0.));
#6790 = PCURVE('',#3230,#6791);
#6791 = DEFINITIONAL_REPRESENTATION('',(#6792),#6796);
#6792 = LINE('',#6793,#6794);
#6793 = CARTESIAN_POINT('',(0.,6.75));
#6794 = VECTOR('',#6795,1.);
#6795 = DIRECTION('',(1.,0.));
#6796 = ( GEOMETRIC_REPRESENTATION_CONTEXT(2) 
PARAMETRIC_REPRESENTATION_CONTEXT() REPRESENTATION_CONTEXT('2D SPACE',''
  ) );
#6797 = PCURVE('',#3339,#6798);
#6798 = DEFINITIONAL_REPRESENTATION('',(#6799),#6803);
#6799 = LINE('',#6800,#6801);
#6800 = CARTESIAN_POINT('',(-0.,0.));
#6801 = VECTOR('',#6802,1.);
#6802 = DIRECTION('',(-1.,0.));
#6803 = ( GEOMETRIC_REPRESENTATION_CONTEXT(2) 
PARAMETRIC_REPRESENTATION_CONTEXT() REPRESENTATION_CONTEXT('2D SPACE',''
  ) );
#6804 = ADVANCED_FACE('',(#6805),#3284,.T.);
#6805 = FACE_BOUND('',#6806,.T.);
#6806 = EDGE_LOOP('',(#6807,#6829,#6830));
#6807 = ORIENTED_EDGE('',*,*,#6808,.F.);
#6808 = EDGE_CURVE('',#3268,#6731,#6809,.T.);
#6809 = SURFACE_CURVE('',#6810,(#6815,#6822),.PCURVE_S1.);
#6810 = CIRCLE('',#6811,1.25);
#6811 = AXIS2_PLACEMENT_3D('',#6812,#6813,#6814);
#6812 = CARTESIAN_POINT('',(-23.75,-1.25,-2.75));
#6813 = DIRECTION('',(0.,1.,-0.));
#6814 = DIRECTION('',(-1.,0.,0.));
#6815 = PCURVE('',#3284,#6816);
#6816 = DEFINITIONAL_REPRESENTATION('',(#6817),#6821);
#6817 = LINE('',#6818,#6819);
#6818 = CARTESIAN_POINT('',(0.,-6.28318530718));
#6819 = VECTOR('',#6820,1.);
#6820 = DIRECTION('',(0.,1.));
#6821 = ( GEOMETRIC_REPRESENTATION_CONTEXT(2) 
PARAMETRIC_REPRESENTATION_CONTEXT() REPRESENTATION_CONTEXT('2D SPACE',''
  ) );
#6822 = PCURVE('',#3393,#6823);
#6823 = DEFINITIONAL_REPRESENTATION('',(#6824),#6828);
#6824 = LINE('',#6825,#6826);
#6825 = CARTESIAN_POINT('',(-6.28318530718,1.25));
#6826 = VECTOR('',#6827,1.);
#6827 = DIRECTION('',(1.,-0.));
#6828 = ( GEOMETRIC_REPRESENTATION_CONTEXT(2) 
PARAMETRIC_REPRESENTATION_CONTEXT() REPRESENTATION_CONTEXT('2D SPACE',''
  ) );
#6829 = ORIENTED_EDGE('',*,*,#3267,.T.);
#6830 = ORIENTED_EDGE('',*,*,#6760,.F.);
#6831 = ADVANCED_FACE('',(#6832),#3339,.T.);
#6832 = FACE_BOUND('',#6833,.F.);
#6833 = EDGE_LOOP('',(#6834,#6856,#6857));
#6834 = ORIENTED_EDGE('',*,*,#6835,.F.);
#6835 = EDGE_CURVE('',#3323,#6733,#6836,.T.);
#6836 = SURFACE_CURVE('',#6837,(#6842,#6849),.PCURVE_S1.);
#6837 = CIRCLE('',#6838,1.25);
#6838 = AXIS2_PLACEMENT_3D('',#6839,#6840,#6841);
#6839 = CARTESIAN_POINT('',(-23.75,-1.25,2.75));
#6840 = DIRECTION('',(0.,-1.,0.));
#6841 = DIRECTION('',(-1.,0.,0.));
#6842 = PCURVE('',#3339,#6843);
#6843 = DEFINITIONAL_REPRESENTATION('',(#6844),#6848);
#6844 = LINE('',#6845,#6846);
#6845 = CARTESIAN_POINT('',(-0.,-6.28318530718));
#6846 = VECTOR('',#6847,1.);
#6847 = DIRECTION('',(-0.,1.));
#6848 = ( GEOMETRIC_REPRESENTATION_CONTEXT(2) 
PARAMETRIC_REPRESENTATION_CONTEXT() REPRESENTATION_CONTEXT('2D SPACE',''
  ) );
#6849 = PCURVE('',#3447,#6850);
#6850 = DEFINITIONAL_REPRESENTATION('',(#6851),#6855);
#6851 = LINE('',#6852,#6853);
#6852 = CARTESIAN_POINT('',(6.28318530718,1.25));
#6853 = VECTOR('',#6854,1.);
#6854 = DIRECTION('',(-1.,-0.));
#6855 = ( GEOMETRIC_REPRESENTATION_CONTEXT(2) 
PARAMETRIC_REPRESENTATION_CONTEXT() REPRESENTATION_CONTEXT('2D SPACE',''
  ) );
#6856 = ORIENTED_EDGE('',*,*,#3322,.T.);
#6857 = ORIENTED_EDGE('',*,*,#6783,.F.);
#6858 = ADVANCED_FACE('',(#6859),#3393,.T.);
#6859 = FACE_BOUND('',#6860,.F.);
#6860 = EDGE_LOOP('',(#6861,#6862,#6863,#6887));
#6861 = ORIENTED_EDGE('',*,*,#6808,.F.);
#6862 = ORIENTED_EDGE('',*,*,#3377,.T.);
#6863 = ORIENTED_EDGE('',*,*,#6864,.T.);
#6864 = EDGE_CURVE('',#3378,#6865,#6867,.T.);
#6865 = VERTEX_POINT('',#6866);
#6866 = CARTESIAN_POINT('',(-25.,1.25,-2.75));
#6867 = SURFACE_CURVE('',#6868,(#6873,#6880),.PCURVE_S1.);
#6868 = CIRCLE('',#6869,1.25);
#6869 = AXIS2_PLACEMENT_3D('',#6870,#6871,#6872);
#6870 = CARTESIAN_POINT('',(-23.75,1.25,-2.75));
#6871 = DIRECTION('',(1.7763568394E-16,1.,-0.));
#6872 = DIRECTION('',(-1.,1.7763568394E-16,0.));
#6873 = PCURVE('',#3393,#6874);
#6874 = DEFINITIONAL_REPRESENTATION('',(#6875),#6879);
#6875 = LINE('',#6876,#6877);
#6876 = CARTESIAN_POINT('',(-6.28318530718,3.75));
#6877 = VECTOR('',#6878,1.);
#6878 = DIRECTION('',(1.,-0.));
#6879 = ( GEOMETRIC_REPRESENTATION_CONTEXT(2) 
PARAMETRIC_REPRESENTATION_CONTEXT() REPRESENTATION_CONTEXT('2D SPACE',''
  ) );
#6880 = PCURVE('',#3502,#6881);
#6881 = DEFINITIONAL_REPRESENTATION('',(#6882),#6886);
#6882 = LINE('',#6883,#6884);
#6883 = CARTESIAN_POINT('',(-0.,-6.28318530718));
#6884 = VECTOR('',#6885,1.);
#6885 = DIRECTION('',(-0.,1.));
#6886 = ( GEOMETRIC_REPRESENTATION_CONTEXT(2) 
PARAMETRIC_REPRESENTATION_CONTEXT() REPRESENTATION_CONTEXT('2D SPACE',''
  ) );
#6887 = ORIENTED_EDGE('',*,*,#6888,.F.);
#6888 = EDGE_CURVE('',#6731,#6865,#6889,.T.);
#6889 = SURFACE_CURVE('',#6890,(#6894,#6901),.PCURVE_S1.);
#6890 = LINE('',#6891,#6892);
#6891 = CARTESIAN_POINT('',(-25.,-2.5,-2.75));
#6892 = VECTOR('',#6893,1.);
#6893 = DIRECTION('',(0.,1.,0.));
#6894 = PCURVE('',#3393,#6895);
#6895 = DEFINITIONAL_REPRESENTATION('',(#6896),#6900);
#6896 = LINE('',#6897,#6898);
#6897 = CARTESIAN_POINT('',(-0.,0.));
#6898 = VECTOR('',#6899,1.);
#6899 = DIRECTION('',(-0.,1.));
#6900 = ( GEOMETRIC_REPRESENTATION_CONTEXT(2) 
PARAMETRIC_REPRESENTATION_CONTEXT() REPRESENTATION_CONTEXT('2D SPACE',''
  ) );
#6901 = PCURVE('',#6748,#6902);
#6902 = DEFINITIONAL_REPRESENTATION('',(#6903),#6907);
#6903 = LINE('',#6904,#6905);
#6904 = CARTESIAN_POINT('',(1.25,0.));
#6905 = VECTOR('',#6906,1.);
#6906 = DIRECTION('',(0.,-1.));
#6907 = ( GEOMETRIC_REPRESENTATION_CONTEXT(2) 
PARAMETRIC_REPRESENTATION_CONTEXT() REPRESENTATION_CONTEXT('2D SPACE',''
  ) );
#6908 = ADVANCED_FACE('',(#6909),#3447,.T.);
#6909 = FACE_BOUND('',#6910,.T.);
#6910 = EDGE_LOOP('',(#6911,#6912,#6913,#6937));
#6911 = ORIENTED_EDGE('',*,*,#6835,.F.);
#6912 = ORIENTED_EDGE('',*,*,#3431,.T.);
#6913 = ORIENTED_EDGE('',*,*,#6914,.F.);
#6914 = EDGE_CURVE('',#6915,#3432,#6917,.T.);
#6915 = VERTEX_POINT('',#6916);
#6916 = CARTESIAN_POINT('',(-25.,1.25,2.75));
#6917 = SURFACE_CURVE('',#6918,(#6923,#6930),.PCURVE_S1.);
#6918 = CIRCLE('',#6919,1.25);
#6919 = AXIS2_PLACEMENT_3D('',#6920,#6921,#6922);
#6920 = CARTESIAN_POINT('',(-23.75,1.25,2.75));
#6921 = DIRECTION('',(0.,1.,0.));
#6922 = DIRECTION('',(-1.,0.,0.));
#6923 = PCURVE('',#3447,#6924);
#6924 = DEFINITIONAL_REPRESENTATION('',(#6925),#6929);
#6925 = LINE('',#6926,#6927);
#6926 = CARTESIAN_POINT('',(0.,3.75));
#6927 = VECTOR('',#6928,1.);
#6928 = DIRECTION('',(1.,0.));
#6929 = ( GEOMETRIC_REPRESENTATION_CONTEXT(2) 
PARAMETRIC_REPRESENTATION_CONTEXT() REPRESENTATION_CONTEXT('2D SPACE',''
  ) );
#6930 = PCURVE('',#3578,#6931);
#6931 = DEFINITIONAL_REPRESENTATION('',(#6932),#6936);
#6932 = LINE('',#6933,#6934);
#6933 = CARTESIAN_POINT('',(-0.,0.));
#6934 = VECTOR('',#6935,1.);
#6935 = DIRECTION('',(-1.,0.));
#6936 = ( GEOMETRIC_REPRESENTATION_CONTEXT(2) 
PARAMETRIC_REPRESENTATION_CONTEXT() REPRESENTATION_CONTEXT('2D SPACE',''
  ) );
#6937 = ORIENTED_EDGE('',*,*,#6938,.F.);
#6938 = EDGE_CURVE('',#6733,#6915,#6939,.T.);
#6939 = SURFACE_CURVE('',#6940,(#6944,#6951),.PCURVE_S1.);
#6940 = LINE('',#6941,#6942);
#6941 = CARTESIAN_POINT('',(-25.,-2.5,2.75));
#6942 = VECTOR('',#6943,1.);
#6943 = DIRECTION('',(0.,1.,0.));
#6944 = PCURVE('',#3447,#6945);
#6945 = DEFINITIONAL_REPRESENTATION('',(#6946),#6950);
#6946 = LINE('',#6947,#6948);
#6947 = CARTESIAN_POINT('',(0.,0.));
#6948 = VECTOR('',#6949,1.);
#6949 = DIRECTION('',(0.,1.));
#6950 = ( GEOMETRIC_REPRESENTATION_CONTEXT(2) 
PARAMETRIC_REPRESENTATION_CONTEXT() REPRESENTATION_CONTEXT('2D SPACE',''
  ) );
#6951 = PCURVE('',#6748,#6952);
#6952 = DEFINITIONAL_REPRESENTATION('',(#6953),#6957);
#6953 = LINE('',#6954,#6955);
#6954 = CARTESIAN_POINT('',(6.75,0.));
#6955 = VECTOR('',#6956,1.);
#6956 = DIRECTION('',(0.,-1.));
#6957 = ( GEOMETRIC_REPRESENTATION_CONTEXT(2) 
PARAMETRIC_REPRESENTATION_CONTEXT() REPRESENTATION_CONTEXT('2D SPACE',''
  ) );
#6958 = ADVANCED_FACE('',(#6959),#3502,.T.);
#6959 = FACE_BOUND('',#6960,.F.);
#6960 = EDGE_LOOP('',(#6961,#6962,#6963));
#6961 = ORIENTED_EDGE('',*,*,#6864,.F.);
#6962 = ORIENTED_EDGE('',*,*,#3485,.T.);
#6963 = ORIENTED_EDGE('',*,*,#6964,.F.);
#6964 = EDGE_CURVE('',#6865,#3486,#6965,.T.);
#6965 = SURFACE_CURVE('',#6966,(#6971,#6978),.PCURVE_S1.);
#6966 = CIRCLE('',#6967,1.25);
#6967 = AXIS2_PLACEMENT_3D('',#6968,#6969,#6970);
#6968 = CARTESIAN_POINT('',(-23.75,1.25,-2.75));
#6969 = DIRECTION('',(-0.,0.,-1.));
#6970 = DIRECTION('',(-1.,1.7763568394E-16,0.));
#6971 = PCURVE('',#3502,#6972);
#6972 = DEFINITIONAL_REPRESENTATION('',(#6973),#6977);
#6973 = LINE('',#6974,#6975);
#6974 = CARTESIAN_POINT('',(-0.,0.));
#6975 = VECTOR('',#6976,1.);
#6976 = DIRECTION('',(-1.,0.));
#6977 = ( GEOMETRIC_REPRESENTATION_CONTEXT(2) 
PARAMETRIC_REPRESENTATION_CONTEXT() REPRESENTATION_CONTEXT('2D SPACE',''
  ) );
#6978 = PCURVE('',#3610,#6979);
#6979 = DEFINITIONAL_REPRESENTATION('',(#6980),#6984);
#6980 = LINE('',#6981,#6982);
#6981 = CARTESIAN_POINT('',(-0.,1.25));
#6982 = VECTOR('',#6983,1.);
#6983 = DIRECTION('',(-1.,0.));
#6984 = ( GEOMETRIC_REPRESENTATION_CONTEXT(2) 
PARAMETRIC_REPRESENTATION_CONTEXT() REPRESENTATION_CONTEXT('2D SPACE',''
  ) );
#6985 = ADVANCED_FACE('',(#6986),#3578,.T.);
#6986 = FACE_BOUND('',#6987,.F.);
#6987 = EDGE_LOOP('',(#6988,#7010,#7011));
#6988 = ORIENTED_EDGE('',*,*,#6989,.F.);
#6989 = EDGE_CURVE('',#3541,#6915,#6990,.T.);
#6990 = SURFACE_CURVE('',#6991,(#6996,#7003),.PCURVE_S1.);
#6991 = CIRCLE('',#6992,1.25);
#6992 = AXIS2_PLACEMENT_3D('',#6993,#6994,#6995);
#6993 = CARTESIAN_POINT('',(-23.75,1.25,2.75));
#6994 = DIRECTION('',(0.,0.,1.));
#6995 = DIRECTION('',(-1.,0.,0.));
#6996 = PCURVE('',#3578,#6997);
#6997 = DEFINITIONAL_REPRESENTATION('',(#6998),#7002);
#6998 = LINE('',#6999,#7000);
#6999 = CARTESIAN_POINT('',(-0.,-6.28318530718));
#7000 = VECTOR('',#7001,1.);
#7001 = DIRECTION('',(-0.,1.));
#7002 = ( GEOMETRIC_REPRESENTATION_CONTEXT(2) 
PARAMETRIC_REPRESENTATION_CONTEXT() REPRESENTATION_CONTEXT('2D SPACE',''
  ) );
#7003 = PCURVE('',#3610,#7004);
#7004 = DEFINITIONAL_REPRESENTATION('',(#7005),#7009);
#7005 = LINE('',#7006,#7007);
#7006 = CARTESIAN_POINT('',(-6.28318530718,6.75));
#7007 = VECTOR('',#7008,1.);
#7008 = DIRECTION('',(1.,-0.));
#7009 = ( GEOMETRIC_REPRESENTATION_CONTEXT(2) 
PARAMETRIC_REPRESENTATION_CONTEXT() REPRESENTATION_CONTEXT('2D SPACE',''
  ) );
#7010 = ORIENTED_EDGE('',*,*,#3563,.T.);
#7011 = ORIENTED_EDGE('',*,*,#6914,.F.);
#7012 = ADVANCED_FACE('',(#7013),#3610,.T.);
#7013 = FACE_BOUND('',#7014,.F.);
#7014 = EDGE_LOOP('',(#7015,#7036,#7037,#7038));
#7015 = ORIENTED_EDGE('',*,*,#7016,.F.);
#7016 = EDGE_CURVE('',#6865,#6915,#7017,.T.);
#7017 = SURFACE_CURVE('',#7018,(#7022,#7029),.PCURVE_S1.);
#7018 = LINE('',#7019,#7020);
#7019 = CARTESIAN_POINT('',(-25.,1.25,-4.));
#7020 = VECTOR('',#7021,1.);
#7021 = DIRECTION('',(0.,0.,1.));
#7022 = PCURVE('',#3610,#7023);
#7023 = DEFINITIONAL_REPRESENTATION('',(#7024),#7028);
#7024 = LINE('',#7025,#7026);
#7025 = CARTESIAN_POINT('',(-0.,0.));
#7026 = VECTOR('',#7027,1.);
#7027 = DIRECTION('',(-0.,1.));
#7028 = ( GEOMETRIC_REPRESENTATION_CONTEXT(2) 
PARAMETRIC_REPRESENTATION_CONTEXT() REPRESENTATION_CONTEXT('2D SPACE',''
  ) );
#7029 = PCURVE('',#6748,#7030);
#7030 = DEFINITIONAL_REPRESENTATION('',(#7031),#7035);
#7031 = LINE('',#7032,#7033);
#7032 = CARTESIAN_POINT('',(0.,-3.75));
#7033 = VECTOR('',#7034,1.);
#7034 = DIRECTION('',(1.,0.));
#7035 = ( GEOMETRIC_REPRESENTATION_CONTEXT(2) 
PARAMETRIC_REPRESENTATION_CONTEXT() REPRESENTATION_CONTEXT('2D SPACE',''
  ) );
#7036 = ORIENTED_EDGE('',*,*,#6964,.T.);
#7037 = ORIENTED_EDGE('',*,*,#3596,.T.);
#7038 = ORIENTED_EDGE('',*,*,#6989,.T.);
#7039 = ADVANCED_FACE('',(#7040),#3645,.F.);
#7040 = FACE_BOUND('',#7041,.F.);
#7041 = EDGE_LOOP('',(#7042,#7043,#7065,#7066));
#7042 = ORIENTED_EDGE('',*,*,#3627,.F.);
#7043 = ORIENTED_EDGE('',*,*,#7044,.T.);
#7044 = EDGE_CURVE('',#3628,#6182,#7045,.T.);
#7045 = SURFACE_CURVE('',#7046,(#7051,#7058),.PCURVE_S1.);
#7046 = CIRCLE('',#7047,0.75);
#7047 = AXIS2_PLACEMENT_3D('',#7048,#7049,#7050);
#7048 = CARTESIAN_POINT('',(-7.109455543377,-15.36297632095,-2.25));
#7049 = DIRECTION('',(-0.,0.,1.));
#7050 = DIRECTION('',(0.5,-0.866025403784,0.));
#7051 = PCURVE('',#3645,#7052);
#7052 = DEFINITIONAL_REPRESENTATION('',(#7053),#7057);
#7053 = LINE('',#7054,#7055);
#7054 = CARTESIAN_POINT('',(0.,0.75));
#7055 = VECTOR('',#7056,1.);
#7056 = DIRECTION('',(1.,0.));
#7057 = ( GEOMETRIC_REPRESENTATION_CONTEXT(2) 
PARAMETRIC_REPRESENTATION_CONTEXT() REPRESENTATION_CONTEXT('2D SPACE',''
  ) );
#7058 = PCURVE('',#3720,#7059);
#7059 = DEFINITIONAL_REPRESENTATION('',(#7060),#7064);
#7060 = LINE('',#7061,#7062);
#7061 = CARTESIAN_POINT('',(0.,0.));
#7062 = VECTOR('',#7063,1.);
#7063 = DIRECTION('',(1.,0.));
#7064 = ( GEOMETRIC_REPRESENTATION_CONTEXT(2) 
PARAMETRIC_REPRESENTATION_CONTEXT() REPRESENTATION_CONTEXT('2D SPACE',''
  ) );
#7065 = ORIENTED_EDGE('',*,*,#6181,.T.);
#7066 = ORIENTED_EDGE('',*,*,#7067,.F.);
#7067 = EDGE_CURVE('',#3630,#6184,#7068,.T.);
#7068 = SURFACE_CURVE('',#7069,(#7074,#7081),.PCURVE_S1.);
#7069 = CIRCLE('',#7070,0.75);
#7070 = AXIS2_PLACEMENT_3D('',#7071,#7072,#7073);
#7071 = CARTESIAN_POINT('',(-7.109455543377,-15.36297632095,2.25));
#7072 = DIRECTION('',(-0.,0.,1.));
#7073 = DIRECTION('',(0.5,-0.866025403784,0.));
#7074 = PCURVE('',#3645,#7075);
#7075 = DEFINITIONAL_REPRESENTATION('',(#7076),#7080);
#7076 = LINE('',#7077,#7078);
#7077 = CARTESIAN_POINT('',(0.,5.25));
#7078 = VECTOR('',#7079,1.);
#7079 = DIRECTION('',(1.,0.));
#7080 = ( GEOMETRIC_REPRESENTATION_CONTEXT(2) 
PARAMETRIC_REPRESENTATION_CONTEXT() REPRESENTATION_CONTEXT('2D SPACE',''
  ) );
#7081 = PCURVE('',#3819,#7082);
#7082 = DEFINITIONAL_REPRESENTATION('',(#7083),#7087);
#7083 = LINE('',#7084,#7085);
#7084 = CARTESIAN_POINT('',(-0.,0.));
#7085 = VECTOR('',#7086,1.);
#7086 = DIRECTION('',(-1.,0.));
#7087 = ( GEOMETRIC_REPRESENTATION_CONTEXT(2) 
PARAMETRIC_REPRESENTATION_CONTEXT() REPRESENTATION_CONTEXT('2D SPACE',''
  ) );
#7088 = ADVANCED_FACE('',(#7089),#3720,.F.);
#7089 = FACE_BOUND('',#7090,.F.);
#7090 = EDGE_LOOP('',(#7091,#7092,#7093));
#7091 = ORIENTED_EDGE('',*,*,#3703,.F.);
#7092 = ORIENTED_EDGE('',*,*,#6204,.T.);
#7093 = ORIENTED_EDGE('',*,*,#7044,.F.);
#7094 = ADVANCED_FACE('',(#7095),#3819,.F.);
#7095 = FACE_BOUND('',#7096,.T.);
#7096 = EDGE_LOOP('',(#7097,#7098,#7099));
#7097 = ORIENTED_EDGE('',*,*,#3802,.F.);
#7098 = ORIENTED_EDGE('',*,*,#6393,.F.);
#7099 = ORIENTED_EDGE('',*,*,#7067,.F.);
#7100 = ADVANCED_FACE('',(#7101),#3942,.F.);
#7101 = FACE_BOUND('',#7102,.F.);
#7102 = EDGE_LOOP('',(#7103,#7104,#7105,#7106));
#7103 = ORIENTED_EDGE('',*,*,#6260,.T.);
#7104 = ORIENTED_EDGE('',*,*,#3926,.T.);
#7105 = ORIENTED_EDGE('',*,*,#4111,.T.);
#7106 = ORIENTED_EDGE('',*,*,#7107,.F.);
#7107 = EDGE_CURVE('',#6261,#4112,#7108,.T.);
#7108 = SURFACE_CURVE('',#7109,(#7113,#7120),.PCURVE_S1.);
#7109 = LINE('',#7110,#7111);
#7110 = CARTESIAN_POINT('',(-7.584936490539,-13.03941916244,-2.25));
#7111 = VECTOR('',#7112,1.);
#7112 = DIRECTION('',(-0.866025403784,-0.5,0.));
#7113 = PCURVE('',#3942,#7114);
#7114 = DEFINITIONAL_REPRESENTATION('',(#7115),#7119);
#7115 = LINE('',#7116,#7117);
#7116 = CARTESIAN_POINT('',(0.,0.));
#7117 = VECTOR('',#7118,1.);
#7118 = DIRECTION('',(0.,1.));
#7119 = ( GEOMETRIC_REPRESENTATION_CONTEXT(2) 
PARAMETRIC_REPRESENTATION_CONTEXT() REPRESENTATION_CONTEXT('2D SPACE',''
  ) );
#7120 = PCURVE('',#4227,#7121);
#7121 = DEFINITIONAL_REPRESENTATION('',(#7122),#7126);
#7122 = LINE('',#7123,#7124);
#7123 = CARTESIAN_POINT('',(0.75,0.));
#7124 = VECTOR('',#7125,1.);
#7125 = DIRECTION('',(0.,-1.));
#7126 = ( GEOMETRIC_REPRESENTATION_CONTEXT(2) 
PARAMETRIC_REPRESENTATION_CONTEXT() REPRESENTATION_CONTEXT('2D SPACE',''
  ) );
#7127 = ADVANCED_FACE('',(#7128),#4020,.F.);
#7128 = FACE_BOUND('',#7129,.T.);
#7129 = EDGE_LOOP('',(#7130,#7131,#7132,#7133));
#7130 = ORIENTED_EDGE('',*,*,#6337,.T.);
#7131 = ORIENTED_EDGE('',*,*,#4004,.T.);
#7132 = ORIENTED_EDGE('',*,*,#4188,.F.);
#7133 = ORIENTED_EDGE('',*,*,#7134,.F.);
#7134 = EDGE_CURVE('',#6317,#4163,#7135,.T.);
#7135 = SURFACE_CURVE('',#7136,(#7140,#7147),.PCURVE_S1.);
#7136 = LINE('',#7137,#7138);
#7137 = CARTESIAN_POINT('',(-7.584936490539,-13.03941916244,2.25));
#7138 = VECTOR('',#7139,1.);
#7139 = DIRECTION('',(-0.866025403784,-0.5,0.));
#7140 = PCURVE('',#4020,#7141);
#7141 = DEFINITIONAL_REPRESENTATION('',(#7142),#7146);
#7142 = LINE('',#7143,#7144);
#7143 = CARTESIAN_POINT('',(-0.,0.));
#7144 = VECTOR('',#7145,1.);
#7145 = DIRECTION('',(-0.,1.));
#7146 = ( GEOMETRIC_REPRESENTATION_CONTEXT(2) 
PARAMETRIC_REPRESENTATION_CONTEXT() REPRESENTATION_CONTEXT('2D SPACE',''
  ) );
#7147 = PCURVE('',#4227,#7148);
#7148 = DEFINITIONAL_REPRESENTATION('',(#7149),#7153);
#7149 = LINE('',#7150,#7151);
#7150 = CARTESIAN_POINT('',(5.25,0.));
#7151 = VECTOR('',#7152,1.);
#7152 = DIRECTION('',(0.,-1.));
#7153 = ( GEOMETRIC_REPRESENTATION_CONTEXT(2) 
PARAMETRIC_REPRESENTATION_CONTEXT() REPRESENTATION_CONTEXT('2D SPACE',''
  ) );
#7154 = ADVANCED_FACE('',(#7155),#4227,.F.);
#7155 = FACE_BOUND('',#7156,.F.);
#7156 = EDGE_LOOP('',(#7157,#7158,#7159,#7160));
#7157 = ORIENTED_EDGE('',*,*,#6316,.F.);
#7158 = ORIENTED_EDGE('',*,*,#7107,.T.);
#7159 = ORIENTED_EDGE('',*,*,#4213,.T.);
#7160 = ORIENTED_EDGE('',*,*,#7134,.F.);
#7161 = ADVANCED_FACE('',(#7162),#4263,.T.);
#7162 = FACE_BOUND('',#7163,.T.);
#7163 = EDGE_LOOP('',(#7164,#7165,#7166,#7167));
#7164 = ORIENTED_EDGE('',*,*,#4245,.F.);
#7165 = ORIENTED_EDGE('',*,*,#4376,.T.);
#7166 = ORIENTED_EDGE('',*,*,#6477,.T.);
#7167 = ORIENTED_EDGE('',*,*,#6578,.F.);
#7168 = ADVANCED_FACE('',(#7169),#4456,.T.);
#7169 = FACE_BOUND('',#7170,.F.);
#7170 = EDGE_LOOP('',(#7171,#7195,#7196));
#7171 = ORIENTED_EDGE('',*,*,#7172,.F.);
#7172 = EDGE_CURVE('',#4401,#7173,#7175,.T.);
#7173 = VERTEX_POINT('',#7174);
#7174 = CARTESIAN_POINT('',(17.018337520964,-1.25,2.963324958071));
#7175 = SURFACE_CURVE('',#7176,(#7181,#7188),.PCURVE_S1.);
#7176 = CIRCLE('',#7177,1.25);
#7177 = AXIS2_PLACEMENT_3D('',#7178,#7179,#7180);
#7178 = CARTESIAN_POINT('',(18.25,-1.25,2.75));
#7179 = DIRECTION('',(0.,-1.,0.));
#7180 = DIRECTION('',(-1.,0.,0.));
#7181 = PCURVE('',#4456,#7182);
#7182 = DEFINITIONAL_REPRESENTATION('',(#7183),#7187);
#7183 = LINE('',#7184,#7185);
#7184 = CARTESIAN_POINT('',(-0.,-6.28318530718));
#7185 = VECTOR('',#7186,1.);
#7186 = DIRECTION('',(-0.,1.));
#7187 = ( GEOMETRIC_REPRESENTATION_CONTEXT(2) 
PARAMETRIC_REPRESENTATION_CONTEXT() REPRESENTATION_CONTEXT('2D SPACE',''
  ) );
#7188 = PCURVE('',#4511,#7189);
#7189 = DEFINITIONAL_REPRESENTATION('',(#7190),#7194);
#7190 = LINE('',#7191,#7192);
#7191 = CARTESIAN_POINT('',(6.28318530718,1.25));
#7192 = VECTOR('',#7193,1.);
#7193 = DIRECTION('',(-1.,-0.));
#7194 = ( GEOMETRIC_REPRESENTATION_CONTEXT(2) 
PARAMETRIC_REPRESENTATION_CONTEXT() REPRESENTATION_CONTEXT('2D SPACE',''
  ) );
#7195 = ORIENTED_EDGE('',*,*,#4400,.T.);
#7196 = ORIENTED_EDGE('',*,*,#7197,.F.);
#7197 = EDGE_CURVE('',#7173,#4403,#7198,.T.);
#7198 = SURFACE_CURVE('',#7199,(#7207,#7218),.PCURVE_S1.);
#7199 = B_SPLINE_CURVE_WITH_KNOTS('',6,(#7200,#7201,#7202,#7203,#7204,
    #7205,#7206),.UNSPECIFIED.,.F.,.F.,(7,7),(0.,1.),
  .PIECEWISE_BEZIER_KNOTS.);
#7200 = CARTESIAN_POINT('',(17.018337520964,-1.25,2.963324958071));
#7201 = CARTESIAN_POINT('',(17.018337520964,-1.337387974715,
    2.963324958071));
#7202 = CARTESIAN_POINT('',(17.026224125583,-1.424424394839,
    2.965881078797));
#7203 = CARTESIAN_POINT('',(17.041863427777,-1.509950051877,
    2.970977826131));
#7204 = CARTESIAN_POINT('',(17.06479156033,-1.593142759865,2.97766372084
    ));
#7205 = CARTESIAN_POINT('',(17.094390682879,-1.673339688275,
    2.984558230524));
#7206 = CARTESIAN_POINT('',(17.12984406561,-1.7500006,2.99031246878));
#7207 = PCURVE('',#4456,#7208);
#7208 = DEFINITIONAL_REPRESENTATION('',(#7209),#7217);
#7209 = B_SPLINE_CURVE_WITH_KNOTS('',6,(#7210,#7211,#7212,#7213,#7214,
    #7215,#7216),.UNSPECIFIED.,.F.,.F.,(7,7),(0.,1.),
  .PIECEWISE_BEZIER_KNOTS.);
#7210 = CARTESIAN_POINT('',(0.,-0.171499422654));
#7211 = CARTESIAN_POINT('',(-7.095123558824E-02,-0.171499422654));
#7212 = CARTESIAN_POINT('',(-0.141616766,-0.173575100826));
#7213 = CARTESIAN_POINT('',(-0.211815373677,-0.177712116389));
#7214 = CARTESIAN_POINT('',(-0.281597689643,-0.183148147006));
#7215 = CARTESIAN_POINT('',(-0.350980673125,-0.188763483152));
#7216 = CARTESIAN_POINT('',(-0.419828583763,-0.193454377763));
#7217 = ( GEOMETRIC_REPRESENTATION_CONTEXT(2) 
PARAMETRIC_REPRESENTATION_CONTEXT() REPRESENTATION_CONTEXT('2D SPACE',''
  ) );
#7218 = PCURVE('',#4694,#7219);
#7219 = DEFINITIONAL_REPRESENTATION('',(#7220),#7228);
#7220 = B_SPLINE_CURVE_WITH_KNOTS('',6,(#7221,#7222,#7223,#7224,#7225,
    #7226,#7227),.UNSPECIFIED.,.F.,.F.,(7,7),(0.,1.),
  .PIECEWISE_BEZIER_KNOTS.);
#7221 = CARTESIAN_POINT('',(1.256777627154,1.25));
#7222 = CARTESIAN_POINT('',(1.256777627154,1.162612025285));
#7223 = CARTESIAN_POINT('',(1.267828118401,1.075575605161));
#7224 = CARTESIAN_POINT('',(1.289771607985,0.990049948123));
#7225 = CARTESIAN_POINT('',(1.321577445781,0.906857240135));
#7226 = CARTESIAN_POINT('',(1.362005289264,0.826660311725));
#7227 = CARTESIAN_POINT('',(1.409895044234,0.7499994));
#7228 = ( GEOMETRIC_REPRESENTATION_CONTEXT(2) 
PARAMETRIC_REPRESENTATION_CONTEXT() REPRESENTATION_CONTEXT('2D SPACE',''
  ) );
#7229 = ADVANCED_FACE('',(#7230),#4694,.F.);
#7230 = FACE_BOUND('',#7231,.F.);
#7231 = EDGE_LOOP('',(#7232,#7256,#7284,#7306,#7307,#7351,#7370,#7371));
#7232 = ORIENTED_EDGE('',*,*,#7233,.F.);
#7233 = EDGE_CURVE('',#7234,#5293,#7236,.T.);
#7234 = VERTEX_POINT('',#7235);
#7235 = CARTESIAN_POINT('',(17.25,-1.75,3.));
#7236 = SURFACE_CURVE('',#7237,(#7242,#7249),.PCURVE_S1.);
#7237 = CIRCLE('',#7238,0.75);
#7238 = AXIS2_PLACEMENT_3D('',#7239,#7240,#7241);
#7239 = CARTESIAN_POINT('',(17.25,-1.75,2.25));
#7240 = DIRECTION('',(0.,-1.,0.));
#7241 = DIRECTION('',(-1.,0.,0.));
#7242 = PCURVE('',#4694,#7243);
#7243 = DEFINITIONAL_REPRESENTATION('',(#7244),#7248);
#7244 = LINE('',#7245,#7246);
#7245 = CARTESIAN_POINT('',(6.28318530718,0.75));
#7246 = VECTOR('',#7247,1.);
#7247 = DIRECTION('',(-1.,-0.));
#7248 = ( GEOMETRIC_REPRESENTATION_CONTEXT(2) 
PARAMETRIC_REPRESENTATION_CONTEXT() REPRESENTATION_CONTEXT('2D SPACE',''
  ) );
#7249 = PCURVE('',#5329,#7250);
#7250 = DEFINITIONAL_REPRESENTATION('',(#7251),#7255);
#7251 = LINE('',#7252,#7253);
#7252 = CARTESIAN_POINT('',(-0.,-6.28318530718));
#7253 = VECTOR('',#7254,1.);
#7254 = DIRECTION('',(-0.,1.));
#7255 = ( GEOMETRIC_REPRESENTATION_CONTEXT(2) 
PARAMETRIC_REPRESENTATION_CONTEXT() REPRESENTATION_CONTEXT('2D SPACE',''
  ) );
#7256 = ORIENTED_EDGE('',*,*,#7257,.T.);
#7257 = EDGE_CURVE('',#7234,#7258,#7260,.T.);
#7258 = VERTEX_POINT('',#7259);
#7259 = CARTESIAN_POINT('',(17.25,1.75,3.));
#7260 = SURFACE_CURVE('',#7261,(#7265,#7272),.PCURVE_S1.);
#7261 = LINE('',#7262,#7263);
#7262 = CARTESIAN_POINT('',(17.25,-2.5,3.));
#7263 = VECTOR('',#7264,1.);
#7264 = DIRECTION('',(0.,1.,0.));
#7265 = PCURVE('',#4694,#7266);
#7266 = DEFINITIONAL_REPRESENTATION('',(#7267),#7271);
#7267 = LINE('',#7268,#7269);
#7268 = CARTESIAN_POINT('',(1.570796326795,0.));
#7269 = VECTOR('',#7270,1.);
#7270 = DIRECTION('',(0.,1.));
#7271 = ( GEOMETRIC_REPRESENTATION_CONTEXT(2) 
PARAMETRIC_REPRESENTATION_CONTEXT() REPRESENTATION_CONTEXT('2D SPACE',''
  ) );
#7272 = PCURVE('',#7273,#7278);
#7273 = PLANE('',#7274);
#7274 = AXIS2_PLACEMENT_3D('',#7275,#7276,#7277);
#7275 = CARTESIAN_POINT('',(16.5,-2.5,3.));
#7276 = DIRECTION('',(0.,0.,1.));
#7277 = DIRECTION('',(1.,0.,0.));
#7278 = DEFINITIONAL_REPRESENTATION('',(#7279),#7283);
#7279 = LINE('',#7280,#7281);
#7280 = CARTESIAN_POINT('',(0.75,0.));
#7281 = VECTOR('',#7282,1.);
#7282 = DIRECTION('',(0.,1.));
#7283 = ( GEOMETRIC_REPRESENTATION_CONTEXT(2) 
PARAMETRIC_REPRESENTATION_CONTEXT() REPRESENTATION_CONTEXT('2D SPACE',''
  ) );
#7284 = ORIENTED_EDGE('',*,*,#7285,.F.);
#7285 = EDGE_CURVE('',#4671,#7258,#7286,.T.);
#7286 = SURFACE_CURVE('',#7287,(#7292,#7299),.PCURVE_S1.);
#7287 = CIRCLE('',#7288,0.75);
#7288 = AXIS2_PLACEMENT_3D('',#7289,#7290,#7291);
#7289 = CARTESIAN_POINT('',(17.25,1.75,2.25));
#7290 = DIRECTION('',(0.,1.,-0.));
#7291 = DIRECTION('',(-1.,0.,0.));
#7292 = PCURVE('',#4694,#7293);
#7293 = DEFINITIONAL_REPRESENTATION('',(#7294),#7298);
#7294 = LINE('',#7295,#7296);
#7295 = CARTESIAN_POINT('',(0.,4.25));
#7296 = VECTOR('',#7297,1.);
#7297 = DIRECTION('',(1.,0.));
#7298 = ( GEOMETRIC_REPRESENTATION_CONTEXT(2) 
PARAMETRIC_REPRESENTATION_CONTEXT() REPRESENTATION_CONTEXT('2D SPACE',''
  ) );
#7299 = PCURVE('',#4741,#7300);
#7300 = DEFINITIONAL_REPRESENTATION('',(#7301),#7305);
#7301 = LINE('',#7302,#7303);
#7302 = CARTESIAN_POINT('',(-0.,0.));
#7303 = VECTOR('',#7304,1.);
#7304 = DIRECTION('',(-1.,0.));
#7305 = ( GEOMETRIC_REPRESENTATION_CONTEXT(2) 
PARAMETRIC_REPRESENTATION_CONTEXT() REPRESENTATION_CONTEXT('2D SPACE',''
  ) );
#7306 = ORIENTED_EDGE('',*,*,#4670,.T.);
#7307 = ORIENTED_EDGE('',*,*,#7308,.T.);
#7308 = EDGE_CURVE('',#4586,#7309,#7311,.T.);
#7309 = VERTEX_POINT('',#7310);
#7310 = CARTESIAN_POINT('',(17.018337520964,1.25,2.963324958071));
#7311 = SURFACE_CURVE('',#7312,(#7323,#7337),.PCURVE_S1.);
#7312 = B_SPLINE_CURVE_WITH_KNOTS('',5,(#7313,#7314,#7315,#7316,#7317,
    #7318,#7319,#7320,#7321,#7322),.UNSPECIFIED.,.F.,.F.,(6,4,6),(0.,
    0.468058675128,1.),.UNSPECIFIED.);
#7313 = CARTESIAN_POINT('',(17.12984406561,1.7500006,2.99031246878));
#7314 = CARTESIAN_POINT('',(17.109908542821,1.706893984073,
    2.987076846702));
#7315 = CARTESIAN_POINT('',(17.091915110702,1.662652493148,
    2.983467907212));
#7316 = CARTESIAN_POINT('',(17.076009576885,1.617356112901,
    2.979761395108));
#7317 = CARTESIAN_POINT('',(17.062335407131,1.571119105486,
    2.976236887422));
#7318 = CARTESIAN_POINT('',(17.038135507609,1.470686658135,
    2.969577444016));
#7319 = CARTESIAN_POINT('',(17.028292625318,1.416259221325,
    2.966560229078));
#7320 = CARTESIAN_POINT('',(17.021655768899,1.361101342401,
    2.964401993246));
#7321 = CARTESIAN_POINT('',(17.018337520964,1.305546760549,
    2.963324958071));
#7322 = CARTESIAN_POINT('',(17.018337520964,1.25,2.963324958071));
#7323 = PCURVE('',#4694,#7324);
#7324 = DEFINITIONAL_REPRESENTATION('',(#7325),#7336);
#7325 = B_SPLINE_CURVE_WITH_KNOTS('',5,(#7326,#7327,#7328,#7329,#7330,
    #7331,#7332,#7333,#7334,#7335),.UNSPECIFIED.,.F.,.F.,(6,4,6),(0.,
    0.468058675128,1.),.UNSPECIFIED.);
#7326 = CARTESIAN_POINT('',(1.409895044234,4.2500006));
#7327 = CARTESIAN_POINT('',(1.382966519281,4.206893984073));
#7328 = CARTESIAN_POINT('',(1.358514348203,4.162652493148));
#7329 = CARTESIAN_POINT('',(1.336748071644,4.117356112901));
#7330 = CARTESIAN_POINT('',(1.317922391355,4.071119105486));
#7331 = CARTESIAN_POINT('',(1.284456433238,3.970686658135));
#7332 = CARTESIAN_POINT('',(1.270735367178,3.916259221325));
#7333 = CARTESIAN_POINT('',(1.261428927581,3.861101342401));
#7334 = CARTESIAN_POINT('',(1.256777627154,3.805546760549));
#7335 = CARTESIAN_POINT('',(1.256777627154,3.75));
#7336 = ( GEOMETRIC_REPRESENTATION_CONTEXT(2) 
PARAMETRIC_REPRESENTATION_CONTEXT() REPRESENTATION_CONTEXT('2D SPACE',''
  ) );
#7337 = PCURVE('',#4639,#7338);
#7338 = DEFINITIONAL_REPRESENTATION('',(#7339),#7350);
#7339 = B_SPLINE_CURVE_WITH_KNOTS('',5,(#7340,#7341,#7342,#7343,#7344,
    #7345,#7346,#7347,#7348,#7349),.UNSPECIFIED.,.F.,.F.,(6,4,6),(0.,
    0.468058675128,1.),.UNSPECIFIED.);
#7340 = CARTESIAN_POINT('',(-0.211331504958,-0.41151736979));
#7341 = CARTESIAN_POINT('',(-0.204919954622,-0.373890822059));
#7342 = CARTESIAN_POINT('',(-0.198808599233,-0.336045995303));
#7343 = CARTESIAN_POINT('',(-0.193180625634,-0.297959887274));
#7344 = CARTESIAN_POINT('',(-0.188196960055,-0.259630128737));
#7345 = CARTESIAN_POINT('',(-0.179198421839,-0.177279764995));
#7346 = CARTESIAN_POINT('',(-0.175407734189,-0.133190587275));
#7347 = CARTESIAN_POINT('',(-0.172801753099,-8.888095922165E-02));
#7348 = CARTESIAN_POINT('',(-0.171499422654,-4.44374084389E-02));
#7349 = CARTESIAN_POINT('',(-0.171499422654,0.));
#7350 = ( GEOMETRIC_REPRESENTATION_CONTEXT(2) 
PARAMETRIC_REPRESENTATION_CONTEXT() REPRESENTATION_CONTEXT('2D SPACE',''
  ) );
#7351 = ORIENTED_EDGE('',*,*,#7352,.F.);
#7352 = EDGE_CURVE('',#7173,#7309,#7353,.T.);
#7353 = SURFACE_CURVE('',#7354,(#7358,#7364),.PCURVE_S1.);
#7354 = LINE('',#7355,#7356);
#7355 = CARTESIAN_POINT('',(17.018337520964,-2.5,2.963324958071));
#7356 = VECTOR('',#7357,1.);
#7357 = DIRECTION('',(0.,1.,0.));
#7358 = PCURVE('',#4694,#7359);
#7359 = DEFINITIONAL_REPRESENTATION('',(#7360),#7363);
#7360 = B_SPLINE_CURVE_WITH_KNOTS('',1,(#7361,#7362),.UNSPECIFIED.,.F.,
  .F.,(2,2),(1.2499994,3.7500006),.PIECEWISE_BEZIER_KNOTS.);
#7361 = CARTESIAN_POINT('',(1.256777627154,1.2499994));
#7362 = CARTESIAN_POINT('',(1.256777627154,3.7500006));
#7363 = ( GEOMETRIC_REPRESENTATION_CONTEXT(2) 
PARAMETRIC_REPRESENTATION_CONTEXT() REPRESENTATION_CONTEXT('2D SPACE',''
  ) );
#7364 = PCURVE('',#4511,#7365);
#7365 = DEFINITIONAL_REPRESENTATION('',(#7366),#7369);
#7366 = B_SPLINE_CURVE_WITH_KNOTS('',1,(#7367,#7368),.UNSPECIFIED.,.F.,
  .F.,(2,2),(1.2499994,3.7500006),.PIECEWISE_BEZIER_KNOTS.);
#7367 = CARTESIAN_POINT('',(0.171499422654,1.2499994));
#7368 = CARTESIAN_POINT('',(0.171499422654,3.7500006));
#7369 = ( GEOMETRIC_REPRESENTATION_CONTEXT(2) 
PARAMETRIC_REPRESENTATION_CONTEXT() REPRESENTATION_CONTEXT('2D SPACE',''
  ) );
#7370 = ORIENTED_EDGE('',*,*,#7197,.T.);
#7371 = ORIENTED_EDGE('',*,*,#5356,.F.);
#7372 = ADVANCED_FACE('',(#7373),#5329,.F.);
#7373 = FACE_BOUND('',#7374,.T.);
#7374 = EDGE_LOOP('',(#7375,#7376,#7405,#7427));
#7375 = ORIENTED_EDGE('',*,*,#7233,.F.);
#7376 = ORIENTED_EDGE('',*,*,#7377,.T.);
#7377 = EDGE_CURVE('',#7234,#7378,#7380,.T.);
#7378 = VERTEX_POINT('',#7379);
#7379 = CARTESIAN_POINT('',(17.25,-2.5,2.25));
#7380 = SURFACE_CURVE('',#7381,(#7386,#7393),.PCURVE_S1.);
#7381 = CIRCLE('',#7382,0.75);
#7382 = AXIS2_PLACEMENT_3D('',#7383,#7384,#7385);
#7383 = CARTESIAN_POINT('',(17.25,-1.75,2.25));
#7384 = DIRECTION('',(1.,-6.123233995737E-17,0.));
#7385 = DIRECTION('',(-6.123233995737E-17,-1.,0.));
#7386 = PCURVE('',#5329,#7387);
#7387 = DEFINITIONAL_REPRESENTATION('',(#7388),#7392);
#7388 = LINE('',#7389,#7390);
#7389 = CARTESIAN_POINT('',(-1.570796326795,-6.28318530718));
#7390 = VECTOR('',#7391,1.);
#7391 = DIRECTION('',(-0.,1.));
#7392 = ( GEOMETRIC_REPRESENTATION_CONTEXT(2) 
PARAMETRIC_REPRESENTATION_CONTEXT() REPRESENTATION_CONTEXT('2D SPACE',''
  ) );
#7393 = PCURVE('',#7394,#7399);
#7394 = CYLINDRICAL_SURFACE('',#7395,0.75);
#7395 = AXIS2_PLACEMENT_3D('',#7396,#7397,#7398);
#7396 = CARTESIAN_POINT('',(16.5,-1.75,2.25));
#7397 = DIRECTION('',(1.,0.,0.));
#7398 = DIRECTION('',(0.,-1.,0.));
#7399 = DEFINITIONAL_REPRESENTATION('',(#7400),#7404);
#7400 = LINE('',#7401,#7402);
#7401 = CARTESIAN_POINT('',(-6.28318530718,0.75));
#7402 = VECTOR('',#7403,1.);
#7403 = DIRECTION('',(1.,-0.));
#7404 = ( GEOMETRIC_REPRESENTATION_CONTEXT(2) 
PARAMETRIC_REPRESENTATION_CONTEXT() REPRESENTATION_CONTEXT('2D SPACE',''
  ) );
#7405 = ORIENTED_EDGE('',*,*,#7406,.F.);
#7406 = EDGE_CURVE('',#5267,#7378,#7407,.T.);
#7407 = SURFACE_CURVE('',#7408,(#7413,#7420),.PCURVE_S1.);
#7408 = CIRCLE('',#7409,0.75);
#7409 = AXIS2_PLACEMENT_3D('',#7410,#7411,#7412);
#7410 = CARTESIAN_POINT('',(17.25,-1.75,2.25));
#7411 = DIRECTION('',(0.,0.,1.));
#7412 = DIRECTION('',(-1.,0.,0.));
#7413 = PCURVE('',#5329,#7414);
#7414 = DEFINITIONAL_REPRESENTATION('',(#7415),#7419);
#7415 = LINE('',#7416,#7417);
#7416 = CARTESIAN_POINT('',(-0.,0.));
#7417 = VECTOR('',#7418,1.);
#7418 = DIRECTION('',(-1.,0.));
#7419 = ( GEOMETRIC_REPRESENTATION_CONTEXT(2) 
PARAMETRIC_REPRESENTATION_CONTEXT() REPRESENTATION_CONTEXT('2D SPACE',''
  ) );
#7420 = PCURVE('',#5281,#7421);
#7421 = DEFINITIONAL_REPRESENTATION('',(#7422),#7426);
#7422 = LINE('',#7423,#7424);
#7423 = CARTESIAN_POINT('',(0.,5.25));
#7424 = VECTOR('',#7425,1.);
#7425 = DIRECTION('',(1.,0.));
#7426 = ( GEOMETRIC_REPRESENTATION_CONTEXT(2) 
PARAMETRIC_REPRESENTATION_CONTEXT() REPRESENTATION_CONTEXT('2D SPACE',''
  ) );
#7427 = ORIENTED_EDGE('',*,*,#5292,.F.);
#7428 = ADVANCED_FACE('',(#7429),#5281,.F.);
#7429 = FACE_BOUND('',#7430,.F.);
#7430 = EDGE_LOOP('',(#7431,#7432,#7456,#7482));
#7431 = ORIENTED_EDGE('',*,*,#5266,.F.);
#7432 = ORIENTED_EDGE('',*,*,#7433,.T.);
#7433 = EDGE_CURVE('',#5201,#7434,#7436,.T.);
#7434 = VERTEX_POINT('',#7435);
#7435 = CARTESIAN_POINT('',(17.25,-2.5,-2.25));
#7436 = SURFACE_CURVE('',#7437,(#7442,#7449),.PCURVE_S1.);
#7437 = CIRCLE('',#7438,0.75);
#7438 = AXIS2_PLACEMENT_3D('',#7439,#7440,#7441);
#7439 = CARTESIAN_POINT('',(17.25,-1.75,-2.25));
#7440 = DIRECTION('',(0.,0.,1.));
#7441 = DIRECTION('',(-1.,0.,0.));
#7442 = PCURVE('',#5281,#7443);
#7443 = DEFINITIONAL_REPRESENTATION('',(#7444),#7448);
#7444 = LINE('',#7445,#7446);
#7445 = CARTESIAN_POINT('',(0.,0.75));
#7446 = VECTOR('',#7447,1.);
#7447 = DIRECTION('',(1.,0.));
#7448 = ( GEOMETRIC_REPRESENTATION_CONTEXT(2) 
PARAMETRIC_REPRESENTATION_CONTEXT() REPRESENTATION_CONTEXT('2D SPACE',''
  ) );
#7449 = PCURVE('',#5231,#7450);
#7450 = DEFINITIONAL_REPRESENTATION('',(#7451),#7455);
#7451 = LINE('',#7452,#7453);
#7452 = CARTESIAN_POINT('',(0.,0.));
#7453 = VECTOR('',#7454,1.);
#7454 = DIRECTION('',(1.,0.));
#7455 = ( GEOMETRIC_REPRESENTATION_CONTEXT(2) 
PARAMETRIC_REPRESENTATION_CONTEXT() REPRESENTATION_CONTEXT('2D SPACE',''
  ) );
#7456 = ORIENTED_EDGE('',*,*,#7457,.T.);
#7457 = EDGE_CURVE('',#7434,#7378,#7458,.T.);
#7458 = SURFACE_CURVE('',#7459,(#7463,#7470),.PCURVE_S1.);
#7459 = LINE('',#7460,#7461);
#7460 = CARTESIAN_POINT('',(17.25,-2.5,-3.));
#7461 = VECTOR('',#7462,1.);
#7462 = DIRECTION('',(0.,0.,1.));
#7463 = PCURVE('',#5281,#7464);
#7464 = DEFINITIONAL_REPRESENTATION('',(#7465),#7469);
#7465 = LINE('',#7466,#7467);
#7466 = CARTESIAN_POINT('',(1.570796326795,0.));
#7467 = VECTOR('',#7468,1.);
#7468 = DIRECTION('',(0.,1.));
#7469 = ( GEOMETRIC_REPRESENTATION_CONTEXT(2) 
PARAMETRIC_REPRESENTATION_CONTEXT() REPRESENTATION_CONTEXT('2D SPACE',''
  ) );
#7470 = PCURVE('',#7471,#7476);
#7471 = PLANE('',#7472);
#7472 = AXIS2_PLACEMENT_3D('',#7473,#7474,#7475);
#7473 = CARTESIAN_POINT('',(16.5,-2.5,-3.));
#7474 = DIRECTION('',(0.,1.,0.));
#7475 = DIRECTION('',(0.,0.,1.));
#7476 = DEFINITIONAL_REPRESENTATION('',(#7477),#7481);
#7477 = LINE('',#7478,#7479);
#7478 = CARTESIAN_POINT('',(0.,0.75));
#7479 = VECTOR('',#7480,1.);
#7480 = DIRECTION('',(1.,0.));
#7481 = ( GEOMETRIC_REPRESENTATION_CONTEXT(2) 
PARAMETRIC_REPRESENTATION_CONTEXT() REPRESENTATION_CONTEXT('2D SPACE',''
  ) );
#7482 = ORIENTED_EDGE('',*,*,#7406,.F.);
#7483 = ADVANCED_FACE('',(#7484),#5231,.F.);
#7484 = FACE_BOUND('',#7485,.F.);
#7485 = EDGE_LOOP('',(#7486,#7510,#7537,#7538));
#7486 = ORIENTED_EDGE('',*,*,#7487,.F.);
#7487 = EDGE_CURVE('',#7488,#5166,#7490,.T.);
#7488 = VERTEX_POINT('',#7489);
#7489 = CARTESIAN_POINT('',(17.25,-1.75,-3.));
#7490 = SURFACE_CURVE('',#7491,(#7496,#7503),.PCURVE_S1.);
#7491 = CIRCLE('',#7492,0.75);
#7492 = AXIS2_PLACEMENT_3D('',#7493,#7494,#7495);
#7493 = CARTESIAN_POINT('',(17.25,-1.75,-2.25));
#7494 = DIRECTION('',(0.,1.,-0.));
#7495 = DIRECTION('',(-1.,0.,0.));
#7496 = PCURVE('',#5231,#7497);
#7497 = DEFINITIONAL_REPRESENTATION('',(#7498),#7502);
#7498 = LINE('',#7499,#7500);
#7499 = CARTESIAN_POINT('',(0.,-6.28318530718));
#7500 = VECTOR('',#7501,1.);
#7501 = DIRECTION('',(0.,1.));
#7502 = ( GEOMETRIC_REPRESENTATION_CONTEXT(2) 
PARAMETRIC_REPRESENTATION_CONTEXT() REPRESENTATION_CONTEXT('2D SPACE',''
  ) );
#7503 = PCURVE('',#4881,#7504);
#7504 = DEFINITIONAL_REPRESENTATION('',(#7505),#7509);
#7505 = LINE('',#7506,#7507);
#7506 = CARTESIAN_POINT('',(-6.28318530718,0.75));
#7507 = VECTOR('',#7508,1.);
#7508 = DIRECTION('',(1.,-0.));
#7509 = ( GEOMETRIC_REPRESENTATION_CONTEXT(2) 
PARAMETRIC_REPRESENTATION_CONTEXT() REPRESENTATION_CONTEXT('2D SPACE',''
  ) );
#7510 = ORIENTED_EDGE('',*,*,#7511,.T.);
#7511 = EDGE_CURVE('',#7488,#7434,#7512,.T.);
#7512 = SURFACE_CURVE('',#7513,(#7518,#7525),.PCURVE_S1.);
#7513 = CIRCLE('',#7514,0.75);
#7514 = AXIS2_PLACEMENT_3D('',#7515,#7516,#7517);
#7515 = CARTESIAN_POINT('',(17.25,-1.75,-2.25));
#7516 = DIRECTION('',(-1.,6.123233995737E-17,0.));
#7517 = DIRECTION('',(-6.123233995737E-17,-1.,0.));
#7518 = PCURVE('',#5231,#7519);
#7519 = DEFINITIONAL_REPRESENTATION('',(#7520),#7524);
#7520 = LINE('',#7521,#7522);
#7521 = CARTESIAN_POINT('',(1.570796326795,-6.28318530718));
#7522 = VECTOR('',#7523,1.);
#7523 = DIRECTION('',(0.,1.));
#7524 = ( GEOMETRIC_REPRESENTATION_CONTEXT(2) 
PARAMETRIC_REPRESENTATION_CONTEXT() REPRESENTATION_CONTEXT('2D SPACE',''
  ) );
#7525 = PCURVE('',#7526,#7531);
#7526 = CYLINDRICAL_SURFACE('',#7527,0.75);
#7527 = AXIS2_PLACEMENT_3D('',#7528,#7529,#7530);
#7528 = CARTESIAN_POINT('',(16.5,-1.75,-2.25));
#7529 = DIRECTION('',(1.,0.,0.));
#7530 = DIRECTION('',(0.,-1.,0.));
#7531 = DEFINITIONAL_REPRESENTATION('',(#7532),#7536);
#7532 = LINE('',#7533,#7534);
#7533 = CARTESIAN_POINT('',(6.28318530718,0.75));
#7534 = VECTOR('',#7535,1.);
#7535 = DIRECTION('',(-1.,-0.));
#7536 = ( GEOMETRIC_REPRESENTATION_CONTEXT(2) 
PARAMETRIC_REPRESENTATION_CONTEXT() REPRESENTATION_CONTEXT('2D SPACE',''
  ) );
#7537 = ORIENTED_EDGE('',*,*,#7433,.F.);
#7538 = ORIENTED_EDGE('',*,*,#5200,.T.);
#7539 = ADVANCED_FACE('',(#7540),#4881,.F.);
#7540 = FACE_BOUND('',#7541,.T.);
#7541 = EDGE_LOOP('',(#7542,#7543,#7571,#7593,#7594,#7638,#7659,#7692));
#7542 = ORIENTED_EDGE('',*,*,#7487,.F.);
#7543 = ORIENTED_EDGE('',*,*,#7544,.T.);
#7544 = EDGE_CURVE('',#7488,#7545,#7547,.T.);
#7545 = VERTEX_POINT('',#7546);
#7546 = CARTESIAN_POINT('',(17.25,1.75,-3.));
#7547 = SURFACE_CURVE('',#7548,(#7552,#7559),.PCURVE_S1.);
#7548 = LINE('',#7549,#7550);
#7549 = CARTESIAN_POINT('',(17.25,-2.5,-3.));
#7550 = VECTOR('',#7551,1.);
#7551 = DIRECTION('',(0.,1.,0.));
#7552 = PCURVE('',#4881,#7553);
#7553 = DEFINITIONAL_REPRESENTATION('',(#7554),#7558);
#7554 = LINE('',#7555,#7556);
#7555 = CARTESIAN_POINT('',(-1.570796326795,0.));
#7556 = VECTOR('',#7557,1.);
#7557 = DIRECTION('',(-0.,1.));
#7558 = ( GEOMETRIC_REPRESENTATION_CONTEXT(2) 
PARAMETRIC_REPRESENTATION_CONTEXT() REPRESENTATION_CONTEXT('2D SPACE',''
  ) );
#7559 = PCURVE('',#7560,#7565);
#7560 = PLANE('',#7561);
#7561 = AXIS2_PLACEMENT_3D('',#7562,#7563,#7564);
#7562 = CARTESIAN_POINT('',(16.5,-2.5,-3.));
#7563 = DIRECTION('',(0.,0.,1.));
#7564 = DIRECTION('',(1.,0.,0.));
#7565 = DEFINITIONAL_REPRESENTATION('',(#7566),#7570);
#7566 = LINE('',#7567,#7568);
#7567 = CARTESIAN_POINT('',(0.75,0.));
#7568 = VECTOR('',#7569,1.);
#7569 = DIRECTION('',(0.,1.));
#7570 = ( GEOMETRIC_REPRESENTATION_CONTEXT(2) 
PARAMETRIC_REPRESENTATION_CONTEXT() REPRESENTATION_CONTEXT('2D SPACE',''
  ) );
#7571 = ORIENTED_EDGE('',*,*,#7572,.T.);
#7572 = EDGE_CURVE('',#7545,#4797,#7573,.T.);
#7573 = SURFACE_CURVE('',#7574,(#7579,#7586),.PCURVE_S1.);
#7574 = CIRCLE('',#7575,0.75);
#7575 = AXIS2_PLACEMENT_3D('',#7576,#7577,#7578);
#7576 = CARTESIAN_POINT('',(17.25,1.75,-2.25));
#7577 = DIRECTION('',(0.,1.,-0.));
#7578 = DIRECTION('',(-1.,0.,0.));
#7579 = PCURVE('',#4881,#7580);
#7580 = DEFINITIONAL_REPRESENTATION('',(#7581),#7585);
#7581 = LINE('',#7582,#7583);
#7582 = CARTESIAN_POINT('',(-6.28318530718,4.25));
#7583 = VECTOR('',#7584,1.);
#7584 = DIRECTION('',(1.,-0.));
#7585 = ( GEOMETRIC_REPRESENTATION_CONTEXT(2) 
PARAMETRIC_REPRESENTATION_CONTEXT() REPRESENTATION_CONTEXT('2D SPACE',''
  ) );
#7586 = PCURVE('',#4830,#7587);
#7587 = DEFINITIONAL_REPRESENTATION('',(#7588),#7592);
#7588 = LINE('',#7589,#7590);
#7589 = CARTESIAN_POINT('',(-0.,-6.28318530718));
#7590 = VECTOR('',#7591,1.);
#7591 = DIRECTION('',(-0.,1.));
#7592 = ( GEOMETRIC_REPRESENTATION_CONTEXT(2) 
PARAMETRIC_REPRESENTATION_CONTEXT() REPRESENTATION_CONTEXT('2D SPACE',''
  ) );
#7593 = ORIENTED_EDGE('',*,*,#4857,.T.);
#7594 = ORIENTED_EDGE('',*,*,#7595,.T.);
#7595 = EDGE_CURVE('',#4858,#7596,#7598,.T.);
#7596 = VERTEX_POINT('',#7597);
#7597 = CARTESIAN_POINT('',(17.018337520964,1.25,-2.963324958071));
#7598 = SURFACE_CURVE('',#7599,(#7610,#7624),.PCURVE_S1.);
#7599 = B_SPLINE_CURVE_WITH_KNOTS('',5,(#7600,#7601,#7602,#7603,#7604,
    #7605,#7606,#7607,#7608,#7609),.UNSPECIFIED.,.F.,.F.,(6,4,6),(0.,
    0.468102218607,1.),.UNSPECIFIED.);
#7600 = CARTESIAN_POINT('',(17.12984406561,1.7500006,-2.99031246878));
#7601 = CARTESIAN_POINT('',(17.109908137596,1.706893107853,
    -2.987076780933));
#7602 = CARTESIAN_POINT('',(17.091915476367,1.662653094229,
    -2.983467943697));
#7603 = CARTESIAN_POINT('',(17.076010342239,1.617358199626,
    -2.979761584656));
#7604 = CARTESIAN_POINT('',(17.062336019537,1.571121647042,
    -2.976237055946));
#7605 = CARTESIAN_POINT('',(17.038137062848,1.470693112559,
    -2.969577871994));
#7606 = CARTESIAN_POINT('',(17.028294229343,1.416269277601,
    -2.966560749706));
#7607 = CARTESIAN_POINT('',(17.021656259587,1.361109831162,
    -2.964402154266));
#7608 = CARTESIAN_POINT('',(17.018337520964,1.305551108657,
    -2.963324958071));
#7609 = CARTESIAN_POINT('',(17.018337520964,1.25,-2.963324958071));
#7610 = PCURVE('',#4881,#7611);
#7611 = DEFINITIONAL_REPRESENTATION('',(#7612),#7623);
#7612 = B_SPLINE_CURVE_WITH_KNOTS('',5,(#7613,#7614,#7615,#7616,#7617,
    #7618,#7619,#7620,#7621,#7622),.UNSPECIFIED.,.F.,.F.,(6,4,6),(0.,
    0.468102218607,1.),.UNSPECIFIED.);
#7613 = CARTESIAN_POINT('',(-1.409895044234,4.2500006));
#7614 = CARTESIAN_POINT('',(-1.38296597191,4.206893107853));
#7615 = CARTESIAN_POINT('',(-1.358514836158,4.162653094229));
#7616 = CARTESIAN_POINT('',(-1.336749121348,4.117358199626));
#7617 = CARTESIAN_POINT('',(-1.317923238248,4.071121647042));
#7618 = CARTESIAN_POINT('',(-1.284458583972,3.970693112559));
#7619 = CARTESIAN_POINT('',(-1.270737614236,3.916269277601));
#7620 = CARTESIAN_POINT('',(-1.261429616677,3.861109831162));
#7621 = CARTESIAN_POINT('',(-1.256777627154,3.805551108657));
#7622 = CARTESIAN_POINT('',(-1.256777627154,3.75));
#7623 = ( GEOMETRIC_REPRESENTATION_CONTEXT(2) 
PARAMETRIC_REPRESENTATION_CONTEXT() REPRESENTATION_CONTEXT('2D SPACE',''
  ) );
#7624 = PCURVE('',#4951,#7625);
#7625 = DEFINITIONAL_REPRESENTATION('',(#7626),#7637);
#7626 = B_SPLINE_CURVE_WITH_KNOTS('',5,(#7627,#7628,#7629,#7630,#7631,
    #7632,#7633,#7634,#7635,#7636),.UNSPECIFIED.,.F.,.F.,(6,4,6),(0.,
    0.468102218607,1.),.UNSPECIFIED.);
#7627 = CARTESIAN_POINT('',(-0.419828583763,-0.193454377763));
#7628 = CARTESIAN_POINT('',(-0.38111445031,-0.190816622771));
#7629 = CARTESIAN_POINT('',(-0.342252910591,-0.187876364537));
#7630 = CARTESIAN_POINT('',(-0.303239413795,-0.184859124789));
#7631 = CARTESIAN_POINT('',(-0.264068992104,-0.181992035838));
#7632 = CARTESIAN_POINT('',(-0.180083608098,-0.17657773861));
#7633 = CARTESIAN_POINT('',(-0.135221521159,-0.174126537381));
#7634 = CARTESIAN_POINT('',(-9.021115811405E-02,-0.17237402585));
#7635 = CARTESIAN_POINT('',(-4.510254197266E-02,-0.171499422654));
#7636 = CARTESIAN_POINT('',(0.,-0.171499422654));
#7637 = ( GEOMETRIC_REPRESENTATION_CONTEXT(2) 
PARAMETRIC_REPRESENTATION_CONTEXT() REPRESENTATION_CONTEXT('2D SPACE',''
  ) );
#7638 = ORIENTED_EDGE('',*,*,#7639,.F.);
#7639 = EDGE_CURVE('',#7640,#7596,#7642,.T.);
#7640 = VERTEX_POINT('',#7641);
#7641 = CARTESIAN_POINT('',(17.018337520964,-1.25,-2.963324958071));
#7642 = SURFACE_CURVE('',#7643,(#7647,#7653),.PCURVE_S1.);
#7643 = LINE('',#7644,#7645);
#7644 = CARTESIAN_POINT('',(17.018337520964,-2.5,-2.963324958071));
#7645 = VECTOR('',#7646,1.);
#7646 = DIRECTION('',(0.,1.,0.));
#7647 = PCURVE('',#4881,#7648);
#7648 = DEFINITIONAL_REPRESENTATION('',(#7649),#7652);
#7649 = B_SPLINE_CURVE_WITH_KNOTS('',1,(#7650,#7651),.UNSPECIFIED.,.F.,
  .F.,(2,2),(1.2499994,3.7500006),.PIECEWISE_BEZIER_KNOTS.);
#7650 = CARTESIAN_POINT('',(-1.256777627154,1.2499994));
#7651 = CARTESIAN_POINT('',(-1.256777627154,3.7500006));
#7652 = ( GEOMETRIC_REPRESENTATION_CONTEXT(2) 
PARAMETRIC_REPRESENTATION_CONTEXT() REPRESENTATION_CONTEXT('2D SPACE',''
  ) );
#7653 = PCURVE('',#5006,#7654);
#7654 = DEFINITIONAL_REPRESENTATION('',(#7655),#7658);
#7655 = B_SPLINE_CURVE_WITH_KNOTS('',1,(#7656,#7657),.UNSPECIFIED.,.F.,
  .F.,(2,2),(1.2499994,3.7500006),.PIECEWISE_BEZIER_KNOTS.);
#7656 = CARTESIAN_POINT('',(-0.171499422654,1.2499994));
#7657 = CARTESIAN_POINT('',(-0.171499422654,3.7500006));
#7658 = ( GEOMETRIC_REPRESENTATION_CONTEXT(2) 
PARAMETRIC_REPRESENTATION_CONTEXT() REPRESENTATION_CONTEXT('2D SPACE',''
  ) );
#7659 = ORIENTED_EDGE('',*,*,#7660,.T.);
#7660 = EDGE_CURVE('',#7640,#5081,#7661,.T.);
#7661 = SURFACE_CURVE('',#7662,(#7670,#7681),.PCURVE_S1.);
#7662 = B_SPLINE_CURVE_WITH_KNOTS('',6,(#7663,#7664,#7665,#7666,#7667,
    #7668,#7669),.UNSPECIFIED.,.F.,.F.,(7,7),(0.,1.),
  .PIECEWISE_BEZIER_KNOTS.);
#7663 = CARTESIAN_POINT('',(17.018337520964,-1.25,-2.963324958071));
#7664 = CARTESIAN_POINT('',(17.018337520964,-1.337387974716,
    -2.963324958071));
#7665 = CARTESIAN_POINT('',(17.026224125583,-1.424424394838,
    -2.965881078797));
#7666 = CARTESIAN_POINT('',(17.041863427777,-1.509950051877,
    -2.970977826131));
#7667 = CARTESIAN_POINT('',(17.06479156033,-1.593142759865,
    -2.97766372084));
#7668 = CARTESIAN_POINT('',(17.094390682879,-1.673339688275,
    -2.984558230524));
#7669 = CARTESIAN_POINT('',(17.12984406561,-1.7500006,-2.99031246878));
#7670 = PCURVE('',#4881,#7671);
#7671 = DEFINITIONAL_REPRESENTATION('',(#7672),#7680);
#7672 = B_SPLINE_CURVE_WITH_KNOTS('',6,(#7673,#7674,#7675,#7676,#7677,
    #7678,#7679),.UNSPECIFIED.,.F.,.F.,(7,7),(0.,1.),
  .PIECEWISE_BEZIER_KNOTS.);
#7673 = CARTESIAN_POINT('',(-1.256777627154,1.25));
#7674 = CARTESIAN_POINT('',(-1.256777627154,1.162612025284));
#7675 = CARTESIAN_POINT('',(-1.267828118401,1.075575605162));
#7676 = CARTESIAN_POINT('',(-1.289771607985,0.990049948123));
#7677 = CARTESIAN_POINT('',(-1.321577445781,0.906857240135));
#7678 = CARTESIAN_POINT('',(-1.362005289264,0.826660311725));
#7679 = CARTESIAN_POINT('',(-1.409895044234,0.7499994));
#7680 = ( GEOMETRIC_REPRESENTATION_CONTEXT(2) 
PARAMETRIC_REPRESENTATION_CONTEXT() REPRESENTATION_CONTEXT('2D SPACE',''
  ) );
#7681 = PCURVE('',#5134,#7682);
#7682 = DEFINITIONAL_REPRESENTATION('',(#7683),#7691);
#7683 = B_SPLINE_CURVE_WITH_KNOTS('',6,(#7684,#7685,#7686,#7687,#7688,
    #7689,#7690),.UNSPECIFIED.,.F.,.F.,(7,7),(0.,1.),
  .PIECEWISE_BEZIER_KNOTS.);
#7684 = CARTESIAN_POINT('',(0.,-0.171499422654));
#7685 = CARTESIAN_POINT('',(7.095123558889E-02,-0.171499422654));
#7686 = CARTESIAN_POINT('',(0.141616765999,-0.173575100826));
#7687 = CARTESIAN_POINT('',(0.211815373677,-0.177712116389));
#7688 = CARTESIAN_POINT('',(0.281597689643,-0.183148147006));
#7689 = CARTESIAN_POINT('',(0.350980673125,-0.188763483152));
#7690 = CARTESIAN_POINT('',(0.419828583763,-0.193454377763));
#7691 = ( GEOMETRIC_REPRESENTATION_CONTEXT(2) 
PARAMETRIC_REPRESENTATION_CONTEXT() REPRESENTATION_CONTEXT('2D SPACE',''
  ) );
#7692 = ORIENTED_EDGE('',*,*,#5165,.F.);
#7693 = ADVANCED_FACE('',(#7694),#5134,.T.);
#7694 = FACE_BOUND('',#7695,.T.);
#7695 = EDGE_LOOP('',(#7696,#7718,#7719));
#7696 = ORIENTED_EDGE('',*,*,#7697,.F.);
#7697 = EDGE_CURVE('',#5046,#7640,#7698,.T.);
#7698 = SURFACE_CURVE('',#7699,(#7704,#7711),.PCURVE_S1.);
#7699 = CIRCLE('',#7700,1.25);
#7700 = AXIS2_PLACEMENT_3D('',#7701,#7702,#7703);
#7701 = CARTESIAN_POINT('',(18.25,-1.25,-2.75));
#7702 = DIRECTION('',(0.,1.,-0.));
#7703 = DIRECTION('',(-1.,0.,0.));
#7704 = PCURVE('',#5134,#7705);
#7705 = DEFINITIONAL_REPRESENTATION('',(#7706),#7710);
#7706 = LINE('',#7707,#7708);
#7707 = CARTESIAN_POINT('',(0.,-6.28318530718));
#7708 = VECTOR('',#7709,1.);
#7709 = DIRECTION('',(0.,1.));
#7710 = ( GEOMETRIC_REPRESENTATION_CONTEXT(2) 
PARAMETRIC_REPRESENTATION_CONTEXT() REPRESENTATION_CONTEXT('2D SPACE',''
  ) );
#7711 = PCURVE('',#5006,#7712);
#7712 = DEFINITIONAL_REPRESENTATION('',(#7713),#7717);
#7713 = LINE('',#7714,#7715);
#7714 = CARTESIAN_POINT('',(-6.28318530718,1.25));
#7715 = VECTOR('',#7716,1.);
#7716 = DIRECTION('',(1.,-0.));
#7717 = ( GEOMETRIC_REPRESENTATION_CONTEXT(2) 
PARAMETRIC_REPRESENTATION_CONTEXT() REPRESENTATION_CONTEXT('2D SPACE',''
  ) );
#7718 = ORIENTED_EDGE('',*,*,#5080,.F.);
#7719 = ORIENTED_EDGE('',*,*,#7660,.F.);
#7720 = ADVANCED_FACE('',(#7721),#5006,.T.);
#7721 = FACE_BOUND('',#7722,.F.);
#7722 = EDGE_LOOP('',(#7723,#7724,#7725,#7726,#7748));
#7723 = ORIENTED_EDGE('',*,*,#7697,.F.);
#7724 = ORIENTED_EDGE('',*,*,#5045,.T.);
#7725 = ORIENTED_EDGE('',*,*,#4982,.F.);
#7726 = ORIENTED_EDGE('',*,*,#7727,.T.);
#7727 = EDGE_CURVE('',#4898,#7596,#7728,.T.);
#7728 = SURFACE_CURVE('',#7729,(#7734,#7741),.PCURVE_S1.);
#7729 = CIRCLE('',#7730,1.25);
#7730 = AXIS2_PLACEMENT_3D('',#7731,#7732,#7733);
#7731 = CARTESIAN_POINT('',(18.25,1.25,-2.75));
#7732 = DIRECTION('',(1.7763568394E-16,1.,-0.));
#7733 = DIRECTION('',(-1.,1.7763568394E-16,0.));
#7734 = PCURVE('',#5006,#7735);
#7735 = DEFINITIONAL_REPRESENTATION('',(#7736),#7740);
#7736 = LINE('',#7737,#7738);
#7737 = CARTESIAN_POINT('',(-6.28318530718,3.75));
#7738 = VECTOR('',#7739,1.);
#7739 = DIRECTION('',(1.,-0.));
#7740 = ( GEOMETRIC_REPRESENTATION_CONTEXT(2) 
PARAMETRIC_REPRESENTATION_CONTEXT() REPRESENTATION_CONTEXT('2D SPACE',''
  ) );
#7741 = PCURVE('',#4951,#7742);
#7742 = DEFINITIONAL_REPRESENTATION('',(#7743),#7747);
#7743 = LINE('',#7744,#7745);
#7744 = CARTESIAN_POINT('',(-0.,-6.28318530718));
#7745 = VECTOR('',#7746,1.);
#7746 = DIRECTION('',(-0.,1.));
#7747 = ( GEOMETRIC_REPRESENTATION_CONTEXT(2) 
PARAMETRIC_REPRESENTATION_CONTEXT() REPRESENTATION_CONTEXT('2D SPACE',''
  ) );
#7748 = ORIENTED_EDGE('',*,*,#7639,.F.);
#7749 = ADVANCED_FACE('',(#7750),#4951,.T.);
#7750 = FACE_BOUND('',#7751,.F.);
#7751 = EDGE_LOOP('',(#7752,#7753,#7754));
#7752 = ORIENTED_EDGE('',*,*,#7727,.F.);
#7753 = ORIENTED_EDGE('',*,*,#4897,.T.);
#7754 = ORIENTED_EDGE('',*,*,#7595,.T.);
#7755 = ADVANCED_FACE('',(#7756),#4830,.F.);
#7756 = FACE_BOUND('',#7757,.T.);
#7757 = EDGE_LOOP('',(#7758,#7759,#7788,#7810));
#7758 = ORIENTED_EDGE('',*,*,#7572,.F.);
#7759 = ORIENTED_EDGE('',*,*,#7760,.T.);
#7760 = EDGE_CURVE('',#7545,#7761,#7763,.T.);
#7761 = VERTEX_POINT('',#7762);
#7762 = CARTESIAN_POINT('',(17.25,2.5,-2.25));
#7763 = SURFACE_CURVE('',#7764,(#7769,#7776),.PCURVE_S1.);
#7764 = CIRCLE('',#7765,0.75);
#7765 = AXIS2_PLACEMENT_3D('',#7766,#7767,#7768);
#7766 = CARTESIAN_POINT('',(17.25,1.75,-2.25));
#7767 = DIRECTION('',(1.,6.123233995737E-17,-0.));
#7768 = DIRECTION('',(-6.123233995737E-17,1.,0.));
#7769 = PCURVE('',#4830,#7770);
#7770 = DEFINITIONAL_REPRESENTATION('',(#7771),#7775);
#7771 = LINE('',#7772,#7773);
#7772 = CARTESIAN_POINT('',(-1.570796326795,-6.28318530718));
#7773 = VECTOR('',#7774,1.);
#7774 = DIRECTION('',(-0.,1.));
#7775 = ( GEOMETRIC_REPRESENTATION_CONTEXT(2) 
PARAMETRIC_REPRESENTATION_CONTEXT() REPRESENTATION_CONTEXT('2D SPACE',''
  ) );
#7776 = PCURVE('',#7777,#7782);
#7777 = CYLINDRICAL_SURFACE('',#7778,0.75);
#7778 = AXIS2_PLACEMENT_3D('',#7779,#7780,#7781);
#7779 = CARTESIAN_POINT('',(16.5,1.75,-2.25));
#7780 = DIRECTION('',(1.,0.,0.));
#7781 = DIRECTION('',(0.,1.,0.));
#7782 = DEFINITIONAL_REPRESENTATION('',(#7783),#7787);
#7783 = LINE('',#7784,#7785);
#7784 = CARTESIAN_POINT('',(-6.28318530718,0.75));
#7785 = VECTOR('',#7786,1.);
#7786 = DIRECTION('',(1.,-0.));
#7787 = ( GEOMETRIC_REPRESENTATION_CONTEXT(2) 
PARAMETRIC_REPRESENTATION_CONTEXT() REPRESENTATION_CONTEXT('2D SPACE',''
  ) );
#7788 = ORIENTED_EDGE('',*,*,#7789,.F.);
#7789 = EDGE_CURVE('',#4771,#7761,#7790,.T.);
#7790 = SURFACE_CURVE('',#7791,(#7796,#7803),.PCURVE_S1.);
#7791 = CIRCLE('',#7792,0.75);
#7792 = AXIS2_PLACEMENT_3D('',#7793,#7794,#7795);
#7793 = CARTESIAN_POINT('',(17.25,1.75,-2.25));
#7794 = DIRECTION('',(0.,0.,-1.));
#7795 = DIRECTION('',(-1.,0.,0.));
#7796 = PCURVE('',#4830,#7797);
#7797 = DEFINITIONAL_REPRESENTATION('',(#7798),#7802);
#7798 = LINE('',#7799,#7800);
#7799 = CARTESIAN_POINT('',(-0.,0.));
#7800 = VECTOR('',#7801,1.);
#7801 = DIRECTION('',(-1.,0.));
#7802 = ( GEOMETRIC_REPRESENTATION_CONTEXT(2) 
PARAMETRIC_REPRESENTATION_CONTEXT() REPRESENTATION_CONTEXT('2D SPACE',''
  ) );
#7803 = PCURVE('',#4785,#7804);
#7804 = DEFINITIONAL_REPRESENTATION('',(#7805),#7809);
#7805 = LINE('',#7806,#7807);
#7806 = CARTESIAN_POINT('',(-0.,0.75));
#7807 = VECTOR('',#7808,1.);
#7808 = DIRECTION('',(-1.,0.));
#7809 = ( GEOMETRIC_REPRESENTATION_CONTEXT(2) 
PARAMETRIC_REPRESENTATION_CONTEXT() REPRESENTATION_CONTEXT('2D SPACE',''
  ) );
#7810 = ORIENTED_EDGE('',*,*,#4796,.F.);
#7811 = ADVANCED_FACE('',(#7812),#4785,.F.);
#7812 = FACE_BOUND('',#7813,.T.);
#7813 = EDGE_LOOP('',(#7814,#7815,#7816,#7844));
#7814 = ORIENTED_EDGE('',*,*,#4770,.F.);
#7815 = ORIENTED_EDGE('',*,*,#7789,.T.);
#7816 = ORIENTED_EDGE('',*,*,#7817,.T.);
#7817 = EDGE_CURVE('',#7761,#7818,#7820,.T.);
#7818 = VERTEX_POINT('',#7819);
#7819 = CARTESIAN_POINT('',(17.25,2.5,2.25));
#7820 = SURFACE_CURVE('',#7821,(#7825,#7832),.PCURVE_S1.);
#7821 = LINE('',#7822,#7823);
#7822 = CARTESIAN_POINT('',(17.25,2.5,-3.));
#7823 = VECTOR('',#7824,1.);
#7824 = DIRECTION('',(0.,0.,1.));
#7825 = PCURVE('',#4785,#7826);
#7826 = DEFINITIONAL_REPRESENTATION('',(#7827),#7831);
#7827 = LINE('',#7828,#7829);
#7828 = CARTESIAN_POINT('',(-1.570796326795,0.));
#7829 = VECTOR('',#7830,1.);
#7830 = DIRECTION('',(-0.,1.));
#7831 = ( GEOMETRIC_REPRESENTATION_CONTEXT(2) 
PARAMETRIC_REPRESENTATION_CONTEXT() REPRESENTATION_CONTEXT('2D SPACE',''
  ) );
#7832 = PCURVE('',#7833,#7838);
#7833 = PLANE('',#7834);
#7834 = AXIS2_PLACEMENT_3D('',#7835,#7836,#7837);
#7835 = CARTESIAN_POINT('',(16.5,2.5,-3.));
#7836 = DIRECTION('',(0.,1.,0.));
#7837 = DIRECTION('',(0.,0.,1.));
#7838 = DEFINITIONAL_REPRESENTATION('',(#7839),#7843);
#7839 = LINE('',#7840,#7841);
#7840 = CARTESIAN_POINT('',(0.,0.75));
#7841 = VECTOR('',#7842,1.);
#7842 = DIRECTION('',(1.,0.));
#7843 = ( GEOMETRIC_REPRESENTATION_CONTEXT(2) 
PARAMETRIC_REPRESENTATION_CONTEXT() REPRESENTATION_CONTEXT('2D SPACE',''
  ) );
#7844 = ORIENTED_EDGE('',*,*,#7845,.T.);
#7845 = EDGE_CURVE('',#7818,#4711,#7846,.T.);
#7846 = SURFACE_CURVE('',#7847,(#7852,#7859),.PCURVE_S1.);
#7847 = CIRCLE('',#7848,0.75);
#7848 = AXIS2_PLACEMENT_3D('',#7849,#7850,#7851);
#7849 = CARTESIAN_POINT('',(17.25,1.75,2.25));
#7850 = DIRECTION('',(0.,0.,1.));
#7851 = DIRECTION('',(-1.,0.,0.));
#7852 = PCURVE('',#4785,#7853);
#7853 = DEFINITIONAL_REPRESENTATION('',(#7854),#7858);
#7854 = LINE('',#7855,#7856);
#7855 = CARTESIAN_POINT('',(-6.28318530718,5.25));
#7856 = VECTOR('',#7857,1.);
#7857 = DIRECTION('',(1.,-0.));
#7858 = ( GEOMETRIC_REPRESENTATION_CONTEXT(2) 
PARAMETRIC_REPRESENTATION_CONTEXT() REPRESENTATION_CONTEXT('2D SPACE',''
  ) );
#7859 = PCURVE('',#4741,#7860);
#7860 = DEFINITIONAL_REPRESENTATION('',(#7861),#7865);
#7861 = LINE('',#7862,#7863);
#7862 = CARTESIAN_POINT('',(-0.,-6.28318530718));
#7863 = VECTOR('',#7864,1.);
#7864 = DIRECTION('',(-0.,1.));
#7865 = ( GEOMETRIC_REPRESENTATION_CONTEXT(2) 
PARAMETRIC_REPRESENTATION_CONTEXT() REPRESENTATION_CONTEXT('2D SPACE',''
  ) );
#7866 = ADVANCED_FACE('',(#7867),#4741,.F.);
#7867 = FACE_BOUND('',#7868,.T.);
#7868 = EDGE_LOOP('',(#7869,#7870,#7897,#7898));
#7869 = ORIENTED_EDGE('',*,*,#7845,.F.);
#7870 = ORIENTED_EDGE('',*,*,#7871,.T.);
#7871 = EDGE_CURVE('',#7818,#7258,#7872,.T.);
#7872 = SURFACE_CURVE('',#7873,(#7878,#7885),.PCURVE_S1.);
#7873 = CIRCLE('',#7874,0.75);
#7874 = AXIS2_PLACEMENT_3D('',#7875,#7876,#7877);
#7875 = CARTESIAN_POINT('',(17.25,1.75,2.25));
#7876 = DIRECTION('',(1.,0.,6.123233995737E-17));
#7877 = DIRECTION('',(-6.123233995737E-17,0.,1.));
#7878 = PCURVE('',#4741,#7879);
#7879 = DEFINITIONAL_REPRESENTATION('',(#7880),#7884);
#7880 = LINE('',#7881,#7882);
#7881 = CARTESIAN_POINT('',(-1.570796326795,-6.28318530718));
#7882 = VECTOR('',#7883,1.);
#7883 = DIRECTION('',(-0.,1.));
#7884 = ( GEOMETRIC_REPRESENTATION_CONTEXT(2) 
PARAMETRIC_REPRESENTATION_CONTEXT() REPRESENTATION_CONTEXT('2D SPACE',''
  ) );
#7885 = PCURVE('',#7886,#7891);
#7886 = CYLINDRICAL_SURFACE('',#7887,0.75);
#7887 = AXIS2_PLACEMENT_3D('',#7888,#7889,#7890);
#7888 = CARTESIAN_POINT('',(16.5,1.75,2.25));
#7889 = DIRECTION('',(1.,0.,0.));
#7890 = DIRECTION('',(0.,1.,0.));
#7891 = DEFINITIONAL_REPRESENTATION('',(#7892),#7896);
#7892 = LINE('',#7893,#7894);
#7893 = CARTESIAN_POINT('',(-4.712388980385,0.75));
#7894 = VECTOR('',#7895,1.);
#7895 = DIRECTION('',(1.,0.));
#7896 = ( GEOMETRIC_REPRESENTATION_CONTEXT(2) 
PARAMETRIC_REPRESENTATION_CONTEXT() REPRESENTATION_CONTEXT('2D SPACE',''
  ) );
#7897 = ORIENTED_EDGE('',*,*,#7285,.F.);
#7898 = ORIENTED_EDGE('',*,*,#4710,.F.);
#7899 = ADVANCED_FACE('',(#7900),#4639,.T.);
#7900 = FACE_BOUND('',#7901,.F.);
#7901 = EDGE_LOOP('',(#7902,#7903,#7904));
#7902 = ORIENTED_EDGE('',*,*,#7308,.F.);
#7903 = ORIENTED_EDGE('',*,*,#4585,.T.);
#7904 = ORIENTED_EDGE('',*,*,#7905,.F.);
#7905 = EDGE_CURVE('',#7309,#4551,#7906,.T.);
#7906 = SURFACE_CURVE('',#7907,(#7912,#7919),.PCURVE_S1.);
#7907 = CIRCLE('',#7908,1.25);
#7908 = AXIS2_PLACEMENT_3D('',#7909,#7910,#7911);
#7909 = CARTESIAN_POINT('',(18.25,1.25,2.75));
#7910 = DIRECTION('',(0.,1.,0.));
#7911 = DIRECTION('',(-1.,0.,0.));
#7912 = PCURVE('',#4639,#7913);
#7913 = DEFINITIONAL_REPRESENTATION('',(#7914),#7918);
#7914 = LINE('',#7915,#7916);
#7915 = CARTESIAN_POINT('',(-0.,0.));
#7916 = VECTOR('',#7917,1.);
#7917 = DIRECTION('',(-1.,0.));
#7918 = ( GEOMETRIC_REPRESENTATION_CONTEXT(2) 
PARAMETRIC_REPRESENTATION_CONTEXT() REPRESENTATION_CONTEXT('2D SPACE',''
  ) );
#7919 = PCURVE('',#4511,#7920);
#7920 = DEFINITIONAL_REPRESENTATION('',(#7921),#7925);
#7921 = LINE('',#7922,#7923);
#7922 = CARTESIAN_POINT('',(0.,3.75));
#7923 = VECTOR('',#7924,1.);
#7924 = DIRECTION('',(1.,0.));
#7925 = ( GEOMETRIC_REPRESENTATION_CONTEXT(2) 
PARAMETRIC_REPRESENTATION_CONTEXT() REPRESENTATION_CONTEXT('2D SPACE',''
  ) );
#7926 = ADVANCED_FACE('',(#7927),#4511,.T.);
#7927 = FACE_BOUND('',#7928,.T.);
#7928 = EDGE_LOOP('',(#7929,#7930,#7931,#7932,#7933));
#7929 = ORIENTED_EDGE('',*,*,#7172,.F.);
#7930 = ORIENTED_EDGE('',*,*,#4487,.T.);
#7931 = ORIENTED_EDGE('',*,*,#4550,.F.);
#7932 = ORIENTED_EDGE('',*,*,#7905,.F.);
#7933 = ORIENTED_EDGE('',*,*,#7352,.F.);
#7934 = ADVANCED_FACE('',(#7935),#5694,.T.);
#7935 = FACE_BOUND('',#7936,.F.);
#7936 = EDGE_LOOP('',(#7937,#7967,#7989,#7990));
#7937 = ORIENTED_EDGE('',*,*,#7938,.F.);
#7938 = EDGE_CURVE('',#7939,#7941,#7943,.T.);
#7939 = VERTEX_POINT('',#7940);
#7940 = CARTESIAN_POINT('',(-17.,-1.25,-2.75));
#7941 = VERTEX_POINT('',#7942);
#7942 = CARTESIAN_POINT('',(-17.,-1.25,2.75));
#7943 = SURFACE_CURVE('',#7944,(#7948,#7955),.PCURVE_S1.);
#7944 = LINE('',#7945,#7946);
#7945 = CARTESIAN_POINT('',(-17.,-1.25,-4.));
#7946 = VECTOR('',#7947,1.);
#7947 = DIRECTION('',(0.,0.,1.));
#7948 = PCURVE('',#5694,#7949);
#7949 = DEFINITIONAL_REPRESENTATION('',(#7950),#7954);
#7950 = LINE('',#7951,#7952);
#7951 = CARTESIAN_POINT('',(-0.,0.));
#7952 = VECTOR('',#7953,1.);
#7953 = DIRECTION('',(-0.,1.));
#7954 = ( GEOMETRIC_REPRESENTATION_CONTEXT(2) 
PARAMETRIC_REPRESENTATION_CONTEXT() REPRESENTATION_CONTEXT('2D SPACE',''
  ) );
#7955 = PCURVE('',#7956,#7961);
#7956 = PLANE('',#7957);
#7957 = AXIS2_PLACEMENT_3D('',#7958,#7959,#7960);
#7958 = CARTESIAN_POINT('',(-17.,-2.5,-4.));
#7959 = DIRECTION('',(1.,0.,0.));
#7960 = DIRECTION('',(0.,0.,1.));
#7961 = DEFINITIONAL_REPRESENTATION('',(#7962),#7966);
#7962 = LINE('',#7963,#7964);
#7963 = CARTESIAN_POINT('',(0.,-1.25));
#7964 = VECTOR('',#7965,1.);
#7965 = DIRECTION('',(1.,0.));
#7966 = ( GEOMETRIC_REPRESENTATION_CONTEXT(2) 
PARAMETRIC_REPRESENTATION_CONTEXT() REPRESENTATION_CONTEXT('2D SPACE',''
  ) );
#7967 = ORIENTED_EDGE('',*,*,#7968,.T.);
#7968 = EDGE_CURVE('',#7939,#5678,#7969,.T.);
#7969 = SURFACE_CURVE('',#7970,(#7975,#7982),.PCURVE_S1.);
#7970 = CIRCLE('',#7971,1.25);
#7971 = AXIS2_PLACEMENT_3D('',#7972,#7973,#7974);
#7972 = CARTESIAN_POINT('',(-18.25,-1.25,-2.75));
#7973 = DIRECTION('',(0.,-0.,-1.));
#7974 = DIRECTION('',(1.,0.,-0.));
#7975 = PCURVE('',#5694,#7976);
#7976 = DEFINITIONAL_REPRESENTATION('',(#7977),#7981);
#7977 = LINE('',#7978,#7979);
#7978 = CARTESIAN_POINT('',(-0.,1.25));
#7979 = VECTOR('',#7980,1.);
#7980 = DIRECTION('',(-1.,0.));
#7981 = ( GEOMETRIC_REPRESENTATION_CONTEXT(2) 
PARAMETRIC_REPRESENTATION_CONTEXT() REPRESENTATION_CONTEXT('2D SPACE',''
  ) );
#7982 = PCURVE('',#5759,#7983);
#7983 = DEFINITIONAL_REPRESENTATION('',(#7984),#7988);
#7984 = LINE('',#7985,#7986);
#7985 = CARTESIAN_POINT('',(-0.,0.));
#7986 = VECTOR('',#7987,1.);
#7987 = DIRECTION('',(-1.,0.));
#7988 = ( GEOMETRIC_REPRESENTATION_CONTEXT(2) 
PARAMETRIC_REPRESENTATION_CONTEXT() REPRESENTATION_CONTEXT('2D SPACE',''
  ) );
#7989 = ORIENTED_EDGE('',*,*,#5677,.T.);
#7990 = ORIENTED_EDGE('',*,*,#7991,.F.);
#7991 = EDGE_CURVE('',#7941,#5680,#7992,.T.);
#7992 = SURFACE_CURVE('',#7993,(#7998,#8005),.PCURVE_S1.);
#7993 = CIRCLE('',#7994,1.25);
#7994 = AXIS2_PLACEMENT_3D('',#7995,#7996,#7997);
#7995 = CARTESIAN_POINT('',(-18.25,-1.25,2.75));
#7996 = DIRECTION('',(0.,0.,-1.));
#7997 = DIRECTION('',(1.,0.,0.));
#7998 = PCURVE('',#5694,#7999);
#7999 = DEFINITIONAL_REPRESENTATION('',(#8000),#8004);
#8000 = LINE('',#8001,#8002);
#8001 = CARTESIAN_POINT('',(-0.,6.75));
#8002 = VECTOR('',#8003,1.);
#8003 = DIRECTION('',(-1.,0.));
#8004 = ( GEOMETRIC_REPRESENTATION_CONTEXT(2) 
PARAMETRIC_REPRESENTATION_CONTEXT() REPRESENTATION_CONTEXT('2D SPACE',''
  ) );
#8005 = PCURVE('',#6148,#8006);
#8006 = DEFINITIONAL_REPRESENTATION('',(#8007),#8011);
#8007 = LINE('',#8008,#8009);
#8008 = CARTESIAN_POINT('',(0.,0.));
#8009 = VECTOR('',#8010,1.);
#8010 = DIRECTION('',(1.,0.));
#8011 = ( GEOMETRIC_REPRESENTATION_CONTEXT(2) 
PARAMETRIC_REPRESENTATION_CONTEXT() REPRESENTATION_CONTEXT('2D SPACE',''
  ) );
#8012 = ADVANCED_FACE('',(#8013),#5759,.T.);
#8013 = FACE_BOUND('',#8014,.F.);
#8014 = EDGE_LOOP('',(#8015,#8037,#8038));
#8015 = ORIENTED_EDGE('',*,*,#8016,.F.);
#8016 = EDGE_CURVE('',#5706,#7939,#8017,.T.);
#8017 = SURFACE_CURVE('',#8018,(#8023,#8030),.PCURVE_S1.);
#8018 = CIRCLE('',#8019,1.25);
#8019 = AXIS2_PLACEMENT_3D('',#8020,#8021,#8022);
#8020 = CARTESIAN_POINT('',(-18.25,-1.25,-2.75));
#8021 = DIRECTION('',(0.,-1.,0.));
#8022 = DIRECTION('',(1.,0.,0.));
#8023 = PCURVE('',#5759,#8024);
#8024 = DEFINITIONAL_REPRESENTATION('',(#8025),#8029);
#8025 = LINE('',#8026,#8027);
#8026 = CARTESIAN_POINT('',(-0.,-6.28318530718));
#8027 = VECTOR('',#8028,1.);
#8028 = DIRECTION('',(-0.,1.));
#8029 = ( GEOMETRIC_REPRESENTATION_CONTEXT(2) 
PARAMETRIC_REPRESENTATION_CONTEXT() REPRESENTATION_CONTEXT('2D SPACE',''
  ) );
#8030 = PCURVE('',#5824,#8031);
#8031 = DEFINITIONAL_REPRESENTATION('',(#8032),#8036);
#8032 = LINE('',#8033,#8034);
#8033 = CARTESIAN_POINT('',(6.28318530718,1.25));
#8034 = VECTOR('',#8035,1.);
#8035 = DIRECTION('',(-1.,-0.));
#8036 = ( GEOMETRIC_REPRESENTATION_CONTEXT(2) 
PARAMETRIC_REPRESENTATION_CONTEXT() REPRESENTATION_CONTEXT('2D SPACE',''
  ) );
#8037 = ORIENTED_EDGE('',*,*,#5705,.T.);
#8038 = ORIENTED_EDGE('',*,*,#7968,.F.);
#8039 = ADVANCED_FACE('',(#8040),#6148,.T.);
#8040 = FACE_BOUND('',#8041,.T.);
#8041 = EDGE_LOOP('',(#8042,#8064,#8065));
#8042 = ORIENTED_EDGE('',*,*,#8043,.F.);
#8043 = EDGE_CURVE('',#6042,#7941,#8044,.T.);
#8044 = SURFACE_CURVE('',#8045,(#8050,#8057),.PCURVE_S1.);
#8045 = CIRCLE('',#8046,1.25);
#8046 = AXIS2_PLACEMENT_3D('',#8047,#8048,#8049);
#8047 = CARTESIAN_POINT('',(-18.25,-1.25,2.75));
#8048 = DIRECTION('',(-0.,1.,0.));
#8049 = DIRECTION('',(1.,0.,0.));
#8050 = PCURVE('',#6148,#8051);
#8051 = DEFINITIONAL_REPRESENTATION('',(#8052),#8056);
#8052 = LINE('',#8053,#8054);
#8053 = CARTESIAN_POINT('',(0.,-6.28318530718));
#8054 = VECTOR('',#8055,1.);
#8055 = DIRECTION('',(0.,1.));
#8056 = ( GEOMETRIC_REPRESENTATION_CONTEXT(2) 
PARAMETRIC_REPRESENTATION_CONTEXT() REPRESENTATION_CONTEXT('2D SPACE',''
  ) );
#8057 = PCURVE('',#6075,#8058);
#8058 = DEFINITIONAL_REPRESENTATION('',(#8059),#8063);
#8059 = LINE('',#8060,#8061);
#8060 = CARTESIAN_POINT('',(-6.28318530718,1.25));
#8061 = VECTOR('',#8062,1.);
#8062 = DIRECTION('',(1.,-0.));
#8063 = ( GEOMETRIC_REPRESENTATION_CONTEXT(2) 
PARAMETRIC_REPRESENTATION_CONTEXT() REPRESENTATION_CONTEXT('2D SPACE',''
  ) );
#8064 = ORIENTED_EDGE('',*,*,#6096,.F.);
#8065 = ORIENTED_EDGE('',*,*,#7991,.F.);
#8066 = ADVANCED_FACE('',(#8067),#5824,.T.);
#8067 = FACE_BOUND('',#8068,.T.);
#8068 = EDGE_LOOP('',(#8069,#8070,#8071,#8095));
#8069 = ORIENTED_EDGE('',*,*,#8016,.F.);
#8070 = ORIENTED_EDGE('',*,*,#5790,.T.);
#8071 = ORIENTED_EDGE('',*,*,#8072,.T.);
#8072 = EDGE_CURVE('',#5791,#8073,#8075,.T.);
#8073 = VERTEX_POINT('',#8074);
#8074 = CARTESIAN_POINT('',(-17.,1.25,-2.75));
#8075 = SURFACE_CURVE('',#8076,(#8081,#8088),.PCURVE_S1.);
#8076 = CIRCLE('',#8077,1.25);
#8077 = AXIS2_PLACEMENT_3D('',#8078,#8079,#8080);
#8078 = CARTESIAN_POINT('',(-18.25,1.25,-2.75));
#8079 = DIRECTION('',(1.7763568394E-16,-1.,0.));
#8080 = DIRECTION('',(1.,1.7763568394E-16,0.));
#8081 = PCURVE('',#5824,#8082);
#8082 = DEFINITIONAL_REPRESENTATION('',(#8083),#8087);
#8083 = LINE('',#8084,#8085);
#8084 = CARTESIAN_POINT('',(6.28318530718,3.75));
#8085 = VECTOR('',#8086,1.);
#8086 = DIRECTION('',(-1.,-0.));
#8087 = ( GEOMETRIC_REPRESENTATION_CONTEXT(2) 
PARAMETRIC_REPRESENTATION_CONTEXT() REPRESENTATION_CONTEXT('2D SPACE',''
  ) );
#8088 = PCURVE('',#5899,#8089);
#8089 = DEFINITIONAL_REPRESENTATION('',(#8090),#8094);
#8090 = LINE('',#8091,#8092);
#8091 = CARTESIAN_POINT('',(0.,-6.28318530718));
#8092 = VECTOR('',#8093,1.);
#8093 = DIRECTION('',(0.,1.));
#8094 = ( GEOMETRIC_REPRESENTATION_CONTEXT(2) 
PARAMETRIC_REPRESENTATION_CONTEXT() REPRESENTATION_CONTEXT('2D SPACE',''
  ) );
#8095 = ORIENTED_EDGE('',*,*,#8096,.F.);
#8096 = EDGE_CURVE('',#7939,#8073,#8097,.T.);
#8097 = SURFACE_CURVE('',#8098,(#8102,#8109),.PCURVE_S1.);
#8098 = LINE('',#8099,#8100);
#8099 = CARTESIAN_POINT('',(-17.,-2.5,-2.75));
#8100 = VECTOR('',#8101,1.);
#8101 = DIRECTION('',(0.,1.,0.));
#8102 = PCURVE('',#5824,#8103);
#8103 = DEFINITIONAL_REPRESENTATION('',(#8104),#8108);
#8104 = LINE('',#8105,#8106);
#8105 = CARTESIAN_POINT('',(0.,0.));
#8106 = VECTOR('',#8107,1.);
#8107 = DIRECTION('',(0.,1.));
#8108 = ( GEOMETRIC_REPRESENTATION_CONTEXT(2) 
PARAMETRIC_REPRESENTATION_CONTEXT() REPRESENTATION_CONTEXT('2D SPACE',''
  ) );
#8109 = PCURVE('',#7956,#8110);
#8110 = DEFINITIONAL_REPRESENTATION('',(#8111),#8115);
#8111 = LINE('',#8112,#8113);
#8112 = CARTESIAN_POINT('',(1.25,0.));
#8113 = VECTOR('',#8114,1.);
#8114 = DIRECTION('',(0.,-1.));
#8115 = ( GEOMETRIC_REPRESENTATION_CONTEXT(2) 
PARAMETRIC_REPRESENTATION_CONTEXT() REPRESENTATION_CONTEXT('2D SPACE',''
  ) );
#8116 = ADVANCED_FACE('',(#8117),#6075,.T.);
#8117 = FACE_BOUND('',#8118,.F.);
#8118 = EDGE_LOOP('',(#8119,#8120,#8121,#8145));
#8119 = ORIENTED_EDGE('',*,*,#8043,.F.);
#8120 = ORIENTED_EDGE('',*,*,#6041,.T.);
#8121 = ORIENTED_EDGE('',*,*,#8122,.F.);
#8122 = EDGE_CURVE('',#8123,#5957,#8125,.T.);
#8123 = VERTEX_POINT('',#8124);
#8124 = CARTESIAN_POINT('',(-17.,1.25,2.75));
#8125 = SURFACE_CURVE('',#8126,(#8131,#8138),.PCURVE_S1.);
#8126 = CIRCLE('',#8127,1.25);
#8127 = AXIS2_PLACEMENT_3D('',#8128,#8129,#8130);
#8128 = CARTESIAN_POINT('',(-18.25,1.25,2.75));
#8129 = DIRECTION('',(-0.,-1.,0.));
#8130 = DIRECTION('',(1.,-0.,0.));
#8131 = PCURVE('',#6075,#8132);
#8132 = DEFINITIONAL_REPRESENTATION('',(#8133),#8137);
#8133 = LINE('',#8134,#8135);
#8134 = CARTESIAN_POINT('',(-0.,3.75));
#8135 = VECTOR('',#8136,1.);
#8136 = DIRECTION('',(-1.,0.));
#8137 = ( GEOMETRIC_REPRESENTATION_CONTEXT(2) 
PARAMETRIC_REPRESENTATION_CONTEXT() REPRESENTATION_CONTEXT('2D SPACE',''
  ) );
#8138 = PCURVE('',#6010,#8139);
#8139 = DEFINITIONAL_REPRESENTATION('',(#8140),#8144);
#8140 = LINE('',#8141,#8142);
#8141 = CARTESIAN_POINT('',(0.,0.));
#8142 = VECTOR('',#8143,1.);
#8143 = DIRECTION('',(1.,0.));
#8144 = ( GEOMETRIC_REPRESENTATION_CONTEXT(2) 
PARAMETRIC_REPRESENTATION_CONTEXT() REPRESENTATION_CONTEXT('2D SPACE',''
  ) );
#8145 = ORIENTED_EDGE('',*,*,#8146,.F.);
#8146 = EDGE_CURVE('',#7941,#8123,#8147,.T.);
#8147 = SURFACE_CURVE('',#8148,(#8152,#8159),.PCURVE_S1.);
#8148 = LINE('',#8149,#8150);
#8149 = CARTESIAN_POINT('',(-17.,-2.5,2.75));
#8150 = VECTOR('',#8151,1.);
#8151 = DIRECTION('',(0.,1.,0.));
#8152 = PCURVE('',#6075,#8153);
#8153 = DEFINITIONAL_REPRESENTATION('',(#8154),#8158);
#8154 = LINE('',#8155,#8156);
#8155 = CARTESIAN_POINT('',(-0.,0.));
#8156 = VECTOR('',#8157,1.);
#8157 = DIRECTION('',(-0.,1.));
#8158 = ( GEOMETRIC_REPRESENTATION_CONTEXT(2) 
PARAMETRIC_REPRESENTATION_CONTEXT() REPRESENTATION_CONTEXT('2D SPACE',''
  ) );
#8159 = PCURVE('',#7956,#8160);
#8160 = DEFINITIONAL_REPRESENTATION('',(#8161),#8165);
#8161 = LINE('',#8162,#8163);
#8162 = CARTESIAN_POINT('',(6.75,0.));
#8163 = VECTOR('',#8164,1.);
#8164 = DIRECTION('',(0.,-1.));
#8165 = ( GEOMETRIC_REPRESENTATION_CONTEXT(2) 
PARAMETRIC_REPRESENTATION_CONTEXT() REPRESENTATION_CONTEXT('2D SPACE',''
  ) );
#8166 = ADVANCED_FACE('',(#8167),#5899,.T.);
#8167 = FACE_BOUND('',#8168,.T.);
#8168 = EDGE_LOOP('',(#8169,#8170,#8171));
#8169 = ORIENTED_EDGE('',*,*,#8072,.F.);
#8170 = ORIENTED_EDGE('',*,*,#5845,.F.);
#8171 = ORIENTED_EDGE('',*,*,#8172,.F.);
#8172 = EDGE_CURVE('',#8073,#5846,#8173,.T.);
#8173 = SURFACE_CURVE('',#8174,(#8179,#8186),.PCURVE_S1.);
#8174 = CIRCLE('',#8175,1.25);
#8175 = AXIS2_PLACEMENT_3D('',#8176,#8177,#8178);
#8176 = CARTESIAN_POINT('',(-18.25,1.25,-2.75));
#8177 = DIRECTION('',(0.,0.,1.));
#8178 = DIRECTION('',(1.,1.7763568394E-16,-0.));
#8179 = PCURVE('',#5899,#8180);
#8180 = DEFINITIONAL_REPRESENTATION('',(#8181),#8185);
#8181 = LINE('',#8182,#8183);
#8182 = CARTESIAN_POINT('',(0.,0.));
#8183 = VECTOR('',#8184,1.);
#8184 = DIRECTION('',(1.,0.));
#8185 = ( GEOMETRIC_REPRESENTATION_CONTEXT(2) 
PARAMETRIC_REPRESENTATION_CONTEXT() REPRESENTATION_CONTEXT('2D SPACE',''
  ) );
#8186 = PCURVE('',#5945,#8187);
#8187 = DEFINITIONAL_REPRESENTATION('',(#8188),#8192);
#8188 = LINE('',#8189,#8190);
#8189 = CARTESIAN_POINT('',(0.,1.25));
#8190 = VECTOR('',#8191,1.);
#8191 = DIRECTION('',(1.,0.));
#8192 = ( GEOMETRIC_REPRESENTATION_CONTEXT(2) 
PARAMETRIC_REPRESENTATION_CONTEXT() REPRESENTATION_CONTEXT('2D SPACE',''
  ) );
#8193 = ADVANCED_FACE('',(#8194),#6010,.T.);
#8194 = FACE_BOUND('',#8195,.T.);
#8195 = EDGE_LOOP('',(#8196,#8218,#8219));
#8196 = ORIENTED_EDGE('',*,*,#8197,.F.);
#8197 = EDGE_CURVE('',#5931,#8123,#8198,.T.);
#8198 = SURFACE_CURVE('',#8199,(#8204,#8211),.PCURVE_S1.);
#8199 = CIRCLE('',#8200,1.25);
#8200 = AXIS2_PLACEMENT_3D('',#8201,#8202,#8203);
#8201 = CARTESIAN_POINT('',(-18.25,1.25,2.75));
#8202 = DIRECTION('',(0.,0.,-1.));
#8203 = DIRECTION('',(1.,0.,0.));
#8204 = PCURVE('',#6010,#8205);
#8205 = DEFINITIONAL_REPRESENTATION('',(#8206),#8210);
#8206 = LINE('',#8207,#8208);
#8207 = CARTESIAN_POINT('',(0.,-6.28318530718));
#8208 = VECTOR('',#8209,1.);
#8209 = DIRECTION('',(0.,1.));
#8210 = ( GEOMETRIC_REPRESENTATION_CONTEXT(2) 
PARAMETRIC_REPRESENTATION_CONTEXT() REPRESENTATION_CONTEXT('2D SPACE',''
  ) );
#8211 = PCURVE('',#5945,#8212);
#8212 = DEFINITIONAL_REPRESENTATION('',(#8213),#8217);
#8213 = LINE('',#8214,#8215);
#8214 = CARTESIAN_POINT('',(6.28318530718,6.75));
#8215 = VECTOR('',#8216,1.);
#8216 = DIRECTION('',(-1.,-0.));
#8217 = ( GEOMETRIC_REPRESENTATION_CONTEXT(2) 
PARAMETRIC_REPRESENTATION_CONTEXT() REPRESENTATION_CONTEXT('2D SPACE',''
  ) );
#8218 = ORIENTED_EDGE('',*,*,#5956,.F.);
#8219 = ORIENTED_EDGE('',*,*,#8122,.F.);
#8220 = ADVANCED_FACE('',(#8221),#5945,.T.);
#8221 = FACE_BOUND('',#8222,.T.);
#8222 = EDGE_LOOP('',(#8223,#8244,#8245,#8246));
#8223 = ORIENTED_EDGE('',*,*,#8224,.F.);
#8224 = EDGE_CURVE('',#8073,#8123,#8225,.T.);
#8225 = SURFACE_CURVE('',#8226,(#8230,#8237),.PCURVE_S1.);
#8226 = LINE('',#8227,#8228);
#8227 = CARTESIAN_POINT('',(-17.,1.25,-4.));
#8228 = VECTOR('',#8229,1.);
#8229 = DIRECTION('',(0.,0.,1.));
#8230 = PCURVE('',#5945,#8231);
#8231 = DEFINITIONAL_REPRESENTATION('',(#8232),#8236);
#8232 = LINE('',#8233,#8234);
#8233 = CARTESIAN_POINT('',(0.,0.));
#8234 = VECTOR('',#8235,1.);
#8235 = DIRECTION('',(0.,1.));
#8236 = ( GEOMETRIC_REPRESENTATION_CONTEXT(2) 
PARAMETRIC_REPRESENTATION_CONTEXT() REPRESENTATION_CONTEXT('2D SPACE',''
  ) );
#8237 = PCURVE('',#7956,#8238);
#8238 = DEFINITIONAL_REPRESENTATION('',(#8239),#8243);
#8239 = LINE('',#8240,#8241);
#8240 = CARTESIAN_POINT('',(0.,-3.75));
#8241 = VECTOR('',#8242,1.);
#8242 = DIRECTION('',(1.,0.));
#8243 = ( GEOMETRIC_REPRESENTATION_CONTEXT(2) 
PARAMETRIC_REPRESENTATION_CONTEXT() REPRESENTATION_CONTEXT('2D SPACE',''
  ) );
#8244 = ORIENTED_EDGE('',*,*,#8172,.T.);
#8245 = ORIENTED_EDGE('',*,*,#5930,.T.);
#8246 = ORIENTED_EDGE('',*,*,#8197,.T.);
#8247 = ADVANCED_FACE('',(#8248),#6748,.F.);
#8248 = FACE_BOUND('',#8249,.F.);
#8249 = EDGE_LOOP('',(#8250,#8251,#8252,#8253));
#8250 = ORIENTED_EDGE('',*,*,#6730,.F.);
#8251 = ORIENTED_EDGE('',*,*,#6888,.T.);
#8252 = ORIENTED_EDGE('',*,*,#7016,.T.);
#8253 = ORIENTED_EDGE('',*,*,#6938,.F.);
#8254 = ADVANCED_FACE('',(#8255),#7273,.F.);
#8255 = FACE_BOUND('',#8256,.F.);
#8256 = EDGE_LOOP('',(#8257,#8258,#8281,#8309));
#8257 = ORIENTED_EDGE('',*,*,#7257,.F.);
#8258 = ORIENTED_EDGE('',*,*,#8259,.T.);
#8259 = EDGE_CURVE('',#7234,#8260,#8262,.T.);
#8260 = VERTEX_POINT('',#8261);
#8261 = CARTESIAN_POINT('',(18.75,-1.75,3.));
#8262 = SURFACE_CURVE('',#8263,(#8267,#8274),.PCURVE_S1.);
#8263 = LINE('',#8264,#8265);
#8264 = CARTESIAN_POINT('',(16.5,-1.75,3.));
#8265 = VECTOR('',#8266,1.);
#8266 = DIRECTION('',(1.,0.,0.));
#8267 = PCURVE('',#7273,#8268);
#8268 = DEFINITIONAL_REPRESENTATION('',(#8269),#8273);
#8269 = LINE('',#8270,#8271);
#8270 = CARTESIAN_POINT('',(0.,0.75));
#8271 = VECTOR('',#8272,1.);
#8272 = DIRECTION('',(1.,0.));
#8273 = ( GEOMETRIC_REPRESENTATION_CONTEXT(2) 
PARAMETRIC_REPRESENTATION_CONTEXT() REPRESENTATION_CONTEXT('2D SPACE',''
  ) );
#8274 = PCURVE('',#7394,#8275);
#8275 = DEFINITIONAL_REPRESENTATION('',(#8276),#8280);
#8276 = LINE('',#8277,#8278);
#8277 = CARTESIAN_POINT('',(-1.570796326795,0.));
#8278 = VECTOR('',#8279,1.);
#8279 = DIRECTION('',(-0.,1.));
#8280 = ( GEOMETRIC_REPRESENTATION_CONTEXT(2) 
PARAMETRIC_REPRESENTATION_CONTEXT() REPRESENTATION_CONTEXT('2D SPACE',''
  ) );
#8281 = ORIENTED_EDGE('',*,*,#8282,.T.);
#8282 = EDGE_CURVE('',#8260,#8283,#8285,.T.);
#8283 = VERTEX_POINT('',#8284);
#8284 = CARTESIAN_POINT('',(18.75,1.75,3.));
#8285 = SURFACE_CURVE('',#8286,(#8290,#8297),.PCURVE_S1.);
#8286 = LINE('',#8287,#8288);
#8287 = CARTESIAN_POINT('',(18.75,-2.5,3.));
#8288 = VECTOR('',#8289,1.);
#8289 = DIRECTION('',(0.,1.,0.));
#8290 = PCURVE('',#7273,#8291);
#8291 = DEFINITIONAL_REPRESENTATION('',(#8292),#8296);
#8292 = LINE('',#8293,#8294);
#8293 = CARTESIAN_POINT('',(2.25,0.));
#8294 = VECTOR('',#8295,1.);
#8295 = DIRECTION('',(0.,1.));
#8296 = ( GEOMETRIC_REPRESENTATION_CONTEXT(2) 
PARAMETRIC_REPRESENTATION_CONTEXT() REPRESENTATION_CONTEXT('2D SPACE',''
  ) );
#8297 = PCURVE('',#8298,#8303);
#8298 = CYLINDRICAL_SURFACE('',#8299,0.75);
#8299 = AXIS2_PLACEMENT_3D('',#8300,#8301,#8302);
#8300 = CARTESIAN_POINT('',(18.75,-2.5,2.25));
#8301 = DIRECTION('',(0.,1.,0.));
#8302 = DIRECTION('',(1.,0.,0.));
#8303 = DEFINITIONAL_REPRESENTATION('',(#8304),#8308);
#8304 = LINE('',#8305,#8306);
#8305 = CARTESIAN_POINT('',(-1.570796326795,0.));
#8306 = VECTOR('',#8307,1.);
#8307 = DIRECTION('',(-0.,1.));
#8308 = ( GEOMETRIC_REPRESENTATION_CONTEXT(2) 
PARAMETRIC_REPRESENTATION_CONTEXT() REPRESENTATION_CONTEXT('2D SPACE',''
  ) );
#8309 = ORIENTED_EDGE('',*,*,#8310,.F.);
#8310 = EDGE_CURVE('',#7258,#8283,#8311,.T.);
#8311 = SURFACE_CURVE('',#8312,(#8316,#8323),.PCURVE_S1.);
#8312 = LINE('',#8313,#8314);
#8313 = CARTESIAN_POINT('',(16.5,1.75,3.));
#8314 = VECTOR('',#8315,1.);
#8315 = DIRECTION('',(1.,0.,0.));
#8316 = PCURVE('',#7273,#8317);
#8317 = DEFINITIONAL_REPRESENTATION('',(#8318),#8322);
#8318 = LINE('',#8319,#8320);
#8319 = CARTESIAN_POINT('',(0.,4.25));
#8320 = VECTOR('',#8321,1.);
#8321 = DIRECTION('',(1.,0.));
#8322 = ( GEOMETRIC_REPRESENTATION_CONTEXT(2) 
PARAMETRIC_REPRESENTATION_CONTEXT() REPRESENTATION_CONTEXT('2D SPACE',''
  ) );
#8323 = PCURVE('',#7886,#8324);
#8324 = DEFINITIONAL_REPRESENTATION('',(#8325),#8329);
#8325 = LINE('',#8326,#8327);
#8326 = CARTESIAN_POINT('',(1.570796326795,0.));
#8327 = VECTOR('',#8328,1.);
#8328 = DIRECTION('',(0.,1.));
#8329 = ( GEOMETRIC_REPRESENTATION_CONTEXT(2) 
PARAMETRIC_REPRESENTATION_CONTEXT() REPRESENTATION_CONTEXT('2D SPACE',''
  ) );
#8330 = ADVANCED_FACE('',(#8331),#7394,.F.);
#8331 = FACE_BOUND('',#8332,.T.);
#8332 = EDGE_LOOP('',(#8333,#8334,#8335,#8364));
#8333 = ORIENTED_EDGE('',*,*,#7377,.F.);
#8334 = ORIENTED_EDGE('',*,*,#8259,.T.);
#8335 = ORIENTED_EDGE('',*,*,#8336,.T.);
#8336 = EDGE_CURVE('',#8260,#8337,#8339,.T.);
#8337 = VERTEX_POINT('',#8338);
#8338 = CARTESIAN_POINT('',(18.75,-2.5,2.25));
#8339 = SURFACE_CURVE('',#8340,(#8345,#8352),.PCURVE_S1.);
#8340 = CIRCLE('',#8341,0.75);
#8341 = AXIS2_PLACEMENT_3D('',#8342,#8343,#8344);
#8342 = CARTESIAN_POINT('',(18.75,-1.75,2.25));
#8343 = DIRECTION('',(1.,6.123233995737E-17,0.));
#8344 = DIRECTION('',(6.123233995737E-17,-1.,0.));
#8345 = PCURVE('',#7394,#8346);
#8346 = DEFINITIONAL_REPRESENTATION('',(#8347),#8351);
#8347 = LINE('',#8348,#8349);
#8348 = CARTESIAN_POINT('',(-6.28318530718,2.25));
#8349 = VECTOR('',#8350,1.);
#8350 = DIRECTION('',(1.,-0.));
#8351 = ( GEOMETRIC_REPRESENTATION_CONTEXT(2) 
PARAMETRIC_REPRESENTATION_CONTEXT() REPRESENTATION_CONTEXT('2D SPACE',''
  ) );
#8352 = PCURVE('',#8353,#8358);
#8353 = SPHERICAL_SURFACE('',#8354,0.75);
#8354 = AXIS2_PLACEMENT_3D('',#8355,#8356,#8357);
#8355 = CARTESIAN_POINT('',(18.75,-1.75,2.25));
#8356 = DIRECTION('',(-0.,-0.,-1.));
#8357 = DIRECTION('',(1.,0.,0.));
#8358 = DEFINITIONAL_REPRESENTATION('',(#8359),#8363);
#8359 = LINE('',#8360,#8361);
#8360 = CARTESIAN_POINT('',(1.570796326795,-6.28318530718));
#8361 = VECTOR('',#8362,1.);
#8362 = DIRECTION('',(0.,1.));
#8363 = ( GEOMETRIC_REPRESENTATION_CONTEXT(2) 
PARAMETRIC_REPRESENTATION_CONTEXT() REPRESENTATION_CONTEXT('2D SPACE',''
  ) );
#8364 = ORIENTED_EDGE('',*,*,#8365,.F.);
#8365 = EDGE_CURVE('',#7378,#8337,#8366,.T.);
#8366 = SURFACE_CURVE('',#8367,(#8371,#8378),.PCURVE_S1.);
#8367 = LINE('',#8368,#8369);
#8368 = CARTESIAN_POINT('',(16.5,-2.5,2.25));
#8369 = VECTOR('',#8370,1.);
#8370 = DIRECTION('',(1.,0.,0.));
#8371 = PCURVE('',#7394,#8372);
#8372 = DEFINITIONAL_REPRESENTATION('',(#8373),#8377);
#8373 = LINE('',#8374,#8375);
#8374 = CARTESIAN_POINT('',(-0.,0.));
#8375 = VECTOR('',#8376,1.);
#8376 = DIRECTION('',(-0.,1.));
#8377 = ( GEOMETRIC_REPRESENTATION_CONTEXT(2) 
PARAMETRIC_REPRESENTATION_CONTEXT() REPRESENTATION_CONTEXT('2D SPACE',''
  ) );
#8378 = PCURVE('',#7471,#8379);
#8379 = DEFINITIONAL_REPRESENTATION('',(#8380),#8384);
#8380 = LINE('',#8381,#8382);
#8381 = CARTESIAN_POINT('',(5.25,0.));
#8382 = VECTOR('',#8383,1.);
#8383 = DIRECTION('',(0.,1.));
#8384 = ( GEOMETRIC_REPRESENTATION_CONTEXT(2) 
PARAMETRIC_REPRESENTATION_CONTEXT() REPRESENTATION_CONTEXT('2D SPACE',''
  ) );
#8385 = ADVANCED_FACE('',(#8386),#7471,.T.);
#8386 = FACE_BOUND('',#8387,.T.);
#8387 = EDGE_LOOP('',(#8388,#8389,#8390,#8418));
#8388 = ORIENTED_EDGE('',*,*,#7457,.T.);
#8389 = ORIENTED_EDGE('',*,*,#8365,.T.);
#8390 = ORIENTED_EDGE('',*,*,#8391,.F.);
#8391 = EDGE_CURVE('',#8392,#8337,#8394,.T.);
#8392 = VERTEX_POINT('',#8393);
#8393 = CARTESIAN_POINT('',(18.75,-2.5,-2.25));
#8394 = SURFACE_CURVE('',#8395,(#8399,#8406),.PCURVE_S1.);
#8395 = LINE('',#8396,#8397);
#8396 = CARTESIAN_POINT('',(18.75,-2.5,-3.));
#8397 = VECTOR('',#8398,1.);
#8398 = DIRECTION('',(0.,0.,1.));
#8399 = PCURVE('',#7471,#8400);
#8400 = DEFINITIONAL_REPRESENTATION('',(#8401),#8405);
#8401 = LINE('',#8402,#8403);
#8402 = CARTESIAN_POINT('',(0.,2.25));
#8403 = VECTOR('',#8404,1.);
#8404 = DIRECTION('',(1.,0.));
#8405 = ( GEOMETRIC_REPRESENTATION_CONTEXT(2) 
PARAMETRIC_REPRESENTATION_CONTEXT() REPRESENTATION_CONTEXT('2D SPACE',''
  ) );
#8406 = PCURVE('',#8407,#8412);
#8407 = CYLINDRICAL_SURFACE('',#8408,0.75);
#8408 = AXIS2_PLACEMENT_3D('',#8409,#8410,#8411);
#8409 = CARTESIAN_POINT('',(18.75,-1.75,-3.));
#8410 = DIRECTION('',(0.,0.,1.));
#8411 = DIRECTION('',(1.,0.,0.));
#8412 = DEFINITIONAL_REPRESENTATION('',(#8413),#8417);
#8413 = LINE('',#8414,#8415);
#8414 = CARTESIAN_POINT('',(-1.570796326795,0.));
#8415 = VECTOR('',#8416,1.);
#8416 = DIRECTION('',(-0.,1.));
#8417 = ( GEOMETRIC_REPRESENTATION_CONTEXT(2) 
PARAMETRIC_REPRESENTATION_CONTEXT() REPRESENTATION_CONTEXT('2D SPACE',''
  ) );
#8418 = ORIENTED_EDGE('',*,*,#8419,.F.);
#8419 = EDGE_CURVE('',#7434,#8392,#8420,.T.);
#8420 = SURFACE_CURVE('',#8421,(#8425,#8432),.PCURVE_S1.);
#8421 = LINE('',#8422,#8423);
#8422 = CARTESIAN_POINT('',(16.5,-2.5,-2.25));
#8423 = VECTOR('',#8424,1.);
#8424 = DIRECTION('',(1.,0.,0.));
#8425 = PCURVE('',#7471,#8426);
#8426 = DEFINITIONAL_REPRESENTATION('',(#8427),#8431);
#8427 = LINE('',#8428,#8429);
#8428 = CARTESIAN_POINT('',(0.75,0.));
#8429 = VECTOR('',#8430,1.);
#8430 = DIRECTION('',(0.,1.));
#8431 = ( GEOMETRIC_REPRESENTATION_CONTEXT(2) 
PARAMETRIC_REPRESENTATION_CONTEXT() REPRESENTATION_CONTEXT('2D SPACE',''
  ) );
#8432 = PCURVE('',#7526,#8433);
#8433 = DEFINITIONAL_REPRESENTATION('',(#8434),#8438);
#8434 = LINE('',#8435,#8436);
#8435 = CARTESIAN_POINT('',(0.,0.));
#8436 = VECTOR('',#8437,1.);
#8437 = DIRECTION('',(0.,1.));
#8438 = ( GEOMETRIC_REPRESENTATION_CONTEXT(2) 
PARAMETRIC_REPRESENTATION_CONTEXT() REPRESENTATION_CONTEXT('2D SPACE',''
  ) );
#8439 = ADVANCED_FACE('',(#8440),#7526,.F.);
#8440 = FACE_BOUND('',#8441,.F.);
#8441 = EDGE_LOOP('',(#8442,#8443,#8466,#8493));
#8442 = ORIENTED_EDGE('',*,*,#7511,.F.);
#8443 = ORIENTED_EDGE('',*,*,#8444,.T.);
#8444 = EDGE_CURVE('',#7488,#8445,#8447,.T.);
#8445 = VERTEX_POINT('',#8446);
#8446 = CARTESIAN_POINT('',(18.75,-1.75,-3.));
#8447 = SURFACE_CURVE('',#8448,(#8452,#8459),.PCURVE_S1.);
#8448 = LINE('',#8449,#8450);
#8449 = CARTESIAN_POINT('',(16.5,-1.75,-3.));
#8450 = VECTOR('',#8451,1.);
#8451 = DIRECTION('',(1.,0.,0.));
#8452 = PCURVE('',#7526,#8453);
#8453 = DEFINITIONAL_REPRESENTATION('',(#8454),#8458);
#8454 = LINE('',#8455,#8456);
#8455 = CARTESIAN_POINT('',(1.570796326795,0.));
#8456 = VECTOR('',#8457,1.);
#8457 = DIRECTION('',(0.,1.));
#8458 = ( GEOMETRIC_REPRESENTATION_CONTEXT(2) 
PARAMETRIC_REPRESENTATION_CONTEXT() REPRESENTATION_CONTEXT('2D SPACE',''
  ) );
#8459 = PCURVE('',#7560,#8460);
#8460 = DEFINITIONAL_REPRESENTATION('',(#8461),#8465);
#8461 = LINE('',#8462,#8463);
#8462 = CARTESIAN_POINT('',(0.,0.75));
#8463 = VECTOR('',#8464,1.);
#8464 = DIRECTION('',(1.,0.));
#8465 = ( GEOMETRIC_REPRESENTATION_CONTEXT(2) 
PARAMETRIC_REPRESENTATION_CONTEXT() REPRESENTATION_CONTEXT('2D SPACE',''
  ) );
#8466 = ORIENTED_EDGE('',*,*,#8467,.T.);
#8467 = EDGE_CURVE('',#8445,#8392,#8468,.T.);
#8468 = SURFACE_CURVE('',#8469,(#8474,#8481),.PCURVE_S1.);
#8469 = CIRCLE('',#8470,0.75);
#8470 = AXIS2_PLACEMENT_3D('',#8471,#8472,#8473);
#8471 = CARTESIAN_POINT('',(18.75,-1.75,-2.25));
#8472 = DIRECTION('',(-1.,-6.123233995737E-17,0.));
#8473 = DIRECTION('',(6.123233995737E-17,-1.,0.));
#8474 = PCURVE('',#7526,#8475);
#8475 = DEFINITIONAL_REPRESENTATION('',(#8476),#8480);
#8476 = LINE('',#8477,#8478);
#8477 = CARTESIAN_POINT('',(6.28318530718,2.25));
#8478 = VECTOR('',#8479,1.);
#8479 = DIRECTION('',(-1.,-0.));
#8480 = ( GEOMETRIC_REPRESENTATION_CONTEXT(2) 
PARAMETRIC_REPRESENTATION_CONTEXT() REPRESENTATION_CONTEXT('2D SPACE',''
  ) );
#8481 = PCURVE('',#8482,#8487);
#8482 = SPHERICAL_SURFACE('',#8483,0.75);
#8483 = AXIS2_PLACEMENT_3D('',#8484,#8485,#8486);
#8484 = CARTESIAN_POINT('',(18.75,-1.75,-2.25));
#8485 = DIRECTION('',(0.,0.,1.));
#8486 = DIRECTION('',(1.,0.,0.));
#8487 = DEFINITIONAL_REPRESENTATION('',(#8488),#8492);
#8488 = LINE('',#8489,#8490);
#8489 = CARTESIAN_POINT('',(-1.570796326795,-6.28318530718));
#8490 = VECTOR('',#8491,1.);
#8491 = DIRECTION('',(-0.,1.));
#8492 = ( GEOMETRIC_REPRESENTATION_CONTEXT(2) 
PARAMETRIC_REPRESENTATION_CONTEXT() REPRESENTATION_CONTEXT('2D SPACE',''
  ) );
#8493 = ORIENTED_EDGE('',*,*,#8419,.F.);
#8494 = ADVANCED_FACE('',(#8495),#7560,.T.);
#8495 = FACE_BOUND('',#8496,.T.);
#8496 = EDGE_LOOP('',(#8497,#8498,#8499,#8527));
#8497 = ORIENTED_EDGE('',*,*,#7544,.F.);
#8498 = ORIENTED_EDGE('',*,*,#8444,.T.);
#8499 = ORIENTED_EDGE('',*,*,#8500,.T.);
#8500 = EDGE_CURVE('',#8445,#8501,#8503,.T.);
#8501 = VERTEX_POINT('',#8502);
#8502 = CARTESIAN_POINT('',(18.75,1.75,-3.));
#8503 = SURFACE_CURVE('',#8504,(#8508,#8515),.PCURVE_S1.);
#8504 = LINE('',#8505,#8506);
#8505 = CARTESIAN_POINT('',(18.75,-2.5,-3.));
#8506 = VECTOR('',#8507,1.);
#8507 = DIRECTION('',(0.,1.,0.));
#8508 = PCURVE('',#7560,#8509);
#8509 = DEFINITIONAL_REPRESENTATION('',(#8510),#8514);
#8510 = LINE('',#8511,#8512);
#8511 = CARTESIAN_POINT('',(2.25,0.));
#8512 = VECTOR('',#8513,1.);
#8513 = DIRECTION('',(0.,1.));
#8514 = ( GEOMETRIC_REPRESENTATION_CONTEXT(2) 
PARAMETRIC_REPRESENTATION_CONTEXT() REPRESENTATION_CONTEXT('2D SPACE',''
  ) );
#8515 = PCURVE('',#8516,#8521);
#8516 = CYLINDRICAL_SURFACE('',#8517,0.75);
#8517 = AXIS2_PLACEMENT_3D('',#8518,#8519,#8520);
#8518 = CARTESIAN_POINT('',(18.75,-2.5,-2.25));
#8519 = DIRECTION('',(0.,1.,0.));
#8520 = DIRECTION('',(1.,0.,0.));
#8521 = DEFINITIONAL_REPRESENTATION('',(#8522),#8526);
#8522 = LINE('',#8523,#8524);
#8523 = CARTESIAN_POINT('',(1.570796326795,0.));
#8524 = VECTOR('',#8525,1.);
#8525 = DIRECTION('',(0.,1.));
#8526 = ( GEOMETRIC_REPRESENTATION_CONTEXT(2) 
PARAMETRIC_REPRESENTATION_CONTEXT() REPRESENTATION_CONTEXT('2D SPACE',''
  ) );
#8527 = ORIENTED_EDGE('',*,*,#8528,.F.);
#8528 = EDGE_CURVE('',#7545,#8501,#8529,.T.);
#8529 = SURFACE_CURVE('',#8530,(#8534,#8541),.PCURVE_S1.);
#8530 = LINE('',#8531,#8532);
#8531 = CARTESIAN_POINT('',(16.5,1.75,-3.));
#8532 = VECTOR('',#8533,1.);
#8533 = DIRECTION('',(1.,0.,0.));
#8534 = PCURVE('',#7560,#8535);
#8535 = DEFINITIONAL_REPRESENTATION('',(#8536),#8540);
#8536 = LINE('',#8537,#8538);
#8537 = CARTESIAN_POINT('',(0.,4.25));
#8538 = VECTOR('',#8539,1.);
#8539 = DIRECTION('',(1.,0.));
#8540 = ( GEOMETRIC_REPRESENTATION_CONTEXT(2) 
PARAMETRIC_REPRESENTATION_CONTEXT() REPRESENTATION_CONTEXT('2D SPACE',''
  ) );
#8541 = PCURVE('',#7777,#8542);
#8542 = DEFINITIONAL_REPRESENTATION('',(#8543),#8547);
#8543 = LINE('',#8544,#8545);
#8544 = CARTESIAN_POINT('',(-1.570796326795,0.));
#8545 = VECTOR('',#8546,1.);
#8546 = DIRECTION('',(-0.,1.));
#8547 = ( GEOMETRIC_REPRESENTATION_CONTEXT(2) 
PARAMETRIC_REPRESENTATION_CONTEXT() REPRESENTATION_CONTEXT('2D SPACE',''
  ) );
#8548 = ADVANCED_FACE('',(#8549),#7777,.F.);
#8549 = FACE_BOUND('',#8550,.T.);
#8550 = EDGE_LOOP('',(#8551,#8552,#8553,#8582));
#8551 = ORIENTED_EDGE('',*,*,#7760,.F.);
#8552 = ORIENTED_EDGE('',*,*,#8528,.T.);
#8553 = ORIENTED_EDGE('',*,*,#8554,.T.);
#8554 = EDGE_CURVE('',#8501,#8555,#8557,.T.);
#8555 = VERTEX_POINT('',#8556);
#8556 = CARTESIAN_POINT('',(18.75,2.5,-2.25));
#8557 = SURFACE_CURVE('',#8558,(#8563,#8570),.PCURVE_S1.);
#8558 = CIRCLE('',#8559,0.75);
#8559 = AXIS2_PLACEMENT_3D('',#8560,#8561,#8562);
#8560 = CARTESIAN_POINT('',(18.75,1.75,-2.25));
#8561 = DIRECTION('',(1.,-6.123233995737E-17,0.));
#8562 = DIRECTION('',(6.123233995737E-17,1.,0.));
#8563 = PCURVE('',#7777,#8564);
#8564 = DEFINITIONAL_REPRESENTATION('',(#8565),#8569);
#8565 = LINE('',#8566,#8567);
#8566 = CARTESIAN_POINT('',(-6.28318530718,2.25));
#8567 = VECTOR('',#8568,1.);
#8568 = DIRECTION('',(1.,-0.));
#8569 = ( GEOMETRIC_REPRESENTATION_CONTEXT(2) 
PARAMETRIC_REPRESENTATION_CONTEXT() REPRESENTATION_CONTEXT('2D SPACE',''
  ) );
#8570 = PCURVE('',#8571,#8576);
#8571 = SPHERICAL_SURFACE('',#8572,0.75);
#8572 = AXIS2_PLACEMENT_3D('',#8573,#8574,#8575);
#8573 = CARTESIAN_POINT('',(18.75,1.75,-2.25));
#8574 = DIRECTION('',(0.,0.,1.));
#8575 = DIRECTION('',(1.,0.,0.));
#8576 = DEFINITIONAL_REPRESENTATION('',(#8577),#8581);
#8577 = LINE('',#8578,#8579);
#8578 = CARTESIAN_POINT('',(1.570796326795,-6.28318530718));
#8579 = VECTOR('',#8580,1.);
#8580 = DIRECTION('',(0.,1.));
#8581 = ( GEOMETRIC_REPRESENTATION_CONTEXT(2) 
PARAMETRIC_REPRESENTATION_CONTEXT() REPRESENTATION_CONTEXT('2D SPACE',''
  ) );
#8582 = ORIENTED_EDGE('',*,*,#8583,.F.);
#8583 = EDGE_CURVE('',#7761,#8555,#8584,.T.);
#8584 = SURFACE_CURVE('',#8585,(#8589,#8596),.PCURVE_S1.);
#8585 = LINE('',#8586,#8587);
#8586 = CARTESIAN_POINT('',(16.5,2.5,-2.25));
#8587 = VECTOR('',#8588,1.);
#8588 = DIRECTION('',(1.,0.,0.));
#8589 = PCURVE('',#7777,#8590);
#8590 = DEFINITIONAL_REPRESENTATION('',(#8591),#8595);
#8591 = LINE('',#8592,#8593);
#8592 = CARTESIAN_POINT('',(-0.,0.));
#8593 = VECTOR('',#8594,1.);
#8594 = DIRECTION('',(-0.,1.));
#8595 = ( GEOMETRIC_REPRESENTATION_CONTEXT(2) 
PARAMETRIC_REPRESENTATION_CONTEXT() REPRESENTATION_CONTEXT('2D SPACE',''
  ) );
#8596 = PCURVE('',#7833,#8597);
#8597 = DEFINITIONAL_REPRESENTATION('',(#8598),#8602);
#8598 = LINE('',#8599,#8600);
#8599 = CARTESIAN_POINT('',(0.75,0.));
#8600 = VECTOR('',#8601,1.);
#8601 = DIRECTION('',(0.,1.));
#8602 = ( GEOMETRIC_REPRESENTATION_CONTEXT(2) 
PARAMETRIC_REPRESENTATION_CONTEXT() REPRESENTATION_CONTEXT('2D SPACE',''
  ) );
#8603 = ADVANCED_FACE('',(#8604),#7833,.F.);
#8604 = FACE_BOUND('',#8605,.F.);
#8605 = EDGE_LOOP('',(#8606,#8607,#8630,#8656));
#8606 = ORIENTED_EDGE('',*,*,#7817,.T.);
#8607 = ORIENTED_EDGE('',*,*,#8608,.T.);
#8608 = EDGE_CURVE('',#7818,#8609,#8611,.T.);
#8609 = VERTEX_POINT('',#8610);
#8610 = CARTESIAN_POINT('',(18.75,2.5,2.25));
#8611 = SURFACE_CURVE('',#8612,(#8616,#8623),.PCURVE_S1.);
#8612 = LINE('',#8613,#8614);
#8613 = CARTESIAN_POINT('',(16.5,2.5,2.25));
#8614 = VECTOR('',#8615,1.);
#8615 = DIRECTION('',(1.,0.,0.));
#8616 = PCURVE('',#7833,#8617);
#8617 = DEFINITIONAL_REPRESENTATION('',(#8618),#8622);
#8618 = LINE('',#8619,#8620);
#8619 = CARTESIAN_POINT('',(5.25,0.));
#8620 = VECTOR('',#8621,1.);
#8621 = DIRECTION('',(0.,1.));
#8622 = ( GEOMETRIC_REPRESENTATION_CONTEXT(2) 
PARAMETRIC_REPRESENTATION_CONTEXT() REPRESENTATION_CONTEXT('2D SPACE',''
  ) );
#8623 = PCURVE('',#7886,#8624);
#8624 = DEFINITIONAL_REPRESENTATION('',(#8625),#8629);
#8625 = LINE('',#8626,#8627);
#8626 = CARTESIAN_POINT('',(0.,0.));
#8627 = VECTOR('',#8628,1.);
#8628 = DIRECTION('',(0.,1.));
#8629 = ( GEOMETRIC_REPRESENTATION_CONTEXT(2) 
PARAMETRIC_REPRESENTATION_CONTEXT() REPRESENTATION_CONTEXT('2D SPACE',''
  ) );
#8630 = ORIENTED_EDGE('',*,*,#8631,.F.);
#8631 = EDGE_CURVE('',#8555,#8609,#8632,.T.);
#8632 = SURFACE_CURVE('',#8633,(#8637,#8644),.PCURVE_S1.);
#8633 = LINE('',#8634,#8635);
#8634 = CARTESIAN_POINT('',(18.75,2.5,-3.));
#8635 = VECTOR('',#8636,1.);
#8636 = DIRECTION('',(0.,0.,1.));
#8637 = PCURVE('',#7833,#8638);
#8638 = DEFINITIONAL_REPRESENTATION('',(#8639),#8643);
#8639 = LINE('',#8640,#8641);
#8640 = CARTESIAN_POINT('',(0.,2.25));
#8641 = VECTOR('',#8642,1.);
#8642 = DIRECTION('',(1.,0.));
#8643 = ( GEOMETRIC_REPRESENTATION_CONTEXT(2) 
PARAMETRIC_REPRESENTATION_CONTEXT() REPRESENTATION_CONTEXT('2D SPACE',''
  ) );
#8644 = PCURVE('',#8645,#8650);
#8645 = CYLINDRICAL_SURFACE('',#8646,0.75);
#8646 = AXIS2_PLACEMENT_3D('',#8647,#8648,#8649);
#8647 = CARTESIAN_POINT('',(18.75,1.75,-3.));
#8648 = DIRECTION('',(0.,0.,1.));
#8649 = DIRECTION('',(1.,0.,0.));
#8650 = DEFINITIONAL_REPRESENTATION('',(#8651),#8655);
#8651 = LINE('',#8652,#8653);
#8652 = CARTESIAN_POINT('',(1.570796326795,0.));
#8653 = VECTOR('',#8654,1.);
#8654 = DIRECTION('',(0.,1.));
#8655 = ( GEOMETRIC_REPRESENTATION_CONTEXT(2) 
PARAMETRIC_REPRESENTATION_CONTEXT() REPRESENTATION_CONTEXT('2D SPACE',''
  ) );
#8656 = ORIENTED_EDGE('',*,*,#8583,.F.);
#8657 = ADVANCED_FACE('',(#8658),#7886,.F.);
#8658 = FACE_BOUND('',#8659,.F.);
#8659 = EDGE_LOOP('',(#8660,#8661,#8662,#8689));
#8660 = ORIENTED_EDGE('',*,*,#7871,.T.);
#8661 = ORIENTED_EDGE('',*,*,#8310,.T.);
#8662 = ORIENTED_EDGE('',*,*,#8663,.F.);
#8663 = EDGE_CURVE('',#8609,#8283,#8664,.T.);
#8664 = SURFACE_CURVE('',#8665,(#8670,#8677),.PCURVE_S1.);
#8665 = CIRCLE('',#8666,0.75);
#8666 = AXIS2_PLACEMENT_3D('',#8667,#8668,#8669);
#8667 = CARTESIAN_POINT('',(18.75,1.75,2.25));
#8668 = DIRECTION('',(1.,0.,-6.123233995737E-17));
#8669 = DIRECTION('',(6.123233995737E-17,0.,1.));
#8670 = PCURVE('',#7886,#8671);
#8671 = DEFINITIONAL_REPRESENTATION('',(#8672),#8676);
#8672 = LINE('',#8673,#8674);
#8673 = CARTESIAN_POINT('',(-4.712388980385,2.25));
#8674 = VECTOR('',#8675,1.);
#8675 = DIRECTION('',(1.,0.));
#8676 = ( GEOMETRIC_REPRESENTATION_CONTEXT(2) 
PARAMETRIC_REPRESENTATION_CONTEXT() REPRESENTATION_CONTEXT('2D SPACE',''
  ) );
#8677 = PCURVE('',#8678,#8683);
#8678 = SPHERICAL_SURFACE('',#8679,0.75);
#8679 = AXIS2_PLACEMENT_3D('',#8680,#8681,#8682);
#8680 = CARTESIAN_POINT('',(18.75,1.75,2.25));
#8681 = DIRECTION('',(-0.,-1.,-0.));
#8682 = DIRECTION('',(1.,0.,0.));
#8683 = DEFINITIONAL_REPRESENTATION('',(#8684),#8688);
#8684 = LINE('',#8685,#8686);
#8685 = CARTESIAN_POINT('',(1.570796326795,-6.28318530718));
#8686 = VECTOR('',#8687,1.);
#8687 = DIRECTION('',(0.,1.));
#8688 = ( GEOMETRIC_REPRESENTATION_CONTEXT(2) 
PARAMETRIC_REPRESENTATION_CONTEXT() REPRESENTATION_CONTEXT('2D SPACE',''
  ) );
#8689 = ORIENTED_EDGE('',*,*,#8608,.F.);
#8690 = ADVANCED_FACE('',(#8691),#7956,.T.);
#8691 = FACE_BOUND('',#8692,.T.);
#8692 = EDGE_LOOP('',(#8693,#8694,#8695,#8696));
#8693 = ORIENTED_EDGE('',*,*,#7938,.F.);
#8694 = ORIENTED_EDGE('',*,*,#8096,.T.);
#8695 = ORIENTED_EDGE('',*,*,#8224,.T.);
#8696 = ORIENTED_EDGE('',*,*,#8146,.F.);
#8697 = ADVANCED_FACE('',(#8698),#8298,.F.);
#8698 = FACE_BOUND('',#8699,.T.);
#8699 = EDGE_LOOP('',(#8700,#8724,#8725,#8749));
#8700 = ORIENTED_EDGE('',*,*,#8701,.F.);
#8701 = EDGE_CURVE('',#8260,#8702,#8704,.T.);
#8702 = VERTEX_POINT('',#8703);
#8703 = CARTESIAN_POINT('',(19.5,-1.75,2.25));
#8704 = SURFACE_CURVE('',#8705,(#8710,#8717),.PCURVE_S1.);
#8705 = CIRCLE('',#8706,0.75);
#8706 = AXIS2_PLACEMENT_3D('',#8707,#8708,#8709);
#8707 = CARTESIAN_POINT('',(18.75,-1.75,2.25));
#8708 = DIRECTION('',(-0.,1.,0.));
#8709 = DIRECTION('',(1.,0.,0.));
#8710 = PCURVE('',#8298,#8711);
#8711 = DEFINITIONAL_REPRESENTATION('',(#8712),#8716);
#8712 = LINE('',#8713,#8714);
#8713 = CARTESIAN_POINT('',(-6.28318530718,0.75));
#8714 = VECTOR('',#8715,1.);
#8715 = DIRECTION('',(1.,-0.));
#8716 = ( GEOMETRIC_REPRESENTATION_CONTEXT(2) 
PARAMETRIC_REPRESENTATION_CONTEXT() REPRESENTATION_CONTEXT('2D SPACE',''
  ) );
#8717 = PCURVE('',#8353,#8718);
#8718 = DEFINITIONAL_REPRESENTATION('',(#8719),#8723);
#8719 = LINE('',#8720,#8721);
#8720 = CARTESIAN_POINT('',(0.,-6.28318530718));
#8721 = VECTOR('',#8722,1.);
#8722 = DIRECTION('',(0.,1.));
#8723 = ( GEOMETRIC_REPRESENTATION_CONTEXT(2) 
PARAMETRIC_REPRESENTATION_CONTEXT() REPRESENTATION_CONTEXT('2D SPACE',''
  ) );
#8724 = ORIENTED_EDGE('',*,*,#8282,.T.);
#8725 = ORIENTED_EDGE('',*,*,#8726,.F.);
#8726 = EDGE_CURVE('',#8727,#8283,#8729,.T.);
#8727 = VERTEX_POINT('',#8728);
#8728 = CARTESIAN_POINT('',(19.5,1.75,2.25));
#8729 = SURFACE_CURVE('',#8730,(#8735,#8742),.PCURVE_S1.);
#8730 = CIRCLE('',#8731,0.75);
#8731 = AXIS2_PLACEMENT_3D('',#8732,#8733,#8734);
#8732 = CARTESIAN_POINT('',(18.75,1.75,2.25));
#8733 = DIRECTION('',(0.,-1.,0.));
#8734 = DIRECTION('',(1.,0.,0.));
#8735 = PCURVE('',#8298,#8736);
#8736 = DEFINITIONAL_REPRESENTATION('',(#8737),#8741);
#8737 = LINE('',#8738,#8739);
#8738 = CARTESIAN_POINT('',(-0.,4.25));
#8739 = VECTOR('',#8740,1.);
#8740 = DIRECTION('',(-1.,0.));
#8741 = ( GEOMETRIC_REPRESENTATION_CONTEXT(2) 
PARAMETRIC_REPRESENTATION_CONTEXT() REPRESENTATION_CONTEXT('2D SPACE',''
  ) );
#8742 = PCURVE('',#8678,#8743);
#8743 = DEFINITIONAL_REPRESENTATION('',(#8744),#8748);
#8744 = LINE('',#8745,#8746);
#8745 = CARTESIAN_POINT('',(0.,0.));
#8746 = VECTOR('',#8747,1.);
#8747 = DIRECTION('',(1.,0.));
#8748 = ( GEOMETRIC_REPRESENTATION_CONTEXT(2) 
PARAMETRIC_REPRESENTATION_CONTEXT() REPRESENTATION_CONTEXT('2D SPACE',''
  ) );
#8749 = ORIENTED_EDGE('',*,*,#8750,.F.);
#8750 = EDGE_CURVE('',#8702,#8727,#8751,.T.);
#8751 = SURFACE_CURVE('',#8752,(#8756,#8763),.PCURVE_S1.);
#8752 = LINE('',#8753,#8754);
#8753 = CARTESIAN_POINT('',(19.5,-2.5,2.25));
#8754 = VECTOR('',#8755,1.);
#8755 = DIRECTION('',(0.,1.,0.));
#8756 = PCURVE('',#8298,#8757);
#8757 = DEFINITIONAL_REPRESENTATION('',(#8758),#8762);
#8758 = LINE('',#8759,#8760);
#8759 = CARTESIAN_POINT('',(-0.,0.));
#8760 = VECTOR('',#8761,1.);
#8761 = DIRECTION('',(-0.,1.));
#8762 = ( GEOMETRIC_REPRESENTATION_CONTEXT(2) 
PARAMETRIC_REPRESENTATION_CONTEXT() REPRESENTATION_CONTEXT('2D SPACE',''
  ) );
#8763 = PCURVE('',#8764,#8769);
#8764 = PLANE('',#8765);
#8765 = AXIS2_PLACEMENT_3D('',#8766,#8767,#8768);
#8766 = CARTESIAN_POINT('',(19.5,-2.5,-3.));
#8767 = DIRECTION('',(1.,0.,0.));
#8768 = DIRECTION('',(0.,0.,1.));
#8769 = DEFINITIONAL_REPRESENTATION('',(#8770),#8774);
#8770 = LINE('',#8771,#8772);
#8771 = CARTESIAN_POINT('',(5.25,0.));
#8772 = VECTOR('',#8773,1.);
#8773 = DIRECTION('',(0.,-1.));
#8774 = ( GEOMETRIC_REPRESENTATION_CONTEXT(2) 
PARAMETRIC_REPRESENTATION_CONTEXT() REPRESENTATION_CONTEXT('2D SPACE',''
  ) );
#8775 = ADVANCED_FACE('',(#8776),#8353,.F.);
#8776 = FACE_BOUND('',#8777,.F.);
#8777 = EDGE_LOOP('',(#8778,#8779,#8780));
#8778 = ORIENTED_EDGE('',*,*,#8701,.F.);
#8779 = ORIENTED_EDGE('',*,*,#8336,.T.);
#8780 = ORIENTED_EDGE('',*,*,#8781,.F.);
#8781 = EDGE_CURVE('',#8702,#8337,#8782,.T.);
#8782 = SURFACE_CURVE('',#8783,(#8788,#8795),.PCURVE_S1.);
#8783 = CIRCLE('',#8784,0.75);
#8784 = AXIS2_PLACEMENT_3D('',#8785,#8786,#8787);
#8785 = CARTESIAN_POINT('',(18.75,-1.75,2.25));
#8786 = DIRECTION('',(0.,0.,-1.));
#8787 = DIRECTION('',(1.,0.,0.));
#8788 = PCURVE('',#8353,#8789);
#8789 = DEFINITIONAL_REPRESENTATION('',(#8790),#8794);
#8790 = LINE('',#8791,#8792);
#8791 = CARTESIAN_POINT('',(0.,0.));
#8792 = VECTOR('',#8793,1.);
#8793 = DIRECTION('',(1.,0.));
#8794 = ( GEOMETRIC_REPRESENTATION_CONTEXT(2) 
PARAMETRIC_REPRESENTATION_CONTEXT() REPRESENTATION_CONTEXT('2D SPACE',''
  ) );
#8795 = PCURVE('',#8407,#8796);
#8796 = DEFINITIONAL_REPRESENTATION('',(#8797),#8801);
#8797 = LINE('',#8798,#8799);
#8798 = CARTESIAN_POINT('',(-0.,5.25));
#8799 = VECTOR('',#8800,1.);
#8800 = DIRECTION('',(-1.,0.));
#8801 = ( GEOMETRIC_REPRESENTATION_CONTEXT(2) 
PARAMETRIC_REPRESENTATION_CONTEXT() REPRESENTATION_CONTEXT('2D SPACE',''
  ) );
#8802 = ADVANCED_FACE('',(#8803),#8407,.F.);
#8803 = FACE_BOUND('',#8804,.T.);
#8804 = EDGE_LOOP('',(#8805,#8828,#8850,#8851));
#8805 = ORIENTED_EDGE('',*,*,#8806,.F.);
#8806 = EDGE_CURVE('',#8807,#8702,#8809,.T.);
#8807 = VERTEX_POINT('',#8808);
#8808 = CARTESIAN_POINT('',(19.5,-1.75,-2.25));
#8809 = SURFACE_CURVE('',#8810,(#8814,#8821),.PCURVE_S1.);
#8810 = LINE('',#8811,#8812);
#8811 = CARTESIAN_POINT('',(19.5,-1.75,-3.));
#8812 = VECTOR('',#8813,1.);
#8813 = DIRECTION('',(0.,0.,1.));
#8814 = PCURVE('',#8407,#8815);
#8815 = DEFINITIONAL_REPRESENTATION('',(#8816),#8820);
#8816 = LINE('',#8817,#8818);
#8817 = CARTESIAN_POINT('',(-0.,0.));
#8818 = VECTOR('',#8819,1.);
#8819 = DIRECTION('',(-0.,1.));
#8820 = ( GEOMETRIC_REPRESENTATION_CONTEXT(2) 
PARAMETRIC_REPRESENTATION_CONTEXT() REPRESENTATION_CONTEXT('2D SPACE',''
  ) );
#8821 = PCURVE('',#8764,#8822);
#8822 = DEFINITIONAL_REPRESENTATION('',(#8823),#8827);
#8823 = LINE('',#8824,#8825);
#8824 = CARTESIAN_POINT('',(0.,-0.75));
#8825 = VECTOR('',#8826,1.);
#8826 = DIRECTION('',(1.,0.));
#8827 = ( GEOMETRIC_REPRESENTATION_CONTEXT(2) 
PARAMETRIC_REPRESENTATION_CONTEXT() REPRESENTATION_CONTEXT('2D SPACE',''
  ) );
#8828 = ORIENTED_EDGE('',*,*,#8829,.T.);
#8829 = EDGE_CURVE('',#8807,#8392,#8830,.T.);
#8830 = SURFACE_CURVE('',#8831,(#8836,#8843),.PCURVE_S1.);
#8831 = CIRCLE('',#8832,0.75);
#8832 = AXIS2_PLACEMENT_3D('',#8833,#8834,#8835);
#8833 = CARTESIAN_POINT('',(18.75,-1.75,-2.25));
#8834 = DIRECTION('',(0.,0.,-1.));
#8835 = DIRECTION('',(1.,0.,0.));
#8836 = PCURVE('',#8407,#8837);
#8837 = DEFINITIONAL_REPRESENTATION('',(#8838),#8842);
#8838 = LINE('',#8839,#8840);
#8839 = CARTESIAN_POINT('',(-0.,0.75));
#8840 = VECTOR('',#8841,1.);
#8841 = DIRECTION('',(-1.,0.));
#8842 = ( GEOMETRIC_REPRESENTATION_CONTEXT(2) 
PARAMETRIC_REPRESENTATION_CONTEXT() REPRESENTATION_CONTEXT('2D SPACE',''
  ) );
#8843 = PCURVE('',#8482,#8844);
#8844 = DEFINITIONAL_REPRESENTATION('',(#8845),#8849);
#8845 = LINE('',#8846,#8847);
#8846 = CARTESIAN_POINT('',(-0.,0.));
#8847 = VECTOR('',#8848,1.);
#8848 = DIRECTION('',(-1.,0.));
#8849 = ( GEOMETRIC_REPRESENTATION_CONTEXT(2) 
PARAMETRIC_REPRESENTATION_CONTEXT() REPRESENTATION_CONTEXT('2D SPACE',''
  ) );
#8850 = ORIENTED_EDGE('',*,*,#8391,.T.);
#8851 = ORIENTED_EDGE('',*,*,#8781,.F.);
#8852 = ADVANCED_FACE('',(#8853),#8482,.F.);
#8853 = FACE_BOUND('',#8854,.T.);
#8854 = EDGE_LOOP('',(#8855,#8877,#8878));
#8855 = ORIENTED_EDGE('',*,*,#8856,.F.);
#8856 = EDGE_CURVE('',#8445,#8807,#8857,.T.);
#8857 = SURFACE_CURVE('',#8858,(#8863,#8870),.PCURVE_S1.);
#8858 = CIRCLE('',#8859,0.75);
#8859 = AXIS2_PLACEMENT_3D('',#8860,#8861,#8862);
#8860 = CARTESIAN_POINT('',(18.75,-1.75,-2.25));
#8861 = DIRECTION('',(0.,-1.,0.));
#8862 = DIRECTION('',(1.,0.,0.));
#8863 = PCURVE('',#8482,#8864);
#8864 = DEFINITIONAL_REPRESENTATION('',(#8865),#8869);
#8865 = LINE('',#8866,#8867);
#8866 = CARTESIAN_POINT('',(-0.,-6.28318530718));
#8867 = VECTOR('',#8868,1.);
#8868 = DIRECTION('',(-0.,1.));
#8869 = ( GEOMETRIC_REPRESENTATION_CONTEXT(2) 
PARAMETRIC_REPRESENTATION_CONTEXT() REPRESENTATION_CONTEXT('2D SPACE',''
  ) );
#8870 = PCURVE('',#8516,#8871);
#8871 = DEFINITIONAL_REPRESENTATION('',(#8872),#8876);
#8872 = LINE('',#8873,#8874);
#8873 = CARTESIAN_POINT('',(6.28318530718,0.75));
#8874 = VECTOR('',#8875,1.);
#8875 = DIRECTION('',(-1.,-0.));
#8876 = ( GEOMETRIC_REPRESENTATION_CONTEXT(2) 
PARAMETRIC_REPRESENTATION_CONTEXT() REPRESENTATION_CONTEXT('2D SPACE',''
  ) );
#8877 = ORIENTED_EDGE('',*,*,#8467,.T.);
#8878 = ORIENTED_EDGE('',*,*,#8829,.F.);
#8879 = ADVANCED_FACE('',(#8880),#8516,.F.);
#8880 = FACE_BOUND('',#8881,.F.);
#8881 = EDGE_LOOP('',(#8882,#8883,#8884,#8908));
#8882 = ORIENTED_EDGE('',*,*,#8856,.F.);
#8883 = ORIENTED_EDGE('',*,*,#8500,.T.);
#8884 = ORIENTED_EDGE('',*,*,#8885,.T.);
#8885 = EDGE_CURVE('',#8501,#8886,#8888,.T.);
#8886 = VERTEX_POINT('',#8887);
#8887 = CARTESIAN_POINT('',(19.5,1.75,-2.25));
#8888 = SURFACE_CURVE('',#8889,(#8894,#8901),.PCURVE_S1.);
#8889 = CIRCLE('',#8890,0.75);
#8890 = AXIS2_PLACEMENT_3D('',#8891,#8892,#8893);
#8891 = CARTESIAN_POINT('',(18.75,1.75,-2.25));
#8892 = DIRECTION('',(0.,-1.,0.));
#8893 = DIRECTION('',(1.,0.,0.));
#8894 = PCURVE('',#8516,#8895);
#8895 = DEFINITIONAL_REPRESENTATION('',(#8896),#8900);
#8896 = LINE('',#8897,#8898);
#8897 = CARTESIAN_POINT('',(6.28318530718,4.25));
#8898 = VECTOR('',#8899,1.);
#8899 = DIRECTION('',(-1.,-0.));
#8900 = ( GEOMETRIC_REPRESENTATION_CONTEXT(2) 
PARAMETRIC_REPRESENTATION_CONTEXT() REPRESENTATION_CONTEXT('2D SPACE',''
  ) );
#8901 = PCURVE('',#8571,#8902);
#8902 = DEFINITIONAL_REPRESENTATION('',(#8903),#8907);
#8903 = LINE('',#8904,#8905);
#8904 = CARTESIAN_POINT('',(0.,-6.28318530718));
#8905 = VECTOR('',#8906,1.);
#8906 = DIRECTION('',(0.,1.));
#8907 = ( GEOMETRIC_REPRESENTATION_CONTEXT(2) 
PARAMETRIC_REPRESENTATION_CONTEXT() REPRESENTATION_CONTEXT('2D SPACE',''
  ) );
#8908 = ORIENTED_EDGE('',*,*,#8909,.F.);
#8909 = EDGE_CURVE('',#8807,#8886,#8910,.T.);
#8910 = SURFACE_CURVE('',#8911,(#8915,#8922),.PCURVE_S1.);
#8911 = LINE('',#8912,#8913);
#8912 = CARTESIAN_POINT('',(19.5,-2.5,-2.25));
#8913 = VECTOR('',#8914,1.);
#8914 = DIRECTION('',(0.,1.,0.));
#8915 = PCURVE('',#8516,#8916);
#8916 = DEFINITIONAL_REPRESENTATION('',(#8917),#8921);
#8917 = LINE('',#8918,#8919);
#8918 = CARTESIAN_POINT('',(0.,0.));
#8919 = VECTOR('',#8920,1.);
#8920 = DIRECTION('',(0.,1.));
#8921 = ( GEOMETRIC_REPRESENTATION_CONTEXT(2) 
PARAMETRIC_REPRESENTATION_CONTEXT() REPRESENTATION_CONTEXT('2D SPACE',''
  ) );
#8922 = PCURVE('',#8764,#8923);
#8923 = DEFINITIONAL_REPRESENTATION('',(#8924),#8928);
#8924 = LINE('',#8925,#8926);
#8925 = CARTESIAN_POINT('',(0.75,0.));
#8926 = VECTOR('',#8927,1.);
#8927 = DIRECTION('',(0.,-1.));
#8928 = ( GEOMETRIC_REPRESENTATION_CONTEXT(2) 
PARAMETRIC_REPRESENTATION_CONTEXT() REPRESENTATION_CONTEXT('2D SPACE',''
  ) );
#8929 = ADVANCED_FACE('',(#8930),#8571,.F.);
#8930 = FACE_BOUND('',#8931,.F.);
#8931 = EDGE_LOOP('',(#8932,#8933,#8934));
#8932 = ORIENTED_EDGE('',*,*,#8885,.F.);
#8933 = ORIENTED_EDGE('',*,*,#8554,.T.);
#8934 = ORIENTED_EDGE('',*,*,#8935,.F.);
#8935 = EDGE_CURVE('',#8886,#8555,#8936,.T.);
#8936 = SURFACE_CURVE('',#8937,(#8942,#8949),.PCURVE_S1.);
#8937 = CIRCLE('',#8938,0.75);
#8938 = AXIS2_PLACEMENT_3D('',#8939,#8940,#8941);
#8939 = CARTESIAN_POINT('',(18.75,1.75,-2.25));
#8940 = DIRECTION('',(0.,0.,1.));
#8941 = DIRECTION('',(1.,0.,0.));
#8942 = PCURVE('',#8571,#8943);
#8943 = DEFINITIONAL_REPRESENTATION('',(#8944),#8948);
#8944 = LINE('',#8945,#8946);
#8945 = CARTESIAN_POINT('',(0.,0.));
#8946 = VECTOR('',#8947,1.);
#8947 = DIRECTION('',(1.,0.));
#8948 = ( GEOMETRIC_REPRESENTATION_CONTEXT(2) 
PARAMETRIC_REPRESENTATION_CONTEXT() REPRESENTATION_CONTEXT('2D SPACE',''
  ) );
#8949 = PCURVE('',#8645,#8950);
#8950 = DEFINITIONAL_REPRESENTATION('',(#8951),#8955);
#8951 = LINE('',#8952,#8953);
#8952 = CARTESIAN_POINT('',(0.,0.75));
#8953 = VECTOR('',#8954,1.);
#8954 = DIRECTION('',(1.,0.));
#8955 = ( GEOMETRIC_REPRESENTATION_CONTEXT(2) 
PARAMETRIC_REPRESENTATION_CONTEXT() REPRESENTATION_CONTEXT('2D SPACE',''
  ) );
#8956 = ADVANCED_FACE('',(#8957),#8645,.F.);
#8957 = FACE_BOUND('',#8958,.F.);
#8958 = EDGE_LOOP('',(#8959,#8980,#8981,#8982));
#8959 = ORIENTED_EDGE('',*,*,#8960,.F.);
#8960 = EDGE_CURVE('',#8886,#8727,#8961,.T.);
#8961 = SURFACE_CURVE('',#8962,(#8966,#8973),.PCURVE_S1.);
#8962 = LINE('',#8963,#8964);
#8963 = CARTESIAN_POINT('',(19.5,1.75,-3.));
#8964 = VECTOR('',#8965,1.);
#8965 = DIRECTION('',(0.,0.,1.));
#8966 = PCURVE('',#8645,#8967);
#8967 = DEFINITIONAL_REPRESENTATION('',(#8968),#8972);
#8968 = LINE('',#8969,#8970);
#8969 = CARTESIAN_POINT('',(0.,0.));
#8970 = VECTOR('',#8971,1.);
#8971 = DIRECTION('',(0.,1.));
#8972 = ( GEOMETRIC_REPRESENTATION_CONTEXT(2) 
PARAMETRIC_REPRESENTATION_CONTEXT() REPRESENTATION_CONTEXT('2D SPACE',''
  ) );
#8973 = PCURVE('',#8764,#8974);
#8974 = DEFINITIONAL_REPRESENTATION('',(#8975),#8979);
#8975 = LINE('',#8976,#8977);
#8976 = CARTESIAN_POINT('',(0.,-4.25));
#8977 = VECTOR('',#8978,1.);
#8978 = DIRECTION('',(1.,0.));
#8979 = ( GEOMETRIC_REPRESENTATION_CONTEXT(2) 
PARAMETRIC_REPRESENTATION_CONTEXT() REPRESENTATION_CONTEXT('2D SPACE',''
  ) );
#8980 = ORIENTED_EDGE('',*,*,#8935,.T.);
#8981 = ORIENTED_EDGE('',*,*,#8631,.T.);
#8982 = ORIENTED_EDGE('',*,*,#8983,.T.);
#8983 = EDGE_CURVE('',#8609,#8727,#8984,.T.);
#8984 = SURFACE_CURVE('',#8985,(#8990,#8997),.PCURVE_S1.);
#8985 = CIRCLE('',#8986,0.75);
#8986 = AXIS2_PLACEMENT_3D('',#8987,#8988,#8989);
#8987 = CARTESIAN_POINT('',(18.75,1.75,2.25));
#8988 = DIRECTION('',(0.,0.,-1.));
#8989 = DIRECTION('',(1.,0.,0.));
#8990 = PCURVE('',#8645,#8991);
#8991 = DEFINITIONAL_REPRESENTATION('',(#8992),#8996);
#8992 = LINE('',#8993,#8994);
#8993 = CARTESIAN_POINT('',(6.28318530718,5.25));
#8994 = VECTOR('',#8995,1.);
#8995 = DIRECTION('',(-1.,-0.));
#8996 = ( GEOMETRIC_REPRESENTATION_CONTEXT(2) 
PARAMETRIC_REPRESENTATION_CONTEXT() REPRESENTATION_CONTEXT('2D SPACE',''
  ) );
#8997 = PCURVE('',#8678,#8998);
#8998 = DEFINITIONAL_REPRESENTATION('',(#8999),#9003);
#8999 = LINE('',#9000,#9001);
#9000 = CARTESIAN_POINT('',(0.,-6.28318530718));
#9001 = VECTOR('',#9002,1.);
#9002 = DIRECTION('',(0.,1.));
#9003 = ( GEOMETRIC_REPRESENTATION_CONTEXT(2) 
PARAMETRIC_REPRESENTATION_CONTEXT() REPRESENTATION_CONTEXT('2D SPACE',''
  ) );
#9004 = ADVANCED_FACE('',(#9005),#8678,.F.);
#9005 = FACE_BOUND('',#9006,.F.);
#9006 = EDGE_LOOP('',(#9007,#9008,#9009));
#9007 = ORIENTED_EDGE('',*,*,#8983,.F.);
#9008 = ORIENTED_EDGE('',*,*,#8663,.T.);
#9009 = ORIENTED_EDGE('',*,*,#8726,.F.);
#9010 = ADVANCED_FACE('',(#9011),#8764,.F.);
#9011 = FACE_BOUND('',#9012,.F.);
#9012 = EDGE_LOOP('',(#9013,#9014,#9015,#9016));
#9013 = ORIENTED_EDGE('',*,*,#8806,.F.);
#9014 = ORIENTED_EDGE('',*,*,#8909,.T.);
#9015 = ORIENTED_EDGE('',*,*,#8960,.T.);
#9016 = ORIENTED_EDGE('',*,*,#8750,.F.);
#9017 = ( GEOMETRIC_REPRESENTATION_CONTEXT(3) 
GLOBAL_UNCERTAINTY_ASSIGNED_CONTEXT((#9021)) 
GLOBAL_UNIT_ASSIGNED_CONTEXT((#9018,#9019,#9020)) REPRESENTATION_CONTEXT
('Context #1','3D Context with UNIT and UNCERTAINTY') );
#9018 = ( LENGTH_UNIT() NAMED_UNIT(*) SI_UNIT(.MILLI.,.METRE.) );
#9019 = ( NAMED_UNIT(*) PLANE_ANGLE_UNIT() SI_UNIT($,.RADIAN.) );
#9020 = ( NAMED_UNIT(*) SI_UNIT($,.STERADIAN.) SOLID_ANGLE_UNIT() );
#9021 = UNCERTAINTY_MEASURE_WITH_UNIT(LENGTH_MEASURE(2.E-07),#9018,
  'distance_accuracy_value','confusion accuracy');
#9022 = PRODUCT_RELATED_PRODUCT_CATEGORY('part',$,(#7));
ENDSEC;
END-ISO-10303-21;
