ISO-10303-21;
HEADER;
FILE_DESCRIPTION(('Open CASCADE Model'),'2;1');
FILE_NAME('Open CASCADE Shape Model','2026-08-23T11:27:53',('Author'),(
    'Open CASCADE'),'Open CASCADE STEP processor 7.9','Open CASCADE 7.9'
  ,'Unknown');
FILE_SCHEMA(('AUTOMOTIVE_DESIGN { 1 0 10303 214 1 1 1 1 }'));
ENDSEC;
DATA;
#1 = APPLICATION_PROTOCOL_DEFINITION('international standard',
  'automotive_design',2000,#2);
#2 = APPLICATION_CONTEXT(
  'core data for automotive mechanical design processes');
#3 = SHAPE_DEFINITION_REPRESENTATION(#4,#10);
#4 = PRODUCT_DEFINITION_SHAPE('','',#5);
#5 = PRODUCT_DEFINITION('design','',#6,#9);
#6 = PRODUCT_DEFINITION_FORMATION('','',#7);
#7 = PRODUCT('Open CASCADE STEP translator 7.9 17',
  'Open CASCADE STEP translator 7.9 17','',(#8));
#8 = PRODUCT_CONTEXT('',#2,'mechanical');
#9 = PRODUCT_DEFINITION_CONTEXT('part definition',#2,'design');
#10 = ADVANCED_BREP_SHAPE_REPRESENTATION('',(#11,#15),#5571);
#11 = AXIS2_PLACEMENT_3D('',#12,#13,#14);
#12 = CARTESIAN_POINT('',(0.,0.,0.));
#13 = DIRECTION('',(0.,0.,1.));
#14 = DIRECTION('',(1.,0.,-0.));
#15 = MANIFOLD_SOLID_BREP('',#16);
#16 = CLOSED_SHELL('',(#17,#2577,#2653,#2708,#2763,#2798,#2853,#2907,
    #2962,#3017,#3047,#3080,#3157,#3211,#3266,#3320,#3375,#3429,#3484,
    #3516,#3622,#3649,#3675,#3725,#3804,#3831,#3858,#3936,#3986,#4012,
    #4039,#4090,#4168,#4195,#4222,#4300,#4378,#4404,#4430,#4509,#4583,
    #4610,#4637,#4664,#4742,#4769,#4819,#4846,#4873,#4923,#4950,#4998,
    #5004,#5054,#5109,#5136,#5186,#5213,#5263,#5290,#5317,#5349,#5376,
    #5403,#5430,#5462,#5489,#5516,#5543,#5550,#5557,#5564));
#17 = ADVANCED_FACE('',(#18,#529,#885,#1767),#32,.T.);
#18 = FACE_BOUND('',#19,.T.);
#19 = EDGE_LOOP('',(#20,#53,#114,#143,#166,#193,#194,#218,#279,#305,#366
    ,#395,#418,#445,#446,#470));
#20 = ORIENTED_EDGE('',*,*,#21,.T.);
#21 = EDGE_CURVE('',#22,#24,#26,.T.);
#22 = VERTEX_POINT('',#23);
#23 = CARTESIAN_POINT('',(14.282856857086,-2.5,0.5));
#24 = VERTEX_POINT('',#25);
#25 = CARTESIAN_POINT('',(14.282856857086,-2.5,3.5));
#26 = SURFACE_CURVE('',#27,(#31,#42),.PCURVE_S1.);
#27 = LINE('',#28,#29);
#28 = CARTESIAN_POINT('',(14.282856857086,-2.5,-6.));
#29 = VECTOR('',#30,1.);
#30 = DIRECTION('',(0.,0.,1.));
#31 = PCURVE('',#32,#37);
#32 = CYLINDRICAL_SURFACE('',#33,14.5);
#33 = AXIS2_PLACEMENT_3D('',#34,#35,#36);
#34 = CARTESIAN_POINT('',(0.,0.,-6.));
#35 = DIRECTION('',(0.,0.,1.));
#36 = DIRECTION('',(1.,0.,-0.));
#37 = DEFINITIONAL_REPRESENTATION('',(#38),#41);
#38 = B_SPLINE_CURVE_WITH_KNOTS('',1,(#39,#40),.UNSPECIFIED.,.F.,.F.,(2,
    2),(6.2,9.8),.PIECEWISE_BEZIER_KNOTS.);
#39 = CARTESIAN_POINT('',(6.109905670762,6.2));
#40 = CARTESIAN_POINT('',(6.109905670762,9.8));
#41 = ( GEOMETRIC_REPRESENTATION_CONTEXT(2) 
PARAMETRIC_REPRESENTATION_CONTEXT() REPRESENTATION_CONTEXT('2D SPACE',''
  ) );
#42 = PCURVE('',#43,#48);
#43 = PLANE('',#44);
#44 = AXIS2_PLACEMENT_3D('',#45,#46,#47);
#45 = CARTESIAN_POINT('',(10.5,-2.5,-0.5));
#46 = DIRECTION('',(0.,1.,0.));
#47 = DIRECTION('',(0.,0.,1.));
#48 = DEFINITIONAL_REPRESENTATION('',(#49),#52);
#49 = B_SPLINE_CURVE_WITH_KNOTS('',1,(#50,#51),.UNSPECIFIED.,.F.,.F.,(2,
    2),(6.2,9.8),.PIECEWISE_BEZIER_KNOTS.);
#50 = CARTESIAN_POINT('',(0.7,3.782856857086));
#51 = CARTESIAN_POINT('',(4.3,3.782856857086));
#52 = ( GEOMETRIC_REPRESENTATION_CONTEXT(2) 
PARAMETRIC_REPRESENTATION_CONTEXT() REPRESENTATION_CONTEXT('2D SPACE',''
  ) );
#53 = ORIENTED_EDGE('',*,*,#54,.T.);
#54 = EDGE_CURVE('',#24,#55,#57,.T.);
#55 = VERTEX_POINT('',#56);
#56 = CARTESIAN_POINT('',(14.422205101856,-1.5,4.5));
#57 = SURFACE_CURVE('',#58,(#73,#91),.PCURVE_S1.);
#58 = B_SPLINE_CURVE_WITH_KNOTS('',7,(#59,#60,#61,#62,#63,#64,#65,#66,
    #67,#68,#69,#70,#71,#72),.UNSPECIFIED.,.F.,.F.,(8,6,8),(0.,
    0.621283840235,1.),.UNSPECIFIED.);
#59 = CARTESIAN_POINT('',(14.282856857086,-2.5,3.5));
#60 = CARTESIAN_POINT('',(14.282856857086,-2.5,3.627010994217));
#61 = CARTESIAN_POINT('',(14.286150996666,-2.481179766828,3.754269192763
    ));
#62 = CARTESIAN_POINT('',(14.292763009372,-2.443406118333,3.879374909329
    ));
#63 = CARTESIAN_POINT('',(14.302570012715,-2.386453069841,3.999754145767
    ));
#64 = CARTESIAN_POINT('',(14.315272417589,-2.310174143607,4.112450664737
    ));
#65 = CARTESIAN_POINT('',(14.330346278401,-2.214609253386,4.213949111069
    ));
#66 = CARTESIAN_POINT('',(14.357254034707,-2.03081398838,4.351946499486)
  );
#67 = CARTESIAN_POINT('',(14.368099609164,-1.953982533698,4.39858013779)
  );
#68 = CARTESIAN_POINT('',(14.379334898444,-1.870726646201,4.437887137508
    ));
#69 = CARTESIAN_POINT('',(14.390643564997,-1.782209280242,4.468503528551
    ));
#70 = CARTESIAN_POINT('',(14.401718091233,-1.689850172718,4.489419797246
    ));
#71 = CARTESIAN_POINT('',(14.412300643766,-1.595229417329,4.5));
#72 = CARTESIAN_POINT('',(14.422205101856,-1.5,4.5));
#73 = PCURVE('',#32,#74);
#74 = DEFINITIONAL_REPRESENTATION('',(#75),#90);
#75 = B_SPLINE_CURVE_WITH_KNOTS('',7,(#76,#77,#78,#79,#80,#81,#82,#83,
    #84,#85,#86,#87,#88,#89),.UNSPECIFIED.,.F.,.F.,(8,6,8),(0.,
    0.621283840235,1.),.UNSPECIFIED.);
#76 = CARTESIAN_POINT('',(6.109905670762,9.5));
#77 = CARTESIAN_POINT('',(6.109905670762,9.627010994217));
#78 = CARTESIAN_POINT('',(6.111223350787,9.754269192763));
#79 = CARTESIAN_POINT('',(6.113868034513,9.879374909329));
#80 = CARTESIAN_POINT('',(6.117853632355,9.999754145767));
#81 = CARTESIAN_POINT('',(6.123186489066,10.112450664737));
#82 = CARTESIAN_POINT('',(6.129858245731,10.213949111069));
#83 = CARTESIAN_POINT('',(6.142668899515,10.351946499486));
#84 = CARTESIAN_POINT('',(6.14802008239,10.39858013779));
#85 = CARTESIAN_POINT('',(6.153813733249,10.437887137508));
#86 = CARTESIAN_POINT('',(6.159967699929,10.468503528551));
#87 = CARTESIAN_POINT('',(6.166382596518,10.489419797246));
#88 = CARTESIAN_POINT('',(6.172948655605,10.5));
#89 = CARTESIAN_POINT('',(6.179551627665,10.5));
#90 = ( GEOMETRIC_REPRESENTATION_CONTEXT(2) 
PARAMETRIC_REPRESENTATION_CONTEXT() REPRESENTATION_CONTEXT('2D SPACE',''
  ) );
#91 = PCURVE('',#92,#97);
#92 = CYLINDRICAL_SURFACE('',#93,1.);
#93 = AXIS2_PLACEMENT_3D('',#94,#95,#96);
#94 = CARTESIAN_POINT('',(10.5,-1.5,3.5));
#95 = DIRECTION('',(1.,0.,0.));
#96 = DIRECTION('',(0.,-1.,0.));
#97 = DEFINITIONAL_REPRESENTATION('',(#98),#113);
#98 = B_SPLINE_CURVE_WITH_KNOTS('',7,(#99,#100,#101,#102,#103,#104,#105,
    #106,#107,#108,#109,#110,#111,#112),.UNSPECIFIED.,.F.,.F.,(8,6,8),(
    0.,0.621283840235,1.),.UNSPECIFIED.);
#99 = CARTESIAN_POINT('',(0.,3.782856857086));
#100 = CARTESIAN_POINT('',(-0.127010994217,3.782856857086));
#101 = CARTESIAN_POINT('',(-0.254268721806,3.786150996666));
#102 = CARTESIAN_POINT('',(-0.382723120918,3.792763009372));
#103 = CARTESIAN_POINT('',(-0.513196548379,3.802570012715));
#104 = CARTESIAN_POINT('',(-0.646613298,3.815272417589));
#105 = CARTESIAN_POINT('',(-0.783977262203,3.830346278401));
#106 = CARTESIAN_POINT('',(-1.013811938978,3.857254034707));
#107 = CARTESIAN_POINT('',(-1.10325235992,3.868099609164));
#108 = CARTESIAN_POINT('',(-1.194509575083,3.879334898444));
#109 = CARTESIAN_POINT('',(-1.287175770199,3.890643564997));
#110 = CARTESIAN_POINT('',(-1.380946413658,3.901718091233));
#111 = CARTESIAN_POINT('',(-1.475566909465,3.912300643766));
#112 = CARTESIAN_POINT('',(-1.570796326795,3.922205101856));
#113 = ( GEOMETRIC_REPRESENTATION_CONTEXT(2) 
PARAMETRIC_REPRESENTATION_CONTEXT() REPRESENTATION_CONTEXT('2D SPACE',''
  ) );
#114 = ORIENTED_EDGE('',*,*,#115,.T.);
#115 = EDGE_CURVE('',#55,#116,#118,.T.);
#116 = VERTEX_POINT('',#117);
#117 = CARTESIAN_POINT('',(14.5,-3.551475717527E-15,4.5));
#118 = SURFACE_CURVE('',#119,(#124,#131),.PCURVE_S1.);
#119 = CIRCLE('',#120,14.5);
#120 = AXIS2_PLACEMENT_3D('',#121,#122,#123);
#121 = CARTESIAN_POINT('',(0.,0.,4.5));
#122 = DIRECTION('',(0.,0.,1.));
#123 = DIRECTION('',(1.,0.,-0.));
#124 = PCURVE('',#32,#125);
#125 = DEFINITIONAL_REPRESENTATION('',(#126),#130);
#126 = LINE('',#127,#128);
#127 = CARTESIAN_POINT('',(0.,10.5));
#128 = VECTOR('',#129,1.);
#129 = DIRECTION('',(1.,0.));
#130 = ( GEOMETRIC_REPRESENTATION_CONTEXT(2) 
PARAMETRIC_REPRESENTATION_CONTEXT() REPRESENTATION_CONTEXT('2D SPACE',''
  ) );
#131 = PCURVE('',#132,#137);
#132 = PLANE('',#133);
#133 = AXIS2_PLACEMENT_3D('',#134,#135,#136);
#134 = CARTESIAN_POINT('',(10.5,-2.5,4.5));
#135 = DIRECTION('',(0.,0.,1.));
#136 = DIRECTION('',(1.,0.,0.));
#137 = DEFINITIONAL_REPRESENTATION('',(#138),#142);
#138 = CIRCLE('',#139,14.5);
#139 = AXIS2_PLACEMENT_2D('',#140,#141);
#140 = CARTESIAN_POINT('',(-10.5,2.5));
#141 = DIRECTION('',(1.,0.));
#142 = ( GEOMETRIC_REPRESENTATION_CONTEXT(2) 
PARAMETRIC_REPRESENTATION_CONTEXT() REPRESENTATION_CONTEXT('2D SPACE',''
  ) );
#143 = ORIENTED_EDGE('',*,*,#144,.T.);
#144 = EDGE_CURVE('',#116,#145,#147,.T.);
#145 = VERTEX_POINT('',#146);
#146 = CARTESIAN_POINT('',(14.5,-3.551475717527E-15,6.));
#147 = SEAM_CURVE('',#148,(#152,#159),.PCURVE_S1.);
#148 = LINE('',#149,#150);
#149 = CARTESIAN_POINT('',(14.5,-3.551475717527E-15,-6.));
#150 = VECTOR('',#151,1.);
#151 = DIRECTION('',(0.,0.,1.));
#152 = PCURVE('',#32,#153);
#153 = DEFINITIONAL_REPRESENTATION('',(#154),#158);
#154 = LINE('',#155,#156);
#155 = CARTESIAN_POINT('',(0.,-0.));
#156 = VECTOR('',#157,1.);
#157 = DIRECTION('',(0.,1.));
#158 = ( GEOMETRIC_REPRESENTATION_CONTEXT(2) 
PARAMETRIC_REPRESENTATION_CONTEXT() REPRESENTATION_CONTEXT('2D SPACE',''
  ) );
#159 = PCURVE('',#32,#160);
#160 = DEFINITIONAL_REPRESENTATION('',(#161),#165);
#161 = LINE('',#162,#163);
#162 = CARTESIAN_POINT('',(6.28318530718,-0.));
#163 = VECTOR('',#164,1.);
#164 = DIRECTION('',(0.,1.));
#165 = ( GEOMETRIC_REPRESENTATION_CONTEXT(2) 
PARAMETRIC_REPRESENTATION_CONTEXT() REPRESENTATION_CONTEXT('2D SPACE',''
  ) );
#166 = ORIENTED_EDGE('',*,*,#167,.F.);
#167 = EDGE_CURVE('',#145,#145,#168,.T.);
#168 = SURFACE_CURVE('',#169,(#174,#181),.PCURVE_S1.);
#169 = CIRCLE('',#170,14.5);
#170 = AXIS2_PLACEMENT_3D('',#171,#172,#173);
#171 = CARTESIAN_POINT('',(0.,0.,6.));
#172 = DIRECTION('',(0.,0.,1.));
#173 = DIRECTION('',(1.,0.,-0.));
#174 = PCURVE('',#32,#175);
#175 = DEFINITIONAL_REPRESENTATION('',(#176),#180);
#176 = LINE('',#177,#178);
#177 = CARTESIAN_POINT('',(0.,12.));
#178 = VECTOR('',#179,1.);
#179 = DIRECTION('',(1.,0.));
#180 = ( GEOMETRIC_REPRESENTATION_CONTEXT(2) 
PARAMETRIC_REPRESENTATION_CONTEXT() REPRESENTATION_CONTEXT('2D SPACE',''
  ) );
#181 = PCURVE('',#182,#187);
#182 = PLANE('',#183);
#183 = AXIS2_PLACEMENT_3D('',#184,#185,#186);
#184 = CARTESIAN_POINT('',(0.,0.,6.));
#185 = DIRECTION('',(0.,0.,1.));
#186 = DIRECTION('',(1.,0.,-0.));
#187 = DEFINITIONAL_REPRESENTATION('',(#188),#192);
#188 = CIRCLE('',#189,14.5);
#189 = AXIS2_PLACEMENT_2D('',#190,#191);
#190 = CARTESIAN_POINT('',(0.,0.));
#191 = DIRECTION('',(1.,0.));
#192 = ( GEOMETRIC_REPRESENTATION_CONTEXT(2) 
PARAMETRIC_REPRESENTATION_CONTEXT() REPRESENTATION_CONTEXT('2D SPACE',''
  ) );
#193 = ORIENTED_EDGE('',*,*,#144,.F.);
#194 = ORIENTED_EDGE('',*,*,#195,.T.);
#195 = EDGE_CURVE('',#116,#196,#198,.T.);
#196 = VERTEX_POINT('',#197);
#197 = CARTESIAN_POINT('',(14.422205101856,1.5,4.5));
#198 = SURFACE_CURVE('',#199,(#204,#211),.PCURVE_S1.);
#199 = CIRCLE('',#200,14.5);
#200 = AXIS2_PLACEMENT_3D('',#201,#202,#203);
#201 = CARTESIAN_POINT('',(0.,0.,4.5));
#202 = DIRECTION('',(0.,0.,1.));
#203 = DIRECTION('',(1.,0.,-0.));
#204 = PCURVE('',#32,#205);
#205 = DEFINITIONAL_REPRESENTATION('',(#206),#210);
#206 = LINE('',#207,#208);
#207 = CARTESIAN_POINT('',(0.,10.5));
#208 = VECTOR('',#209,1.);
#209 = DIRECTION('',(1.,0.));
#210 = ( GEOMETRIC_REPRESENTATION_CONTEXT(2) 
PARAMETRIC_REPRESENTATION_CONTEXT() REPRESENTATION_CONTEXT('2D SPACE',''
  ) );
#211 = PCURVE('',#132,#212);
#212 = DEFINITIONAL_REPRESENTATION('',(#213),#217);
#213 = CIRCLE('',#214,14.5);
#214 = AXIS2_PLACEMENT_2D('',#215,#216);
#215 = CARTESIAN_POINT('',(-10.5,2.5));
#216 = DIRECTION('',(1.,0.));
#217 = ( GEOMETRIC_REPRESENTATION_CONTEXT(2) 
PARAMETRIC_REPRESENTATION_CONTEXT() REPRESENTATION_CONTEXT('2D SPACE',''
  ) );
#218 = ORIENTED_EDGE('',*,*,#219,.F.);
#219 = EDGE_CURVE('',#220,#196,#222,.T.);
#220 = VERTEX_POINT('',#221);
#221 = CARTESIAN_POINT('',(14.282856857086,2.5,3.5));
#222 = SURFACE_CURVE('',#223,(#238,#256),.PCURVE_S1.);
#223 = B_SPLINE_CURVE_WITH_KNOTS('',7,(#224,#225,#226,#227,#228,#229,
    #230,#231,#232,#233,#234,#235,#236,#237),.UNSPECIFIED.,.F.,.F.,(8,6,
    8),(0.,0.452027621495,1.),.UNSPECIFIED.);
#224 = CARTESIAN_POINT('',(14.282856857086,2.5,3.5));
#225 = CARTESIAN_POINT('',(14.282856857086,2.5,3.592226480345));
#226 = CARTESIAN_POINT('',(14.284593839447,2.490076632839,3.684479165388
    ));
#227 = CARTESIAN_POINT('',(14.288069331541,2.47021974688,3.77587115538)
  );
#228 = CARTESIAN_POINT('',(14.29324917217,2.440372058631,3.865486334861)
  );
#229 = CARTESIAN_POINT('',(14.30005694945,2.400453097307,3.952327121647)
  );
#230 = CARTESIAN_POINT('',(14.308367762291,2.350389979277,4.035252602242
    ));
#231 = CARTESIAN_POINT('',(14.329681820803,2.217134921319,4.207043987808
    ));
#232 = CARTESIAN_POINT('',(14.343510616237,2.127891630772,4.295078441425
    ));
#233 = CARTESIAN_POINT('',(14.359050071329,2.022950388455,4.372149381798
    ));
#234 = CARTESIAN_POINT('',(14.375528233486,1.904309973391,4.4340864583)
  );
#235 = CARTESIAN_POINT('',(14.392028720897,1.774995507587,4.477527202011
    ));
#236 = CARTESIAN_POINT('',(14.407770118843,1.638789523773,4.5));
#237 = CARTESIAN_POINT('',(14.422205101856,1.5,4.5));
#238 = PCURVE('',#32,#239);
#239 = DEFINITIONAL_REPRESENTATION('',(#240),#255);
#240 = B_SPLINE_CURVE_WITH_KNOTS('',7,(#241,#242,#243,#244,#245,#246,
    #247,#248,#249,#250,#251,#252,#253,#254),.UNSPECIFIED.,.F.,.F.,(8,6,
    8),(0.,0.452027621495,1.),.UNSPECIFIED.);
#241 = CARTESIAN_POINT('',(0.173279636418,9.5));
#242 = CARTESIAN_POINT('',(0.173279636418,9.592226480345));
#243 = CARTESIAN_POINT('',(0.172584861179,9.684479165388));
#244 = CARTESIAN_POINT('',(0.171194603072,9.77587115538));
#245 = CARTESIAN_POINT('',(0.169105376403,9.865486334861));
#246 = CARTESIAN_POINT('',(0.166312623968,9.952327121647));
#247 = CARTESIAN_POINT('',(0.162812805199,10.035252602242));
#248 = CARTESIAN_POINT('',(0.153505986055,10.207043987808));
#249 = CARTESIAN_POINT('',(0.147277899184,10.295078441425));
#250 = CARTESIAN_POINT('',(0.139961919751,10.372149381798));
#251 = CARTESIAN_POINT('',(0.131701980783,10.4340864583));
#252 = CARTESIAN_POINT('',(0.12271242723,10.477527202011));
#253 = CARTESIAN_POINT('',(0.113257001524,10.5));
#254 = CARTESIAN_POINT('',(0.103633679515,10.5));
#255 = ( GEOMETRIC_REPRESENTATION_CONTEXT(2) 
PARAMETRIC_REPRESENTATION_CONTEXT() REPRESENTATION_CONTEXT('2D SPACE',''
  ) );
#256 = PCURVE('',#257,#262);
#257 = CYLINDRICAL_SURFACE('',#258,1.);
#258 = AXIS2_PLACEMENT_3D('',#259,#260,#261);
#259 = CARTESIAN_POINT('',(10.5,1.5,3.5));
#260 = DIRECTION('',(1.,0.,0.));
#261 = DIRECTION('',(0.,1.,0.));
#262 = DEFINITIONAL_REPRESENTATION('',(#263),#278);
#263 = B_SPLINE_CURVE_WITH_KNOTS('',7,(#264,#265,#266,#267,#268,#269,
    #270,#271,#272,#273,#274,#275,#276,#277),.UNSPECIFIED.,.F.,.F.,(8,6,
    8),(0.,0.452027621495,1.),.UNSPECIFIED.);
#264 = CARTESIAN_POINT('',(0.,3.782856857086));
#265 = CARTESIAN_POINT('',(9.222648034488E-02,3.782856857086));
#266 = CARTESIAN_POINT('',(0.184479707313,3.784593839447));
#267 = CARTESIAN_POINT('',(0.277151142329,3.788069331541));
#268 = CARTESIAN_POINT('',(0.370615808468,3.79324917217));
#269 = CARTESIAN_POINT('',(0.465248386609,3.80005694945));
#270 = CARTESIAN_POINT('',(0.561456967148,3.808367762291));
#271 = CARTESIAN_POINT('',(0.778871756494,3.829681820803));
#272 = CARTESIAN_POINT('',(0.903130394567,3.843510616237));
#273 = CARTESIAN_POINT('',(1.031109794326,3.859050071329));
#274 = CARTESIAN_POINT('',(1.162120011184,3.875528233486));
#275 = CARTESIAN_POINT('',(1.295800785591,3.892028720897));
#276 = CARTESIAN_POINT('',(1.432006803022,3.907770118843));
#277 = CARTESIAN_POINT('',(1.570796326795,3.922205101856));
#278 = ( GEOMETRIC_REPRESENTATION_CONTEXT(2) 
PARAMETRIC_REPRESENTATION_CONTEXT() REPRESENTATION_CONTEXT('2D SPACE',''
  ) );
#279 = ORIENTED_EDGE('',*,*,#280,.F.);
#280 = EDGE_CURVE('',#281,#220,#283,.T.);
#281 = VERTEX_POINT('',#282);
#282 = CARTESIAN_POINT('',(14.282856857086,2.5,0.5));
#283 = SURFACE_CURVE('',#284,(#288,#294),.PCURVE_S1.);
#284 = LINE('',#285,#286);
#285 = CARTESIAN_POINT('',(14.282856857086,2.5,-6.));
#286 = VECTOR('',#287,1.);
#287 = DIRECTION('',(0.,0.,1.));
#288 = PCURVE('',#32,#289);
#289 = DEFINITIONAL_REPRESENTATION('',(#290),#293);
#290 = B_SPLINE_CURVE_WITH_KNOTS('',1,(#291,#292),.UNSPECIFIED.,.F.,.F.,
  (2,2),(6.2,9.8),.PIECEWISE_BEZIER_KNOTS.);
#291 = CARTESIAN_POINT('',(0.173279636418,6.2));
#292 = CARTESIAN_POINT('',(0.173279636418,9.8));
#293 = ( GEOMETRIC_REPRESENTATION_CONTEXT(2) 
PARAMETRIC_REPRESENTATION_CONTEXT() REPRESENTATION_CONTEXT('2D SPACE',''
  ) );
#294 = PCURVE('',#295,#300);
#295 = PLANE('',#296);
#296 = AXIS2_PLACEMENT_3D('',#297,#298,#299);
#297 = CARTESIAN_POINT('',(10.5,2.5,-0.5));
#298 = DIRECTION('',(0.,1.,0.));
#299 = DIRECTION('',(0.,0.,1.));
#300 = DEFINITIONAL_REPRESENTATION('',(#301),#304);
#301 = B_SPLINE_CURVE_WITH_KNOTS('',1,(#302,#303),.UNSPECIFIED.,.F.,.F.,
  (2,2),(6.2,9.8),.PIECEWISE_BEZIER_KNOTS.);
#302 = CARTESIAN_POINT('',(0.7,3.782856857086));
#303 = CARTESIAN_POINT('',(4.3,3.782856857086));
#304 = ( GEOMETRIC_REPRESENTATION_CONTEXT(2) 
PARAMETRIC_REPRESENTATION_CONTEXT() REPRESENTATION_CONTEXT('2D SPACE',''
  ) );
#305 = ORIENTED_EDGE('',*,*,#306,.T.);
#306 = EDGE_CURVE('',#281,#307,#309,.T.);
#307 = VERTEX_POINT('',#308);
#308 = CARTESIAN_POINT('',(14.422205101856,1.5,-0.5));
#309 = SURFACE_CURVE('',#310,(#325,#343),.PCURVE_S1.);
#310 = B_SPLINE_CURVE_WITH_KNOTS('',7,(#311,#312,#313,#314,#315,#316,
    #317,#318,#319,#320,#321,#322,#323,#324),.UNSPECIFIED.,.F.,.F.,(8,6,
    8),(0.,0.452027621495,1.),.UNSPECIFIED.);
#311 = CARTESIAN_POINT('',(14.282856857086,2.5,0.5));
#312 = CARTESIAN_POINT('',(14.282856857086,2.5,0.407773519655));
#313 = CARTESIAN_POINT('',(14.284593839447,2.490076632839,0.315520834612
    ));
#314 = CARTESIAN_POINT('',(14.288069331541,2.47021974688,0.22412884462)
  );
#315 = CARTESIAN_POINT('',(14.29324917217,2.440372058631,0.134513665139)
  );
#316 = CARTESIAN_POINT('',(14.30005694945,2.400453097307,
    4.767287835278E-02));
#317 = CARTESIAN_POINT('',(14.308367762291,2.350389979277,
    -3.525260224232E-02));
#318 = CARTESIAN_POINT('',(14.329681820803,2.217134921319,
    -0.207043987808));
#319 = CARTESIAN_POINT('',(14.343510616237,2.127891630772,
    -0.295078441425));
#320 = CARTESIAN_POINT('',(14.359050071329,2.022950388455,
    -0.372149381798));
#321 = CARTESIAN_POINT('',(14.375528233486,1.90430997339,-0.4340864583)
  );
#322 = CARTESIAN_POINT('',(14.392028720897,1.774995507587,
    -0.477527202011));
#323 = CARTESIAN_POINT('',(14.407770118843,1.638789523773,-0.5));
#324 = CARTESIAN_POINT('',(14.422205101856,1.5,-0.5));
#325 = PCURVE('',#32,#326);
#326 = DEFINITIONAL_REPRESENTATION('',(#327),#342);
#327 = B_SPLINE_CURVE_WITH_KNOTS('',7,(#328,#329,#330,#331,#332,#333,
    #334,#335,#336,#337,#338,#339,#340,#341),.UNSPECIFIED.,.F.,.F.,(8,6,
    8),(0.,0.452027621495,1.),.UNSPECIFIED.);
#328 = CARTESIAN_POINT('',(0.173279636418,6.5));
#329 = CARTESIAN_POINT('',(0.173279636418,6.407773519655));
#330 = CARTESIAN_POINT('',(0.172584861179,6.315520834612));
#331 = CARTESIAN_POINT('',(0.171194603072,6.22412884462));
#332 = CARTESIAN_POINT('',(0.169105376403,6.134513665139));
#333 = CARTESIAN_POINT('',(0.166312623968,6.047672878353));
#334 = CARTESIAN_POINT('',(0.162812805199,5.964747397758));
#335 = CARTESIAN_POINT('',(0.153505986055,5.792956012192));
#336 = CARTESIAN_POINT('',(0.147277899184,5.704921558575));
#337 = CARTESIAN_POINT('',(0.139961919751,5.627850618202));
#338 = CARTESIAN_POINT('',(0.131701980783,5.5659135417));
#339 = CARTESIAN_POINT('',(0.12271242723,5.522472797989));
#340 = CARTESIAN_POINT('',(0.113257001524,5.5));
#341 = CARTESIAN_POINT('',(0.103633679515,5.5));
#342 = ( GEOMETRIC_REPRESENTATION_CONTEXT(2) 
PARAMETRIC_REPRESENTATION_CONTEXT() REPRESENTATION_CONTEXT('2D SPACE',''
  ) );
#343 = PCURVE('',#344,#349);
#344 = CYLINDRICAL_SURFACE('',#345,1.);
#345 = AXIS2_PLACEMENT_3D('',#346,#347,#348);
#346 = CARTESIAN_POINT('',(10.5,1.5,0.5));
#347 = DIRECTION('',(1.,0.,0.));
#348 = DIRECTION('',(0.,1.,0.));
#349 = DEFINITIONAL_REPRESENTATION('',(#350),#365);
#350 = B_SPLINE_CURVE_WITH_KNOTS('',7,(#351,#352,#353,#354,#355,#356,
    #357,#358,#359,#360,#361,#362,#363,#364),.UNSPECIFIED.,.F.,.F.,(8,6,
    8),(0.,0.452027621495,1.),.UNSPECIFIED.);
#351 = CARTESIAN_POINT('',(0.,3.782856857086));
#352 = CARTESIAN_POINT('',(-9.222648034489E-02,3.782856857086));
#353 = CARTESIAN_POINT('',(-0.184479707313,3.784593839447));
#354 = CARTESIAN_POINT('',(-0.277151142329,3.788069331541));
#355 = CARTESIAN_POINT('',(-0.370615808468,3.79324917217));
#356 = CARTESIAN_POINT('',(-0.465248386609,3.80005694945));
#357 = CARTESIAN_POINT('',(-0.561456967148,3.808367762291));
#358 = CARTESIAN_POINT('',(-0.778871756494,3.829681820803));
#359 = CARTESIAN_POINT('',(-0.903130394567,3.843510616237));
#360 = CARTESIAN_POINT('',(-1.031109794326,3.859050071329));
#361 = CARTESIAN_POINT('',(-1.162120011184,3.875528233486));
#362 = CARTESIAN_POINT('',(-1.295800785591,3.892028720897));
#363 = CARTESIAN_POINT('',(-1.432006803022,3.907770118843));
#364 = CARTESIAN_POINT('',(-1.570796326795,3.922205101856));
#365 = ( GEOMETRIC_REPRESENTATION_CONTEXT(2) 
PARAMETRIC_REPRESENTATION_CONTEXT() REPRESENTATION_CONTEXT('2D SPACE',''
  ) );
#366 = ORIENTED_EDGE('',*,*,#367,.F.);
#367 = EDGE_CURVE('',#368,#307,#370,.T.);
#368 = VERTEX_POINT('',#369);
#369 = CARTESIAN_POINT('',(14.5,-3.551475717527E-15,-0.5));
#370 = SURFACE_CURVE('',#371,(#376,#383),.PCURVE_S1.);
#371 = CIRCLE('',#372,14.5);
#372 = AXIS2_PLACEMENT_3D('',#373,#374,#375);
#373 = CARTESIAN_POINT('',(0.,0.,-0.5));
#374 = DIRECTION('',(0.,0.,1.));
#375 = DIRECTION('',(1.,0.,-0.));
#376 = PCURVE('',#32,#377);
#377 = DEFINITIONAL_REPRESENTATION('',(#378),#382);
#378 = LINE('',#379,#380);
#379 = CARTESIAN_POINT('',(0.,5.5));
#380 = VECTOR('',#381,1.);
#381 = DIRECTION('',(1.,0.));
#382 = ( GEOMETRIC_REPRESENTATION_CONTEXT(2) 
PARAMETRIC_REPRESENTATION_CONTEXT() REPRESENTATION_CONTEXT('2D SPACE',''
  ) );
#383 = PCURVE('',#384,#389);
#384 = PLANE('',#385);
#385 = AXIS2_PLACEMENT_3D('',#386,#387,#388);
#386 = CARTESIAN_POINT('',(10.5,-2.5,-0.5));
#387 = DIRECTION('',(0.,0.,1.));
#388 = DIRECTION('',(1.,0.,0.));
#389 = DEFINITIONAL_REPRESENTATION('',(#390),#394);
#390 = CIRCLE('',#391,14.5);
#391 = AXIS2_PLACEMENT_2D('',#392,#393);
#392 = CARTESIAN_POINT('',(-10.5,2.5));
#393 = DIRECTION('',(1.,0.));
#394 = ( GEOMETRIC_REPRESENTATION_CONTEXT(2) 
PARAMETRIC_REPRESENTATION_CONTEXT() REPRESENTATION_CONTEXT('2D SPACE',''
  ) );
#395 = ORIENTED_EDGE('',*,*,#396,.F.);
#396 = EDGE_CURVE('',#397,#368,#399,.T.);
#397 = VERTEX_POINT('',#398);
#398 = CARTESIAN_POINT('',(14.5,-3.551475717527E-15,-6.));
#399 = SEAM_CURVE('',#400,(#404,#411),.PCURVE_S1.);
#400 = LINE('',#401,#402);
#401 = CARTESIAN_POINT('',(14.5,-3.551475717527E-15,-6.));
#402 = VECTOR('',#403,1.);
#403 = DIRECTION('',(0.,0.,1.));
#404 = PCURVE('',#32,#405);
#405 = DEFINITIONAL_REPRESENTATION('',(#406),#410);
#406 = LINE('',#407,#408);
#407 = CARTESIAN_POINT('',(6.28318530718,-0.));
#408 = VECTOR('',#409,1.);
#409 = DIRECTION('',(0.,1.));
#410 = ( GEOMETRIC_REPRESENTATION_CONTEXT(2) 
PARAMETRIC_REPRESENTATION_CONTEXT() REPRESENTATION_CONTEXT('2D SPACE',''
  ) );
#411 = PCURVE('',#32,#412);
#412 = DEFINITIONAL_REPRESENTATION('',(#413),#417);
#413 = LINE('',#414,#415);
#414 = CARTESIAN_POINT('',(0.,-0.));
#415 = VECTOR('',#416,1.);
#416 = DIRECTION('',(0.,1.));
#417 = ( GEOMETRIC_REPRESENTATION_CONTEXT(2) 
PARAMETRIC_REPRESENTATION_CONTEXT() REPRESENTATION_CONTEXT('2D SPACE',''
  ) );
#418 = ORIENTED_EDGE('',*,*,#419,.T.);
#419 = EDGE_CURVE('',#397,#397,#420,.T.);
#420 = SURFACE_CURVE('',#421,(#426,#433),.PCURVE_S1.);
#421 = CIRCLE('',#422,14.5);
#422 = AXIS2_PLACEMENT_3D('',#423,#424,#425);
#423 = CARTESIAN_POINT('',(0.,0.,-6.));
#424 = DIRECTION('',(0.,0.,1.));
#425 = DIRECTION('',(1.,0.,-0.));
#426 = PCURVE('',#32,#427);
#427 = DEFINITIONAL_REPRESENTATION('',(#428),#432);
#428 = LINE('',#429,#430);
#429 = CARTESIAN_POINT('',(0.,0.));
#430 = VECTOR('',#431,1.);
#431 = DIRECTION('',(1.,0.));
#432 = ( GEOMETRIC_REPRESENTATION_CONTEXT(2) 
PARAMETRIC_REPRESENTATION_CONTEXT() REPRESENTATION_CONTEXT('2D SPACE',''
  ) );
#433 = PCURVE('',#434,#439);
#434 = PLANE('',#435);
#435 = AXIS2_PLACEMENT_3D('',#436,#437,#438);
#436 = CARTESIAN_POINT('',(0.,0.,-6.));
#437 = DIRECTION('',(0.,0.,1.));
#438 = DIRECTION('',(1.,0.,-0.));
#439 = DEFINITIONAL_REPRESENTATION('',(#440),#444);
#440 = CIRCLE('',#441,14.5);
#441 = AXIS2_PLACEMENT_2D('',#442,#443);
#442 = CARTESIAN_POINT('',(0.,0.));
#443 = DIRECTION('',(1.,0.));
#444 = ( GEOMETRIC_REPRESENTATION_CONTEXT(2) 
PARAMETRIC_REPRESENTATION_CONTEXT() REPRESENTATION_CONTEXT('2D SPACE',''
  ) );
#445 = ORIENTED_EDGE('',*,*,#396,.T.);
#446 = ORIENTED_EDGE('',*,*,#447,.F.);
#447 = EDGE_CURVE('',#448,#368,#450,.T.);
#448 = VERTEX_POINT('',#449);
#449 = CARTESIAN_POINT('',(14.422205101856,-1.5,-0.5));
#450 = SURFACE_CURVE('',#451,(#456,#463),.PCURVE_S1.);
#451 = CIRCLE('',#452,14.5);
#452 = AXIS2_PLACEMENT_3D('',#453,#454,#455);
#453 = CARTESIAN_POINT('',(0.,0.,-0.5));
#454 = DIRECTION('',(0.,0.,1.));
#455 = DIRECTION('',(1.,0.,-0.));
#456 = PCURVE('',#32,#457);
#457 = DEFINITIONAL_REPRESENTATION('',(#458),#462);
#458 = LINE('',#459,#460);
#459 = CARTESIAN_POINT('',(0.,5.5));
#460 = VECTOR('',#461,1.);
#461 = DIRECTION('',(1.,0.));
#462 = ( GEOMETRIC_REPRESENTATION_CONTEXT(2) 
PARAMETRIC_REPRESENTATION_CONTEXT() REPRESENTATION_CONTEXT('2D SPACE',''
  ) );
#463 = PCURVE('',#384,#464);
#464 = DEFINITIONAL_REPRESENTATION('',(#465),#469);
#465 = CIRCLE('',#466,14.5);
#466 = AXIS2_PLACEMENT_2D('',#467,#468);
#467 = CARTESIAN_POINT('',(-10.5,2.5));
#468 = DIRECTION('',(1.,0.));
#469 = ( GEOMETRIC_REPRESENTATION_CONTEXT(2) 
PARAMETRIC_REPRESENTATION_CONTEXT() REPRESENTATION_CONTEXT('2D SPACE',''
  ) );
#470 = ORIENTED_EDGE('',*,*,#471,.F.);
#471 = EDGE_CURVE('',#22,#448,#472,.T.);
#472 = SURFACE_CURVE('',#473,(#488,#506),.PCURVE_S1.);
#473 = B_SPLINE_CURVE_WITH_KNOTS('',7,(#474,#475,#476,#477,#478,#479,
    #480,#481,#482,#483,#484,#485,#486,#487),.UNSPECIFIED.,.F.,.F.,(8,6,
    8),(0.,0.621283840235,1.),.UNSPECIFIED.);
#474 = CARTESIAN_POINT('',(14.282856857086,-2.5,0.5));
#475 = CARTESIAN_POINT('',(14.282856857086,-2.5,0.372989005783));
#476 = CARTESIAN_POINT('',(14.286150996666,-2.481179766828,
    0.245730807236));
#477 = CARTESIAN_POINT('',(14.292763009372,-2.443406118333,
    0.120625090671));
#478 = CARTESIAN_POINT('',(14.302570012715,-2.38645306984,
    2.458542323284E-04));
#479 = CARTESIAN_POINT('',(14.315272417589,-2.310174143607,
    -0.112450664736));
#480 = CARTESIAN_POINT('',(14.330346278401,-2.214609253386,
    -0.213949111069));
#481 = CARTESIAN_POINT('',(14.357254034707,-2.03081398838,
    -0.351946499486));
#482 = CARTESIAN_POINT('',(14.368099609164,-1.953982533698,
    -0.39858013779));
#483 = CARTESIAN_POINT('',(14.379334898444,-1.870726646201,
    -0.437887137508));
#484 = CARTESIAN_POINT('',(14.390643564997,-1.782209280242,
    -0.468503528551));
#485 = CARTESIAN_POINT('',(14.401718091233,-1.689850172718,
    -0.489419797246));
#486 = CARTESIAN_POINT('',(14.412300643766,-1.595229417329,-0.5));
#487 = CARTESIAN_POINT('',(14.422205101856,-1.5,-0.5));
#488 = PCURVE('',#32,#489);
#489 = DEFINITIONAL_REPRESENTATION('',(#490),#505);
#490 = B_SPLINE_CURVE_WITH_KNOTS('',7,(#491,#492,#493,#494,#495,#496,
    #497,#498,#499,#500,#501,#502,#503,#504),.UNSPECIFIED.,.F.,.F.,(8,6,
    8),(0.,0.621283840235,1.),.UNSPECIFIED.);
#491 = CARTESIAN_POINT('',(6.109905670762,6.5));
#492 = CARTESIAN_POINT('',(6.109905670762,6.372989005783));
#493 = CARTESIAN_POINT('',(6.111223350787,6.245730807236));
#494 = CARTESIAN_POINT('',(6.113868034513,6.120625090671));
#495 = CARTESIAN_POINT('',(6.117853632355,6.000245854232));
#496 = CARTESIAN_POINT('',(6.123186489066,5.887549335264));
#497 = CARTESIAN_POINT('',(6.129858245731,5.786050888931));
#498 = CARTESIAN_POINT('',(6.142668899515,5.648053500514));
#499 = CARTESIAN_POINT('',(6.14802008239,5.60141986221));
#500 = CARTESIAN_POINT('',(6.153813733249,5.562112862492));
#501 = CARTESIAN_POINT('',(6.159967699929,5.531496471449));
#502 = CARTESIAN_POINT('',(6.166382596518,5.510580202754));
#503 = CARTESIAN_POINT('',(6.172948655605,5.5));
#504 = CARTESIAN_POINT('',(6.179551627665,5.5));
#505 = ( GEOMETRIC_REPRESENTATION_CONTEXT(2) 
PARAMETRIC_REPRESENTATION_CONTEXT() REPRESENTATION_CONTEXT('2D SPACE',''
  ) );
#506 = PCURVE('',#507,#512);
#507 = CYLINDRICAL_SURFACE('',#508,1.);
#508 = AXIS2_PLACEMENT_3D('',#509,#510,#511);
#509 = CARTESIAN_POINT('',(10.5,-1.5,0.5));
#510 = DIRECTION('',(1.,0.,0.));
#511 = DIRECTION('',(0.,-1.,0.));
#512 = DEFINITIONAL_REPRESENTATION('',(#513),#528);
#513 = B_SPLINE_CURVE_WITH_KNOTS('',7,(#514,#515,#516,#517,#518,#519,
    #520,#521,#522,#523,#524,#525,#526,#527),.UNSPECIFIED.,.F.,.F.,(8,6,
    8),(0.,0.621283840235,1.),.UNSPECIFIED.);
#514 = CARTESIAN_POINT('',(0.,3.782856857086));
#515 = CARTESIAN_POINT('',(0.127010994217,3.782856857086));
#516 = CARTESIAN_POINT('',(0.254268721806,3.786150996666));
#517 = CARTESIAN_POINT('',(0.382723120918,3.792763009372));
#518 = CARTESIAN_POINT('',(0.51319654838,3.802570012715));
#519 = CARTESIAN_POINT('',(0.646613298,3.815272417589));
#520 = CARTESIAN_POINT('',(0.783977262203,3.830346278401));
#521 = CARTESIAN_POINT('',(1.013811938978,3.857254034707));
#522 = CARTESIAN_POINT('',(1.10325235992,3.868099609164));
#523 = CARTESIAN_POINT('',(1.194509575083,3.879334898444));
#524 = CARTESIAN_POINT('',(1.287175770199,3.890643564997));
#525 = CARTESIAN_POINT('',(1.380946413658,3.901718091233));
#526 = CARTESIAN_POINT('',(1.475566909465,3.912300643766));
#527 = CARTESIAN_POINT('',(1.570796326795,3.922205101856));
#528 = ( GEOMETRIC_REPRESENTATION_CONTEXT(2) 
PARAMETRIC_REPRESENTATION_CONTEXT() REPRESENTATION_CONTEXT('2D SPACE',''
  ) );
#529 = FACE_BOUND('',#530,.T.);
#530 = EDGE_LOOP('',(#531,#594,#620,#681,#710,#771,#797,#858));
#531 = ORIENTED_EDGE('',*,*,#532,.F.);
#532 = EDGE_CURVE('',#533,#535,#537,.T.);
#533 = VERTEX_POINT('',#534);
#534 = CARTESIAN_POINT('',(-2.,-14.36140661634,-2.75));
#535 = VERTEX_POINT('',#536);
#536 = CARTESIAN_POINT('',(-1.25,-14.44602021319,-3.5));
#537 = SURFACE_CURVE('',#538,(#553,#571),.PCURVE_S1.);
#538 = B_SPLINE_CURVE_WITH_KNOTS('',7,(#539,#540,#541,#542,#543,#544,
    #545,#546,#547,#548,#549,#550,#551,#552),.UNSPECIFIED.,.F.,.F.,(8,6,
    8),(0.,0.594511892596,1.),.UNSPECIFIED.);
#539 = CARTESIAN_POINT('',(-2.,-14.36140661634,-2.75));
#540 = CARTESIAN_POINT('',(-2.,-14.36140661634,-2.842932756753));
#541 = CARTESIAN_POINT('',(-1.986565421409,-14.36327752996,
    -2.936081748796));
#542 = CARTESIAN_POINT('',(-1.959583935453,-14.36703510016,
    -3.027579153155));
#543 = CARTESIAN_POINT('',(-1.919045838317,-14.37259963734,
    -3.115476751032));
#544 = CARTESIAN_POINT('',(-1.865112427766,-14.3797842106,-3.19767169766
    ));
#545 = CARTESIAN_POINT('',(-1.798153542041,-14.38829417791,
    -3.271854376079));
#546 = CARTESIAN_POINT('',(-1.664898764843,-14.40420332081,
    -3.378611583488));
#547 = CARTESIAN_POINT('',(-1.604994414756,-14.41111517603,
    -3.417049696036));
#548 = CARTESIAN_POINT('',(-1.539908836077,-14.41831274803,
    -3.44931425772));
#549 = CARTESIAN_POINT('',(-1.470628073122,-14.42558693991,
    -3.474353194785));
#550 = CARTESIAN_POINT('',(-1.39833825285,-14.4327350247,-3.491402292147
    ));
#551 = CARTESIAN_POINT('',(-1.324343809294,-14.43958731608,-3.5));
#552 = CARTESIAN_POINT('',(-1.25,-14.44602021319,-3.5));
#553 = PCURVE('',#32,#554);
#554 = DEFINITIONAL_REPRESENTATION('',(#555),#570);
#555 = B_SPLINE_CURVE_WITH_KNOTS('',7,(#556,#557,#558,#559,#560,#561,
    #562,#563,#564,#565,#566,#567,#568,#569),.UNSPECIFIED.,.F.,.F.,(8,6,
    8),(0.,0.594511892596,1.),.UNSPECIFIED.);
#556 = CARTESIAN_POINT('',(4.574016803,3.25));
#557 = CARTESIAN_POINT('',(4.574016803,3.157067243247));
#558 = CARTESIAN_POINT('',(4.574952267122,3.063918251204));
#559 = CARTESIAN_POINT('',(4.5768310159,2.972420846845));
#560 = CARTESIAN_POINT('',(4.579652961021,2.884523248968));
#561 = CARTESIAN_POINT('',(4.58340529004,2.80232830234));
#562 = CARTESIAN_POINT('',(4.588060155488,2.728145623921));
#563 = CARTESIAN_POINT('',(4.597315404081,2.621388416512));
#564 = CARTESIAN_POINT('',(4.601474115613,2.582950303964));
#565 = CARTESIAN_POINT('',(4.605990054106,2.55068574228));
#566 = CARTESIAN_POINT('',(4.610794160616,2.525646805215));
#567 = CARTESIAN_POINT('',(4.615803824166,2.508597707853));
#568 = CARTESIAN_POINT('',(4.620928631197,2.5));
#569 = CARTESIAN_POINT('',(4.626074948882,2.5));
#570 = ( GEOMETRIC_REPRESENTATION_CONTEXT(2) 
PARAMETRIC_REPRESENTATION_CONTEXT() REPRESENTATION_CONTEXT('2D SPACE',''
  ) );
#571 = PCURVE('',#572,#577);
#572 = CYLINDRICAL_SURFACE('',#573,0.75);
#573 = AXIS2_PLACEMENT_3D('',#574,#575,#576);
#574 = CARTESIAN_POINT('',(-1.25,-16.5,-2.75));
#575 = DIRECTION('',(0.,1.,0.));
#576 = DIRECTION('',(-1.,0.,0.));
#577 = DEFINITIONAL_REPRESENTATION('',(#578),#593);
#578 = B_SPLINE_CURVE_WITH_KNOTS('',7,(#579,#580,#581,#582,#583,#584,
    #585,#586,#587,#588,#589,#590,#591,#592),.UNSPECIFIED.,.F.,.F.,(8,6,
    8),(0.,0.594511892596,1.),.UNSPECIFIED.);
#579 = CARTESIAN_POINT('',(0.,2.138593383655));
#580 = CARTESIAN_POINT('',(-0.123910342337,2.138593383655));
#581 = CARTESIAN_POINT('',(-0.248108833728,2.136722470036));
#582 = CARTESIAN_POINT('',(-0.37321353962,2.132964899837));
#583 = CARTESIAN_POINT('',(-0.499796015189,2.127400362654));
#584 = CARTESIAN_POINT('',(-0.628488346833,2.120215789392));
#585 = CARTESIAN_POINT('',(-0.760007138568,2.111705822084));
#586 = CARTESIAN_POINT('',(-0.987667458556,2.095796679182));
#587 = CARTESIAN_POINT('',(-1.082046103588,2.088884823965));
#588 = CARTESIAN_POINT('',(-1.177956396808,2.081687251963));
#589 = CARTESIAN_POINT('',(-1.275033740546,2.074413060082));
#590 = CARTESIAN_POINT('',(-1.373012348091,2.067264975294));
#591 = CARTESIAN_POINT('',(-1.471671247736,2.060412683912));
#592 = CARTESIAN_POINT('',(-1.570796326795,2.053979786806));
#593 = ( GEOMETRIC_REPRESENTATION_CONTEXT(2) 
PARAMETRIC_REPRESENTATION_CONTEXT() REPRESENTATION_CONTEXT('2D SPACE',''
  ) );
#594 = ORIENTED_EDGE('',*,*,#595,.T.);
#595 = EDGE_CURVE('',#533,#596,#598,.T.);
#596 = VERTEX_POINT('',#597);
#597 = CARTESIAN_POINT('',(-2.,-14.36140661634,2.75));
#598 = SURFACE_CURVE('',#599,(#603,#609),.PCURVE_S1.);
#599 = LINE('',#600,#601);
#600 = CARTESIAN_POINT('',(-2.,-14.36140661634,-6.));
#601 = VECTOR('',#602,1.);
#602 = DIRECTION('',(0.,0.,1.));
#603 = PCURVE('',#32,#604);
#604 = DEFINITIONAL_REPRESENTATION('',(#605),#608);
#605 = B_SPLINE_CURVE_WITH_KNOTS('',1,(#606,#607),.UNSPECIFIED.,.F.,.F.,
  (2,2),(2.7,9.3),.PIECEWISE_BEZIER_KNOTS.);
#606 = CARTESIAN_POINT('',(4.574016803,2.7));
#607 = CARTESIAN_POINT('',(4.574016803,9.3));
#608 = ( GEOMETRIC_REPRESENTATION_CONTEXT(2) 
PARAMETRIC_REPRESENTATION_CONTEXT() REPRESENTATION_CONTEXT('2D SPACE',''
  ) );
#609 = PCURVE('',#610,#615);
#610 = PLANE('',#611);
#611 = AXIS2_PLACEMENT_3D('',#612,#613,#614);
#612 = CARTESIAN_POINT('',(-2.,-16.5,-3.5));
#613 = DIRECTION('',(1.,0.,0.));
#614 = DIRECTION('',(0.,0.,1.));
#615 = DEFINITIONAL_REPRESENTATION('',(#616),#619);
#616 = B_SPLINE_CURVE_WITH_KNOTS('',1,(#617,#618),.UNSPECIFIED.,.F.,.F.,
  (2,2),(2.7,9.3),.PIECEWISE_BEZIER_KNOTS.);
#617 = CARTESIAN_POINT('',(0.2,-2.138593383655));
#618 = CARTESIAN_POINT('',(6.8,-2.138593383655));
#619 = ( GEOMETRIC_REPRESENTATION_CONTEXT(2) 
PARAMETRIC_REPRESENTATION_CONTEXT() REPRESENTATION_CONTEXT('2D SPACE',''
  ) );
#620 = ORIENTED_EDGE('',*,*,#621,.T.);
#621 = EDGE_CURVE('',#596,#622,#624,.T.);
#622 = VERTEX_POINT('',#623);
#623 = CARTESIAN_POINT('',(-1.25,-14.44602021319,3.5));
#624 = SURFACE_CURVE('',#625,(#640,#658),.PCURVE_S1.);
#625 = B_SPLINE_CURVE_WITH_KNOTS('',7,(#626,#627,#628,#629,#630,#631,
    #632,#633,#634,#635,#636,#637,#638,#639),.UNSPECIFIED.,.F.,.F.,(8,6,
    8),(0.,0.594511892596,1.),.UNSPECIFIED.);
#626 = CARTESIAN_POINT('',(-2.,-14.36140661634,2.75));
#627 = CARTESIAN_POINT('',(-2.,-14.36140661634,2.842932756753));
#628 = CARTESIAN_POINT('',(-1.986565421409,-14.36327752996,
    2.936081748796));
#629 = CARTESIAN_POINT('',(-1.959583935453,-14.36703510016,
    3.027579153155));
#630 = CARTESIAN_POINT('',(-1.919045838317,-14.37259963734,
    3.115476751032));
#631 = CARTESIAN_POINT('',(-1.865112427766,-14.3797842106,3.19767169766)
  );
#632 = CARTESIAN_POINT('',(-1.798153542041,-14.38829417791,
    3.271854376079));
#633 = CARTESIAN_POINT('',(-1.664898764843,-14.40420332081,
    3.378611583488));
#634 = CARTESIAN_POINT('',(-1.604994414756,-14.41111517603,
    3.417049696036));
#635 = CARTESIAN_POINT('',(-1.539908836077,-14.41831274803,3.44931425772
    ));
#636 = CARTESIAN_POINT('',(-1.470628073122,-14.42558693991,
    3.474353194785));
#637 = CARTESIAN_POINT('',(-1.39833825285,-14.4327350247,3.491402292147)
  );
#638 = CARTESIAN_POINT('',(-1.324343809294,-14.43958731608,3.5));
#639 = CARTESIAN_POINT('',(-1.25,-14.44602021319,3.5));
#640 = PCURVE('',#32,#641);
#641 = DEFINITIONAL_REPRESENTATION('',(#642),#657);
#642 = B_SPLINE_CURVE_WITH_KNOTS('',7,(#643,#644,#645,#646,#647,#648,
    #649,#650,#651,#652,#653,#654,#655,#656),.UNSPECIFIED.,.F.,.F.,(8,6,
    8),(0.,0.594511892596,1.),.UNSPECIFIED.);
#643 = CARTESIAN_POINT('',(4.574016803,8.75));
#644 = CARTESIAN_POINT('',(4.574016803,8.842932756753));
#645 = CARTESIAN_POINT('',(4.574952267122,8.936081748796));
#646 = CARTESIAN_POINT('',(4.5768310159,9.027579153155));
#647 = CARTESIAN_POINT('',(4.579652961021,9.115476751032));
#648 = CARTESIAN_POINT('',(4.58340529004,9.19767169766));
#649 = CARTESIAN_POINT('',(4.588060155488,9.271854376079));
#650 = CARTESIAN_POINT('',(4.597315404081,9.378611583488));
#651 = CARTESIAN_POINT('',(4.601474115613,9.417049696036));
#652 = CARTESIAN_POINT('',(4.605990054106,9.44931425772));
#653 = CARTESIAN_POINT('',(4.610794160616,9.474353194785));
#654 = CARTESIAN_POINT('',(4.615803824166,9.491402292147));
#655 = CARTESIAN_POINT('',(4.620928631197,9.5));
#656 = CARTESIAN_POINT('',(4.626074948882,9.5));
#657 = ( GEOMETRIC_REPRESENTATION_CONTEXT(2) 
PARAMETRIC_REPRESENTATION_CONTEXT() REPRESENTATION_CONTEXT('2D SPACE',''
  ) );
#658 = PCURVE('',#659,#664);
#659 = CYLINDRICAL_SURFACE('',#660,0.75);
#660 = AXIS2_PLACEMENT_3D('',#661,#662,#663);
#661 = CARTESIAN_POINT('',(-1.25,-16.5,2.75));
#662 = DIRECTION('',(0.,1.,0.));
#663 = DIRECTION('',(-1.,0.,0.));
#664 = DEFINITIONAL_REPRESENTATION('',(#665),#680);
#665 = B_SPLINE_CURVE_WITH_KNOTS('',7,(#666,#667,#668,#669,#670,#671,
    #672,#673,#674,#675,#676,#677,#678,#679),.UNSPECIFIED.,.F.,.F.,(8,6,
    8),(0.,0.594511892596,1.),.UNSPECIFIED.);
#666 = CARTESIAN_POINT('',(0.,2.138593383655));
#667 = CARTESIAN_POINT('',(0.123910342337,2.138593383655));
#668 = CARTESIAN_POINT('',(0.248108833728,2.136722470036));
#669 = CARTESIAN_POINT('',(0.37321353962,2.132964899837));
#670 = CARTESIAN_POINT('',(0.499796015189,2.127400362654));
#671 = CARTESIAN_POINT('',(0.628488346833,2.120215789392));
#672 = CARTESIAN_POINT('',(0.760007138568,2.111705822084));
#673 = CARTESIAN_POINT('',(0.987667458556,2.095796679182));
#674 = CARTESIAN_POINT('',(1.082046103588,2.088884823965));
#675 = CARTESIAN_POINT('',(1.177956396808,2.081687251963));
#676 = CARTESIAN_POINT('',(1.275033740546,2.074413060082));
#677 = CARTESIAN_POINT('',(1.373012348091,2.067264975294));
#678 = CARTESIAN_POINT('',(1.471671247736,2.060412683912));
#679 = CARTESIAN_POINT('',(1.570796326795,2.053979786806));
#680 = ( GEOMETRIC_REPRESENTATION_CONTEXT(2) 
PARAMETRIC_REPRESENTATION_CONTEXT() REPRESENTATION_CONTEXT('2D SPACE',''
  ) );
#681 = ORIENTED_EDGE('',*,*,#682,.T.);
#682 = EDGE_CURVE('',#622,#683,#685,.T.);
#683 = VERTEX_POINT('',#684);
#684 = CARTESIAN_POINT('',(1.25,-14.44602021319,3.5));
#685 = SURFACE_CURVE('',#686,(#691,#698),.PCURVE_S1.);
#686 = CIRCLE('',#687,14.5);
#687 = AXIS2_PLACEMENT_3D('',#688,#689,#690);
#688 = CARTESIAN_POINT('',(0.,0.,3.5));
#689 = DIRECTION('',(0.,0.,1.));
#690 = DIRECTION('',(1.,0.,-0.));
#691 = PCURVE('',#32,#692);
#692 = DEFINITIONAL_REPRESENTATION('',(#693),#697);
#693 = LINE('',#694,#695);
#694 = CARTESIAN_POINT('',(0.,9.5));
#695 = VECTOR('',#696,1.);
#696 = DIRECTION('',(1.,0.));
#697 = ( GEOMETRIC_REPRESENTATION_CONTEXT(2) 
PARAMETRIC_REPRESENTATION_CONTEXT() REPRESENTATION_CONTEXT('2D SPACE',''
  ) );
#698 = PCURVE('',#699,#704);
#699 = PLANE('',#700);
#700 = AXIS2_PLACEMENT_3D('',#701,#702,#703);
#701 = CARTESIAN_POINT('',(-2.,-16.5,3.5));
#702 = DIRECTION('',(0.,0.,1.));
#703 = DIRECTION('',(1.,0.,0.));
#704 = DEFINITIONAL_REPRESENTATION('',(#705),#709);
#705 = CIRCLE('',#706,14.5);
#706 = AXIS2_PLACEMENT_2D('',#707,#708);
#707 = CARTESIAN_POINT('',(2.,16.5));
#708 = DIRECTION('',(1.,0.));
#709 = ( GEOMETRIC_REPRESENTATION_CONTEXT(2) 
PARAMETRIC_REPRESENTATION_CONTEXT() REPRESENTATION_CONTEXT('2D SPACE',''
  ) );
#710 = ORIENTED_EDGE('',*,*,#711,.F.);
#711 = EDGE_CURVE('',#712,#683,#714,.T.);
#712 = VERTEX_POINT('',#713);
#713 = CARTESIAN_POINT('',(2.,-14.36140661634,2.75));
#714 = SURFACE_CURVE('',#715,(#730,#748),.PCURVE_S1.);
#715 = B_SPLINE_CURVE_WITH_KNOTS('',7,(#716,#717,#718,#719,#720,#721,
    #722,#723,#724,#725,#726,#727,#728,#729),.UNSPECIFIED.,.F.,.F.,(8,6,
    8),(0.,0.584665385995,1.),.UNSPECIFIED.);
#716 = CARTESIAN_POINT('',(2.,-14.36140661634,2.75));
#717 = CARTESIAN_POINT('',(2.,-14.36140661634,2.841413874882));
#718 = CARTESIAN_POINT('',(1.987000988881,-14.36321687509,2.933005208003
    ));
#719 = CARTESIAN_POINT('',(1.960912248435,-14.36685010545,3.023013319084
    ));
#720 = CARTESIAN_POINT('',(1.921725013172,-14.3722316976,3.109603816675)
  );
#721 = CARTESIAN_POINT('',(1.869579076716,-14.37918871383,3.19079516436)
  );
#722 = CARTESIAN_POINT('',(1.804800166072,-14.38744831503,3.264406557376
    ));
#723 = CARTESIAN_POINT('',(1.673558988471,-14.40320153134,3.372978701762
    ));
#724 = CARTESIAN_POINT('',(1.612832488248,-14.41024632068,3.413112417898
    ));
#725 = CARTESIAN_POINT('',(1.546596003756,-14.41760895971,3.446862604603
    ));
#726 = CARTESIAN_POINT('',(1.47588288093,-14.42506623256,3.473093131231)
  );
#727 = CARTESIAN_POINT('',(1.401946450993,-14.43240045075,3.490974439409
    ));
#728 = CARTESIAN_POINT('',(1.326171063366,-14.43942920558,3.5));
#729 = CARTESIAN_POINT('',(1.25,-14.44602021319,3.5));
#730 = PCURVE('',#32,#731);
#731 = DEFINITIONAL_REPRESENTATION('',(#732),#747);
#732 = B_SPLINE_CURVE_WITH_KNOTS('',7,(#733,#734,#735,#736,#737,#738,
    #739,#740,#741,#742,#743,#744,#745,#746),.UNSPECIFIED.,.F.,.F.,(8,6,
    8),(0.,0.584665385995,1.),.UNSPECIFIED.);
#733 = CARTESIAN_POINT('',(4.85076115777,8.75));
#734 = CARTESIAN_POINT('',(4.85076115777,8.841413874882));
#735 = CARTESIAN_POINT('',(4.849856022709,8.933005208003));
#736 = CARTESIAN_POINT('',(4.848039436575,9.023013319084));
#737 = CARTESIAN_POINT('',(4.845311504865,9.109603816675));
#738 = CARTESIAN_POINT('',(4.84168343493,9.19079516436));
#739 = CARTESIAN_POINT('',(4.837179877396,9.264406557376));
#740 = CARTESIAN_POINT('',(4.828063791465,9.372978701762));
#741 = CARTESIAN_POINT('',(4.823847702706,9.413112417898));
#742 = CARTESIAN_POINT('',(4.819251623859,9.446862604603));
#743 = CARTESIAN_POINT('',(4.814347964028,9.473093131231));
#744 = CARTESIAN_POINT('',(4.809224040665,9.490974439409));
#745 = CARTESIAN_POINT('',(4.803975817978,9.5));
#746 = CARTESIAN_POINT('',(4.798703011888,9.5));
#747 = ( GEOMETRIC_REPRESENTATION_CONTEXT(2) 
PARAMETRIC_REPRESENTATION_CONTEXT() REPRESENTATION_CONTEXT('2D SPACE',''
  ) );
#748 = PCURVE('',#749,#754);
#749 = CYLINDRICAL_SURFACE('',#750,0.75);
#750 = AXIS2_PLACEMENT_3D('',#751,#752,#753);
#751 = CARTESIAN_POINT('',(1.25,-16.5,2.75));
#752 = DIRECTION('',(0.,1.,0.));
#753 = DIRECTION('',(1.,0.,-0.));
#754 = DEFINITIONAL_REPRESENTATION('',(#755),#770);
#755 = B_SPLINE_CURVE_WITH_KNOTS('',7,(#756,#757,#758,#759,#760,#761,
    #762,#763,#764,#765,#766,#767,#768,#769),.UNSPECIFIED.,.F.,.F.,(8,6,
    8),(0.,0.584665385995,1.),.UNSPECIFIED.);
#756 = CARTESIAN_POINT('',(0.,2.138593383655));
#757 = CARTESIAN_POINT('',(-0.12188516651,2.138593383655));
#758 = CARTESIAN_POINT('',(-0.244006822587,2.136783124909));
#759 = CARTESIAN_POINT('',(-0.366975728797,2.133149894541));
#760 = CARTESIAN_POINT('',(-0.491352750712,2.127768302399));
#761 = CARTESIAN_POINT('',(-0.617751771947,2.120811286163));
#762 = CARTESIAN_POINT('',(-0.746864883142,2.112551684966));
#763 = CARTESIAN_POINT('',(-0.973970956195,2.096798468654));
#764 = CARTESIAN_POINT('',(-1.070467496671,2.089753679318));
#765 = CARTESIAN_POINT('',(-1.168572213141,2.08239104029));
#766 = CARTESIAN_POINT('',(-1.267906967739,2.07493376744));
#767 = CARTESIAN_POINT('',(-1.368201482222,2.067599549245));
#768 = CARTESIAN_POINT('',(-1.469234908974,2.06057079442));
#769 = CARTESIAN_POINT('',(-1.570796326795,2.053979786806));
#770 = ( GEOMETRIC_REPRESENTATION_CONTEXT(2) 
PARAMETRIC_REPRESENTATION_CONTEXT() REPRESENTATION_CONTEXT('2D SPACE',''
  ) );
#771 = ORIENTED_EDGE('',*,*,#772,.F.);
#772 = EDGE_CURVE('',#773,#712,#775,.T.);
#773 = VERTEX_POINT('',#774);
#774 = CARTESIAN_POINT('',(2.,-14.36140661634,-2.75));
#775 = SURFACE_CURVE('',#776,(#780,#786),.PCURVE_S1.);
#776 = LINE('',#777,#778);
#777 = CARTESIAN_POINT('',(2.,-14.36140661634,-6.));
#778 = VECTOR('',#779,1.);
#779 = DIRECTION('',(0.,0.,1.));
#780 = PCURVE('',#32,#781);
#781 = DEFINITIONAL_REPRESENTATION('',(#782),#785);
#782 = B_SPLINE_CURVE_WITH_KNOTS('',1,(#783,#784),.UNSPECIFIED.,.F.,.F.,
  (2,2),(2.7,9.3),.PIECEWISE_BEZIER_KNOTS.);
#783 = CARTESIAN_POINT('',(4.85076115777,2.7));
#784 = CARTESIAN_POINT('',(4.85076115777,9.3));
#785 = ( GEOMETRIC_REPRESENTATION_CONTEXT(2) 
PARAMETRIC_REPRESENTATION_CONTEXT() REPRESENTATION_CONTEXT('2D SPACE',''
  ) );
#786 = PCURVE('',#787,#792);
#787 = PLANE('',#788);
#788 = AXIS2_PLACEMENT_3D('',#789,#790,#791);
#789 = CARTESIAN_POINT('',(2.,-16.5,-3.5));
#790 = DIRECTION('',(1.,0.,0.));
#791 = DIRECTION('',(0.,0.,1.));
#792 = DEFINITIONAL_REPRESENTATION('',(#793),#796);
#793 = B_SPLINE_CURVE_WITH_KNOTS('',1,(#794,#795),.UNSPECIFIED.,.F.,.F.,
  (2,2),(2.7,9.3),.PIECEWISE_BEZIER_KNOTS.);
#794 = CARTESIAN_POINT('',(0.2,-2.138593383655));
#795 = CARTESIAN_POINT('',(6.8,-2.138593383655));
#796 = ( GEOMETRIC_REPRESENTATION_CONTEXT(2) 
PARAMETRIC_REPRESENTATION_CONTEXT() REPRESENTATION_CONTEXT('2D SPACE',''
  ) );
#797 = ORIENTED_EDGE('',*,*,#798,.T.);
#798 = EDGE_CURVE('',#773,#799,#801,.T.);
#799 = VERTEX_POINT('',#800);
#800 = CARTESIAN_POINT('',(1.25,-14.44602021319,-3.5));
#801 = SURFACE_CURVE('',#802,(#817,#835),.PCURVE_S1.);
#802 = B_SPLINE_CURVE_WITH_KNOTS('',7,(#803,#804,#805,#806,#807,#808,
    #809,#810,#811,#812,#813,#814,#815,#816),.UNSPECIFIED.,.F.,.F.,(8,6,
    8),(0.,0.584665385995,1.),.UNSPECIFIED.);
#803 = CARTESIAN_POINT('',(2.,-14.36140661634,-2.75));
#804 = CARTESIAN_POINT('',(2.,-14.36140661634,-2.841413874882));
#805 = CARTESIAN_POINT('',(1.987000988881,-14.36321687509,
    -2.933005208003));
#806 = CARTESIAN_POINT('',(1.960912248435,-14.36685010545,
    -3.023013319084));
#807 = CARTESIAN_POINT('',(1.921725013172,-14.3722316976,-3.109603816675
    ));
#808 = CARTESIAN_POINT('',(1.869579076716,-14.37918871383,-3.19079516436
    ));
#809 = CARTESIAN_POINT('',(1.804800166072,-14.38744831503,
    -3.264406557376));
#810 = CARTESIAN_POINT('',(1.673558988471,-14.40320153134,
    -3.372978701762));
#811 = CARTESIAN_POINT('',(1.612832488248,-14.41024632068,
    -3.413112417898));
#812 = CARTESIAN_POINT('',(1.546596003756,-14.41760895971,
    -3.446862604603));
#813 = CARTESIAN_POINT('',(1.47588288093,-14.42506623256,-3.473093131231
    ));
#814 = CARTESIAN_POINT('',(1.401946450993,-14.43240045075,
    -3.490974439409));
#815 = CARTESIAN_POINT('',(1.326171063366,-14.43942920558,-3.5));
#816 = CARTESIAN_POINT('',(1.25,-14.44602021319,-3.5));
#817 = PCURVE('',#32,#818);
#818 = DEFINITIONAL_REPRESENTATION('',(#819),#834);
#819 = B_SPLINE_CURVE_WITH_KNOTS('',7,(#820,#821,#822,#823,#824,#825,
    #826,#827,#828,#829,#830,#831,#832,#833),.UNSPECIFIED.,.F.,.F.,(8,6,
    8),(0.,0.584665385995,1.),.UNSPECIFIED.);
#820 = CARTESIAN_POINT('',(4.85076115777,3.25));
#821 = CARTESIAN_POINT('',(4.85076115777,3.158586125118));
#822 = CARTESIAN_POINT('',(4.849856022709,3.066994791997));
#823 = CARTESIAN_POINT('',(4.848039436575,2.976986680916));
#824 = CARTESIAN_POINT('',(4.845311504865,2.890396183325));
#825 = CARTESIAN_POINT('',(4.84168343493,2.80920483564));
#826 = CARTESIAN_POINT('',(4.837179877396,2.735593442624));
#827 = CARTESIAN_POINT('',(4.828063791465,2.627021298238));
#828 = CARTESIAN_POINT('',(4.823847702706,2.586887582102));
#829 = CARTESIAN_POINT('',(4.819251623859,2.553137395397));
#830 = CARTESIAN_POINT('',(4.814347964028,2.526906868769));
#831 = CARTESIAN_POINT('',(4.809224040665,2.509025560591));
#832 = CARTESIAN_POINT('',(4.803975817978,2.5));
#833 = CARTESIAN_POINT('',(4.798703011888,2.5));
#834 = ( GEOMETRIC_REPRESENTATION_CONTEXT(2) 
PARAMETRIC_REPRESENTATION_CONTEXT() REPRESENTATION_CONTEXT('2D SPACE',''
  ) );
#835 = PCURVE('',#836,#841);
#836 = CYLINDRICAL_SURFACE('',#837,0.75);
#837 = AXIS2_PLACEMENT_3D('',#838,#839,#840);
#838 = CARTESIAN_POINT('',(1.25,-16.5,-2.75));
#839 = DIRECTION('',(0.,1.,0.));
#840 = DIRECTION('',(1.,0.,-0.));
#841 = DEFINITIONAL_REPRESENTATION('',(#842),#857);
#842 = B_SPLINE_CURVE_WITH_KNOTS('',7,(#843,#844,#845,#846,#847,#848,
    #849,#850,#851,#852,#853,#854,#855,#856),.UNSPECIFIED.,.F.,.F.,(8,6,
    8),(0.,0.584665385995,1.),.UNSPECIFIED.);
#843 = CARTESIAN_POINT('',(0.,2.138593383655));
#844 = CARTESIAN_POINT('',(0.12188516651,2.138593383655));
#845 = CARTESIAN_POINT('',(0.244006822587,2.136783124909));
#846 = CARTESIAN_POINT('',(0.366975728797,2.133149894541));
#847 = CARTESIAN_POINT('',(0.491352750712,2.127768302399));
#848 = CARTESIAN_POINT('',(0.617751771947,2.120811286163));
#849 = CARTESIAN_POINT('',(0.746864883142,2.112551684966));
#850 = CARTESIAN_POINT('',(0.973970956195,2.096798468654));
#851 = CARTESIAN_POINT('',(1.070467496671,2.089753679318));
#852 = CARTESIAN_POINT('',(1.168572213141,2.08239104029));
#853 = CARTESIAN_POINT('',(1.267906967739,2.07493376744));
#854 = CARTESIAN_POINT('',(1.368201482222,2.067599549245));
#855 = CARTESIAN_POINT('',(1.469234908974,2.06057079442));
#856 = CARTESIAN_POINT('',(1.570796326795,2.053979786806));
#857 = ( GEOMETRIC_REPRESENTATION_CONTEXT(2) 
PARAMETRIC_REPRESENTATION_CONTEXT() REPRESENTATION_CONTEXT('2D SPACE',''
  ) );
#858 = ORIENTED_EDGE('',*,*,#859,.F.);
#859 = EDGE_CURVE('',#535,#799,#860,.T.);
#860 = SURFACE_CURVE('',#861,(#866,#873),.PCURVE_S1.);
#861 = CIRCLE('',#862,14.5);
#862 = AXIS2_PLACEMENT_3D('',#863,#864,#865);
#863 = CARTESIAN_POINT('',(0.,0.,-3.5));
#864 = DIRECTION('',(0.,0.,1.));
#865 = DIRECTION('',(1.,0.,-0.));
#866 = PCURVE('',#32,#867);
#867 = DEFINITIONAL_REPRESENTATION('',(#868),#872);
#868 = LINE('',#869,#870);
#869 = CARTESIAN_POINT('',(0.,2.5));
#870 = VECTOR('',#871,1.);
#871 = DIRECTION('',(1.,0.));
#872 = ( GEOMETRIC_REPRESENTATION_CONTEXT(2) 
PARAMETRIC_REPRESENTATION_CONTEXT() REPRESENTATION_CONTEXT('2D SPACE',''
  ) );
#873 = PCURVE('',#874,#879);
#874 = PLANE('',#875);
#875 = AXIS2_PLACEMENT_3D('',#876,#877,#878);
#876 = CARTESIAN_POINT('',(-2.,-16.5,-3.5));
#877 = DIRECTION('',(0.,0.,1.));
#878 = DIRECTION('',(1.,0.,0.));
#879 = DEFINITIONAL_REPRESENTATION('',(#880),#884);
#880 = CIRCLE('',#881,14.5);
#881 = AXIS2_PLACEMENT_2D('',#882,#883);
#882 = CARTESIAN_POINT('',(2.,16.5));
#883 = DIRECTION('',(1.,0.));
#884 = ( GEOMETRIC_REPRESENTATION_CONTEXT(2) 
PARAMETRIC_REPRESENTATION_CONTEXT() REPRESENTATION_CONTEXT('2D SPACE',''
  ) );
#885 = FACE_BOUND('',#886,.T.);
#886 = EDGE_LOOP('',(#887,#926,#1056,#1082,#1182,#1219,#1248,#1282,#1475
    ,#1501,#1706,#1740));
#887 = ORIENTED_EDGE('',*,*,#888,.F.);
#888 = EDGE_CURVE('',#889,#891,#893,.T.);
#889 = VERTEX_POINT('',#890);
#890 = CARTESIAN_POINT('',(-4.267072278641,13.857925319789,
    -0.429913134103));
#891 = VERTEX_POINT('',#892);
#892 = CARTESIAN_POINT('',(-4.736832980505,13.704466911004,-0.5));
#893 = SURFACE_CURVE('',#894,(#901,#911),.PCURVE_S1.);
#894 = B_SPLINE_CURVE_WITH_KNOTS('',5,(#895,#896,#897,#898,#899,#900),
  .UNSPECIFIED.,.F.,.F.,(6,6),(0.,1.),.PIECEWISE_BEZIER_KNOTS.);
#895 = CARTESIAN_POINT('',(-4.267071436024,13.857925579244,
    -0.429912878609));
#896 = CARTESIAN_POINT('',(-4.357861359675,13.829969945648,-0.4574417054
    ));
#897 = CARTESIAN_POINT('',(-4.451155589628,13.800429240356,
    -0.478477546301));
#898 = CARTESIAN_POINT('',(-4.546016744025,13.769493769801,
    -0.492747717615));
#899 = CARTESIAN_POINT('',(-4.641540620002,13.737403908769,-0.5));
#900 = CARTESIAN_POINT('',(-4.736832980505,13.704466911004,-0.5));
#901 = PCURVE('',#32,#902);
#902 = DEFINITIONAL_REPRESENTATION('',(#903),#910);
#903 = B_SPLINE_CURVE_WITH_KNOTS('',5,(#904,#905,#906,#907,#908,#909),
  .UNSPECIFIED.,.F.,.F.,(6,6),(0.,1.),.PIECEWISE_BEZIER_KNOTS.);
#904 = CARTESIAN_POINT('',(1.869499223911,5.570087121391));
#905 = CARTESIAN_POINT('',(1.876050704011,5.5425582946));
#906 = CARTESIAN_POINT('',(1.882799416954,5.521522453699));
#907 = CARTESIAN_POINT('',(1.889680298661,5.507252282385));
#908 = CARTESIAN_POINT('',(1.896629682771,5.5));
#909 = CARTESIAN_POINT('',(1.90358306236,5.5));
#910 = ( GEOMETRIC_REPRESENTATION_CONTEXT(2) 
PARAMETRIC_REPRESENTATION_CONTEXT() REPRESENTATION_CONTEXT('2D SPACE',''
  ) );
#911 = PCURVE('',#912,#917);
#912 = CYLINDRICAL_SURFACE('',#913,1.);
#913 = AXIS2_PLACEMENT_3D('',#914,#915,#916);
#914 = CARTESIAN_POINT('',(-7.915063509461,15.539419162443,0.5));
#915 = DIRECTION('',(0.866025403784,-0.5,0.));
#916 = DIRECTION('',(0.5,0.866025403784,0.));
#917 = DEFINITIONAL_REPRESENTATION('',(#918),#925);
#918 = B_SPLINE_CURVE_WITH_KNOTS('',5,(#919,#920,#921,#922,#923,#924),
  .UNSPECIFIED.,.F.,.F.,(6,6),(0.,1.),.PIECEWISE_BEZIER_KNOTS.);
#919 = CARTESIAN_POINT('',(-1.194175888888,4.0000006));
#920 = CARTESIAN_POINT('',(-1.269027256472,3.935352036509));
#921 = CARTESIAN_POINT('',(-1.34393145108,3.869327215989));
#922 = CARTESIAN_POINT('',(-1.419073218794,3.802642781726));
#923 = CARTESIAN_POINT('',(-1.494625869755,3.735961608978));
#924 = CARTESIAN_POINT('',(-1.570796326795,3.669904502879));
#925 = ( GEOMETRIC_REPRESENTATION_CONTEXT(2) 
PARAMETRIC_REPRESENTATION_CONTEXT() REPRESENTATION_CONTEXT('2D SPACE',''
  ) );
#926 = ORIENTED_EDGE('',*,*,#927,.F.);
#927 = EDGE_CURVE('',#928,#889,#930,.T.);
#928 = VERTEX_POINT('',#929);
#929 = CARTESIAN_POINT('',(-3.590239555236,14.048493867174,0.5));
#930 = SURFACE_CURVE('',#931,(#969,#1010),.PCURVE_S1.);
#931 = B_SPLINE_CURVE_WITH_KNOTS('',8,(#932,#933,#934,#935,#936,#937,
    #938,#939,#940,#941,#942,#943,#944,#945,#946,#947,#948,#949,#950,
    #951,#952,#953,#954,#955,#956,#957,#958,#959,#960,#961,#962,#963,
    #964,#965,#966,#967,#968),.UNSPECIFIED.,.F.,.F.,(9,7,7,7,7,9),(0.,
    0.578941556793,0.708256679756,0.792135287978,0.910136666013,1.),
  .UNSPECIFIED.);
#932 = CARTESIAN_POINT('',(-3.590239555236,14.048493867174,0.5));
#933 = CARTESIAN_POINT('',(-3.590239555236,14.048493867174,
    0.411462534703));
#934 = CARTESIAN_POINT('',(-3.59928057739,14.046183391946,0.323291725637
    ));
#935 = CARTESIAN_POINT('',(-3.617235550378,14.041594611052,
    0.235890563913));
#936 = CARTESIAN_POINT('',(-3.644206920211,14.034667489054,
    0.149898346438));
#937 = CARTESIAN_POINT('',(-3.68033369322,14.025297859739,
    6.618464657303E-02));
#938 = CARTESIAN_POINT('',(-3.725644677496,14.013372835491,
    -1.41583185099E-02));
#939 = CARTESIAN_POINT('',(-3.780007040304,13.9987780769,
    -8.981301438077E-02));
#940 = CARTESIAN_POINT('',(-3.856826253582,13.97766442702,-0.17483069587
    ));
#941 = CARTESIAN_POINT('',(-3.871266190485,13.973678331036,
    -0.190038852796));
#942 = CARTESIAN_POINT('',(-3.886110865802,13.969561903083,
    -0.204914687111));
#943 = CARTESIAN_POINT('',(-3.901347280798,13.965316883186,
    -0.219437835009));
#944 = CARTESIAN_POINT('',(-3.916958097616,13.960946241017,
    -0.233586019843));
#945 = CARTESIAN_POINT('',(-3.932920927908,13.956454451082,
    -0.247335746104));
#946 = CARTESIAN_POINT('',(-3.949207621458,13.951847767915,
    -0.260662993396));
#947 = CARTESIAN_POINT('',(-3.976535322941,13.944077300861,
    -0.281898953262));
#948 = CARTESIAN_POINT('',(-3.987408140154,13.940975442412,
    -0.290065731214));
#949 = CARTESIAN_POINT('',(-3.998392291726,13.937831276033,
    -0.298037584149));
#950 = CARTESIAN_POINT('',(-4.009476293082,13.93464769914,
    -0.305807505778));
#951 = CARTESIAN_POINT('',(-4.020646882453,13.931428176753,
    -0.313368382547));
#952 = CARTESIAN_POINT('',(-4.031889013546,13.928176761802,
    -0.320713232529));
#953 = CARTESIAN_POINT('',(-4.043185848211,13.924898115439,
    -0.327835444317));
#954 = CARTESIAN_POINT('',(-4.070462002715,13.916954222533,
    -0.344426970691));
#955 = CARTESIAN_POINT('',(-4.08647964158,13.912266632821,
    -0.353674459102));
#956 = CARTESIAN_POINT('',(-4.102515921978,13.907550542779,
    -0.362451297109));
#957 = CARTESIAN_POINT('',(-4.118508795906,13.902824101072,
    -0.37074202143));
#958 = CARTESIAN_POINT('',(-4.13439247981,13.898107060937,
    -0.378536554104));
#959 = CARTESIAN_POINT('',(-4.150100023307,13.893420020653,
    -0.38583086706));
#960 = CARTESIAN_POINT('',(-4.165565877915,13.888783664025,
    -0.39262764668));
#961 = CARTESIAN_POINT('',(-4.192275455477,13.880741043893,
    -0.403741781777));
#962 = CARTESIAN_POINT('',(-4.203648749751,13.877304416895,
    -0.408264638579));
#963 = CARTESIAN_POINT('',(-4.214821227876,13.873916910515,
    -0.412509742169));
#964 = CARTESIAN_POINT('',(-4.225770999257,13.870585875815,
    -0.416484751951));
#965 = CARTESIAN_POINT('',(-4.236481118047,13.867317264099,
    -0.420199978387));
#966 = CARTESIAN_POINT('',(-4.246939297767,13.864115666735,
    -0.423667588042));
#967 = CARTESIAN_POINT('',(-4.257137625926,13.860984354978,
    -0.426900808639));
#968 = CARTESIAN_POINT('',(-4.267072278641,13.857925319789,
    -0.429913134103));
#969 = PCURVE('',#32,#970);
#970 = DEFINITIONAL_REPRESENTATION('',(#971),#1009);
#971 = B_SPLINE_CURVE_WITH_KNOTS('',8,(#972,#973,#974,#975,#976,#977,
    #978,#979,#980,#981,#982,#983,#984,#985,#986,#987,#988,#989,#990,
    #991,#992,#993,#994,#995,#996,#997,#998,#999,#1000,#1001,#1002,#1003
    ,#1004,#1005,#1006,#1007,#1008),.UNSPECIFIED.,.F.,.F.,(9,7,7,7,7,9),
  (0.,0.578941556793,0.708256679756,0.792135287978,0.910136666013,1.),
  .UNSPECIFIED.);
#972 = CARTESIAN_POINT('',(1.821001478361,6.5));
#973 = CARTESIAN_POINT('',(1.821001478361,6.411462534703));
#974 = CARTESIAN_POINT('',(1.821645035336,6.323291725637));
#975 = CARTESIAN_POINT('',(1.822923110674,6.235890563912));
#976 = CARTESIAN_POINT('',(1.82484357092,6.149898346439));
#977 = CARTESIAN_POINT('',(1.827417490501,6.066184646573));
#978 = CARTESIAN_POINT('',(1.8306487436,5.98584168149));
#979 = CARTESIAN_POINT('',(1.834530566044,5.910186985619));
#980 = CARTESIAN_POINT('',(1.840024905469,5.82516930413));
#981 = CARTESIAN_POINT('',(1.841058009069,5.809961147204));
#982 = CARTESIAN_POINT('',(1.842120411198,5.795085312889));
#983 = CARTESIAN_POINT('',(1.843211217594,5.780562164991));
#984 = CARTESIAN_POINT('',(1.844329223383,5.766413980157));
#985 = CARTESIAN_POINT('',(1.845472860714,5.752664253896));
#986 = CARTESIAN_POINT('',(1.846640146381,5.739337006604));
#987 = CARTESIAN_POINT('',(1.848599523878,5.718101046738));
#988 = CARTESIAN_POINT('',(1.849379290554,5.709934268786));
#989 = CARTESIAN_POINT('',(1.850167241417,5.701962415851));
#990 = CARTESIAN_POINT('',(1.850962560745,5.694192494222));
#991 = CARTESIAN_POINT('',(1.851764304275,5.686631617453));
#992 = CARTESIAN_POINT('',(1.852571398309,5.679286767471));
#993 = CARTESIAN_POINT('',(1.853382638824,5.672164555683));
#994 = CARTESIAN_POINT('',(1.855341907826,5.655573029309));
#995 = CARTESIAN_POINT('',(1.856492904455,5.646325540898));
#996 = CARTESIAN_POINT('',(1.857645687325,5.637548702891));
#997 = CARTESIAN_POINT('',(1.858795800366,5.62925797857));
#998 = CARTESIAN_POINT('',(1.859938509122,5.621463445896));
#999 = CARTESIAN_POINT('',(1.861068985305,5.61416913294));
#1000 = CARTESIAN_POINT('',(1.862182491346,5.60737235332));
#1001 = CARTESIAN_POINT('',(1.86410622789,5.596258218223));
#1002 = CARTESIAN_POINT('',(1.864925618617,5.591735361421));
#1003 = CARTESIAN_POINT('',(1.865730772253,5.587490257831));
#1004 = CARTESIAN_POINT('',(1.866520097795,5.583515248049));
#1005 = CARTESIAN_POINT('',(1.867292358475,5.579800021613));
#1006 = CARTESIAN_POINT('',(1.868046652114,5.576332411958));
#1007 = CARTESIAN_POINT('',(1.868782391495,5.573099191361));
#1008 = CARTESIAN_POINT('',(1.869499284715,5.570086865897));
#1009 = ( GEOMETRIC_REPRESENTATION_CONTEXT(2) 
PARAMETRIC_REPRESENTATION_CONTEXT() REPRESENTATION_CONTEXT('2D SPACE',''
  ) );
#1010 = PCURVE('',#1011,#1016);
#1011 = SPHERICAL_SURFACE('',#1012,1.);
#1012 = AXIS2_PLACEMENT_3D('',#1013,#1014,#1015);
#1013 = CARTESIAN_POINT('',(-4.450961894323,13.539419162443,0.5));
#1014 = DIRECTION('',(0.,0.,1.));
#1015 = DIRECTION('',(0.5,0.866025403784,0.));
#1016 = DEFINITIONAL_REPRESENTATION('',(#1017),#1055);
#1017 = B_SPLINE_CURVE_WITH_KNOTS('',8,(#1018,#1019,#1020,#1021,#1022,
    #1023,#1024,#1025,#1026,#1027,#1028,#1029,#1030,#1031,#1032,#1033,
    #1034,#1035,#1036,#1037,#1038,#1039,#1040,#1041,#1042,#1043,#1044,
    #1045,#1046,#1047,#1048,#1049,#1050,#1051,#1052,#1053,#1054),
  .UNSPECIFIED.,.F.,.F.,(9,7,7,7,7,9),(0.,0.578941556793,0.708256679756,
    0.792135287978,0.910136666013,1.),.UNSPECIFIED.);
#1018 = CARTESIAN_POINT('',(-0.513088124897,0.));
#1019 = CARTESIAN_POINT('',(-0.513088124897,-8.853746529738E-02));
#1020 = CARTESIAN_POINT('',(-0.510470727445,-0.176707148659));
#1021 = CARTESIAN_POINT('',(-0.505292938687,-0.265169944054));
#1022 = CARTESIAN_POINT('',(-0.497237909931,-0.35429075556));
#1023 = CARTESIAN_POINT('',(-0.485915502503,-0.444350210861));
#1024 = CARTESIAN_POINT('',(-0.470311431764,-0.535409043167));
#1025 = CARTESIAN_POINT('',(-0.449155769953,-0.627468865423));
#1026 = CARTESIAN_POINT('',(-0.411793663146,-0.740543390478));
#1027 = CARTESIAN_POINT('',(-0.40450684403,-0.761197626794));
#1028 = CARTESIAN_POINT('',(-0.396713930488,-0.781850948434));
#1029 = CARTESIAN_POINT('',(-0.388368702993,-0.802488993832));
#1030 = CARTESIAN_POINT('',(-0.379419343236,-0.823092332602));
#1031 = CARTESIAN_POINT('',(-0.369808120735,-0.843636012466));
#1032 = CARTESIAN_POINT('',(-0.359471079436,-0.864089106181));
#1033 = CARTESIAN_POINT('',(-0.341116215268,-0.897597909725));
#1034 = CARTESIAN_POINT('',(-0.333560091173,-0.910726939264));
#1035 = CARTESIAN_POINT('',(-0.325650646366,-0.923790846844));
#1036 = CARTESIAN_POINT('',(-0.317368304919,-0.936777258084));
#1037 = CARTESIAN_POINT('',(-0.308693154592,-0.949672025128));
#1038 = CARTESIAN_POINT('',(-0.299605480784,-0.962459327322));
#1039 = CARTESIAN_POINT('',(-0.290086300484,-0.975121771887));
#1040 = CARTESIAN_POINT('',(-0.266094231954,-1.005251975779));
#1041 = CARTESIAN_POINT('',(-0.25117874466,-1.022582351291));
#1042 = CARTESIAN_POINT('',(-0.235326471404,-1.03957454141));
#1043 = CARTESIAN_POINT('',(-0.218497732385,-1.056167210315));
#1044 = CARTESIAN_POINT('',(-0.200664212685,-1.072297798998));
#1045 = CARTESIAN_POINT('',(-0.181815044018,-1.087905558195));
#1046 = CARTESIAN_POINT('',(-0.16196288648,-1.102934581308));
#1047 = CARTESIAN_POINT('',(-0.125300072999,-1.128304800275));
#1048 = CARTESIAN_POINT('',(-0.108890216281,-1.138911332066));
#1049 = CARTESIAN_POINT('',(-9.193806711594E-02,-1.149135198765));
#1050 = CARTESIAN_POINT('',(-7.446675256031E-02,-1.158961419145));
#1051 = CARTESIAN_POINT('',(-5.650409824868E-02,-1.168380684789));
#1052 = CARTESIAN_POINT('',(-3.808182687896E-02,-1.1773887802));
#1053 = CARTESIAN_POINT('',(-1.923475670022E-02,-1.185986002908));
#1054 = CARTESIAN_POINT('',(0.,-1.194176583579));
#1055 = ( GEOMETRIC_REPRESENTATION_CONTEXT(2) 
PARAMETRIC_REPRESENTATION_CONTEXT() REPRESENTATION_CONTEXT('2D SPACE',''
  ) );
#1056 = ORIENTED_EDGE('',*,*,#1057,.T.);
#1057 = EDGE_CURVE('',#928,#1058,#1060,.T.);
#1058 = VERTEX_POINT('',#1059);
#1059 = CARTESIAN_POINT('',(-3.590239555236,14.048493867174,3.5));
#1060 = SURFACE_CURVE('',#1061,(#1065,#1071),.PCURVE_S1.);
#1061 = LINE('',#1062,#1063);
#1062 = CARTESIAN_POINT('',(-3.590239555236,14.048493867174,-6.));
#1063 = VECTOR('',#1064,1.);
#1064 = DIRECTION('',(0.,0.,1.));
#1065 = PCURVE('',#32,#1066);
#1066 = DEFINITIONAL_REPRESENTATION('',(#1067),#1070);
#1067 = B_SPLINE_CURVE_WITH_KNOTS('',1,(#1068,#1069),.UNSPECIFIED.,.F.,
  .F.,(2,2),(6.4999994,9.5000006),.PIECEWISE_BEZIER_KNOTS.);
#1068 = CARTESIAN_POINT('',(1.821001478361,6.4999994));
#1069 = CARTESIAN_POINT('',(1.821001478361,9.5000006));
#1070 = ( GEOMETRIC_REPRESENTATION_CONTEXT(2) 
PARAMETRIC_REPRESENTATION_CONTEXT() REPRESENTATION_CONTEXT('2D SPACE',''
  ) );
#1071 = PCURVE('',#1072,#1077);
#1072 = CYLINDRICAL_SURFACE('',#1073,1.);
#1073 = AXIS2_PLACEMENT_3D('',#1074,#1075,#1076);
#1074 = CARTESIAN_POINT('',(-4.450961894323,13.539419162443,-0.5));
#1075 = DIRECTION('',(0.,0.,1.));
#1076 = DIRECTION('',(0.5,0.866025403784,0.));
#1077 = DEFINITIONAL_REPRESENTATION('',(#1078),#1081);
#1078 = B_SPLINE_CURVE_WITH_KNOTS('',1,(#1079,#1080),.UNSPECIFIED.,.F.,
  .F.,(2,2),(6.4999994,9.5000006),.PIECEWISE_BEZIER_KNOTS.);
#1079 = CARTESIAN_POINT('',(-0.513088124897,0.9999994));
#1080 = CARTESIAN_POINT('',(-0.513088124897,4.0000006));
#1081 = ( GEOMETRIC_REPRESENTATION_CONTEXT(2) 
PARAMETRIC_REPRESENTATION_CONTEXT() REPRESENTATION_CONTEXT('2D SPACE',''
  ) );
#1082 = ORIENTED_EDGE('',*,*,#1083,.F.);
#1083 = EDGE_CURVE('',#1084,#1058,#1086,.T.);
#1084 = VERTEX_POINT('',#1085);
#1085 = CARTESIAN_POINT('',(-4.267072278641,13.857925319789,
    4.429913134103));
#1086 = SURFACE_CURVE('',#1087,(#1115,#1146),.PCURVE_S1.);
#1087 = B_SPLINE_CURVE_WITH_KNOTS('',6,(#1088,#1089,#1090,#1091,#1092,
    #1093,#1094,#1095,#1096,#1097,#1098,#1099,#1100,#1101,#1102,#1103,
    #1104,#1105,#1106,#1107,#1108,#1109,#1110,#1111,#1112,#1113,#1114),
  .UNSPECIFIED.,.F.,.F.,(7,5,5,5,5,7),(0.,0.142611177939,0.298440719053,
    0.494844231851,0.643832289694,1.),.UNSPECIFIED.);
#1088 = CARTESIAN_POINT('',(-4.267072278641,13.857925319789,
    4.429913134103));
#1089 = CARTESIAN_POINT('',(-4.235866928392,13.867533935936,
    4.420451236052));
#1090 = CARTESIAN_POINT('',(-4.205175693303,13.876891928373,
    4.409685549112));
#1091 = CARTESIAN_POINT('',(-4.175091697814,13.88597662742,
    4.397671971494));
#1092 = CARTESIAN_POINT('',(-4.145693639331,13.894771394172,
    4.384476160869));
#1093 = CARTESIAN_POINT('',(-4.117046804503,13.903264645695,
    4.370169430742));
#1094 = CARTESIAN_POINT('',(-4.058780676979,13.920391696139,
    4.338057583632));
#1095 = CARTESIAN_POINT('',(-4.029317115197,13.92896562272,
    4.320050974057));
#1096 = CARTESIAN_POINT('',(-4.000881120255,13.937161304132,
    4.30089942873));
#1097 = CARTESIAN_POINT('',(-3.973522353379,13.944975245507,
    4.280698897675));
#1098 = CARTESIAN_POINT('',(-3.94727541962,13.952408293425,
    4.259542890649));
#1099 = CARTESIAN_POINT('',(-3.890511664884,13.968357092703,
    4.209759975484));
#1100 = CARTESIAN_POINT('',(-3.860663411086,13.976650562915,
    4.180622909993));
#1101 = CARTESIAN_POINT('',(-3.8326615308,13.984352528774,4.150281722012
    ));
#1102 = CARTESIAN_POINT('',(-3.806523463121,13.991476835793,
    4.118898042085));
#1103 = CARTESIAN_POINT('',(-3.782247918139,13.998040571911,
    4.086617152543));
#1104 = CARTESIAN_POINT('',(-3.742810344391,14.008628804682,
    4.028490896286));
#1105 = CARTESIAN_POINT('',(-3.7268632698,14.012883701276,4.002973738008
    ));
#1106 = CARTESIAN_POINT('',(-3.711975416623,14.016833914616,
    3.977067798441));
#1107 = CARTESIAN_POINT('',(-3.698138193003,14.020487284872,
    3.950822811549));
#1108 = CARTESIAN_POINT('',(-3.685341145413,14.023851419099,
    3.924283187091));
#1109 = CARTESIAN_POINT('',(-3.645440993557,14.03430103945,
    3.833431976928));
#1110 = CARTESIAN_POINT('',(-3.623193835141,14.040055083479,
    3.767924331904));
#1111 = CARTESIAN_POINT('',(-3.606671355512,14.044294503768,
    3.701485869441));
#1112 = CARTESIAN_POINT('',(-3.595717816107,14.047093853936,
    3.634501727644));
#1113 = CARTESIAN_POINT('',(-3.590239555236,14.048493867174,
    3.56725537773));
#1114 = CARTESIAN_POINT('',(-3.590239555236,14.048493867174,3.5));
#1115 = PCURVE('',#32,#1116);
#1116 = DEFINITIONAL_REPRESENTATION('',(#1117),#1145);
#1117 = B_SPLINE_CURVE_WITH_KNOTS('',6,(#1118,#1119,#1120,#1121,#1122,
    #1123,#1124,#1125,#1126,#1127,#1128,#1129,#1130,#1131,#1132,#1133,
    #1134,#1135,#1136,#1137,#1138,#1139,#1140,#1141,#1142,#1143,#1144),
  .UNSPECIFIED.,.F.,.F.,(7,5,5,5,5,7),(0.,0.142611177939,0.298440719053,
    0.494844231851,0.643832289694,1.),.UNSPECIFIED.);
#1118 = CARTESIAN_POINT('',(1.869499284715,10.429913134103));
#1119 = CARTESIAN_POINT('',(1.867247479374,10.420451236052));
#1120 = CARTESIAN_POINT('',(1.865034646712,10.409685549112));
#1121 = CARTESIAN_POINT('',(1.862867364094,10.397671971494));
#1122 = CARTESIAN_POINT('',(1.860751139602,10.384476160869));
#1123 = CARTESIAN_POINT('',(1.858690499298,10.370169430742));
#1124 = CARTESIAN_POINT('',(1.854502141347,10.338057583632));
#1125 = CARTESIAN_POINT('',(1.852385892291,10.320050974057));
#1126 = CARTESIAN_POINT('',(1.850344971112,10.30089942873));
#1127 = CARTESIAN_POINT('',(1.848382719204,10.280698897675));
#1128 = CARTESIAN_POINT('',(1.846501402865,10.259542890649));
#1129 = CARTESIAN_POINT('',(1.842435075228,10.209759975484));
#1130 = CARTESIAN_POINT('',(1.840298599753,10.180622909993));
#1131 = CARTESIAN_POINT('',(1.838295726882,10.150281722012));
#1132 = CARTESIAN_POINT('',(1.836427347397,10.118898042085));
#1133 = CARTESIAN_POINT('',(1.834693056289,10.086617152543));
#1134 = CARTESIAN_POINT('',(1.831876903715,10.028490896286));
#1135 = CARTESIAN_POINT('',(1.830738632761,10.002973738008));
#1136 = CARTESIAN_POINT('',(1.829676358391,9.977067798441));
#1137 = CARTESIAN_POINT('',(1.82868936689,9.950822811549));
#1138 = CARTESIAN_POINT('',(1.82777682598,9.924283187091));
#1139 = CARTESIAN_POINT('',(1.824932287493,9.833431976927));
#1140 = CARTESIAN_POINT('',(1.82334752023,9.767924331904));
#1141 = CARTESIAN_POINT('',(1.822171127545,9.701485869441));
#1142 = CARTESIAN_POINT('',(1.821391431773,9.634501727644));
#1143 = CARTESIAN_POINT('',(1.821001478361,9.56725537773));
#1144 = CARTESIAN_POINT('',(1.821001478361,9.5));
#1145 = ( GEOMETRIC_REPRESENTATION_CONTEXT(2) 
PARAMETRIC_REPRESENTATION_CONTEXT() REPRESENTATION_CONTEXT('2D SPACE',''
  ) );
#1146 = PCURVE('',#1147,#1152);
#1147 = SPHERICAL_SURFACE('',#1148,1.);
#1148 = AXIS2_PLACEMENT_3D('',#1149,#1150,#1151);
#1149 = CARTESIAN_POINT('',(-4.450961894323,13.539419162443,3.5));
#1150 = DIRECTION('',(-0.866025403784,0.5,-0.));
#1151 = DIRECTION('',(0.5,0.866025403784,2.22044604925E-16));
#1152 = DEFINITIONAL_REPRESENTATION('',(#1153),#1181);
#1153 = B_SPLINE_CURVE_WITH_KNOTS('',6,(#1154,#1155,#1156,#1157,#1158,
    #1159,#1160,#1161,#1162,#1163,#1164,#1165,#1166,#1167,#1168,#1169,
    #1170,#1171,#1172,#1173,#1174,#1175,#1176,#1177,#1178,#1179,#1180),
  .UNSPECIFIED.,.F.,.F.,(7,5,5,5,5,7),(0.,0.142611177939,0.298440719053,
    0.494844231851,0.643832289694,1.),.UNSPECIFIED.);
#1154 = CARTESIAN_POINT('',(-1.194176583579,0.));
#1155 = CARTESIAN_POINT('',(-1.168449470018,-2.222031797651E-02));
#1156 = CARTESIAN_POINT('',(-1.14268376541,-4.412069130314E-02));
#1157 = CARTESIAN_POINT('',(-1.116862142873,-6.565165057949E-02));
#1158 = CARTESIAN_POINT('',(-1.090965681206,-8.677007242381E-02));
#1159 = CARTESIAN_POINT('',(-1.06497544622,-0.10743821534));
#1160 = CARTESIAN_POINT('',(-1.01035341038,-0.149678163093));
#1161 = CARTESIAN_POINT('',(-0.981699814416,-0.171156347435));
#1162 = CARTESIAN_POINT('',(-0.952889068187,-0.192014940962));
#1163 = CARTESIAN_POINT('',(-0.923898289798,-0.212218326054));
#1164 = CARTESIAN_POINT('',(-0.894706792905,-0.23173649284));
#1165 = CARTESIAN_POINT('',(-0.828229542516,-0.274248261319));
#1166 = CARTESIAN_POINT('',(-0.790816381747,-0.296822865183));
#1167 = CARTESIAN_POINT('',(-0.753019956255,-0.318217959649));
#1168 = CARTESIAN_POINT('',(-0.714814674225,-0.338392106258));
#1169 = CARTESIAN_POINT('',(-0.676186547904,-0.357311159052));
#1170 = CARTESIAN_POINT('',(-0.607507492466,-0.388325655268));
#1171 = CARTESIAN_POINT('',(-0.577637693619,-0.400965571576));
#1172 = CARTESIAN_POINT('',(-0.54752243694,-0.412854736186));
#1173 = CARTESIAN_POINT('',(-0.517165670244,-0.42398243621));
#1174 = CARTESIAN_POINT('',(-0.486575728098,-0.434339497143));
#1175 = CARTESIAN_POINT('',(-0.382108588413,-0.466817098446));
#1176 = CARTESIAN_POINT('',(-0.307199372285,-0.485264940401));
#1177 = CARTESIAN_POINT('',(-0.23118557506,-0.499164481785));
#1178 = CARTESIAN_POINT('',(-0.154380694567,-0.508446101329));
#1179 = CARTESIAN_POINT('',(-7.719564508906E-02,-0.513088124897));
#1180 = CARTESIAN_POINT('',(0.,-0.513088124897));
#1181 = ( GEOMETRIC_REPRESENTATION_CONTEXT(2) 
PARAMETRIC_REPRESENTATION_CONTEXT() REPRESENTATION_CONTEXT('2D SPACE',''
  ) );
#1182 = ORIENTED_EDGE('',*,*,#1183,.T.);
#1183 = EDGE_CURVE('',#1084,#1184,#1186,.T.);
#1184 = VERTEX_POINT('',#1185);
#1185 = CARTESIAN_POINT('',(-4.736832980505,13.704466911004,4.5));
#1186 = SURFACE_CURVE('',#1187,(#1194,#1204),.PCURVE_S1.);
#1187 = B_SPLINE_CURVE_WITH_KNOTS('',5,(#1188,#1189,#1190,#1191,#1192,
    #1193),.UNSPECIFIED.,.F.,.F.,(6,6),(0.,1.),
  .PIECEWISE_BEZIER_KNOTS.);
#1188 = CARTESIAN_POINT('',(-4.267071436024,13.857925579244,
    4.429912878609));
#1189 = CARTESIAN_POINT('',(-4.357861359675,13.829969945648,4.4574417054
    ));
#1190 = CARTESIAN_POINT('',(-4.451155589628,13.800429240356,
    4.478477546301));
#1191 = CARTESIAN_POINT('',(-4.546016744025,13.769493769801,
    4.492747717615));
#1192 = CARTESIAN_POINT('',(-4.641540620002,13.737403908769,4.5));
#1193 = CARTESIAN_POINT('',(-4.736832980505,13.704466911004,4.5));
#1194 = PCURVE('',#32,#1195);
#1195 = DEFINITIONAL_REPRESENTATION('',(#1196),#1203);
#1196 = B_SPLINE_CURVE_WITH_KNOTS('',5,(#1197,#1198,#1199,#1200,#1201,
    #1202),.UNSPECIFIED.,.F.,.F.,(6,6),(0.,1.),
  .PIECEWISE_BEZIER_KNOTS.);
#1197 = CARTESIAN_POINT('',(1.869499223911,10.429912878609));
#1198 = CARTESIAN_POINT('',(1.876050704011,10.4574417054));
#1199 = CARTESIAN_POINT('',(1.882799416954,10.478477546301));
#1200 = CARTESIAN_POINT('',(1.889680298661,10.492747717615));
#1201 = CARTESIAN_POINT('',(1.896629682771,10.5));
#1202 = CARTESIAN_POINT('',(1.90358306236,10.5));
#1203 = ( GEOMETRIC_REPRESENTATION_CONTEXT(2) 
PARAMETRIC_REPRESENTATION_CONTEXT() REPRESENTATION_CONTEXT('2D SPACE',''
  ) );
#1204 = PCURVE('',#1205,#1210);
#1205 = CYLINDRICAL_SURFACE('',#1206,1.);
#1206 = AXIS2_PLACEMENT_3D('',#1207,#1208,#1209);
#1207 = CARTESIAN_POINT('',(-7.915063509461,15.539419162443,3.5));
#1208 = DIRECTION('',(0.866025403784,-0.5,0.));
#1209 = DIRECTION('',(0.5,0.866025403784,0.));
#1210 = DEFINITIONAL_REPRESENTATION('',(#1211),#1218);
#1211 = B_SPLINE_CURVE_WITH_KNOTS('',5,(#1212,#1213,#1214,#1215,#1216,
    #1217),.UNSPECIFIED.,.F.,.F.,(6,6),(0.,1.),
  .PIECEWISE_BEZIER_KNOTS.);
#1212 = CARTESIAN_POINT('',(1.194175888888,4.0000006));
#1213 = CARTESIAN_POINT('',(1.269027256472,3.935352036509));
#1214 = CARTESIAN_POINT('',(1.34393145108,3.869327215989));
#1215 = CARTESIAN_POINT('',(1.419073218794,3.802642781726));
#1216 = CARTESIAN_POINT('',(1.494625869755,3.735961608978));
#1217 = CARTESIAN_POINT('',(1.570796326795,3.669904502879));
#1218 = ( GEOMETRIC_REPRESENTATION_CONTEXT(2) 
PARAMETRIC_REPRESENTATION_CONTEXT() REPRESENTATION_CONTEXT('2D SPACE',''
  ) );
#1219 = ORIENTED_EDGE('',*,*,#1220,.T.);
#1220 = EDGE_CURVE('',#1184,#1221,#1223,.T.);
#1221 = VERTEX_POINT('',#1222);
#1222 = CARTESIAN_POINT('',(-9.317761567226,11.109874858715,4.5));
#1223 = SURFACE_CURVE('',#1224,(#1229,#1236),.PCURVE_S1.);
#1224 = CIRCLE('',#1225,14.5);
#1225 = AXIS2_PLACEMENT_3D('',#1226,#1227,#1228);
#1226 = CARTESIAN_POINT('',(0.,0.,4.5));
#1227 = DIRECTION('',(0.,0.,1.));
#1228 = DIRECTION('',(1.,0.,-0.));
#1229 = PCURVE('',#32,#1230);
#1230 = DEFINITIONAL_REPRESENTATION('',(#1231),#1235);
#1231 = LINE('',#1232,#1233);
#1232 = CARTESIAN_POINT('',(0.,10.5));
#1233 = VECTOR('',#1234,1.);
#1234 = DIRECTION('',(1.,0.));
#1235 = ( GEOMETRIC_REPRESENTATION_CONTEXT(2) 
PARAMETRIC_REPRESENTATION_CONTEXT() REPRESENTATION_CONTEXT('2D SPACE',''
  ) );
#1236 = PCURVE('',#1237,#1242);
#1237 = PLANE('',#1238);
#1238 = AXIS2_PLACEMENT_3D('',#1239,#1240,#1241);
#1239 = CARTESIAN_POINT('',(-7.415063509461,16.405444566228,4.5));
#1240 = DIRECTION('',(0.,0.,1.));
#1241 = DIRECTION('',(-0.5,-0.866025403784,0.));
#1242 = DEFINITIONAL_REPRESENTATION('',(#1243),#1247);
#1243 = CIRCLE('',#1244,14.5);
#1244 = AXIS2_PLACEMENT_2D('',#1245,#1246);
#1245 = CARTESIAN_POINT('',(10.5,14.624355652982));
#1246 = DIRECTION('',(-0.5,0.866025403784));
#1247 = ( GEOMETRIC_REPRESENTATION_CONTEXT(2) 
PARAMETRIC_REPRESENTATION_CONTEXT() REPRESENTATION_CONTEXT('2D SPACE',''
  ) );
#1248 = ORIENTED_EDGE('',*,*,#1249,.F.);
#1249 = EDGE_CURVE('',#1250,#1221,#1252,.T.);
#1250 = VERTEX_POINT('',#1251);
#1251 = CARTESIAN_POINT('',(-9.687336386313,10.789138693075,
    4.487166710387));
#1252 = SURFACE_CURVE('',#1253,(#1259,#1268),.PCURVE_S1.);
#1253 = B_SPLINE_CURVE_WITH_KNOTS('',4,(#1254,#1255,#1256,#1257,#1258),
  .UNSPECIFIED.,.F.,.F.,(5,5),(0.,1.),.PIECEWISE_BEZIER_KNOTS.);
#1254 = CARTESIAN_POINT('',(-9.687336855949,10.789138271399,4.4871666787
    ));
#1255 = CARTESIAN_POINT('',(-9.596410071467,10.870779489479,
    4.493301666795));
#1256 = CARTESIAN_POINT('',(-9.504486356323,10.95147109981,
    4.497659666737));
#1257 = CARTESIAN_POINT('',(-9.411557567675,11.031208916997,4.5));
#1258 = CARTESIAN_POINT('',(-9.317761567226,11.109874858715,4.5));
#1259 = PCURVE('',#32,#1260);
#1260 = DEFINITIONAL_REPRESENTATION('',(#1261),#1267);
#1261 = B_SPLINE_CURVE_WITH_KNOTS('',4,(#1262,#1263,#1264,#1265,#1266),
  .UNSPECIFIED.,.F.,.F.,(5,5),(0.,1.),.PIECEWISE_BEZIER_KNOTS.);
#1262 = CARTESIAN_POINT('',(2.302438172422,10.4871666787));
#1263 = CARTESIAN_POINT('',(2.294010549919,10.493301666795));
#1264 = CARTESIAN_POINT('',(2.285575523874,10.497659666737));
#1265 = CARTESIAN_POINT('',(2.277131266736,10.5));
#1266 = CARTESIAN_POINT('',(2.268688687351,10.5));
#1267 = ( GEOMETRIC_REPRESENTATION_CONTEXT(2) 
PARAMETRIC_REPRESENTATION_CONTEXT() REPRESENTATION_CONTEXT('2D SPACE',''
  ) );
#1268 = PCURVE('',#1269,#1274);
#1269 = CYLINDRICAL_SURFACE('',#1270,1.);
#1270 = AXIS2_PLACEMENT_3D('',#1271,#1272,#1273);
#1271 = CARTESIAN_POINT('',(-6.549038105677,15.905444566228,3.5));
#1272 = DIRECTION('',(-0.5,-0.866025403784,0.));
#1273 = DIRECTION('',(-0.866025403784,0.5,0.));
#1274 = DEFINITIONAL_REPRESENTATION('',(#1275),#1281);
#1275 = B_SPLINE_CURVE_WITH_KNOTS('',4,(#1276,#1277,#1278,#1279,#1280),
  .UNSPECIFIED.,.F.,.F.,(5,5),(0.,1.),.PIECEWISE_BEZIER_KNOTS.);
#1276 = CARTESIAN_POINT('',(-1.410416373883,6.0000006));
#1277 = CARTESIAN_POINT('',(-1.448833691874,5.883833838906));
#1278 = CARTESIAN_POINT('',(-1.488289001386,5.767990996915));
#1279 = CARTESIAN_POINT('',(-1.528899578493,5.652471627265));
#1280 = CARTESIAN_POINT('',(-1.570796326795,5.5374469231));
#1281 = ( GEOMETRIC_REPRESENTATION_CONTEXT(2) 
PARAMETRIC_REPRESENTATION_CONTEXT() REPRESENTATION_CONTEXT('2D SPACE',''
  ) );
#1282 = ORIENTED_EDGE('',*,*,#1283,.F.);
#1283 = EDGE_CURVE('',#1284,#1250,#1286,.T.);
#1284 = VERTEX_POINT('',#1285);
#1285 = CARTESIAN_POINT('',(-10.36855025938,10.136230340642,3.5));
#1286 = SURFACE_CURVE('',#1287,(#1346,#1408),.PCURVE_S1.);
#1287 = B_SPLINE_CURVE_WITH_KNOTS('',8,(#1288,#1289,#1290,#1291,#1292,
    #1293,#1294,#1295,#1296,#1297,#1298,#1299,#1300,#1301,#1302,#1303,
    #1304,#1305,#1306,#1307,#1308,#1309,#1310,#1311,#1312,#1313,#1314,
    #1315,#1316,#1317,#1318,#1319,#1320,#1321,#1322,#1323,#1324,#1325,
    #1326,#1327,#1328,#1329,#1330,#1331,#1332,#1333,#1334,#1335,#1336,
    #1337,#1338,#1339,#1340,#1341,#1342,#1343,#1344,#1345),
  .UNSPECIFIED.,.F.,.F.,(9,7,7,7,7,7,7,7,9),(0.,0.403835442988,
    0.501213673065,0.58461895866,0.633697057171,0.702927395711,
    0.77187102416,0.815458168777,1.),.UNSPECIFIED.);
#1288 = CARTESIAN_POINT('',(-10.36855025938,10.136230340642,3.5));
#1289 = CARTESIAN_POINT('',(-10.36855025938,10.136230340642,
    3.585745846988));
#1290 = CARTESIAN_POINT('',(-10.36257287423,10.142344742862,
    3.671328268078));
#1291 = CARTESIAN_POINT('',(-10.35065695936,10.154533695176,
    3.756260249551));
#1292 = CARTESIAN_POINT('',(-10.33272784881,10.172833507021,
    3.839925810208));
#1293 = CARTESIAN_POINT('',(-10.30867019706,10.197282005396,
    3.921578904467));
#1294 = CARTESIAN_POINT('',(-10.27837513543,10.227866635667,
    4.000330495806));
#1295 = CARTESIAN_POINT('',(-10.24175970361,10.264501993767,
    4.07515413825));
#1296 = CARTESIAN_POINT('',(-10.18851077715,10.317192445988,
    4.161684958515));
#1297 = CARTESIAN_POINT('',(-10.17780271145,10.327764712425,
    4.178194848285));
#1298 = CARTESIAN_POINT('',(-10.16673364157,10.338667933617,
    4.19438570358));
#1299 = CARTESIAN_POINT('',(-10.15530651738,10.349896294901,
    4.210238323326));
#1300 = CARTESIAN_POINT('',(-10.14352610803,10.361442124062,
    4.225731916641));
#1301 = CARTESIAN_POINT('',(-10.13139947251,10.373295494086,
    4.24084441847));
#1302 = CARTESIAN_POINT('',(-10.11893643016,10.385443825907,
    4.255552805212));
#1303 = CARTESIAN_POINT('',(-10.09519837132,10.408515892561,
    4.282064870607));
#1304 = CARTESIAN_POINT('',(-10.0840109109,10.419363836519,
    4.293980925801));
#1305 = CARTESIAN_POINT('',(-10.07259525929,10.430406119949,
    4.305567799491));
#1306 = CARTESIAN_POINT('',(-10.06096243123,10.44163025414,
    4.316809255663));
#1307 = CARTESIAN_POINT('',(-10.04912746408,10.453019985291,
    4.327687420316));
#1308 = CARTESIAN_POINT('',(-10.03711003504,10.46455481507,
    4.338183603049));
#1309 = CARTESIAN_POINT('',(-10.02493507835,10.476209521159,
    4.348279118646));
#1310 = CARTESIAN_POINT('',(-10.00539473819,10.494864281523,
    4.363650331344));
#1311 = CARTESIAN_POINT('',(-9.9981127894,10.501805294684,4.369199191277
    ));
#1312 = CARTESIAN_POINT('',(-9.990794056624,10.508770310753,
    4.374598917459));
#1313 = CARTESIAN_POINT('',(-9.983446243052,10.515751830868,
    4.379845534707));
#1314 = CARTESIAN_POINT('',(-9.976078228338,10.522741304022,
    4.38493504117));
#1315 = CARTESIAN_POINT('',(-9.968700042428,10.529729167236,
    4.389863585825));
#1316 = CARTESIAN_POINT('',(-9.961322839386,10.536704885748,
    4.394627645997));
#1317 = CARTESIAN_POINT('',(-9.943571141784,10.553463745406,
    4.405708183163));
#1318 = CARTESIAN_POINT('',(-9.933207615431,10.563225544074,
    4.411860353556));
#1319 = CARTESIAN_POINT('',(-9.922905563639,10.572907412088,
    4.417669579854));
#1320 = CARTESIAN_POINT('',(-9.9127061036,10.582471278009,4.42312843935)
  );
#1321 = CARTESIAN_POINT('',(-9.902652242193,10.591877772201,
    4.428233566688));
#1322 = CARTESIAN_POINT('',(-9.892786919952,10.601088022977,
    4.432985997733));
#1323 = CARTESIAN_POINT('',(-9.883151055029,10.610065452742,
    4.43739151345));
#1324 = CARTESIAN_POINT('',(-9.864450921957,10.627453615203,
    4.445513600809));
#1325 = CARTESIAN_POINT('',(-9.855381326601,10.635869413338,
    4.44923391108));
#1326 = CARTESIAN_POINT('',(-9.846610461843,10.643991775782,
    4.452632164893));
#1327 = CARTESIAN_POINT('',(-9.838163234485,10.651799579365,
    4.455725376809));
#1328 = CARTESIAN_POINT('',(-9.830053541532,10.659282009875,
    4.458535115596));
#1329 = CARTESIAN_POINT('',(-9.822286014335,10.666436801446,
    4.46108529419));
#1330 = CARTESIAN_POINT('',(-9.814857762741,10.673268475937,
    4.463399959656));
#1331 = CARTESIAN_POINT('',(-9.803272887838,10.68390742206,
    4.466829443368));
#1332 = CARTESIAN_POINT('',(-9.79891711866,10.687903561296,
    4.468072736209));
#1333 = CARTESIAN_POINT('',(-9.794690112613,10.691777894001,
    4.469236833398));
#1334 = CARTESIAN_POINT('',(-9.790588362339,10.695534021347,
    4.470327366228));
#1335 = CARTESIAN_POINT('',(-9.786607732958,10.699176085762,
    4.471349686813));
#1336 = CARTESIAN_POINT('',(-9.782743642824,10.70270860501,
    4.472308829349));
#1337 = CARTESIAN_POINT('',(-9.778991244272,10.706136306269,
    4.47320947136));
#1338 = CARTESIAN_POINT('',(-9.75991047854,10.723552778291,
    4.477639533278));
#1339 = CARTESIAN_POINT('',(-9.746416941137,10.735822755409,
    4.480244962815));
#1340 = CARTESIAN_POINT('',(-9.734428175932,10.746693363857,
    4.482215902414));
#1341 = CARTESIAN_POINT('',(-9.723593990375,10.756493768916,
    4.483740060438));
#1342 = CARTESIAN_POINT('',(-9.713653725545,10.765466780953,
    4.484932314658));
#1343 = CARTESIAN_POINT('',(-9.704407428202,10.773797639086,
    4.485869942889));
#1344 = CARTESIAN_POINT('',(-9.695684168424,10.781643398438,
    4.486603471684));
#1345 = CARTESIAN_POINT('',(-9.687336386313,10.789138693075,
    4.487166710387));
#1346 = PCURVE('',#32,#1347);
#1347 = DEFINITIONAL_REPRESENTATION('',(#1348),#1407);
#1348 = B_SPLINE_CURVE_WITH_KNOTS('',8,(#1349,#1350,#1351,#1352,#1353,
    #1354,#1355,#1356,#1357,#1358,#1359,#1360,#1361,#1362,#1363,#1364,
    #1365,#1366,#1367,#1368,#1369,#1370,#1371,#1372,#1373,#1374,#1375,
    #1376,#1377,#1378,#1379,#1380,#1381,#1382,#1383,#1384,#1385,#1386,
    #1387,#1388,#1389,#1390,#1391,#1392,#1393,#1394,#1395,#1396,#1397,
    #1398,#1399,#1400,#1401,#1402,#1403,#1404,#1405,#1406),
  .UNSPECIFIED.,.F.,.F.,(9,7,7,7,7,7,7,7,9),(0.,0.403835442988,
    0.501213673065,0.58461895866,0.633697057171,0.702927395711,
    0.77187102416,0.815458168777,1.),.UNSPECIFIED.);
#1349 = CARTESIAN_POINT('',(2.367524042217,9.5));
#1350 = CARTESIAN_POINT('',(2.367524042217,9.585745846988));
#1351 = CARTESIAN_POINT('',(2.366934336493,9.671328268078));
#1352 = CARTESIAN_POINT('',(2.365758763271,9.756260249551));
#1353 = CARTESIAN_POINT('',(2.363991933292,9.839925810208));
#1354 = CARTESIAN_POINT('',(2.361626418015,9.921578904467));
#1355 = CARTESIAN_POINT('',(2.358657565584,10.000330495806));
#1356 = CARTESIAN_POINT('',(2.355085473436,10.07515413825));
#1357 = CARTESIAN_POINT('',(2.349919163509,10.161684958515));
#1358 = CARTESIAN_POINT('',(2.348881386655,10.178194848285));
#1359 = CARTESIAN_POINT('',(2.34780985696,10.19438570358));
#1360 = CARTESIAN_POINT('',(2.346704999099,10.210238323326));
#1361 = CARTESIAN_POINT('',(2.345567416542,10.225731916641));
#1362 = CARTESIAN_POINT('',(2.344397933873,10.24084441847));
#1363 = CARTESIAN_POINT('',(2.343197639102,10.255552805212));
#1364 = CARTESIAN_POINT('',(2.340914666201,10.282064870607));
#1365 = CARTESIAN_POINT('',(2.339839961194,10.293980925801));
#1366 = CARTESIAN_POINT('',(2.338744627912,10.305567799491));
#1367 = CARTESIAN_POINT('',(2.33762980927,10.316809255663));
#1368 = CARTESIAN_POINT('',(2.336497027802,10.327687420316));
#1369 = CARTESIAN_POINT('',(2.335348239306,10.338183603049));
#1370 = CARTESIAN_POINT('',(2.334185886494,10.348279118646));
#1371 = CARTESIAN_POINT('',(2.332322764215,10.363650331344));
#1372 = CARTESIAN_POINT('',(2.331628968438,10.369199191277));
#1373 = CARTESIAN_POINT('',(2.330932194179,10.374598917459));
#1374 = CARTESIAN_POINT('',(2.330233182287,10.379845534707));
#1375 = CARTESIAN_POINT('',(2.329532782391,10.38493504117));
#1376 = CARTESIAN_POINT('',(2.328831949697,10.389863585825));
#1377 = CARTESIAN_POINT('',(2.328131741785,10.394627645997));
#1378 = CARTESIAN_POINT('',(2.326448104162,10.405708183163));
#1379 = CARTESIAN_POINT('',(2.32546623492,10.411860353556));
#1380 = CARTESIAN_POINT('',(2.324491231238,10.417669579854));
#1381 = CARTESIAN_POINT('',(2.323526956095,10.42312843935));
#1382 = CARTESIAN_POINT('',(2.322577428858,10.428233566688));
#1383 = CARTESIAN_POINT('',(2.321646642243,10.432985997733));
#1384 = CARTESIAN_POINT('',(2.32073837928,10.43739151345));
#1385 = CARTESIAN_POINT('',(2.318977335418,10.445513600809));
#1386 = CARTESIAN_POINT('',(2.318124047587,10.44923391108));
#1387 = CARTESIAN_POINT('',(2.317299626588,10.452632164893));
#1388 = CARTESIAN_POINT('',(2.31650632159,10.455725376809));
#1389 = CARTESIAN_POINT('',(2.315745341852,10.458535115596));
#1390 = CARTESIAN_POINT('',(2.315017027447,10.46108529419));
#1391 = CARTESIAN_POINT('',(2.314321019985,10.463399959656));
#1392 = CARTESIAN_POINT('',(2.313236272194,10.466829443368));
#1393 = CARTESIAN_POINT('',(2.312828605796,10.468072736209));
#1394 = CARTESIAN_POINT('',(2.312433161934,10.469236833398));
#1395 = CARTESIAN_POINT('',(2.312049594377,10.470327366228));
#1396 = CARTESIAN_POINT('',(2.311677499792,10.471349686813));
#1397 = CARTESIAN_POINT('',(2.311316434664,10.472308829349));
#1398 = CARTESIAN_POINT('',(2.310965932208,10.47320947136));
#1399 = CARTESIAN_POINT('',(2.309184258932,10.477639533278));
#1400 = CARTESIAN_POINT('',(2.307926461917,10.480244962815));
#1401 = CARTESIAN_POINT('',(2.306810370841,10.482215902414));
#1402 = CARTESIAN_POINT('',(2.30580284386,10.483740060438));
#1403 = CARTESIAN_POINT('',(2.304879314888,10.484932314658));
#1404 = CARTESIAN_POINT('',(2.304020986378,10.485869942889));
#1405 = CARTESIAN_POINT('',(2.303211849794,10.486603471684));
#1406 = CARTESIAN_POINT('',(2.302438128893,10.487166710387));
#1407 = ( GEOMETRIC_REPRESENTATION_CONTEXT(2) 
PARAMETRIC_REPRESENTATION_CONTEXT() REPRESENTATION_CONTEXT('2D SPACE',''
  ) );
#1408 = PCURVE('',#1409,#1414);
#1409 = SPHERICAL_SURFACE('',#1410,1.);
#1410 = AXIS2_PLACEMENT_3D('',#1411,#1412,#1413);
#1411 = CARTESIAN_POINT('',(-9.549038105677,10.709292143521,3.5));
#1412 = DIRECTION('',(0.,0.,-1.));
#1413 = DIRECTION('',(-0.5,-0.866025403784,0.));
#1414 = DEFINITIONAL_REPRESENTATION('',(#1415),#1474);
#1415 = B_SPLINE_CURVE_WITH_KNOTS('',8,(#1416,#1417,#1418,#1419,#1420,
    #1421,#1422,#1423,#1424,#1425,#1426,#1427,#1428,#1429,#1430,#1431,
    #1432,#1433,#1434,#1435,#1436,#1437,#1438,#1439,#1440,#1441,#1442,
    #1443,#1444,#1445,#1446,#1447,#1448,#1449,#1450,#1451,#1452,#1453,
    #1454,#1455,#1456,#1457,#1458,#1459,#1460,#1461,#1462,#1463,#1464,
    #1465,#1466,#1467,#1468,#1469,#1470,#1471,#1472,#1473),
  .UNSPECIFIED.,.F.,.F.,(9,7,7,7,7,7,7,7,9),(0.,0.403835442988,
    0.501213673065,0.58461895866,0.633697057171,0.702927395711,
    0.77187102416,0.815458168777,1.),.UNSPECIFIED.);
#1416 = CARTESIAN_POINT('',(0.436960426379,0.));
#1417 = CARTESIAN_POINT('',(0.436960426379,-8.574584698832E-02));
#1418 = CARTESIAN_POINT('',(0.438548024761,-0.17132801119));
#1419 = CARTESIAN_POINT('',(0.441699436584,-0.257221682865));
#1420 = CARTESIAN_POINT('',(0.446590120319,-0.343751832422));
#1421 = CARTESIAN_POINT('',(0.453402676498,-0.431198721638));
#1422 = CARTESIAN_POINT('',(0.462711649073,-0.519761237038));
#1423 = CARTESIAN_POINT('',(0.475137771492,-0.609636611445));
#1424 = CARTESIAN_POINT('',(0.49707643627,-0.722853951306));
#1425 = CARTESIAN_POINT('',(0.501642715218,-0.744922199182));
#1426 = CARTESIAN_POINT('',(0.506542792118,-0.767060998803));
#1427 = CARTESIAN_POINT('',(0.511810481128,-0.789266763546));
#1428 = CARTESIAN_POINT('',(0.517485431004,-0.811533119878));
#1429 = CARTESIAN_POINT('',(0.523615015039,-0.833850426354));
#1430 = CARTESIAN_POINT('',(0.530256221,-0.856205292627));
#1431 = CARTESIAN_POINT('',(0.54366266336,-0.897744310705));
#1432 = CARTESIAN_POINT('',(0.550272766461,-0.916920680924));
#1433 = CARTESIAN_POINT('',(0.557351227686,-0.93609927088));
#1434 = CARTESIAN_POINT('',(0.564947620751,-0.955264849899));
#1435 = CARTESIAN_POINT('',(0.573118434482,-0.974396369176));
#1436 = CARTESIAN_POINT('',(0.581927791539,-0.993466436075));
#1437 = CARTESIAN_POINT('',(0.591448167127,-1.012440788438));
#1438 = CARTESIAN_POINT('',(0.607829542239,-1.042361996653));
#1439 = CARTESIAN_POINT('',(0.614171915016,-1.053397750092));
#1440 = CARTESIAN_POINT('',(0.620804318243,-1.0643762144));
#1441 = CARTESIAN_POINT('',(0.627743627466,-1.075286949049));
#1442 = CARTESIAN_POINT('',(0.635007039719,-1.086117996649));
#1443 = CARTESIAN_POINT('',(0.642611611659,-1.0968559918));
#1444 = CARTESIAN_POINT('',(0.650573797705,-1.107486269938));
#1445 = CARTESIAN_POINT('',(0.670666739089,-1.132813901488));
#1446 = CARTESIAN_POINT('',(0.683169183228,-1.147392008144));
#1447 = CARTESIAN_POINT('',(0.696455536289,-1.161678425566));
#1448 = CARTESIAN_POINT('',(0.710560137316,-1.175620806085));
#1449 = CARTESIAN_POINT('',(0.725506969463,-1.189166124859));
#1450 = CARTESIAN_POINT('',(0.741304180753,-1.202263479752));
#1451 = CARTESIAN_POINT('',(0.757938604845,-1.21486689123));
#1452 = CARTESIAN_POINT('',(0.792729767314,-1.238959321622));
#1453 = CARTESIAN_POINT('',(0.810885161041,-1.250456675568));
#1454 = CARTESIAN_POINT('',(0.829797960152,-1.261390802368));
#1455 = CARTESIAN_POINT('',(0.849416400929,-1.271740869621));
#1456 = CARTESIAN_POINT('',(0.869678985147,-1.281501510502));
#1457 = CARTESIAN_POINT('',(0.890518006451,-1.290679760019));
#1458 = CARTESIAN_POINT('',(0.911863076727,-1.299291991275));
#1459 = CARTESIAN_POINT('',(0.947415275149,-1.312462100317));
#1460 = CARTESIAN_POINT('',(0.961362693297,-1.317346956084));
#1461 = CARTESIAN_POINT('',(0.975471416041,-1.322021739504));
#1462 = CARTESIAN_POINT('',(0.989726724399,-1.32649361755));
#1463 = CARTESIAN_POINT('',(1.00411485554,-1.330770354865));
#1464 = CARTESIAN_POINT('',(1.018623187035,-1.334860064926));
#1465 = CARTESIAN_POINT('',(1.033240421106,-1.338770961223));
#1466 = CARTESIAN_POINT('',(1.110263712565,-1.358346364893));
#1467 = CARTESIAN_POINT('',(1.174234970889,-1.371092310264));
#1468 = CARTESIAN_POINT('',(1.239297430695,-1.381433469716));
#1469 = CARTESIAN_POINT('',(1.305025428649,-1.389875889944));
#1470 = CARTESIAN_POINT('',(1.371138030002,-1.396775085378));
#1471 = CARTESIAN_POINT('',(1.437481381695,-1.402383637908));
#1472 = CARTESIAN_POINT('',(1.504011934238,-1.406889565149));
#1473 = CARTESIAN_POINT('',(1.570796326795,-1.410416572308));
#1474 = ( GEOMETRIC_REPRESENTATION_CONTEXT(2) 
PARAMETRIC_REPRESENTATION_CONTEXT() REPRESENTATION_CONTEXT('2D SPACE',''
  ) );
#1475 = ORIENTED_EDGE('',*,*,#1476,.F.);
#1476 = EDGE_CURVE('',#1477,#1284,#1479,.T.);
#1477 = VERTEX_POINT('',#1478);
#1478 = CARTESIAN_POINT('',(-10.36855025938,10.136230340642,0.5));
#1479 = SURFACE_CURVE('',#1480,(#1484,#1490),.PCURVE_S1.);
#1480 = LINE('',#1481,#1482);
#1481 = CARTESIAN_POINT('',(-10.36855025938,10.136230340642,-6.));
#1482 = VECTOR('',#1483,1.);
#1483 = DIRECTION('',(0.,0.,1.));
#1484 = PCURVE('',#32,#1485);
#1485 = DEFINITIONAL_REPRESENTATION('',(#1486),#1489);
#1486 = B_SPLINE_CURVE_WITH_KNOTS('',1,(#1487,#1488),.UNSPECIFIED.,.F.,
  .F.,(2,2),(6.4999994,9.5000006),.PIECEWISE_BEZIER_KNOTS.);
#1487 = CARTESIAN_POINT('',(2.367524042217,6.4999994));
#1488 = CARTESIAN_POINT('',(2.367524042217,9.5000006));
#1489 = ( GEOMETRIC_REPRESENTATION_CONTEXT(2) 
PARAMETRIC_REPRESENTATION_CONTEXT() REPRESENTATION_CONTEXT('2D SPACE',''
  ) );
#1490 = PCURVE('',#1491,#1496);
#1491 = CYLINDRICAL_SURFACE('',#1492,1.);
#1492 = AXIS2_PLACEMENT_3D('',#1493,#1494,#1495);
#1493 = CARTESIAN_POINT('',(-9.549038105677,10.709292143521,-0.5));
#1494 = DIRECTION('',(0.,0.,1.));
#1495 = DIRECTION('',(-0.5,-0.866025403784,0.));
#1496 = DEFINITIONAL_REPRESENTATION('',(#1497),#1500);
#1497 = B_SPLINE_CURVE_WITH_KNOTS('',1,(#1498,#1499),.UNSPECIFIED.,.F.,
  .F.,(2,2),(6.4999994,9.5000006),.PIECEWISE_BEZIER_KNOTS.);
#1498 = CARTESIAN_POINT('',(-0.436960426379,0.9999994));
#1499 = CARTESIAN_POINT('',(-0.436960426379,4.0000006));
#1500 = ( GEOMETRIC_REPRESENTATION_CONTEXT(2) 
PARAMETRIC_REPRESENTATION_CONTEXT() REPRESENTATION_CONTEXT('2D SPACE',''
  ) );
#1501 = ORIENTED_EDGE('',*,*,#1502,.F.);
#1502 = EDGE_CURVE('',#1503,#1477,#1505,.T.);
#1503 = VERTEX_POINT('',#1504);
#1504 = CARTESIAN_POINT('',(-9.687336386313,10.789138693075,
    -0.487166710387));
#1505 = SURFACE_CURVE('',#1506,(#1569,#1635),.PCURVE_S1.);
#1506 = B_SPLINE_CURVE_WITH_KNOTS('',7,(#1507,#1508,#1509,#1510,#1511,
    #1512,#1513,#1514,#1515,#1516,#1517,#1518,#1519,#1520,#1521,#1522,
    #1523,#1524,#1525,#1526,#1527,#1528,#1529,#1530,#1531,#1532,#1533,
    #1534,#1535,#1536,#1537,#1538,#1539,#1540,#1541,#1542,#1543,#1544,
    #1545,#1546,#1547,#1548,#1549,#1550,#1551,#1552,#1553,#1554,#1555,
    #1556,#1557,#1558,#1559,#1560,#1561,#1562,#1563,#1564,#1565,#1566,
    #1567,#1568),.UNSPECIFIED.,.F.,.F.,(8,6,6,6,6,6,6,6,6,6,8),(0.,
    0.151905304582,0.213870044729,0.242805556779,0.296587002552,
    0.366244835009,0.415400409979,0.498675077222,0.595863245754,
    0.714124986587,1.),.UNSPECIFIED.);
#1507 = CARTESIAN_POINT('',(-9.687336386313,10.789138693075,
    -0.487166710387));
#1508 = CARTESIAN_POINT('',(-9.695187528079,10.782089321159,
    -0.486636980831));
#1509 = CARTESIAN_POINT('',(-9.703384684604,10.774717211334,
    -0.485952715596));
#1510 = CARTESIAN_POINT('',(-9.712054970626,10.766906390879,
    -0.485085240069));
#1511 = CARTESIAN_POINT('',(-9.721345354237,10.758521422322,
    -0.483985879349));
#1512 = CARTESIAN_POINT('',(-9.731438420738,10.749393459244,
    -0.482588302736));
#1513 = CARTESIAN_POINT('',(-9.742577424741,10.739295676675,
    -0.48078269211));
#1514 = CARTESIAN_POINT('',(-9.760209057725,10.723262881389,
    -0.477374184543));
#1515 = CARTESIAN_POINT('',(-9.765546174743,10.718404548086,
    -0.476284496923));
#1516 = CARTESIAN_POINT('',(-9.77113364643,10.713312537668,
    -0.475078852191));
#1517 = CARTESIAN_POINT('',(-9.776994633892,10.707964745223,
    -0.473740772105));
#1518 = CARTESIAN_POINT('',(-9.783152351098,10.70233878422,
    -0.472250945336));
#1519 = CARTESIAN_POINT('',(-9.7896286215,10.696413271312,-0.47058705349
    ));
#1520 = CARTESIAN_POINT('',(-9.79962426308,10.687253292053,
    -0.467853423809));
#1521 = CARTESIAN_POINT('',(-9.802879512328,10.684268158499,
    -0.466939794504));
#1522 = CARTESIAN_POINT('',(-9.806210072577,10.681211805007,
    -0.465980118927));
#1523 = CARTESIAN_POINT('',(-9.809617469597,10.678082648979,
    -0.464971747544));
#1524 = CARTESIAN_POINT('',(-9.813102864743,10.674879430685,
    -0.463911971573));
#1525 = CARTESIAN_POINT('',(-9.816667054951,10.671601213263,
    -0.462798022993));
#1526 = CARTESIAN_POINT('',(-9.827082368672,10.662013732701,
    -0.459450672717));
#1527 = CARTESIAN_POINT('',(-9.83412866819,10.655518220009,
    -0.457077094774));
#1528 = CARTESIAN_POINT('',(-9.84145037935,10.648758560672,
    -0.454489079325));
#1529 = CARTESIAN_POINT('',(-9.849042935844,10.641737463351,
    -0.451669005255));
#1530 = CARTESIAN_POINT('',(-9.856895160174,10.634463716536,
    -0.448600672797));
#1531 = CARTESIAN_POINT('',(-9.864988226816,10.626953275733,
    -0.445271084615));
#1532 = CARTESIAN_POINT('',(-9.884053088866,10.609227603175,
    -0.437010979405));
#1533 = CARTESIAN_POINT('',(-9.895172872446,10.598865229391,
    -0.431896859327));
#1534 = CARTESIAN_POINT('',(-9.906594110567,10.58819584705,
    -0.426311891744));
#1535 = CARTESIAN_POINT('',(-9.918248633211,10.577280590648,
    -0.420248514179));
#1536 = CARTESIAN_POINT('',(-9.930065341984,10.566184177918,
    -0.413708666811));
#1537 = CARTESIAN_POINT('',(-9.941975586203,10.554969976319,
    -0.406702882693));
#1538 = CARTESIAN_POINT('',(-9.962346345167,10.535738684635,
    -0.393989649159));
#1539 = CARTESIAN_POINT('',(-9.970791914923,10.527750666337,
    -0.388505935917));
#1540 = CARTESIAN_POINT('',(-9.979235555956,10.519749443673,
    -0.382803082811));
#1541 = CARTESIAN_POINT('',(-9.987659783914,10.511751572355,
    -0.3768869529));
#1542 = CARTESIAN_POINT('',(-9.996049392723,10.50377162683,
    -0.370763951058));
#1543 = CARTESIAN_POINT('',(-10.00439152492,10.495822092331,
    -0.364440547279));
#1544 = CARTESIAN_POINT('',(-10.02671006922,10.474514865471,
    -0.346881056749));
#1545 = CARTESIAN_POINT('',(-10.04057591698,10.461235432278,
    -0.335283266304));
#1546 = CARTESIAN_POINT('',(-10.05422426318,10.448123372376,
    -0.323157859601));
#1547 = CARTESIAN_POINT('',(-10.0676177541,10.435216764567,
    -0.31053490608));
#1548 = CARTESIAN_POINT('',(-10.08072907215,10.422544619301,
    -0.297443940376));
#1549 = CARTESIAN_POINT('',(-10.09353930372,10.410128146546,
    -0.283911789017));
#1550 = CARTESIAN_POINT('',(-10.12062130477,10.383806530944,
    -0.253678011716));
#1551 = CARTESIAN_POINT('',(-10.13477710932,10.370001759701,
    -0.236827439028));
#1552 = CARTESIAN_POINT('',(-10.14848292957,10.356592597231,
    -0.21944632157));
#1553 = CARTESIAN_POINT('',(-10.16172439635,10.343597870874,
    -0.201571026643));
#1554 = CARTESIAN_POINT('',(-10.17449231727,10.331031398933,
    -0.183235810417));
#1555 = CARTESIAN_POINT('',(-10.18678143182,10.318903041606,
    -0.164471981998));
#1556 = CARTESIAN_POINT('',(-10.21295720394,10.293003143054,
    -0.121986572992));
#1557 = CARTESIAN_POINT('',(-10.2266112536,10.279446747728,
    -9.807422792625E-02));
#1558 = CARTESIAN_POINT('',(-10.2395463185,10.266563537242,
    -7.362129122306E-02));
#1559 = CARTESIAN_POINT('',(-10.25176080366,10.254362661774,
    -4.8676022951E-02));
#1560 = CARTESIAN_POINT('',(-10.26325567131,10.242850211738,
    -2.328336193653E-02));
#1561 = CARTESIAN_POINT('',(-10.27403359599,10.232029979138,
    2.515396629569E-03));
#1562 = CARTESIAN_POINT('',(-10.3084271706,10.197427141117,
    9.193788725304E-02));
#1563 = CARTESIAN_POINT('',(-10.32858047598,10.177015279519,
    0.157329039186));
#1564 = CARTESIAN_POINT('',(-10.34461862836,10.160690291792,
    0.224340724039));
#1565 = CARTESIAN_POINT('',(-10.35659747523,10.148457071497,
    0.292511122198));
#1566 = CARTESIAN_POINT('',(-10.3645644266,10.140307529849,
    0.361422780333));
#1567 = CARTESIAN_POINT('',(-10.36855025938,10.136230340642,
    0.430699815867));
#1568 = CARTESIAN_POINT('',(-10.36855025938,10.136230340642,0.5));
#1569 = PCURVE('',#32,#1570);
#1570 = DEFINITIONAL_REPRESENTATION('',(#1571),#1634);
#1571 = B_SPLINE_CURVE_WITH_KNOTS('',7,(#1572,#1573,#1574,#1575,#1576,
    #1577,#1578,#1579,#1580,#1581,#1582,#1583,#1584,#1585,#1586,#1587,
    #1588,#1589,#1590,#1591,#1592,#1593,#1594,#1595,#1596,#1597,#1598,
    #1599,#1600,#1601,#1602,#1603,#1604,#1605,#1606,#1607,#1608,#1609,
    #1610,#1611,#1612,#1613,#1614,#1615,#1616,#1617,#1618,#1619,#1620,
    #1621,#1622,#1623,#1624,#1625,#1626,#1627,#1628,#1629,#1630,#1631,
    #1632,#1633),.UNSPECIFIED.,.F.,.F.,(8,6,6,6,6,6,6,6,6,6,8),(0.,
    0.151905304582,0.213870044729,0.242805556779,0.296587002552,
    0.366244835009,0.415400409979,0.498675077222,0.595863245754,
    0.714124986587,1.),.UNSPECIFIED.);
#1572 = CARTESIAN_POINT('',(2.302438128893,5.512833289613));
#1573 = CARTESIAN_POINT('',(2.303165818284,5.513363019169));
#1574 = CARTESIAN_POINT('',(2.303926133962,5.514047284404));
#1575 = CARTESIAN_POINT('',(2.304730942906,5.514914759931));
#1576 = CARTESIAN_POINT('',(2.305594028356,5.516014120651));
#1577 = CARTESIAN_POINT('',(2.306532540683,5.517411697264));
#1578 = CARTESIAN_POINT('',(2.30756941631,5.51921730789));
#1579 = CARTESIAN_POINT('',(2.309212945771,5.522625815457));
#1580 = CARTESIAN_POINT('',(2.309710684799,5.523715503077));
#1581 = CARTESIAN_POINT('',(2.310232040302,5.524921147809));
#1582 = CARTESIAN_POINT('',(2.310779219919,5.526259227895));
#1583 = CARTESIAN_POINT('',(2.31135444717,5.527749054664));
#1584 = CARTESIAN_POINT('',(2.311959828252,5.52941294651));
#1585 = CARTESIAN_POINT('',(2.312894859445,5.532146576191));
#1586 = CARTESIAN_POINT('',(2.313199462794,5.533060205496));
#1587 = CARTESIAN_POINT('',(2.313511213816,5.534019881073));
#1588 = CARTESIAN_POINT('',(2.31383026388,5.535028252456));
#1589 = CARTESIAN_POINT('',(2.314156730798,5.536088028427));
#1590 = CARTESIAN_POINT('',(2.314490698817,5.537201977007));
#1591 = CARTESIAN_POINT('',(2.315466989799,5.540549327283));
#1592 = CARTESIAN_POINT('',(2.316127915453,5.542922905226));
#1593 = CARTESIAN_POINT('',(2.316815153815,5.545510920675));
#1594 = CARTESIAN_POINT('',(2.317528347261,5.548330994745));
#1595 = CARTESIAN_POINT('',(2.318266518915,5.551399327203));
#1596 = CARTESIAN_POINT('',(2.31902796925,5.554728915385));
#1597 = CARTESIAN_POINT('',(2.32082328411,5.562989020595));
#1598 = CARTESIAN_POINT('',(2.321871532928,5.568103140673));
#1599 = CARTESIAN_POINT('',(2.322949426235,5.573688108256));
#1600 = CARTESIAN_POINT('',(2.324050652336,5.579751485821));
#1601 = CARTESIAN_POINT('',(2.325168583679,5.586291333189));
#1602 = CARTESIAN_POINT('',(2.32629677978,5.593297117307));
#1603 = CARTESIAN_POINT('',(2.328228812035,5.606010350841));
#1604 = CARTESIAN_POINT('',(2.329030522358,5.611494064083));
#1605 = CARTESIAN_POINT('',(2.329832761934,5.617196917189));
#1606 = CARTESIAN_POINT('',(2.330633871,5.6231130471));
#1607 = CARTESIAN_POINT('',(2.331432397826,5.629236048942));
#1608 = CARTESIAN_POINT('',(2.332227107317,5.635559452721));
#1609 = CARTESIAN_POINT('',(2.334355132573,5.653118943251));
#1610 = CARTESIAN_POINT('',(2.335679206122,5.664716733696));
#1611 = CARTESIAN_POINT('',(2.33698446322,5.676842140399));
#1612 = CARTESIAN_POINT('',(2.33826723059,5.68946509392));
#1613 = CARTESIAN_POINT('',(2.339524766852,5.702556059624));
#1614 = CARTESIAN_POINT('',(2.340755120649,5.716088210983));
#1615 = CARTESIAN_POINT('',(2.343359664587,5.746321988284));
#1616 = CARTESIAN_POINT('',(2.344723295117,5.763172560972));
#1617 = CARTESIAN_POINT('',(2.346045660428,5.78055367843));
#1618 = CARTESIAN_POINT('',(2.34732514825,5.798428973357));
#1619 = CARTESIAN_POINT('',(2.348560642015,5.816764189583));
#1620 = CARTESIAN_POINT('',(2.349751408911,5.835528018002));
#1621 = CARTESIAN_POINT('',(2.352290965916,5.878013427008));
#1622 = CARTESIAN_POINT('',(2.353617916675,5.901925772074));
#1623 = CARTESIAN_POINT('',(2.354876970455,5.926378708777));
#1624 = CARTESIAN_POINT('',(2.356067607727,5.951323977049));
#1625 = CARTESIAN_POINT('',(2.357189581235,5.976716638063));
#1626 = CARTESIAN_POINT('',(2.35824283806,6.00251539663));
#1627 = CARTESIAN_POINT('',(2.361607531552,6.091937887253));
#1628 = CARTESIAN_POINT('',(2.363585761015,6.157329039186));
#1629 = CARTESIAN_POINT('',(2.365164038613,6.224340724039));
#1630 = CARTESIAN_POINT('',(2.36634482868,6.292511122198));
#1631 = CARTESIAN_POINT('',(2.367130815769,6.361422780333));
#1632 = CARTESIAN_POINT('',(2.367524042217,6.430699815867));
#1633 = CARTESIAN_POINT('',(2.367524042217,6.5));
#1634 = ( GEOMETRIC_REPRESENTATION_CONTEXT(2) 
PARAMETRIC_REPRESENTATION_CONTEXT() REPRESENTATION_CONTEXT('2D SPACE',''
  ) );
#1635 = PCURVE('',#1636,#1641);
#1636 = SPHERICAL_SURFACE('',#1637,1.);
#1637 = AXIS2_PLACEMENT_3D('',#1638,#1639,#1640);
#1638 = CARTESIAN_POINT('',(-9.549038105677,10.709292143521,0.5));
#1639 = DIRECTION('',(0.,0.,1.));
#1640 = DIRECTION('',(-0.5,-0.866025403784,0.));
#1641 = DEFINITIONAL_REPRESENTATION('',(#1642),#1705);
#1642 = B_SPLINE_CURVE_WITH_KNOTS('',7,(#1643,#1644,#1645,#1646,#1647,
    #1648,#1649,#1650,#1651,#1652,#1653,#1654,#1655,#1656,#1657,#1658,
    #1659,#1660,#1661,#1662,#1663,#1664,#1665,#1666,#1667,#1668,#1669,
    #1670,#1671,#1672,#1673,#1674,#1675,#1676,#1677,#1678,#1679,#1680,
    #1681,#1682,#1683,#1684,#1685,#1686,#1687,#1688,#1689,#1690,#1691,
    #1692,#1693,#1694,#1695,#1696,#1697,#1698,#1699,#1700,#1701,#1702,
    #1703,#1704),.UNSPECIFIED.,.F.,.F.,(8,6,6,6,6,6,6,6,6,6,8),(0.,
    0.151905304582,0.213870044729,0.242805556779,0.296587002552,
    0.366244835009,0.415400409979,0.498675077222,0.595863245754,
    0.714124986587,1.),.UNSPECIFIED.);
#1643 = CARTESIAN_POINT('',(-1.570796326795,-1.410416572308));
#1644 = CARTESIAN_POINT('',(-1.507985184057,-1.407099399813));
#1645 = CARTESIAN_POINT('',(-1.445345699422,-1.402895410036));
#1646 = CARTESIAN_POINT('',(-1.382873956579,-1.39769333582));
#1647 = CARTESIAN_POINT('',(-1.320638592047,-1.39132838682));
#1648 = CARTESIAN_POINT('',(-1.25878650847,-1.383571128524));
#1649 = CARTESIAN_POINT('',(-1.197555552612,-1.374090254107));
#1650 = CARTESIAN_POINT('',(-1.11271251709,-1.357616211494));
#1651 = CARTESIAN_POINT('',(-1.088300516968,-1.352475233095));
#1652 = CARTESIAN_POINT('',(-1.064084476439,-1.346934115905));
#1653 = CARTESIAN_POINT('',(-1.04010144,-1.340956991578));
#1654 = CARTESIAN_POINT('',(-1.016397967946,-1.334506150145));
#1655 = CARTESIAN_POINT('',(-0.993028926443,-1.327543868722));
#1656 = CARTESIAN_POINT('',(-0.959328800063,-1.316527488711));
#1657 = CARTESIAN_POINT('',(-0.948688089929,-1.312901606676));
#1658 = CARTESIAN_POINT('',(-0.938140867353,-1.309152965805));
#1659 = CARTESIAN_POINT('',(-0.927694157822,-1.305278339347));
#1660 = CARTESIAN_POINT('',(-0.917355292149,-1.301274902107));
#1661 = CARTESIAN_POINT('',(-0.907131906476,-1.297140230447));
#1662 = CARTESIAN_POINT('',(-0.878259484531,-1.284939650307));
#1663 = CARTESIAN_POINT('',(-0.859910609604,-1.276545859441));
#1664 = CARTESIAN_POINT('',(-0.842039765687,-1.267680214672));
#1665 = CARTESIAN_POINT('',(-0.824698650473,-1.258338819264));
#1666 = CARTESIAN_POINT('',(-0.807933753851,-1.248526586323));
#1667 = CARTESIAN_POINT('',(-0.791783900604,-1.23825923037));
#1668 = CARTESIAN_POINT('',(-0.756194252723,-1.213714406401));
#1669 = CARTESIAN_POINT('',(-0.737184616627,-1.199143510058));
#1670 = CARTESIAN_POINT('',(-0.719315187503,-1.183914367393));
#1671 = CARTESIAN_POINT('',(-0.702597238661,-1.168104791328));
#1672 = CARTESIAN_POINT('',(-0.687002017777,-1.151800929081));
#1673 = CARTESIAN_POINT('',(-0.672475750633,-1.135089581059));
#1674 = CARTESIAN_POINT('',(-0.649413180456,-1.106026532981));
#1675 = CARTESIAN_POINT('',(-0.640370548655,-1.093837230079));
#1676 = CARTESIAN_POINT('',(-0.63180202635,-1.081508092803));
#1677 = CARTESIAN_POINT('',(-0.623680747585,-1.069062209752));
#1678 = CARTESIAN_POINT('',(-0.615978943854,-1.056519983985));
#1679 = CARTESIAN_POINT('',(-0.608669184394,-1.043898840645));
#1680 = CARTESIAN_POINT('',(-0.589962488756,-1.009721687521));
#1681 = CARTESIAN_POINT('',(-0.579252184776,-0.988048050711));
#1682 = CARTESIAN_POINT('',(-0.569464939534,-0.966258311418));
#1683 = CARTESIAN_POINT('',(-0.560488999331,-0.944404066052));
#1684 = CARTESIAN_POINT('',(-0.552228723722,-0.922523610171));
#1685 = CARTESIAN_POINT('',(-0.544602687463,-0.900643328471));
#1686 = CARTESIAN_POINT('',(-0.529301143967,-0.853261771176));
#1687 = CARTESIAN_POINT('',(-0.521831330336,-0.827770754081));
#1688 = CARTESIAN_POINT('',(-0.515023341264,-0.802334108577));
#1689 = CARTESIAN_POINT('',(-0.508791017955,-0.776971501222));
#1690 = CARTESIAN_POINT('',(-0.503066047282,-0.751695462926));
#1691 = CARTESIAN_POINT('',(-0.497792965963,-0.726512661833));
#1692 = CARTESIAN_POINT('',(-0.486999648242,-0.670897903492));
#1693 = CARTESIAN_POINT('',(-0.481674293984,-0.640514352687));
#1694 = CARTESIAN_POINT('',(-0.476864755266,-0.610279366724));
#1695 = CARTESIAN_POINT('',(-0.472506954302,-0.580193480288));
#1696 = CARTESIAN_POINT('',(-0.46855154461,-0.55025350967));
#1697 = CARTESIAN_POINT('',(-0.464959373405,-0.52045314264));
#1698 = CARTESIAN_POINT('',(-0.45381064834,-0.419062941977));
#1699 = CARTESIAN_POINT('',(-0.447854571487,-0.348127268187));
#1700 = CARTESIAN_POINT('',(-0.443364344721,-0.277832179282));
#1701 = CARTESIAN_POINT('',(-0.440131509717,-0.208032413666));
#1702 = CARTESIAN_POINT('',(-0.438017376372,-0.138577235944));
#1703 = CARTESIAN_POINT('',(-0.436960426379,-6.930018413266E-02));
#1704 = CARTESIAN_POINT('',(-0.436960426379,0.));
#1705 = ( GEOMETRIC_REPRESENTATION_CONTEXT(2) 
PARAMETRIC_REPRESENTATION_CONTEXT() REPRESENTATION_CONTEXT('2D SPACE',''
  ) );
#1706 = ORIENTED_EDGE('',*,*,#1707,.T.);
#1707 = EDGE_CURVE('',#1503,#1708,#1710,.T.);
#1708 = VERTEX_POINT('',#1709);
#1709 = CARTESIAN_POINT('',(-9.317761567226,11.109874858715,-0.5));
#1710 = SURFACE_CURVE('',#1711,(#1717,#1726),.PCURVE_S1.);
#1711 = B_SPLINE_CURVE_WITH_KNOTS('',4,(#1712,#1713,#1714,#1715,#1716),
  .UNSPECIFIED.,.F.,.F.,(5,5),(0.,1.),.PIECEWISE_BEZIER_KNOTS.);
#1712 = CARTESIAN_POINT('',(-9.687336855949,10.789138271399,
    -0.4871666787));
#1713 = CARTESIAN_POINT('',(-9.596410071467,10.870779489479,
    -0.493301666795));
#1714 = CARTESIAN_POINT('',(-9.504486356323,10.95147109981,
    -0.497659666737));
#1715 = CARTESIAN_POINT('',(-9.411557567675,11.031208916997,-0.5));
#1716 = CARTESIAN_POINT('',(-9.317761567226,11.109874858715,-0.5));
#1717 = PCURVE('',#32,#1718);
#1718 = DEFINITIONAL_REPRESENTATION('',(#1719),#1725);
#1719 = B_SPLINE_CURVE_WITH_KNOTS('',4,(#1720,#1721,#1722,#1723,#1724),
  .UNSPECIFIED.,.F.,.F.,(5,5),(0.,1.),.PIECEWISE_BEZIER_KNOTS.);
#1720 = CARTESIAN_POINT('',(2.302438172422,5.5128333213));
#1721 = CARTESIAN_POINT('',(2.294010549919,5.506698333205));
#1722 = CARTESIAN_POINT('',(2.285575523874,5.502340333263));
#1723 = CARTESIAN_POINT('',(2.277131266736,5.5));
#1724 = CARTESIAN_POINT('',(2.268688687351,5.5));
#1725 = ( GEOMETRIC_REPRESENTATION_CONTEXT(2) 
PARAMETRIC_REPRESENTATION_CONTEXT() REPRESENTATION_CONTEXT('2D SPACE',''
  ) );
#1726 = PCURVE('',#1727,#1732);
#1727 = CYLINDRICAL_SURFACE('',#1728,1.);
#1728 = AXIS2_PLACEMENT_3D('',#1729,#1730,#1731);
#1729 = CARTESIAN_POINT('',(-6.549038105677,15.905444566228,0.5));
#1730 = DIRECTION('',(-0.5,-0.866025403784,0.));
#1731 = DIRECTION('',(-0.866025403784,0.5,0.));
#1732 = DEFINITIONAL_REPRESENTATION('',(#1733),#1739);
#1733 = B_SPLINE_CURVE_WITH_KNOTS('',4,(#1734,#1735,#1736,#1737,#1738),
  .UNSPECIFIED.,.F.,.F.,(5,5),(0.,1.),.PIECEWISE_BEZIER_KNOTS.);
#1734 = CARTESIAN_POINT('',(1.410416373883,6.0000006));
#1735 = CARTESIAN_POINT('',(1.448833691874,5.883833838906));
#1736 = CARTESIAN_POINT('',(1.488289001386,5.767990996915));
#1737 = CARTESIAN_POINT('',(1.528899578493,5.652471627265));
#1738 = CARTESIAN_POINT('',(1.570796326795,5.5374469231));
#1739 = ( GEOMETRIC_REPRESENTATION_CONTEXT(2) 
PARAMETRIC_REPRESENTATION_CONTEXT() REPRESENTATION_CONTEXT('2D SPACE',''
  ) );
#1740 = ORIENTED_EDGE('',*,*,#1741,.F.);
#1741 = EDGE_CURVE('',#891,#1708,#1742,.T.);
#1742 = SURFACE_CURVE('',#1743,(#1748,#1755),.PCURVE_S1.);
#1743 = CIRCLE('',#1744,14.5);
#1744 = AXIS2_PLACEMENT_3D('',#1745,#1746,#1747);
#1745 = CARTESIAN_POINT('',(0.,0.,-0.5));
#1746 = DIRECTION('',(0.,0.,1.));
#1747 = DIRECTION('',(1.,0.,-0.));
#1748 = PCURVE('',#32,#1749);
#1749 = DEFINITIONAL_REPRESENTATION('',(#1750),#1754);
#1750 = LINE('',#1751,#1752);
#1751 = CARTESIAN_POINT('',(0.,5.5));
#1752 = VECTOR('',#1753,1.);
#1753 = DIRECTION('',(1.,0.));
#1754 = ( GEOMETRIC_REPRESENTATION_CONTEXT(2) 
PARAMETRIC_REPRESENTATION_CONTEXT() REPRESENTATION_CONTEXT('2D SPACE',''
  ) );
#1755 = PCURVE('',#1756,#1761);
#1756 = PLANE('',#1757);
#1757 = AXIS2_PLACEMENT_3D('',#1758,#1759,#1760);
#1758 = CARTESIAN_POINT('',(-7.415063509461,16.405444566228,-0.5));
#1759 = DIRECTION('',(0.,0.,1.));
#1760 = DIRECTION('',(-0.5,-0.866025403784,0.));
#1761 = DEFINITIONAL_REPRESENTATION('',(#1762),#1766);
#1762 = CIRCLE('',#1763,14.5);
#1763 = AXIS2_PLACEMENT_2D('',#1764,#1765);
#1764 = CARTESIAN_POINT('',(10.5,14.624355652982));
#1765 = DIRECTION('',(-0.5,0.866025403784));
#1766 = ( GEOMETRIC_REPRESENTATION_CONTEXT(2) 
PARAMETRIC_REPRESENTATION_CONTEXT() REPRESENTATION_CONTEXT('2D SPACE',''
  ) );
#1767 = FACE_BOUND('',#1768,.T.);
#1768 = EDGE_LOOP('',(#1769,#1797,#1930,#1967,#1996,#2030,#2223,#2249,
    #2346,#2380,#2409,#2446));
#1769 = ORIENTED_EDGE('',*,*,#1770,.F.);
#1770 = EDGE_CURVE('',#1771,#1773,#1775,.T.);
#1771 = VERTEX_POINT('',#1772);
#1772 = CARTESIAN_POINT('',(-3.590239555236,-14.04849386717,0.5));
#1773 = VERTEX_POINT('',#1774);
#1774 = CARTESIAN_POINT('',(-3.590239555236,-14.04849386717,3.5));
#1775 = SURFACE_CURVE('',#1776,(#1780,#1786),.PCURVE_S1.);
#1776 = LINE('',#1777,#1778);
#1777 = CARTESIAN_POINT('',(-3.590239555236,-14.04849386717,-6.));
#1778 = VECTOR('',#1779,1.);
#1779 = DIRECTION('',(0.,0.,1.));
#1780 = PCURVE('',#32,#1781);
#1781 = DEFINITIONAL_REPRESENTATION('',(#1782),#1785);
#1782 = B_SPLINE_CURVE_WITH_KNOTS('',1,(#1783,#1784),.UNSPECIFIED.,.F.,
  .F.,(2,2),(6.4999994,9.5000006),.PIECEWISE_BEZIER_KNOTS.);
#1783 = CARTESIAN_POINT('',(4.462183828819,6.4999994));
#1784 = CARTESIAN_POINT('',(4.462183828819,9.5000006));
#1785 = ( GEOMETRIC_REPRESENTATION_CONTEXT(2) 
PARAMETRIC_REPRESENTATION_CONTEXT() REPRESENTATION_CONTEXT('2D SPACE',''
  ) );
#1786 = PCURVE('',#1787,#1792);
#1787 = CYLINDRICAL_SURFACE('',#1788,1.);
#1788 = AXIS2_PLACEMENT_3D('',#1789,#1790,#1791);
#1789 = CARTESIAN_POINT('',(-4.450961894323,-13.53941916244,-0.5));
#1790 = DIRECTION('',(0.,0.,1.));
#1791 = DIRECTION('',(0.5,-0.866025403784,0.));
#1792 = DEFINITIONAL_REPRESENTATION('',(#1793),#1796);
#1793 = B_SPLINE_CURVE_WITH_KNOTS('',1,(#1794,#1795),.UNSPECIFIED.,.F.,
  .F.,(2,2),(6.4999994,9.5000006),.PIECEWISE_BEZIER_KNOTS.);
#1794 = CARTESIAN_POINT('',(0.513088124897,0.9999994));
#1795 = CARTESIAN_POINT('',(0.513088124897,4.0000006));
#1796 = ( GEOMETRIC_REPRESENTATION_CONTEXT(2) 
PARAMETRIC_REPRESENTATION_CONTEXT() REPRESENTATION_CONTEXT('2D SPACE',''
  ) );
#1797 = ORIENTED_EDGE('',*,*,#1798,.F.);
#1798 = EDGE_CURVE('',#1799,#1771,#1801,.T.);
#1799 = VERTEX_POINT('',#1800);
#1800 = CARTESIAN_POINT('',(-4.267072278641,-13.85792531978,
    -0.429913134103));
#1801 = SURFACE_CURVE('',#1802,(#1841,#1883),.PCURVE_S1.);
#1802 = B_SPLINE_CURVE_WITH_KNOTS('',7,(#1803,#1804,#1805,#1806,#1807,
    #1808,#1809,#1810,#1811,#1812,#1813,#1814,#1815,#1816,#1817,#1818,
    #1819,#1820,#1821,#1822,#1823,#1824,#1825,#1826,#1827,#1828,#1829,
    #1830,#1831,#1832,#1833,#1834,#1835,#1836,#1837,#1838,#1839,#1840),
  .UNSPECIFIED.,.F.,.F.,(8,6,6,6,6,6,8),(0.,8.91574306485E-02,
    0.208927983225,0.292711001587,0.422800119857,0.591142288895,1.),
  .UNSPECIFIED.);
#1803 = CARTESIAN_POINT('',(-4.267072278641,-13.85792531978,
    -0.429913134103));
#1804 = CARTESIAN_POINT('',(-4.255808302701,-13.86139367442,
    -0.42649773927));
#1805 = CARTESIAN_POINT('',(-4.244198748761,-13.86495674109,
    -0.422792598156));
#1806 = CARTESIAN_POINT('',(-4.232249348583,-13.8686114856,
    -0.418776581641));
#1807 = CARTESIAN_POINT('',(-4.219973842379,-13.87235236509,
    -0.414429083149));
#1808 = CARTESIAN_POINT('',(-4.207394707383,-13.87617122762,
    -0.409732065358));
#1809 = CARTESIAN_POINT('',(-4.194543886423,-13.8800572117,
    -0.404672106912));
#1810 = CARTESIAN_POINT('',(-4.163891866846,-13.88928872513,
    -0.391948462436));
#1811 = CARTESIAN_POINT('',(-4.145900780268,-13.89467885119,
    -0.383985564875));
#1812 = CARTESIAN_POINT('',(-4.127592978206,-13.9001336133,
    -0.375336544163));
#1813 = CARTESIAN_POINT('',(-4.109079735918,-13.90561813187,
    -0.365999866801));
#1814 = CARTESIAN_POINT('',(-4.090473527565,-13.91109823268,
    -0.355987774082));
#1815 = CARTESIAN_POINT('',(-4.071880671297,-13.91654262118,
    -0.345324378087));
#1816 = CARTESIAN_POINT('',(-4.040461986995,-13.92569022865,
    -0.326152632486));
#1817 = CARTESIAN_POINT('',(-4.027579827232,-13.9294256905,
    -0.317958028738));
#1818 = CARTESIAN_POINT('',(-4.014777013358,-13.93312307631,
    -0.309469565261));
#1819 = CARTESIAN_POINT('',(-4.002079482252,-13.93677526908,
    -0.300698049439));
#1820 = CARTESIAN_POINT('',(-3.989509616284,-13.94037634501,
    -0.291654848709));
#1821 = CARTESIAN_POINT('',(-3.977086270246,-13.9439215177,
    -0.282351262055));
#1822 = CARTESIAN_POINT('',(-3.945786524033,-13.9528190862,
    -0.257964461308));
#1823 = CARTESIAN_POINT('',(-3.927140581433,-13.95808678667,
    -0.242530396611));
#1824 = CARTESIAN_POINT('',(-3.908942849244,-13.96319681003,
    -0.226534483529));
#1825 = CARTESIAN_POINT('',(-3.891236064857,-13.96813995072,
    -0.210015820758));
#1826 = CARTESIAN_POINT('',(-3.87405176678,-13.97291042143,
    -0.193011943348));
#1827 = CARTESIAN_POINT('',(-3.85741223715,-13.97750510314,
    -0.175556946495));
#1828 = CARTESIAN_POINT('',(-3.820524345518,-13.98763952149,
    -0.134545393691));
#1829 = CARTESIAN_POINT('',(-3.800656837676,-13.993058969,
    -0.110707563032));
#1830 = CARTESIAN_POINT('',(-3.781763066068,-13.99817846013,
    -8.623086134324E-02));
#1831 = CARTESIAN_POINT('',(-3.763865009823,-14.00299821057,
    -6.117634599283E-02));
#1832 = CARTESIAN_POINT('',(-3.7469759204,-14.00752051616,
    -3.56003106216E-02));
#1833 = CARTESIAN_POINT('',(-3.731102760143,-14.01174893974,
    -9.553208028606E-03));
#1834 = CARTESIAN_POINT('',(-3.680171992536,-14.02525319316,
    8.122117261662E-02));
#1835 = CARTESIAN_POINT('',(-3.650125102217,-14.03310414798,
    0.14800892298));
#1836 = CARTESIAN_POINT('',(-3.626130420947,-14.03930450503,
    0.216670928822));
#1837 = CARTESIAN_POINT('',(-3.608173959712,-14.04391053498,
    0.28665883295));
#1838 = CARTESIAN_POINT('',(-3.596221372484,-14.04696515311,
    0.357485604141));
#1839 = CARTESIAN_POINT('',(-3.590239555236,-14.04849386717,
    0.428724253856));
#1840 = CARTESIAN_POINT('',(-3.590239555236,-14.04849386717,0.5));
#1841 = PCURVE('',#32,#1842);
#1842 = DEFINITIONAL_REPRESENTATION('',(#1843),#1882);
#1843 = B_SPLINE_CURVE_WITH_KNOTS('',7,(#1844,#1845,#1846,#1847,#1848,
    #1849,#1850,#1851,#1852,#1853,#1854,#1855,#1856,#1857,#1858,#1859,
    #1860,#1861,#1862,#1863,#1864,#1865,#1866,#1867,#1868,#1869,#1870,
    #1871,#1872,#1873,#1874,#1875,#1876,#1877,#1878,#1879,#1880,#1881),
  .UNSPECIFIED.,.F.,.F.,(8,6,6,6,6,6,8),(0.,8.91574306485E-02,
    0.208927983225,0.292711001587,0.422800119857,0.591142288895,1.),
  .UNSPECIFIED.);
#1844 = CARTESIAN_POINT('',(4.413686022464,5.570086865897));
#1845 = CARTESIAN_POINT('',(4.41449884081,5.57350226073));
#1846 = CARTESIAN_POINT('',(4.415336358984,5.577207401844));
#1847 = CARTESIAN_POINT('',(4.416198138467,5.581223418359));
#1848 = CARTESIAN_POINT('',(4.41708316227,5.585570916851));
#1849 = CARTESIAN_POINT('',(4.417989784824,5.590267934642));
#1850 = CARTESIAN_POINT('',(4.418915681873,5.595327893088));
#1851 = CARTESIAN_POINT('',(4.421123404934,5.608051537564));
#1852 = CARTESIAN_POINT('',(4.422418657258,5.616014435125));
#1853 = CARTESIAN_POINT('',(4.423736112888,5.624663455837));
#1854 = CARTESIAN_POINT('',(4.42506773404,5.634000133199));
#1855 = CARTESIAN_POINT('',(4.426405417992,5.644012225918));
#1856 = CARTESIAN_POINT('',(4.427741525492,5.654675621913));
#1857 = CARTESIAN_POINT('',(4.429998302782,5.673847367514));
#1858 = CARTESIAN_POINT('',(4.430923324236,5.682041971262));
#1859 = CARTESIAN_POINT('',(4.431842358971,5.690530434739));
#1860 = CARTESIAN_POINT('',(4.432753553587,5.699301950561));
#1861 = CARTESIAN_POINT('',(4.433655312945,5.708345151291));
#1862 = CARTESIAN_POINT('',(4.434546297267,5.717648737945));
#1863 = CARTESIAN_POINT('',(4.436790423794,5.742035538692));
#1864 = CARTESIAN_POINT('',(4.438126680908,5.757469603389));
#1865 = CARTESIAN_POINT('',(4.439430235751,5.773465516471));
#1866 = CARTESIAN_POINT('',(4.440698082933,5.789984179242));
#1867 = CARTESIAN_POINT('',(4.441928023524,5.806988056652));
#1868 = CARTESIAN_POINT('',(4.443118522083,5.824443053505));
#1869 = CARTESIAN_POINT('',(4.445756778078,5.865454606309));
#1870 = CARTESIAN_POINT('',(4.447177010464,5.889292436968));
#1871 = CARTESIAN_POINT('',(4.448527013119,5.913769138657));
#1872 = CARTESIAN_POINT('',(4.449805331465,5.938823654007));
#1873 = CARTESIAN_POINT('',(4.451011127507,5.964399689378));
#1874 = CARTESIAN_POINT('',(4.452144003269,5.990446791971));
#1875 = CARTESIAN_POINT('',(4.455777843393,6.081221172617));
#1876 = CARTESIAN_POINT('',(4.457919598086,6.14800892298));
#1877 = CARTESIAN_POINT('',(4.45962875331,6.216670928822));
#1878 = CARTESIAN_POINT('',(4.460907221791,6.28665883295));
#1879 = CARTESIAN_POINT('',(4.461758031083,6.357485604141));
#1880 = CARTESIAN_POINT('',(4.462183828819,6.428724253856));
#1881 = CARTESIAN_POINT('',(4.462183828819,6.5));
#1882 = ( GEOMETRIC_REPRESENTATION_CONTEXT(2) 
PARAMETRIC_REPRESENTATION_CONTEXT() REPRESENTATION_CONTEXT('2D SPACE',''
  ) );
#1883 = PCURVE('',#1884,#1889);
#1884 = SPHERICAL_SURFACE('',#1885,1.);
#1885 = AXIS2_PLACEMENT_3D('',#1886,#1887,#1888);
#1886 = CARTESIAN_POINT('',(-4.450961894323,-13.53941916244,0.5));
#1887 = DIRECTION('',(0.,0.,1.));
#1888 = DIRECTION('',(0.5,-0.866025403784,0.));
#1889 = DEFINITIONAL_REPRESENTATION('',(#1890),#1929);
#1890 = B_SPLINE_CURVE_WITH_KNOTS('',7,(#1891,#1892,#1893,#1894,#1895,
    #1896,#1897,#1898,#1899,#1900,#1901,#1902,#1903,#1904,#1905,#1906,
    #1907,#1908,#1909,#1910,#1911,#1912,#1913,#1914,#1915,#1916,#1917,
    #1918,#1919,#1920,#1921,#1922,#1923,#1924,#1925,#1926,#1927,#1928),
  .UNSPECIFIED.,.F.,.F.,(8,6,6,6,6,6,8),(0.,8.91574306485E-02,
    0.208927983225,0.292711001587,0.422800119857,0.591142288895,1.),
  .UNSPECIFIED.);
#1891 = CARTESIAN_POINT('',(-9.769962616701E-15,-1.194176583579));
#1892 = CARTESIAN_POINT('',(2.180849626999E-02,-1.18489004823));
#1893 = CARTESIAN_POINT('',(4.310737519874E-02,-1.175070242641));
#1894 = CARTESIAN_POINT('',(6.383929093633E-02,-1.164710390764));
#1895 = CARTESIAN_POINT('',(8.395100991523E-02,-1.15381137824));
#1896 = CARTESIAN_POINT('',(0.103395567666,-1.142383253439));
#1897 = CARTESIAN_POINT('',(0.122134425631,-1.130446728488));
#1898 = CARTESIAN_POINT('',(0.164327101977,-1.101360827589));
#1899 = CARTESIAN_POINT('',(0.187197169123,-1.083823939802));
#1900 = CARTESIAN_POINT('',(0.208677778463,-1.065503898651));
#1901 = CARTESIAN_POINT('',(0.228759930002,-1.046497435143));
#1902 = CARTESIAN_POINT('',(0.247480248445,-1.02690944755));
#1903 = CARTESIAN_POINT('',(0.264903556935,-1.006844319352));
#1904 = CARTESIAN_POINT('',(0.29243915127,-0.972093902817));
#1905 = CARTESIAN_POINT('',(0.303177109205,-0.957601305454));
#1906 = CARTESIAN_POINT('',(0.313347739187,-0.94294935776));
#1907 = CARTESIAN_POINT('',(0.32298187644,-0.928165029894));
#1908 = CARTESIAN_POINT('',(0.33211138669,-0.913272092826));
#1909 = CARTESIAN_POINT('',(0.340767776037,-0.898290861657));
#1910 = CARTESIAN_POINT('',(0.361733088506,-0.859865404963));
#1911 = CARTESIAN_POINT('',(0.373415142387,-0.836322599674));
#1912 = CARTESIAN_POINT('',(0.384141498812,-0.812669833412));
#1913 = CARTESIAN_POINT('',(0.39401321162,-0.788954353133));
#1914 = CARTESIAN_POINT('',(0.403118768584,-0.765211587449));
#1915 = CARTESIAN_POINT('',(0.411535007833,-0.741466391665));
#1916 = CARTESIAN_POINT('',(0.429412620882,-0.687023707252));
#1917 = CARTESIAN_POINT('',(0.438452461266,-0.656339888465));
#1918 = CARTESIAN_POINT('',(0.446590459909,-0.62571787134));
#1919 = CARTESIAN_POINT('',(0.453939408925,-0.595180705633));
#1920 = CARTESIAN_POINT('',(0.460588392029,-0.564741281149));
#1921 = CARTESIAN_POINT('',(0.466609188507,-0.53440415293));
#1922 = CARTESIAN_POINT('',(0.485307729819,-0.430730369707));
#1923 = CARTESIAN_POINT('',(0.49519828786,-0.357923218231));
#1924 = CARTESIAN_POINT('',(0.502600400816,-0.285692480193));
#1925 = CARTESIAN_POINT('',(0.507901639042,-0.213932368616));
#1926 = CARTESIAN_POINT('',(0.511359153142,-0.142514457102));
#1927 = CARTESIAN_POINT('',(0.513088124897,-7.127574614412E-02));
#1928 = CARTESIAN_POINT('',(0.513088124897,0.));
#1929 = ( GEOMETRIC_REPRESENTATION_CONTEXT(2) 
PARAMETRIC_REPRESENTATION_CONTEXT() REPRESENTATION_CONTEXT('2D SPACE',''
  ) );
#1930 = ORIENTED_EDGE('',*,*,#1931,.T.);
#1931 = EDGE_CURVE('',#1799,#1932,#1934,.T.);
#1932 = VERTEX_POINT('',#1933);
#1933 = CARTESIAN_POINT('',(-4.736832980505,-13.704466911,-0.5));
#1934 = SURFACE_CURVE('',#1935,(#1942,#1952),.PCURVE_S1.);
#1935 = B_SPLINE_CURVE_WITH_KNOTS('',5,(#1936,#1937,#1938,#1939,#1940,
    #1941),.UNSPECIFIED.,.F.,.F.,(6,6),(0.,1.),
  .PIECEWISE_BEZIER_KNOTS.);
#1936 = CARTESIAN_POINT('',(-4.267071436025,-13.85792557924,
    -0.429912878609));
#1937 = CARTESIAN_POINT('',(-4.357861359675,-13.82996994564,
    -0.4574417054));
#1938 = CARTESIAN_POINT('',(-4.451155589628,-13.80042924035,
    -0.478477546301));
#1939 = CARTESIAN_POINT('',(-4.546016744025,-13.7694937698,
    -0.492747717615));
#1940 = CARTESIAN_POINT('',(-4.641540620002,-13.73740390876,-0.5));
#1941 = CARTESIAN_POINT('',(-4.736832980505,-13.704466911,-0.5));
#1942 = PCURVE('',#32,#1943);
#1943 = DEFINITIONAL_REPRESENTATION('',(#1944),#1951);
#1944 = B_SPLINE_CURVE_WITH_KNOTS('',5,(#1945,#1946,#1947,#1948,#1949,
    #1950),.UNSPECIFIED.,.F.,.F.,(6,6),(0.,1.),
  .PIECEWISE_BEZIER_KNOTS.);
#1945 = CARTESIAN_POINT('',(4.413686083268,5.570087121391));
#1946 = CARTESIAN_POINT('',(4.407134603169,5.5425582946));
#1947 = CARTESIAN_POINT('',(4.400385890225,5.521522453699));
#1948 = CARTESIAN_POINT('',(4.393505008518,5.507252282385));
#1949 = CARTESIAN_POINT('',(4.386555624409,5.5));
#1950 = CARTESIAN_POINT('',(4.379602244819,5.5));
#1951 = ( GEOMETRIC_REPRESENTATION_CONTEXT(2) 
PARAMETRIC_REPRESENTATION_CONTEXT() REPRESENTATION_CONTEXT('2D SPACE',''
  ) );
#1952 = PCURVE('',#1953,#1958);
#1953 = CYLINDRICAL_SURFACE('',#1954,1.);
#1954 = AXIS2_PLACEMENT_3D('',#1955,#1956,#1957);
#1955 = CARTESIAN_POINT('',(-3.584936490539,-13.03941916244,0.5));
#1956 = DIRECTION('',(-0.866025403784,-0.5,0.));
#1957 = DIRECTION('',(0.5,-0.866025403784,0.));
#1958 = DEFINITIONAL_REPRESENTATION('',(#1959),#1966);
#1959 = B_SPLINE_CURVE_WITH_KNOTS('',5,(#1960,#1961,#1962,#1963,#1964,
    #1965),.UNSPECIFIED.,.F.,.F.,(6,6),(0.,1.),
  .PIECEWISE_BEZIER_KNOTS.);
#1960 = CARTESIAN_POINT('',(-1.194175888888,0.9999994));
#1961 = CARTESIAN_POINT('',(-1.269027256472,1.064647963491));
#1962 = CARTESIAN_POINT('',(-1.34393145108,1.130672784011));
#1963 = CARTESIAN_POINT('',(-1.419073218794,1.197357218274));
#1964 = CARTESIAN_POINT('',(-1.494625869755,1.264038391022));
#1965 = CARTESIAN_POINT('',(-1.570796326795,1.330095497121));
#1966 = ( GEOMETRIC_REPRESENTATION_CONTEXT(2) 
PARAMETRIC_REPRESENTATION_CONTEXT() REPRESENTATION_CONTEXT('2D SPACE',''
  ) );
#1967 = ORIENTED_EDGE('',*,*,#1968,.F.);
#1968 = EDGE_CURVE('',#1969,#1932,#1971,.T.);
#1969 = VERTEX_POINT('',#1970);
#1970 = CARTESIAN_POINT('',(-9.317761567226,-11.10987485871,-0.5));
#1971 = SURFACE_CURVE('',#1972,(#1977,#1984),.PCURVE_S1.);
#1972 = CIRCLE('',#1973,14.5);
#1973 = AXIS2_PLACEMENT_3D('',#1974,#1975,#1976);
#1974 = CARTESIAN_POINT('',(0.,0.,-0.5));
#1975 = DIRECTION('',(0.,0.,1.));
#1976 = DIRECTION('',(1.,0.,-0.));
#1977 = PCURVE('',#32,#1978);
#1978 = DEFINITIONAL_REPRESENTATION('',(#1979),#1983);
#1979 = LINE('',#1980,#1981);
#1980 = CARTESIAN_POINT('',(0.,5.5));
#1981 = VECTOR('',#1982,1.);
#1982 = DIRECTION('',(1.,0.));
#1983 = ( GEOMETRIC_REPRESENTATION_CONTEXT(2) 
PARAMETRIC_REPRESENTATION_CONTEXT() REPRESENTATION_CONTEXT('2D SPACE',''
  ) );
#1984 = PCURVE('',#1985,#1990);
#1985 = PLANE('',#1986);
#1986 = AXIS2_PLACEMENT_3D('',#1987,#1988,#1989);
#1987 = CARTESIAN_POINT('',(-3.084936490539,-13.90544456622,-0.5));
#1988 = DIRECTION('',(0.,0.,1.));
#1989 = DIRECTION('',(-0.5,0.866025403784,0.));
#1990 = DEFINITIONAL_REPRESENTATION('',(#1991),#1995);
#1991 = CIRCLE('',#1992,14.5);
#1992 = AXIS2_PLACEMENT_2D('',#1993,#1994);
#1993 = CARTESIAN_POINT('',(10.5,-9.624355652982));
#1994 = DIRECTION('',(-0.5,-0.866025403784));
#1995 = ( GEOMETRIC_REPRESENTATION_CONTEXT(2) 
PARAMETRIC_REPRESENTATION_CONTEXT() REPRESENTATION_CONTEXT('2D SPACE',''
  ) );
#1996 = ORIENTED_EDGE('',*,*,#1997,.F.);
#1997 = EDGE_CURVE('',#1998,#1969,#2000,.T.);
#1998 = VERTEX_POINT('',#1999);
#1999 = CARTESIAN_POINT('',(-9.687336386313,-10.78913869307,
    -0.487166710387));
#2000 = SURFACE_CURVE('',#2001,(#2007,#2016),.PCURVE_S1.);
#2001 = B_SPLINE_CURVE_WITH_KNOTS('',4,(#2002,#2003,#2004,#2005,#2006),
  .UNSPECIFIED.,.F.,.F.,(5,5),(0.,1.),.PIECEWISE_BEZIER_KNOTS.);
#2002 = CARTESIAN_POINT('',(-9.687336855949,-10.78913827139,
    -0.4871666787));
#2003 = CARTESIAN_POINT('',(-9.596410071467,-10.87077948947,
    -0.493301666795));
#2004 = CARTESIAN_POINT('',(-9.504486356323,-10.95147109981,
    -0.497659666737));
#2005 = CARTESIAN_POINT('',(-9.411557567675,-11.03120891699,-0.5));
#2006 = CARTESIAN_POINT('',(-9.317761567226,-11.10987485871,-0.5));
#2007 = PCURVE('',#32,#2008);
#2008 = DEFINITIONAL_REPRESENTATION('',(#2009),#2015);
#2009 = B_SPLINE_CURVE_WITH_KNOTS('',4,(#2010,#2011,#2012,#2013,#2014),
  .UNSPECIFIED.,.F.,.F.,(5,5),(0.,1.),.PIECEWISE_BEZIER_KNOTS.);
#2010 = CARTESIAN_POINT('',(3.980747134758,5.5128333213));
#2011 = CARTESIAN_POINT('',(3.989174757261,5.506698333205));
#2012 = CARTESIAN_POINT('',(3.997609783305,5.502340333263));
#2013 = CARTESIAN_POINT('',(4.006054040444,5.5));
#2014 = CARTESIAN_POINT('',(4.014496619828,5.5));
#2015 = ( GEOMETRIC_REPRESENTATION_CONTEXT(2) 
PARAMETRIC_REPRESENTATION_CONTEXT() REPRESENTATION_CONTEXT('2D SPACE',''
  ) );
#2016 = PCURVE('',#2017,#2022);
#2017 = CYLINDRICAL_SURFACE('',#2018,1.);
#2018 = AXIS2_PLACEMENT_3D('',#2019,#2020,#2021);
#2019 = CARTESIAN_POINT('',(-6.549038105677,-15.90544456622,0.5));
#2020 = DIRECTION('',(-0.5,0.866025403784,0.));
#2021 = DIRECTION('',(-0.866025403784,-0.5,0.));
#2022 = DEFINITIONAL_REPRESENTATION('',(#2023),#2029);
#2023 = B_SPLINE_CURVE_WITH_KNOTS('',4,(#2024,#2025,#2026,#2027,#2028),
  .UNSPECIFIED.,.F.,.F.,(5,5),(0.,1.),.PIECEWISE_BEZIER_KNOTS.);
#2024 = CARTESIAN_POINT('',(-1.410416373883,6.0000006));
#2025 = CARTESIAN_POINT('',(-1.448833691874,5.883833838906));
#2026 = CARTESIAN_POINT('',(-1.488289001386,5.767990996915));
#2027 = CARTESIAN_POINT('',(-1.528899578493,5.652471627265));
#2028 = CARTESIAN_POINT('',(-1.570796326795,5.5374469231));
#2029 = ( GEOMETRIC_REPRESENTATION_CONTEXT(2) 
PARAMETRIC_REPRESENTATION_CONTEXT() REPRESENTATION_CONTEXT('2D SPACE',''
  ) );
#2030 = ORIENTED_EDGE('',*,*,#2031,.F.);
#2031 = EDGE_CURVE('',#2032,#1998,#2034,.T.);
#2032 = VERTEX_POINT('',#2033);
#2033 = CARTESIAN_POINT('',(-10.36855025938,-10.13623034064,0.5));
#2034 = SURFACE_CURVE('',#2035,(#2094,#2156),.PCURVE_S1.);
#2035 = B_SPLINE_CURVE_WITH_KNOTS('',8,(#2036,#2037,#2038,#2039,#2040,
    #2041,#2042,#2043,#2044,#2045,#2046,#2047,#2048,#2049,#2050,#2051,
    #2052,#2053,#2054,#2055,#2056,#2057,#2058,#2059,#2060,#2061,#2062,
    #2063,#2064,#2065,#2066,#2067,#2068,#2069,#2070,#2071,#2072,#2073,
    #2074,#2075,#2076,#2077,#2078,#2079,#2080,#2081,#2082,#2083,#2084,
    #2085,#2086,#2087,#2088,#2089,#2090,#2091,#2092,#2093),
  .UNSPECIFIED.,.F.,.F.,(9,7,7,7,7,7,7,7,9),(0.,0.402958613273,
    0.500497487554,0.583978303727,0.63367224111,0.702907265183,
    0.771855532419,0.815445615794,1.),.UNSPECIFIED.);
#2036 = CARTESIAN_POINT('',(-10.36855025938,-10.13623034064,0.5));
#2037 = CARTESIAN_POINT('',(-10.36855025938,-10.13623034064,
    0.414368151431));
#2038 = CARTESIAN_POINT('',(-10.36258890828,-10.14232835697,
    0.328954554645));
#2039 = CARTESIAN_POINT('',(-10.35071760577,-10.15447162712,
    0.244211291834));
#2040 = CARTESIAN_POINT('',(-10.33286445394,-10.17269402474,
    0.160732146844));
#2041 = CARTESIAN_POINT('',(-10.30891063712,-10.19703752171,
    7.924655841058E-02));
#2042 = CARTESIAN_POINT('',(-10.27874569803,-10.22749253638,
    6.34549941421E-04));
#2043 = CARTESIAN_POINT('',(-10.24228327599,-10.26397804013,
    -7.407997778126E-02));
#2044 = CARTESIAN_POINT('',(-10.18922624347,-10.31648584483,
    -0.160574085456));
#2045 = CARTESIAN_POINT('',(-10.17852242394,-10.32705538918,
    -0.177128644153));
#2046 = CARTESIAN_POINT('',(-10.16745630963,-10.33795722577,
    -0.193364115876));
#2047 = CARTESIAN_POINT('',(-10.15603080732,-10.34918557166,
    -0.209261253592));
#2048 = CARTESIAN_POINT('',(-10.14425063369,-10.36073279383,
    -0.224799218506));
#2049 = CARTESIAN_POINT('',(-10.13212278478,-10.37258901268,
    -0.239955893835));
#2050 = CARTESIAN_POINT('',(-10.11965700538,-10.38474170555,
    -0.254708198593));
#2051 = CARTESIAN_POINT('',(-10.0959190131,-10.40781688761,
    -0.281292089081));
#2052 = CARTESIAN_POINT('',(-10.08473513056,-10.41866286785,
    -0.29323660831));
#2053 = CARTESIAN_POINT('',(-10.073322153,-10.4297041057,-0.304852170783
    ));
#2054 = CARTESIAN_POINT('',(-10.0616910002,-10.44092819549,
    -0.316122536365));
#2055 = CARTESIAN_POINT('',(-10.04985658716,-10.45231899061,
    -0.327029827698));
#2056 = CARTESIAN_POINT('',(-10.03783844172,-10.46385612312,
    -0.337555344844));
#2057 = CARTESIAN_POINT('',(-10.02566132225,-10.47551452317,
    -0.347680379926));
#2058 = CARTESIAN_POINT('',(-10.00603070197,-10.49425805698,
    -0.363165146678));
#2059 = CARTESIAN_POINT('',(-9.998660688807,-10.50128384934,
    -0.368794545838));
#2060 = CARTESIAN_POINT('',(-9.991252475034,-10.50833472729,
    -0.37427132185));
#2061 = CARTESIAN_POINT('',(-9.98381399995,-10.51540295744,
    -0.379591346929));
#2062 = CARTESIAN_POINT('',(-9.976354436041,-10.52247970308,
    -0.384750461051));
#2063 = CARTESIAN_POINT('',(-9.968884162181,-10.52955506597,
    -0.389744660095));
#2064 = CARTESIAN_POINT('',(-9.961414736829,-10.53661812805,
    -0.394570283989));
#2065 = CARTESIAN_POINT('',(-9.943571144641,-10.5534637427,
    -0.405708181379));
#2066 = CARTESIAN_POINT('',(-9.933207620447,-10.56322553935,
    -0.411860350601));
#2067 = CARTESIAN_POINT('',(-9.922905569965,-10.57290740614,
    -0.417669576345));
#2068 = CARTESIAN_POINT('',(-9.91270611031,-10.58247127172,
    -0.423128435852));
#2069 = CARTESIAN_POINT('',(-9.90265224836,-10.59187776643,
    -0.428233563669));
#2070 = CARTESIAN_POINT('',(-9.892786924718,-10.60108801853,
    -0.43298599554));
#2071 = CARTESIAN_POINT('',(-9.883151057673,-10.61006545028,
    -0.437391512301));
#2072 = CARTESIAN_POINT('',(-9.864450923028,-10.6274536142,
    -0.445513600344));
#2073 = CARTESIAN_POINT('',(-9.85538132805,-10.63586941199,
    -0.449233910501));
#2074 = CARTESIAN_POINT('',(-9.846610463173,-10.64399177455,
    -0.452632164405));
#2075 = CARTESIAN_POINT('',(-9.838163235403,-10.65179957851,
    -0.4557253765));
#2076 = CARTESIAN_POINT('',(-9.830053541948,-10.65928200949,
    -0.45853511547));
#2077 = CARTESIAN_POINT('',(-9.822286014343,-10.66643680144,
    -0.461085294194));
#2078 = CARTESIAN_POINT('',(-9.814857762579,-10.67326847608,
    -0.463399959704));
#2079 = CARTESIAN_POINT('',(-9.803272887321,-10.68390742253,
    -0.466829443521));
#2080 = CARTESIAN_POINT('',(-9.798917117784,-10.68790356209,
    -0.468072736458));
#2081 = CARTESIAN_POINT('',(-9.794690111525,-10.69177789499,
    -0.469236833695));
#2082 = CARTESIAN_POINT('',(-9.790588361185,-10.6955340224,
    -0.470327366529));
#2083 = CARTESIAN_POINT('',(-9.786607731887,-10.69917608674,
    -0.471349687082));
#2084 = CARTESIAN_POINT('',(-9.782743641985,-10.70270860577,
    -0.472308829551));
#2085 = CARTESIAN_POINT('',(-9.778991243802,-10.70613630669,
    -0.473209471469));
#2086 = CARTESIAN_POINT('',(-9.759910471281,-10.72355278491,
    -0.477639534963));
#2087 = CARTESIAN_POINT('',(-9.746416930876,-10.73582276473,
    -0.480244964702));
#2088 = CARTESIAN_POINT('',(-9.734428165269,-10.74669337351,
    -0.48221590403));
#2089 = CARTESIAN_POINT('',(-9.723593980862,-10.7564937775,
    -0.483740061636));
#2090 = CARTESIAN_POINT('',(-9.713653718059,-10.76546678769,
    -0.48493231543));
#2091 = CARTESIAN_POINT('',(-9.704407423183,-10.7737976436,
    -0.485869943313));
#2092 = CARTESIAN_POINT('',(-9.695684166,-10.78164340061,-0.486603471847
    ));
#2093 = CARTESIAN_POINT('',(-9.687336386313,-10.78913869307,
    -0.487166710387));
#2094 = PCURVE('',#32,#2095);
#2095 = DEFINITIONAL_REPRESENTATION('',(#2096),#2155);
#2096 = B_SPLINE_CURVE_WITH_KNOTS('',8,(#2097,#2098,#2099,#2100,#2101,
    #2102,#2103,#2104,#2105,#2106,#2107,#2108,#2109,#2110,#2111,#2112,
    #2113,#2114,#2115,#2116,#2117,#2118,#2119,#2120,#2121,#2122,#2123,
    #2124,#2125,#2126,#2127,#2128,#2129,#2130,#2131,#2132,#2133,#2134,
    #2135,#2136,#2137,#2138,#2139,#2140,#2141,#2142,#2143,#2144,#2145,
    #2146,#2147,#2148,#2149,#2150,#2151,#2152,#2153,#2154),
  .UNSPECIFIED.,.F.,.F.,(9,7,7,7,7,7,7,7,9),(0.,0.402958613273,
    0.500497487554,0.583978303727,0.63367224111,0.702907265183,
    0.771855532419,0.815445615794,1.),.UNSPECIFIED.);
#2097 = CARTESIAN_POINT('',(3.915661264963,6.5));
#2098 = CARTESIAN_POINT('',(3.915661264963,6.414368151431));
#2099 = CARTESIAN_POINT('',(3.916249389564,6.328954554645));
#2100 = CARTESIAN_POINT('',(3.917420559294,6.244211291833));
#2101 = CARTESIAN_POINT('',(3.919179909402,6.160732146844));
#2102 = CARTESIAN_POINT('',(3.921535240747,6.079246558411));
#2103 = CARTESIAN_POINT('',(3.924491427467,6.000634549941));
#2104 = CARTESIAN_POINT('',(3.928048750904,5.925920022219));
#2105 = CARTESIAN_POINT('',(3.933196793836,5.839425914544));
#2106 = CARTESIAN_POINT('',(3.934234230413,5.822871355847));
#2107 = CARTESIAN_POINT('',(3.935305547886,5.806635884124));
#2108 = CARTESIAN_POINT('',(3.936410325224,5.790738746408));
#2109 = CARTESIAN_POINT('',(3.937547963418,5.775200781494));
#2110 = CARTESIAN_POINT('',(3.938717643265,5.760044106165));
#2111 = CARTESIAN_POINT('',(3.939918283141,5.745291801407));
#2112 = CARTESIAN_POINT('',(3.942201402505,5.718707910919));
#2113 = CARTESIAN_POINT('',(3.943275836094,5.70676339169));
#2114 = CARTESIAN_POINT('',(3.944370986693,5.695147829217));
#2115 = CARTESIAN_POINT('',(3.945485720068,5.683877463635));
#2116 = CARTESIAN_POINT('',(3.946618524887,5.672970172302));
#2117 = CARTESIAN_POINT('',(3.947767459,5.662444655156));
#2118 = CARTESIAN_POINT('',(3.948930095725,5.652319620074));
#2119 = CARTESIAN_POINT('',(3.950801949089,5.636834853322));
#2120 = CARTESIAN_POINT('',(3.951504175165,5.631205454162));
#2121 = CARTESIAN_POINT('',(3.952209501928,5.62572867815));
#2122 = CARTESIAN_POINT('',(3.952917165601,5.620408653071));
#2123 = CARTESIAN_POINT('',(3.953626288364,5.615249538949));
#2124 = CARTESIAN_POINT('',(3.954335881658,5.610255339905));
#2125 = CARTESIAN_POINT('',(3.955044849496,5.605429716011));
#2126 = CARTESIAN_POINT('',(3.956737202747,5.594291818621));
#2127 = CARTESIAN_POINT('',(3.957719071784,5.588139649399));
#2128 = CARTESIAN_POINT('',(3.958694075343,5.582330423655));
#2129 = CARTESIAN_POINT('',(3.959658350451,5.576871564148));
#2130 = CARTESIAN_POINT('',(3.96060787774,5.571766436331));
#2131 = CARTESIAN_POINT('',(3.961538664487,5.56701400446));
#2132 = CARTESIAN_POINT('',(3.96244692765,5.562608487699));
#2133 = CARTESIAN_POINT('',(3.964207971661,5.554486399656));
#2134 = CARTESIAN_POINT('',(3.965061259456,5.550766089499));
#2135 = CARTESIAN_POINT('',(3.965885680467,5.547367835595));
#2136 = CARTESIAN_POINT('',(3.966678985504,5.5442746235));
#2137 = CARTESIAN_POINT('',(3.967439965288,5.54146488453));
#2138 = CARTESIAN_POINT('',(3.968168279732,5.538914705806));
#2139 = CARTESIAN_POINT('',(3.96886428721,5.536600040296));
#2140 = CARTESIAN_POINT('',(3.969949035034,5.533170556479));
#2141 = CARTESIAN_POINT('',(3.970356701466,5.531927263542));
#2142 = CARTESIAN_POINT('',(3.970752145348,5.530763166305));
#2143 = CARTESIAN_POINT('',(3.971135712911,5.529672633471));
#2144 = CARTESIAN_POINT('',(3.971507807487,5.528650312918));
#2145 = CARTESIAN_POINT('',(3.971868872594,5.527691170449));
#2146 = CARTESIAN_POINT('',(3.972219375016,5.526790528531));
#2147 = CARTESIAN_POINT('',(3.974001048925,5.522360465037));
#2148 = CARTESIAN_POINT('',(3.975258846218,5.519755035298));
#2149 = CARTESIAN_POINT('',(3.97637493733,5.51778409597));
#2150 = CARTESIAN_POINT('',(3.977382464204,5.516259938364));
#2151 = CARTESIAN_POINT('',(3.978305992987,5.51506768457));
#2152 = CARTESIAN_POINT('',(3.979164321267,5.514130056687));
#2153 = CARTESIAN_POINT('',(3.97997345761,5.513396528153));
#2154 = CARTESIAN_POINT('',(3.980747178286,5.512833289613));
#2155 = ( GEOMETRIC_REPRESENTATION_CONTEXT(2) 
PARAMETRIC_REPRESENTATION_CONTEXT() REPRESENTATION_CONTEXT('2D SPACE',''
  ) );
#2156 = PCURVE('',#2157,#2162);
#2157 = SPHERICAL_SURFACE('',#2158,1.);
#2158 = AXIS2_PLACEMENT_3D('',#2159,#2160,#2161);
#2159 = CARTESIAN_POINT('',(-9.549038105677,-10.70929214352,0.5));
#2160 = DIRECTION('',(0.,0.,1.));
#2161 = DIRECTION('',(-0.5,0.866025403784,0.));
#2162 = DEFINITIONAL_REPRESENTATION('',(#2163),#2222);
#2163 = B_SPLINE_CURVE_WITH_KNOTS('',8,(#2164,#2165,#2166,#2167,#2168,
    #2169,#2170,#2171,#2172,#2173,#2174,#2175,#2176,#2177,#2178,#2179,
    #2180,#2181,#2182,#2183,#2184,#2185,#2186,#2187,#2188,#2189,#2190,
    #2191,#2192,#2193,#2194,#2195,#2196,#2197,#2198,#2199,#2200,#2201,
    #2202,#2203,#2204,#2205,#2206,#2207,#2208,#2209,#2210,#2211,#2212,
    #2213,#2214,#2215,#2216,#2217,#2218,#2219,#2220,#2221),
  .UNSPECIFIED.,.F.,.F.,(9,7,7,7,7,7,7,7,9),(0.,0.402958613273,
    0.500497487554,0.583978303727,0.63367224111,0.702907265183,
    0.771855532419,0.815445615794,1.),.UNSPECIFIED.);
#2164 = CARTESIAN_POINT('',(0.436960426379,0.));
#2165 = CARTESIAN_POINT('',(0.436960426379,-8.563184856883E-02));
#2166 = CARTESIAN_POINT('',(0.438545037487,-0.171044987589));
#2167 = CARTESIAN_POINT('',(0.441681401995,-0.256746656108));
#2168 = CARTESIAN_POINT('',(0.446554537939,-0.343073194727));
#2169 = CARTESIAN_POINT('',(0.453334548425,-0.430316730861));
#2170 = CARTESIAN_POINT('',(0.462597731122,-0.51867624978));
#2171 = CARTESIAN_POINT('',(0.474960659905,-0.608348045867));
#2172 = CARTESIAN_POINT('',(0.496772714388,-0.721373385795));
#2173 = CARTESIAN_POINT('',(0.501326917934,-0.743472382312));
#2174 = CARTESIAN_POINT('',(0.506214309998,-0.765642335631));
#2175 = CARTESIAN_POINT('',(0.511468627429,-0.787879724057));
#2176 = CARTESIAN_POINT('',(0.517129434391,-0.810178251696));
#2177 = CARTESIAN_POINT('',(0.523244014826,-0.832528368946));
#2178 = CARTESIAN_POINT('',(0.529869264914,-0.854916792993));
#2179 = CARTESIAN_POINT('',(0.543239563659,-0.896505471042));
#2180 = CARTESIAN_POINT('',(0.549829129689,-0.915697701116));
#2181 = CARTESIAN_POINT('',(0.556885518328,-0.934892874493));
#2182 = CARTESIAN_POINT('',(0.564458134948,-0.954075894511));
#2183 = CARTESIAN_POINT('',(0.57260329733,-0.973225882867));
#2184 = CARTESIAN_POINT('',(0.581384977413,-0.992315650601));
#2185 = CARTESIAN_POINT('',(0.590875543044,-1.011311169079));
#2186 = CARTESIAN_POINT('',(0.607276483221,-1.041397827395));
#2187 = CARTESIAN_POINT('',(0.613676049386,-1.052575613525));
#2188 = CARTESIAN_POINT('',(0.620371855632,-1.063695340179));
#2189 = CARTESIAN_POINT('',(0.627381398387,-1.074746242169));
#2190 = CARTESIAN_POINT('',(0.634722526658,-1.085715962353));
#2191 = CARTESIAN_POINT('',(0.642412955592,-1.096590665675));
#2192 = CARTESIAN_POINT('',(0.650469780051,-1.107355153207));
#2193 = CARTESIAN_POINT('',(0.670666735855,-1.132813897412));
#2194 = CARTESIAN_POINT('',(0.683169177134,-1.147392001102));
#2195 = CARTESIAN_POINT('',(0.696455527964,-1.161678416832));
#2196 = CARTESIAN_POINT('',(0.710560127705,-1.175620796979));
#2197 = CARTESIAN_POINT('',(0.725506959827,-1.189166116633));
#2198 = CARTESIAN_POINT('',(0.741304172626,-1.202263473505));
#2199 = CARTESIAN_POINT('',(0.757938599926,-1.214866887824));
#2200 = CARTESIAN_POINT('',(0.792729765322,-1.238959320243));
#2201 = CARTESIAN_POINT('',(0.81088515804,-1.250456673745));
#2202 = CARTESIAN_POINT('',(0.829797957091,-1.261390800736));
#2203 = CARTESIAN_POINT('',(0.849416398567,-1.271740868526));
#2204 = CARTESIAN_POINT('',(0.869678983917,-1.281501510024));
#2205 = CARTESIAN_POINT('',(0.890518006347,-1.290679760019));
#2206 = CARTESIAN_POINT('',(0.911863077223,-1.299291991458));
#2207 = CARTESIAN_POINT('',(0.947415276738,-1.312462100906));
#2208 = CARTESIAN_POINT('',(0.961362696117,-1.317346957065));
#2209 = CARTESIAN_POINT('',(0.975471419716,-1.322021740702));
#2210 = CARTESIAN_POINT('',(0.989726728486,-1.3264936188));
#2211 = CARTESIAN_POINT('',(1.004114859508,-1.330770356004));
#2212 = CARTESIAN_POINT('',(1.01862319028,-1.334860065803));
#2213 = CARTESIAN_POINT('',(1.033240423003,-1.338770961705));
#2214 = CARTESIAN_POINT('',(1.110263741867,-1.358346372341));
#2215 = CARTESIAN_POINT('',(1.174235021249,-1.371092319759));
#2216 = CARTESIAN_POINT('',(1.239297492013,-1.381433478494));
#2217 = CARTESIAN_POINT('',(1.305025490446,-1.389875896801));
#2218 = CARTESIAN_POINT('',(1.371138083288,-1.396775090007));
#2219 = CARTESIAN_POINT('',(1.437481419964,-1.402383640506));
#2220 = CARTESIAN_POINT('',(1.504011953628,-1.406889566173));
#2221 = CARTESIAN_POINT('',(1.570796326795,-1.410416572308));
#2222 = ( GEOMETRIC_REPRESENTATION_CONTEXT(2) 
PARAMETRIC_REPRESENTATION_CONTEXT() REPRESENTATION_CONTEXT('2D SPACE',''
  ) );
#2223 = ORIENTED_EDGE('',*,*,#2224,.T.);
#2224 = EDGE_CURVE('',#2032,#2225,#2227,.T.);
#2225 = VERTEX_POINT('',#2226);
#2226 = CARTESIAN_POINT('',(-10.36855025938,-10.13623034064,3.5));
#2227 = SURFACE_CURVE('',#2228,(#2232,#2238),.PCURVE_S1.);
#2228 = LINE('',#2229,#2230);
#2229 = CARTESIAN_POINT('',(-10.36855025938,-10.13623034064,-6.));
#2230 = VECTOR('',#2231,1.);
#2231 = DIRECTION('',(0.,0.,1.));
#2232 = PCURVE('',#32,#2233);
#2233 = DEFINITIONAL_REPRESENTATION('',(#2234),#2237);
#2234 = B_SPLINE_CURVE_WITH_KNOTS('',1,(#2235,#2236),.UNSPECIFIED.,.F.,
  .F.,(2,2),(6.4999994,9.5000006),.PIECEWISE_BEZIER_KNOTS.);
#2235 = CARTESIAN_POINT('',(3.915661264963,6.4999994));
#2236 = CARTESIAN_POINT('',(3.915661264963,9.5000006));
#2237 = ( GEOMETRIC_REPRESENTATION_CONTEXT(2) 
PARAMETRIC_REPRESENTATION_CONTEXT() REPRESENTATION_CONTEXT('2D SPACE',''
  ) );
#2238 = PCURVE('',#2239,#2244);
#2239 = CYLINDRICAL_SURFACE('',#2240,1.);
#2240 = AXIS2_PLACEMENT_3D('',#2241,#2242,#2243);
#2241 = CARTESIAN_POINT('',(-9.549038105677,-10.70929214352,-0.5));
#2242 = DIRECTION('',(0.,0.,1.));
#2243 = DIRECTION('',(-0.5,0.866025403784,0.));
#2244 = DEFINITIONAL_REPRESENTATION('',(#2245),#2248);
#2245 = B_SPLINE_CURVE_WITH_KNOTS('',1,(#2246,#2247),.UNSPECIFIED.,.F.,
  .F.,(2,2),(6.4999994,9.5000006),.PIECEWISE_BEZIER_KNOTS.);
#2246 = CARTESIAN_POINT('',(0.436960426379,0.9999994));
#2247 = CARTESIAN_POINT('',(0.436960426379,4.0000006));
#2248 = ( GEOMETRIC_REPRESENTATION_CONTEXT(2) 
PARAMETRIC_REPRESENTATION_CONTEXT() REPRESENTATION_CONTEXT('2D SPACE',''
  ) );
#2249 = ORIENTED_EDGE('',*,*,#2250,.F.);
#2250 = EDGE_CURVE('',#2251,#2225,#2253,.T.);
#2251 = VERTEX_POINT('',#2252);
#2252 = CARTESIAN_POINT('',(-9.687336386313,-10.78913869307,
    4.487166710387));
#2253 = SURFACE_CURVE('',#2254,(#2281,#2311),.PCURVE_S1.);
#2254 = B_SPLINE_CURVE_WITH_KNOTS('',7,(#2255,#2256,#2257,#2258,#2259,
    #2260,#2261,#2262,#2263,#2264,#2265,#2266,#2267,#2268,#2269,#2270,
    #2271,#2272,#2273,#2274,#2275,#2276,#2277,#2278,#2279,#2280),
  .UNSPECIFIED.,.F.,.F.,(8,6,6,6,8),(0.,0.18405430749,0.354393216498,
    0.55297963044,1.),.UNSPECIFIED.);
#2255 = CARTESIAN_POINT('',(-9.687336386313,-10.78913869307,
    4.487166710387));
#2256 = CARTESIAN_POINT('',(-9.720859427113,-10.75903907324,
    4.484904855227));
#2257 = CARTESIAN_POINT('',(-9.754102974328,-10.72897093084,
    4.480274544888));
#2258 = CARTESIAN_POINT('',(-9.786892116848,-10.69909527481,
    4.473308991535));
#2259 = CARTESIAN_POINT('',(-9.819073570819,-10.66956073998,
    4.464078026722));
#2260 = CARTESIAN_POINT('',(-9.850515280087,-10.64050230906,
    4.452679903852));
#2261 = CARTESIAN_POINT('',(-9.881106016642,-10.61204003445,
    4.439233100637));
#2262 = CARTESIAN_POINT('',(-9.938194557568,-10.5585842811,
    4.409648113294));
#2263 = CARTESIAN_POINT('',(-9.964830261608,-10.53348773269,
    4.393783683464));
#2264 = CARTESIAN_POINT('',(-9.990594432388,-10.50906641983,
    4.376376129953));
#2265 = CARTESIAN_POINT('',(-10.0154367414,-10.48538413368,
    4.357531731055));
#2266 = CARTESIAN_POINT('',(-10.03932154034,-10.46249174451,
    4.337357785864));
#2267 = CARTESIAN_POINT('',(-10.06222520903,-10.4404287945,
    4.315958654672));
#2268 = CARTESIAN_POINT('',(-10.10967487618,-10.39450515104,
    4.267169288702));
#2269 = CARTESIAN_POINT('',(-10.13386217136,-10.37095423176,
    4.239375308064));
#2270 = CARTESIAN_POINT('',(-10.15667544755,-10.34861737336,
    4.210203361504));
#2271 = CARTESIAN_POINT('',(-10.17810795181,-10.32752566639,
    4.179797745166));
#2272 = CARTESIAN_POINT('',(-10.19816288733,-10.30769890117,
    4.14829184562));
#2273 = CARTESIAN_POINT('',(-10.21685018123,-10.28914821761,
    4.115806438203));
#2274 = CARTESIAN_POINT('',(-10.27320020053,-10.23300499029,
    4.007357712946));
#2275 = CARTESIAN_POINT('',(-10.3053309395,-10.20064763072,
    3.927891250062));
#2276 = CARTESIAN_POINT('',(-10.33077470973,-10.17482154846,
    3.845219033143));
#2277 = CARTESIAN_POINT('',(-10.34970383281,-10.15550867092,
    3.760313274051));
#2278 = CARTESIAN_POINT('',(-10.36226356842,-10.14266113453,
    3.674013148134));
#2279 = CARTESIAN_POINT('',(-10.36855025938,-10.13623034064,
    3.587033785494));
#2280 = CARTESIAN_POINT('',(-10.36855025938,-10.13623034064,3.5));
#2281 = PCURVE('',#32,#2282);
#2282 = DEFINITIONAL_REPRESENTATION('',(#2283),#2310);
#2283 = B_SPLINE_CURVE_WITH_KNOTS('',7,(#2284,#2285,#2286,#2287,#2288,
    #2289,#2290,#2291,#2292,#2293,#2294,#2295,#2296,#2297,#2298,#2299,
    #2300,#2301,#2302,#2303,#2304,#2305,#2306,#2307,#2308,#2309),
  .UNSPECIFIED.,.F.,.F.,(8,6,6,6,8),(0.,0.18405430749,0.354393216498,
    0.55297963044,1.),.UNSPECIFIED.);
#2284 = CARTESIAN_POINT('',(3.980747178286,10.487166710387));
#2285 = CARTESIAN_POINT('',(3.977640068279,10.484904855227));
#2286 = CARTESIAN_POINT('',(3.974548751283,10.480274544888));
#2287 = CARTESIAN_POINT('',(3.971489571574,10.473308991535));
#2288 = CARTESIAN_POINT('',(3.968477197823,10.464078026722));
#2289 = CARTESIAN_POINT('',(3.965524587955,10.452679903852));
#2290 = CARTESIAN_POINT('',(3.962642954019,10.439233100637));
#2291 = CARTESIAN_POINT('',(3.957249242495,10.409648113294));
#2292 = CARTESIAN_POINT('',(3.954725364199,10.393783683464));
#2293 = CARTESIAN_POINT('',(3.952277160574,10.376376129953));
#2294 = CARTESIAN_POINT('',(3.949910151061,10.357531731055));
#2295 = CARTESIAN_POINT('',(3.947628514153,10.337357785864));
#2296 = CARTESIAN_POINT('',(3.945435295436,10.315958654672));
#2297 = CARTESIAN_POINT('',(3.940881245904,10.267169288702));
#2298 = CARTESIAN_POINT('',(3.938553048593,10.239375308064));
#2299 = CARTESIAN_POINT('',(3.936351148055,10.210203361504));
#2300 = CARTESIAN_POINT('',(3.93427735708,10.179797745166));
#2301 = CARTESIAN_POINT('',(3.932332461669,10.14829184562));
#2302 = CARTESIAN_POINT('',(3.930516505825,10.115806438203));
#2303 = CARTESIAN_POINT('',(3.925030652589,10.007357712946));
#2304 = CARTESIAN_POINT('',(3.921885852582,9.927891250062));
#2305 = CARTESIAN_POINT('',(3.919385576683,9.845219033143));
#2306 = CARTESIAN_POINT('',(3.917520575592,9.760313274051));
#2307 = CARTESIAN_POINT('',(3.916281485448,9.674013148134));
#2308 = CARTESIAN_POINT('',(3.915661264963,9.587033785494));
#2309 = CARTESIAN_POINT('',(3.915661264963,9.5));
#2310 = ( GEOMETRIC_REPRESENTATION_CONTEXT(2) 
PARAMETRIC_REPRESENTATION_CONTEXT() REPRESENTATION_CONTEXT('2D SPACE',''
  ) );
#2311 = PCURVE('',#2312,#2317);
#2312 = SPHERICAL_SURFACE('',#2313,1.);
#2313 = AXIS2_PLACEMENT_3D('',#2314,#2315,#2316);
#2314 = CARTESIAN_POINT('',(-9.549038105677,-10.70929214352,3.5));
#2315 = DIRECTION('',(0.866025403784,0.5,-0.));
#2316 = DIRECTION('',(-0.5,0.866025403784,2.22044604925E-16));
#2317 = DEFINITIONAL_REPRESENTATION('',(#2318),#2345);
#2318 = B_SPLINE_CURVE_WITH_KNOTS('',7,(#2319,#2320,#2321,#2322,#2323,
    #2324,#2325,#2326,#2327,#2328,#2329,#2330,#2331,#2332,#2333,#2334,
    #2335,#2336,#2337,#2338,#2339,#2340,#2341,#2342,#2343,#2344),
  .UNSPECIFIED.,.F.,.F.,(8,6,6,6,8),(0.,0.18405430749,0.354393216498,
    0.55297963044,1.),.UNSPECIFIED.);
#2319 = CARTESIAN_POINT('',(1.570796326795,-0.160379754487));
#2320 = CARTESIAN_POINT('',(1.527410994445,-0.174543517187));
#2321 = CARTESIAN_POINT('',(1.483963201542,-0.188515866679));
#2322 = CARTESIAN_POINT('',(1.440510575983,-0.202227796991));
#2323 = CARTESIAN_POINT('',(1.397100008874,-0.215621145823));
#2324 = CARTESIAN_POINT('',(1.353771153661,-0.228647783401));
#2325 = CARTESIAN_POINT('',(1.310559925267,-0.241268801349));
#2326 = CARTESIAN_POINT('',(1.227652672968,-0.264730604726));
#2327 = CARTESIAN_POINT('',(1.187930430557,-0.275635107669));
#2328 = CARTESIAN_POINT('',(1.148355731358,-0.286144884672));
#2329 = CARTESIAN_POINT('',(1.108943135023,-0.296244707559));
#2330 = CARTESIAN_POINT('',(1.069701909578,-0.305925194038));
#2331 = CARTESIAN_POINT('',(1.030636639522,-0.31518155606));
#2332 = CARTESIAN_POINT('',(0.946410051187,-0.334307561103));
#2333 = CARTESIAN_POINT('',(0.901314146343,-0.344023878489));
#2334 = CARTESIAN_POINT('',(0.856456479364,-0.353160159986));
#2335 = CARTESIAN_POINT('',(0.811831184266,-0.36171984545));
#2336 = CARTESIAN_POINT('',(0.767429299981,-0.369709666845));
#2337 = CARTESIAN_POINT('',(0.72323790123,-0.377138360145));
#2338 = CARTESIAN_POINT('',(0.580197698011,-0.399495624167));
#2339 = CARTESIAN_POINT('',(0.48219475745,-0.412170890829));
#2340 = CARTESIAN_POINT('',(0.38494965118,-0.422167669992));
#2341 = CARTESIAN_POINT('',(0.288292415231,-0.429585148513));
#2342 = CARTESIAN_POINT('',(0.192058504149,-0.4345002332));
#2343 = CARTESIAN_POINT('',(9.605931126846E-02,-0.436960426379));
#2344 = CARTESIAN_POINT('',(0.,-0.436960426379));
#2345 = ( GEOMETRIC_REPRESENTATION_CONTEXT(2) 
PARAMETRIC_REPRESENTATION_CONTEXT() REPRESENTATION_CONTEXT('2D SPACE',''
  ) );
#2346 = ORIENTED_EDGE('',*,*,#2347,.T.);
#2347 = EDGE_CURVE('',#2251,#2348,#2350,.T.);
#2348 = VERTEX_POINT('',#2349);
#2349 = CARTESIAN_POINT('',(-9.317761567226,-11.10987485871,4.5));
#2350 = SURFACE_CURVE('',#2351,(#2357,#2366),.PCURVE_S1.);
#2351 = B_SPLINE_CURVE_WITH_KNOTS('',4,(#2352,#2353,#2354,#2355,#2356),
  .UNSPECIFIED.,.F.,.F.,(5,5),(0.,1.),.PIECEWISE_BEZIER_KNOTS.);
#2352 = CARTESIAN_POINT('',(-9.687336855949,-10.78913827139,4.4871666787
    ));
#2353 = CARTESIAN_POINT('',(-9.596410071467,-10.87077948947,
    4.493301666795));
#2354 = CARTESIAN_POINT('',(-9.504486356323,-10.95147109981,
    4.497659666737));
#2355 = CARTESIAN_POINT('',(-9.411557567675,-11.03120891699,4.5));
#2356 = CARTESIAN_POINT('',(-9.317761567226,-11.10987485871,4.5));
#2357 = PCURVE('',#32,#2358);
#2358 = DEFINITIONAL_REPRESENTATION('',(#2359),#2365);
#2359 = B_SPLINE_CURVE_WITH_KNOTS('',4,(#2360,#2361,#2362,#2363,#2364),
  .UNSPECIFIED.,.F.,.F.,(5,5),(0.,1.),.PIECEWISE_BEZIER_KNOTS.);
#2360 = CARTESIAN_POINT('',(3.980747134758,10.4871666787));
#2361 = CARTESIAN_POINT('',(3.989174757261,10.493301666795));
#2362 = CARTESIAN_POINT('',(3.997609783305,10.497659666737));
#2363 = CARTESIAN_POINT('',(4.006054040444,10.5));
#2364 = CARTESIAN_POINT('',(4.014496619828,10.5));
#2365 = ( GEOMETRIC_REPRESENTATION_CONTEXT(2) 
PARAMETRIC_REPRESENTATION_CONTEXT() REPRESENTATION_CONTEXT('2D SPACE',''
  ) );
#2366 = PCURVE('',#2367,#2372);
#2367 = CYLINDRICAL_SURFACE('',#2368,1.);
#2368 = AXIS2_PLACEMENT_3D('',#2369,#2370,#2371);
#2369 = CARTESIAN_POINT('',(-6.549038105677,-15.90544456622,3.5));
#2370 = DIRECTION('',(-0.5,0.866025403784,0.));
#2371 = DIRECTION('',(-0.866025403784,-0.5,0.));
#2372 = DEFINITIONAL_REPRESENTATION('',(#2373),#2379);
#2373 = B_SPLINE_CURVE_WITH_KNOTS('',4,(#2374,#2375,#2376,#2377,#2378),
  .UNSPECIFIED.,.F.,.F.,(5,5),(0.,1.),.PIECEWISE_BEZIER_KNOTS.);
#2374 = CARTESIAN_POINT('',(1.410416373883,6.0000006));
#2375 = CARTESIAN_POINT('',(1.448833691874,5.883833838906));
#2376 = CARTESIAN_POINT('',(1.488289001386,5.767990996915));
#2377 = CARTESIAN_POINT('',(1.528899578493,5.652471627265));
#2378 = CARTESIAN_POINT('',(1.570796326795,5.5374469231));
#2379 = ( GEOMETRIC_REPRESENTATION_CONTEXT(2) 
PARAMETRIC_REPRESENTATION_CONTEXT() REPRESENTATION_CONTEXT('2D SPACE',''
  ) );
#2380 = ORIENTED_EDGE('',*,*,#2381,.T.);
#2381 = EDGE_CURVE('',#2348,#2382,#2384,.T.);
#2382 = VERTEX_POINT('',#2383);
#2383 = CARTESIAN_POINT('',(-4.736832980505,-13.704466911,4.5));
#2384 = SURFACE_CURVE('',#2385,(#2390,#2397),.PCURVE_S1.);
#2385 = CIRCLE('',#2386,14.5);
#2386 = AXIS2_PLACEMENT_3D('',#2387,#2388,#2389);
#2387 = CARTESIAN_POINT('',(0.,0.,4.5));
#2388 = DIRECTION('',(0.,0.,1.));
#2389 = DIRECTION('',(1.,0.,-0.));
#2390 = PCURVE('',#32,#2391);
#2391 = DEFINITIONAL_REPRESENTATION('',(#2392),#2396);
#2392 = LINE('',#2393,#2394);
#2393 = CARTESIAN_POINT('',(0.,10.5));
#2394 = VECTOR('',#2395,1.);
#2395 = DIRECTION('',(1.,0.));
#2396 = ( GEOMETRIC_REPRESENTATION_CONTEXT(2) 
PARAMETRIC_REPRESENTATION_CONTEXT() REPRESENTATION_CONTEXT('2D SPACE',''
  ) );
#2397 = PCURVE('',#2398,#2403);
#2398 = PLANE('',#2399);
#2399 = AXIS2_PLACEMENT_3D('',#2400,#2401,#2402);
#2400 = CARTESIAN_POINT('',(-3.084936490539,-13.90544456622,4.5));
#2401 = DIRECTION('',(0.,0.,1.));
#2402 = DIRECTION('',(-0.5,0.866025403784,0.));
#2403 = DEFINITIONAL_REPRESENTATION('',(#2404),#2408);
#2404 = CIRCLE('',#2405,14.5);
#2405 = AXIS2_PLACEMENT_2D('',#2406,#2407);
#2406 = CARTESIAN_POINT('',(10.5,-9.624355652982));
#2407 = DIRECTION('',(-0.5,-0.866025403784));
#2408 = ( GEOMETRIC_REPRESENTATION_CONTEXT(2) 
PARAMETRIC_REPRESENTATION_CONTEXT() REPRESENTATION_CONTEXT('2D SPACE',''
  ) );
#2409 = ORIENTED_EDGE('',*,*,#2410,.F.);
#2410 = EDGE_CURVE('',#2411,#2382,#2413,.T.);
#2411 = VERTEX_POINT('',#2412);
#2412 = CARTESIAN_POINT('',(-4.267072278641,-13.85792531978,
    4.429913134103));
#2413 = SURFACE_CURVE('',#2414,(#2421,#2431),.PCURVE_S1.);
#2414 = B_SPLINE_CURVE_WITH_KNOTS('',5,(#2415,#2416,#2417,#2418,#2419,
    #2420),.UNSPECIFIED.,.F.,.F.,(6,6),(0.,1.),
  .PIECEWISE_BEZIER_KNOTS.);
#2415 = CARTESIAN_POINT('',(-4.267071436025,-13.85792557924,
    4.429912878609));
#2416 = CARTESIAN_POINT('',(-4.357861359675,-13.82996994564,4.4574417054
    ));
#2417 = CARTESIAN_POINT('',(-4.451155589628,-13.80042924035,
    4.478477546301));
#2418 = CARTESIAN_POINT('',(-4.546016744025,-13.7694937698,
    4.492747717615));
#2419 = CARTESIAN_POINT('',(-4.641540620002,-13.73740390876,4.5));
#2420 = CARTESIAN_POINT('',(-4.736832980505,-13.704466911,4.5));
#2421 = PCURVE('',#32,#2422);
#2422 = DEFINITIONAL_REPRESENTATION('',(#2423),#2430);
#2423 = B_SPLINE_CURVE_WITH_KNOTS('',5,(#2424,#2425,#2426,#2427,#2428,
    #2429),.UNSPECIFIED.,.F.,.F.,(6,6),(0.,1.),
  .PIECEWISE_BEZIER_KNOTS.);
#2424 = CARTESIAN_POINT('',(4.413686083268,10.429912878609));
#2425 = CARTESIAN_POINT('',(4.407134603169,10.4574417054));
#2426 = CARTESIAN_POINT('',(4.400385890225,10.478477546301));
#2427 = CARTESIAN_POINT('',(4.393505008518,10.492747717615));
#2428 = CARTESIAN_POINT('',(4.386555624409,10.5));
#2429 = CARTESIAN_POINT('',(4.379602244819,10.5));
#2430 = ( GEOMETRIC_REPRESENTATION_CONTEXT(2) 
PARAMETRIC_REPRESENTATION_CONTEXT() REPRESENTATION_CONTEXT('2D SPACE',''
  ) );
#2431 = PCURVE('',#2432,#2437);
#2432 = CYLINDRICAL_SURFACE('',#2433,1.);
#2433 = AXIS2_PLACEMENT_3D('',#2434,#2435,#2436);
#2434 = CARTESIAN_POINT('',(-3.584936490539,-13.03941916244,3.5));
#2435 = DIRECTION('',(-0.866025403784,-0.5,0.));
#2436 = DIRECTION('',(0.5,-0.866025403784,0.));
#2437 = DEFINITIONAL_REPRESENTATION('',(#2438),#2445);
#2438 = B_SPLINE_CURVE_WITH_KNOTS('',5,(#2439,#2440,#2441,#2442,#2443,
    #2444),.UNSPECIFIED.,.F.,.F.,(6,6),(0.,1.),
  .PIECEWISE_BEZIER_KNOTS.);
#2439 = CARTESIAN_POINT('',(1.194175888888,0.9999994));
#2440 = CARTESIAN_POINT('',(1.269027256472,1.064647963491));
#2441 = CARTESIAN_POINT('',(1.34393145108,1.130672784011));
#2442 = CARTESIAN_POINT('',(1.419073218794,1.197357218274));
#2443 = CARTESIAN_POINT('',(1.494625869755,1.264038391022));
#2444 = CARTESIAN_POINT('',(1.570796326795,1.330095497121));
#2445 = ( GEOMETRIC_REPRESENTATION_CONTEXT(2) 
PARAMETRIC_REPRESENTATION_CONTEXT() REPRESENTATION_CONTEXT('2D SPACE',''
  ) );
#2446 = ORIENTED_EDGE('',*,*,#2447,.F.);
#2447 = EDGE_CURVE('',#1773,#2411,#2448,.T.);
#2448 = SURFACE_CURVE('',#2449,(#2488,#2530),.PCURVE_S1.);
#2449 = B_SPLINE_CURVE_WITH_KNOTS('',7,(#2450,#2451,#2452,#2453,#2454,
    #2455,#2456,#2457,#2458,#2459,#2460,#2461,#2462,#2463,#2464,#2465,
    #2466,#2467,#2468,#2469,#2470,#2471,#2472,#2473,#2474,#2475,#2476,
    #2477,#2478,#2479,#2480,#2481,#2482,#2483,#2484,#2485,#2486,#2487),
  .UNSPECIFIED.,.F.,.F.,(8,6,6,6,6,6,8),(0.,0.415604073916,
    0.577779498027,0.70728709514,0.791228946101,0.911037620768,1.),
  .UNSPECIFIED.);
#2450 = CARTESIAN_POINT('',(-3.590239555236,-14.04849386717,3.5));
#2451 = CARTESIAN_POINT('',(-3.590239555236,-14.04849386717,
    3.572499485726));
#2452 = CARTESIAN_POINT('',(-3.596428562125,-14.04691220316,
    3.644916198755));
#2453 = CARTESIAN_POINT('',(-3.608781168297,-14.04375535843,
    3.716886496942));
#2454 = CARTESIAN_POINT('',(-3.627335591498,-14.03899530394,
    3.787979259129));
#2455 = CARTESIAN_POINT('',(-3.652132690132,-14.03258530129,
    3.857686128803));
#2456 = CARTESIAN_POINT('',(-3.683190800007,-14.02446409335,
    3.925422887834));
#2457 = CARTESIAN_POINT('',(-3.735015106213,-14.01070621587,
    4.015926884517));
#2458 = CARTESIAN_POINT('',(-3.750506404421,-14.00657485299,
    4.040924895808));
#2459 = CARTESIAN_POINT('',(-3.76693929882,-14.00217025773,
    4.065477991161));
#2460 = CARTESIAN_POINT('',(-3.784306960748,-13.99748936027,
    4.089540553135));
#2461 = CARTESIAN_POINT('',(-3.802596924954,-13.99253024907,
    4.113061876447));
#2462 = CARTESIAN_POINT('',(-3.821789009322,-13.98729286661,
    4.135987101704));
#2463 = CARTESIAN_POINT('',(-3.857875820151,-13.97737708808,
    4.176043025327));
#2464 = CARTESIAN_POINT('',(-3.874452719579,-13.97279911333,
    4.193408672278));
#2465 = CARTESIAN_POINT('',(-3.891569055345,-13.96804699515,
    4.210326638228));
#2466 = CARTESIAN_POINT('',(-3.909202733357,-13.96312384306,
    4.226763254547));
#2467 = CARTESIAN_POINT('',(-3.927322541105,-13.95803539637,
    4.242681476232));
#2468 = CARTESIAN_POINT('',(-3.945886245792,-13.95279075873,
    4.258042722398));
#2469 = CARTESIAN_POINT('',(-3.977122940557,-13.94391108021,
    4.282379467266));
#2470 = CARTESIAN_POINT('',(-3.989569647079,-13.94035920289,
    4.291699502266));
#2471 = CARTESIAN_POINT('',(-4.002163372185,-13.93675122624,
    4.300758161532));
#2472 = CARTESIAN_POINT('',(-4.014885147717,-13.93309196596,
    4.309544082026));
#2473 = CARTESIAN_POINT('',(-4.02771245082,-13.92938738395,
    4.318045832644));
#2474 = CARTESIAN_POINT('',(-4.040619177566,-13.92564464442,
    4.326252548953));
#2475 = CARTESIAN_POINT('',(-4.072068105933,-13.91648778623,
    4.345432975643));
#2476 = CARTESIAN_POINT('',(-4.090666218068,-13.91104158447,
    4.356093637636));
#2477 = CARTESIAN_POINT('',(-4.109276951551,-13.90555986599,
    4.36610245247));
#2478 = CARTESIAN_POINT('',(-4.127793823874,-13.90007398029,
    4.375435342803));
#2479 = CARTESIAN_POINT('',(-4.146104243567,-13.89461814444,
    4.384080144958));
#2480 = CARTESIAN_POINT('',(-4.164096882326,-13.88922726239,
    4.392038498501));
#2481 = CARTESIAN_POINT('',(-4.19471703045,-13.88000485332,
    4.404740264541));
#2482 = CARTESIAN_POINT('',(-4.207536052072,-13.87612831662,
    4.409784832931));
#2483 = CARTESIAN_POINT('',(-4.220084350225,-13.87231868854,
    4.414468220193));
#2484 = CARTESIAN_POINT('',(-4.232330243498,-13.86858674418,
    4.418803776718));
#2485 = CARTESIAN_POINT('',(-4.244251387668,-13.8649405862,
    4.422809405058));
#2486 = CARTESIAN_POINT('',(-4.255834032513,-13.8613857518,
    4.426505540909));
#2487 = CARTESIAN_POINT('',(-4.267072278641,-13.85792531978,
    4.429913134103));
#2488 = PCURVE('',#32,#2489);
#2489 = DEFINITIONAL_REPRESENTATION('',(#2490),#2529);
#2490 = B_SPLINE_CURVE_WITH_KNOTS('',7,(#2491,#2492,#2493,#2494,#2495,
    #2496,#2497,#2498,#2499,#2500,#2501,#2502,#2503,#2504,#2505,#2506,
    #2507,#2508,#2509,#2510,#2511,#2512,#2513,#2514,#2515,#2516,#2517,
    #2518,#2519,#2520,#2521,#2522,#2523,#2524,#2525,#2526,#2527,#2528),
  .UNSPECIFIED.,.F.,.F.,(8,6,6,6,6,6,8),(0.,0.415604073916,
    0.577779498027,0.70728709514,0.791228946101,0.911037620768,1.),
  .UNSPECIFIED.);
#2491 = CARTESIAN_POINT('',(4.462183828819,9.5));
#2492 = CARTESIAN_POINT('',(4.462183828819,9.572499485726));
#2493 = CARTESIAN_POINT('',(4.461743282889,9.644916198755));
#2494 = CARTESIAN_POINT('',(4.460863999524,9.716886496942));
#2495 = CARTESIAN_POINT('',(4.459542946206,9.787979259129));
#2496 = CARTESIAN_POINT('',(4.457776595159,9.857686128803));
#2497 = CARTESIAN_POINT('',(4.455562656098,9.925422887834));
#2498 = CARTESIAN_POINT('',(4.451864767825,10.015926884517));
#2499 = CARTESIAN_POINT('',(4.450759062913,10.040924895808));
#2500 = CARTESIAN_POINT('',(4.44958575754,10.065477991161));
#2501 = CARTESIAN_POINT('',(4.448345249642,10.089540553135));
#2502 = CARTESIAN_POINT('',(4.447038331949,10.113061876447));
#2503 = CARTESIAN_POINT('',(4.445666342653,10.135987101704));
#2504 = CARTESIAN_POINT('',(4.443085354282,10.176043025327));
#2505 = CARTESIAN_POINT('',(4.441899325903,10.193408672278));
#2506 = CARTESIAN_POINT('',(4.440674240112,10.210326638228));
#2507 = CARTESIAN_POINT('',(4.439411619704,10.226763254547));
#2508 = CARTESIAN_POINT('',(4.4381136411,10.242681476232));
#2509 = CARTESIAN_POINT('',(4.436783274336,10.258042722398));
#2510 = CARTESIAN_POINT('',(4.434543667833,10.282379467266));
#2511 = CARTESIAN_POINT('',(4.433651007406,10.291699502266));
#2512 = CARTESIAN_POINT('',(4.432747535159,10.300758161532));
#2513 = CARTESIAN_POINT('',(4.431834598935,10.309544082026));
#2514 = CARTESIAN_POINT('',(4.430913803904,10.318045832644));
#2515 = CARTESIAN_POINT('',(4.429987015428,10.326252548953));
#2516 = CARTESIAN_POINT('',(4.427728057151,10.345432975643));
#2517 = CARTESIAN_POINT('',(4.426391566644,10.356093637636));
#2518 = CARTESIAN_POINT('',(4.425053551811,10.36610245247));
#2519 = CARTESIAN_POINT('',(4.423721663844,10.375435342803));
#2520 = CARTESIAN_POINT('',(4.422404014059,10.384080144958));
#2521 = CARTESIAN_POINT('',(4.421108644228,10.392038498501));
#2522 = CARTESIAN_POINT('',(4.418903206887,10.404740264541));
#2523 = CARTESIAN_POINT('',(4.417979597603,10.409784832931));
#2524 = CARTESIAN_POINT('',(4.417075195016,10.414468220193));
#2525 = CARTESIAN_POINT('',(4.41619230441,10.418803776718));
#2526 = CARTESIAN_POINT('',(4.415332561599,10.422809405058));
#2527 = CARTESIAN_POINT('',(4.414496984125,10.426505540909));
#2528 = CARTESIAN_POINT('',(4.413686022464,10.429913134103));
#2529 = ( GEOMETRIC_REPRESENTATION_CONTEXT(2) 
PARAMETRIC_REPRESENTATION_CONTEXT() REPRESENTATION_CONTEXT('2D SPACE',''
  ) );
#2530 = PCURVE('',#2531,#2536);
#2531 = SPHERICAL_SURFACE('',#2532,1.);
#2532 = AXIS2_PLACEMENT_3D('',#2533,#2534,#2535);
#2533 = CARTESIAN_POINT('',(-4.450961894323,-13.53941916244,3.5));
#2534 = DIRECTION('',(0.,0.,-1.));
#2535 = DIRECTION('',(0.5,-0.866025403784,0.));
#2536 = DEFINITIONAL_REPRESENTATION('',(#2537),#2576);
#2537 = B_SPLINE_CURVE_WITH_KNOTS('',7,(#2538,#2539,#2540,#2541,#2542,
    #2543,#2544,#2545,#2546,#2547,#2548,#2549,#2550,#2551,#2552,#2553,
    #2554,#2555,#2556,#2557,#2558,#2559,#2560,#2561,#2562,#2563,#2564,
    #2565,#2566,#2567,#2568,#2569,#2570,#2571,#2572,#2573,#2574,#2575),
  .UNSPECIFIED.,.F.,.F.,(8,6,6,6,6,6,8),(0.,0.415604073916,
    0.577779498027,0.70728709514,0.791228946101,0.911037620768,1.),
  .UNSPECIFIED.);
#2538 = CARTESIAN_POINT('',(-0.513088124897,0.));
#2539 = CARTESIAN_POINT('',(-0.513088124897,-7.24994857256E-02));
#2540 = CARTESIAN_POINT('',(-0.511299619989,-0.144916357674));
#2541 = CARTESIAN_POINT('',(-0.507725429073,-0.21750846797));
#2542 = CARTESIAN_POINT('',(-0.502244615446,-0.290463315337));
#2543 = CARTESIAN_POINT('',(-0.494578296394,-0.363919076721));
#2544 = CARTESIAN_POINT('',(-0.484311737477,-0.437984714377));
#2545 = CARTESIAN_POINT('',(-0.465119648061,-0.541841835743));
#2546 = CARTESIAN_POINT('',(-0.459194849541,-0.571086286975));
#2547 = CARTESIAN_POINT('',(-0.452675970385,-0.600424823218));
#2548 = CARTESIAN_POINT('',(-0.445496876975,-0.629852611292));
#2549 = CARTESIAN_POINT('',(-0.437576162272,-0.659357403369));
#2550 = CARTESIAN_POINT('',(-0.428811746269,-0.688917974474));
#2551 = CARTESIAN_POINT('',(-0.411300433332,-0.742127770802));
#2552 = CARTESIAN_POINT('',(-0.402906287685,-0.765765558995));
#2553 = CARTESIAN_POINT('',(-0.393827634314,-0.789400472394));
#2554 = CARTESIAN_POINT('',(-0.38398850304,-0.813007865365));
#2555 = CARTESIAN_POINT('',(-0.373301474349,-0.836552681321));
#2556 = CARTESIAN_POINT('',(-0.361666795056,-0.859988235235));
#2557 = CARTESIAN_POINT('',(-0.340742887355,-0.898335617059));
#2558 = CARTESIAN_POINT('',(-0.332069254453,-0.913344267099));
#2559 = CARTESIAN_POINT('',(-0.322920674113,-0.928264251279));
#2560 = CARTESIAN_POINT('',(-0.313265460777,-0.943075132599));
#2561 = CARTESIAN_POINT('',(-0.30307156973,-0.957752992114));
#2562 = CARTESIAN_POINT('',(-0.29230800235,-0.972270689005));
#2563 = CARTESIAN_POINT('',(-0.264729734037,-1.007047402814));
#2564 = CARTESIAN_POINT('',(-0.247290604748,-1.02711392599));
#2565 = CARTESIAN_POINT('',(-0.228553263151,-1.046702319704));
#2566 = CARTESIAN_POINT('',(-0.208453004189,-1.065708068059));
#2567 = CARTESIAN_POINT('',(-0.186953411468,-1.084026204104));
#2568 = CARTESIAN_POINT('',(-0.164063790642,-1.101560004202));
#2569 = CARTESIAN_POINT('',(-0.12188186906,-1.130607535994));
#2570 = CARTESIAN_POINT('',(-0.103177042054,-1.142511654911));
#2571 = CARTESIAN_POINT('',(-8.376996411501E-02,-1.153909494763));
#2572 = CARTESIAN_POINT('',(-6.369896910896E-02,-1.164780532288));
#2573 = CARTESIAN_POINT('',(-4.301082560797E-02,-1.175114773372));
#2574 = CARTESIAN_POINT('',(-2.175868006655E-02,-1.184911261061));
#2575 = CARTESIAN_POINT('',(0.,-1.194176583579));
#2576 = ( GEOMETRIC_REPRESENTATION_CONTEXT(2) 
PARAMETRIC_REPRESENTATION_CONTEXT() REPRESENTATION_CONTEXT('2D SPACE',''
  ) );
#2577 = ADVANCED_FACE('',(#2578),#43,.F.);
#2578 = FACE_BOUND('',#2579,.F.);
#2579 = EDGE_LOOP('',(#2580,#2603,#2604,#2627));
#2580 = ORIENTED_EDGE('',*,*,#2581,.F.);
#2581 = EDGE_CURVE('',#22,#2582,#2584,.T.);
#2582 = VERTEX_POINT('',#2583);
#2583 = CARTESIAN_POINT('',(16.5,-2.5,0.5));
#2584 = SURFACE_CURVE('',#2585,(#2589,#2596),.PCURVE_S1.);
#2585 = LINE('',#2586,#2587);
#2586 = CARTESIAN_POINT('',(10.5,-2.5,0.5));
#2587 = VECTOR('',#2588,1.);
#2588 = DIRECTION('',(1.,0.,0.));
#2589 = PCURVE('',#43,#2590);
#2590 = DEFINITIONAL_REPRESENTATION('',(#2591),#2595);
#2591 = LINE('',#2592,#2593);
#2592 = CARTESIAN_POINT('',(1.,0.));
#2593 = VECTOR('',#2594,1.);
#2594 = DIRECTION('',(0.,1.));
#2595 = ( GEOMETRIC_REPRESENTATION_CONTEXT(2) 
PARAMETRIC_REPRESENTATION_CONTEXT() REPRESENTATION_CONTEXT('2D SPACE',''
  ) );
#2596 = PCURVE('',#507,#2597);
#2597 = DEFINITIONAL_REPRESENTATION('',(#2598),#2602);
#2598 = LINE('',#2599,#2600);
#2599 = CARTESIAN_POINT('',(0.,0.));
#2600 = VECTOR('',#2601,1.);
#2601 = DIRECTION('',(0.,1.));
#2602 = ( GEOMETRIC_REPRESENTATION_CONTEXT(2) 
PARAMETRIC_REPRESENTATION_CONTEXT() REPRESENTATION_CONTEXT('2D SPACE',''
  ) );
#2603 = ORIENTED_EDGE('',*,*,#21,.T.);
#2604 = ORIENTED_EDGE('',*,*,#2605,.T.);
#2605 = EDGE_CURVE('',#24,#2606,#2608,.T.);
#2606 = VERTEX_POINT('',#2607);
#2607 = CARTESIAN_POINT('',(16.5,-2.5,3.5));
#2608 = SURFACE_CURVE('',#2609,(#2613,#2620),.PCURVE_S1.);
#2609 = LINE('',#2610,#2611);
#2610 = CARTESIAN_POINT('',(10.5,-2.5,3.5));
#2611 = VECTOR('',#2612,1.);
#2612 = DIRECTION('',(1.,0.,0.));
#2613 = PCURVE('',#43,#2614);
#2614 = DEFINITIONAL_REPRESENTATION('',(#2615),#2619);
#2615 = LINE('',#2616,#2617);
#2616 = CARTESIAN_POINT('',(4.,0.));
#2617 = VECTOR('',#2618,1.);
#2618 = DIRECTION('',(0.,1.));
#2619 = ( GEOMETRIC_REPRESENTATION_CONTEXT(2) 
PARAMETRIC_REPRESENTATION_CONTEXT() REPRESENTATION_CONTEXT('2D SPACE',''
  ) );
#2620 = PCURVE('',#92,#2621);
#2621 = DEFINITIONAL_REPRESENTATION('',(#2622),#2626);
#2622 = LINE('',#2623,#2624);
#2623 = CARTESIAN_POINT('',(-0.,0.));
#2624 = VECTOR('',#2625,1.);
#2625 = DIRECTION('',(-0.,1.));
#2626 = ( GEOMETRIC_REPRESENTATION_CONTEXT(2) 
PARAMETRIC_REPRESENTATION_CONTEXT() REPRESENTATION_CONTEXT('2D SPACE',''
  ) );
#2627 = ORIENTED_EDGE('',*,*,#2628,.F.);
#2628 = EDGE_CURVE('',#2582,#2606,#2629,.T.);
#2629 = SURFACE_CURVE('',#2630,(#2634,#2641),.PCURVE_S1.);
#2630 = LINE('',#2631,#2632);
#2631 = CARTESIAN_POINT('',(16.5,-2.5,-0.5));
#2632 = VECTOR('',#2633,1.);
#2633 = DIRECTION('',(0.,0.,1.));
#2634 = PCURVE('',#43,#2635);
#2635 = DEFINITIONAL_REPRESENTATION('',(#2636),#2640);
#2636 = LINE('',#2637,#2638);
#2637 = CARTESIAN_POINT('',(0.,6.));
#2638 = VECTOR('',#2639,1.);
#2639 = DIRECTION('',(1.,0.));
#2640 = ( GEOMETRIC_REPRESENTATION_CONTEXT(2) 
PARAMETRIC_REPRESENTATION_CONTEXT() REPRESENTATION_CONTEXT('2D SPACE',''
  ) );
#2641 = PCURVE('',#2642,#2647);
#2642 = CYLINDRICAL_SURFACE('',#2643,1.);
#2643 = AXIS2_PLACEMENT_3D('',#2644,#2645,#2646);
#2644 = CARTESIAN_POINT('',(16.5,-1.5,-0.5));
#2645 = DIRECTION('',(0.,0.,1.));
#2646 = DIRECTION('',(1.,0.,0.));
#2647 = DEFINITIONAL_REPRESENTATION('',(#2648),#2652);
#2648 = LINE('',#2649,#2650);
#2649 = CARTESIAN_POINT('',(-1.570796326795,0.));
#2650 = VECTOR('',#2651,1.);
#2651 = DIRECTION('',(-0.,1.));
#2652 = ( GEOMETRIC_REPRESENTATION_CONTEXT(2) 
PARAMETRIC_REPRESENTATION_CONTEXT() REPRESENTATION_CONTEXT('2D SPACE',''
  ) );
#2653 = ADVANCED_FACE('',(#2654),#507,.T.);
#2654 = FACE_BOUND('',#2655,.T.);
#2655 = EDGE_LOOP('',(#2656,#2657,#2680,#2707));
#2656 = ORIENTED_EDGE('',*,*,#471,.T.);
#2657 = ORIENTED_EDGE('',*,*,#2658,.T.);
#2658 = EDGE_CURVE('',#448,#2659,#2661,.T.);
#2659 = VERTEX_POINT('',#2660);
#2660 = CARTESIAN_POINT('',(16.5,-1.5,-0.5));
#2661 = SURFACE_CURVE('',#2662,(#2666,#2673),.PCURVE_S1.);
#2662 = LINE('',#2663,#2664);
#2663 = CARTESIAN_POINT('',(10.5,-1.5,-0.5));
#2664 = VECTOR('',#2665,1.);
#2665 = DIRECTION('',(1.,0.,0.));
#2666 = PCURVE('',#507,#2667);
#2667 = DEFINITIONAL_REPRESENTATION('',(#2668),#2672);
#2668 = LINE('',#2669,#2670);
#2669 = CARTESIAN_POINT('',(1.570796326795,0.));
#2670 = VECTOR('',#2671,1.);
#2671 = DIRECTION('',(0.,1.));
#2672 = ( GEOMETRIC_REPRESENTATION_CONTEXT(2) 
PARAMETRIC_REPRESENTATION_CONTEXT() REPRESENTATION_CONTEXT('2D SPACE',''
  ) );
#2673 = PCURVE('',#384,#2674);
#2674 = DEFINITIONAL_REPRESENTATION('',(#2675),#2679);
#2675 = LINE('',#2676,#2677);
#2676 = CARTESIAN_POINT('',(0.,1.));
#2677 = VECTOR('',#2678,1.);
#2678 = DIRECTION('',(1.,0.));
#2679 = ( GEOMETRIC_REPRESENTATION_CONTEXT(2) 
PARAMETRIC_REPRESENTATION_CONTEXT() REPRESENTATION_CONTEXT('2D SPACE',''
  ) );
#2680 = ORIENTED_EDGE('',*,*,#2681,.T.);
#2681 = EDGE_CURVE('',#2659,#2582,#2682,.T.);
#2682 = SURFACE_CURVE('',#2683,(#2688,#2695),.PCURVE_S1.);
#2683 = CIRCLE('',#2684,1.);
#2684 = AXIS2_PLACEMENT_3D('',#2685,#2686,#2687);
#2685 = CARTESIAN_POINT('',(16.5,-1.5,0.5));
#2686 = DIRECTION('',(-1.,-6.123233995737E-17,0.));
#2687 = DIRECTION('',(6.123233995737E-17,-1.,0.));
#2688 = PCURVE('',#507,#2689);
#2689 = DEFINITIONAL_REPRESENTATION('',(#2690),#2694);
#2690 = LINE('',#2691,#2692);
#2691 = CARTESIAN_POINT('',(6.28318530718,6.));
#2692 = VECTOR('',#2693,1.);
#2693 = DIRECTION('',(-1.,-0.));
#2694 = ( GEOMETRIC_REPRESENTATION_CONTEXT(2) 
PARAMETRIC_REPRESENTATION_CONTEXT() REPRESENTATION_CONTEXT('2D SPACE',''
  ) );
#2695 = PCURVE('',#2696,#2701);
#2696 = SPHERICAL_SURFACE('',#2697,1.);
#2697 = AXIS2_PLACEMENT_3D('',#2698,#2699,#2700);
#2698 = CARTESIAN_POINT('',(16.5,-1.5,0.5));
#2699 = DIRECTION('',(0.,0.,1.));
#2700 = DIRECTION('',(1.,0.,0.));
#2701 = DEFINITIONAL_REPRESENTATION('',(#2702),#2706);
#2702 = LINE('',#2703,#2704);
#2703 = CARTESIAN_POINT('',(-1.570796326795,-6.28318530718));
#2704 = VECTOR('',#2705,1.);
#2705 = DIRECTION('',(-0.,1.));
#2706 = ( GEOMETRIC_REPRESENTATION_CONTEXT(2) 
PARAMETRIC_REPRESENTATION_CONTEXT() REPRESENTATION_CONTEXT('2D SPACE',''
  ) );
#2707 = ORIENTED_EDGE('',*,*,#2581,.F.);
#2708 = ADVANCED_FACE('',(#2709),#384,.F.);
#2709 = FACE_BOUND('',#2710,.F.);
#2710 = EDGE_LOOP('',(#2711,#2712,#2713,#2741,#2762));
#2711 = ORIENTED_EDGE('',*,*,#447,.F.);
#2712 = ORIENTED_EDGE('',*,*,#2658,.T.);
#2713 = ORIENTED_EDGE('',*,*,#2714,.T.);
#2714 = EDGE_CURVE('',#2659,#2715,#2717,.T.);
#2715 = VERTEX_POINT('',#2716);
#2716 = CARTESIAN_POINT('',(16.5,1.5,-0.5));
#2717 = SURFACE_CURVE('',#2718,(#2722,#2729),.PCURVE_S1.);
#2718 = LINE('',#2719,#2720);
#2719 = CARTESIAN_POINT('',(16.5,-2.5,-0.5));
#2720 = VECTOR('',#2721,1.);
#2721 = DIRECTION('',(0.,1.,0.));
#2722 = PCURVE('',#384,#2723);
#2723 = DEFINITIONAL_REPRESENTATION('',(#2724),#2728);
#2724 = LINE('',#2725,#2726);
#2725 = CARTESIAN_POINT('',(6.,0.));
#2726 = VECTOR('',#2727,1.);
#2727 = DIRECTION('',(0.,1.));
#2728 = ( GEOMETRIC_REPRESENTATION_CONTEXT(2) 
PARAMETRIC_REPRESENTATION_CONTEXT() REPRESENTATION_CONTEXT('2D SPACE',''
  ) );
#2729 = PCURVE('',#2730,#2735);
#2730 = CYLINDRICAL_SURFACE('',#2731,1.);
#2731 = AXIS2_PLACEMENT_3D('',#2732,#2733,#2734);
#2732 = CARTESIAN_POINT('',(16.5,-2.5,0.5));
#2733 = DIRECTION('',(0.,1.,0.));
#2734 = DIRECTION('',(1.,0.,0.));
#2735 = DEFINITIONAL_REPRESENTATION('',(#2736),#2740);
#2736 = LINE('',#2737,#2738);
#2737 = CARTESIAN_POINT('',(1.570796326795,0.));
#2738 = VECTOR('',#2739,1.);
#2739 = DIRECTION('',(0.,1.));
#2740 = ( GEOMETRIC_REPRESENTATION_CONTEXT(2) 
PARAMETRIC_REPRESENTATION_CONTEXT() REPRESENTATION_CONTEXT('2D SPACE',''
  ) );
#2741 = ORIENTED_EDGE('',*,*,#2742,.F.);
#2742 = EDGE_CURVE('',#307,#2715,#2743,.T.);
#2743 = SURFACE_CURVE('',#2744,(#2748,#2755),.PCURVE_S1.);
#2744 = LINE('',#2745,#2746);
#2745 = CARTESIAN_POINT('',(10.5,1.5,-0.5));
#2746 = VECTOR('',#2747,1.);
#2747 = DIRECTION('',(1.,0.,0.));
#2748 = PCURVE('',#384,#2749);
#2749 = DEFINITIONAL_REPRESENTATION('',(#2750),#2754);
#2750 = LINE('',#2751,#2752);
#2751 = CARTESIAN_POINT('',(0.,4.));
#2752 = VECTOR('',#2753,1.);
#2753 = DIRECTION('',(1.,0.));
#2754 = ( GEOMETRIC_REPRESENTATION_CONTEXT(2) 
PARAMETRIC_REPRESENTATION_CONTEXT() REPRESENTATION_CONTEXT('2D SPACE',''
  ) );
#2755 = PCURVE('',#344,#2756);
#2756 = DEFINITIONAL_REPRESENTATION('',(#2757),#2761);
#2757 = LINE('',#2758,#2759);
#2758 = CARTESIAN_POINT('',(-1.570796326795,0.));
#2759 = VECTOR('',#2760,1.);
#2760 = DIRECTION('',(-0.,1.));
#2761 = ( GEOMETRIC_REPRESENTATION_CONTEXT(2) 
PARAMETRIC_REPRESENTATION_CONTEXT() REPRESENTATION_CONTEXT('2D SPACE',''
  ) );
#2762 = ORIENTED_EDGE('',*,*,#367,.F.);
#2763 = ADVANCED_FACE('',(#2764,#2767),#434,.F.);
#2764 = FACE_BOUND('',#2765,.F.);
#2765 = EDGE_LOOP('',(#2766));
#2766 = ORIENTED_EDGE('',*,*,#419,.T.);
#2767 = FACE_BOUND('',#2768,.F.);
#2768 = EDGE_LOOP('',(#2769));
#2769 = ORIENTED_EDGE('',*,*,#2770,.F.);
#2770 = EDGE_CURVE('',#2771,#2771,#2773,.T.);
#2771 = VERTEX_POINT('',#2772);
#2772 = CARTESIAN_POINT('',(9.,-2.204364238465E-15,-6.));
#2773 = SURFACE_CURVE('',#2774,(#2779,#2786),.PCURVE_S1.);
#2774 = CIRCLE('',#2775,9.);
#2775 = AXIS2_PLACEMENT_3D('',#2776,#2777,#2778);
#2776 = CARTESIAN_POINT('',(0.,0.,-6.));
#2777 = DIRECTION('',(0.,0.,1.));
#2778 = DIRECTION('',(1.,0.,-0.));
#2779 = PCURVE('',#434,#2780);
#2780 = DEFINITIONAL_REPRESENTATION('',(#2781),#2785);
#2781 = CIRCLE('',#2782,9.);
#2782 = AXIS2_PLACEMENT_2D('',#2783,#2784);
#2783 = CARTESIAN_POINT('',(0.,0.));
#2784 = DIRECTION('',(1.,0.));
#2785 = ( GEOMETRIC_REPRESENTATION_CONTEXT(2) 
PARAMETRIC_REPRESENTATION_CONTEXT() REPRESENTATION_CONTEXT('2D SPACE',''
  ) );
#2786 = PCURVE('',#2787,#2792);
#2787 = CYLINDRICAL_SURFACE('',#2788,9.);
#2788 = AXIS2_PLACEMENT_3D('',#2789,#2790,#2791);
#2789 = CARTESIAN_POINT('',(0.,0.,-7.));
#2790 = DIRECTION('',(0.,0.,1.));
#2791 = DIRECTION('',(1.,0.,-0.));
#2792 = DEFINITIONAL_REPRESENTATION('',(#2793),#2797);
#2793 = LINE('',#2794,#2795);
#2794 = CARTESIAN_POINT('',(0.,1.));
#2795 = VECTOR('',#2796,1.);
#2796 = DIRECTION('',(1.,0.));
#2797 = ( GEOMETRIC_REPRESENTATION_CONTEXT(2) 
PARAMETRIC_REPRESENTATION_CONTEXT() REPRESENTATION_CONTEXT('2D SPACE',''
  ) );
#2798 = ADVANCED_FACE('',(#2799),#344,.T.);
#2799 = FACE_BOUND('',#2800,.F.);
#2800 = EDGE_LOOP('',(#2801,#2802,#2803,#2832));
#2801 = ORIENTED_EDGE('',*,*,#306,.T.);
#2802 = ORIENTED_EDGE('',*,*,#2742,.T.);
#2803 = ORIENTED_EDGE('',*,*,#2804,.T.);
#2804 = EDGE_CURVE('',#2715,#2805,#2807,.T.);
#2805 = VERTEX_POINT('',#2806);
#2806 = CARTESIAN_POINT('',(16.5,2.5,0.5));
#2807 = SURFACE_CURVE('',#2808,(#2813,#2820),.PCURVE_S1.);
#2808 = CIRCLE('',#2809,1.);
#2809 = AXIS2_PLACEMENT_3D('',#2810,#2811,#2812);
#2810 = CARTESIAN_POINT('',(16.5,1.5,0.5));
#2811 = DIRECTION('',(1.,-6.123233995737E-17,0.));
#2812 = DIRECTION('',(6.123233995737E-17,1.,0.));
#2813 = PCURVE('',#344,#2814);
#2814 = DEFINITIONAL_REPRESENTATION('',(#2815),#2819);
#2815 = LINE('',#2816,#2817);
#2816 = CARTESIAN_POINT('',(-6.28318530718,6.));
#2817 = VECTOR('',#2818,1.);
#2818 = DIRECTION('',(1.,-0.));
#2819 = ( GEOMETRIC_REPRESENTATION_CONTEXT(2) 
PARAMETRIC_REPRESENTATION_CONTEXT() REPRESENTATION_CONTEXT('2D SPACE',''
  ) );
#2820 = PCURVE('',#2821,#2826);
#2821 = SPHERICAL_SURFACE('',#2822,1.);
#2822 = AXIS2_PLACEMENT_3D('',#2823,#2824,#2825);
#2823 = CARTESIAN_POINT('',(16.5,1.5,0.5));
#2824 = DIRECTION('',(0.,0.,1.));
#2825 = DIRECTION('',(1.,2.22044604925E-16,0.));
#2826 = DEFINITIONAL_REPRESENTATION('',(#2827),#2831);
#2827 = LINE('',#2828,#2829);
#2828 = CARTESIAN_POINT('',(1.570796326795,-6.28318530718));
#2829 = VECTOR('',#2830,1.);
#2830 = DIRECTION('',(0.,1.));
#2831 = ( GEOMETRIC_REPRESENTATION_CONTEXT(2) 
PARAMETRIC_REPRESENTATION_CONTEXT() REPRESENTATION_CONTEXT('2D SPACE',''
  ) );
#2832 = ORIENTED_EDGE('',*,*,#2833,.F.);
#2833 = EDGE_CURVE('',#281,#2805,#2834,.T.);
#2834 = SURFACE_CURVE('',#2835,(#2839,#2846),.PCURVE_S1.);
#2835 = LINE('',#2836,#2837);
#2836 = CARTESIAN_POINT('',(10.5,2.5,0.5));
#2837 = VECTOR('',#2838,1.);
#2838 = DIRECTION('',(1.,0.,0.));
#2839 = PCURVE('',#344,#2840);
#2840 = DEFINITIONAL_REPRESENTATION('',(#2841),#2845);
#2841 = LINE('',#2842,#2843);
#2842 = CARTESIAN_POINT('',(-0.,0.));
#2843 = VECTOR('',#2844,1.);
#2844 = DIRECTION('',(-0.,1.));
#2845 = ( GEOMETRIC_REPRESENTATION_CONTEXT(2) 
PARAMETRIC_REPRESENTATION_CONTEXT() REPRESENTATION_CONTEXT('2D SPACE',''
  ) );
#2846 = PCURVE('',#295,#2847);
#2847 = DEFINITIONAL_REPRESENTATION('',(#2848),#2852);
#2848 = LINE('',#2849,#2850);
#2849 = CARTESIAN_POINT('',(1.,0.));
#2850 = VECTOR('',#2851,1.);
#2851 = DIRECTION('',(0.,1.));
#2852 = ( GEOMETRIC_REPRESENTATION_CONTEXT(2) 
PARAMETRIC_REPRESENTATION_CONTEXT() REPRESENTATION_CONTEXT('2D SPACE',''
  ) );
#2853 = ADVANCED_FACE('',(#2854),#295,.T.);
#2854 = FACE_BOUND('',#2855,.T.);
#2855 = EDGE_LOOP('',(#2856,#2857,#2858,#2881));
#2856 = ORIENTED_EDGE('',*,*,#2833,.F.);
#2857 = ORIENTED_EDGE('',*,*,#280,.T.);
#2858 = ORIENTED_EDGE('',*,*,#2859,.T.);
#2859 = EDGE_CURVE('',#220,#2860,#2862,.T.);
#2860 = VERTEX_POINT('',#2861);
#2861 = CARTESIAN_POINT('',(16.5,2.5,3.5));
#2862 = SURFACE_CURVE('',#2863,(#2867,#2874),.PCURVE_S1.);
#2863 = LINE('',#2864,#2865);
#2864 = CARTESIAN_POINT('',(10.5,2.5,3.5));
#2865 = VECTOR('',#2866,1.);
#2866 = DIRECTION('',(1.,0.,0.));
#2867 = PCURVE('',#295,#2868);
#2868 = DEFINITIONAL_REPRESENTATION('',(#2869),#2873);
#2869 = LINE('',#2870,#2871);
#2870 = CARTESIAN_POINT('',(4.,0.));
#2871 = VECTOR('',#2872,1.);
#2872 = DIRECTION('',(0.,1.));
#2873 = ( GEOMETRIC_REPRESENTATION_CONTEXT(2) 
PARAMETRIC_REPRESENTATION_CONTEXT() REPRESENTATION_CONTEXT('2D SPACE',''
  ) );
#2874 = PCURVE('',#257,#2875);
#2875 = DEFINITIONAL_REPRESENTATION('',(#2876),#2880);
#2876 = LINE('',#2877,#2878);
#2877 = CARTESIAN_POINT('',(0.,0.));
#2878 = VECTOR('',#2879,1.);
#2879 = DIRECTION('',(0.,1.));
#2880 = ( GEOMETRIC_REPRESENTATION_CONTEXT(2) 
PARAMETRIC_REPRESENTATION_CONTEXT() REPRESENTATION_CONTEXT('2D SPACE',''
  ) );
#2881 = ORIENTED_EDGE('',*,*,#2882,.F.);
#2882 = EDGE_CURVE('',#2805,#2860,#2883,.T.);
#2883 = SURFACE_CURVE('',#2884,(#2888,#2895),.PCURVE_S1.);
#2884 = LINE('',#2885,#2886);
#2885 = CARTESIAN_POINT('',(16.5,2.5,-0.5));
#2886 = VECTOR('',#2887,1.);
#2887 = DIRECTION('',(0.,0.,1.));
#2888 = PCURVE('',#295,#2889);
#2889 = DEFINITIONAL_REPRESENTATION('',(#2890),#2894);
#2890 = LINE('',#2891,#2892);
#2891 = CARTESIAN_POINT('',(0.,6.));
#2892 = VECTOR('',#2893,1.);
#2893 = DIRECTION('',(1.,0.));
#2894 = ( GEOMETRIC_REPRESENTATION_CONTEXT(2) 
PARAMETRIC_REPRESENTATION_CONTEXT() REPRESENTATION_CONTEXT('2D SPACE',''
  ) );
#2895 = PCURVE('',#2896,#2901);
#2896 = CYLINDRICAL_SURFACE('',#2897,1.);
#2897 = AXIS2_PLACEMENT_3D('',#2898,#2899,#2900);
#2898 = CARTESIAN_POINT('',(16.5,1.5,-0.5));
#2899 = DIRECTION('',(0.,0.,1.));
#2900 = DIRECTION('',(1.,0.,0.));
#2901 = DEFINITIONAL_REPRESENTATION('',(#2902),#2906);
#2902 = LINE('',#2903,#2904);
#2903 = CARTESIAN_POINT('',(1.570796326795,0.));
#2904 = VECTOR('',#2905,1.);
#2905 = DIRECTION('',(0.,1.));
#2906 = ( GEOMETRIC_REPRESENTATION_CONTEXT(2) 
PARAMETRIC_REPRESENTATION_CONTEXT() REPRESENTATION_CONTEXT('2D SPACE',''
  ) );
#2907 = ADVANCED_FACE('',(#2908),#257,.T.);
#2908 = FACE_BOUND('',#2909,.T.);
#2909 = EDGE_LOOP('',(#2910,#2911,#2912,#2935));
#2910 = ORIENTED_EDGE('',*,*,#2859,.F.);
#2911 = ORIENTED_EDGE('',*,*,#219,.T.);
#2912 = ORIENTED_EDGE('',*,*,#2913,.T.);
#2913 = EDGE_CURVE('',#196,#2914,#2916,.T.);
#2914 = VERTEX_POINT('',#2915);
#2915 = CARTESIAN_POINT('',(16.5,1.5,4.5));
#2916 = SURFACE_CURVE('',#2917,(#2921,#2928),.PCURVE_S1.);
#2917 = LINE('',#2918,#2919);
#2918 = CARTESIAN_POINT('',(10.5,1.5,4.5));
#2919 = VECTOR('',#2920,1.);
#2920 = DIRECTION('',(1.,0.,0.));
#2921 = PCURVE('',#257,#2922);
#2922 = DEFINITIONAL_REPRESENTATION('',(#2923),#2927);
#2923 = LINE('',#2924,#2925);
#2924 = CARTESIAN_POINT('',(1.570796326795,0.));
#2925 = VECTOR('',#2926,1.);
#2926 = DIRECTION('',(0.,1.));
#2927 = ( GEOMETRIC_REPRESENTATION_CONTEXT(2) 
PARAMETRIC_REPRESENTATION_CONTEXT() REPRESENTATION_CONTEXT('2D SPACE',''
  ) );
#2928 = PCURVE('',#132,#2929);
#2929 = DEFINITIONAL_REPRESENTATION('',(#2930),#2934);
#2930 = LINE('',#2931,#2932);
#2931 = CARTESIAN_POINT('',(0.,4.));
#2932 = VECTOR('',#2933,1.);
#2933 = DIRECTION('',(1.,0.));
#2934 = ( GEOMETRIC_REPRESENTATION_CONTEXT(2) 
PARAMETRIC_REPRESENTATION_CONTEXT() REPRESENTATION_CONTEXT('2D SPACE',''
  ) );
#2935 = ORIENTED_EDGE('',*,*,#2936,.F.);
#2936 = EDGE_CURVE('',#2860,#2914,#2937,.T.);
#2937 = SURFACE_CURVE('',#2938,(#2943,#2950),.PCURVE_S1.);
#2938 = CIRCLE('',#2939,1.);
#2939 = AXIS2_PLACEMENT_3D('',#2940,#2941,#2942);
#2940 = CARTESIAN_POINT('',(16.5,1.5,3.5));
#2941 = DIRECTION('',(1.,0.,-6.123233995737E-17));
#2942 = DIRECTION('',(6.123233995737E-17,0.,1.));
#2943 = PCURVE('',#257,#2944);
#2944 = DEFINITIONAL_REPRESENTATION('',(#2945),#2949);
#2945 = LINE('',#2946,#2947);
#2946 = CARTESIAN_POINT('',(-4.712388980385,6.));
#2947 = VECTOR('',#2948,1.);
#2948 = DIRECTION('',(1.,0.));
#2949 = ( GEOMETRIC_REPRESENTATION_CONTEXT(2) 
PARAMETRIC_REPRESENTATION_CONTEXT() REPRESENTATION_CONTEXT('2D SPACE',''
  ) );
#2950 = PCURVE('',#2951,#2956);
#2951 = SPHERICAL_SURFACE('',#2952,1.);
#2952 = AXIS2_PLACEMENT_3D('',#2953,#2954,#2955);
#2953 = CARTESIAN_POINT('',(16.5,1.5,3.5));
#2954 = DIRECTION('',(-0.,-1.,-0.));
#2955 = DIRECTION('',(1.,0.,2.22044604925E-16));
#2956 = DEFINITIONAL_REPRESENTATION('',(#2957),#2961);
#2957 = LINE('',#2958,#2959);
#2958 = CARTESIAN_POINT('',(1.570796326795,-6.28318530718));
#2959 = VECTOR('',#2960,1.);
#2960 = DIRECTION('',(0.,1.));
#2961 = ( GEOMETRIC_REPRESENTATION_CONTEXT(2) 
PARAMETRIC_REPRESENTATION_CONTEXT() REPRESENTATION_CONTEXT('2D SPACE',''
  ) );
#2962 = ADVANCED_FACE('',(#2963),#132,.T.);
#2963 = FACE_BOUND('',#2964,.T.);
#2964 = EDGE_LOOP('',(#2965,#2966,#2989,#3015,#3016));
#2965 = ORIENTED_EDGE('',*,*,#115,.F.);
#2966 = ORIENTED_EDGE('',*,*,#2967,.T.);
#2967 = EDGE_CURVE('',#55,#2968,#2970,.T.);
#2968 = VERTEX_POINT('',#2969);
#2969 = CARTESIAN_POINT('',(16.5,-1.5,4.5));
#2970 = SURFACE_CURVE('',#2971,(#2975,#2982),.PCURVE_S1.);
#2971 = LINE('',#2972,#2973);
#2972 = CARTESIAN_POINT('',(10.5,-1.5,4.5));
#2973 = VECTOR('',#2974,1.);
#2974 = DIRECTION('',(1.,0.,0.));
#2975 = PCURVE('',#132,#2976);
#2976 = DEFINITIONAL_REPRESENTATION('',(#2977),#2981);
#2977 = LINE('',#2978,#2979);
#2978 = CARTESIAN_POINT('',(0.,1.));
#2979 = VECTOR('',#2980,1.);
#2980 = DIRECTION('',(1.,0.));
#2981 = ( GEOMETRIC_REPRESENTATION_CONTEXT(2) 
PARAMETRIC_REPRESENTATION_CONTEXT() REPRESENTATION_CONTEXT('2D SPACE',''
  ) );
#2982 = PCURVE('',#92,#2983);
#2983 = DEFINITIONAL_REPRESENTATION('',(#2984),#2988);
#2984 = LINE('',#2985,#2986);
#2985 = CARTESIAN_POINT('',(-1.570796326795,0.));
#2986 = VECTOR('',#2987,1.);
#2987 = DIRECTION('',(-0.,1.));
#2988 = ( GEOMETRIC_REPRESENTATION_CONTEXT(2) 
PARAMETRIC_REPRESENTATION_CONTEXT() REPRESENTATION_CONTEXT('2D SPACE',''
  ) );
#2989 = ORIENTED_EDGE('',*,*,#2990,.T.);
#2990 = EDGE_CURVE('',#2968,#2914,#2991,.T.);
#2991 = SURFACE_CURVE('',#2992,(#2996,#3003),.PCURVE_S1.);
#2992 = LINE('',#2993,#2994);
#2993 = CARTESIAN_POINT('',(16.5,-2.5,4.5));
#2994 = VECTOR('',#2995,1.);
#2995 = DIRECTION('',(0.,1.,0.));
#2996 = PCURVE('',#132,#2997);
#2997 = DEFINITIONAL_REPRESENTATION('',(#2998),#3002);
#2998 = LINE('',#2999,#3000);
#2999 = CARTESIAN_POINT('',(6.,0.));
#3000 = VECTOR('',#3001,1.);
#3001 = DIRECTION('',(0.,1.));
#3002 = ( GEOMETRIC_REPRESENTATION_CONTEXT(2) 
PARAMETRIC_REPRESENTATION_CONTEXT() REPRESENTATION_CONTEXT('2D SPACE',''
  ) );
#3003 = PCURVE('',#3004,#3009);
#3004 = CYLINDRICAL_SURFACE('',#3005,1.);
#3005 = AXIS2_PLACEMENT_3D('',#3006,#3007,#3008);
#3006 = CARTESIAN_POINT('',(16.5,-2.5,3.5));
#3007 = DIRECTION('',(0.,1.,0.));
#3008 = DIRECTION('',(1.,0.,0.));
#3009 = DEFINITIONAL_REPRESENTATION('',(#3010),#3014);
#3010 = LINE('',#3011,#3012);
#3011 = CARTESIAN_POINT('',(-1.570796326795,0.));
#3012 = VECTOR('',#3013,1.);
#3013 = DIRECTION('',(-0.,1.));
#3014 = ( GEOMETRIC_REPRESENTATION_CONTEXT(2) 
PARAMETRIC_REPRESENTATION_CONTEXT() REPRESENTATION_CONTEXT('2D SPACE',''
  ) );
#3015 = ORIENTED_EDGE('',*,*,#2913,.F.);
#3016 = ORIENTED_EDGE('',*,*,#195,.F.);
#3017 = ADVANCED_FACE('',(#3018,#3021),#182,.T.);
#3018 = FACE_BOUND('',#3019,.T.);
#3019 = EDGE_LOOP('',(#3020));
#3020 = ORIENTED_EDGE('',*,*,#167,.T.);
#3021 = FACE_BOUND('',#3022,.T.);
#3022 = EDGE_LOOP('',(#3023));
#3023 = ORIENTED_EDGE('',*,*,#3024,.F.);
#3024 = EDGE_CURVE('',#3025,#3025,#3027,.T.);
#3025 = VERTEX_POINT('',#3026);
#3026 = CARTESIAN_POINT('',(9.,-2.204364238465E-15,6.));
#3027 = SURFACE_CURVE('',#3028,(#3033,#3040),.PCURVE_S1.);
#3028 = CIRCLE('',#3029,9.);
#3029 = AXIS2_PLACEMENT_3D('',#3030,#3031,#3032);
#3030 = CARTESIAN_POINT('',(0.,0.,6.));
#3031 = DIRECTION('',(0.,0.,1.));
#3032 = DIRECTION('',(1.,0.,-0.));
#3033 = PCURVE('',#182,#3034);
#3034 = DEFINITIONAL_REPRESENTATION('',(#3035),#3039);
#3035 = CIRCLE('',#3036,9.);
#3036 = AXIS2_PLACEMENT_2D('',#3037,#3038);
#3037 = CARTESIAN_POINT('',(0.,0.));
#3038 = DIRECTION('',(1.,0.));
#3039 = ( GEOMETRIC_REPRESENTATION_CONTEXT(2) 
PARAMETRIC_REPRESENTATION_CONTEXT() REPRESENTATION_CONTEXT('2D SPACE',''
  ) );
#3040 = PCURVE('',#2787,#3041);
#3041 = DEFINITIONAL_REPRESENTATION('',(#3042),#3046);
#3042 = LINE('',#3043,#3044);
#3043 = CARTESIAN_POINT('',(0.,13.));
#3044 = VECTOR('',#3045,1.);
#3045 = DIRECTION('',(1.,0.));
#3046 = ( GEOMETRIC_REPRESENTATION_CONTEXT(2) 
PARAMETRIC_REPRESENTATION_CONTEXT() REPRESENTATION_CONTEXT('2D SPACE',''
  ) );
#3047 = ADVANCED_FACE('',(#3048),#92,.T.);
#3048 = FACE_BOUND('',#3049,.F.);
#3049 = EDGE_LOOP('',(#3050,#3051,#3052,#3079));
#3050 = ORIENTED_EDGE('',*,*,#54,.T.);
#3051 = ORIENTED_EDGE('',*,*,#2967,.T.);
#3052 = ORIENTED_EDGE('',*,*,#3053,.T.);
#3053 = EDGE_CURVE('',#2968,#2606,#3054,.T.);
#3054 = SURFACE_CURVE('',#3055,(#3060,#3067),.PCURVE_S1.);
#3055 = CIRCLE('',#3056,1.);
#3056 = AXIS2_PLACEMENT_3D('',#3057,#3058,#3059);
#3057 = CARTESIAN_POINT('',(16.5,-1.5,3.5));
#3058 = DIRECTION('',(1.,6.123233995737E-17,0.));
#3059 = DIRECTION('',(6.123233995737E-17,-1.,0.));
#3060 = PCURVE('',#92,#3061);
#3061 = DEFINITIONAL_REPRESENTATION('',(#3062),#3066);
#3062 = LINE('',#3063,#3064);
#3063 = CARTESIAN_POINT('',(-6.28318530718,6.));
#3064 = VECTOR('',#3065,1.);
#3065 = DIRECTION('',(1.,-0.));
#3066 = ( GEOMETRIC_REPRESENTATION_CONTEXT(2) 
PARAMETRIC_REPRESENTATION_CONTEXT() REPRESENTATION_CONTEXT('2D SPACE',''
  ) );
#3067 = PCURVE('',#3068,#3073);
#3068 = SPHERICAL_SURFACE('',#3069,1.);
#3069 = AXIS2_PLACEMENT_3D('',#3070,#3071,#3072);
#3070 = CARTESIAN_POINT('',(16.5,-1.5,3.5));
#3071 = DIRECTION('',(-0.,-0.,-1.));
#3072 = DIRECTION('',(1.,0.,0.));
#3073 = DEFINITIONAL_REPRESENTATION('',(#3074),#3078);
#3074 = LINE('',#3075,#3076);
#3075 = CARTESIAN_POINT('',(1.570796326795,-6.28318530718));
#3076 = VECTOR('',#3077,1.);
#3077 = DIRECTION('',(0.,1.));
#3078 = ( GEOMETRIC_REPRESENTATION_CONTEXT(2) 
PARAMETRIC_REPRESENTATION_CONTEXT() REPRESENTATION_CONTEXT('2D SPACE',''
  ) );
#3079 = ORIENTED_EDGE('',*,*,#2605,.F.);
#3080 = ADVANCED_FACE('',(#3081),#572,.T.);
#3081 = FACE_BOUND('',#3082,.F.);
#3082 = EDGE_LOOP('',(#3083,#3114,#3135,#3136));
#3083 = ORIENTED_EDGE('',*,*,#3084,.F.);
#3084 = EDGE_CURVE('',#3085,#3087,#3089,.T.);
#3085 = VERTEX_POINT('',#3086);
#3086 = CARTESIAN_POINT('',(-1.25,-15.75,-3.5));
#3087 = VERTEX_POINT('',#3088);
#3088 = CARTESIAN_POINT('',(-2.,-15.75,-2.75));
#3089 = SURFACE_CURVE('',#3090,(#3095,#3102),.PCURVE_S1.);
#3090 = CIRCLE('',#3091,0.75);
#3091 = AXIS2_PLACEMENT_3D('',#3092,#3093,#3094);
#3092 = CARTESIAN_POINT('',(-1.25,-15.75,-2.75));
#3093 = DIRECTION('',(0.,1.,-0.));
#3094 = DIRECTION('',(-1.,0.,0.));
#3095 = PCURVE('',#572,#3096);
#3096 = DEFINITIONAL_REPRESENTATION('',(#3097),#3101);
#3097 = LINE('',#3098,#3099);
#3098 = CARTESIAN_POINT('',(-6.28318530718,0.75));
#3099 = VECTOR('',#3100,1.);
#3100 = DIRECTION('',(1.,-0.));
#3101 = ( GEOMETRIC_REPRESENTATION_CONTEXT(2) 
PARAMETRIC_REPRESENTATION_CONTEXT() REPRESENTATION_CONTEXT('2D SPACE',''
  ) );
#3102 = PCURVE('',#3103,#3108);
#3103 = SPHERICAL_SURFACE('',#3104,0.75);
#3104 = AXIS2_PLACEMENT_3D('',#3105,#3106,#3107);
#3105 = CARTESIAN_POINT('',(-1.25,-15.75,-2.75));
#3106 = DIRECTION('',(0.,0.,1.));
#3107 = DIRECTION('',(-1.,0.,0.));
#3108 = DEFINITIONAL_REPRESENTATION('',(#3109),#3113);
#3109 = LINE('',#3110,#3111);
#3110 = CARTESIAN_POINT('',(0.,-6.28318530718));
#3111 = VECTOR('',#3112,1.);
#3112 = DIRECTION('',(0.,1.));
#3113 = ( GEOMETRIC_REPRESENTATION_CONTEXT(2) 
PARAMETRIC_REPRESENTATION_CONTEXT() REPRESENTATION_CONTEXT('2D SPACE',''
  ) );
#3114 = ORIENTED_EDGE('',*,*,#3115,.T.);
#3115 = EDGE_CURVE('',#3085,#535,#3116,.T.);
#3116 = SURFACE_CURVE('',#3117,(#3121,#3128),.PCURVE_S1.);
#3117 = LINE('',#3118,#3119);
#3118 = CARTESIAN_POINT('',(-1.25,-16.5,-3.5));
#3119 = VECTOR('',#3120,1.);
#3120 = DIRECTION('',(0.,1.,0.));
#3121 = PCURVE('',#572,#3122);
#3122 = DEFINITIONAL_REPRESENTATION('',(#3123),#3127);
#3123 = LINE('',#3124,#3125);
#3124 = CARTESIAN_POINT('',(-1.570796326795,0.));
#3125 = VECTOR('',#3126,1.);
#3126 = DIRECTION('',(-0.,1.));
#3127 = ( GEOMETRIC_REPRESENTATION_CONTEXT(2) 
PARAMETRIC_REPRESENTATION_CONTEXT() REPRESENTATION_CONTEXT('2D SPACE',''
  ) );
#3128 = PCURVE('',#874,#3129);
#3129 = DEFINITIONAL_REPRESENTATION('',(#3130),#3134);
#3130 = LINE('',#3131,#3132);
#3131 = CARTESIAN_POINT('',(0.75,0.));
#3132 = VECTOR('',#3133,1.);
#3133 = DIRECTION('',(0.,1.));
#3134 = ( GEOMETRIC_REPRESENTATION_CONTEXT(2) 
PARAMETRIC_REPRESENTATION_CONTEXT() REPRESENTATION_CONTEXT('2D SPACE',''
  ) );
#3135 = ORIENTED_EDGE('',*,*,#532,.F.);
#3136 = ORIENTED_EDGE('',*,*,#3137,.F.);
#3137 = EDGE_CURVE('',#3087,#533,#3138,.T.);
#3138 = SURFACE_CURVE('',#3139,(#3143,#3150),.PCURVE_S1.);
#3139 = LINE('',#3140,#3141);
#3140 = CARTESIAN_POINT('',(-2.,-16.5,-2.75));
#3141 = VECTOR('',#3142,1.);
#3142 = DIRECTION('',(0.,1.,0.));
#3143 = PCURVE('',#572,#3144);
#3144 = DEFINITIONAL_REPRESENTATION('',(#3145),#3149);
#3145 = LINE('',#3146,#3147);
#3146 = CARTESIAN_POINT('',(-0.,0.));
#3147 = VECTOR('',#3148,1.);
#3148 = DIRECTION('',(-0.,1.));
#3149 = ( GEOMETRIC_REPRESENTATION_CONTEXT(2) 
PARAMETRIC_REPRESENTATION_CONTEXT() REPRESENTATION_CONTEXT('2D SPACE',''
  ) );
#3150 = PCURVE('',#610,#3151);
#3151 = DEFINITIONAL_REPRESENTATION('',(#3152),#3156);
#3152 = LINE('',#3153,#3154);
#3153 = CARTESIAN_POINT('',(0.75,0.));
#3154 = VECTOR('',#3155,1.);
#3155 = DIRECTION('',(0.,-1.));
#3156 = ( GEOMETRIC_REPRESENTATION_CONTEXT(2) 
PARAMETRIC_REPRESENTATION_CONTEXT() REPRESENTATION_CONTEXT('2D SPACE',''
  ) );
#3157 = ADVANCED_FACE('',(#3158),#874,.F.);
#3158 = FACE_BOUND('',#3159,.F.);
#3159 = EDGE_LOOP('',(#3160,#3161,#3189,#3210));
#3160 = ORIENTED_EDGE('',*,*,#3115,.F.);
#3161 = ORIENTED_EDGE('',*,*,#3162,.T.);
#3162 = EDGE_CURVE('',#3085,#3163,#3165,.T.);
#3163 = VERTEX_POINT('',#3164);
#3164 = CARTESIAN_POINT('',(1.25,-15.75,-3.5));
#3165 = SURFACE_CURVE('',#3166,(#3170,#3177),.PCURVE_S1.);
#3166 = LINE('',#3167,#3168);
#3167 = CARTESIAN_POINT('',(-2.,-15.75,-3.5));
#3168 = VECTOR('',#3169,1.);
#3169 = DIRECTION('',(1.,0.,0.));
#3170 = PCURVE('',#874,#3171);
#3171 = DEFINITIONAL_REPRESENTATION('',(#3172),#3176);
#3172 = LINE('',#3173,#3174);
#3173 = CARTESIAN_POINT('',(0.,0.75));
#3174 = VECTOR('',#3175,1.);
#3175 = DIRECTION('',(1.,0.));
#3176 = ( GEOMETRIC_REPRESENTATION_CONTEXT(2) 
PARAMETRIC_REPRESENTATION_CONTEXT() REPRESENTATION_CONTEXT('2D SPACE',''
  ) );
#3177 = PCURVE('',#3178,#3183);
#3178 = CYLINDRICAL_SURFACE('',#3179,0.75);
#3179 = AXIS2_PLACEMENT_3D('',#3180,#3181,#3182);
#3180 = CARTESIAN_POINT('',(-2.,-15.75,-2.75));
#3181 = DIRECTION('',(1.,0.,0.));
#3182 = DIRECTION('',(0.,-1.,0.));
#3183 = DEFINITIONAL_REPRESENTATION('',(#3184),#3188);
#3184 = LINE('',#3185,#3186);
#3185 = CARTESIAN_POINT('',(1.570796326795,0.));
#3186 = VECTOR('',#3187,1.);
#3187 = DIRECTION('',(0.,1.));
#3188 = ( GEOMETRIC_REPRESENTATION_CONTEXT(2) 
PARAMETRIC_REPRESENTATION_CONTEXT() REPRESENTATION_CONTEXT('2D SPACE',''
  ) );
#3189 = ORIENTED_EDGE('',*,*,#3190,.T.);
#3190 = EDGE_CURVE('',#3163,#799,#3191,.T.);
#3191 = SURFACE_CURVE('',#3192,(#3196,#3203),.PCURVE_S1.);
#3192 = LINE('',#3193,#3194);
#3193 = CARTESIAN_POINT('',(1.25,-16.5,-3.5));
#3194 = VECTOR('',#3195,1.);
#3195 = DIRECTION('',(0.,1.,0.));
#3196 = PCURVE('',#874,#3197);
#3197 = DEFINITIONAL_REPRESENTATION('',(#3198),#3202);
#3198 = LINE('',#3199,#3200);
#3199 = CARTESIAN_POINT('',(3.25,0.));
#3200 = VECTOR('',#3201,1.);
#3201 = DIRECTION('',(0.,1.));
#3202 = ( GEOMETRIC_REPRESENTATION_CONTEXT(2) 
PARAMETRIC_REPRESENTATION_CONTEXT() REPRESENTATION_CONTEXT('2D SPACE',''
  ) );
#3203 = PCURVE('',#836,#3204);
#3204 = DEFINITIONAL_REPRESENTATION('',(#3205),#3209);
#3205 = LINE('',#3206,#3207);
#3206 = CARTESIAN_POINT('',(1.570796326795,0.));
#3207 = VECTOR('',#3208,1.);
#3208 = DIRECTION('',(0.,1.));
#3209 = ( GEOMETRIC_REPRESENTATION_CONTEXT(2) 
PARAMETRIC_REPRESENTATION_CONTEXT() REPRESENTATION_CONTEXT('2D SPACE',''
  ) );
#3210 = ORIENTED_EDGE('',*,*,#859,.F.);
#3211 = ADVANCED_FACE('',(#3212),#836,.T.);
#3212 = FACE_BOUND('',#3213,.T.);
#3213 = EDGE_LOOP('',(#3214,#3243,#3244,#3245));
#3214 = ORIENTED_EDGE('',*,*,#3215,.F.);
#3215 = EDGE_CURVE('',#3163,#3216,#3218,.T.);
#3216 = VERTEX_POINT('',#3217);
#3217 = CARTESIAN_POINT('',(2.,-15.75,-2.75));
#3218 = SURFACE_CURVE('',#3219,(#3224,#3231),.PCURVE_S1.);
#3219 = CIRCLE('',#3220,0.75);
#3220 = AXIS2_PLACEMENT_3D('',#3221,#3222,#3223);
#3221 = CARTESIAN_POINT('',(1.25,-15.75,-2.75));
#3222 = DIRECTION('',(0.,-1.,0.));
#3223 = DIRECTION('',(1.,0.,0.));
#3224 = PCURVE('',#836,#3225);
#3225 = DEFINITIONAL_REPRESENTATION('',(#3226),#3230);
#3226 = LINE('',#3227,#3228);
#3227 = CARTESIAN_POINT('',(6.28318530718,0.75));
#3228 = VECTOR('',#3229,1.);
#3229 = DIRECTION('',(-1.,-0.));
#3230 = ( GEOMETRIC_REPRESENTATION_CONTEXT(2) 
PARAMETRIC_REPRESENTATION_CONTEXT() REPRESENTATION_CONTEXT('2D SPACE',''
  ) );
#3231 = PCURVE('',#3232,#3237);
#3232 = SPHERICAL_SURFACE('',#3233,0.75);
#3233 = AXIS2_PLACEMENT_3D('',#3234,#3235,#3236);
#3234 = CARTESIAN_POINT('',(1.25,-15.75,-2.75));
#3235 = DIRECTION('',(0.,0.,1.));
#3236 = DIRECTION('',(1.,0.,-0.));
#3237 = DEFINITIONAL_REPRESENTATION('',(#3238),#3242);
#3238 = LINE('',#3239,#3240);
#3239 = CARTESIAN_POINT('',(-0.,-6.28318530718));
#3240 = VECTOR('',#3241,1.);
#3241 = DIRECTION('',(-0.,1.));
#3242 = ( GEOMETRIC_REPRESENTATION_CONTEXT(2) 
PARAMETRIC_REPRESENTATION_CONTEXT() REPRESENTATION_CONTEXT('2D SPACE',''
  ) );
#3243 = ORIENTED_EDGE('',*,*,#3190,.T.);
#3244 = ORIENTED_EDGE('',*,*,#798,.F.);
#3245 = ORIENTED_EDGE('',*,*,#3246,.F.);
#3246 = EDGE_CURVE('',#3216,#773,#3247,.T.);
#3247 = SURFACE_CURVE('',#3248,(#3252,#3259),.PCURVE_S1.);
#3248 = LINE('',#3249,#3250);
#3249 = CARTESIAN_POINT('',(2.,-16.5,-2.75));
#3250 = VECTOR('',#3251,1.);
#3251 = DIRECTION('',(0.,1.,0.));
#3252 = PCURVE('',#836,#3253);
#3253 = DEFINITIONAL_REPRESENTATION('',(#3254),#3258);
#3254 = LINE('',#3255,#3256);
#3255 = CARTESIAN_POINT('',(0.,0.));
#3256 = VECTOR('',#3257,1.);
#3257 = DIRECTION('',(0.,1.));
#3258 = ( GEOMETRIC_REPRESENTATION_CONTEXT(2) 
PARAMETRIC_REPRESENTATION_CONTEXT() REPRESENTATION_CONTEXT('2D SPACE',''
  ) );
#3259 = PCURVE('',#787,#3260);
#3260 = DEFINITIONAL_REPRESENTATION('',(#3261),#3265);
#3261 = LINE('',#3262,#3263);
#3262 = CARTESIAN_POINT('',(0.75,0.));
#3263 = VECTOR('',#3264,1.);
#3264 = DIRECTION('',(0.,-1.));
#3265 = ( GEOMETRIC_REPRESENTATION_CONTEXT(2) 
PARAMETRIC_REPRESENTATION_CONTEXT() REPRESENTATION_CONTEXT('2D SPACE',''
  ) );
#3266 = ADVANCED_FACE('',(#3267),#787,.T.);
#3267 = FACE_BOUND('',#3268,.T.);
#3268 = EDGE_LOOP('',(#3269,#3297,#3298,#3299));
#3269 = ORIENTED_EDGE('',*,*,#3270,.F.);
#3270 = EDGE_CURVE('',#3216,#3271,#3273,.T.);
#3271 = VERTEX_POINT('',#3272);
#3272 = CARTESIAN_POINT('',(2.,-15.75,2.75));
#3273 = SURFACE_CURVE('',#3274,(#3278,#3285),.PCURVE_S1.);
#3274 = LINE('',#3275,#3276);
#3275 = CARTESIAN_POINT('',(2.,-15.75,-3.5));
#3276 = VECTOR('',#3277,1.);
#3277 = DIRECTION('',(0.,0.,1.));
#3278 = PCURVE('',#787,#3279);
#3279 = DEFINITIONAL_REPRESENTATION('',(#3280),#3284);
#3280 = LINE('',#3281,#3282);
#3281 = CARTESIAN_POINT('',(0.,-0.75));
#3282 = VECTOR('',#3283,1.);
#3283 = DIRECTION('',(1.,0.));
#3284 = ( GEOMETRIC_REPRESENTATION_CONTEXT(2) 
PARAMETRIC_REPRESENTATION_CONTEXT() REPRESENTATION_CONTEXT('2D SPACE',''
  ) );
#3285 = PCURVE('',#3286,#3291);
#3286 = CYLINDRICAL_SURFACE('',#3287,0.75);
#3287 = AXIS2_PLACEMENT_3D('',#3288,#3289,#3290);
#3288 = CARTESIAN_POINT('',(1.25,-15.75,-3.5));
#3289 = DIRECTION('',(0.,0.,1.));
#3290 = DIRECTION('',(1.,0.,-0.));
#3291 = DEFINITIONAL_REPRESENTATION('',(#3292),#3296);
#3292 = LINE('',#3293,#3294);
#3293 = CARTESIAN_POINT('',(-0.,0.));
#3294 = VECTOR('',#3295,1.);
#3295 = DIRECTION('',(-0.,1.));
#3296 = ( GEOMETRIC_REPRESENTATION_CONTEXT(2) 
PARAMETRIC_REPRESENTATION_CONTEXT() REPRESENTATION_CONTEXT('2D SPACE',''
  ) );
#3297 = ORIENTED_EDGE('',*,*,#3246,.T.);
#3298 = ORIENTED_EDGE('',*,*,#772,.T.);
#3299 = ORIENTED_EDGE('',*,*,#3300,.F.);
#3300 = EDGE_CURVE('',#3271,#712,#3301,.T.);
#3301 = SURFACE_CURVE('',#3302,(#3306,#3313),.PCURVE_S1.);
#3302 = LINE('',#3303,#3304);
#3303 = CARTESIAN_POINT('',(2.,-16.5,2.75));
#3304 = VECTOR('',#3305,1.);
#3305 = DIRECTION('',(0.,1.,0.));
#3306 = PCURVE('',#787,#3307);
#3307 = DEFINITIONAL_REPRESENTATION('',(#3308),#3312);
#3308 = LINE('',#3309,#3310);
#3309 = CARTESIAN_POINT('',(6.25,0.));
#3310 = VECTOR('',#3311,1.);
#3311 = DIRECTION('',(0.,-1.));
#3312 = ( GEOMETRIC_REPRESENTATION_CONTEXT(2) 
PARAMETRIC_REPRESENTATION_CONTEXT() REPRESENTATION_CONTEXT('2D SPACE',''
  ) );
#3313 = PCURVE('',#749,#3314);
#3314 = DEFINITIONAL_REPRESENTATION('',(#3315),#3319);
#3315 = LINE('',#3316,#3317);
#3316 = CARTESIAN_POINT('',(-0.,0.));
#3317 = VECTOR('',#3318,1.);
#3318 = DIRECTION('',(-0.,1.));
#3319 = ( GEOMETRIC_REPRESENTATION_CONTEXT(2) 
PARAMETRIC_REPRESENTATION_CONTEXT() REPRESENTATION_CONTEXT('2D SPACE',''
  ) );
#3320 = ADVANCED_FACE('',(#3321),#749,.T.);
#3321 = FACE_BOUND('',#3322,.F.);
#3322 = EDGE_LOOP('',(#3323,#3352,#3373,#3374));
#3323 = ORIENTED_EDGE('',*,*,#3324,.F.);
#3324 = EDGE_CURVE('',#3325,#3271,#3327,.T.);
#3325 = VERTEX_POINT('',#3326);
#3326 = CARTESIAN_POINT('',(1.25,-15.75,3.5));
#3327 = SURFACE_CURVE('',#3328,(#3333,#3340),.PCURVE_S1.);
#3328 = CIRCLE('',#3329,0.75);
#3329 = AXIS2_PLACEMENT_3D('',#3330,#3331,#3332);
#3330 = CARTESIAN_POINT('',(1.25,-15.75,2.75));
#3331 = DIRECTION('',(-0.,1.,0.));
#3332 = DIRECTION('',(1.,0.,0.));
#3333 = PCURVE('',#749,#3334);
#3334 = DEFINITIONAL_REPRESENTATION('',(#3335),#3339);
#3335 = LINE('',#3336,#3337);
#3336 = CARTESIAN_POINT('',(-6.28318530718,0.75));
#3337 = VECTOR('',#3338,1.);
#3338 = DIRECTION('',(1.,-0.));
#3339 = ( GEOMETRIC_REPRESENTATION_CONTEXT(2) 
PARAMETRIC_REPRESENTATION_CONTEXT() REPRESENTATION_CONTEXT('2D SPACE',''
  ) );
#3340 = PCURVE('',#3341,#3346);
#3341 = SPHERICAL_SURFACE('',#3342,0.75);
#3342 = AXIS2_PLACEMENT_3D('',#3343,#3344,#3345);
#3343 = CARTESIAN_POINT('',(1.25,-15.75,2.75));
#3344 = DIRECTION('',(-0.,-0.,-1.));
#3345 = DIRECTION('',(1.,0.,0.));
#3346 = DEFINITIONAL_REPRESENTATION('',(#3347),#3351);
#3347 = LINE('',#3348,#3349);
#3348 = CARTESIAN_POINT('',(0.,-6.28318530718));
#3349 = VECTOR('',#3350,1.);
#3350 = DIRECTION('',(0.,1.));
#3351 = ( GEOMETRIC_REPRESENTATION_CONTEXT(2) 
PARAMETRIC_REPRESENTATION_CONTEXT() REPRESENTATION_CONTEXT('2D SPACE',''
  ) );
#3352 = ORIENTED_EDGE('',*,*,#3353,.T.);
#3353 = EDGE_CURVE('',#3325,#683,#3354,.T.);
#3354 = SURFACE_CURVE('',#3355,(#3359,#3366),.PCURVE_S1.);
#3355 = LINE('',#3356,#3357);
#3356 = CARTESIAN_POINT('',(1.25,-16.5,3.5));
#3357 = VECTOR('',#3358,1.);
#3358 = DIRECTION('',(0.,1.,0.));
#3359 = PCURVE('',#749,#3360);
#3360 = DEFINITIONAL_REPRESENTATION('',(#3361),#3365);
#3361 = LINE('',#3362,#3363);
#3362 = CARTESIAN_POINT('',(-1.570796326795,0.));
#3363 = VECTOR('',#3364,1.);
#3364 = DIRECTION('',(-0.,1.));
#3365 = ( GEOMETRIC_REPRESENTATION_CONTEXT(2) 
PARAMETRIC_REPRESENTATION_CONTEXT() REPRESENTATION_CONTEXT('2D SPACE',''
  ) );
#3366 = PCURVE('',#699,#3367);
#3367 = DEFINITIONAL_REPRESENTATION('',(#3368),#3372);
#3368 = LINE('',#3369,#3370);
#3369 = CARTESIAN_POINT('',(3.25,0.));
#3370 = VECTOR('',#3371,1.);
#3371 = DIRECTION('',(0.,1.));
#3372 = ( GEOMETRIC_REPRESENTATION_CONTEXT(2) 
PARAMETRIC_REPRESENTATION_CONTEXT() REPRESENTATION_CONTEXT('2D SPACE',''
  ) );
#3373 = ORIENTED_EDGE('',*,*,#711,.F.);
#3374 = ORIENTED_EDGE('',*,*,#3300,.F.);
#3375 = ADVANCED_FACE('',(#3376),#699,.T.);
#3376 = FACE_BOUND('',#3377,.T.);
#3377 = EDGE_LOOP('',(#3378,#3401,#3427,#3428));
#3378 = ORIENTED_EDGE('',*,*,#3379,.F.);
#3379 = EDGE_CURVE('',#3380,#622,#3382,.T.);
#3380 = VERTEX_POINT('',#3381);
#3381 = CARTESIAN_POINT('',(-1.25,-15.75,3.5));
#3382 = SURFACE_CURVE('',#3383,(#3387,#3394),.PCURVE_S1.);
#3383 = LINE('',#3384,#3385);
#3384 = CARTESIAN_POINT('',(-1.25,-16.5,3.5));
#3385 = VECTOR('',#3386,1.);
#3386 = DIRECTION('',(0.,1.,0.));
#3387 = PCURVE('',#699,#3388);
#3388 = DEFINITIONAL_REPRESENTATION('',(#3389),#3393);
#3389 = LINE('',#3390,#3391);
#3390 = CARTESIAN_POINT('',(0.75,0.));
#3391 = VECTOR('',#3392,1.);
#3392 = DIRECTION('',(0.,1.));
#3393 = ( GEOMETRIC_REPRESENTATION_CONTEXT(2) 
PARAMETRIC_REPRESENTATION_CONTEXT() REPRESENTATION_CONTEXT('2D SPACE',''
  ) );
#3394 = PCURVE('',#659,#3395);
#3395 = DEFINITIONAL_REPRESENTATION('',(#3396),#3400);
#3396 = LINE('',#3397,#3398);
#3397 = CARTESIAN_POINT('',(1.570796326795,0.));
#3398 = VECTOR('',#3399,1.);
#3399 = DIRECTION('',(0.,1.));
#3400 = ( GEOMETRIC_REPRESENTATION_CONTEXT(2) 
PARAMETRIC_REPRESENTATION_CONTEXT() REPRESENTATION_CONTEXT('2D SPACE',''
  ) );
#3401 = ORIENTED_EDGE('',*,*,#3402,.T.);
#3402 = EDGE_CURVE('',#3380,#3325,#3403,.T.);
#3403 = SURFACE_CURVE('',#3404,(#3408,#3415),.PCURVE_S1.);
#3404 = LINE('',#3405,#3406);
#3405 = CARTESIAN_POINT('',(-2.,-15.75,3.5));
#3406 = VECTOR('',#3407,1.);
#3407 = DIRECTION('',(1.,0.,0.));
#3408 = PCURVE('',#699,#3409);
#3409 = DEFINITIONAL_REPRESENTATION('',(#3410),#3414);
#3410 = LINE('',#3411,#3412);
#3411 = CARTESIAN_POINT('',(0.,0.75));
#3412 = VECTOR('',#3413,1.);
#3413 = DIRECTION('',(1.,0.));
#3414 = ( GEOMETRIC_REPRESENTATION_CONTEXT(2) 
PARAMETRIC_REPRESENTATION_CONTEXT() REPRESENTATION_CONTEXT('2D SPACE',''
  ) );
#3415 = PCURVE('',#3416,#3421);
#3416 = CYLINDRICAL_SURFACE('',#3417,0.75);
#3417 = AXIS2_PLACEMENT_3D('',#3418,#3419,#3420);
#3418 = CARTESIAN_POINT('',(-2.,-15.75,2.75));
#3419 = DIRECTION('',(1.,0.,0.));
#3420 = DIRECTION('',(0.,-1.,0.));
#3421 = DEFINITIONAL_REPRESENTATION('',(#3422),#3426);
#3422 = LINE('',#3423,#3424);
#3423 = CARTESIAN_POINT('',(-1.570796326795,0.));
#3424 = VECTOR('',#3425,1.);
#3425 = DIRECTION('',(-0.,1.));
#3426 = ( GEOMETRIC_REPRESENTATION_CONTEXT(2) 
PARAMETRIC_REPRESENTATION_CONTEXT() REPRESENTATION_CONTEXT('2D SPACE',''
  ) );
#3427 = ORIENTED_EDGE('',*,*,#3353,.T.);
#3428 = ORIENTED_EDGE('',*,*,#682,.F.);
#3429 = ADVANCED_FACE('',(#3430),#659,.T.);
#3430 = FACE_BOUND('',#3431,.T.);
#3431 = EDGE_LOOP('',(#3432,#3461,#3462,#3463));
#3432 = ORIENTED_EDGE('',*,*,#3433,.F.);
#3433 = EDGE_CURVE('',#3380,#3434,#3436,.T.);
#3434 = VERTEX_POINT('',#3435);
#3435 = CARTESIAN_POINT('',(-2.,-15.75,2.75));
#3436 = SURFACE_CURVE('',#3437,(#3442,#3449),.PCURVE_S1.);
#3437 = CIRCLE('',#3438,0.75);
#3438 = AXIS2_PLACEMENT_3D('',#3439,#3440,#3441);
#3439 = CARTESIAN_POINT('',(-1.25,-15.75,2.75));
#3440 = DIRECTION('',(0.,-1.,0.));
#3441 = DIRECTION('',(-1.,0.,0.));
#3442 = PCURVE('',#659,#3443);
#3443 = DEFINITIONAL_REPRESENTATION('',(#3444),#3448);
#3444 = LINE('',#3445,#3446);
#3445 = CARTESIAN_POINT('',(6.28318530718,0.75));
#3446 = VECTOR('',#3447,1.);
#3447 = DIRECTION('',(-1.,-0.));
#3448 = ( GEOMETRIC_REPRESENTATION_CONTEXT(2) 
PARAMETRIC_REPRESENTATION_CONTEXT() REPRESENTATION_CONTEXT('2D SPACE',''
  ) );
#3449 = PCURVE('',#3450,#3455);
#3450 = SPHERICAL_SURFACE('',#3451,0.75);
#3451 = AXIS2_PLACEMENT_3D('',#3452,#3453,#3454);
#3452 = CARTESIAN_POINT('',(-1.25,-15.75,2.75));
#3453 = DIRECTION('',(-0.,-0.,-1.));
#3454 = DIRECTION('',(-1.,0.,0.));
#3455 = DEFINITIONAL_REPRESENTATION('',(#3456),#3460);
#3456 = LINE('',#3457,#3458);
#3457 = CARTESIAN_POINT('',(-0.,-6.28318530718));
#3458 = VECTOR('',#3459,1.);
#3459 = DIRECTION('',(-0.,1.));
#3460 = ( GEOMETRIC_REPRESENTATION_CONTEXT(2) 
PARAMETRIC_REPRESENTATION_CONTEXT() REPRESENTATION_CONTEXT('2D SPACE',''
  ) );
#3461 = ORIENTED_EDGE('',*,*,#3379,.T.);
#3462 = ORIENTED_EDGE('',*,*,#621,.F.);
#3463 = ORIENTED_EDGE('',*,*,#3464,.F.);
#3464 = EDGE_CURVE('',#3434,#596,#3465,.T.);
#3465 = SURFACE_CURVE('',#3466,(#3470,#3477),.PCURVE_S1.);
#3466 = LINE('',#3467,#3468);
#3467 = CARTESIAN_POINT('',(-2.,-16.5,2.75));
#3468 = VECTOR('',#3469,1.);
#3469 = DIRECTION('',(0.,1.,0.));
#3470 = PCURVE('',#659,#3471);
#3471 = DEFINITIONAL_REPRESENTATION('',(#3472),#3476);
#3472 = LINE('',#3473,#3474);
#3473 = CARTESIAN_POINT('',(0.,0.));
#3474 = VECTOR('',#3475,1.);
#3475 = DIRECTION('',(0.,1.));
#3476 = ( GEOMETRIC_REPRESENTATION_CONTEXT(2) 
PARAMETRIC_REPRESENTATION_CONTEXT() REPRESENTATION_CONTEXT('2D SPACE',''
  ) );
#3477 = PCURVE('',#610,#3478);
#3478 = DEFINITIONAL_REPRESENTATION('',(#3479),#3483);
#3479 = LINE('',#3480,#3481);
#3480 = CARTESIAN_POINT('',(6.25,0.));
#3481 = VECTOR('',#3482,1.);
#3482 = DIRECTION('',(0.,-1.));
#3483 = ( GEOMETRIC_REPRESENTATION_CONTEXT(2) 
PARAMETRIC_REPRESENTATION_CONTEXT() REPRESENTATION_CONTEXT('2D SPACE',''
  ) );
#3484 = ADVANCED_FACE('',(#3485),#610,.F.);
#3485 = FACE_BOUND('',#3486,.F.);
#3486 = EDGE_LOOP('',(#3487,#3513,#3514,#3515));
#3487 = ORIENTED_EDGE('',*,*,#3488,.F.);
#3488 = EDGE_CURVE('',#3087,#3434,#3489,.T.);
#3489 = SURFACE_CURVE('',#3490,(#3494,#3501),.PCURVE_S1.);
#3490 = LINE('',#3491,#3492);
#3491 = CARTESIAN_POINT('',(-2.,-15.75,-3.5));
#3492 = VECTOR('',#3493,1.);
#3493 = DIRECTION('',(0.,0.,1.));
#3494 = PCURVE('',#610,#3495);
#3495 = DEFINITIONAL_REPRESENTATION('',(#3496),#3500);
#3496 = LINE('',#3497,#3498);
#3497 = CARTESIAN_POINT('',(0.,-0.75));
#3498 = VECTOR('',#3499,1.);
#3499 = DIRECTION('',(1.,0.));
#3500 = ( GEOMETRIC_REPRESENTATION_CONTEXT(2) 
PARAMETRIC_REPRESENTATION_CONTEXT() REPRESENTATION_CONTEXT('2D SPACE',''
  ) );
#3501 = PCURVE('',#3502,#3507);
#3502 = CYLINDRICAL_SURFACE('',#3503,0.75);
#3503 = AXIS2_PLACEMENT_3D('',#3504,#3505,#3506);
#3504 = CARTESIAN_POINT('',(-1.25,-15.75,-3.5));
#3505 = DIRECTION('',(0.,0.,1.));
#3506 = DIRECTION('',(-1.,-0.,0.));
#3507 = DEFINITIONAL_REPRESENTATION('',(#3508),#3512);
#3508 = LINE('',#3509,#3510);
#3509 = CARTESIAN_POINT('',(0.,0.));
#3510 = VECTOR('',#3511,1.);
#3511 = DIRECTION('',(0.,1.));
#3512 = ( GEOMETRIC_REPRESENTATION_CONTEXT(2) 
PARAMETRIC_REPRESENTATION_CONTEXT() REPRESENTATION_CONTEXT('2D SPACE',''
  ) );
#3513 = ORIENTED_EDGE('',*,*,#3137,.T.);
#3514 = ORIENTED_EDGE('',*,*,#595,.T.);
#3515 = ORIENTED_EDGE('',*,*,#3464,.F.);
#3516 = ADVANCED_FACE('',(#3517),#912,.T.);
#3517 = FACE_BOUND('',#3518,.F.);
#3518 = EDGE_LOOP('',(#3519,#3550,#3571,#3572,#3596));
#3519 = ORIENTED_EDGE('',*,*,#3520,.F.);
#3520 = EDGE_CURVE('',#3521,#3523,#3525,.T.);
#3521 = VERTEX_POINT('',#3522);
#3522 = CARTESIAN_POINT('',(-7.049038105677,15.039419162443,-0.5));
#3523 = VERTEX_POINT('',#3524);
#3524 = CARTESIAN_POINT('',(-6.549038105677,15.905444566228,0.5));
#3525 = SURFACE_CURVE('',#3526,(#3531,#3538),.PCURVE_S1.);
#3526 = CIRCLE('',#3527,1.);
#3527 = AXIS2_PLACEMENT_3D('',#3528,#3529,#3530);
#3528 = CARTESIAN_POINT('',(-7.049038105677,15.039419162443,0.5));
#3529 = DIRECTION('',(0.866025403784,-0.5,0.));
#3530 = DIRECTION('',(0.5,0.866025403784,0.));
#3531 = PCURVE('',#912,#3532);
#3532 = DEFINITIONAL_REPRESENTATION('',(#3533),#3537);
#3533 = LINE('',#3534,#3535);
#3534 = CARTESIAN_POINT('',(-6.28318530718,1.));
#3535 = VECTOR('',#3536,1.);
#3536 = DIRECTION('',(1.,-0.));
#3537 = ( GEOMETRIC_REPRESENTATION_CONTEXT(2) 
PARAMETRIC_REPRESENTATION_CONTEXT() REPRESENTATION_CONTEXT('2D SPACE',''
  ) );
#3538 = PCURVE('',#3539,#3544);
#3539 = SPHERICAL_SURFACE('',#3540,1.);
#3540 = AXIS2_PLACEMENT_3D('',#3541,#3542,#3543);
#3541 = CARTESIAN_POINT('',(-7.049038105677,15.039419162443,0.5));
#3542 = DIRECTION('',(0.,0.,1.));
#3543 = DIRECTION('',(0.5,0.866025403784,0.));
#3544 = DEFINITIONAL_REPRESENTATION('',(#3545),#3549);
#3545 = LINE('',#3546,#3547);
#3546 = CARTESIAN_POINT('',(0.,-6.28318530718));
#3547 = VECTOR('',#3548,1.);
#3548 = DIRECTION('',(0.,1.));
#3549 = ( GEOMETRIC_REPRESENTATION_CONTEXT(2) 
PARAMETRIC_REPRESENTATION_CONTEXT() REPRESENTATION_CONTEXT('2D SPACE',''
  ) );
#3550 = ORIENTED_EDGE('',*,*,#3551,.T.);
#3551 = EDGE_CURVE('',#3521,#891,#3552,.T.);
#3552 = SURFACE_CURVE('',#3553,(#3557,#3564),.PCURVE_S1.);
#3553 = LINE('',#3554,#3555);
#3554 = CARTESIAN_POINT('',(-7.915063509461,15.539419162443,-0.5));
#3555 = VECTOR('',#3556,1.);
#3556 = DIRECTION('',(0.866025403784,-0.5,0.));
#3557 = PCURVE('',#912,#3558);
#3558 = DEFINITIONAL_REPRESENTATION('',(#3559),#3563);
#3559 = LINE('',#3560,#3561);
#3560 = CARTESIAN_POINT('',(-1.570796326795,0.));
#3561 = VECTOR('',#3562,1.);
#3562 = DIRECTION('',(-0.,1.));
#3563 = ( GEOMETRIC_REPRESENTATION_CONTEXT(2) 
PARAMETRIC_REPRESENTATION_CONTEXT() REPRESENTATION_CONTEXT('2D SPACE',''
  ) );
#3564 = PCURVE('',#1756,#3565);
#3565 = DEFINITIONAL_REPRESENTATION('',(#3566),#3570);
#3566 = LINE('',#3567,#3568);
#3567 = CARTESIAN_POINT('',(1.,1.720845688169E-15));
#3568 = VECTOR('',#3569,1.);
#3569 = DIRECTION('',(0.,1.));
#3570 = ( GEOMETRIC_REPRESENTATION_CONTEXT(2) 
PARAMETRIC_REPRESENTATION_CONTEXT() REPRESENTATION_CONTEXT('2D SPACE',''
  ) );
#3571 = ORIENTED_EDGE('',*,*,#888,.F.);
#3572 = ORIENTED_EDGE('',*,*,#3573,.T.);
#3573 = EDGE_CURVE('',#889,#3574,#3576,.T.);
#3574 = VERTEX_POINT('',#3575);
#3575 = CARTESIAN_POINT('',(-3.950961894323,14.405444566228,0.5));
#3576 = SURFACE_CURVE('',#3577,(#3582,#3589),.PCURVE_S1.);
#3577 = CIRCLE('',#3578,1.);
#3578 = AXIS2_PLACEMENT_3D('',#3579,#3580,#3581);
#3579 = CARTESIAN_POINT('',(-4.450961894323,13.539419162443,0.5));
#3580 = DIRECTION('',(0.866025403784,-0.5,0.));
#3581 = DIRECTION('',(0.5,0.866025403784,0.));
#3582 = PCURVE('',#912,#3583);
#3583 = DEFINITIONAL_REPRESENTATION('',(#3584),#3588);
#3584 = LINE('',#3585,#3586);
#3585 = CARTESIAN_POINT('',(-6.28318530718,4.));
#3586 = VECTOR('',#3587,1.);
#3587 = DIRECTION('',(1.,-0.));
#3588 = ( GEOMETRIC_REPRESENTATION_CONTEXT(2) 
PARAMETRIC_REPRESENTATION_CONTEXT() REPRESENTATION_CONTEXT('2D SPACE',''
  ) );
#3589 = PCURVE('',#1011,#3590);
#3590 = DEFINITIONAL_REPRESENTATION('',(#3591),#3595);
#3591 = LINE('',#3592,#3593);
#3592 = CARTESIAN_POINT('',(-0.,-6.28318530718));
#3593 = VECTOR('',#3594,1.);
#3594 = DIRECTION('',(-0.,1.));
#3595 = ( GEOMETRIC_REPRESENTATION_CONTEXT(2) 
PARAMETRIC_REPRESENTATION_CONTEXT() REPRESENTATION_CONTEXT('2D SPACE',''
  ) );
#3596 = ORIENTED_EDGE('',*,*,#3597,.F.);
#3597 = EDGE_CURVE('',#3523,#3574,#3598,.T.);
#3598 = SURFACE_CURVE('',#3599,(#3603,#3610),.PCURVE_S1.);
#3599 = LINE('',#3600,#3601);
#3600 = CARTESIAN_POINT('',(-7.415063509461,16.405444566228,0.5));
#3601 = VECTOR('',#3602,1.);
#3602 = DIRECTION('',(0.866025403784,-0.5,0.));
#3603 = PCURVE('',#912,#3604);
#3604 = DEFINITIONAL_REPRESENTATION('',(#3605),#3609);
#3605 = LINE('',#3606,#3607);
#3606 = CARTESIAN_POINT('',(-0.,0.));
#3607 = VECTOR('',#3608,1.);
#3608 = DIRECTION('',(-0.,1.));
#3609 = ( GEOMETRIC_REPRESENTATION_CONTEXT(2) 
PARAMETRIC_REPRESENTATION_CONTEXT() REPRESENTATION_CONTEXT('2D SPACE',''
  ) );
#3610 = PCURVE('',#3611,#3616);
#3611 = PLANE('',#3612);
#3612 = AXIS2_PLACEMENT_3D('',#3613,#3614,#3615);
#3613 = CARTESIAN_POINT('',(-7.415063509461,16.405444566228,-0.5));
#3614 = DIRECTION('',(-0.5,-0.866025403784,0.));
#3615 = DIRECTION('',(0.,0.,1.));
#3616 = DEFINITIONAL_REPRESENTATION('',(#3617),#3621);
#3617 = LINE('',#3618,#3619);
#3618 = CARTESIAN_POINT('',(1.,0.));
#3619 = VECTOR('',#3620,1.);
#3620 = DIRECTION('',(0.,-1.));
#3621 = ( GEOMETRIC_REPRESENTATION_CONTEXT(2) 
PARAMETRIC_REPRESENTATION_CONTEXT() REPRESENTATION_CONTEXT('2D SPACE',''
  ) );
#3622 = ADVANCED_FACE('',(#3623),#1011,.T.);
#3623 = FACE_BOUND('',#3624,.F.);
#3624 = EDGE_LOOP('',(#3625,#3626,#3627));
#3625 = ORIENTED_EDGE('',*,*,#3573,.F.);
#3626 = ORIENTED_EDGE('',*,*,#927,.F.);
#3627 = ORIENTED_EDGE('',*,*,#3628,.F.);
#3628 = EDGE_CURVE('',#3574,#928,#3629,.T.);
#3629 = SURFACE_CURVE('',#3630,(#3635,#3642),.PCURVE_S1.);
#3630 = CIRCLE('',#3631,1.);
#3631 = AXIS2_PLACEMENT_3D('',#3632,#3633,#3634);
#3632 = CARTESIAN_POINT('',(-4.450961894323,13.539419162443,0.5));
#3633 = DIRECTION('',(0.,0.,-1.));
#3634 = DIRECTION('',(0.5,0.866025403784,0.));
#3635 = PCURVE('',#1011,#3636);
#3636 = DEFINITIONAL_REPRESENTATION('',(#3637),#3641);
#3637 = LINE('',#3638,#3639);
#3638 = CARTESIAN_POINT('',(-0.,0.));
#3639 = VECTOR('',#3640,1.);
#3640 = DIRECTION('',(-1.,0.));
#3641 = ( GEOMETRIC_REPRESENTATION_CONTEXT(2) 
PARAMETRIC_REPRESENTATION_CONTEXT() REPRESENTATION_CONTEXT('2D SPACE',''
  ) );
#3642 = PCURVE('',#1072,#3643);
#3643 = DEFINITIONAL_REPRESENTATION('',(#3644),#3648);
#3644 = LINE('',#3645,#3646);
#3645 = CARTESIAN_POINT('',(-0.,1.));
#3646 = VECTOR('',#3647,1.);
#3647 = DIRECTION('',(-1.,0.));
#3648 = ( GEOMETRIC_REPRESENTATION_CONTEXT(2) 
PARAMETRIC_REPRESENTATION_CONTEXT() REPRESENTATION_CONTEXT('2D SPACE',''
  ) );
#3649 = ADVANCED_FACE('',(#3650),#1756,.F.);
#3650 = FACE_BOUND('',#3651,.F.);
#3651 = EDGE_LOOP('',(#3652,#3653,#3674));
#3652 = ORIENTED_EDGE('',*,*,#3551,.F.);
#3653 = ORIENTED_EDGE('',*,*,#3654,.T.);
#3654 = EDGE_CURVE('',#3521,#1708,#3655,.T.);
#3655 = SURFACE_CURVE('',#3656,(#3660,#3667),.PCURVE_S1.);
#3656 = LINE('',#3657,#3658);
#3657 = CARTESIAN_POINT('',(-6.549038105677,15.905444566228,-0.5));
#3658 = VECTOR('',#3659,1.);
#3659 = DIRECTION('',(-0.5,-0.866025403784,0.));
#3660 = PCURVE('',#1756,#3661);
#3661 = DEFINITIONAL_REPRESENTATION('',(#3662),#3666);
#3662 = LINE('',#3663,#3664);
#3663 = CARTESIAN_POINT('',(7.216449660064E-16,1.));
#3664 = VECTOR('',#3665,1.);
#3665 = DIRECTION('',(1.,0.));
#3666 = ( GEOMETRIC_REPRESENTATION_CONTEXT(2) 
PARAMETRIC_REPRESENTATION_CONTEXT() REPRESENTATION_CONTEXT('2D SPACE',''
  ) );
#3667 = PCURVE('',#1727,#3668);
#3668 = DEFINITIONAL_REPRESENTATION('',(#3669),#3673);
#3669 = LINE('',#3670,#3671);
#3670 = CARTESIAN_POINT('',(1.570796326795,0.));
#3671 = VECTOR('',#3672,1.);
#3672 = DIRECTION('',(0.,1.));
#3673 = ( GEOMETRIC_REPRESENTATION_CONTEXT(2) 
PARAMETRIC_REPRESENTATION_CONTEXT() REPRESENTATION_CONTEXT('2D SPACE',''
  ) );
#3674 = ORIENTED_EDGE('',*,*,#1741,.F.);
#3675 = ADVANCED_FACE('',(#3676),#1072,.T.);
#3676 = FACE_BOUND('',#3677,.F.);
#3677 = EDGE_LOOP('',(#3678,#3701,#3702,#3703));
#3678 = ORIENTED_EDGE('',*,*,#3679,.F.);
#3679 = EDGE_CURVE('',#3574,#3680,#3682,.T.);
#3680 = VERTEX_POINT('',#3681);
#3681 = CARTESIAN_POINT('',(-3.950961894323,14.405444566228,3.5));
#3682 = SURFACE_CURVE('',#3683,(#3687,#3694),.PCURVE_S1.);
#3683 = LINE('',#3684,#3685);
#3684 = CARTESIAN_POINT('',(-3.950961894323,14.405444566228,-0.5));
#3685 = VECTOR('',#3686,1.);
#3686 = DIRECTION('',(0.,0.,1.));
#3687 = PCURVE('',#1072,#3688);
#3688 = DEFINITIONAL_REPRESENTATION('',(#3689),#3693);
#3689 = LINE('',#3690,#3691);
#3690 = CARTESIAN_POINT('',(-0.,0.));
#3691 = VECTOR('',#3692,1.);
#3692 = DIRECTION('',(-0.,1.));
#3693 = ( GEOMETRIC_REPRESENTATION_CONTEXT(2) 
PARAMETRIC_REPRESENTATION_CONTEXT() REPRESENTATION_CONTEXT('2D SPACE',''
  ) );
#3694 = PCURVE('',#3611,#3695);
#3695 = DEFINITIONAL_REPRESENTATION('',(#3696),#3700);
#3696 = LINE('',#3697,#3698);
#3697 = CARTESIAN_POINT('',(0.,-4.));
#3698 = VECTOR('',#3699,1.);
#3699 = DIRECTION('',(1.,0.));
#3700 = ( GEOMETRIC_REPRESENTATION_CONTEXT(2) 
PARAMETRIC_REPRESENTATION_CONTEXT() REPRESENTATION_CONTEXT('2D SPACE',''
  ) );
#3701 = ORIENTED_EDGE('',*,*,#3628,.T.);
#3702 = ORIENTED_EDGE('',*,*,#1057,.T.);
#3703 = ORIENTED_EDGE('',*,*,#3704,.T.);
#3704 = EDGE_CURVE('',#1058,#3680,#3705,.T.);
#3705 = SURFACE_CURVE('',#3706,(#3711,#3718),.PCURVE_S1.);
#3706 = CIRCLE('',#3707,1.);
#3707 = AXIS2_PLACEMENT_3D('',#3708,#3709,#3710);
#3708 = CARTESIAN_POINT('',(-4.450961894323,13.539419162443,3.5));
#3709 = DIRECTION('',(-1.110223024625E-16,-1.922962686384E-16,1.));
#3710 = DIRECTION('',(0.5,0.866025403784,2.22044604925E-16));
#3711 = PCURVE('',#1072,#3712);
#3712 = DEFINITIONAL_REPRESENTATION('',(#3713),#3717);
#3713 = LINE('',#3714,#3715);
#3714 = CARTESIAN_POINT('',(-6.28318530718,4.));
#3715 = VECTOR('',#3716,1.);
#3716 = DIRECTION('',(1.,-0.));
#3717 = ( GEOMETRIC_REPRESENTATION_CONTEXT(2) 
PARAMETRIC_REPRESENTATION_CONTEXT() REPRESENTATION_CONTEXT('2D SPACE',''
  ) );
#3718 = PCURVE('',#1147,#3719);
#3719 = DEFINITIONAL_REPRESENTATION('',(#3720),#3724);
#3720 = LINE('',#3721,#3722);
#3721 = CARTESIAN_POINT('',(-0.,-6.28318530718));
#3722 = VECTOR('',#3723,1.);
#3723 = DIRECTION('',(-0.,1.));
#3724 = ( GEOMETRIC_REPRESENTATION_CONTEXT(2) 
PARAMETRIC_REPRESENTATION_CONTEXT() REPRESENTATION_CONTEXT('2D SPACE',''
  ) );
#3725 = ADVANCED_FACE('',(#3726),#1727,.T.);
#3726 = FACE_BOUND('',#3727,.T.);
#3727 = EDGE_LOOP('',(#3728,#3752,#3753,#3754,#3778));
#3728 = ORIENTED_EDGE('',*,*,#3729,.F.);
#3729 = EDGE_CURVE('',#3521,#3730,#3732,.T.);
#3730 = VERTEX_POINT('',#3731);
#3731 = CARTESIAN_POINT('',(-7.915063509461,15.539419162443,0.5));
#3732 = SURFACE_CURVE('',#3733,(#3738,#3745),.PCURVE_S1.);
#3733 = CIRCLE('',#3734,1.);
#3734 = AXIS2_PLACEMENT_3D('',#3735,#3736,#3737);
#3735 = CARTESIAN_POINT('',(-7.049038105677,15.039419162443,0.5));
#3736 = DIRECTION('',(0.5,0.866025403784,-0.));
#3737 = DIRECTION('',(-0.866025403784,0.5,0.));
#3738 = PCURVE('',#1727,#3739);
#3739 = DEFINITIONAL_REPRESENTATION('',(#3740),#3744);
#3740 = LINE('',#3741,#3742);
#3741 = CARTESIAN_POINT('',(6.28318530718,1.));
#3742 = VECTOR('',#3743,1.);
#3743 = DIRECTION('',(-1.,-0.));
#3744 = ( GEOMETRIC_REPRESENTATION_CONTEXT(2) 
PARAMETRIC_REPRESENTATION_CONTEXT() REPRESENTATION_CONTEXT('2D SPACE',''
  ) );
#3745 = PCURVE('',#3539,#3746);
#3746 = DEFINITIONAL_REPRESENTATION('',(#3747),#3751);
#3747 = LINE('',#3748,#3749);
#3748 = CARTESIAN_POINT('',(1.570796326795,-6.28318530718));
#3749 = VECTOR('',#3750,1.);
#3750 = DIRECTION('',(0.,1.));
#3751 = ( GEOMETRIC_REPRESENTATION_CONTEXT(2) 
PARAMETRIC_REPRESENTATION_CONTEXT() REPRESENTATION_CONTEXT('2D SPACE',''
  ) );
#3752 = ORIENTED_EDGE('',*,*,#3654,.T.);
#3753 = ORIENTED_EDGE('',*,*,#1707,.F.);
#3754 = ORIENTED_EDGE('',*,*,#3755,.T.);
#3755 = EDGE_CURVE('',#1503,#3756,#3758,.T.);
#3756 = VERTEX_POINT('',#3757);
#3757 = CARTESIAN_POINT('',(-10.41506350946,11.209292143521,0.5));
#3758 = SURFACE_CURVE('',#3759,(#3764,#3771),.PCURVE_S1.);
#3759 = CIRCLE('',#3760,1.);
#3760 = AXIS2_PLACEMENT_3D('',#3761,#3762,#3763);
#3761 = CARTESIAN_POINT('',(-9.549038105677,10.709292143521,0.5));
#3762 = DIRECTION('',(0.5,0.866025403784,-0.));
#3763 = DIRECTION('',(-0.866025403784,0.5,0.));
#3764 = PCURVE('',#1727,#3765);
#3765 = DEFINITIONAL_REPRESENTATION('',(#3766),#3770);
#3766 = LINE('',#3767,#3768);
#3767 = CARTESIAN_POINT('',(6.28318530718,6.));
#3768 = VECTOR('',#3769,1.);
#3769 = DIRECTION('',(-1.,-0.));
#3770 = ( GEOMETRIC_REPRESENTATION_CONTEXT(2) 
PARAMETRIC_REPRESENTATION_CONTEXT() REPRESENTATION_CONTEXT('2D SPACE',''
  ) );
#3771 = PCURVE('',#1636,#3772);
#3772 = DEFINITIONAL_REPRESENTATION('',(#3773),#3777);
#3773 = LINE('',#3774,#3775);
#3774 = CARTESIAN_POINT('',(-1.570796326795,-6.28318530718));
#3775 = VECTOR('',#3776,1.);
#3776 = DIRECTION('',(-0.,1.));
#3777 = ( GEOMETRIC_REPRESENTATION_CONTEXT(2) 
PARAMETRIC_REPRESENTATION_CONTEXT() REPRESENTATION_CONTEXT('2D SPACE',''
  ) );
#3778 = ORIENTED_EDGE('',*,*,#3779,.F.);
#3779 = EDGE_CURVE('',#3730,#3756,#3780,.T.);
#3780 = SURFACE_CURVE('',#3781,(#3785,#3792),.PCURVE_S1.);
#3781 = LINE('',#3782,#3783);
#3782 = CARTESIAN_POINT('',(-7.415063509461,16.405444566228,0.5));
#3783 = VECTOR('',#3784,1.);
#3784 = DIRECTION('',(-0.5,-0.866025403784,0.));
#3785 = PCURVE('',#1727,#3786);
#3786 = DEFINITIONAL_REPRESENTATION('',(#3787),#3791);
#3787 = LINE('',#3788,#3789);
#3788 = CARTESIAN_POINT('',(0.,0.));
#3789 = VECTOR('',#3790,1.);
#3790 = DIRECTION('',(0.,1.));
#3791 = ( GEOMETRIC_REPRESENTATION_CONTEXT(2) 
PARAMETRIC_REPRESENTATION_CONTEXT() REPRESENTATION_CONTEXT('2D SPACE',''
  ) );
#3792 = PCURVE('',#3793,#3798);
#3793 = PLANE('',#3794);
#3794 = AXIS2_PLACEMENT_3D('',#3795,#3796,#3797);
#3795 = CARTESIAN_POINT('',(-7.415063509461,16.405444566228,-0.5));
#3796 = DIRECTION('',(0.866025403784,-0.5,0.));
#3797 = DIRECTION('',(0.,0.,1.));
#3798 = DEFINITIONAL_REPRESENTATION('',(#3799),#3803);
#3799 = LINE('',#3800,#3801);
#3800 = CARTESIAN_POINT('',(1.,0.));
#3801 = VECTOR('',#3802,1.);
#3802 = DIRECTION('',(0.,1.));
#3803 = ( GEOMETRIC_REPRESENTATION_CONTEXT(2) 
PARAMETRIC_REPRESENTATION_CONTEXT() REPRESENTATION_CONTEXT('2D SPACE',''
  ) );
#3804 = ADVANCED_FACE('',(#3805),#1147,.T.);
#3805 = FACE_BOUND('',#3806,.F.);
#3806 = EDGE_LOOP('',(#3807,#3808,#3809));
#3807 = ORIENTED_EDGE('',*,*,#3704,.F.);
#3808 = ORIENTED_EDGE('',*,*,#1083,.F.);
#3809 = ORIENTED_EDGE('',*,*,#3810,.F.);
#3810 = EDGE_CURVE('',#3680,#1084,#3811,.T.);
#3811 = SURFACE_CURVE('',#3812,(#3817,#3824),.PCURVE_S1.);
#3812 = CIRCLE('',#3813,1.);
#3813 = AXIS2_PLACEMENT_3D('',#3814,#3815,#3816);
#3814 = CARTESIAN_POINT('',(-4.450961894323,13.539419162443,3.5));
#3815 = DIRECTION('',(0.866025403784,-0.5,0.));
#3816 = DIRECTION('',(0.5,0.866025403784,2.22044604925E-16));
#3817 = PCURVE('',#1147,#3818);
#3818 = DEFINITIONAL_REPRESENTATION('',(#3819),#3823);
#3819 = LINE('',#3820,#3821);
#3820 = CARTESIAN_POINT('',(-0.,0.));
#3821 = VECTOR('',#3822,1.);
#3822 = DIRECTION('',(-1.,0.));
#3823 = ( GEOMETRIC_REPRESENTATION_CONTEXT(2) 
PARAMETRIC_REPRESENTATION_CONTEXT() REPRESENTATION_CONTEXT('2D SPACE',''
  ) );
#3824 = PCURVE('',#1205,#3825);
#3825 = DEFINITIONAL_REPRESENTATION('',(#3826),#3830);
#3826 = LINE('',#3827,#3828);
#3827 = CARTESIAN_POINT('',(0.,4.));
#3828 = VECTOR('',#3829,1.);
#3829 = DIRECTION('',(1.,0.));
#3830 = ( GEOMETRIC_REPRESENTATION_CONTEXT(2) 
PARAMETRIC_REPRESENTATION_CONTEXT() REPRESENTATION_CONTEXT('2D SPACE',''
  ) );
#3831 = ADVANCED_FACE('',(#3832),#1636,.T.);
#3832 = FACE_BOUND('',#3833,.F.);
#3833 = EDGE_LOOP('',(#3834,#3835,#3836));
#3834 = ORIENTED_EDGE('',*,*,#1502,.F.);
#3835 = ORIENTED_EDGE('',*,*,#3755,.T.);
#3836 = ORIENTED_EDGE('',*,*,#3837,.F.);
#3837 = EDGE_CURVE('',#1477,#3756,#3838,.T.);
#3838 = SURFACE_CURVE('',#3839,(#3844,#3851),.PCURVE_S1.);
#3839 = CIRCLE('',#3840,1.);
#3840 = AXIS2_PLACEMENT_3D('',#3841,#3842,#3843);
#3841 = CARTESIAN_POINT('',(-9.549038105677,10.709292143521,0.5));
#3842 = DIRECTION('',(-0.,0.,-1.));
#3843 = DIRECTION('',(-0.5,-0.866025403784,0.));
#3844 = PCURVE('',#1636,#3845);
#3845 = DEFINITIONAL_REPRESENTATION('',(#3846),#3850);
#3846 = LINE('',#3847,#3848);
#3847 = CARTESIAN_POINT('',(-0.,0.));
#3848 = VECTOR('',#3849,1.);
#3849 = DIRECTION('',(-1.,0.));
#3850 = ( GEOMETRIC_REPRESENTATION_CONTEXT(2) 
PARAMETRIC_REPRESENTATION_CONTEXT() REPRESENTATION_CONTEXT('2D SPACE',''
  ) );
#3851 = PCURVE('',#1491,#3852);
#3852 = DEFINITIONAL_REPRESENTATION('',(#3853),#3857);
#3853 = LINE('',#3854,#3855);
#3854 = CARTESIAN_POINT('',(-0.,1.));
#3855 = VECTOR('',#3856,1.);
#3856 = DIRECTION('',(-1.,0.));
#3857 = ( GEOMETRIC_REPRESENTATION_CONTEXT(2) 
PARAMETRIC_REPRESENTATION_CONTEXT() REPRESENTATION_CONTEXT('2D SPACE',''
  ) );
#3858 = ADVANCED_FACE('',(#3859),#1205,.T.);
#3859 = FACE_BOUND('',#3860,.T.);
#3860 = EDGE_LOOP('',(#3861,#3892,#3913,#3914,#3915));
#3861 = ORIENTED_EDGE('',*,*,#3862,.F.);
#3862 = EDGE_CURVE('',#3863,#3865,#3867,.T.);
#3863 = VERTEX_POINT('',#3864);
#3864 = CARTESIAN_POINT('',(-7.049038105677,15.039419162443,4.5));
#3865 = VERTEX_POINT('',#3866);
#3866 = CARTESIAN_POINT('',(-6.549038105677,15.905444566228,3.5));
#3867 = SURFACE_CURVE('',#3868,(#3873,#3880),.PCURVE_S1.);
#3868 = CIRCLE('',#3869,1.);
#3869 = AXIS2_PLACEMENT_3D('',#3870,#3871,#3872);
#3870 = CARTESIAN_POINT('',(-7.049038105677,15.039419162443,3.5));
#3871 = DIRECTION('',(-0.866025403784,0.5,0.));
#3872 = DIRECTION('',(0.5,0.866025403784,0.));
#3873 = PCURVE('',#1205,#3874);
#3874 = DEFINITIONAL_REPRESENTATION('',(#3875),#3879);
#3875 = LINE('',#3876,#3877);
#3876 = CARTESIAN_POINT('',(6.28318530718,1.));
#3877 = VECTOR('',#3878,1.);
#3878 = DIRECTION('',(-1.,-0.));
#3879 = ( GEOMETRIC_REPRESENTATION_CONTEXT(2) 
PARAMETRIC_REPRESENTATION_CONTEXT() REPRESENTATION_CONTEXT('2D SPACE',''
  ) );
#3880 = PCURVE('',#3881,#3886);
#3881 = SPHERICAL_SURFACE('',#3882,1.);
#3882 = AXIS2_PLACEMENT_3D('',#3883,#3884,#3885);
#3883 = CARTESIAN_POINT('',(-7.049038105677,15.039419162443,3.5));
#3884 = DIRECTION('',(0.,0.,-1.));
#3885 = DIRECTION('',(0.5,0.866025403784,0.));
#3886 = DEFINITIONAL_REPRESENTATION('',(#3887),#3891);
#3887 = LINE('',#3888,#3889);
#3888 = CARTESIAN_POINT('',(-0.,-6.28318530718));
#3889 = VECTOR('',#3890,1.);
#3890 = DIRECTION('',(-0.,1.));
#3891 = ( GEOMETRIC_REPRESENTATION_CONTEXT(2) 
PARAMETRIC_REPRESENTATION_CONTEXT() REPRESENTATION_CONTEXT('2D SPACE',''
  ) );
#3892 = ORIENTED_EDGE('',*,*,#3893,.T.);
#3893 = EDGE_CURVE('',#3863,#1184,#3894,.T.);
#3894 = SURFACE_CURVE('',#3895,(#3899,#3906),.PCURVE_S1.);
#3895 = LINE('',#3896,#3897);
#3896 = CARTESIAN_POINT('',(-7.915063509461,15.539419162443,4.5));
#3897 = VECTOR('',#3898,1.);
#3898 = DIRECTION('',(0.866025403784,-0.5,0.));
#3899 = PCURVE('',#1205,#3900);
#3900 = DEFINITIONAL_REPRESENTATION('',(#3901),#3905);
#3901 = LINE('',#3902,#3903);
#3902 = CARTESIAN_POINT('',(1.570796326795,0.));
#3903 = VECTOR('',#3904,1.);
#3904 = DIRECTION('',(0.,1.));
#3905 = ( GEOMETRIC_REPRESENTATION_CONTEXT(2) 
PARAMETRIC_REPRESENTATION_CONTEXT() REPRESENTATION_CONTEXT('2D SPACE',''
  ) );
#3906 = PCURVE('',#1237,#3907);
#3907 = DEFINITIONAL_REPRESENTATION('',(#3908),#3912);
#3908 = LINE('',#3909,#3910);
#3909 = CARTESIAN_POINT('',(1.,1.720845688169E-15));
#3910 = VECTOR('',#3911,1.);
#3911 = DIRECTION('',(0.,1.));
#3912 = ( GEOMETRIC_REPRESENTATION_CONTEXT(2) 
PARAMETRIC_REPRESENTATION_CONTEXT() REPRESENTATION_CONTEXT('2D SPACE',''
  ) );
#3913 = ORIENTED_EDGE('',*,*,#1183,.F.);
#3914 = ORIENTED_EDGE('',*,*,#3810,.F.);
#3915 = ORIENTED_EDGE('',*,*,#3916,.F.);
#3916 = EDGE_CURVE('',#3865,#3680,#3917,.T.);
#3917 = SURFACE_CURVE('',#3918,(#3922,#3929),.PCURVE_S1.);
#3918 = LINE('',#3919,#3920);
#3919 = CARTESIAN_POINT('',(-7.415063509461,16.405444566228,3.5));
#3920 = VECTOR('',#3921,1.);
#3921 = DIRECTION('',(0.866025403784,-0.5,0.));
#3922 = PCURVE('',#1205,#3923);
#3923 = DEFINITIONAL_REPRESENTATION('',(#3924),#3928);
#3924 = LINE('',#3925,#3926);
#3925 = CARTESIAN_POINT('',(0.,0.));
#3926 = VECTOR('',#3927,1.);
#3927 = DIRECTION('',(0.,1.));
#3928 = ( GEOMETRIC_REPRESENTATION_CONTEXT(2) 
PARAMETRIC_REPRESENTATION_CONTEXT() REPRESENTATION_CONTEXT('2D SPACE',''
  ) );
#3929 = PCURVE('',#3611,#3930);
#3930 = DEFINITIONAL_REPRESENTATION('',(#3931),#3935);
#3931 = LINE('',#3932,#3933);
#3932 = CARTESIAN_POINT('',(4.,0.));
#3933 = VECTOR('',#3934,1.);
#3934 = DIRECTION('',(0.,-1.));
#3935 = ( GEOMETRIC_REPRESENTATION_CONTEXT(2) 
PARAMETRIC_REPRESENTATION_CONTEXT() REPRESENTATION_CONTEXT('2D SPACE',''
  ) );
#3936 = ADVANCED_FACE('',(#3937),#1491,.T.);
#3937 = FACE_BOUND('',#3938,.F.);
#3938 = EDGE_LOOP('',(#3939,#3940,#3941,#3964));
#3939 = ORIENTED_EDGE('',*,*,#1476,.F.);
#3940 = ORIENTED_EDGE('',*,*,#3837,.T.);
#3941 = ORIENTED_EDGE('',*,*,#3942,.T.);
#3942 = EDGE_CURVE('',#3756,#3943,#3945,.T.);
#3943 = VERTEX_POINT('',#3944);
#3944 = CARTESIAN_POINT('',(-10.41506350946,11.209292143521,3.5));
#3945 = SURFACE_CURVE('',#3946,(#3950,#3957),.PCURVE_S1.);
#3946 = LINE('',#3947,#3948);
#3947 = CARTESIAN_POINT('',(-10.41506350946,11.209292143521,-0.5));
#3948 = VECTOR('',#3949,1.);
#3949 = DIRECTION('',(0.,0.,1.));
#3950 = PCURVE('',#1491,#3951);
#3951 = DEFINITIONAL_REPRESENTATION('',(#3952),#3956);
#3952 = LINE('',#3953,#3954);
#3953 = CARTESIAN_POINT('',(-1.570796326795,0.));
#3954 = VECTOR('',#3955,1.);
#3955 = DIRECTION('',(-0.,1.));
#3956 = ( GEOMETRIC_REPRESENTATION_CONTEXT(2) 
PARAMETRIC_REPRESENTATION_CONTEXT() REPRESENTATION_CONTEXT('2D SPACE',''
  ) );
#3957 = PCURVE('',#3793,#3958);
#3958 = DEFINITIONAL_REPRESENTATION('',(#3959),#3963);
#3959 = LINE('',#3960,#3961);
#3960 = CARTESIAN_POINT('',(0.,6.));
#3961 = VECTOR('',#3962,1.);
#3962 = DIRECTION('',(1.,0.));
#3963 = ( GEOMETRIC_REPRESENTATION_CONTEXT(2) 
PARAMETRIC_REPRESENTATION_CONTEXT() REPRESENTATION_CONTEXT('2D SPACE',''
  ) );
#3964 = ORIENTED_EDGE('',*,*,#3965,.F.);
#3965 = EDGE_CURVE('',#1284,#3943,#3966,.T.);
#3966 = SURFACE_CURVE('',#3967,(#3972,#3979),.PCURVE_S1.);
#3967 = CIRCLE('',#3968,1.);
#3968 = AXIS2_PLACEMENT_3D('',#3969,#3970,#3971);
#3969 = CARTESIAN_POINT('',(-9.549038105677,10.709292143521,3.5));
#3970 = DIRECTION('',(-0.,0.,-1.));
#3971 = DIRECTION('',(-0.5,-0.866025403784,0.));
#3972 = PCURVE('',#1491,#3973);
#3973 = DEFINITIONAL_REPRESENTATION('',(#3974),#3978);
#3974 = LINE('',#3975,#3976);
#3975 = CARTESIAN_POINT('',(-0.,4.));
#3976 = VECTOR('',#3977,1.);
#3977 = DIRECTION('',(-1.,0.));
#3978 = ( GEOMETRIC_REPRESENTATION_CONTEXT(2) 
PARAMETRIC_REPRESENTATION_CONTEXT() REPRESENTATION_CONTEXT('2D SPACE',''
  ) );
#3979 = PCURVE('',#1409,#3980);
#3980 = DEFINITIONAL_REPRESENTATION('',(#3981),#3985);
#3981 = LINE('',#3982,#3983);
#3982 = CARTESIAN_POINT('',(0.,0.));
#3983 = VECTOR('',#3984,1.);
#3984 = DIRECTION('',(1.,0.));
#3985 = ( GEOMETRIC_REPRESENTATION_CONTEXT(2) 
PARAMETRIC_REPRESENTATION_CONTEXT() REPRESENTATION_CONTEXT('2D SPACE',''
  ) );
#3986 = ADVANCED_FACE('',(#3987),#1237,.T.);
#3987 = FACE_BOUND('',#3988,.T.);
#3988 = EDGE_LOOP('',(#3989,#3990,#4011));
#3989 = ORIENTED_EDGE('',*,*,#3893,.F.);
#3990 = ORIENTED_EDGE('',*,*,#3991,.T.);
#3991 = EDGE_CURVE('',#3863,#1221,#3992,.T.);
#3992 = SURFACE_CURVE('',#3993,(#3997,#4004),.PCURVE_S1.);
#3993 = LINE('',#3994,#3995);
#3994 = CARTESIAN_POINT('',(-6.549038105677,15.905444566228,4.5));
#3995 = VECTOR('',#3996,1.);
#3996 = DIRECTION('',(-0.5,-0.866025403784,0.));
#3997 = PCURVE('',#1237,#3998);
#3998 = DEFINITIONAL_REPRESENTATION('',(#3999),#4003);
#3999 = LINE('',#4000,#4001);
#4000 = CARTESIAN_POINT('',(7.216449660064E-16,1.));
#4001 = VECTOR('',#4002,1.);
#4002 = DIRECTION('',(1.,0.));
#4003 = ( GEOMETRIC_REPRESENTATION_CONTEXT(2) 
PARAMETRIC_REPRESENTATION_CONTEXT() REPRESENTATION_CONTEXT('2D SPACE',''
  ) );
#4004 = PCURVE('',#1269,#4005);
#4005 = DEFINITIONAL_REPRESENTATION('',(#4006),#4010);
#4006 = LINE('',#4007,#4008);
#4007 = CARTESIAN_POINT('',(-1.570796326795,0.));
#4008 = VECTOR('',#4009,1.);
#4009 = DIRECTION('',(-0.,1.));
#4010 = ( GEOMETRIC_REPRESENTATION_CONTEXT(2) 
PARAMETRIC_REPRESENTATION_CONTEXT() REPRESENTATION_CONTEXT('2D SPACE',''
  ) );
#4011 = ORIENTED_EDGE('',*,*,#1220,.F.);
#4012 = ADVANCED_FACE('',(#4013),#1409,.T.);
#4013 = FACE_BOUND('',#4014,.T.);
#4014 = EDGE_LOOP('',(#4015,#4016,#4038));
#4015 = ORIENTED_EDGE('',*,*,#1283,.T.);
#4016 = ORIENTED_EDGE('',*,*,#4017,.T.);
#4017 = EDGE_CURVE('',#1250,#3943,#4018,.T.);
#4018 = SURFACE_CURVE('',#4019,(#4024,#4031),.PCURVE_S1.);
#4019 = CIRCLE('',#4020,1.);
#4020 = AXIS2_PLACEMENT_3D('',#4021,#4022,#4023);
#4021 = CARTESIAN_POINT('',(-9.549038105677,10.709292143521,3.5));
#4022 = DIRECTION('',(-0.5,-0.866025403784,0.));
#4023 = DIRECTION('',(-0.866025403784,0.5,0.));
#4024 = PCURVE('',#1409,#4025);
#4025 = DEFINITIONAL_REPRESENTATION('',(#4026),#4030);
#4026 = LINE('',#4027,#4028);
#4027 = CARTESIAN_POINT('',(1.570796326795,-6.28318530718));
#4028 = VECTOR('',#4029,1.);
#4029 = DIRECTION('',(0.,1.));
#4030 = ( GEOMETRIC_REPRESENTATION_CONTEXT(2) 
PARAMETRIC_REPRESENTATION_CONTEXT() REPRESENTATION_CONTEXT('2D SPACE',''
  ) );
#4031 = PCURVE('',#1269,#4032);
#4032 = DEFINITIONAL_REPRESENTATION('',(#4033),#4037);
#4033 = LINE('',#4034,#4035);
#4034 = CARTESIAN_POINT('',(-6.28318530718,6.));
#4035 = VECTOR('',#4036,1.);
#4036 = DIRECTION('',(1.,-0.));
#4037 = ( GEOMETRIC_REPRESENTATION_CONTEXT(2) 
PARAMETRIC_REPRESENTATION_CONTEXT() REPRESENTATION_CONTEXT('2D SPACE',''
  ) );
#4038 = ORIENTED_EDGE('',*,*,#3965,.F.);
#4039 = ADVANCED_FACE('',(#4040),#1269,.T.);
#4040 = FACE_BOUND('',#4041,.F.);
#4041 = EDGE_LOOP('',(#4042,#4066,#4067,#4068,#4069));
#4042 = ORIENTED_EDGE('',*,*,#4043,.F.);
#4043 = EDGE_CURVE('',#3863,#4044,#4046,.T.);
#4044 = VERTEX_POINT('',#4045);
#4045 = CARTESIAN_POINT('',(-7.915063509461,15.539419162443,3.5));
#4046 = SURFACE_CURVE('',#4047,(#4052,#4059),.PCURVE_S1.);
#4047 = CIRCLE('',#4048,1.);
#4048 = AXIS2_PLACEMENT_3D('',#4049,#4050,#4051);
#4049 = CARTESIAN_POINT('',(-7.049038105677,15.039419162443,3.5));
#4050 = DIRECTION('',(-0.5,-0.866025403784,0.));
#4051 = DIRECTION('',(-0.866025403784,0.5,0.));
#4052 = PCURVE('',#1269,#4053);
#4053 = DEFINITIONAL_REPRESENTATION('',(#4054),#4058);
#4054 = LINE('',#4055,#4056);
#4055 = CARTESIAN_POINT('',(-6.28318530718,1.));
#4056 = VECTOR('',#4057,1.);
#4057 = DIRECTION('',(1.,-0.));
#4058 = ( GEOMETRIC_REPRESENTATION_CONTEXT(2) 
PARAMETRIC_REPRESENTATION_CONTEXT() REPRESENTATION_CONTEXT('2D SPACE',''
  ) );
#4059 = PCURVE('',#3881,#4060);
#4060 = DEFINITIONAL_REPRESENTATION('',(#4061),#4065);
#4061 = LINE('',#4062,#4063);
#4062 = CARTESIAN_POINT('',(-1.570796326795,-6.28318530718));
#4063 = VECTOR('',#4064,1.);
#4064 = DIRECTION('',(-0.,1.));
#4065 = ( GEOMETRIC_REPRESENTATION_CONTEXT(2) 
PARAMETRIC_REPRESENTATION_CONTEXT() REPRESENTATION_CONTEXT('2D SPACE',''
  ) );
#4066 = ORIENTED_EDGE('',*,*,#3991,.T.);
#4067 = ORIENTED_EDGE('',*,*,#1249,.F.);
#4068 = ORIENTED_EDGE('',*,*,#4017,.T.);
#4069 = ORIENTED_EDGE('',*,*,#4070,.F.);
#4070 = EDGE_CURVE('',#4044,#3943,#4071,.T.);
#4071 = SURFACE_CURVE('',#4072,(#4076,#4083),.PCURVE_S1.);
#4072 = LINE('',#4073,#4074);
#4073 = CARTESIAN_POINT('',(-7.415063509461,16.405444566228,3.5));
#4074 = VECTOR('',#4075,1.);
#4075 = DIRECTION('',(-0.5,-0.866025403784,0.));
#4076 = PCURVE('',#1269,#4077);
#4077 = DEFINITIONAL_REPRESENTATION('',(#4078),#4082);
#4078 = LINE('',#4079,#4080);
#4079 = CARTESIAN_POINT('',(-0.,0.));
#4080 = VECTOR('',#4081,1.);
#4081 = DIRECTION('',(-0.,1.));
#4082 = ( GEOMETRIC_REPRESENTATION_CONTEXT(2) 
PARAMETRIC_REPRESENTATION_CONTEXT() REPRESENTATION_CONTEXT('2D SPACE',''
  ) );
#4083 = PCURVE('',#3793,#4084);
#4084 = DEFINITIONAL_REPRESENTATION('',(#4085),#4089);
#4085 = LINE('',#4086,#4087);
#4086 = CARTESIAN_POINT('',(4.,0.));
#4087 = VECTOR('',#4088,1.);
#4088 = DIRECTION('',(0.,1.));
#4089 = ( GEOMETRIC_REPRESENTATION_CONTEXT(2) 
PARAMETRIC_REPRESENTATION_CONTEXT() REPRESENTATION_CONTEXT('2D SPACE',''
  ) );
#4090 = ADVANCED_FACE('',(#4091),#1787,.T.);
#4091 = FACE_BOUND('',#4092,.T.);
#4092 = EDGE_LOOP('',(#4093,#4123,#4145,#4146));
#4093 = ORIENTED_EDGE('',*,*,#4094,.F.);
#4094 = EDGE_CURVE('',#4095,#4097,#4099,.T.);
#4095 = VERTEX_POINT('',#4096);
#4096 = CARTESIAN_POINT('',(-3.950961894323,-14.40544456622,0.5));
#4097 = VERTEX_POINT('',#4098);
#4098 = CARTESIAN_POINT('',(-3.950961894323,-14.40544456622,3.5));
#4099 = SURFACE_CURVE('',#4100,(#4104,#4111),.PCURVE_S1.);
#4100 = LINE('',#4101,#4102);
#4101 = CARTESIAN_POINT('',(-3.950961894323,-14.40544456622,-0.5));
#4102 = VECTOR('',#4103,1.);
#4103 = DIRECTION('',(0.,0.,1.));
#4104 = PCURVE('',#1787,#4105);
#4105 = DEFINITIONAL_REPRESENTATION('',(#4106),#4110);
#4106 = LINE('',#4107,#4108);
#4107 = CARTESIAN_POINT('',(0.,0.));
#4108 = VECTOR('',#4109,1.);
#4109 = DIRECTION('',(0.,1.));
#4110 = ( GEOMETRIC_REPRESENTATION_CONTEXT(2) 
PARAMETRIC_REPRESENTATION_CONTEXT() REPRESENTATION_CONTEXT('2D SPACE',''
  ) );
#4111 = PCURVE('',#4112,#4117);
#4112 = PLANE('',#4113);
#4113 = AXIS2_PLACEMENT_3D('',#4114,#4115,#4116);
#4114 = CARTESIAN_POINT('',(-3.084936490539,-13.90544456622,-0.5));
#4115 = DIRECTION('',(-0.5,0.866025403784,0.));
#4116 = DIRECTION('',(0.,0.,1.));
#4117 = DEFINITIONAL_REPRESENTATION('',(#4118),#4122);
#4118 = LINE('',#4119,#4120);
#4119 = CARTESIAN_POINT('',(0.,-1.));
#4120 = VECTOR('',#4121,1.);
#4121 = DIRECTION('',(1.,0.));
#4122 = ( GEOMETRIC_REPRESENTATION_CONTEXT(2) 
PARAMETRIC_REPRESENTATION_CONTEXT() REPRESENTATION_CONTEXT('2D SPACE',''
  ) );
#4123 = ORIENTED_EDGE('',*,*,#4124,.T.);
#4124 = EDGE_CURVE('',#4095,#1771,#4125,.T.);
#4125 = SURFACE_CURVE('',#4126,(#4131,#4138),.PCURVE_S1.);
#4126 = CIRCLE('',#4127,1.);
#4127 = AXIS2_PLACEMENT_3D('',#4128,#4129,#4130);
#4128 = CARTESIAN_POINT('',(-4.450961894323,-13.53941916244,0.5));
#4129 = DIRECTION('',(-0.,0.,1.));
#4130 = DIRECTION('',(0.5,-0.866025403784,0.));
#4131 = PCURVE('',#1787,#4132);
#4132 = DEFINITIONAL_REPRESENTATION('',(#4133),#4137);
#4133 = LINE('',#4134,#4135);
#4134 = CARTESIAN_POINT('',(0.,1.));
#4135 = VECTOR('',#4136,1.);
#4136 = DIRECTION('',(1.,0.));
#4137 = ( GEOMETRIC_REPRESENTATION_CONTEXT(2) 
PARAMETRIC_REPRESENTATION_CONTEXT() REPRESENTATION_CONTEXT('2D SPACE',''
  ) );
#4138 = PCURVE('',#1884,#4139);
#4139 = DEFINITIONAL_REPRESENTATION('',(#4140),#4144);
#4140 = LINE('',#4141,#4142);
#4141 = CARTESIAN_POINT('',(0.,0.));
#4142 = VECTOR('',#4143,1.);
#4143 = DIRECTION('',(1.,0.));
#4144 = ( GEOMETRIC_REPRESENTATION_CONTEXT(2) 
PARAMETRIC_REPRESENTATION_CONTEXT() REPRESENTATION_CONTEXT('2D SPACE',''
  ) );
#4145 = ORIENTED_EDGE('',*,*,#1770,.T.);
#4146 = ORIENTED_EDGE('',*,*,#4147,.F.);
#4147 = EDGE_CURVE('',#4097,#1773,#4148,.T.);
#4148 = SURFACE_CURVE('',#4149,(#4154,#4161),.PCURVE_S1.);
#4149 = CIRCLE('',#4150,1.);
#4150 = AXIS2_PLACEMENT_3D('',#4151,#4152,#4153);
#4151 = CARTESIAN_POINT('',(-4.450961894323,-13.53941916244,3.5));
#4152 = DIRECTION('',(-0.,0.,1.));
#4153 = DIRECTION('',(0.5,-0.866025403784,0.));
#4154 = PCURVE('',#1787,#4155);
#4155 = DEFINITIONAL_REPRESENTATION('',(#4156),#4160);
#4156 = LINE('',#4157,#4158);
#4157 = CARTESIAN_POINT('',(0.,4.));
#4158 = VECTOR('',#4159,1.);
#4159 = DIRECTION('',(1.,0.));
#4160 = ( GEOMETRIC_REPRESENTATION_CONTEXT(2) 
PARAMETRIC_REPRESENTATION_CONTEXT() REPRESENTATION_CONTEXT('2D SPACE',''
  ) );
#4161 = PCURVE('',#2531,#4162);
#4162 = DEFINITIONAL_REPRESENTATION('',(#4163),#4167);
#4163 = LINE('',#4164,#4165);
#4164 = CARTESIAN_POINT('',(-0.,0.));
#4165 = VECTOR('',#4166,1.);
#4166 = DIRECTION('',(-1.,0.));
#4167 = ( GEOMETRIC_REPRESENTATION_CONTEXT(2) 
PARAMETRIC_REPRESENTATION_CONTEXT() REPRESENTATION_CONTEXT('2D SPACE',''
  ) );
#4168 = ADVANCED_FACE('',(#4169),#1884,.T.);
#4169 = FACE_BOUND('',#4170,.T.);
#4170 = EDGE_LOOP('',(#4171,#4193,#4194));
#4171 = ORIENTED_EDGE('',*,*,#4172,.F.);
#4172 = EDGE_CURVE('',#1799,#4095,#4173,.T.);
#4173 = SURFACE_CURVE('',#4174,(#4179,#4186),.PCURVE_S1.);
#4174 = CIRCLE('',#4175,1.);
#4175 = AXIS2_PLACEMENT_3D('',#4176,#4177,#4178);
#4176 = CARTESIAN_POINT('',(-4.450961894323,-13.53941916244,0.5));
#4177 = DIRECTION('',(-0.866025403784,-0.5,0.));
#4178 = DIRECTION('',(0.5,-0.866025403784,0.));
#4179 = PCURVE('',#1884,#4180);
#4180 = DEFINITIONAL_REPRESENTATION('',(#4181),#4185);
#4181 = LINE('',#4182,#4183);
#4182 = CARTESIAN_POINT('',(0.,-6.28318530718));
#4183 = VECTOR('',#4184,1.);
#4184 = DIRECTION('',(0.,1.));
#4185 = ( GEOMETRIC_REPRESENTATION_CONTEXT(2) 
PARAMETRIC_REPRESENTATION_CONTEXT() REPRESENTATION_CONTEXT('2D SPACE',''
  ) );
#4186 = PCURVE('',#1953,#4187);
#4187 = DEFINITIONAL_REPRESENTATION('',(#4188),#4192);
#4188 = LINE('',#4189,#4190);
#4189 = CARTESIAN_POINT('',(-6.28318530718,1.));
#4190 = VECTOR('',#4191,1.);
#4191 = DIRECTION('',(1.,-0.));
#4192 = ( GEOMETRIC_REPRESENTATION_CONTEXT(2) 
PARAMETRIC_REPRESENTATION_CONTEXT() REPRESENTATION_CONTEXT('2D SPACE',''
  ) );
#4193 = ORIENTED_EDGE('',*,*,#1798,.T.);
#4194 = ORIENTED_EDGE('',*,*,#4124,.F.);
#4195 = ADVANCED_FACE('',(#4196),#2531,.T.);
#4196 = FACE_BOUND('',#4197,.F.);
#4197 = EDGE_LOOP('',(#4198,#4220,#4221));
#4198 = ORIENTED_EDGE('',*,*,#4199,.F.);
#4199 = EDGE_CURVE('',#2411,#4097,#4200,.T.);
#4200 = SURFACE_CURVE('',#4201,(#4206,#4213),.PCURVE_S1.);
#4201 = CIRCLE('',#4202,1.);
#4202 = AXIS2_PLACEMENT_3D('',#4203,#4204,#4205);
#4203 = CARTESIAN_POINT('',(-4.450961894323,-13.53941916244,3.5));
#4204 = DIRECTION('',(0.866025403784,0.5,0.));
#4205 = DIRECTION('',(0.5,-0.866025403784,0.));
#4206 = PCURVE('',#2531,#4207);
#4207 = DEFINITIONAL_REPRESENTATION('',(#4208),#4212);
#4208 = LINE('',#4209,#4210);
#4209 = CARTESIAN_POINT('',(-0.,-6.28318530718));
#4210 = VECTOR('',#4211,1.);
#4211 = DIRECTION('',(-0.,1.));
#4212 = ( GEOMETRIC_REPRESENTATION_CONTEXT(2) 
PARAMETRIC_REPRESENTATION_CONTEXT() REPRESENTATION_CONTEXT('2D SPACE',''
  ) );
#4213 = PCURVE('',#2432,#4214);
#4214 = DEFINITIONAL_REPRESENTATION('',(#4215),#4219);
#4215 = LINE('',#4216,#4217);
#4216 = CARTESIAN_POINT('',(6.28318530718,1.));
#4217 = VECTOR('',#4218,1.);
#4218 = DIRECTION('',(-1.,-0.));
#4219 = ( GEOMETRIC_REPRESENTATION_CONTEXT(2) 
PARAMETRIC_REPRESENTATION_CONTEXT() REPRESENTATION_CONTEXT('2D SPACE',''
  ) );
#4220 = ORIENTED_EDGE('',*,*,#2447,.F.);
#4221 = ORIENTED_EDGE('',*,*,#4147,.F.);
#4222 = ADVANCED_FACE('',(#4223),#1953,.T.);
#4223 = FACE_BOUND('',#4224,.F.);
#4224 = EDGE_LOOP('',(#4225,#4226,#4227,#4250,#4279));
#4225 = ORIENTED_EDGE('',*,*,#4172,.F.);
#4226 = ORIENTED_EDGE('',*,*,#1931,.T.);
#4227 = ORIENTED_EDGE('',*,*,#4228,.T.);
#4228 = EDGE_CURVE('',#1932,#4229,#4231,.T.);
#4229 = VERTEX_POINT('',#4230);
#4230 = CARTESIAN_POINT('',(-7.049038105677,-15.03941916244,-0.5));
#4231 = SURFACE_CURVE('',#4232,(#4236,#4243),.PCURVE_S1.);
#4232 = LINE('',#4233,#4234);
#4233 = CARTESIAN_POINT('',(-3.584936490539,-13.03941916244,-0.5));
#4234 = VECTOR('',#4235,1.);
#4235 = DIRECTION('',(-0.866025403784,-0.5,0.));
#4236 = PCURVE('',#1953,#4237);
#4237 = DEFINITIONAL_REPRESENTATION('',(#4238),#4242);
#4238 = LINE('',#4239,#4240);
#4239 = CARTESIAN_POINT('',(-1.570796326795,0.));
#4240 = VECTOR('',#4241,1.);
#4241 = DIRECTION('',(-0.,1.));
#4242 = ( GEOMETRIC_REPRESENTATION_CONTEXT(2) 
PARAMETRIC_REPRESENTATION_CONTEXT() REPRESENTATION_CONTEXT('2D SPACE',''
  ) );
#4243 = PCURVE('',#1985,#4244);
#4244 = DEFINITIONAL_REPRESENTATION('',(#4245),#4249);
#4245 = LINE('',#4246,#4247);
#4246 = CARTESIAN_POINT('',(1.,5.551115123126E-17));
#4247 = VECTOR('',#4248,1.);
#4248 = DIRECTION('',(0.,1.));
#4249 = ( GEOMETRIC_REPRESENTATION_CONTEXT(2) 
PARAMETRIC_REPRESENTATION_CONTEXT() REPRESENTATION_CONTEXT('2D SPACE',''
  ) );
#4250 = ORIENTED_EDGE('',*,*,#4251,.T.);
#4251 = EDGE_CURVE('',#4229,#4252,#4254,.T.);
#4252 = VERTEX_POINT('',#4253);
#4253 = CARTESIAN_POINT('',(-6.549038105677,-15.90544456622,0.5));
#4254 = SURFACE_CURVE('',#4255,(#4260,#4267),.PCURVE_S1.);
#4255 = CIRCLE('',#4256,1.);
#4256 = AXIS2_PLACEMENT_3D('',#4257,#4258,#4259);
#4257 = CARTESIAN_POINT('',(-7.049038105677,-15.03941916244,0.5));
#4258 = DIRECTION('',(-0.866025403784,-0.5,0.));
#4259 = DIRECTION('',(0.5,-0.866025403784,0.));
#4260 = PCURVE('',#1953,#4261);
#4261 = DEFINITIONAL_REPRESENTATION('',(#4262),#4266);
#4262 = LINE('',#4263,#4264);
#4263 = CARTESIAN_POINT('',(-6.28318530718,4.));
#4264 = VECTOR('',#4265,1.);
#4265 = DIRECTION('',(1.,-0.));
#4266 = ( GEOMETRIC_REPRESENTATION_CONTEXT(2) 
PARAMETRIC_REPRESENTATION_CONTEXT() REPRESENTATION_CONTEXT('2D SPACE',''
  ) );
#4267 = PCURVE('',#4268,#4273);
#4268 = SPHERICAL_SURFACE('',#4269,1.);
#4269 = AXIS2_PLACEMENT_3D('',#4270,#4271,#4272);
#4270 = CARTESIAN_POINT('',(-7.049038105677,-15.03941916244,0.5));
#4271 = DIRECTION('',(0.,0.,1.));
#4272 = DIRECTION('',(0.5,-0.866025403784,0.));
#4273 = DEFINITIONAL_REPRESENTATION('',(#4274),#4278);
#4274 = LINE('',#4275,#4276);
#4275 = CARTESIAN_POINT('',(-0.,-6.28318530718));
#4276 = VECTOR('',#4277,1.);
#4277 = DIRECTION('',(-0.,1.));
#4278 = ( GEOMETRIC_REPRESENTATION_CONTEXT(2) 
PARAMETRIC_REPRESENTATION_CONTEXT() REPRESENTATION_CONTEXT('2D SPACE',''
  ) );
#4279 = ORIENTED_EDGE('',*,*,#4280,.F.);
#4280 = EDGE_CURVE('',#4095,#4252,#4281,.T.);
#4281 = SURFACE_CURVE('',#4282,(#4286,#4293),.PCURVE_S1.);
#4282 = LINE('',#4283,#4284);
#4283 = CARTESIAN_POINT('',(-3.084936490539,-13.90544456622,0.5));
#4284 = VECTOR('',#4285,1.);
#4285 = DIRECTION('',(-0.866025403784,-0.5,0.));
#4286 = PCURVE('',#1953,#4287);
#4287 = DEFINITIONAL_REPRESENTATION('',(#4288),#4292);
#4288 = LINE('',#4289,#4290);
#4289 = CARTESIAN_POINT('',(-0.,0.));
#4290 = VECTOR('',#4291,1.);
#4291 = DIRECTION('',(-0.,1.));
#4292 = ( GEOMETRIC_REPRESENTATION_CONTEXT(2) 
PARAMETRIC_REPRESENTATION_CONTEXT() REPRESENTATION_CONTEXT('2D SPACE',''
  ) );
#4293 = PCURVE('',#4112,#4294);
#4294 = DEFINITIONAL_REPRESENTATION('',(#4295),#4299);
#4295 = LINE('',#4296,#4297);
#4296 = CARTESIAN_POINT('',(1.,0.));
#4297 = VECTOR('',#4298,1.);
#4298 = DIRECTION('',(0.,-1.));
#4299 = ( GEOMETRIC_REPRESENTATION_CONTEXT(2) 
PARAMETRIC_REPRESENTATION_CONTEXT() REPRESENTATION_CONTEXT('2D SPACE',''
  ) );
#4300 = ADVANCED_FACE('',(#4301),#2432,.T.);
#4301 = FACE_BOUND('',#4302,.T.);
#4302 = EDGE_LOOP('',(#4303,#4304,#4305,#4328,#4357));
#4303 = ORIENTED_EDGE('',*,*,#4199,.F.);
#4304 = ORIENTED_EDGE('',*,*,#2410,.T.);
#4305 = ORIENTED_EDGE('',*,*,#4306,.T.);
#4306 = EDGE_CURVE('',#2382,#4307,#4309,.T.);
#4307 = VERTEX_POINT('',#4308);
#4308 = CARTESIAN_POINT('',(-7.049038105677,-15.03941916244,4.5));
#4309 = SURFACE_CURVE('',#4310,(#4314,#4321),.PCURVE_S1.);
#4310 = LINE('',#4311,#4312);
#4311 = CARTESIAN_POINT('',(-3.584936490539,-13.03941916244,4.5));
#4312 = VECTOR('',#4313,1.);
#4313 = DIRECTION('',(-0.866025403784,-0.5,0.));
#4314 = PCURVE('',#2432,#4315);
#4315 = DEFINITIONAL_REPRESENTATION('',(#4316),#4320);
#4316 = LINE('',#4317,#4318);
#4317 = CARTESIAN_POINT('',(1.570796326795,0.));
#4318 = VECTOR('',#4319,1.);
#4319 = DIRECTION('',(0.,1.));
#4320 = ( GEOMETRIC_REPRESENTATION_CONTEXT(2) 
PARAMETRIC_REPRESENTATION_CONTEXT() REPRESENTATION_CONTEXT('2D SPACE',''
  ) );
#4321 = PCURVE('',#2398,#4322);
#4322 = DEFINITIONAL_REPRESENTATION('',(#4323),#4327);
#4323 = LINE('',#4324,#4325);
#4324 = CARTESIAN_POINT('',(1.,5.551115123126E-17));
#4325 = VECTOR('',#4326,1.);
#4326 = DIRECTION('',(0.,1.));
#4327 = ( GEOMETRIC_REPRESENTATION_CONTEXT(2) 
PARAMETRIC_REPRESENTATION_CONTEXT() REPRESENTATION_CONTEXT('2D SPACE',''
  ) );
#4328 = ORIENTED_EDGE('',*,*,#4329,.F.);
#4329 = EDGE_CURVE('',#4330,#4307,#4332,.T.);
#4330 = VERTEX_POINT('',#4331);
#4331 = CARTESIAN_POINT('',(-6.549038105677,-15.90544456622,3.5));
#4332 = SURFACE_CURVE('',#4333,(#4338,#4345),.PCURVE_S1.);
#4333 = CIRCLE('',#4334,1.);
#4334 = AXIS2_PLACEMENT_3D('',#4335,#4336,#4337);
#4335 = CARTESIAN_POINT('',(-7.049038105677,-15.03941916244,3.5));
#4336 = DIRECTION('',(-0.866025403784,-0.5,-1.232595164408E-32));
#4337 = DIRECTION('',(0.5,-0.866025403784,2.22044604925E-16));
#4338 = PCURVE('',#2432,#4339);
#4339 = DEFINITIONAL_REPRESENTATION('',(#4340),#4344);
#4340 = LINE('',#4341,#4342);
#4341 = CARTESIAN_POINT('',(0.,4.));
#4342 = VECTOR('',#4343,1.);
#4343 = DIRECTION('',(1.,0.));
#4344 = ( GEOMETRIC_REPRESENTATION_CONTEXT(2) 
PARAMETRIC_REPRESENTATION_CONTEXT() REPRESENTATION_CONTEXT('2D SPACE',''
  ) );
#4345 = PCURVE('',#4346,#4351);
#4346 = SPHERICAL_SURFACE('',#4347,1.);
#4347 = AXIS2_PLACEMENT_3D('',#4348,#4349,#4350);
#4348 = CARTESIAN_POINT('',(-7.049038105677,-15.03941916244,3.5));
#4349 = DIRECTION('',(0.866025403784,0.5,-0.));
#4350 = DIRECTION('',(0.5,-0.866025403784,2.22044604925E-16));
#4351 = DEFINITIONAL_REPRESENTATION('',(#4352),#4356);
#4352 = LINE('',#4353,#4354);
#4353 = CARTESIAN_POINT('',(-0.,0.));
#4354 = VECTOR('',#4355,1.);
#4355 = DIRECTION('',(-1.,0.));
#4356 = ( GEOMETRIC_REPRESENTATION_CONTEXT(2) 
PARAMETRIC_REPRESENTATION_CONTEXT() REPRESENTATION_CONTEXT('2D SPACE',''
  ) );
#4357 = ORIENTED_EDGE('',*,*,#4358,.F.);
#4358 = EDGE_CURVE('',#4097,#4330,#4359,.T.);
#4359 = SURFACE_CURVE('',#4360,(#4364,#4371),.PCURVE_S1.);
#4360 = LINE('',#4361,#4362);
#4361 = CARTESIAN_POINT('',(-3.084936490539,-13.90544456622,3.5));
#4362 = VECTOR('',#4363,1.);
#4363 = DIRECTION('',(-0.866025403784,-0.5,0.));
#4364 = PCURVE('',#2432,#4365);
#4365 = DEFINITIONAL_REPRESENTATION('',(#4366),#4370);
#4366 = LINE('',#4367,#4368);
#4367 = CARTESIAN_POINT('',(0.,0.));
#4368 = VECTOR('',#4369,1.);
#4369 = DIRECTION('',(0.,1.));
#4370 = ( GEOMETRIC_REPRESENTATION_CONTEXT(2) 
PARAMETRIC_REPRESENTATION_CONTEXT() REPRESENTATION_CONTEXT('2D SPACE',''
  ) );
#4371 = PCURVE('',#4112,#4372);
#4372 = DEFINITIONAL_REPRESENTATION('',(#4373),#4377);
#4373 = LINE('',#4374,#4375);
#4374 = CARTESIAN_POINT('',(4.,0.));
#4375 = VECTOR('',#4376,1.);
#4376 = DIRECTION('',(0.,-1.));
#4377 = ( GEOMETRIC_REPRESENTATION_CONTEXT(2) 
PARAMETRIC_REPRESENTATION_CONTEXT() REPRESENTATION_CONTEXT('2D SPACE',''
  ) );
#4378 = ADVANCED_FACE('',(#4379),#1985,.F.);
#4379 = FACE_BOUND('',#4380,.F.);
#4380 = EDGE_LOOP('',(#4381,#4382,#4383));
#4381 = ORIENTED_EDGE('',*,*,#4228,.F.);
#4382 = ORIENTED_EDGE('',*,*,#1968,.F.);
#4383 = ORIENTED_EDGE('',*,*,#4384,.F.);
#4384 = EDGE_CURVE('',#4229,#1969,#4385,.T.);
#4385 = SURFACE_CURVE('',#4386,(#4390,#4397),.PCURVE_S1.);
#4386 = LINE('',#4387,#4388);
#4387 = CARTESIAN_POINT('',(-6.549038105677,-15.90544456622,-0.5));
#4388 = VECTOR('',#4389,1.);
#4389 = DIRECTION('',(-0.5,0.866025403784,0.));
#4390 = PCURVE('',#1985,#4391);
#4391 = DEFINITIONAL_REPRESENTATION('',(#4392),#4396);
#4392 = LINE('',#4393,#4394);
#4393 = CARTESIAN_POINT('',(-6.661338147751E-16,4.));
#4394 = VECTOR('',#4395,1.);
#4395 = DIRECTION('',(1.,0.));
#4396 = ( GEOMETRIC_REPRESENTATION_CONTEXT(2) 
PARAMETRIC_REPRESENTATION_CONTEXT() REPRESENTATION_CONTEXT('2D SPACE',''
  ) );
#4397 = PCURVE('',#2017,#4398);
#4398 = DEFINITIONAL_REPRESENTATION('',(#4399),#4403);
#4399 = LINE('',#4400,#4401);
#4400 = CARTESIAN_POINT('',(-1.570796326795,0.));
#4401 = VECTOR('',#4402,1.);
#4402 = DIRECTION('',(-0.,1.));
#4403 = ( GEOMETRIC_REPRESENTATION_CONTEXT(2) 
PARAMETRIC_REPRESENTATION_CONTEXT() REPRESENTATION_CONTEXT('2D SPACE',''
  ) );
#4404 = ADVANCED_FACE('',(#4405),#2398,.T.);
#4405 = FACE_BOUND('',#4406,.T.);
#4406 = EDGE_LOOP('',(#4407,#4408,#4409));
#4407 = ORIENTED_EDGE('',*,*,#4306,.F.);
#4408 = ORIENTED_EDGE('',*,*,#2381,.F.);
#4409 = ORIENTED_EDGE('',*,*,#4410,.F.);
#4410 = EDGE_CURVE('',#4307,#2348,#4411,.T.);
#4411 = SURFACE_CURVE('',#4412,(#4416,#4423),.PCURVE_S1.);
#4412 = LINE('',#4413,#4414);
#4413 = CARTESIAN_POINT('',(-6.549038105677,-15.90544456622,4.5));
#4414 = VECTOR('',#4415,1.);
#4415 = DIRECTION('',(-0.5,0.866025403784,0.));
#4416 = PCURVE('',#2398,#4417);
#4417 = DEFINITIONAL_REPRESENTATION('',(#4418),#4422);
#4418 = LINE('',#4419,#4420);
#4419 = CARTESIAN_POINT('',(-6.661338147751E-16,4.));
#4420 = VECTOR('',#4421,1.);
#4421 = DIRECTION('',(1.,0.));
#4422 = ( GEOMETRIC_REPRESENTATION_CONTEXT(2) 
PARAMETRIC_REPRESENTATION_CONTEXT() REPRESENTATION_CONTEXT('2D SPACE',''
  ) );
#4423 = PCURVE('',#2367,#4424);
#4424 = DEFINITIONAL_REPRESENTATION('',(#4425),#4429);
#4425 = LINE('',#4426,#4427);
#4426 = CARTESIAN_POINT('',(1.570796326795,0.));
#4427 = VECTOR('',#4428,1.);
#4428 = DIRECTION('',(0.,1.));
#4429 = ( GEOMETRIC_REPRESENTATION_CONTEXT(2) 
PARAMETRIC_REPRESENTATION_CONTEXT() REPRESENTATION_CONTEXT('2D SPACE',''
  ) );
#4430 = ADVANCED_FACE('',(#4431),#2017,.T.);
#4431 = FACE_BOUND('',#4432,.F.);
#4432 = EDGE_LOOP('',(#4433,#4457,#4458,#4459,#4483));
#4433 = ORIENTED_EDGE('',*,*,#4434,.F.);
#4434 = EDGE_CURVE('',#4229,#4435,#4437,.T.);
#4435 = VERTEX_POINT('',#4436);
#4436 = CARTESIAN_POINT('',(-7.915063509461,-15.53941916244,0.5));
#4437 = SURFACE_CURVE('',#4438,(#4443,#4450),.PCURVE_S1.);
#4438 = CIRCLE('',#4439,1.);
#4439 = AXIS2_PLACEMENT_3D('',#4440,#4441,#4442);
#4440 = CARTESIAN_POINT('',(-7.049038105677,-15.03941916244,0.5));
#4441 = DIRECTION('',(-0.5,0.866025403784,0.));
#4442 = DIRECTION('',(-0.866025403784,-0.5,0.));
#4443 = PCURVE('',#2017,#4444);
#4444 = DEFINITIONAL_REPRESENTATION('',(#4445),#4449);
#4445 = LINE('',#4446,#4447);
#4446 = CARTESIAN_POINT('',(-6.28318530718,1.));
#4447 = VECTOR('',#4448,1.);
#4448 = DIRECTION('',(1.,-0.));
#4449 = ( GEOMETRIC_REPRESENTATION_CONTEXT(2) 
PARAMETRIC_REPRESENTATION_CONTEXT() REPRESENTATION_CONTEXT('2D SPACE',''
  ) );
#4450 = PCURVE('',#4268,#4451);
#4451 = DEFINITIONAL_REPRESENTATION('',(#4452),#4456);
#4452 = LINE('',#4453,#4454);
#4453 = CARTESIAN_POINT('',(-1.570796326795,-6.28318530718));
#4454 = VECTOR('',#4455,1.);
#4455 = DIRECTION('',(-0.,1.));
#4456 = ( GEOMETRIC_REPRESENTATION_CONTEXT(2) 
PARAMETRIC_REPRESENTATION_CONTEXT() REPRESENTATION_CONTEXT('2D SPACE',''
  ) );
#4457 = ORIENTED_EDGE('',*,*,#4384,.T.);
#4458 = ORIENTED_EDGE('',*,*,#1997,.F.);
#4459 = ORIENTED_EDGE('',*,*,#4460,.T.);
#4460 = EDGE_CURVE('',#1998,#4461,#4463,.T.);
#4461 = VERTEX_POINT('',#4462);
#4462 = CARTESIAN_POINT('',(-10.41506350946,-11.20929214352,0.5));
#4463 = SURFACE_CURVE('',#4464,(#4469,#4476),.PCURVE_S1.);
#4464 = CIRCLE('',#4465,1.);
#4465 = AXIS2_PLACEMENT_3D('',#4466,#4467,#4468);
#4466 = CARTESIAN_POINT('',(-9.549038105677,-10.70929214352,0.5));
#4467 = DIRECTION('',(-0.5,0.866025403784,0.));
#4468 = DIRECTION('',(-0.866025403784,-0.5,0.));
#4469 = PCURVE('',#2017,#4470);
#4470 = DEFINITIONAL_REPRESENTATION('',(#4471),#4475);
#4471 = LINE('',#4472,#4473);
#4472 = CARTESIAN_POINT('',(-6.28318530718,6.));
#4473 = VECTOR('',#4474,1.);
#4474 = DIRECTION('',(1.,-0.));
#4475 = ( GEOMETRIC_REPRESENTATION_CONTEXT(2) 
PARAMETRIC_REPRESENTATION_CONTEXT() REPRESENTATION_CONTEXT('2D SPACE',''
  ) );
#4476 = PCURVE('',#2157,#4477);
#4477 = DEFINITIONAL_REPRESENTATION('',(#4478),#4482);
#4478 = LINE('',#4479,#4480);
#4479 = CARTESIAN_POINT('',(1.570796326795,-6.28318530718));
#4480 = VECTOR('',#4481,1.);
#4481 = DIRECTION('',(0.,1.));
#4482 = ( GEOMETRIC_REPRESENTATION_CONTEXT(2) 
PARAMETRIC_REPRESENTATION_CONTEXT() REPRESENTATION_CONTEXT('2D SPACE',''
  ) );
#4483 = ORIENTED_EDGE('',*,*,#4484,.F.);
#4484 = EDGE_CURVE('',#4435,#4461,#4485,.T.);
#4485 = SURFACE_CURVE('',#4486,(#4490,#4497),.PCURVE_S1.);
#4486 = LINE('',#4487,#4488);
#4487 = CARTESIAN_POINT('',(-7.415063509461,-16.40544456622,0.5));
#4488 = VECTOR('',#4489,1.);
#4489 = DIRECTION('',(-0.5,0.866025403784,0.));
#4490 = PCURVE('',#2017,#4491);
#4491 = DEFINITIONAL_REPRESENTATION('',(#4492),#4496);
#4492 = LINE('',#4493,#4494);
#4493 = CARTESIAN_POINT('',(-0.,0.));
#4494 = VECTOR('',#4495,1.);
#4495 = DIRECTION('',(-0.,1.));
#4496 = ( GEOMETRIC_REPRESENTATION_CONTEXT(2) 
PARAMETRIC_REPRESENTATION_CONTEXT() REPRESENTATION_CONTEXT('2D SPACE',''
  ) );
#4497 = PCURVE('',#4498,#4503);
#4498 = PLANE('',#4499);
#4499 = AXIS2_PLACEMENT_3D('',#4500,#4501,#4502);
#4500 = CARTESIAN_POINT('',(-7.415063509461,-16.40544456622,-0.5));
#4501 = DIRECTION('',(-0.866025403784,-0.5,0.));
#4502 = DIRECTION('',(0.,0.,1.));
#4503 = DEFINITIONAL_REPRESENTATION('',(#4504),#4508);
#4504 = LINE('',#4505,#4506);
#4505 = CARTESIAN_POINT('',(1.,0.));
#4506 = VECTOR('',#4507,1.);
#4507 = DIRECTION('',(0.,1.));
#4508 = ( GEOMETRIC_REPRESENTATION_CONTEXT(2) 
PARAMETRIC_REPRESENTATION_CONTEXT() REPRESENTATION_CONTEXT('2D SPACE',''
  ) );
#4509 = ADVANCED_FACE('',(#4510),#2367,.T.);
#4510 = FACE_BOUND('',#4511,.T.);
#4511 = EDGE_LOOP('',(#4512,#4537,#4559,#4560,#4561));
#4512 = ORIENTED_EDGE('',*,*,#4513,.F.);
#4513 = EDGE_CURVE('',#4514,#4516,#4518,.T.);
#4514 = VERTEX_POINT('',#4515);
#4515 = CARTESIAN_POINT('',(-7.915063509461,-15.53941916244,3.5));
#4516 = VERTEX_POINT('',#4517);
#4517 = CARTESIAN_POINT('',(-10.41506350946,-11.20929214352,3.5));
#4518 = SURFACE_CURVE('',#4519,(#4523,#4530),.PCURVE_S1.);
#4519 = LINE('',#4520,#4521);
#4520 = CARTESIAN_POINT('',(-7.415063509461,-16.40544456622,3.5));
#4521 = VECTOR('',#4522,1.);
#4522 = DIRECTION('',(-0.5,0.866025403784,0.));
#4523 = PCURVE('',#2367,#4524);
#4524 = DEFINITIONAL_REPRESENTATION('',(#4525),#4529);
#4525 = LINE('',#4526,#4527);
#4526 = CARTESIAN_POINT('',(0.,0.));
#4527 = VECTOR('',#4528,1.);
#4528 = DIRECTION('',(0.,1.));
#4529 = ( GEOMETRIC_REPRESENTATION_CONTEXT(2) 
PARAMETRIC_REPRESENTATION_CONTEXT() REPRESENTATION_CONTEXT('2D SPACE',''
  ) );
#4530 = PCURVE('',#4498,#4531);
#4531 = DEFINITIONAL_REPRESENTATION('',(#4532),#4536);
#4532 = LINE('',#4533,#4534);
#4533 = CARTESIAN_POINT('',(4.,0.));
#4534 = VECTOR('',#4535,1.);
#4535 = DIRECTION('',(0.,1.));
#4536 = ( GEOMETRIC_REPRESENTATION_CONTEXT(2) 
PARAMETRIC_REPRESENTATION_CONTEXT() REPRESENTATION_CONTEXT('2D SPACE',''
  ) );
#4537 = ORIENTED_EDGE('',*,*,#4538,.T.);
#4538 = EDGE_CURVE('',#4514,#4307,#4539,.T.);
#4539 = SURFACE_CURVE('',#4540,(#4545,#4552),.PCURVE_S1.);
#4540 = CIRCLE('',#4541,1.);
#4541 = AXIS2_PLACEMENT_3D('',#4542,#4543,#4544);
#4542 = CARTESIAN_POINT('',(-7.049038105677,-15.03941916244,3.5));
#4543 = DIRECTION('',(-0.5,0.866025403784,6.123233995737E-17));
#4544 = DIRECTION('',(3.061616997868E-17,-5.302876193625E-17,1.));
#4545 = PCURVE('',#2367,#4546);
#4546 = DEFINITIONAL_REPRESENTATION('',(#4547),#4551);
#4547 = LINE('',#4548,#4549);
#4548 = CARTESIAN_POINT('',(-4.712388980385,1.));
#4549 = VECTOR('',#4550,1.);
#4550 = DIRECTION('',(1.,0.));
#4551 = ( GEOMETRIC_REPRESENTATION_CONTEXT(2) 
PARAMETRIC_REPRESENTATION_CONTEXT() REPRESENTATION_CONTEXT('2D SPACE',''
  ) );
#4552 = PCURVE('',#4346,#4553);
#4553 = DEFINITIONAL_REPRESENTATION('',(#4554),#4558);
#4554 = LINE('',#4555,#4556);
#4555 = CARTESIAN_POINT('',(-1.570796326795,-6.28318530718));
#4556 = VECTOR('',#4557,1.);
#4557 = DIRECTION('',(-0.,1.));
#4558 = ( GEOMETRIC_REPRESENTATION_CONTEXT(2) 
PARAMETRIC_REPRESENTATION_CONTEXT() REPRESENTATION_CONTEXT('2D SPACE',''
  ) );
#4559 = ORIENTED_EDGE('',*,*,#4410,.T.);
#4560 = ORIENTED_EDGE('',*,*,#2347,.F.);
#4561 = ORIENTED_EDGE('',*,*,#4562,.F.);
#4562 = EDGE_CURVE('',#4516,#2251,#4563,.T.);
#4563 = SURFACE_CURVE('',#4564,(#4569,#4576),.PCURVE_S1.);
#4564 = CIRCLE('',#4565,1.);
#4565 = AXIS2_PLACEMENT_3D('',#4566,#4567,#4568);
#4566 = CARTESIAN_POINT('',(-9.549038105677,-10.70929214352,3.5));
#4567 = DIRECTION('',(-0.5,0.866025403784,-6.123233995737E-17));
#4568 = DIRECTION('',(-3.061616997868E-17,5.302876193625E-17,1.));
#4569 = PCURVE('',#2367,#4570);
#4570 = DEFINITIONAL_REPRESENTATION('',(#4571),#4575);
#4571 = LINE('',#4572,#4573);
#4572 = CARTESIAN_POINT('',(-4.712388980385,6.));
#4573 = VECTOR('',#4574,1.);
#4574 = DIRECTION('',(1.,0.));
#4575 = ( GEOMETRIC_REPRESENTATION_CONTEXT(2) 
PARAMETRIC_REPRESENTATION_CONTEXT() REPRESENTATION_CONTEXT('2D SPACE',''
  ) );
#4576 = PCURVE('',#2312,#4577);
#4577 = DEFINITIONAL_REPRESENTATION('',(#4578),#4582);
#4578 = LINE('',#4579,#4580);
#4579 = CARTESIAN_POINT('',(1.570796326795,-6.28318530718));
#4580 = VECTOR('',#4581,1.);
#4581 = DIRECTION('',(0.,1.));
#4582 = ( GEOMETRIC_REPRESENTATION_CONTEXT(2) 
PARAMETRIC_REPRESENTATION_CONTEXT() REPRESENTATION_CONTEXT('2D SPACE',''
  ) );
#4583 = ADVANCED_FACE('',(#4584),#2157,.T.);
#4584 = FACE_BOUND('',#4585,.T.);
#4585 = EDGE_LOOP('',(#4586,#4587,#4588));
#4586 = ORIENTED_EDGE('',*,*,#2031,.T.);
#4587 = ORIENTED_EDGE('',*,*,#4460,.T.);
#4588 = ORIENTED_EDGE('',*,*,#4589,.F.);
#4589 = EDGE_CURVE('',#2032,#4461,#4590,.T.);
#4590 = SURFACE_CURVE('',#4591,(#4596,#4603),.PCURVE_S1.);
#4591 = CIRCLE('',#4592,1.);
#4592 = AXIS2_PLACEMENT_3D('',#4593,#4594,#4595);
#4593 = CARTESIAN_POINT('',(-9.549038105677,-10.70929214352,0.5));
#4594 = DIRECTION('',(0.,0.,1.));
#4595 = DIRECTION('',(-0.5,0.866025403784,0.));
#4596 = PCURVE('',#2157,#4597);
#4597 = DEFINITIONAL_REPRESENTATION('',(#4598),#4602);
#4598 = LINE('',#4599,#4600);
#4599 = CARTESIAN_POINT('',(0.,0.));
#4600 = VECTOR('',#4601,1.);
#4601 = DIRECTION('',(1.,0.));
#4602 = ( GEOMETRIC_REPRESENTATION_CONTEXT(2) 
PARAMETRIC_REPRESENTATION_CONTEXT() REPRESENTATION_CONTEXT('2D SPACE',''
  ) );
#4603 = PCURVE('',#2239,#4604);
#4604 = DEFINITIONAL_REPRESENTATION('',(#4605),#4609);
#4605 = LINE('',#4606,#4607);
#4606 = CARTESIAN_POINT('',(0.,1.));
#4607 = VECTOR('',#4608,1.);
#4608 = DIRECTION('',(1.,0.));
#4609 = ( GEOMETRIC_REPRESENTATION_CONTEXT(2) 
PARAMETRIC_REPRESENTATION_CONTEXT() REPRESENTATION_CONTEXT('2D SPACE',''
  ) );
#4610 = ADVANCED_FACE('',(#4611),#2312,.T.);
#4611 = FACE_BOUND('',#4612,.T.);
#4612 = EDGE_LOOP('',(#4613,#4635,#4636));
#4613 = ORIENTED_EDGE('',*,*,#4614,.F.);
#4614 = EDGE_CURVE('',#4516,#2225,#4615,.T.);
#4615 = SURFACE_CURVE('',#4616,(#4621,#4628),.PCURVE_S1.);
#4616 = CIRCLE('',#4617,1.);
#4617 = AXIS2_PLACEMENT_3D('',#4618,#4619,#4620);
#4618 = CARTESIAN_POINT('',(-9.549038105677,-10.70929214352,3.5));
#4619 = DIRECTION('',(-1.110223024625E-16,1.922962686384E-16,-1.));
#4620 = DIRECTION('',(-0.5,0.866025403784,2.22044604925E-16));
#4621 = PCURVE('',#2312,#4622);
#4622 = DEFINITIONAL_REPRESENTATION('',(#4623),#4627);
#4623 = LINE('',#4624,#4625);
#4624 = CARTESIAN_POINT('',(0.,-6.28318530718));
#4625 = VECTOR('',#4626,1.);
#4626 = DIRECTION('',(0.,1.));
#4627 = ( GEOMETRIC_REPRESENTATION_CONTEXT(2) 
PARAMETRIC_REPRESENTATION_CONTEXT() REPRESENTATION_CONTEXT('2D SPACE',''
  ) );
#4628 = PCURVE('',#2239,#4629);
#4629 = DEFINITIONAL_REPRESENTATION('',(#4630),#4634);
#4630 = LINE('',#4631,#4632);
#4631 = CARTESIAN_POINT('',(6.28318530718,4.));
#4632 = VECTOR('',#4633,1.);
#4633 = DIRECTION('',(-1.,-0.));
#4634 = ( GEOMETRIC_REPRESENTATION_CONTEXT(2) 
PARAMETRIC_REPRESENTATION_CONTEXT() REPRESENTATION_CONTEXT('2D SPACE',''
  ) );
#4635 = ORIENTED_EDGE('',*,*,#4562,.T.);
#4636 = ORIENTED_EDGE('',*,*,#2250,.T.);
#4637 = ADVANCED_FACE('',(#4638),#2239,.T.);
#4638 = FACE_BOUND('',#4639,.T.);
#4639 = EDGE_LOOP('',(#4640,#4641,#4642,#4663));
#4640 = ORIENTED_EDGE('',*,*,#2224,.F.);
#4641 = ORIENTED_EDGE('',*,*,#4589,.T.);
#4642 = ORIENTED_EDGE('',*,*,#4643,.T.);
#4643 = EDGE_CURVE('',#4461,#4516,#4644,.T.);
#4644 = SURFACE_CURVE('',#4645,(#4649,#4656),.PCURVE_S1.);
#4645 = LINE('',#4646,#4647);
#4646 = CARTESIAN_POINT('',(-10.41506350946,-11.20929214352,-0.5));
#4647 = VECTOR('',#4648,1.);
#4648 = DIRECTION('',(0.,0.,1.));
#4649 = PCURVE('',#2239,#4650);
#4650 = DEFINITIONAL_REPRESENTATION('',(#4651),#4655);
#4651 = LINE('',#4652,#4653);
#4652 = CARTESIAN_POINT('',(1.570796326795,0.));
#4653 = VECTOR('',#4654,1.);
#4654 = DIRECTION('',(0.,1.));
#4655 = ( GEOMETRIC_REPRESENTATION_CONTEXT(2) 
PARAMETRIC_REPRESENTATION_CONTEXT() REPRESENTATION_CONTEXT('2D SPACE',''
  ) );
#4656 = PCURVE('',#4498,#4657);
#4657 = DEFINITIONAL_REPRESENTATION('',(#4658),#4662);
#4658 = LINE('',#4659,#4660);
#4659 = CARTESIAN_POINT('',(0.,6.));
#4660 = VECTOR('',#4661,1.);
#4661 = DIRECTION('',(1.,0.));
#4662 = ( GEOMETRIC_REPRESENTATION_CONTEXT(2) 
PARAMETRIC_REPRESENTATION_CONTEXT() REPRESENTATION_CONTEXT('2D SPACE',''
  ) );
#4663 = ORIENTED_EDGE('',*,*,#4614,.T.);
#4664 = ADVANCED_FACE('',(#4665),#2642,.T.);
#4665 = FACE_BOUND('',#4666,.F.);
#4666 = EDGE_LOOP('',(#4667,#4697,#4719,#4720));
#4667 = ORIENTED_EDGE('',*,*,#4668,.F.);
#4668 = EDGE_CURVE('',#4669,#4671,#4673,.T.);
#4669 = VERTEX_POINT('',#4670);
#4670 = CARTESIAN_POINT('',(17.5,-1.5,0.5));
#4671 = VERTEX_POINT('',#4672);
#4672 = CARTESIAN_POINT('',(17.5,-1.5,3.5));
#4673 = SURFACE_CURVE('',#4674,(#4678,#4685),.PCURVE_S1.);
#4674 = LINE('',#4675,#4676);
#4675 = CARTESIAN_POINT('',(17.5,-1.5,-0.5));
#4676 = VECTOR('',#4677,1.);
#4677 = DIRECTION('',(0.,0.,1.));
#4678 = PCURVE('',#2642,#4679);
#4679 = DEFINITIONAL_REPRESENTATION('',(#4680),#4684);
#4680 = LINE('',#4681,#4682);
#4681 = CARTESIAN_POINT('',(-0.,0.));
#4682 = VECTOR('',#4683,1.);
#4683 = DIRECTION('',(-0.,1.));
#4684 = ( GEOMETRIC_REPRESENTATION_CONTEXT(2) 
PARAMETRIC_REPRESENTATION_CONTEXT() REPRESENTATION_CONTEXT('2D SPACE',''
  ) );
#4685 = PCURVE('',#4686,#4691);
#4686 = PLANE('',#4687);
#4687 = AXIS2_PLACEMENT_3D('',#4688,#4689,#4690);
#4688 = CARTESIAN_POINT('',(17.5,-2.5,-0.5));
#4689 = DIRECTION('',(1.,0.,0.));
#4690 = DIRECTION('',(0.,0.,1.));
#4691 = DEFINITIONAL_REPRESENTATION('',(#4692),#4696);
#4692 = LINE('',#4693,#4694);
#4693 = CARTESIAN_POINT('',(0.,-1.));
#4694 = VECTOR('',#4695,1.);
#4695 = DIRECTION('',(1.,0.));
#4696 = ( GEOMETRIC_REPRESENTATION_CONTEXT(2) 
PARAMETRIC_REPRESENTATION_CONTEXT() REPRESENTATION_CONTEXT('2D SPACE',''
  ) );
#4697 = ORIENTED_EDGE('',*,*,#4698,.T.);
#4698 = EDGE_CURVE('',#4669,#2582,#4699,.T.);
#4699 = SURFACE_CURVE('',#4700,(#4705,#4712),.PCURVE_S1.);
#4700 = CIRCLE('',#4701,1.);
#4701 = AXIS2_PLACEMENT_3D('',#4702,#4703,#4704);
#4702 = CARTESIAN_POINT('',(16.5,-1.5,0.5));
#4703 = DIRECTION('',(0.,0.,-1.));
#4704 = DIRECTION('',(1.,0.,0.));
#4705 = PCURVE('',#2642,#4706);
#4706 = DEFINITIONAL_REPRESENTATION('',(#4707),#4711);
#4707 = LINE('',#4708,#4709);
#4708 = CARTESIAN_POINT('',(-0.,1.));
#4709 = VECTOR('',#4710,1.);
#4710 = DIRECTION('',(-1.,0.));
#4711 = ( GEOMETRIC_REPRESENTATION_CONTEXT(2) 
PARAMETRIC_REPRESENTATION_CONTEXT() REPRESENTATION_CONTEXT('2D SPACE',''
  ) );
#4712 = PCURVE('',#2696,#4713);
#4713 = DEFINITIONAL_REPRESENTATION('',(#4714),#4718);
#4714 = LINE('',#4715,#4716);
#4715 = CARTESIAN_POINT('',(-0.,0.));
#4716 = VECTOR('',#4717,1.);
#4717 = DIRECTION('',(-1.,0.));
#4718 = ( GEOMETRIC_REPRESENTATION_CONTEXT(2) 
PARAMETRIC_REPRESENTATION_CONTEXT() REPRESENTATION_CONTEXT('2D SPACE',''
  ) );
#4719 = ORIENTED_EDGE('',*,*,#2628,.T.);
#4720 = ORIENTED_EDGE('',*,*,#4721,.F.);
#4721 = EDGE_CURVE('',#4671,#2606,#4722,.T.);
#4722 = SURFACE_CURVE('',#4723,(#4728,#4735),.PCURVE_S1.);
#4723 = CIRCLE('',#4724,1.);
#4724 = AXIS2_PLACEMENT_3D('',#4725,#4726,#4727);
#4725 = CARTESIAN_POINT('',(16.5,-1.5,3.5));
#4726 = DIRECTION('',(0.,0.,-1.));
#4727 = DIRECTION('',(1.,0.,0.));
#4728 = PCURVE('',#2642,#4729);
#4729 = DEFINITIONAL_REPRESENTATION('',(#4730),#4734);
#4730 = LINE('',#4731,#4732);
#4731 = CARTESIAN_POINT('',(-0.,4.));
#4732 = VECTOR('',#4733,1.);
#4733 = DIRECTION('',(-1.,0.));
#4734 = ( GEOMETRIC_REPRESENTATION_CONTEXT(2) 
PARAMETRIC_REPRESENTATION_CONTEXT() REPRESENTATION_CONTEXT('2D SPACE',''
  ) );
#4735 = PCURVE('',#3068,#4736);
#4736 = DEFINITIONAL_REPRESENTATION('',(#4737),#4741);
#4737 = LINE('',#4738,#4739);
#4738 = CARTESIAN_POINT('',(0.,0.));
#4739 = VECTOR('',#4740,1.);
#4740 = DIRECTION('',(1.,0.));
#4741 = ( GEOMETRIC_REPRESENTATION_CONTEXT(2) 
PARAMETRIC_REPRESENTATION_CONTEXT() REPRESENTATION_CONTEXT('2D SPACE',''
  ) );
#4742 = ADVANCED_FACE('',(#4743),#2696,.T.);
#4743 = FACE_BOUND('',#4744,.F.);
#4744 = EDGE_LOOP('',(#4745,#4767,#4768));
#4745 = ORIENTED_EDGE('',*,*,#4746,.F.);
#4746 = EDGE_CURVE('',#2659,#4669,#4747,.T.);
#4747 = SURFACE_CURVE('',#4748,(#4753,#4760),.PCURVE_S1.);
#4748 = CIRCLE('',#4749,1.);
#4749 = AXIS2_PLACEMENT_3D('',#4750,#4751,#4752);
#4750 = CARTESIAN_POINT('',(16.5,-1.5,0.5));
#4751 = DIRECTION('',(0.,-1.,0.));
#4752 = DIRECTION('',(1.,0.,0.));
#4753 = PCURVE('',#2696,#4754);
#4754 = DEFINITIONAL_REPRESENTATION('',(#4755),#4759);
#4755 = LINE('',#4756,#4757);
#4756 = CARTESIAN_POINT('',(-0.,-6.28318530718));
#4757 = VECTOR('',#4758,1.);
#4758 = DIRECTION('',(-0.,1.));
#4759 = ( GEOMETRIC_REPRESENTATION_CONTEXT(2) 
PARAMETRIC_REPRESENTATION_CONTEXT() REPRESENTATION_CONTEXT('2D SPACE',''
  ) );
#4760 = PCURVE('',#2730,#4761);
#4761 = DEFINITIONAL_REPRESENTATION('',(#4762),#4766);
#4762 = LINE('',#4763,#4764);
#4763 = CARTESIAN_POINT('',(6.28318530718,1.));
#4764 = VECTOR('',#4765,1.);
#4765 = DIRECTION('',(-1.,-0.));
#4766 = ( GEOMETRIC_REPRESENTATION_CONTEXT(2) 
PARAMETRIC_REPRESENTATION_CONTEXT() REPRESENTATION_CONTEXT('2D SPACE',''
  ) );
#4767 = ORIENTED_EDGE('',*,*,#2681,.T.);
#4768 = ORIENTED_EDGE('',*,*,#4698,.F.);
#4769 = ADVANCED_FACE('',(#4770),#2730,.T.);
#4770 = FACE_BOUND('',#4771,.T.);
#4771 = EDGE_LOOP('',(#4772,#4773,#4774,#4798));
#4772 = ORIENTED_EDGE('',*,*,#4746,.F.);
#4773 = ORIENTED_EDGE('',*,*,#2714,.T.);
#4774 = ORIENTED_EDGE('',*,*,#4775,.T.);
#4775 = EDGE_CURVE('',#2715,#4776,#4778,.T.);
#4776 = VERTEX_POINT('',#4777);
#4777 = CARTESIAN_POINT('',(17.5,1.5,0.5));
#4778 = SURFACE_CURVE('',#4779,(#4784,#4791),.PCURVE_S1.);
#4779 = CIRCLE('',#4780,1.);
#4780 = AXIS2_PLACEMENT_3D('',#4781,#4782,#4783);
#4781 = CARTESIAN_POINT('',(16.5,1.5,0.5));
#4782 = DIRECTION('',(2.22044604925E-16,-1.,0.));
#4783 = DIRECTION('',(1.,2.22044604925E-16,0.));
#4784 = PCURVE('',#2730,#4785);
#4785 = DEFINITIONAL_REPRESENTATION('',(#4786),#4790);
#4786 = LINE('',#4787,#4788);
#4787 = CARTESIAN_POINT('',(6.28318530718,4.));
#4788 = VECTOR('',#4789,1.);
#4789 = DIRECTION('',(-1.,-0.));
#4790 = ( GEOMETRIC_REPRESENTATION_CONTEXT(2) 
PARAMETRIC_REPRESENTATION_CONTEXT() REPRESENTATION_CONTEXT('2D SPACE',''
  ) );
#4791 = PCURVE('',#2821,#4792);
#4792 = DEFINITIONAL_REPRESENTATION('',(#4793),#4797);
#4793 = LINE('',#4794,#4795);
#4794 = CARTESIAN_POINT('',(0.,-6.28318530718));
#4795 = VECTOR('',#4796,1.);
#4796 = DIRECTION('',(0.,1.));
#4797 = ( GEOMETRIC_REPRESENTATION_CONTEXT(2) 
PARAMETRIC_REPRESENTATION_CONTEXT() REPRESENTATION_CONTEXT('2D SPACE',''
  ) );
#4798 = ORIENTED_EDGE('',*,*,#4799,.F.);
#4799 = EDGE_CURVE('',#4669,#4776,#4800,.T.);
#4800 = SURFACE_CURVE('',#4801,(#4805,#4812),.PCURVE_S1.);
#4801 = LINE('',#4802,#4803);
#4802 = CARTESIAN_POINT('',(17.5,-2.5,0.5));
#4803 = VECTOR('',#4804,1.);
#4804 = DIRECTION('',(0.,1.,0.));
#4805 = PCURVE('',#2730,#4806);
#4806 = DEFINITIONAL_REPRESENTATION('',(#4807),#4811);
#4807 = LINE('',#4808,#4809);
#4808 = CARTESIAN_POINT('',(0.,0.));
#4809 = VECTOR('',#4810,1.);
#4810 = DIRECTION('',(0.,1.));
#4811 = ( GEOMETRIC_REPRESENTATION_CONTEXT(2) 
PARAMETRIC_REPRESENTATION_CONTEXT() REPRESENTATION_CONTEXT('2D SPACE',''
  ) );
#4812 = PCURVE('',#4686,#4813);
#4813 = DEFINITIONAL_REPRESENTATION('',(#4814),#4818);
#4814 = LINE('',#4815,#4816);
#4815 = CARTESIAN_POINT('',(1.,0.));
#4816 = VECTOR('',#4817,1.);
#4817 = DIRECTION('',(0.,-1.));
#4818 = ( GEOMETRIC_REPRESENTATION_CONTEXT(2) 
PARAMETRIC_REPRESENTATION_CONTEXT() REPRESENTATION_CONTEXT('2D SPACE',''
  ) );
#4819 = ADVANCED_FACE('',(#4820),#2787,.F.);
#4820 = FACE_BOUND('',#4821,.F.);
#4821 = EDGE_LOOP('',(#4822,#4823,#4844,#4845));
#4822 = ORIENTED_EDGE('',*,*,#3024,.F.);
#4823 = ORIENTED_EDGE('',*,*,#4824,.F.);
#4824 = EDGE_CURVE('',#2771,#3025,#4825,.T.);
#4825 = SEAM_CURVE('',#4826,(#4830,#4837),.PCURVE_S1.);
#4826 = LINE('',#4827,#4828);
#4827 = CARTESIAN_POINT('',(9.,-2.204364238465E-15,-7.));
#4828 = VECTOR('',#4829,1.);
#4829 = DIRECTION('',(0.,0.,1.));
#4830 = PCURVE('',#2787,#4831);
#4831 = DEFINITIONAL_REPRESENTATION('',(#4832),#4836);
#4832 = LINE('',#4833,#4834);
#4833 = CARTESIAN_POINT('',(6.28318530718,-0.));
#4834 = VECTOR('',#4835,1.);
#4835 = DIRECTION('',(0.,1.));
#4836 = ( GEOMETRIC_REPRESENTATION_CONTEXT(2) 
PARAMETRIC_REPRESENTATION_CONTEXT() REPRESENTATION_CONTEXT('2D SPACE',''
  ) );
#4837 = PCURVE('',#2787,#4838);
#4838 = DEFINITIONAL_REPRESENTATION('',(#4839),#4843);
#4839 = LINE('',#4840,#4841);
#4840 = CARTESIAN_POINT('',(0.,-0.));
#4841 = VECTOR('',#4842,1.);
#4842 = DIRECTION('',(0.,1.));
#4843 = ( GEOMETRIC_REPRESENTATION_CONTEXT(2) 
PARAMETRIC_REPRESENTATION_CONTEXT() REPRESENTATION_CONTEXT('2D SPACE',''
  ) );
#4844 = ORIENTED_EDGE('',*,*,#2770,.T.);
#4845 = ORIENTED_EDGE('',*,*,#4824,.T.);
#4846 = ADVANCED_FACE('',(#4847),#2821,.T.);
#4847 = FACE_BOUND('',#4848,.T.);
#4848 = EDGE_LOOP('',(#4849,#4850,#4851));
#4849 = ORIENTED_EDGE('',*,*,#4775,.F.);
#4850 = ORIENTED_EDGE('',*,*,#2804,.T.);
#4851 = ORIENTED_EDGE('',*,*,#4852,.F.);
#4852 = EDGE_CURVE('',#4776,#2805,#4853,.T.);
#4853 = SURFACE_CURVE('',#4854,(#4859,#4866),.PCURVE_S1.);
#4854 = CIRCLE('',#4855,1.);
#4855 = AXIS2_PLACEMENT_3D('',#4856,#4857,#4858);
#4856 = CARTESIAN_POINT('',(16.5,1.5,0.5));
#4857 = DIRECTION('',(0.,-0.,1.));
#4858 = DIRECTION('',(1.,2.22044604925E-16,0.));
#4859 = PCURVE('',#2821,#4860);
#4860 = DEFINITIONAL_REPRESENTATION('',(#4861),#4865);
#4861 = LINE('',#4862,#4863);
#4862 = CARTESIAN_POINT('',(0.,0.));
#4863 = VECTOR('',#4864,1.);
#4864 = DIRECTION('',(1.,0.));
#4865 = ( GEOMETRIC_REPRESENTATION_CONTEXT(2) 
PARAMETRIC_REPRESENTATION_CONTEXT() REPRESENTATION_CONTEXT('2D SPACE',''
  ) );
#4866 = PCURVE('',#2896,#4867);
#4867 = DEFINITIONAL_REPRESENTATION('',(#4868),#4872);
#4868 = LINE('',#4869,#4870);
#4869 = CARTESIAN_POINT('',(0.,1.));
#4870 = VECTOR('',#4871,1.);
#4871 = DIRECTION('',(1.,0.));
#4872 = ( GEOMETRIC_REPRESENTATION_CONTEXT(2) 
PARAMETRIC_REPRESENTATION_CONTEXT() REPRESENTATION_CONTEXT('2D SPACE',''
  ) );
#4873 = ADVANCED_FACE('',(#4874),#2896,.T.);
#4874 = FACE_BOUND('',#4875,.T.);
#4875 = EDGE_LOOP('',(#4876,#4899,#4900,#4901));
#4876 = ORIENTED_EDGE('',*,*,#4877,.F.);
#4877 = EDGE_CURVE('',#4776,#4878,#4880,.T.);
#4878 = VERTEX_POINT('',#4879);
#4879 = CARTESIAN_POINT('',(17.5,1.5,3.5));
#4880 = SURFACE_CURVE('',#4881,(#4885,#4892),.PCURVE_S1.);
#4881 = LINE('',#4882,#4883);
#4882 = CARTESIAN_POINT('',(17.5,1.5,-0.5));
#4883 = VECTOR('',#4884,1.);
#4884 = DIRECTION('',(0.,0.,1.));
#4885 = PCURVE('',#2896,#4886);
#4886 = DEFINITIONAL_REPRESENTATION('',(#4887),#4891);
#4887 = LINE('',#4888,#4889);
#4888 = CARTESIAN_POINT('',(0.,0.));
#4889 = VECTOR('',#4890,1.);
#4890 = DIRECTION('',(0.,1.));
#4891 = ( GEOMETRIC_REPRESENTATION_CONTEXT(2) 
PARAMETRIC_REPRESENTATION_CONTEXT() REPRESENTATION_CONTEXT('2D SPACE',''
  ) );
#4892 = PCURVE('',#4686,#4893);
#4893 = DEFINITIONAL_REPRESENTATION('',(#4894),#4898);
#4894 = LINE('',#4895,#4896);
#4895 = CARTESIAN_POINT('',(0.,-4.));
#4896 = VECTOR('',#4897,1.);
#4897 = DIRECTION('',(1.,0.));
#4898 = ( GEOMETRIC_REPRESENTATION_CONTEXT(2) 
PARAMETRIC_REPRESENTATION_CONTEXT() REPRESENTATION_CONTEXT('2D SPACE',''
  ) );
#4899 = ORIENTED_EDGE('',*,*,#4852,.T.);
#4900 = ORIENTED_EDGE('',*,*,#2882,.T.);
#4901 = ORIENTED_EDGE('',*,*,#4902,.T.);
#4902 = EDGE_CURVE('',#2860,#4878,#4903,.T.);
#4903 = SURFACE_CURVE('',#4904,(#4909,#4916),.PCURVE_S1.);
#4904 = CIRCLE('',#4905,1.);
#4905 = AXIS2_PLACEMENT_3D('',#4906,#4907,#4908);
#4906 = CARTESIAN_POINT('',(16.5,1.5,3.5));
#4907 = DIRECTION('',(2.22044604925E-16,0.,-1.));
#4908 = DIRECTION('',(1.,0.,2.22044604925E-16));
#4909 = PCURVE('',#2896,#4910);
#4910 = DEFINITIONAL_REPRESENTATION('',(#4911),#4915);
#4911 = LINE('',#4912,#4913);
#4912 = CARTESIAN_POINT('',(6.28318530718,4.));
#4913 = VECTOR('',#4914,1.);
#4914 = DIRECTION('',(-1.,-0.));
#4915 = ( GEOMETRIC_REPRESENTATION_CONTEXT(2) 
PARAMETRIC_REPRESENTATION_CONTEXT() REPRESENTATION_CONTEXT('2D SPACE',''
  ) );
#4916 = PCURVE('',#2951,#4917);
#4917 = DEFINITIONAL_REPRESENTATION('',(#4918),#4922);
#4918 = LINE('',#4919,#4920);
#4919 = CARTESIAN_POINT('',(0.,-6.28318530718));
#4920 = VECTOR('',#4921,1.);
#4921 = DIRECTION('',(0.,1.));
#4922 = ( GEOMETRIC_REPRESENTATION_CONTEXT(2) 
PARAMETRIC_REPRESENTATION_CONTEXT() REPRESENTATION_CONTEXT('2D SPACE',''
  ) );
#4923 = ADVANCED_FACE('',(#4924),#2951,.T.);
#4924 = FACE_BOUND('',#4925,.T.);
#4925 = EDGE_LOOP('',(#4926,#4927,#4928));
#4926 = ORIENTED_EDGE('',*,*,#4902,.F.);
#4927 = ORIENTED_EDGE('',*,*,#2936,.T.);
#4928 = ORIENTED_EDGE('',*,*,#4929,.F.);
#4929 = EDGE_CURVE('',#4878,#2914,#4930,.T.);
#4930 = SURFACE_CURVE('',#4931,(#4936,#4943),.PCURVE_S1.);
#4931 = CIRCLE('',#4932,1.);
#4932 = AXIS2_PLACEMENT_3D('',#4933,#4934,#4935);
#4933 = CARTESIAN_POINT('',(16.5,1.5,3.5));
#4934 = DIRECTION('',(0.,-1.,0.));
#4935 = DIRECTION('',(1.,0.,2.22044604925E-16));
#4936 = PCURVE('',#2951,#4937);
#4937 = DEFINITIONAL_REPRESENTATION('',(#4938),#4942);
#4938 = LINE('',#4939,#4940);
#4939 = CARTESIAN_POINT('',(0.,0.));
#4940 = VECTOR('',#4941,1.);
#4941 = DIRECTION('',(1.,0.));
#4942 = ( GEOMETRIC_REPRESENTATION_CONTEXT(2) 
PARAMETRIC_REPRESENTATION_CONTEXT() REPRESENTATION_CONTEXT('2D SPACE',''
  ) );
#4943 = PCURVE('',#3004,#4944);
#4944 = DEFINITIONAL_REPRESENTATION('',(#4945),#4949);
#4945 = LINE('',#4946,#4947);
#4946 = CARTESIAN_POINT('',(-0.,4.));
#4947 = VECTOR('',#4948,1.);
#4948 = DIRECTION('',(-1.,0.));
#4949 = ( GEOMETRIC_REPRESENTATION_CONTEXT(2) 
PARAMETRIC_REPRESENTATION_CONTEXT() REPRESENTATION_CONTEXT('2D SPACE',''
  ) );
#4950 = ADVANCED_FACE('',(#4951),#3004,.T.);
#4951 = FACE_BOUND('',#4952,.F.);
#4952 = EDGE_LOOP('',(#4953,#4975,#4976,#4977));
#4953 = ORIENTED_EDGE('',*,*,#4954,.F.);
#4954 = EDGE_CURVE('',#2968,#4671,#4955,.T.);
#4955 = SURFACE_CURVE('',#4956,(#4961,#4968),.PCURVE_S1.);
#4956 = CIRCLE('',#4957,1.);
#4957 = AXIS2_PLACEMENT_3D('',#4958,#4959,#4960);
#4958 = CARTESIAN_POINT('',(16.5,-1.5,3.5));
#4959 = DIRECTION('',(-0.,1.,0.));
#4960 = DIRECTION('',(1.,0.,0.));
#4961 = PCURVE('',#3004,#4962);
#4962 = DEFINITIONAL_REPRESENTATION('',(#4963),#4967);
#4963 = LINE('',#4964,#4965);
#4964 = CARTESIAN_POINT('',(-6.28318530718,1.));
#4965 = VECTOR('',#4966,1.);
#4966 = DIRECTION('',(1.,-0.));
#4967 = ( GEOMETRIC_REPRESENTATION_CONTEXT(2) 
PARAMETRIC_REPRESENTATION_CONTEXT() REPRESENTATION_CONTEXT('2D SPACE',''
  ) );
#4968 = PCURVE('',#3068,#4969);
#4969 = DEFINITIONAL_REPRESENTATION('',(#4970),#4974);
#4970 = LINE('',#4971,#4972);
#4971 = CARTESIAN_POINT('',(0.,-6.28318530718));
#4972 = VECTOR('',#4973,1.);
#4973 = DIRECTION('',(0.,1.));
#4974 = ( GEOMETRIC_REPRESENTATION_CONTEXT(2) 
PARAMETRIC_REPRESENTATION_CONTEXT() REPRESENTATION_CONTEXT('2D SPACE',''
  ) );
#4975 = ORIENTED_EDGE('',*,*,#2990,.T.);
#4976 = ORIENTED_EDGE('',*,*,#4929,.F.);
#4977 = ORIENTED_EDGE('',*,*,#4978,.F.);
#4978 = EDGE_CURVE('',#4671,#4878,#4979,.T.);
#4979 = SURFACE_CURVE('',#4980,(#4984,#4991),.PCURVE_S1.);
#4980 = LINE('',#4981,#4982);
#4981 = CARTESIAN_POINT('',(17.5,-2.5,3.5));
#4982 = VECTOR('',#4983,1.);
#4983 = DIRECTION('',(0.,1.,0.));
#4984 = PCURVE('',#3004,#4985);
#4985 = DEFINITIONAL_REPRESENTATION('',(#4986),#4990);
#4986 = LINE('',#4987,#4988);
#4987 = CARTESIAN_POINT('',(-0.,0.));
#4988 = VECTOR('',#4989,1.);
#4989 = DIRECTION('',(-0.,1.));
#4990 = ( GEOMETRIC_REPRESENTATION_CONTEXT(2) 
PARAMETRIC_REPRESENTATION_CONTEXT() REPRESENTATION_CONTEXT('2D SPACE',''
  ) );
#4991 = PCURVE('',#4686,#4992);
#4992 = DEFINITIONAL_REPRESENTATION('',(#4993),#4997);
#4993 = LINE('',#4994,#4995);
#4994 = CARTESIAN_POINT('',(4.,0.));
#4995 = VECTOR('',#4996,1.);
#4996 = DIRECTION('',(0.,-1.));
#4997 = ( GEOMETRIC_REPRESENTATION_CONTEXT(2) 
PARAMETRIC_REPRESENTATION_CONTEXT() REPRESENTATION_CONTEXT('2D SPACE',''
  ) );
#4998 = ADVANCED_FACE('',(#4999),#3068,.T.);
#4999 = FACE_BOUND('',#5000,.T.);
#5000 = EDGE_LOOP('',(#5001,#5002,#5003));
#5001 = ORIENTED_EDGE('',*,*,#4954,.F.);
#5002 = ORIENTED_EDGE('',*,*,#3053,.T.);
#5003 = ORIENTED_EDGE('',*,*,#4721,.F.);
#5004 = ADVANCED_FACE('',(#5005),#3103,.T.);
#5005 = FACE_BOUND('',#5006,.T.);
#5006 = EDGE_LOOP('',(#5007,#5008,#5032));
#5007 = ORIENTED_EDGE('',*,*,#3084,.F.);
#5008 = ORIENTED_EDGE('',*,*,#5009,.T.);
#5009 = EDGE_CURVE('',#3085,#5010,#5012,.T.);
#5010 = VERTEX_POINT('',#5011);
#5011 = CARTESIAN_POINT('',(-1.25,-16.5,-2.75));
#5012 = SURFACE_CURVE('',#5013,(#5018,#5025),.PCURVE_S1.);
#5013 = CIRCLE('',#5014,0.75);
#5014 = AXIS2_PLACEMENT_3D('',#5015,#5016,#5017);
#5015 = CARTESIAN_POINT('',(-1.25,-15.75,-2.75));
#5016 = DIRECTION('',(-1.,6.123233995737E-17,0.));
#5017 = DIRECTION('',(-6.123233995737E-17,-1.,0.));
#5018 = PCURVE('',#3103,#5019);
#5019 = DEFINITIONAL_REPRESENTATION('',(#5020),#5024);
#5020 = LINE('',#5021,#5022);
#5021 = CARTESIAN_POINT('',(1.570796326795,-6.28318530718));
#5022 = VECTOR('',#5023,1.);
#5023 = DIRECTION('',(0.,1.));
#5024 = ( GEOMETRIC_REPRESENTATION_CONTEXT(2) 
PARAMETRIC_REPRESENTATION_CONTEXT() REPRESENTATION_CONTEXT('2D SPACE',''
  ) );
#5025 = PCURVE('',#3178,#5026);
#5026 = DEFINITIONAL_REPRESENTATION('',(#5027),#5031);
#5027 = LINE('',#5028,#5029);
#5028 = CARTESIAN_POINT('',(6.28318530718,0.75));
#5029 = VECTOR('',#5030,1.);
#5030 = DIRECTION('',(-1.,-0.));
#5031 = ( GEOMETRIC_REPRESENTATION_CONTEXT(2) 
PARAMETRIC_REPRESENTATION_CONTEXT() REPRESENTATION_CONTEXT('2D SPACE',''
  ) );
#5032 = ORIENTED_EDGE('',*,*,#5033,.F.);
#5033 = EDGE_CURVE('',#3087,#5010,#5034,.T.);
#5034 = SURFACE_CURVE('',#5035,(#5040,#5047),.PCURVE_S1.);
#5035 = CIRCLE('',#5036,0.75);
#5036 = AXIS2_PLACEMENT_3D('',#5037,#5038,#5039);
#5037 = CARTESIAN_POINT('',(-1.25,-15.75,-2.75));
#5038 = DIRECTION('',(0.,0.,1.));
#5039 = DIRECTION('',(-1.,0.,0.));
#5040 = PCURVE('',#3103,#5041);
#5041 = DEFINITIONAL_REPRESENTATION('',(#5042),#5046);
#5042 = LINE('',#5043,#5044);
#5043 = CARTESIAN_POINT('',(0.,0.));
#5044 = VECTOR('',#5045,1.);
#5045 = DIRECTION('',(1.,0.));
#5046 = ( GEOMETRIC_REPRESENTATION_CONTEXT(2) 
PARAMETRIC_REPRESENTATION_CONTEXT() REPRESENTATION_CONTEXT('2D SPACE',''
  ) );
#5047 = PCURVE('',#3502,#5048);
#5048 = DEFINITIONAL_REPRESENTATION('',(#5049),#5053);
#5049 = LINE('',#5050,#5051);
#5050 = CARTESIAN_POINT('',(0.,0.75));
#5051 = VECTOR('',#5052,1.);
#5052 = DIRECTION('',(1.,0.));
#5053 = ( GEOMETRIC_REPRESENTATION_CONTEXT(2) 
PARAMETRIC_REPRESENTATION_CONTEXT() REPRESENTATION_CONTEXT('2D SPACE',''
  ) );
#5054 = ADVANCED_FACE('',(#5055),#3178,.T.);
#5055 = FACE_BOUND('',#5056,.T.);
#5056 = EDGE_LOOP('',(#5057,#5058,#5059,#5083));
#5057 = ORIENTED_EDGE('',*,*,#5009,.F.);
#5058 = ORIENTED_EDGE('',*,*,#3162,.T.);
#5059 = ORIENTED_EDGE('',*,*,#5060,.T.);
#5060 = EDGE_CURVE('',#3163,#5061,#5063,.T.);
#5061 = VERTEX_POINT('',#5062);
#5062 = CARTESIAN_POINT('',(1.25,-16.5,-2.75));
#5063 = SURFACE_CURVE('',#5064,(#5069,#5076),.PCURVE_S1.);
#5064 = CIRCLE('',#5065,0.75);
#5065 = AXIS2_PLACEMENT_3D('',#5066,#5067,#5068);
#5066 = CARTESIAN_POINT('',(1.25,-15.75,-2.75));
#5067 = DIRECTION('',(-1.,-6.123233995737E-17,0.));
#5068 = DIRECTION('',(6.123233995737E-17,-1.,-0.));
#5069 = PCURVE('',#3178,#5070);
#5070 = DEFINITIONAL_REPRESENTATION('',(#5071),#5075);
#5071 = LINE('',#5072,#5073);
#5072 = CARTESIAN_POINT('',(6.28318530718,3.25));
#5073 = VECTOR('',#5074,1.);
#5074 = DIRECTION('',(-1.,-0.));
#5075 = ( GEOMETRIC_REPRESENTATION_CONTEXT(2) 
PARAMETRIC_REPRESENTATION_CONTEXT() REPRESENTATION_CONTEXT('2D SPACE',''
  ) );
#5076 = PCURVE('',#3232,#5077);
#5077 = DEFINITIONAL_REPRESENTATION('',(#5078),#5082);
#5078 = LINE('',#5079,#5080);
#5079 = CARTESIAN_POINT('',(-1.570796326795,-6.28318530718));
#5080 = VECTOR('',#5081,1.);
#5081 = DIRECTION('',(-0.,1.));
#5082 = ( GEOMETRIC_REPRESENTATION_CONTEXT(2) 
PARAMETRIC_REPRESENTATION_CONTEXT() REPRESENTATION_CONTEXT('2D SPACE',''
  ) );
#5083 = ORIENTED_EDGE('',*,*,#5084,.F.);
#5084 = EDGE_CURVE('',#5010,#5061,#5085,.T.);
#5085 = SURFACE_CURVE('',#5086,(#5090,#5097),.PCURVE_S1.);
#5086 = LINE('',#5087,#5088);
#5087 = CARTESIAN_POINT('',(-2.,-16.5,-2.75));
#5088 = VECTOR('',#5089,1.);
#5089 = DIRECTION('',(1.,0.,0.));
#5090 = PCURVE('',#3178,#5091);
#5091 = DEFINITIONAL_REPRESENTATION('',(#5092),#5096);
#5092 = LINE('',#5093,#5094);
#5093 = CARTESIAN_POINT('',(0.,0.));
#5094 = VECTOR('',#5095,1.);
#5095 = DIRECTION('',(0.,1.));
#5096 = ( GEOMETRIC_REPRESENTATION_CONTEXT(2) 
PARAMETRIC_REPRESENTATION_CONTEXT() REPRESENTATION_CONTEXT('2D SPACE',''
  ) );
#5097 = PCURVE('',#5098,#5103);
#5098 = PLANE('',#5099);
#5099 = AXIS2_PLACEMENT_3D('',#5100,#5101,#5102);
#5100 = CARTESIAN_POINT('',(-2.,-16.5,-3.5));
#5101 = DIRECTION('',(0.,1.,0.));
#5102 = DIRECTION('',(0.,0.,1.));
#5103 = DEFINITIONAL_REPRESENTATION('',(#5104),#5108);
#5104 = LINE('',#5105,#5106);
#5105 = CARTESIAN_POINT('',(0.75,0.));
#5106 = VECTOR('',#5107,1.);
#5107 = DIRECTION('',(0.,1.));
#5108 = ( GEOMETRIC_REPRESENTATION_CONTEXT(2) 
PARAMETRIC_REPRESENTATION_CONTEXT() REPRESENTATION_CONTEXT('2D SPACE',''
  ) );
#5109 = ADVANCED_FACE('',(#5110),#3232,.T.);
#5110 = FACE_BOUND('',#5111,.F.);
#5111 = EDGE_LOOP('',(#5112,#5113,#5114));
#5112 = ORIENTED_EDGE('',*,*,#3215,.F.);
#5113 = ORIENTED_EDGE('',*,*,#5060,.T.);
#5114 = ORIENTED_EDGE('',*,*,#5115,.F.);
#5115 = EDGE_CURVE('',#3216,#5061,#5116,.T.);
#5116 = SURFACE_CURVE('',#5117,(#5122,#5129),.PCURVE_S1.);
#5117 = CIRCLE('',#5118,0.75);
#5118 = AXIS2_PLACEMENT_3D('',#5119,#5120,#5121);
#5119 = CARTESIAN_POINT('',(1.25,-15.75,-2.75));
#5120 = DIRECTION('',(0.,-0.,-1.));
#5121 = DIRECTION('',(1.,0.,-0.));
#5122 = PCURVE('',#3232,#5123);
#5123 = DEFINITIONAL_REPRESENTATION('',(#5124),#5128);
#5124 = LINE('',#5125,#5126);
#5125 = CARTESIAN_POINT('',(-0.,0.));
#5126 = VECTOR('',#5127,1.);
#5127 = DIRECTION('',(-1.,0.));
#5128 = ( GEOMETRIC_REPRESENTATION_CONTEXT(2) 
PARAMETRIC_REPRESENTATION_CONTEXT() REPRESENTATION_CONTEXT('2D SPACE',''
  ) );
#5129 = PCURVE('',#3286,#5130);
#5130 = DEFINITIONAL_REPRESENTATION('',(#5131),#5135);
#5131 = LINE('',#5132,#5133);
#5132 = CARTESIAN_POINT('',(-0.,0.75));
#5133 = VECTOR('',#5134,1.);
#5134 = DIRECTION('',(-1.,0.));
#5135 = ( GEOMETRIC_REPRESENTATION_CONTEXT(2) 
PARAMETRIC_REPRESENTATION_CONTEXT() REPRESENTATION_CONTEXT('2D SPACE',''
  ) );
#5136 = ADVANCED_FACE('',(#5137),#3286,.T.);
#5137 = FACE_BOUND('',#5138,.F.);
#5138 = EDGE_LOOP('',(#5139,#5140,#5141,#5164));
#5139 = ORIENTED_EDGE('',*,*,#3270,.F.);
#5140 = ORIENTED_EDGE('',*,*,#5115,.T.);
#5141 = ORIENTED_EDGE('',*,*,#5142,.T.);
#5142 = EDGE_CURVE('',#5061,#5143,#5145,.T.);
#5143 = VERTEX_POINT('',#5144);
#5144 = CARTESIAN_POINT('',(1.25,-16.5,2.75));
#5145 = SURFACE_CURVE('',#5146,(#5150,#5157),.PCURVE_S1.);
#5146 = LINE('',#5147,#5148);
#5147 = CARTESIAN_POINT('',(1.25,-16.5,-3.5));
#5148 = VECTOR('',#5149,1.);
#5149 = DIRECTION('',(0.,0.,1.));
#5150 = PCURVE('',#3286,#5151);
#5151 = DEFINITIONAL_REPRESENTATION('',(#5152),#5156);
#5152 = LINE('',#5153,#5154);
#5153 = CARTESIAN_POINT('',(-1.570796326795,0.));
#5154 = VECTOR('',#5155,1.);
#5155 = DIRECTION('',(-0.,1.));
#5156 = ( GEOMETRIC_REPRESENTATION_CONTEXT(2) 
PARAMETRIC_REPRESENTATION_CONTEXT() REPRESENTATION_CONTEXT('2D SPACE',''
  ) );
#5157 = PCURVE('',#5098,#5158);
#5158 = DEFINITIONAL_REPRESENTATION('',(#5159),#5163);
#5159 = LINE('',#5160,#5161);
#5160 = CARTESIAN_POINT('',(0.,3.25));
#5161 = VECTOR('',#5162,1.);
#5162 = DIRECTION('',(1.,0.));
#5163 = ( GEOMETRIC_REPRESENTATION_CONTEXT(2) 
PARAMETRIC_REPRESENTATION_CONTEXT() REPRESENTATION_CONTEXT('2D SPACE',''
  ) );
#5164 = ORIENTED_EDGE('',*,*,#5165,.F.);
#5165 = EDGE_CURVE('',#3271,#5143,#5166,.T.);
#5166 = SURFACE_CURVE('',#5167,(#5172,#5179),.PCURVE_S1.);
#5167 = CIRCLE('',#5168,0.75);
#5168 = AXIS2_PLACEMENT_3D('',#5169,#5170,#5171);
#5169 = CARTESIAN_POINT('',(1.25,-15.75,2.75));
#5170 = DIRECTION('',(0.,0.,-1.));
#5171 = DIRECTION('',(1.,0.,0.));
#5172 = PCURVE('',#3286,#5173);
#5173 = DEFINITIONAL_REPRESENTATION('',(#5174),#5178);
#5174 = LINE('',#5175,#5176);
#5175 = CARTESIAN_POINT('',(-0.,6.25));
#5176 = VECTOR('',#5177,1.);
#5177 = DIRECTION('',(-1.,0.));
#5178 = ( GEOMETRIC_REPRESENTATION_CONTEXT(2) 
PARAMETRIC_REPRESENTATION_CONTEXT() REPRESENTATION_CONTEXT('2D SPACE',''
  ) );
#5179 = PCURVE('',#3341,#5180);
#5180 = DEFINITIONAL_REPRESENTATION('',(#5181),#5185);
#5181 = LINE('',#5182,#5183);
#5182 = CARTESIAN_POINT('',(0.,0.));
#5183 = VECTOR('',#5184,1.);
#5184 = DIRECTION('',(1.,0.));
#5185 = ( GEOMETRIC_REPRESENTATION_CONTEXT(2) 
PARAMETRIC_REPRESENTATION_CONTEXT() REPRESENTATION_CONTEXT('2D SPACE',''
  ) );
#5186 = ADVANCED_FACE('',(#5187),#3341,.T.);
#5187 = FACE_BOUND('',#5188,.T.);
#5188 = EDGE_LOOP('',(#5189,#5190,#5212));
#5189 = ORIENTED_EDGE('',*,*,#3324,.F.);
#5190 = ORIENTED_EDGE('',*,*,#5191,.T.);
#5191 = EDGE_CURVE('',#3325,#5143,#5192,.T.);
#5192 = SURFACE_CURVE('',#5193,(#5198,#5205),.PCURVE_S1.);
#5193 = CIRCLE('',#5194,0.75);
#5194 = AXIS2_PLACEMENT_3D('',#5195,#5196,#5197);
#5195 = CARTESIAN_POINT('',(1.25,-15.75,2.75));
#5196 = DIRECTION('',(1.,6.123233995737E-17,0.));
#5197 = DIRECTION('',(6.123233995737E-17,-1.,0.));
#5198 = PCURVE('',#3341,#5199);
#5199 = DEFINITIONAL_REPRESENTATION('',(#5200),#5204);
#5200 = LINE('',#5201,#5202);
#5201 = CARTESIAN_POINT('',(1.570796326795,-6.28318530718));
#5202 = VECTOR('',#5203,1.);
#5203 = DIRECTION('',(0.,1.));
#5204 = ( GEOMETRIC_REPRESENTATION_CONTEXT(2) 
PARAMETRIC_REPRESENTATION_CONTEXT() REPRESENTATION_CONTEXT('2D SPACE',''
  ) );
#5205 = PCURVE('',#3416,#5206);
#5206 = DEFINITIONAL_REPRESENTATION('',(#5207),#5211);
#5207 = LINE('',#5208,#5209);
#5208 = CARTESIAN_POINT('',(-6.28318530718,3.25));
#5209 = VECTOR('',#5210,1.);
#5210 = DIRECTION('',(1.,-0.));
#5211 = ( GEOMETRIC_REPRESENTATION_CONTEXT(2) 
PARAMETRIC_REPRESENTATION_CONTEXT() REPRESENTATION_CONTEXT('2D SPACE',''
  ) );
#5212 = ORIENTED_EDGE('',*,*,#5165,.F.);
#5213 = ADVANCED_FACE('',(#5214),#3416,.T.);
#5214 = FACE_BOUND('',#5215,.F.);
#5215 = EDGE_LOOP('',(#5216,#5240,#5241,#5242));
#5216 = ORIENTED_EDGE('',*,*,#5217,.F.);
#5217 = EDGE_CURVE('',#3380,#5218,#5220,.T.);
#5218 = VERTEX_POINT('',#5219);
#5219 = CARTESIAN_POINT('',(-1.25,-16.5,2.75));
#5220 = SURFACE_CURVE('',#5221,(#5226,#5233),.PCURVE_S1.);
#5221 = CIRCLE('',#5222,0.75);
#5222 = AXIS2_PLACEMENT_3D('',#5223,#5224,#5225);
#5223 = CARTESIAN_POINT('',(-1.25,-15.75,2.75));
#5224 = DIRECTION('',(1.,-6.123233995737E-17,0.));
#5225 = DIRECTION('',(-6.123233995737E-17,-1.,0.));
#5226 = PCURVE('',#3416,#5227);
#5227 = DEFINITIONAL_REPRESENTATION('',(#5228),#5232);
#5228 = LINE('',#5229,#5230);
#5229 = CARTESIAN_POINT('',(-6.28318530718,0.75));
#5230 = VECTOR('',#5231,1.);
#5231 = DIRECTION('',(1.,-0.));
#5232 = ( GEOMETRIC_REPRESENTATION_CONTEXT(2) 
PARAMETRIC_REPRESENTATION_CONTEXT() REPRESENTATION_CONTEXT('2D SPACE',''
  ) );
#5233 = PCURVE('',#3450,#5234);
#5234 = DEFINITIONAL_REPRESENTATION('',(#5235),#5239);
#5235 = LINE('',#5236,#5237);
#5236 = CARTESIAN_POINT('',(-1.570796326795,-6.28318530718));
#5237 = VECTOR('',#5238,1.);
#5238 = DIRECTION('',(-0.,1.));
#5239 = ( GEOMETRIC_REPRESENTATION_CONTEXT(2) 
PARAMETRIC_REPRESENTATION_CONTEXT() REPRESENTATION_CONTEXT('2D SPACE',''
  ) );
#5240 = ORIENTED_EDGE('',*,*,#3402,.T.);
#5241 = ORIENTED_EDGE('',*,*,#5191,.T.);
#5242 = ORIENTED_EDGE('',*,*,#5243,.F.);
#5243 = EDGE_CURVE('',#5218,#5143,#5244,.T.);
#5244 = SURFACE_CURVE('',#5245,(#5249,#5256),.PCURVE_S1.);
#5245 = LINE('',#5246,#5247);
#5246 = CARTESIAN_POINT('',(-2.,-16.5,2.75));
#5247 = VECTOR('',#5248,1.);
#5248 = DIRECTION('',(1.,0.,0.));
#5249 = PCURVE('',#3416,#5250);
#5250 = DEFINITIONAL_REPRESENTATION('',(#5251),#5255);
#5251 = LINE('',#5252,#5253);
#5252 = CARTESIAN_POINT('',(-0.,0.));
#5253 = VECTOR('',#5254,1.);
#5254 = DIRECTION('',(-0.,1.));
#5255 = ( GEOMETRIC_REPRESENTATION_CONTEXT(2) 
PARAMETRIC_REPRESENTATION_CONTEXT() REPRESENTATION_CONTEXT('2D SPACE',''
  ) );
#5256 = PCURVE('',#5098,#5257);
#5257 = DEFINITIONAL_REPRESENTATION('',(#5258),#5262);
#5258 = LINE('',#5259,#5260);
#5259 = CARTESIAN_POINT('',(6.25,0.));
#5260 = VECTOR('',#5261,1.);
#5261 = DIRECTION('',(0.,1.));
#5262 = ( GEOMETRIC_REPRESENTATION_CONTEXT(2) 
PARAMETRIC_REPRESENTATION_CONTEXT() REPRESENTATION_CONTEXT('2D SPACE',''
  ) );
#5263 = ADVANCED_FACE('',(#5264),#3450,.T.);
#5264 = FACE_BOUND('',#5265,.F.);
#5265 = EDGE_LOOP('',(#5266,#5267,#5268));
#5266 = ORIENTED_EDGE('',*,*,#3433,.F.);
#5267 = ORIENTED_EDGE('',*,*,#5217,.T.);
#5268 = ORIENTED_EDGE('',*,*,#5269,.F.);
#5269 = EDGE_CURVE('',#3434,#5218,#5270,.T.);
#5270 = SURFACE_CURVE('',#5271,(#5276,#5283),.PCURVE_S1.);
#5271 = CIRCLE('',#5272,0.75);
#5272 = AXIS2_PLACEMENT_3D('',#5273,#5274,#5275);
#5273 = CARTESIAN_POINT('',(-1.25,-15.75,2.75));
#5274 = DIRECTION('',(0.,0.,1.));
#5275 = DIRECTION('',(-1.,0.,0.));
#5276 = PCURVE('',#3450,#5277);
#5277 = DEFINITIONAL_REPRESENTATION('',(#5278),#5282);
#5278 = LINE('',#5279,#5280);
#5279 = CARTESIAN_POINT('',(-0.,0.));
#5280 = VECTOR('',#5281,1.);
#5281 = DIRECTION('',(-1.,0.));
#5282 = ( GEOMETRIC_REPRESENTATION_CONTEXT(2) 
PARAMETRIC_REPRESENTATION_CONTEXT() REPRESENTATION_CONTEXT('2D SPACE',''
  ) );
#5283 = PCURVE('',#3502,#5284);
#5284 = DEFINITIONAL_REPRESENTATION('',(#5285),#5289);
#5285 = LINE('',#5286,#5287);
#5286 = CARTESIAN_POINT('',(0.,6.25));
#5287 = VECTOR('',#5288,1.);
#5288 = DIRECTION('',(1.,0.));
#5289 = ( GEOMETRIC_REPRESENTATION_CONTEXT(2) 
PARAMETRIC_REPRESENTATION_CONTEXT() REPRESENTATION_CONTEXT('2D SPACE',''
  ) );
#5290 = ADVANCED_FACE('',(#5291),#3502,.T.);
#5291 = FACE_BOUND('',#5292,.T.);
#5292 = EDGE_LOOP('',(#5293,#5294,#5295,#5316));
#5293 = ORIENTED_EDGE('',*,*,#3488,.F.);
#5294 = ORIENTED_EDGE('',*,*,#5033,.T.);
#5295 = ORIENTED_EDGE('',*,*,#5296,.T.);
#5296 = EDGE_CURVE('',#5010,#5218,#5297,.T.);
#5297 = SURFACE_CURVE('',#5298,(#5302,#5309),.PCURVE_S1.);
#5298 = LINE('',#5299,#5300);
#5299 = CARTESIAN_POINT('',(-1.25,-16.5,-3.5));
#5300 = VECTOR('',#5301,1.);
#5301 = DIRECTION('',(0.,0.,1.));
#5302 = PCURVE('',#3502,#5303);
#5303 = DEFINITIONAL_REPRESENTATION('',(#5304),#5308);
#5304 = LINE('',#5305,#5306);
#5305 = CARTESIAN_POINT('',(1.570796326795,0.));
#5306 = VECTOR('',#5307,1.);
#5307 = DIRECTION('',(0.,1.));
#5308 = ( GEOMETRIC_REPRESENTATION_CONTEXT(2) 
PARAMETRIC_REPRESENTATION_CONTEXT() REPRESENTATION_CONTEXT('2D SPACE',''
  ) );
#5309 = PCURVE('',#5098,#5310);
#5310 = DEFINITIONAL_REPRESENTATION('',(#5311),#5315);
#5311 = LINE('',#5312,#5313);
#5312 = CARTESIAN_POINT('',(0.,0.75));
#5313 = VECTOR('',#5314,1.);
#5314 = DIRECTION('',(1.,0.));
#5315 = ( GEOMETRIC_REPRESENTATION_CONTEXT(2) 
PARAMETRIC_REPRESENTATION_CONTEXT() REPRESENTATION_CONTEXT('2D SPACE',''
  ) );
#5316 = ORIENTED_EDGE('',*,*,#5269,.F.);
#5317 = ADVANCED_FACE('',(#5318),#3539,.T.);
#5318 = FACE_BOUND('',#5319,.T.);
#5319 = EDGE_LOOP('',(#5320,#5321,#5322));
#5320 = ORIENTED_EDGE('',*,*,#3520,.F.);
#5321 = ORIENTED_EDGE('',*,*,#3729,.T.);
#5322 = ORIENTED_EDGE('',*,*,#5323,.F.);
#5323 = EDGE_CURVE('',#3523,#3730,#5324,.T.);
#5324 = SURFACE_CURVE('',#5325,(#5330,#5337),.PCURVE_S1.);
#5325 = CIRCLE('',#5326,1.);
#5326 = AXIS2_PLACEMENT_3D('',#5327,#5328,#5329);
#5327 = CARTESIAN_POINT('',(-7.049038105677,15.039419162443,0.5));
#5328 = DIRECTION('',(0.,-0.,1.));
#5329 = DIRECTION('',(0.5,0.866025403784,0.));
#5330 = PCURVE('',#3539,#5331);
#5331 = DEFINITIONAL_REPRESENTATION('',(#5332),#5336);
#5332 = LINE('',#5333,#5334);
#5333 = CARTESIAN_POINT('',(0.,0.));
#5334 = VECTOR('',#5335,1.);
#5335 = DIRECTION('',(1.,0.));
#5336 = ( GEOMETRIC_REPRESENTATION_CONTEXT(2) 
PARAMETRIC_REPRESENTATION_CONTEXT() REPRESENTATION_CONTEXT('2D SPACE',''
  ) );
#5337 = PCURVE('',#5338,#5343);
#5338 = CYLINDRICAL_SURFACE('',#5339,1.);
#5339 = AXIS2_PLACEMENT_3D('',#5340,#5341,#5342);
#5340 = CARTESIAN_POINT('',(-7.049038105677,15.039419162443,-0.5));
#5341 = DIRECTION('',(0.,0.,1.));
#5342 = DIRECTION('',(0.5,0.866025403784,0.));
#5343 = DEFINITIONAL_REPRESENTATION('',(#5344),#5348);
#5344 = LINE('',#5345,#5346);
#5345 = CARTESIAN_POINT('',(0.,1.));
#5346 = VECTOR('',#5347,1.);
#5347 = DIRECTION('',(1.,0.));
#5348 = ( GEOMETRIC_REPRESENTATION_CONTEXT(2) 
PARAMETRIC_REPRESENTATION_CONTEXT() REPRESENTATION_CONTEXT('2D SPACE',''
  ) );
#5349 = ADVANCED_FACE('',(#5350),#3611,.F.);
#5350 = FACE_BOUND('',#5351,.F.);
#5351 = EDGE_LOOP('',(#5352,#5373,#5374,#5375));
#5352 = ORIENTED_EDGE('',*,*,#5353,.F.);
#5353 = EDGE_CURVE('',#3523,#3865,#5354,.T.);
#5354 = SURFACE_CURVE('',#5355,(#5359,#5366),.PCURVE_S1.);
#5355 = LINE('',#5356,#5357);
#5356 = CARTESIAN_POINT('',(-6.549038105677,15.905444566228,-0.5));
#5357 = VECTOR('',#5358,1.);
#5358 = DIRECTION('',(0.,0.,1.));
#5359 = PCURVE('',#3611,#5360);
#5360 = DEFINITIONAL_REPRESENTATION('',(#5361),#5365);
#5361 = LINE('',#5362,#5363);
#5362 = CARTESIAN_POINT('',(0.,-1.));
#5363 = VECTOR('',#5364,1.);
#5364 = DIRECTION('',(1.,0.));
#5365 = ( GEOMETRIC_REPRESENTATION_CONTEXT(2) 
PARAMETRIC_REPRESENTATION_CONTEXT() REPRESENTATION_CONTEXT('2D SPACE',''
  ) );
#5366 = PCURVE('',#5338,#5367);
#5367 = DEFINITIONAL_REPRESENTATION('',(#5368),#5372);
#5368 = LINE('',#5369,#5370);
#5369 = CARTESIAN_POINT('',(0.,0.));
#5370 = VECTOR('',#5371,1.);
#5371 = DIRECTION('',(0.,1.));
#5372 = ( GEOMETRIC_REPRESENTATION_CONTEXT(2) 
PARAMETRIC_REPRESENTATION_CONTEXT() REPRESENTATION_CONTEXT('2D SPACE',''
  ) );
#5373 = ORIENTED_EDGE('',*,*,#3597,.T.);
#5374 = ORIENTED_EDGE('',*,*,#3679,.T.);
#5375 = ORIENTED_EDGE('',*,*,#3916,.F.);
#5376 = ADVANCED_FACE('',(#5377),#3793,.F.);
#5377 = FACE_BOUND('',#5378,.F.);
#5378 = EDGE_LOOP('',(#5379,#5400,#5401,#5402));
#5379 = ORIENTED_EDGE('',*,*,#5380,.T.);
#5380 = EDGE_CURVE('',#3730,#4044,#5381,.T.);
#5381 = SURFACE_CURVE('',#5382,(#5386,#5393),.PCURVE_S1.);
#5382 = LINE('',#5383,#5384);
#5383 = CARTESIAN_POINT('',(-7.915063509461,15.539419162443,-0.5));
#5384 = VECTOR('',#5385,1.);
#5385 = DIRECTION('',(0.,0.,1.));
#5386 = PCURVE('',#3793,#5387);
#5387 = DEFINITIONAL_REPRESENTATION('',(#5388),#5392);
#5388 = LINE('',#5389,#5390);
#5389 = CARTESIAN_POINT('',(0.,1.));
#5390 = VECTOR('',#5391,1.);
#5391 = DIRECTION('',(1.,0.));
#5392 = ( GEOMETRIC_REPRESENTATION_CONTEXT(2) 
PARAMETRIC_REPRESENTATION_CONTEXT() REPRESENTATION_CONTEXT('2D SPACE',''
  ) );
#5393 = PCURVE('',#5338,#5394);
#5394 = DEFINITIONAL_REPRESENTATION('',(#5395),#5399);
#5395 = LINE('',#5396,#5397);
#5396 = CARTESIAN_POINT('',(1.570796326795,0.));
#5397 = VECTOR('',#5398,1.);
#5398 = DIRECTION('',(0.,1.));
#5399 = ( GEOMETRIC_REPRESENTATION_CONTEXT(2) 
PARAMETRIC_REPRESENTATION_CONTEXT() REPRESENTATION_CONTEXT('2D SPACE',''
  ) );
#5400 = ORIENTED_EDGE('',*,*,#4070,.T.);
#5401 = ORIENTED_EDGE('',*,*,#3942,.F.);
#5402 = ORIENTED_EDGE('',*,*,#3779,.F.);
#5403 = ADVANCED_FACE('',(#5404),#3881,.T.);
#5404 = FACE_BOUND('',#5405,.F.);
#5405 = EDGE_LOOP('',(#5406,#5407,#5408));
#5406 = ORIENTED_EDGE('',*,*,#3862,.F.);
#5407 = ORIENTED_EDGE('',*,*,#4043,.T.);
#5408 = ORIENTED_EDGE('',*,*,#5409,.F.);
#5409 = EDGE_CURVE('',#3865,#4044,#5410,.T.);
#5410 = SURFACE_CURVE('',#5411,(#5416,#5423),.PCURVE_S1.);
#5411 = CIRCLE('',#5412,1.);
#5412 = AXIS2_PLACEMENT_3D('',#5413,#5414,#5415);
#5413 = CARTESIAN_POINT('',(-7.049038105677,15.039419162443,3.5));
#5414 = DIRECTION('',(0.,-0.,1.));
#5415 = DIRECTION('',(0.5,0.866025403784,0.));
#5416 = PCURVE('',#3881,#5417);
#5417 = DEFINITIONAL_REPRESENTATION('',(#5418),#5422);
#5418 = LINE('',#5419,#5420);
#5419 = CARTESIAN_POINT('',(-0.,0.));
#5420 = VECTOR('',#5421,1.);
#5421 = DIRECTION('',(-1.,0.));
#5422 = ( GEOMETRIC_REPRESENTATION_CONTEXT(2) 
PARAMETRIC_REPRESENTATION_CONTEXT() REPRESENTATION_CONTEXT('2D SPACE',''
  ) );
#5423 = PCURVE('',#5338,#5424);
#5424 = DEFINITIONAL_REPRESENTATION('',(#5425),#5429);
#5425 = LINE('',#5426,#5427);
#5426 = CARTESIAN_POINT('',(0.,4.));
#5427 = VECTOR('',#5428,1.);
#5428 = DIRECTION('',(1.,0.));
#5429 = ( GEOMETRIC_REPRESENTATION_CONTEXT(2) 
PARAMETRIC_REPRESENTATION_CONTEXT() REPRESENTATION_CONTEXT('2D SPACE',''
  ) );
#5430 = ADVANCED_FACE('',(#5431),#4112,.F.);
#5431 = FACE_BOUND('',#5432,.F.);
#5432 = EDGE_LOOP('',(#5433,#5434,#5435,#5461));
#5433 = ORIENTED_EDGE('',*,*,#4094,.F.);
#5434 = ORIENTED_EDGE('',*,*,#4280,.T.);
#5435 = ORIENTED_EDGE('',*,*,#5436,.T.);
#5436 = EDGE_CURVE('',#4252,#4330,#5437,.T.);
#5437 = SURFACE_CURVE('',#5438,(#5442,#5449),.PCURVE_S1.);
#5438 = LINE('',#5439,#5440);
#5439 = CARTESIAN_POINT('',(-6.549038105677,-15.90544456622,-0.5));
#5440 = VECTOR('',#5441,1.);
#5441 = DIRECTION('',(0.,0.,1.));
#5442 = PCURVE('',#4112,#5443);
#5443 = DEFINITIONAL_REPRESENTATION('',(#5444),#5448);
#5444 = LINE('',#5445,#5446);
#5445 = CARTESIAN_POINT('',(0.,-4.));
#5446 = VECTOR('',#5447,1.);
#5447 = DIRECTION('',(1.,0.));
#5448 = ( GEOMETRIC_REPRESENTATION_CONTEXT(2) 
PARAMETRIC_REPRESENTATION_CONTEXT() REPRESENTATION_CONTEXT('2D SPACE',''
  ) );
#5449 = PCURVE('',#5450,#5455);
#5450 = CYLINDRICAL_SURFACE('',#5451,1.);
#5451 = AXIS2_PLACEMENT_3D('',#5452,#5453,#5454);
#5452 = CARTESIAN_POINT('',(-7.049038105677,-15.03941916244,-0.5));
#5453 = DIRECTION('',(0.,0.,1.));
#5454 = DIRECTION('',(0.5,-0.866025403784,0.));
#5455 = DEFINITIONAL_REPRESENTATION('',(#5456),#5460);
#5456 = LINE('',#5457,#5458);
#5457 = CARTESIAN_POINT('',(-0.,0.));
#5458 = VECTOR('',#5459,1.);
#5459 = DIRECTION('',(-0.,1.));
#5460 = ( GEOMETRIC_REPRESENTATION_CONTEXT(2) 
PARAMETRIC_REPRESENTATION_CONTEXT() REPRESENTATION_CONTEXT('2D SPACE',''
  ) );
#5461 = ORIENTED_EDGE('',*,*,#4358,.F.);
#5462 = ADVANCED_FACE('',(#5463),#4268,.T.);
#5463 = FACE_BOUND('',#5464,.F.);
#5464 = EDGE_LOOP('',(#5465,#5466,#5467));
#5465 = ORIENTED_EDGE('',*,*,#4251,.F.);
#5466 = ORIENTED_EDGE('',*,*,#4434,.T.);
#5467 = ORIENTED_EDGE('',*,*,#5468,.F.);
#5468 = EDGE_CURVE('',#4252,#4435,#5469,.T.);
#5469 = SURFACE_CURVE('',#5470,(#5475,#5482),.PCURVE_S1.);
#5470 = CIRCLE('',#5471,1.);
#5471 = AXIS2_PLACEMENT_3D('',#5472,#5473,#5474);
#5472 = CARTESIAN_POINT('',(-7.049038105677,-15.03941916244,0.5));
#5473 = DIRECTION('',(0.,-0.,-1.));
#5474 = DIRECTION('',(0.5,-0.866025403784,0.));
#5475 = PCURVE('',#4268,#5476);
#5476 = DEFINITIONAL_REPRESENTATION('',(#5477),#5481);
#5477 = LINE('',#5478,#5479);
#5478 = CARTESIAN_POINT('',(-0.,0.));
#5479 = VECTOR('',#5480,1.);
#5480 = DIRECTION('',(-1.,0.));
#5481 = ( GEOMETRIC_REPRESENTATION_CONTEXT(2) 
PARAMETRIC_REPRESENTATION_CONTEXT() REPRESENTATION_CONTEXT('2D SPACE',''
  ) );
#5482 = PCURVE('',#5450,#5483);
#5483 = DEFINITIONAL_REPRESENTATION('',(#5484),#5488);
#5484 = LINE('',#5485,#5486);
#5485 = CARTESIAN_POINT('',(-0.,1.));
#5486 = VECTOR('',#5487,1.);
#5487 = DIRECTION('',(-1.,0.));
#5488 = ( GEOMETRIC_REPRESENTATION_CONTEXT(2) 
PARAMETRIC_REPRESENTATION_CONTEXT() REPRESENTATION_CONTEXT('2D SPACE',''
  ) );
#5489 = ADVANCED_FACE('',(#5490),#4346,.T.);
#5490 = FACE_BOUND('',#5491,.F.);
#5491 = EDGE_LOOP('',(#5492,#5514,#5515));
#5492 = ORIENTED_EDGE('',*,*,#5493,.F.);
#5493 = EDGE_CURVE('',#4514,#4330,#5494,.T.);
#5494 = SURFACE_CURVE('',#5495,(#5500,#5507),.PCURVE_S1.);
#5495 = CIRCLE('',#5496,1.);
#5496 = AXIS2_PLACEMENT_3D('',#5497,#5498,#5499);
#5497 = CARTESIAN_POINT('',(-7.049038105677,-15.03941916244,3.5));
#5498 = DIRECTION('',(-1.110223024625E-16,1.922962686384E-16,1.));
#5499 = DIRECTION('',(0.5,-0.866025403784,2.22044604925E-16));
#5500 = PCURVE('',#4346,#5501);
#5501 = DEFINITIONAL_REPRESENTATION('',(#5502),#5506);
#5502 = LINE('',#5503,#5504);
#5503 = CARTESIAN_POINT('',(-0.,-6.28318530718));
#5504 = VECTOR('',#5505,1.);
#5505 = DIRECTION('',(-0.,1.));
#5506 = ( GEOMETRIC_REPRESENTATION_CONTEXT(2) 
PARAMETRIC_REPRESENTATION_CONTEXT() REPRESENTATION_CONTEXT('2D SPACE',''
  ) );
#5507 = PCURVE('',#5450,#5508);
#5508 = DEFINITIONAL_REPRESENTATION('',(#5509),#5513);
#5509 = LINE('',#5510,#5511);
#5510 = CARTESIAN_POINT('',(-6.28318530718,4.));
#5511 = VECTOR('',#5512,1.);
#5512 = DIRECTION('',(1.,-0.));
#5513 = ( GEOMETRIC_REPRESENTATION_CONTEXT(2) 
PARAMETRIC_REPRESENTATION_CONTEXT() REPRESENTATION_CONTEXT('2D SPACE',''
  ) );
#5514 = ORIENTED_EDGE('',*,*,#4538,.T.);
#5515 = ORIENTED_EDGE('',*,*,#4329,.F.);
#5516 = ADVANCED_FACE('',(#5517),#4498,.T.);
#5517 = FACE_BOUND('',#5518,.T.);
#5518 = EDGE_LOOP('',(#5519,#5540,#5541,#5542));
#5519 = ORIENTED_EDGE('',*,*,#5520,.T.);
#5520 = EDGE_CURVE('',#4435,#4514,#5521,.T.);
#5521 = SURFACE_CURVE('',#5522,(#5526,#5533),.PCURVE_S1.);
#5522 = LINE('',#5523,#5524);
#5523 = CARTESIAN_POINT('',(-7.915063509461,-15.53941916244,-0.5));
#5524 = VECTOR('',#5525,1.);
#5525 = DIRECTION('',(0.,0.,1.));
#5526 = PCURVE('',#4498,#5527);
#5527 = DEFINITIONAL_REPRESENTATION('',(#5528),#5532);
#5528 = LINE('',#5529,#5530);
#5529 = CARTESIAN_POINT('',(0.,1.));
#5530 = VECTOR('',#5531,1.);
#5531 = DIRECTION('',(1.,0.));
#5532 = ( GEOMETRIC_REPRESENTATION_CONTEXT(2) 
PARAMETRIC_REPRESENTATION_CONTEXT() REPRESENTATION_CONTEXT('2D SPACE',''
  ) );
#5533 = PCURVE('',#5450,#5534);
#5534 = DEFINITIONAL_REPRESENTATION('',(#5535),#5539);
#5535 = LINE('',#5536,#5537);
#5536 = CARTESIAN_POINT('',(-1.570796326795,0.));
#5537 = VECTOR('',#5538,1.);
#5538 = DIRECTION('',(-0.,1.));
#5539 = ( GEOMETRIC_REPRESENTATION_CONTEXT(2) 
PARAMETRIC_REPRESENTATION_CONTEXT() REPRESENTATION_CONTEXT('2D SPACE',''
  ) );
#5540 = ORIENTED_EDGE('',*,*,#4513,.T.);
#5541 = ORIENTED_EDGE('',*,*,#4643,.F.);
#5542 = ORIENTED_EDGE('',*,*,#4484,.F.);
#5543 = ADVANCED_FACE('',(#5544),#4686,.T.);
#5544 = FACE_BOUND('',#5545,.T.);
#5545 = EDGE_LOOP('',(#5546,#5547,#5548,#5549));
#5546 = ORIENTED_EDGE('',*,*,#4668,.F.);
#5547 = ORIENTED_EDGE('',*,*,#4799,.T.);
#5548 = ORIENTED_EDGE('',*,*,#4877,.T.);
#5549 = ORIENTED_EDGE('',*,*,#4978,.F.);
#5550 = ADVANCED_FACE('',(#5551),#5098,.F.);
#5551 = FACE_BOUND('',#5552,.F.);
#5552 = EDGE_LOOP('',(#5553,#5554,#5555,#5556));
#5553 = ORIENTED_EDGE('',*,*,#5296,.T.);
#5554 = ORIENTED_EDGE('',*,*,#5243,.T.);
#5555 = ORIENTED_EDGE('',*,*,#5142,.F.);
#5556 = ORIENTED_EDGE('',*,*,#5084,.F.);
#5557 = ADVANCED_FACE('',(#5558),#5338,.T.);
#5558 = FACE_BOUND('',#5559,.T.);
#5559 = EDGE_LOOP('',(#5560,#5561,#5562,#5563));
#5560 = ORIENTED_EDGE('',*,*,#5353,.F.);
#5561 = ORIENTED_EDGE('',*,*,#5323,.T.);
#5562 = ORIENTED_EDGE('',*,*,#5380,.T.);
#5563 = ORIENTED_EDGE('',*,*,#5409,.F.);
#5564 = ADVANCED_FACE('',(#5565),#5450,.T.);
#5565 = FACE_BOUND('',#5566,.F.);
#5566 = EDGE_LOOP('',(#5567,#5568,#5569,#5570));
#5567 = ORIENTED_EDGE('',*,*,#5436,.F.);
#5568 = ORIENTED_EDGE('',*,*,#5468,.T.);
#5569 = ORIENTED_EDGE('',*,*,#5520,.T.);
#5570 = ORIENTED_EDGE('',*,*,#5493,.T.);
#5571 = ( GEOMETRIC_REPRESENTATION_CONTEXT(3) 
GLOBAL_UNCERTAINTY_ASSIGNED_CONTEXT((#5575)) 
GLOBAL_UNIT_ASSIGNED_CONTEXT((#5572,#5573,#5574)) REPRESENTATION_CONTEXT
('Context #1','3D Context with UNIT and UNCERTAINTY') );
#5572 = ( LENGTH_UNIT() NAMED_UNIT(*) SI_UNIT(.MILLI.,.METRE.) );
#5573 = ( NAMED_UNIT(*) PLANE_ANGLE_UNIT() SI_UNIT($,.RADIAN.) );
#5574 = ( NAMED_UNIT(*) SI_UNIT($,.STERADIAN.) SOLID_ANGLE_UNIT() );
#5575 = UNCERTAINTY_MEASURE_WITH_UNIT(LENGTH_MEASURE(1.E-07),#5572,
  'distance_accuracy_value','confusion accuracy');
#5576 = PRODUCT_RELATED_PRODUCT_CATEGORY('part',$,(#7));
ENDSEC;
END-ISO-10303-21;
