ISO-10303-21;
HEADER;
FILE_DESCRIPTION(('Open CASCADE Model'),'2;1');
FILE_NAME('Open CASCADE Shape Model','2026-08-23T11:27:53',('Author'),(
    'Open CASCADE'),'Open CASCADE STEP processor 7.9','Open CASCADE 7.9'
  ,'Unknown');
FILE_SCHEMA(('AUTOMOTIVE_DESIGN { 1 0 10303 214 1 1 1 1 }'));
ENDSEC;
DATA;
#1 = APPLICATION_PROTOCOL_DEFINITION('international standard',
  'automotive_design',2000,#2);
#2 = APPLICATION_CONTEXT(
  'core data for automotive mechanical design processes');
#3 = SHAPE_DEFINITION_REPRESENTATION(#4,#10);
#4 = PRODUCT_DEFINITION_SHAPE('','',#5);
#5 = PRODUCT_DEFINITION('design','',#6,#9);
#6 = PRODUCT_DEFINITION_FORMATION('','',#7);
#7 = PRODUCT('Open CASCADE STEP translator 7.9 19',
  'Open CASCADE STEP translator 7.9 19','',(#8));
#8 = PRODUCT_CONTEXT('',#2,'mechanical');
#9 = PRODUCT_DEFINITION_CONTEXT('part definition',#2,'design');
#10 = ADVANCED_BREP_SHAPE_REPRESENTATION('',(#11,#15),#7320);
#11 = AXIS2_PLACEMENT_3D('',#12,#13,#14);
#12 = CARTESIAN_POINT('',(0.,0.,0.));
#13 = DIRECTION('',(0.,0.,1.));
#14 = DIRECTION('',(1.,0.,-0.));
#15 = MANIFOLD_SOLID_BREP('',#16);
#16 = CLOSED_SHELL('',(#17,#197,#597,#2431,#2537,#2717,#2795,#2845,#2851
    ,#3193,#4697,#4724,#4800,#4827,#4934,#5047,#5102,#5156,#5211,#5372,
    #5400,#5427,#5508,#5534,#5583,#5610,#5638,#5768,#5794,#5872,#5958,
    #5987,#6034,#6061,#6137,#6164,#6235,#6265,#6295,#6375,#6402,#6430,
    #6480,#6527,#6587,#6665,#6692,#6719,#6769,#6796,#6900,#6957,#7007,
    #7014,#7020,#7047,#7074,#7107,#7135,#7163,#7190,#7222,#7249,#7276,
    #7303,#7307,#7313));
#17 = ADVANCED_FACE('',(#18,#166),#32,.F.);
#18 = FACE_BOUND('',#19,.F.);
#19 = EDGE_LOOP('',(#20,#55,#83,#111,#139));
#20 = ORIENTED_EDGE('',*,*,#21,.F.);
#21 = EDGE_CURVE('',#22,#24,#26,.T.);
#22 = VERTEX_POINT('',#23);
#23 = CARTESIAN_POINT('',(-20.,-25.,-26.));
#24 = VERTEX_POINT('',#25);
#25 = CARTESIAN_POINT('',(-20.,-25.,4.283657340305));
#26 = SURFACE_CURVE('',#27,(#31,#43),.PCURVE_S1.);
#27 = LINE('',#28,#29);
#28 = CARTESIAN_POINT('',(-20.,-25.,-36.));
#29 = VECTOR('',#30,1.);
#30 = DIRECTION('',(0.,0.,1.));
#31 = PCURVE('',#32,#37);
#32 = PLANE('',#33);
#33 = AXIS2_PLACEMENT_3D('',#34,#35,#36);
#34 = CARTESIAN_POINT('',(-20.,-35.,-36.));
#35 = DIRECTION('',(1.,0.,0.));
#36 = DIRECTION('',(0.,0.,1.));
#37 = DEFINITIONAL_REPRESENTATION('',(#38),#42);
#38 = LINE('',#39,#40);
#39 = CARTESIAN_POINT('',(0.,-10.));
#40 = VECTOR('',#41,1.);
#41 = DIRECTION('',(1.,0.));
#42 = ( GEOMETRIC_REPRESENTATION_CONTEXT(2) 
PARAMETRIC_REPRESENTATION_CONTEXT() REPRESENTATION_CONTEXT('2D SPACE',''
  ) );
#43 = PCURVE('',#44,#49);
#44 = CYLINDRICAL_SURFACE('',#45,10.);
#45 = AXIS2_PLACEMENT_3D('',#46,#47,#48);
#46 = CARTESIAN_POINT('',(-10.,-25.,-36.));
#47 = DIRECTION('',(0.,0.,1.));
#48 = DIRECTION('',(-1.,-0.,0.));
#49 = DEFINITIONAL_REPRESENTATION('',(#50),#54);
#50 = LINE('',#51,#52);
#51 = CARTESIAN_POINT('',(0.,0.));
#52 = VECTOR('',#53,1.);
#53 = DIRECTION('',(0.,1.));
#54 = ( GEOMETRIC_REPRESENTATION_CONTEXT(2) 
PARAMETRIC_REPRESENTATION_CONTEXT() REPRESENTATION_CONTEXT('2D SPACE',''
  ) );
#55 = ORIENTED_EDGE('',*,*,#56,.T.);
#56 = EDGE_CURVE('',#22,#57,#59,.T.);
#57 = VERTEX_POINT('',#58);
#58 = CARTESIAN_POINT('',(-20.,25.,-26.));
#59 = SURFACE_CURVE('',#60,(#64,#71),.PCURVE_S1.);
#60 = LINE('',#61,#62);
#61 = CARTESIAN_POINT('',(-20.,-35.,-26.));
#62 = VECTOR('',#63,1.);
#63 = DIRECTION('',(0.,1.,0.));
#64 = PCURVE('',#32,#65);
#65 = DEFINITIONAL_REPRESENTATION('',(#66),#70);
#66 = LINE('',#67,#68);
#67 = CARTESIAN_POINT('',(10.,0.));
#68 = VECTOR('',#69,1.);
#69 = DIRECTION('',(0.,-1.));
#70 = ( GEOMETRIC_REPRESENTATION_CONTEXT(2) 
PARAMETRIC_REPRESENTATION_CONTEXT() REPRESENTATION_CONTEXT('2D SPACE',''
  ) );
#71 = PCURVE('',#72,#77);
#72 = CYLINDRICAL_SURFACE('',#73,10.);
#73 = AXIS2_PLACEMENT_3D('',#74,#75,#76);
#74 = CARTESIAN_POINT('',(-10.,-35.,-26.));
#75 = DIRECTION('',(0.,1.,0.));
#76 = DIRECTION('',(-1.,0.,0.));
#77 = DEFINITIONAL_REPRESENTATION('',(#78),#82);
#78 = LINE('',#79,#80);
#79 = CARTESIAN_POINT('',(-0.,0.));
#80 = VECTOR('',#81,1.);
#81 = DIRECTION('',(-0.,1.));
#82 = ( GEOMETRIC_REPRESENTATION_CONTEXT(2) 
PARAMETRIC_REPRESENTATION_CONTEXT() REPRESENTATION_CONTEXT('2D SPACE',''
  ) );
#83 = ORIENTED_EDGE('',*,*,#84,.T.);
#84 = EDGE_CURVE('',#57,#85,#87,.T.);
#85 = VERTEX_POINT('',#86);
#86 = CARTESIAN_POINT('',(-20.,25.,26.));
#87 = SURFACE_CURVE('',#88,(#92,#99),.PCURVE_S1.);
#88 = LINE('',#89,#90);
#89 = CARTESIAN_POINT('',(-20.,25.,-36.));
#90 = VECTOR('',#91,1.);
#91 = DIRECTION('',(0.,0.,1.));
#92 = PCURVE('',#32,#93);
#93 = DEFINITIONAL_REPRESENTATION('',(#94),#98);
#94 = LINE('',#95,#96);
#95 = CARTESIAN_POINT('',(0.,-60.));
#96 = VECTOR('',#97,1.);
#97 = DIRECTION('',(1.,0.));
#98 = ( GEOMETRIC_REPRESENTATION_CONTEXT(2) 
PARAMETRIC_REPRESENTATION_CONTEXT() REPRESENTATION_CONTEXT('2D SPACE',''
  ) );
#99 = PCURVE('',#100,#105);
#100 = CYLINDRICAL_SURFACE('',#101,10.);
#101 = AXIS2_PLACEMENT_3D('',#102,#103,#104);
#102 = CARTESIAN_POINT('',(-10.,25.,-36.));
#103 = DIRECTION('',(0.,0.,1.));
#104 = DIRECTION('',(-1.,-0.,0.));
#105 = DEFINITIONAL_REPRESENTATION('',(#106),#110);
#106 = LINE('',#107,#108);
#107 = CARTESIAN_POINT('',(-0.,0.));
#108 = VECTOR('',#109,1.);
#109 = DIRECTION('',(-0.,1.));
#110 = ( GEOMETRIC_REPRESENTATION_CONTEXT(2) 
PARAMETRIC_REPRESENTATION_CONTEXT() REPRESENTATION_CONTEXT('2D SPACE',''
  ) );
#111 = ORIENTED_EDGE('',*,*,#112,.F.);
#112 = EDGE_CURVE('',#113,#85,#115,.T.);
#113 = VERTEX_POINT('',#114);
#114 = CARTESIAN_POINT('',(-20.,-11.45477273121,26.));
#115 = SURFACE_CURVE('',#116,(#120,#127),.PCURVE_S1.);
#116 = LINE('',#117,#118);
#117 = CARTESIAN_POINT('',(-20.,-35.,26.));
#118 = VECTOR('',#119,1.);
#119 = DIRECTION('',(0.,1.,0.));
#120 = PCURVE('',#32,#121);
#121 = DEFINITIONAL_REPRESENTATION('',(#122),#126);
#122 = LINE('',#123,#124);
#123 = CARTESIAN_POINT('',(62.,0.));
#124 = VECTOR('',#125,1.);
#125 = DIRECTION('',(0.,-1.));
#126 = ( GEOMETRIC_REPRESENTATION_CONTEXT(2) 
PARAMETRIC_REPRESENTATION_CONTEXT() REPRESENTATION_CONTEXT('2D SPACE',''
  ) );
#127 = PCURVE('',#128,#133);
#128 = CYLINDRICAL_SURFACE('',#129,10.);
#129 = AXIS2_PLACEMENT_3D('',#130,#131,#132);
#130 = CARTESIAN_POINT('',(-10.,-35.,26.));
#131 = DIRECTION('',(0.,1.,0.));
#132 = DIRECTION('',(-1.,0.,0.));
#133 = DEFINITIONAL_REPRESENTATION('',(#134),#138);
#134 = LINE('',#135,#136);
#135 = CARTESIAN_POINT('',(0.,0.));
#136 = VECTOR('',#137,1.);
#137 = DIRECTION('',(0.,1.));
#138 = ( GEOMETRIC_REPRESENTATION_CONTEXT(2) 
PARAMETRIC_REPRESENTATION_CONTEXT() REPRESENTATION_CONTEXT('2D SPACE',''
  ) );
#139 = ORIENTED_EDGE('',*,*,#140,.F.);
#140 = EDGE_CURVE('',#24,#113,#141,.T.);
#141 = SURFACE_CURVE('',#142,(#147,#154),.PCURVE_S1.);
#142 = CIRCLE('',#143,12.8);
#143 = AXIS2_PLACEMENT_3D('',#144,#145,#146);
#144 = CARTESIAN_POINT('',(-20.,-18.,15.));
#145 = DIRECTION('',(1.,0.,0.));
#146 = DIRECTION('',(-0.,0.,1.));
#147 = PCURVE('',#32,#148);
#148 = DEFINITIONAL_REPRESENTATION('',(#149),#153);
#149 = CIRCLE('',#150,12.8);
#150 = AXIS2_PLACEMENT_2D('',#151,#152);
#151 = CARTESIAN_POINT('',(51.,-17.));
#152 = DIRECTION('',(1.,0.));
#153 = ( GEOMETRIC_REPRESENTATION_CONTEXT(2) 
PARAMETRIC_REPRESENTATION_CONTEXT() REPRESENTATION_CONTEXT('2D SPACE',''
  ) );
#154 = PCURVE('',#155,#160);
#155 = CYLINDRICAL_SURFACE('',#156,12.8);
#156 = AXIS2_PLACEMENT_3D('',#157,#158,#159);
#157 = CARTESIAN_POINT('',(-22.,-18.,15.));
#158 = DIRECTION('',(1.,0.,0.));
#159 = DIRECTION('',(-0.,0.,1.));
#160 = DEFINITIONAL_REPRESENTATION('',(#161),#165);
#161 = LINE('',#162,#163);
#162 = CARTESIAN_POINT('',(0.,2.));
#163 = VECTOR('',#164,1.);
#164 = DIRECTION('',(1.,0.));
#165 = ( GEOMETRIC_REPRESENTATION_CONTEXT(2) 
PARAMETRIC_REPRESENTATION_CONTEXT() REPRESENTATION_CONTEXT('2D SPACE',''
  ) );
#166 = FACE_BOUND('',#167,.F.);
#167 = EDGE_LOOP('',(#168));
#168 = ORIENTED_EDGE('',*,*,#169,.F.);
#169 = EDGE_CURVE('',#170,#170,#172,.T.);
#170 = VERTEX_POINT('',#171);
#171 = CARTESIAN_POINT('',(-20.,2.718715894107E-15,6.1));
#172 = SURFACE_CURVE('',#173,(#178,#185),.PCURVE_S1.);
#173 = CIRCLE('',#174,11.1);
#174 = AXIS2_PLACEMENT_3D('',#175,#176,#177);
#175 = CARTESIAN_POINT('',(-20.,0.,-5.));
#176 = DIRECTION('',(1.,0.,0.));
#177 = DIRECTION('',(-0.,0.,1.));
#178 = PCURVE('',#32,#179);
#179 = DEFINITIONAL_REPRESENTATION('',(#180),#184);
#180 = CIRCLE('',#181,11.1);
#181 = AXIS2_PLACEMENT_2D('',#182,#183);
#182 = CARTESIAN_POINT('',(31.,-35.));
#183 = DIRECTION('',(1.,0.));
#184 = ( GEOMETRIC_REPRESENTATION_CONTEXT(2) 
PARAMETRIC_REPRESENTATION_CONTEXT() REPRESENTATION_CONTEXT('2D SPACE',''
  ) );
#185 = PCURVE('',#186,#191);
#186 = CYLINDRICAL_SURFACE('',#187,11.1);
#187 = AXIS2_PLACEMENT_3D('',#188,#189,#190);
#188 = CARTESIAN_POINT('',(-20.5,0.,-5.));
#189 = DIRECTION('',(1.,0.,0.));
#190 = DIRECTION('',(-0.,0.,1.));
#191 = DEFINITIONAL_REPRESENTATION('',(#192),#196);
#192 = LINE('',#193,#194);
#193 = CARTESIAN_POINT('',(0.,0.5));
#194 = VECTOR('',#195,1.);
#195 = DIRECTION('',(1.,0.));
#196 = ( GEOMETRIC_REPRESENTATION_CONTEXT(2) 
PARAMETRIC_REPRESENTATION_CONTEXT() REPRESENTATION_CONTEXT('2D SPACE',''
  ) );
#197 = ADVANCED_FACE('',(#198),#44,.T.);
#198 = FACE_BOUND('',#199,.T.);
#199 = EDGE_LOOP('',(#200,#201,#230,#258,#287,#360,#389,#417));
#200 = ORIENTED_EDGE('',*,*,#21,.F.);
#201 = ORIENTED_EDGE('',*,*,#202,.T.);
#202 = EDGE_CURVE('',#22,#203,#205,.T.);
#203 = VERTEX_POINT('',#204);
#204 = CARTESIAN_POINT('',(-10.,-35.,-26.));
#205 = SURFACE_CURVE('',#206,(#211,#218),.PCURVE_S1.);
#206 = CIRCLE('',#207,10.);
#207 = AXIS2_PLACEMENT_3D('',#208,#209,#210);
#208 = CARTESIAN_POINT('',(-10.,-25.,-26.));
#209 = DIRECTION('',(0.,0.,1.));
#210 = DIRECTION('',(-1.,0.,0.));
#211 = PCURVE('',#44,#212);
#212 = DEFINITIONAL_REPRESENTATION('',(#213),#217);
#213 = LINE('',#214,#215);
#214 = CARTESIAN_POINT('',(0.,10.));
#215 = VECTOR('',#216,1.);
#216 = DIRECTION('',(1.,0.));
#217 = ( GEOMETRIC_REPRESENTATION_CONTEXT(2) 
PARAMETRIC_REPRESENTATION_CONTEXT() REPRESENTATION_CONTEXT('2D SPACE',''
  ) );
#218 = PCURVE('',#219,#224);
#219 = SPHERICAL_SURFACE('',#220,10.);
#220 = AXIS2_PLACEMENT_3D('',#221,#222,#223);
#221 = CARTESIAN_POINT('',(-10.,-25.,-26.));
#222 = DIRECTION('',(0.,0.,1.));
#223 = DIRECTION('',(-1.,0.,0.));
#224 = DEFINITIONAL_REPRESENTATION('',(#225),#229);
#225 = LINE('',#226,#227);
#226 = CARTESIAN_POINT('',(0.,0.));
#227 = VECTOR('',#228,1.);
#228 = DIRECTION('',(1.,0.));
#229 = ( GEOMETRIC_REPRESENTATION_CONTEXT(2) 
PARAMETRIC_REPRESENTATION_CONTEXT() REPRESENTATION_CONTEXT('2D SPACE',''
  ) );
#230 = ORIENTED_EDGE('',*,*,#231,.T.);
#231 = EDGE_CURVE('',#203,#232,#234,.T.);
#232 = VERTEX_POINT('',#233);
#233 = CARTESIAN_POINT('',(-10.,-35.,26.));
#234 = SURFACE_CURVE('',#235,(#239,#246),.PCURVE_S1.);
#235 = LINE('',#236,#237);
#236 = CARTESIAN_POINT('',(-10.,-35.,-36.));
#237 = VECTOR('',#238,1.);
#238 = DIRECTION('',(0.,0.,1.));
#239 = PCURVE('',#44,#240);
#240 = DEFINITIONAL_REPRESENTATION('',(#241),#245);
#241 = LINE('',#242,#243);
#242 = CARTESIAN_POINT('',(1.570796326795,0.));
#243 = VECTOR('',#244,1.);
#244 = DIRECTION('',(0.,1.));
#245 = ( GEOMETRIC_REPRESENTATION_CONTEXT(2) 
PARAMETRIC_REPRESENTATION_CONTEXT() REPRESENTATION_CONTEXT('2D SPACE',''
  ) );
#246 = PCURVE('',#247,#252);
#247 = PLANE('',#248);
#248 = AXIS2_PLACEMENT_3D('',#249,#250,#251);
#249 = CARTESIAN_POINT('',(-20.,-35.,-36.));
#250 = DIRECTION('',(0.,1.,0.));
#251 = DIRECTION('',(0.,0.,1.));
#252 = DEFINITIONAL_REPRESENTATION('',(#253),#257);
#253 = LINE('',#254,#255);
#254 = CARTESIAN_POINT('',(0.,10.));
#255 = VECTOR('',#256,1.);
#256 = DIRECTION('',(1.,0.));
#257 = ( GEOMETRIC_REPRESENTATION_CONTEXT(2) 
PARAMETRIC_REPRESENTATION_CONTEXT() REPRESENTATION_CONTEXT('2D SPACE',''
  ) );
#258 = ORIENTED_EDGE('',*,*,#259,.F.);
#259 = EDGE_CURVE('',#260,#232,#262,.T.);
#260 = VERTEX_POINT('',#261);
#261 = CARTESIAN_POINT('',(-11.88644712743,-34.82045402389,26.));
#262 = SURFACE_CURVE('',#263,(#268,#275),.PCURVE_S1.);
#263 = CIRCLE('',#264,10.);
#264 = AXIS2_PLACEMENT_3D('',#265,#266,#267);
#265 = CARTESIAN_POINT('',(-10.,-25.,26.));
#266 = DIRECTION('',(0.,0.,1.));
#267 = DIRECTION('',(-1.,0.,0.));
#268 = PCURVE('',#44,#269);
#269 = DEFINITIONAL_REPRESENTATION('',(#270),#274);
#270 = LINE('',#271,#272);
#271 = CARTESIAN_POINT('',(0.,62.));
#272 = VECTOR('',#273,1.);
#273 = DIRECTION('',(1.,0.));
#274 = ( GEOMETRIC_REPRESENTATION_CONTEXT(2) 
PARAMETRIC_REPRESENTATION_CONTEXT() REPRESENTATION_CONTEXT('2D SPACE',''
  ) );
#275 = PCURVE('',#276,#281);
#276 = SPHERICAL_SURFACE('',#277,10.);
#277 = AXIS2_PLACEMENT_3D('',#278,#279,#280);
#278 = CARTESIAN_POINT('',(-10.,-25.,26.));
#279 = DIRECTION('',(-0.,-0.,-1.));
#280 = DIRECTION('',(-1.,0.,0.));
#281 = DEFINITIONAL_REPRESENTATION('',(#282),#286);
#282 = LINE('',#283,#284);
#283 = CARTESIAN_POINT('',(-0.,0.));
#284 = VECTOR('',#285,1.);
#285 = DIRECTION('',(-1.,0.));
#286 = ( GEOMETRIC_REPRESENTATION_CONTEXT(2) 
PARAMETRIC_REPRESENTATION_CONTEXT() REPRESENTATION_CONTEXT('2D SPACE',''
  ) );
#287 = ORIENTED_EDGE('',*,*,#288,.T.);
#288 = EDGE_CURVE('',#260,#289,#291,.T.);
#289 = VERTEX_POINT('',#290);
#290 = CARTESIAN_POINT('',(-14.11355287256,-34.11475083392,26.));
#291 = SURFACE_CURVE('',#292,(#311,#333),.PCURVE_S1.);
#292 = B_SPLINE_CURVE_WITH_KNOTS('',5,(#293,#294,#295,#296,#297,#298,
    #299,#300,#301,#302,#303,#304,#305,#306,#307,#308,#309,#310),
  .UNSPECIFIED.,.F.,.F.,(6,4,4,4,6),(0.,0.258169147153,0.561680183872,
    0.709461798496,1.),.UNSPECIFIED.);
#293 = CARTESIAN_POINT('',(-11.88644551098,-34.8204543344,26.0000006));
#294 = CARTESIAN_POINT('',(-11.99900823496,-34.79883176602,
    25.958219016117));
#295 = CARTESIAN_POINT('',(-12.11436062264,-34.77500109839,
    25.921408731527));
#296 = CARTESIAN_POINT('',(-12.23188900003,-34.74889577794,
    25.889974169156));
#297 = CARTESIAN_POINT('',(-12.35093581773,-34.72051475826,
    25.864160127753));
#298 = CARTESIAN_POINT('',(-12.61175674356,-34.65400858229,
    25.820426263471));
#299 = CARTESIAN_POINT('',(-12.75373654801,-34.61507658636,
    25.804708377699));
#300 = CARTESIAN_POINT('',(-12.89567944737,-34.57329305868,
    25.797020255753));
#301 = CARTESIAN_POINT('',(-13.03650428952,-34.52895685748,
    25.797196986757));
#302 = CARTESIAN_POINT('',(-13.24265387433,-34.45992938114,
    25.808497235273));
#303 = CARTESIAN_POINT('',(-13.30967087787,-34.43682106519,
    25.813959304683));
#304 = CARTESIAN_POINT('',(-13.37610056841,-34.41325319486,
    25.821134832669));
#305 = CARTESIAN_POINT('',(-13.44186081009,-34.38927128472,
    25.829969080753));
#306 = CARTESIAN_POINT('',(-13.63472324883,-34.31705002282,
    25.860909439981));
#307 = CARTESIAN_POINT('',(-13.75963213649,-34.26778810893,
    25.887580075624));
#308 = CARTESIAN_POINT('',(-13.88126191483,-34.21743129113,
    25.919963737553));
#309 = CARTESIAN_POINT('',(-13.9993185838,-34.16630561776,
    25.957597956504));
#310 = CARTESIAN_POINT('',(-14.11355448901,-34.11475010441,26.0000006));
#311 = PCURVE('',#44,#312);
#312 = DEFINITIONAL_REPRESENTATION('',(#313),#332);
#313 = B_SPLINE_CURVE_WITH_KNOTS('',5,(#314,#315,#316,#317,#318,#319,
    #320,#321,#322,#323,#324,#325,#326,#327,#328,#329,#330,#331),
  .UNSPECIFIED.,.F.,.F.,(6,4,4,4,6),(0.,0.258169147153,0.561680183872,
    0.709461798496,1.),.UNSPECIFIED.);
#314 = CARTESIAN_POINT('',(1.381014594062,62.0000006));
#315 = CARTESIAN_POINT('',(1.369552525186,61.958219016117));
#316 = CARTESIAN_POINT('',(1.357774841409,61.921408731527));
#317 = CARTESIAN_POINT('',(1.345737432781,61.889974169156));
#318 = CARTESIAN_POINT('',(1.333500619559,61.864160127753));
#319 = CARTESIAN_POINT('',(1.306583965458,61.820426263471));
#320 = CARTESIAN_POINT('',(1.291864258519,61.804708377699));
#321 = CARTESIAN_POINT('',(1.277071269814,61.797020255753));
#322 = CARTESIAN_POINT('',(1.262309769001,61.797196986757));
#323 = CARTESIAN_POINT('',(1.240569841722,61.808497235273));
#324 = CARTESIAN_POINT('',(1.233481211276,61.813959304683));
#325 = CARTESIAN_POINT('',(1.226432922375,61.821134832669));
#326 = CARTESIAN_POINT('',(1.219433511878,61.829969080753));
#327 = CARTESIAN_POINT('',(1.198839378988,61.860909439981));
#328 = CARTESIAN_POINT('',(1.185414202919,61.887580075624));
#329 = CARTESIAN_POINT('',(1.172252405186,61.919963737553));
#330 = CARTESIAN_POINT('',(1.1593887503,61.957597956504));
#331 = CARTESIAN_POINT('',(1.146855668877,62.0000006));
#332 = ( GEOMETRIC_REPRESENTATION_CONTEXT(2) 
PARAMETRIC_REPRESENTATION_CONTEXT() REPRESENTATION_CONTEXT('2D SPACE',''
  ) );
#333 = PCURVE('',#334,#339);
#334 = CYLINDRICAL_SURFACE('',#335,3.2);
#335 = AXIS2_PLACEMENT_3D('',#336,#337,#338);
#336 = CARTESIAN_POINT('',(-13.,-38.,29.));
#337 = DIRECTION('',(0.,1.,0.));
#338 = DIRECTION('',(0.,-0.,1.));
#339 = DEFINITIONAL_REPRESENTATION('',(#340),#359);
#340 = B_SPLINE_CURVE_WITH_KNOTS('',5,(#341,#342,#343,#344,#345,#346,
    #347,#348,#349,#350,#351,#352,#353,#354,#355,#356,#357,#358),
  .UNSPECIFIED.,.F.,.F.,(6,4,4,4,6),(0.,0.258169147153,0.561680183872,
    0.709461798496,1.),.UNSPECIFIED.);
#341 = CARTESIAN_POINT('',(2.786170913084,3.179545665598));
#342 = CARTESIAN_POINT('',(2.823691828581,3.201168233976));
#343 = CARTESIAN_POINT('',(2.861489416345,3.224998901601));
#344 = CARTESIAN_POINT('',(2.899449992968,3.251104222058));
#345 = CARTESIAN_POINT('',(2.937473936948,3.27948524174));
#346 = CARTESIAN_POINT('',(3.020118345504,3.345991417704));
#347 = CARTESIAN_POINT('',(3.06468841786,3.384923413639));
#348 = CARTESIAN_POINT('',(3.109017734104,3.426706941311));
#349 = CARTESIAN_POINT('',(3.15296256566,3.471043142518));
#350 = CARTESIAN_POINT('',(3.217481024544,3.540070618853));
#351 = CARTESIAN_POINT('',(3.23848584909,3.563178934805));
#352 = CARTESIAN_POINT('',(3.259356434475,3.586746805137));
#353 = CARTESIAN_POINT('',(3.28008433403,3.610728715271));
#354 = CARTESIAN_POINT('',(3.341124492836,3.682949977177));
#355 = CARTESIAN_POINT('',(3.380985928863,3.732211891066));
#356 = CARTESIAN_POINT('',(3.420256300172,3.78256870887));
#357 = CARTESIAN_POINT('',(3.458935751412,3.833694382239));
#358 = CARTESIAN_POINT('',(3.497014394096,3.885249895585));
#359 = ( GEOMETRIC_REPRESENTATION_CONTEXT(2) 
PARAMETRIC_REPRESENTATION_CONTEXT() REPRESENTATION_CONTEXT('2D SPACE',''
  ) );
#360 = ORIENTED_EDGE('',*,*,#361,.F.);
#361 = EDGE_CURVE('',#362,#289,#364,.T.);
#362 = VERTEX_POINT('',#363);
#363 = CARTESIAN_POINT('',(-20.,-25.,26.));
#364 = SURFACE_CURVE('',#365,(#370,#377),.PCURVE_S1.);
#365 = CIRCLE('',#366,10.);
#366 = AXIS2_PLACEMENT_3D('',#367,#368,#369);
#367 = CARTESIAN_POINT('',(-10.,-25.,26.));
#368 = DIRECTION('',(0.,0.,1.));
#369 = DIRECTION('',(-1.,0.,0.));
#370 = PCURVE('',#44,#371);
#371 = DEFINITIONAL_REPRESENTATION('',(#372),#376);
#372 = LINE('',#373,#374);
#373 = CARTESIAN_POINT('',(0.,62.));
#374 = VECTOR('',#375,1.);
#375 = DIRECTION('',(1.,0.));
#376 = ( GEOMETRIC_REPRESENTATION_CONTEXT(2) 
PARAMETRIC_REPRESENTATION_CONTEXT() REPRESENTATION_CONTEXT('2D SPACE',''
  ) );
#377 = PCURVE('',#378,#383);
#378 = SPHERICAL_SURFACE('',#379,10.);
#379 = AXIS2_PLACEMENT_3D('',#380,#381,#382);
#380 = CARTESIAN_POINT('',(-10.,-25.,26.));
#381 = DIRECTION('',(-0.,-0.,-1.));
#382 = DIRECTION('',(-1.,0.,0.));
#383 = DEFINITIONAL_REPRESENTATION('',(#384),#388);
#384 = LINE('',#385,#386);
#385 = CARTESIAN_POINT('',(-0.,0.));
#386 = VECTOR('',#387,1.);
#387 = DIRECTION('',(-1.,0.));
#388 = ( GEOMETRIC_REPRESENTATION_CONTEXT(2) 
PARAMETRIC_REPRESENTATION_CONTEXT() REPRESENTATION_CONTEXT('2D SPACE',''
  ) );
#389 = ORIENTED_EDGE('',*,*,#390,.F.);
#390 = EDGE_CURVE('',#391,#362,#393,.T.);
#391 = VERTEX_POINT('',#392);
#392 = CARTESIAN_POINT('',(-20.,-25.,25.716342659695));
#393 = SURFACE_CURVE('',#394,(#398,#405),.PCURVE_S1.);
#394 = LINE('',#395,#396);
#395 = CARTESIAN_POINT('',(-20.,-25.,-36.));
#396 = VECTOR('',#397,1.);
#397 = DIRECTION('',(0.,0.,1.));
#398 = PCURVE('',#44,#399);
#399 = DEFINITIONAL_REPRESENTATION('',(#400),#404);
#400 = LINE('',#401,#402);
#401 = CARTESIAN_POINT('',(0.,0.));
#402 = VECTOR('',#403,1.);
#403 = DIRECTION('',(0.,1.));
#404 = ( GEOMETRIC_REPRESENTATION_CONTEXT(2) 
PARAMETRIC_REPRESENTATION_CONTEXT() REPRESENTATION_CONTEXT('2D SPACE',''
  ) );
#405 = PCURVE('',#406,#411);
#406 = PLANE('',#407);
#407 = AXIS2_PLACEMENT_3D('',#408,#409,#410);
#408 = CARTESIAN_POINT('',(-20.,-35.,-36.));
#409 = DIRECTION('',(1.,0.,0.));
#410 = DIRECTION('',(0.,0.,1.));
#411 = DEFINITIONAL_REPRESENTATION('',(#412),#416);
#412 = LINE('',#413,#414);
#413 = CARTESIAN_POINT('',(0.,-10.));
#414 = VECTOR('',#415,1.);
#415 = DIRECTION('',(1.,0.));
#416 = ( GEOMETRIC_REPRESENTATION_CONTEXT(2) 
PARAMETRIC_REPRESENTATION_CONTEXT() REPRESENTATION_CONTEXT('2D SPACE',''
  ) );
#417 = ORIENTED_EDGE('',*,*,#418,.T.);
#418 = EDGE_CURVE('',#391,#24,#419,.T.);
#419 = SURFACE_CURVE('',#420,(#477,#537),.PCURVE_S1.);
#420 = B_SPLINE_CURVE_WITH_KNOTS('',7,(#421,#422,#423,#424,#425,#426,
    #427,#428,#429,#430,#431,#432,#433,#434,#435,#436,#437,#438,#439,
    #440,#441,#442,#443,#444,#445,#446,#447,#448,#449,#450,#451,#452,
    #453,#454,#455,#456,#457,#458,#459,#460,#461,#462,#463,#464,#465,
    #466,#467,#468,#469,#470,#471,#472,#473,#474,#475,#476),
  .UNSPECIFIED.,.F.,.F.,(8,6,6,6,6,6,6,6,6,8),(0.,7.205943151468E-02,
    0.124039188467,0.26444094089,0.378820995633,0.499930805642,
    0.621079450921,0.736195950484,0.928580001333,1.),.UNSPECIFIED.);
#421 = CARTESIAN_POINT('',(-20.,-25.,25.716342659695));
#422 = CARTESIAN_POINT('',(-20.,-25.25530295504,25.549576745049));
#423 = CARTESIAN_POINT('',(-19.99239593362,-25.50333042784,
    25.377439473241));
#424 = CARTESIAN_POINT('',(-19.97796705873,-25.74397584521,
    25.200377661385));
#425 = CARTESIAN_POINT('',(-19.95744395234,-25.97716840466,
    25.018832458427));
#426 = CARTESIAN_POINT('',(-19.93151231878,-26.20286986857,
    24.83323688164));
#427 = CARTESIAN_POINT('',(-19.90081679795,-26.42107135829,
    24.644013353125));
#428 = CARTESIAN_POINT('',(-19.84082441749,-26.7837912294,
    24.312753953841));
#429 = CARTESIAN_POINT('',(-19.8135120635,-26.93195395452,
    24.172211560259));
#430 = CARTESIAN_POINT('',(-19.78424452252,-27.07632815942,
    24.030051346961));
#431 = CARTESIAN_POINT('',(-19.75322425802,-27.21696723897,
    23.886371060414));
#432 = CARTESIAN_POINT('',(-19.72064047507,-27.35392756912,
    23.741258385832));
#433 = CARTESIAN_POINT('',(-19.68667020954,-27.48726792878,
    23.59479043084));
#434 = CARTESIAN_POINT('',(-19.55642608878,-27.96759844164,
    23.04792836385));
#435 = CARTESIAN_POINT('',(-19.45242891384,-28.29232375429,
    22.639252770008));
#436 = CARTESIAN_POINT('',(-19.34275685061,-28.59232800802,
    22.222351819095));
#437 = CARTESIAN_POINT('',(-19.2301528928,-28.86867219482,
    21.798179688984));
#438 = CARTESIAN_POINT('',(-19.11700035911,-29.12231585236,
    21.367337345881));
#439 = CARTESIAN_POINT('',(-19.00544834828,-29.3540595069,
    20.930121341554));
#440 = CARTESIAN_POINT('',(-18.80955191356,-29.7359177761,
    20.125249644079));
#441 = CARTESIAN_POINT('',(-18.7240012265,-29.89319238623,
    19.759738267268));
#442 = CARTESIAN_POINT('',(-18.64200362282,-30.03647874287,
    19.39040106892));
#443 = CARTESIAN_POINT('',(-18.56464838656,-30.16590942579,
    19.017536649617));
#444 = CARTESIAN_POINT('',(-18.4929510426,-30.28158176693,
    18.641388369337));
#445 = CARTESIAN_POINT('',(-18.42784150332,-30.38354959287,
    18.262142898974));
#446 = CARTESIAN_POINT('',(-18.30905192718,-30.56526024134,
    17.47522762611));
#447 = CARTESIAN_POINT('',(-18.25625449482,-30.64336589291,17.0670963476
    ));
#448 = CARTESIAN_POINT('',(-18.2128393819,-30.70595138962,
    16.656358587943));
#449 = CARTESIAN_POINT('',(-18.17966939032,-30.75294237707,
    16.243707039982));
#450 = CARTESIAN_POINT('',(-18.15734112987,-30.78430262402,
    15.82974006431));
#451 = CARTESIAN_POINT('',(-18.14616474176,-30.8,15.414998034465));
#452 = CARTESIAN_POINT('',(-18.14616474176,-30.8,14.584868891584));
#453 = CARTESIAN_POINT('',(-18.15734829857,-30.78429255544,
    14.169994208266));
#454 = CARTESIAN_POINT('',(-18.17969084852,-30.7529122389,
    13.755895373747));
#455 = CARTESIAN_POINT('',(-18.21288185491,-30.70589121818,
    13.343113170905));
#456 = CARTESIAN_POINT('',(-18.25632396645,-30.64326574396,
    12.93224645404));
#457 = CARTESIAN_POINT('',(-18.30915333142,-30.56511023055,
    12.523988542196));
#458 = CARTESIAN_POINT('',(-18.42836517557,-30.38274367649,
    11.734494810915));
#459 = CARTESIAN_POINT('',(-18.49395529583,-30.28000306662,
    11.35283590787));
#460 = CARTESIAN_POINT('',(-18.5662109336,-30.16338162218,
    10.974316957989));
#461 = CARTESIAN_POINT('',(-18.6441834865,-30.03282379501,
    10.599127252641));
#462 = CARTESIAN_POINT('',(-18.72683687857,-29.88822915865,
    10.227514148271));
#463 = CARTESIAN_POINT('',(-18.81305965534,-29.72946080048,
    9.859781585523));
#464 = CARTESIAN_POINT('',(-19.04975275248,-29.26703694733,
    8.888813182872));
#465 = CARTESIAN_POINT('',(-19.20434325522,-28.93796997234,
    8.293826981251));
#466 = CARTESIAN_POINT('',(-19.36040610169,-28.56748342095,
    7.710827607596));
#467 = CARTESIAN_POINT('',(-19.51240390733,-28.15309071746,
    7.140564752472));
#468 = CARTESIAN_POINT('',(-19.65369057482,-27.69187703852,
    6.585169109941));
#469 = CARTESIAN_POINT('',(-19.77597266907,-27.18086649629,
    6.048350229833));
#470 = CARTESIAN_POINT('',(-19.90258220945,-26.40846335861,
    5.345067329067));
#471 = CARTESIAN_POINT('',(-19.93275465036,-26.19200597108,
    5.157839218467));
#472 = CARTESIAN_POINT('',(-19.95823042539,-25.96819018868,
    4.974183444487));
#473 = CARTESIAN_POINT('',(-19.97838181182,-25.73702666612,
    4.794511996041));
#474 = CARTESIAN_POINT('',(-19.99254170322,-25.49855442692,
    4.619246720511));
#475 = CARTESIAN_POINT('',(-20.,-25.25284390728,4.448816985453));
#476 = CARTESIAN_POINT('',(-20.,-25.,4.283657340305));
#477 = PCURVE('',#44,#478);
#478 = DEFINITIONAL_REPRESENTATION('',(#479),#536);
#479 = B_SPLINE_CURVE_WITH_KNOTS('',7,(#480,#481,#482,#483,#484,#485,
    #486,#487,#488,#489,#490,#491,#492,#493,#494,#495,#496,#497,#498,
    #499,#500,#501,#502,#503,#504,#505,#506,#507,#508,#509,#510,#511,
    #512,#513,#514,#515,#516,#517,#518,#519,#520,#521,#522,#523,#524,
    #525,#526,#527,#528,#529,#530,#531,#532,#533,#534,#535),
  .UNSPECIFIED.,.F.,.F.,(8,6,6,6,6,6,6,6,6,8),(0.,7.205943151468E-02,
    0.124039188467,0.26444094089,0.378820995633,0.499930805642,
    0.621079450921,0.736195950484,0.928580001333,1.),.UNSPECIFIED.);
#480 = CARTESIAN_POINT('',(0.,61.716342659695));
#481 = CARTESIAN_POINT('',(2.553029550428E-02,61.549576745049));
#482 = CARTESIAN_POINT('',(5.033306493043E-02,61.377439473241));
#483 = CARTESIAN_POINT('',(7.442474301174E-02,61.200377661385));
#484 = CARTESIAN_POINT('',(9.781857543438E-02,61.018832458427));
#485 = CARTESIAN_POINT('',(0.120525303798,60.83323688164));
#486 = CARTESIAN_POINT('',(0.142553850575,60.644013353125));
#487 = CARTESIAN_POINT('',(0.179318615039,60.312753953841));
#488 = CARTESIAN_POINT('',(0.194381980448,60.172211560259));
#489 = CARTESIAN_POINT('',(0.209109441158,60.030051346961));
#490 = CARTESIAN_POINT('',(0.223507750859,59.886371060414));
#491 = CARTESIAN_POINT('',(0.23758315867,59.741258385832));
#492 = CARTESIAN_POINT('',(0.251341491734,59.59479043084));
#493 = CARTESIAN_POINT('',(0.301109044674,59.04792836385));
#494 = CARTESIAN_POINT('',(0.335171544166,58.639252770008));
#495 = CARTESIAN_POINT('',(0.367074657284,58.222351819095));
#496 = CARTESIAN_POINT('',(0.396884116546,57.798179688984));
#497 = CARTESIAN_POINT('',(0.424638350174,57.367337345881));
#498 = CARTESIAN_POINT('',(0.450349554532,56.930121341554));
#499 = CARTESIAN_POINT('',(0.493267051068,56.125249644079));
#500 = CARTESIAN_POINT('',(0.51116550586,55.759738267268));
#501 = CARTESIAN_POINT('',(0.527668855373,55.39040106892));
#502 = CARTESIAN_POINT('',(0.542743401346,55.017536649617));
#503 = CARTESIAN_POINT('',(0.556350398814,54.641388369337));
#504 = CARTESIAN_POINT('',(0.568447922386,54.262142898974));
#505 = CARTESIAN_POINT('',(0.590157303576,53.47522762611));
#506 = CARTESIAN_POINT('',(0.599583824005,53.0670963476));
#507 = CARTESIAN_POINT('',(0.607200220113,52.656358587943));
#508 = CARTESIAN_POINT('',(0.612952010974,52.243707039981));
#509 = CARTESIAN_POINT('',(0.616801734014,51.82974006431));
#510 = CARTESIAN_POINT('',(0.618728690672,51.414998034465));
#511 = CARTESIAN_POINT('',(0.618728690672,50.584868891584));
#512 = CARTESIAN_POINT('',(0.616800498046,50.169994208266));
#513 = CARTESIAN_POINT('',(0.612948311248,49.755895373747));
#514 = CARTESIAN_POINT('',(0.607192855045,49.343113170905));
#515 = CARTESIAN_POINT('',(0.599571636379,48.93224645404));
#516 = CARTESIAN_POINT('',(0.590139198815,48.523988542196));
#517 = CARTESIAN_POINT('',(0.568351811678,47.734494810915));
#518 = CARTESIAN_POINT('',(0.556163305148,47.35283590787));
#519 = CARTESIAN_POINT('',(0.542446270459,46.974316957989));
#520 = CARTESIAN_POINT('',(0.527243402666,46.599127252641));
#521 = CARTESIAN_POINT('',(0.510594081822,46.227514148271));
#522 = CARTESIAN_POINT('',(0.492532439426,45.859781585523));
#523 = CARTESIAN_POINT('',(0.44058444214,44.888813182872));
#524 = CARTESIAN_POINT('',(0.404248357952,44.293826981251));
#525 = CARTESIAN_POINT('',(0.36410179351,43.710827607596));
#526 = CARTESIAN_POINT('',(0.320061236779,43.140564752472));
#527 = CARTESIAN_POINT('',(0.271958359275,42.585169109941));
#528 = CARTESIAN_POINT('',(0.219552224156,42.048350229833));
#529 = CARTESIAN_POINT('',(0.141281119475,41.345067329067));
#530 = CARTESIAN_POINT('',(0.119432402272,41.157839218467));
#531 = CARTESIAN_POINT('',(9.691791036723E-02,40.974183444487));
#532 = CARTESIAN_POINT('',(7.372904850388E-02,40.794511996041));
#533 = CARTESIAN_POINT('',(4.985546353963E-02,40.619246720511));
#534 = CARTESIAN_POINT('',(2.528439072801E-02,40.448816985453));
#535 = CARTESIAN_POINT('',(0.,40.283657340305));
#536 = ( GEOMETRIC_REPRESENTATION_CONTEXT(2) 
PARAMETRIC_REPRESENTATION_CONTEXT() REPRESENTATION_CONTEXT('2D SPACE',''
  ) );
#537 = PCURVE('',#155,#538);
#538 = DEFINITIONAL_REPRESENTATION('',(#539),#596);
#539 = B_SPLINE_CURVE_WITH_KNOTS('',7,(#540,#541,#542,#543,#544,#545,
    #546,#547,#548,#549,#550,#551,#552,#553,#554,#555,#556,#557,#558,
    #559,#560,#561,#562,#563,#564,#565,#566,#567,#568,#569,#570,#571,
    #572,#573,#574,#575,#576,#577,#578,#579,#580,#581,#582,#583,#584,
    #585,#586,#587,#588,#589,#590,#591,#592,#593,#594,#595),
  .UNSPECIFIED.,.F.,.F.,(8,6,6,6,6,6,6,6,6,8),(0.,7.205943151468E-02,
    0.124039188467,0.26444094089,0.378820995633,0.499930805642,
    0.621079450921,0.736195950484,0.928580001333,1.),.UNSPECIFIED.);
#540 = CARTESIAN_POINT('',(0.578627050899,2.));
#541 = CARTESIAN_POINT('',(0.602450752991,2.));
#542 = CARTESIAN_POINT('',(0.626028070045,2.007604066379));
#543 = CARTESIAN_POINT('',(0.649355042383,2.022032941266));
#544 = CARTESIAN_POINT('',(0.672428200302,2.042556047657));
#545 = CARTESIAN_POINT('',(0.69524448284,2.068487681212));
#546 = CARTESIAN_POINT('',(0.717801156564,2.099183202043));
#547 = CARTESIAN_POINT('',(0.75617783088,2.159175582501));
#548 = CARTESIAN_POINT('',(0.772129386932,2.186487936498));
#549 = CARTESIAN_POINT('',(0.787954419761,2.215755477477));
#550 = CARTESIAN_POINT('',(0.803657155814,2.246775741976));
#551 = CARTESIAN_POINT('',(0.819242083756,2.279359524922));
#552 = CARTESIAN_POINT('',(0.834714007494,2.313329790459));
#553 = CARTESIAN_POINT('',(0.891577820025,2.44357391122));
#554 = CARTESIAN_POINT('',(0.932307919905,2.547571086155));
#555 = CARTESIAN_POINT('',(0.972363008912,2.657243149386));
#556 = CARTESIAN_POINT('',(1.011839109222,2.769847107197));
#557 = CARTESIAN_POINT('',(1.050835708723,2.882999640885));
#558 = CARTESIAN_POINT('',(1.089456689306,2.994551651713));
#559 = CARTESIAN_POINT('',(1.159055242896,3.190448086435));
#560 = CARTESIAN_POINT('',(1.190121239266,3.275998773494));
#561 = CARTESIAN_POINT('',(1.221038659059,3.357996377171));
#562 = CARTESIAN_POINT('',(1.251838145869,3.435351613436));
#563 = CARTESIAN_POINT('',(1.282551515234,3.5070489574));
#564 = CARTESIAN_POINT('',(1.313212754445,3.572158496673));
#565 = CARTESIAN_POINT('',(1.376308276957,3.690948072814));
#566 = CARTESIAN_POINT('',(1.408748906143,3.743745505176));
#567 = CARTESIAN_POINT('',(1.441170978529,3.787160618099));
#568 = CARTESIAN_POINT('',(1.473576029496,3.820330609674));
#569 = CARTESIAN_POINT('',(1.505972892311,3.842658870128));
#570 = CARTESIAN_POINT('',(1.538374605352,3.853835258233));
#571 = CARTESIAN_POINT('',(1.60322844464,3.853835258233));
#572 = CARTESIAN_POINT('',(1.635640521216,3.842651701421));
#573 = CARTESIAN_POINT('',(1.668047739127,3.820309151471));
#574 = CARTESIAN_POINT('',(1.700463157427,3.787118145085));
#575 = CARTESIAN_POINT('',(1.732895624279,3.743676033545));
#576 = CARTESIAN_POINT('',(1.765346680131,3.690846668572));
#577 = CARTESIAN_POINT('',(1.828650009216,3.571634824423));
#578 = CARTESIAN_POINT('',(1.859508628154,3.506044704165));
#579 = CARTESIAN_POINT('',(1.890420215791,3.4337890664));
#580 = CARTESIAN_POINT('',(1.921419509441,3.355816513498));
#581 = CARTESIAN_POINT('',(1.952539037915,3.273163121429));
#582 = CARTESIAN_POINT('',(1.983810160607,3.186940344653));
#583 = CARTESIAN_POINT('',(2.067830518412,2.950247247518));
#584 = CARTESIAN_POINT('',(2.120851503952,2.795656744779));
#585 = CARTESIAN_POINT('',(2.17465555973,2.639593898302));
#586 = CARTESIAN_POINT('',(2.229529304638,2.487596092664));
#587 = CARTESIAN_POINT('',(2.285729009054,2.346309425171));
#588 = CARTESIAN_POINT('',(2.34348384356,2.224027330921));
#589 = CARTESIAN_POINT('',(2.425094126708,2.097417790545));
#590 = CARTESIAN_POINT('',(2.447445940724,2.067245349631));
#591 = CARTESIAN_POINT('',(2.470052535815,2.041769574609));
#592 = CARTESIAN_POINT('',(2.492911108333,2.021618188176));
#593 = CARTESIAN_POINT('',(2.516018550027,2.007458296775));
#594 = CARTESIAN_POINT('',(2.53937136767,2.));
#595 = CARTESIAN_POINT('',(2.562965602691,2.));
#596 = ( GEOMETRIC_REPRESENTATION_CONTEXT(2) 
PARAMETRIC_REPRESENTATION_CONTEXT() REPRESENTATION_CONTEXT('2D SPACE',''
  ) );
#597 = ADVANCED_FACE('',(#598),#155,.F.);
#598 = FACE_BOUND('',#599,.F.);
#599 = EDGE_LOOP('',(#600,#625,#671,#700,#887,#916,#955,#956,#1011,#1084
    ,#1172,#1198,#1286,#1359,#1414,#1629,#1652,#1693,#1715,#1716,#1717,
    #1756,#1757,#1972,#2033,#2062,#2192,#2218,#2348,#2377));
#600 = ORIENTED_EDGE('',*,*,#601,.T.);
#601 = EDGE_CURVE('',#602,#604,#606,.T.);
#602 = VERTEX_POINT('',#603);
#603 = CARTESIAN_POINT('',(15.493997598078,-18.,27.8));
#604 = VERTEX_POINT('',#605);
#605 = CARTESIAN_POINT('',(19.836666101886,-18.,27.8));
#606 = SEAM_CURVE('',#607,(#611,#618),.PCURVE_S1.);
#607 = LINE('',#608,#609);
#608 = CARTESIAN_POINT('',(-22.,-18.,27.8));
#609 = VECTOR('',#610,1.);
#610 = DIRECTION('',(1.,0.,0.));
#611 = PCURVE('',#155,#612);
#612 = DEFINITIONAL_REPRESENTATION('',(#613),#617);
#613 = LINE('',#614,#615);
#614 = CARTESIAN_POINT('',(6.28318530718,-0.));
#615 = VECTOR('',#616,1.);
#616 = DIRECTION('',(0.,1.));
#617 = ( GEOMETRIC_REPRESENTATION_CONTEXT(2) 
PARAMETRIC_REPRESENTATION_CONTEXT() REPRESENTATION_CONTEXT('2D SPACE',''
  ) );
#618 = PCURVE('',#155,#619);
#619 = DEFINITIONAL_REPRESENTATION('',(#620),#624);
#620 = LINE('',#621,#622);
#621 = CARTESIAN_POINT('',(0.,-0.));
#622 = VECTOR('',#623,1.);
#623 = DIRECTION('',(0.,1.));
#624 = ( GEOMETRIC_REPRESENTATION_CONTEXT(2) 
PARAMETRIC_REPRESENTATION_CONTEXT() REPRESENTATION_CONTEXT('2D SPACE',''
  ) );
#625 = ORIENTED_EDGE('',*,*,#626,.F.);
#626 = EDGE_CURVE('',#627,#604,#629,.T.);
#627 = VERTEX_POINT('',#628);
#628 = CARTESIAN_POINT('',(20.,-11.45477273121,26.));
#629 = SURFACE_CURVE('',#630,(#640,#653),.PCURVE_S1.);
#630 = B_SPLINE_CURVE_WITH_KNOTS('',8,(#631,#632,#633,#634,#635,#636,
    #637,#638,#639),.UNSPECIFIED.,.F.,.F.,(9,9),(0.,1.),
  .PIECEWISE_BEZIER_KNOTS.);
#631 = CARTESIAN_POINT('',(20.,-11.45477273121,26.));
#632 = CARTESIAN_POINT('',(20.,-12.22751414576,26.45979710711));
#633 = CARTESIAN_POINT('',(19.975838732711,-13.02186873384,
    26.848450017111));
#634 = CARTESIAN_POINT('',(19.94059871109,-13.83225598915,
    27.168460608964));
#635 = CARTESIAN_POINT('',(19.903477095737,-14.65438992428,
    27.422124111474));
#636 = CARTESIAN_POINT('',(19.871208772228,-15.48487538668,
    27.611234279189));
#637 = CARTESIAN_POINT('',(19.848192795021,-16.32090828044,
    27.737007969205));
#638 = CARTESIAN_POINT('',(19.836666101886,-17.16005290409,27.8));
#639 = CARTESIAN_POINT('',(19.836666101886,-18.,27.8));
#640 = PCURVE('',#155,#641);
#641 = DEFINITIONAL_REPRESENTATION('',(#642),#652);
#642 = B_SPLINE_CURVE_WITH_KNOTS('',8,(#643,#644,#645,#646,#647,#648,
    #649,#650,#651),.UNSPECIFIED.,.F.,.F.,(9,9),(0.,1.),
  .PIECEWISE_BEZIER_KNOTS.);
#643 = CARTESIAN_POINT('',(5.746435129951,42.));
#644 = CARTESIAN_POINT('',(5.816684349455,42.));
#645 = CARTESIAN_POINT('',(5.885542515808,41.975838732711));
#646 = CARTESIAN_POINT('',(5.953263184132,41.94059871109));
#647 = CARTESIAN_POINT('',(6.020090659734,41.903477095737));
#648 = CARTESIAN_POINT('',(6.086260607266,41.871208772228));
#649 = CARTESIAN_POINT('',(6.152006268099,41.848192795021));
#650 = CARTESIAN_POINT('',(6.217564440312,41.836666101886));
#651 = CARTESIAN_POINT('',(6.28318530718,41.836666101886));
#652 = ( GEOMETRIC_REPRESENTATION_CONTEXT(2) 
PARAMETRIC_REPRESENTATION_CONTEXT() REPRESENTATION_CONTEXT('2D SPACE',''
  ) );
#653 = PCURVE('',#654,#659);
#654 = CYLINDRICAL_SURFACE('',#655,10.);
#655 = AXIS2_PLACEMENT_3D('',#656,#657,#658);
#656 = CARTESIAN_POINT('',(10.,-35.,26.));
#657 = DIRECTION('',(0.,1.,0.));
#658 = DIRECTION('',(1.,0.,-0.));
#659 = DEFINITIONAL_REPRESENTATION('',(#660),#670);
#660 = B_SPLINE_CURVE_WITH_KNOTS('',8,(#661,#662,#663,#664,#665,#666,
    #667,#668,#669),.UNSPECIFIED.,.F.,.F.,(9,9),(0.,1.),
  .PIECEWISE_BEZIER_KNOTS.);
#661 = CARTESIAN_POINT('',(0.,23.545227268781));
#662 = CARTESIAN_POINT('',(-4.597971071099E-02,22.772485854235));
#663 = CARTESIAN_POINT('',(-8.48450435515E-02,21.978131266156));
#664 = CARTESIAN_POINT('',(-0.116993965139,21.167744010842));
#665 = CARTESIAN_POINT('',(-0.142613059274,20.345610075715));
#666 = CARTESIAN_POINT('',(-0.161796592434,19.515124613312));
#667 = CARTESIAN_POINT('',(-0.17458262082,18.679091719557));
#668 = CARTESIAN_POINT('',(-0.180986451247,17.839947095909));
#669 = CARTESIAN_POINT('',(-0.180986451247,17.));
#670 = ( GEOMETRIC_REPRESENTATION_CONTEXT(2) 
PARAMETRIC_REPRESENTATION_CONTEXT() REPRESENTATION_CONTEXT('2D SPACE',''
  ) );
#671 = ORIENTED_EDGE('',*,*,#672,.F.);
#672 = EDGE_CURVE('',#673,#627,#675,.T.);
#673 = VERTEX_POINT('',#674);
#674 = CARTESIAN_POINT('',(20.,-25.,4.283657340305));
#675 = SURFACE_CURVE('',#676,(#681,#688),.PCURVE_S1.);
#676 = CIRCLE('',#677,12.8);
#677 = AXIS2_PLACEMENT_3D('',#678,#679,#680);
#678 = CARTESIAN_POINT('',(20.,-18.,15.));
#679 = DIRECTION('',(1.,0.,0.));
#680 = DIRECTION('',(-0.,0.,1.));
#681 = PCURVE('',#155,#682);
#682 = DEFINITIONAL_REPRESENTATION('',(#683),#687);
#683 = LINE('',#684,#685);
#684 = CARTESIAN_POINT('',(0.,42.));
#685 = VECTOR('',#686,1.);
#686 = DIRECTION('',(1.,0.));
#687 = ( GEOMETRIC_REPRESENTATION_CONTEXT(2) 
PARAMETRIC_REPRESENTATION_CONTEXT() REPRESENTATION_CONTEXT('2D SPACE',''
  ) );
#688 = PCURVE('',#689,#694);
#689 = PLANE('',#690);
#690 = AXIS2_PLACEMENT_3D('',#691,#692,#693);
#691 = CARTESIAN_POINT('',(20.,-35.,-36.));
#692 = DIRECTION('',(1.,0.,0.));
#693 = DIRECTION('',(0.,0.,1.));
#694 = DEFINITIONAL_REPRESENTATION('',(#695),#699);
#695 = CIRCLE('',#696,12.8);
#696 = AXIS2_PLACEMENT_2D('',#697,#698);
#697 = CARTESIAN_POINT('',(51.,-17.));
#698 = DIRECTION('',(1.,0.));
#699 = ( GEOMETRIC_REPRESENTATION_CONTEXT(2) 
PARAMETRIC_REPRESENTATION_CONTEXT() REPRESENTATION_CONTEXT('2D SPACE',''
  ) );
#700 = ORIENTED_EDGE('',*,*,#701,.F.);
#701 = EDGE_CURVE('',#702,#673,#704,.T.);
#702 = VERTEX_POINT('',#703);
#703 = CARTESIAN_POINT('',(20.,-25.,25.716342659695));
#704 = SURFACE_CURVE('',#705,(#762,#822),.PCURVE_S1.);
#705 = B_SPLINE_CURVE_WITH_KNOTS('',7,(#706,#707,#708,#709,#710,#711,
    #712,#713,#714,#715,#716,#717,#718,#719,#720,#721,#722,#723,#724,
    #725,#726,#727,#728,#729,#730,#731,#732,#733,#734,#735,#736,#737,
    #738,#739,#740,#741,#742,#743,#744,#745,#746,#747,#748,#749,#750,
    #751,#752,#753,#754,#755,#756,#757,#758,#759,#760,#761),
  .UNSPECIFIED.,.F.,.F.,(8,6,6,6,6,6,6,6,6,8),(0.,7.205943522543E-02,
    0.124039193379,0.264440945018,0.378820999124,0.499930808458,
    0.621079453062,0.736195951982,0.928580001759,1.),.UNSPECIFIED.);
#706 = CARTESIAN_POINT('',(20.,-25.,25.716342659695));
#707 = CARTESIAN_POINT('',(20.,-25.25530295504,25.54957674505));
#708 = CARTESIAN_POINT('',(19.992395933621,-25.50333042784,
    25.377439473241));
#709 = CARTESIAN_POINT('',(19.977967058734,-25.74397584521,
    25.200377661385));
#710 = CARTESIAN_POINT('',(19.957443952343,-25.97716840466,
    25.018832458427));
#711 = CARTESIAN_POINT('',(19.931512318788,-26.20286986857,
    24.833236881639));
#712 = CARTESIAN_POINT('',(19.900816797957,-26.42107135829,
    24.644013353124));
#713 = CARTESIAN_POINT('',(19.840824418213,-26.78379122508,
    24.312753957783));
#714 = CARTESIAN_POINT('',(19.81351206367,-26.93195395428,
    24.172211560757));
#715 = CARTESIAN_POINT('',(19.784244521905,-27.07632816281,
    24.030051343744));
#716 = CARTESIAN_POINT('',(19.753224257258,-27.216967242,23.886371057084
    ));
#717 = CARTESIAN_POINT('',(19.720640475098,-27.35392756847,
    23.741258386241));
#718 = CARTESIAN_POINT('',(19.686670210551,-27.48726792506,
    23.594790435079));
#719 = CARTESIAN_POINT('',(19.55642608878,-27.96759844164,
    23.047928363848));
#720 = CARTESIAN_POINT('',(19.452428913845,-28.29232375429,
    22.639252770007));
#721 = CARTESIAN_POINT('',(19.342756850614,-28.59232800801,
    22.222351819099));
#722 = CARTESIAN_POINT('',(19.230152892804,-28.86867219482,
    21.798179688987));
#723 = CARTESIAN_POINT('',(19.117000359115,-29.12231585237,
    21.367337345878));
#724 = CARTESIAN_POINT('',(19.005448348286,-29.3540595069,
    20.930121341552));
#725 = CARTESIAN_POINT('',(18.809551913565,-29.7359177761,
    20.125249644079));
#726 = CARTESIAN_POINT('',(18.724001226506,-29.89319238623,
    19.759738267269));
#727 = CARTESIAN_POINT('',(18.642003622829,-30.03647874287,
    19.390401068921));
#728 = CARTESIAN_POINT('',(18.564648386564,-30.16590942579,
    19.017536649618));
#729 = CARTESIAN_POINT('',(18.4929510426,-30.28158176693,18.641388369338
    ));
#730 = CARTESIAN_POINT('',(18.427841503327,-30.38354959287,
    18.262142898973));
#731 = CARTESIAN_POINT('',(18.309051927186,-30.56526024134,
    17.475227626112));
#732 = CARTESIAN_POINT('',(18.256254494824,-30.64336589291,
    17.067096347599));
#733 = CARTESIAN_POINT('',(18.212839381901,-30.70595138962,
    16.656358587943));
#734 = CARTESIAN_POINT('',(18.179669390326,-30.75294237707,
    16.243707039982));
#735 = CARTESIAN_POINT('',(18.157341129872,-30.78430262402,
    15.829740064309));
#736 = CARTESIAN_POINT('',(18.146164741767,-30.8,15.414998034467));
#737 = CARTESIAN_POINT('',(18.146164741767,-30.8,14.584868891586));
#738 = CARTESIAN_POINT('',(18.157348298579,-30.78429255544,
    14.169994208266));
#739 = CARTESIAN_POINT('',(18.179690848529,-30.7529122389,
    13.755895373746));
#740 = CARTESIAN_POINT('',(18.212881854915,-30.70589121818,
    13.343113170904));
#741 = CARTESIAN_POINT('',(18.256323966455,-30.64326574396,
    12.93224645404));
#742 = CARTESIAN_POINT('',(18.309153331428,-30.56511023055,
    12.523988542197));
#743 = CARTESIAN_POINT('',(18.428365175577,-30.38274367649,
    11.734494810914));
#744 = CARTESIAN_POINT('',(18.493955295835,-30.28000306662,
    11.35283590787));
#745 = CARTESIAN_POINT('',(18.5662109336,-30.16338162218,10.974316957989
    ));
#746 = CARTESIAN_POINT('',(18.644183486502,-30.03282379501,
    10.599127252641));
#747 = CARTESIAN_POINT('',(18.726836878571,-29.88822915864,
    10.22751414827));
#748 = CARTESIAN_POINT('',(18.813059655347,-29.72946080048,
    9.859781585523));
#749 = CARTESIAN_POINT('',(19.049752752483,-29.26703694733,
    8.888813182866));
#750 = CARTESIAN_POINT('',(19.204343255221,-28.93796997233,
    8.293826981251));
#751 = CARTESIAN_POINT('',(19.360406101692,-28.56748342096,
    7.710827607613));
#752 = CARTESIAN_POINT('',(19.512403907341,-28.15309071746,
    7.140564752462));
#753 = CARTESIAN_POINT('',(19.653690574831,-27.6918770385,6.585169109926
    ));
#754 = CARTESIAN_POINT('',(19.775972669077,-27.1808664963,6.048350229847
    ));
#755 = CARTESIAN_POINT('',(19.902582209442,-26.40846335869,
    5.345067329137));
#756 = CARTESIAN_POINT('',(19.932754650372,-26.1920059711,5.15783921847)
  );
#757 = CARTESIAN_POINT('',(19.9582304254,-25.96819018861,4.974183444429)
  );
#758 = CARTESIAN_POINT('',(19.978381811826,-25.73702666605,4.79451199599
    ));
#759 = CARTESIAN_POINT('',(19.992541703221,-25.49855442693,
    4.619246720524));
#760 = CARTESIAN_POINT('',(20.,-25.25284390737,4.448816985518));
#761 = CARTESIAN_POINT('',(20.,-25.,4.283657340305));
#762 = PCURVE('',#155,#763);
#763 = DEFINITIONAL_REPRESENTATION('',(#764),#821);
#764 = B_SPLINE_CURVE_WITH_KNOTS('',7,(#765,#766,#767,#768,#769,#770,
    #771,#772,#773,#774,#775,#776,#777,#778,#779,#780,#781,#782,#783,
    #784,#785,#786,#787,#788,#789,#790,#791,#792,#793,#794,#795,#796,
    #797,#798,#799,#800,#801,#802,#803,#804,#805,#806,#807,#808,#809,
    #810,#811,#812,#813,#814,#815,#816,#817,#818,#819,#820),
  .UNSPECIFIED.,.F.,.F.,(8,6,6,6,6,6,6,6,6,8),(0.,7.205943522543E-02,
    0.124039193379,0.264440945018,0.378820999124,0.499930808458,
    0.621079453062,0.736195951982,0.928580001759,1.),.UNSPECIFIED.);
#765 = CARTESIAN_POINT('',(0.578627050899,42.));
#766 = CARTESIAN_POINT('',(0.602450752991,42.));
#767 = CARTESIAN_POINT('',(0.626028070045,41.992395933621));
#768 = CARTESIAN_POINT('',(0.649355042383,41.977967058734));
#769 = CARTESIAN_POINT('',(0.672428200302,41.957443952343));
#770 = CARTESIAN_POINT('',(0.69524448284,41.931512318788));
#771 = CARTESIAN_POINT('',(0.717801156564,41.900816797957));
#772 = CARTESIAN_POINT('',(0.756177830423,41.840824418213));
#773 = CARTESIAN_POINT('',(0.772129386891,41.81351206367));
#774 = CARTESIAN_POINT('',(0.787954420126,41.784244521905));
#775 = CARTESIAN_POINT('',(0.803657156166,41.753224257258));
#776 = CARTESIAN_POINT('',(0.819242083698,41.720640475098));
#777 = CARTESIAN_POINT('',(0.834714007053,41.686670210551));
#778 = CARTESIAN_POINT('',(0.891577820025,41.55642608878));
#779 = CARTESIAN_POINT('',(0.932307919906,41.452428913845));
#780 = CARTESIAN_POINT('',(0.972363008912,41.342756850614));
#781 = CARTESIAN_POINT('',(1.011839109221,41.230152892804));
#782 = CARTESIAN_POINT('',(1.050835708723,41.117000359115));
#783 = CARTESIAN_POINT('',(1.089456689307,41.005448348286));
#784 = CARTESIAN_POINT('',(1.159055242897,40.809551913565));
#785 = CARTESIAN_POINT('',(1.190121239266,40.724001226506));
#786 = CARTESIAN_POINT('',(1.221038659059,40.642003622829));
#787 = CARTESIAN_POINT('',(1.251838145869,40.564648386564));
#788 = CARTESIAN_POINT('',(1.282551515233,40.4929510426));
#789 = CARTESIAN_POINT('',(1.313212754445,40.427841503327));
#790 = CARTESIAN_POINT('',(1.376308276957,40.309051927186));
#791 = CARTESIAN_POINT('',(1.408748906143,40.256254494824));
#792 = CARTESIAN_POINT('',(1.441170978529,40.212839381901));
#793 = CARTESIAN_POINT('',(1.473576029496,40.179669390326));
#794 = CARTESIAN_POINT('',(1.505972892311,40.157341129872));
#795 = CARTESIAN_POINT('',(1.538374605352,40.146164741767));
#796 = CARTESIAN_POINT('',(1.60322844464,40.146164741767));
#797 = CARTESIAN_POINT('',(1.635640521216,40.157348298579));
#798 = CARTESIAN_POINT('',(1.668047739127,40.179690848529));
#799 = CARTESIAN_POINT('',(1.700463157427,40.212881854915));
#800 = CARTESIAN_POINT('',(1.732895624279,40.256323966455));
#801 = CARTESIAN_POINT('',(1.765346680131,40.309153331428));
#802 = CARTESIAN_POINT('',(1.828650009216,40.428365175577));
#803 = CARTESIAN_POINT('',(1.859508628154,40.493955295835));
#804 = CARTESIAN_POINT('',(1.89042021579,40.5662109336));
#805 = CARTESIAN_POINT('',(1.921419509441,40.644183486502));
#806 = CARTESIAN_POINT('',(1.952539037915,40.726836878571));
#807 = CARTESIAN_POINT('',(1.983810160607,40.813059655347));
#808 = CARTESIAN_POINT('',(2.067830518412,41.049752752483));
#809 = CARTESIAN_POINT('',(2.120851503951,41.204343255221));
#810 = CARTESIAN_POINT('',(2.174655559729,41.360406101692));
#811 = CARTESIAN_POINT('',(2.229529304638,41.512403907341));
#812 = CARTESIAN_POINT('',(2.285729009056,41.653690574831));
#813 = CARTESIAN_POINT('',(2.343483843558,41.775972669077));
#814 = CARTESIAN_POINT('',(2.425094126699,41.902582209442));
#815 = CARTESIAN_POINT('',(2.447445940723,41.932754650372));
#816 = CARTESIAN_POINT('',(2.470052535822,41.9582304254));
#817 = CARTESIAN_POINT('',(2.49291110834,41.978381811826));
#818 = CARTESIAN_POINT('',(2.516018550026,41.992541703221));
#819 = CARTESIAN_POINT('',(2.53937136766,42.));
#820 = CARTESIAN_POINT('',(2.562965602691,42.));
#821 = ( GEOMETRIC_REPRESENTATION_CONTEXT(2) 
PARAMETRIC_REPRESENTATION_CONTEXT() REPRESENTATION_CONTEXT('2D SPACE',''
  ) );
#822 = PCURVE('',#823,#828);
#823 = CYLINDRICAL_SURFACE('',#824,10.);
#824 = AXIS2_PLACEMENT_3D('',#825,#826,#827);
#825 = CARTESIAN_POINT('',(10.,-25.,-36.));
#826 = DIRECTION('',(0.,0.,1.));
#827 = DIRECTION('',(1.,0.,-0.));
#828 = DEFINITIONAL_REPRESENTATION('',(#829),#886);
#829 = B_SPLINE_CURVE_WITH_KNOTS('',7,(#830,#831,#832,#833,#834,#835,
    #836,#837,#838,#839,#840,#841,#842,#843,#844,#845,#846,#847,#848,
    #849,#850,#851,#852,#853,#854,#855,#856,#857,#858,#859,#860,#861,
    #862,#863,#864,#865,#866,#867,#868,#869,#870,#871,#872,#873,#874,
    #875,#876,#877,#878,#879,#880,#881,#882,#883,#884,#885),
  .UNSPECIFIED.,.F.,.F.,(8,6,6,6,6,6,6,6,6,8),(0.,7.205943522543E-02,
    0.124039193379,0.264440945018,0.378820999124,0.499930808458,
    0.621079453062,0.736195951982,0.928580001759,1.),.UNSPECIFIED.);
#830 = CARTESIAN_POINT('',(0.,61.716342659695));
#831 = CARTESIAN_POINT('',(-2.553029550425E-02,61.54957674505));
#832 = CARTESIAN_POINT('',(-5.033306493043E-02,61.377439473241));
#833 = CARTESIAN_POINT('',(-7.442474301175E-02,61.200377661385));
#834 = CARTESIAN_POINT('',(-9.781857543439E-02,61.018832458427));
#835 = CARTESIAN_POINT('',(-0.120525303798,60.833236881639));
#836 = CARTESIAN_POINT('',(-0.142553850575,60.644013353124));
#837 = CARTESIAN_POINT('',(-0.179318614601,60.312753957783));
#838 = CARTESIAN_POINT('',(-0.19438198042,60.172211560757));
#839 = CARTESIAN_POINT('',(-0.209109441503,60.030051343744));
#840 = CARTESIAN_POINT('',(-0.223507751172,59.886371057084));
#841 = CARTESIAN_POINT('',(-0.237583158606,59.741258386241));
#842 = CARTESIAN_POINT('',(-0.251341491348,59.594790435079));
#843 = CARTESIAN_POINT('',(-0.301109044675,59.047928363848));
#844 = CARTESIAN_POINT('',(-0.335171544166,58.639252770007));
#845 = CARTESIAN_POINT('',(-0.367074657283,58.222351819099));
#846 = CARTESIAN_POINT('',(-0.396884116546,57.798179688987));
#847 = CARTESIAN_POINT('',(-0.424638350175,57.367337345878));
#848 = CARTESIAN_POINT('',(-0.450349554532,56.930121341552));
#849 = CARTESIAN_POINT('',(-0.493267051068,56.125249644079));
#850 = CARTESIAN_POINT('',(-0.51116550586,55.759738267269));
#851 = CARTESIAN_POINT('',(-0.527668855373,55.390401068921));
#852 = CARTESIAN_POINT('',(-0.542743401345,55.017536649618));
#853 = CARTESIAN_POINT('',(-0.556350398814,54.641388369338));
#854 = CARTESIAN_POINT('',(-0.568447922386,54.262142898973));
#855 = CARTESIAN_POINT('',(-0.590157303576,53.475227626112));
#856 = CARTESIAN_POINT('',(-0.599583824005,53.067096347599));
#857 = CARTESIAN_POINT('',(-0.607200220113,52.656358587943));
#858 = CARTESIAN_POINT('',(-0.612952010974,52.243707039982));
#859 = CARTESIAN_POINT('',(-0.616801734014,51.829740064309));
#860 = CARTESIAN_POINT('',(-0.618728690672,51.414998034467));
#861 = CARTESIAN_POINT('',(-0.618728690672,50.584868891586));
#862 = CARTESIAN_POINT('',(-0.616800498046,50.169994208266));
#863 = CARTESIAN_POINT('',(-0.612948311248,49.755895373746));
#864 = CARTESIAN_POINT('',(-0.607192855045,49.343113170904));
#865 = CARTESIAN_POINT('',(-0.599571636379,48.93224645404));
#866 = CARTESIAN_POINT('',(-0.590139198815,48.523988542197));
#867 = CARTESIAN_POINT('',(-0.568351811678,47.734494810914));
#868 = CARTESIAN_POINT('',(-0.556163305148,47.35283590787));
#869 = CARTESIAN_POINT('',(-0.542446270459,46.974316957989));
#870 = CARTESIAN_POINT('',(-0.527243402666,46.599127252641));
#871 = CARTESIAN_POINT('',(-0.510594081822,46.22751414827));
#872 = CARTESIAN_POINT('',(-0.492532439426,45.859781585523));
#873 = CARTESIAN_POINT('',(-0.44058444214,44.888813182866));
#874 = CARTESIAN_POINT('',(-0.404248357952,44.293826981251));
#875 = CARTESIAN_POINT('',(-0.364101793511,43.710827607613));
#876 = CARTESIAN_POINT('',(-0.320061236779,43.140564752462));
#877 = CARTESIAN_POINT('',(-0.271958359273,42.585169109926));
#878 = CARTESIAN_POINT('',(-0.219552224157,42.048350229847));
#879 = CARTESIAN_POINT('',(-0.141281119482,41.345067329137));
#880 = CARTESIAN_POINT('',(-0.119432402273,41.15783921847));
#881 = CARTESIAN_POINT('',(-9.691791036046E-02,40.974183444429));
#882 = CARTESIAN_POINT('',(-7.372904849654E-02,40.79451199599));
#883 = CARTESIAN_POINT('',(-4.985546354051E-02,40.619246720524));
#884 = CARTESIAN_POINT('',(-2.528439073794E-02,40.448816985518));
#885 = CARTESIAN_POINT('',(0.,40.283657340305));
#886 = ( GEOMETRIC_REPRESENTATION_CONTEXT(2) 
PARAMETRIC_REPRESENTATION_CONTEXT() REPRESENTATION_CONTEXT('2D SPACE',''
  ) );
#887 = ORIENTED_EDGE('',*,*,#888,.F.);
#888 = EDGE_CURVE('',#889,#702,#891,.T.);
#889 = VERTEX_POINT('',#890);
#890 = CARTESIAN_POINT('',(20.,-24.54522726878,26.));
#891 = SURFACE_CURVE('',#892,(#897,#904),.PCURVE_S1.);
#892 = CIRCLE('',#893,12.8);
#893 = AXIS2_PLACEMENT_3D('',#894,#895,#896);
#894 = CARTESIAN_POINT('',(20.,-18.,15.));
#895 = DIRECTION('',(1.,0.,0.));
#896 = DIRECTION('',(-0.,0.,1.));
#897 = PCURVE('',#155,#898);
#898 = DEFINITIONAL_REPRESENTATION('',(#899),#903);
#899 = LINE('',#900,#901);
#900 = CARTESIAN_POINT('',(0.,42.));
#901 = VECTOR('',#902,1.);
#902 = DIRECTION('',(1.,0.));
#903 = ( GEOMETRIC_REPRESENTATION_CONTEXT(2) 
PARAMETRIC_REPRESENTATION_CONTEXT() REPRESENTATION_CONTEXT('2D SPACE',''
  ) );
#904 = PCURVE('',#905,#910);
#905 = PLANE('',#906);
#906 = AXIS2_PLACEMENT_3D('',#907,#908,#909);
#907 = CARTESIAN_POINT('',(20.,-35.,-36.));
#908 = DIRECTION('',(1.,0.,0.));
#909 = DIRECTION('',(0.,0.,1.));
#910 = DEFINITIONAL_REPRESENTATION('',(#911),#915);
#911 = CIRCLE('',#912,12.8);
#912 = AXIS2_PLACEMENT_2D('',#913,#914);
#913 = CARTESIAN_POINT('',(51.,-17.));
#914 = DIRECTION('',(1.,0.));
#915 = ( GEOMETRIC_REPRESENTATION_CONTEXT(2) 
PARAMETRIC_REPRESENTATION_CONTEXT() REPRESENTATION_CONTEXT('2D SPACE',''
  ) );
#916 = ORIENTED_EDGE('',*,*,#917,.F.);
#917 = EDGE_CURVE('',#604,#889,#918,.T.);
#918 = SURFACE_CURVE('',#919,(#929,#942),.PCURVE_S1.);
#919 = B_SPLINE_CURVE_WITH_KNOTS('',8,(#920,#921,#922,#923,#924,#925,
    #926,#927,#928),.UNSPECIFIED.,.F.,.F.,(9,9),(0.,1.),
  .PIECEWISE_BEZIER_KNOTS.);
#920 = CARTESIAN_POINT('',(19.836666101886,-18.,27.8));
#921 = CARTESIAN_POINT('',(19.836666101886,-18.8399472162,27.8));
#922 = CARTESIAN_POINT('',(19.848192798212,-19.67909186411,
    27.737007951189));
#923 = CARTESIAN_POINT('',(19.87120877789,-20.5151247038,27.611234250196
    ));
#924 = CARTESIAN_POINT('',(19.903477096693,-21.34561005295,
    27.422124096003));
#925 = CARTESIAN_POINT('',(19.940598703675,-22.16774385179,27.1684606409
    ));
#926 = CARTESIAN_POINT('',(19.975838718009,-22.97813100776,
    26.848450120094));
#927 = CARTESIAN_POINT('',(20.,-23.77248562068,26.459797246075));
#928 = CARTESIAN_POINT('',(20.,-24.54522726878,26.));
#929 = PCURVE('',#155,#930);
#930 = DEFINITIONAL_REPRESENTATION('',(#931),#941);
#931 = B_SPLINE_CURVE_WITH_KNOTS('',8,(#932,#933,#934,#935,#936,#937,
    #938,#939,#940),.UNSPECIFIED.,.F.,.F.,(9,9),(0.,1.),
  .PIECEWISE_BEZIER_KNOTS.);
#932 = CARTESIAN_POINT('',(0.,41.836666101886));
#933 = CARTESIAN_POINT('',(6.562087626595E-02,41.836666101886));
#934 = CARTESIAN_POINT('',(0.131179050373,41.848192798212));
#935 = CARTESIAN_POINT('',(0.19692470717,41.87120877789));
#936 = CARTESIAN_POINT('',(0.263094645993,41.903477096693));
#937 = CARTESIAN_POINT('',(0.329922110617,41.940598703675));
#938 = CARTESIAN_POINT('',(0.397642769909,41.975838718009));
#939 = CARTESIAN_POINT('',(0.466500936493,42.));
#940 = CARTESIAN_POINT('',(0.536750177229,42.));
#941 = ( GEOMETRIC_REPRESENTATION_CONTEXT(2) 
PARAMETRIC_REPRESENTATION_CONTEXT() REPRESENTATION_CONTEXT('2D SPACE',''
  ) );
#942 = PCURVE('',#654,#943);
#943 = DEFINITIONAL_REPRESENTATION('',(#944),#954);
#944 = B_SPLINE_CURVE_WITH_KNOTS('',8,(#945,#946,#947,#948,#949,#950,
    #951,#952,#953),.UNSPECIFIED.,.F.,.F.,(9,9),(0.,1.),
  .PIECEWISE_BEZIER_KNOTS.);
#945 = CARTESIAN_POINT('',(-0.180986451247,17.));
#946 = CARTESIAN_POINT('',(-0.180986451247,16.160052783796));
#947 = CARTESIAN_POINT('',(-0.174582618969,15.320908135888));
#948 = CARTESIAN_POINT('',(-0.161796589553,14.484875296198));
#949 = CARTESIAN_POINT('',(-0.142613057621,13.654389947043));
#950 = CARTESIAN_POINT('',(-0.116993968519,12.832256148213));
#951 = CARTESIAN_POINT('',(-8.484505383139E-02,12.021868992231));
#952 = CARTESIAN_POINT('',(-4.597972460751E-02,11.227514379312));
#953 = CARTESIAN_POINT('',(0.,10.454772731219));
#954 = ( GEOMETRIC_REPRESENTATION_CONTEXT(2) 
PARAMETRIC_REPRESENTATION_CONTEXT() REPRESENTATION_CONTEXT('2D SPACE',''
  ) );
#955 = ORIENTED_EDGE('',*,*,#601,.F.);
#956 = ORIENTED_EDGE('',*,*,#957,.T.);
#957 = EDGE_CURVE('',#602,#958,#960,.T.);
#958 = VERTEX_POINT('',#959);
#959 = CARTESIAN_POINT('',(15.703177685678,-22.,27.158947322857));
#960 = SURFACE_CURVE('',#961,(#974,#990),.PCURVE_S1.);
#961 = B_SPLINE_CURVE_WITH_KNOTS('',6,(#962,#963,#964,#965,#966,#967,
    #968,#969,#970,#971,#972,#973),.UNSPECIFIED.,.F.,.F.,(7,5,7),(0.,
    0.912730296682,1.),.UNSPECIFIED.);
#962 = CARTESIAN_POINT('',(15.493997598078,-18.,27.8));
#963 = CARTESIAN_POINT('',(15.493997598078,-18.61504019984,27.8));
#964 = CARTESIAN_POINT('',(15.507247328732,-19.22973040556,
    27.76453685277));
#965 = CARTESIAN_POINT('',(15.533721701688,-19.84276858965,
    27.693685674659));
#966 = CARTESIAN_POINT('',(15.572036190438,-20.45278593356,
    27.587287588047));
#967 = CARTESIAN_POINT('',(15.619492523549,-21.05822372917,
    27.444997086673));
#968 = CARTESIAN_POINT('',(15.677292401797,-21.71448727199,
    27.249332877923));
#969 = CARTESIAN_POINT('',(15.682385377529,-21.77170430513,
    27.231924278237));
#970 = CARTESIAN_POINT('',(15.687523845586,-21.82886530042,
    27.214182046261));
#971 = CARTESIAN_POINT('',(15.692704406726,-21.88596911181,
    27.196105556571));
#972 = CARTESIAN_POINT('',(15.69792356765,-21.94301459351,
    27.177694148366));
#973 = CARTESIAN_POINT('',(15.703177740999,-22.0000006,27.158947125471)
  );
#974 = PCURVE('',#155,#975);
#975 = DEFINITIONAL_REPRESENTATION('',(#976),#989);
#976 = B_SPLINE_CURVE_WITH_KNOTS('',6,(#977,#978,#979,#980,#981,#982,
    #983,#984,#985,#986,#987,#988),.UNSPECIFIED.,.F.,.F.,(7,5,7),(0.,
    0.912730296682,1.),.UNSPECIFIED.);
#977 = CARTESIAN_POINT('',(8.881784197001E-16,37.493997598078));
#978 = CARTESIAN_POINT('',(4.805001561312E-02,37.493997598078));
#979 = CARTESIAN_POINT('',(9.607268588614E-02,37.507247328732));
#980 = CARTESIAN_POINT('',(0.144165991393,37.533721701688));
#981 = CARTESIAN_POINT('',(0.192421508178,37.572036190438));
#982 = CARTESIAN_POINT('',(0.240925744662,37.619492523549));
#983 = CARTESIAN_POINT('',(0.294426616273,37.677292401797));
#984 = CARTESIAN_POINT('',(0.299098945986,37.682385377529));
#985 = CARTESIAN_POINT('',(0.303774710698,37.687523845586));
#986 = CARTESIAN_POINT('',(0.308454023132,37.692704406726));
#987 = CARTESIAN_POINT('',(0.313136998254,37.69792356765));
#988 = CARTESIAN_POINT('',(0.317823753274,37.703177740999));
#989 = ( GEOMETRIC_REPRESENTATION_CONTEXT(2) 
PARAMETRIC_REPRESENTATION_CONTEXT() REPRESENTATION_CONTEXT('2D SPACE',''
  ) );
#990 = PCURVE('',#991,#996);
#991 = CYLINDRICAL_SURFACE('',#992,8.);
#992 = AXIS2_PLACEMENT_3D('',#993,#994,#995);
#993 = CARTESIAN_POINT('',(8.,-30.,25.));
#994 = DIRECTION('',(0.,1.,0.));
#995 = DIRECTION('',(1.,0.,-0.));
#996 = DEFINITIONAL_REPRESENTATION('',(#997),#1010);
#997 = B_SPLINE_CURVE_WITH_KNOTS('',6,(#998,#999,#1000,#1001,#1002,#1003
    ,#1004,#1005,#1006,#1007,#1008,#1009),.UNSPECIFIED.,.F.,.F.,(7,5,7),
  (0.,0.912730296682,1.),.UNSPECIFIED.);
#998 = CARTESIAN_POINT('',(-0.357571103646,12.));
#999 = CARTESIAN_POINT('',(-0.357571103646,11.384959800152));
#1000 = CARTESIAN_POINT('',(-0.352838938636,10.770269594438));
#1001 = CARTESIAN_POINT('',(-0.343384350403,10.15723141035));
#1002 = CARTESIAN_POINT('',(-0.32924981831,9.547214066436));
#1003 = CARTESIAN_POINT('',(-0.310511665824,8.941776270826));
#1004 = CARTESIAN_POINT('',(-0.285008814112,8.285512728001));
#1005 = CARTESIAN_POINT('',(-0.282741534942,8.228295694864));
#1006 = CARTESIAN_POINT('',(-0.280432629637,8.171134699578));
#1007 = CARTESIAN_POINT('',(-0.278082119867,8.114030888189));
#1008 = CARTESIAN_POINT('',(-0.275690022241,8.056985406486));
#1009 = CARTESIAN_POINT('',(-0.273256348304,7.9999994));
#1010 = ( GEOMETRIC_REPRESENTATION_CONTEXT(2) 
PARAMETRIC_REPRESENTATION_CONTEXT() REPRESENTATION_CONTEXT('2D SPACE',''
  ) );
#1011 = ORIENTED_EDGE('',*,*,#1012,.T.);
#1012 = EDGE_CURVE('',#958,#1013,#1015,.T.);
#1013 = VERTEX_POINT('',#1014);
#1014 = CARTESIAN_POINT('',(14.933970719393,-25.98999374217,25.));
#1015 = SURFACE_CURVE('',#1016,(#1035,#1057),.PCURVE_S1.);
#1016 = B_SPLINE_CURVE_WITH_KNOTS('',5,(#1017,#1018,#1019,#1020,#1021,
    #1022,#1023,#1024,#1025,#1026,#1027,#1028,#1029,#1030,#1031,#1032,
    #1033,#1034),.UNSPECIFIED.,.F.,.F.,(6,4,4,4,6),(0.,0.169368694018,
    0.433768853695,0.708145191421,1.),.UNSPECIFIED.);
#1017 = CARTESIAN_POINT('',(15.703177685678,-22.,27.158947322857));
#1018 = CARTESIAN_POINT('',(15.717253060652,-22.15265949761,
    27.108726035254));
#1019 = CARTESIAN_POINT('',(15.727830404766,-22.30511149612,
    27.055917983551));
#1020 = CARTESIAN_POINT('',(15.734865829048,-22.45710521875,
    27.000564763118));
#1021 = CARTESIAN_POINT('',(15.738337097307,-22.6083926773,
    26.942735980219));
#1022 = CARTESIAN_POINT('',(15.738097709005,-22.99341703216,
    26.788540993774));
#1023 = CARTESIAN_POINT('',(15.729264575236,-23.22579788627,
    26.688753477879));
#1024 = CARTESIAN_POINT('',(15.711743142997,-23.45492499596,
    26.583544239328));
#1025 = CARTESIAN_POINT('',(15.685667692337,-23.67997631624,
    26.47342476078));
#1026 = CARTESIAN_POINT('',(15.615606128531,-24.1288162388,
    26.240282688659));
#1027 = CARTESIAN_POINT('',(15.57097917001,-24.35225069686,
    26.116922707539));
#1028 = CARTESIAN_POINT('',(15.517679416583,-24.56975978825,
    25.989615614368));
#1029 = CARTESIAN_POINT('',(15.456092961189,-24.78078980387,
    25.859109136556));
#1030 = CARTESIAN_POINT('',(15.312801787569,-25.20213102831,
    25.584728343965));
#1031 = CARTESIAN_POINT('',(15.230063227063,-25.41154654349,
    25.440527759246));
#1032 = CARTESIAN_POINT('',(15.138967473599,-25.61275849476,
    25.294445713008));
#1033 = CARTESIAN_POINT('',(15.040086279173,-25.80558187791,
    25.147344964143));
#1034 = CARTESIAN_POINT('',(14.933970719393,-25.98999374217,25.));
#1035 = PCURVE('',#155,#1036);
#1036 = DEFINITIONAL_REPRESENTATION('',(#1037),#1056);
#1037 = B_SPLINE_CURVE_WITH_KNOTS('',5,(#1038,#1039,#1040,#1041,#1042,
    #1043,#1044,#1045,#1046,#1047,#1048,#1049,#1050,#1051,#1052,#1053,
    #1054,#1055),.UNSPECIFIED.,.F.,.F.,(6,4,4,4,6),(0.,0.169368694018,
    0.433768853695,0.708145191421,1.),.UNSPECIFIED.);
#1038 = CARTESIAN_POINT('',(0.317823703928,37.703177685678));
#1039 = CARTESIAN_POINT('',(0.330379025828,37.717253060652));
#1040 = CARTESIAN_POINT('',(0.342982085882,37.727830404766));
#1041 = CARTESIAN_POINT('',(0.355617445822,37.734865829048));
#1042 = CARTESIAN_POINT('',(0.368269219014,37.738337097307));
#1043 = CARTESIAN_POINT('',(0.400671777989,37.738097709005));
#1044 = CARTESIAN_POINT('',(0.420423569325,37.729264575236));
#1045 = CARTESIAN_POINT('',(0.440112924095,37.711743142997));
#1046 = CARTESIAN_POINT('',(0.45968136085,37.685667692337));
#1047 = CARTESIAN_POINT('',(0.499195353338,37.615606128531));
#1048 = CARTESIAN_POINT('',(0.519128501311,37.57097917001));
#1049 = CARTESIAN_POINT('',(0.538810009676,37.517679416583));
#1050 = CARTESIAN_POINT('',(0.558189428467,37.456092961189));
#1051 = CARTESIAN_POINT('',(0.597471098515,37.312801787569));
#1052 = CARTESIAN_POINT('',(0.617328620002,37.230063227063));
#1053 = CARTESIAN_POINT('',(0.636746634714,37.138967473599));
#1054 = CARTESIAN_POINT('',(0.655689320241,37.040086279173));
#1055 = CARTESIAN_POINT('',(0.674130506667,36.933970719393));
#1056 = ( GEOMETRIC_REPRESENTATION_CONTEXT(2) 
PARAMETRIC_REPRESENTATION_CONTEXT() REPRESENTATION_CONTEXT('2D SPACE',''
  ) );
#1057 = PCURVE('',#1058,#1063);
#1058 = SPHERICAL_SURFACE('',#1059,8.);
#1059 = AXIS2_PLACEMENT_3D('',#1060,#1061,#1062);
#1060 = CARTESIAN_POINT('',(8.,-22.,25.));
#1061 = DIRECTION('',(-0.,-0.,-1.));
#1062 = DIRECTION('',(1.,0.,0.));
#1063 = DEFINITIONAL_REPRESENTATION('',(#1064),#1083);
#1064 = B_SPLINE_CURVE_WITH_KNOTS('',5,(#1065,#1066,#1067,#1068,#1069,
    #1070,#1071,#1072,#1073,#1074,#1075,#1076,#1077,#1078,#1079,#1080,
    #1081,#1082),.UNSPECIFIED.,.F.,.F.,(6,4,4,4,6),(0.,0.169368694018,
    0.433768853695,0.708145191421,1.),.UNSPECIFIED.);
#1065 = CARTESIAN_POINT('',(-1.7763568394E-15,-0.273256373928));
#1066 = CARTESIAN_POINT('',(1.981773027174E-02,-0.266736819317));
#1067 = CARTESIAN_POINT('',(3.951796888718E-02,-0.259896333335));
#1068 = CARTESIAN_POINT('',(5.908190398784E-02,-0.252742740122));
#1069 = CARTESIAN_POINT('',(7.849296171999E-02,-0.245287127371));
#1070 = CARTESIAN_POINT('',(0.127778223227,-0.225455870123));
#1071 = CARTESIAN_POINT('',(0.157413510927,-0.212666255233));
#1072 = CARTESIAN_POINT('',(0.186585878721,-0.19923020263));
#1073 = CARTESIAN_POINT('',(0.215263945521,-0.185216875831));
#1074 = CARTESIAN_POINT('',(0.272659909226,-0.155644289784));
#1075 = CARTESIAN_POINT('',(0.301340232377,-0.140045724441));
#1076 = CARTESIAN_POINT('',(0.329453722355,-0.123995290831));
#1077 = CARTESIAN_POINT('',(0.357011464984,-0.107582638591));
#1078 = CARTESIAN_POINT('',(0.412783819319,-7.314287065446E-02));
#1079 = CARTESIAN_POINT('',(0.440929290122,-5.507898188659E-02));
#1080 = CARTESIAN_POINT('',(0.468503902671,-3.680571497209E-02));
#1081 = CARTESIAN_POINT('',(0.49555967774,-1.841812051789E-02));
#1082 = CARTESIAN_POINT('',(0.522155097843,0.));
#1083 = ( GEOMETRIC_REPRESENTATION_CONTEXT(2) 
PARAMETRIC_REPRESENTATION_CONTEXT() REPRESENTATION_CONTEXT('2D SPACE',''
  ) );
#1084 = ORIENTED_EDGE('',*,*,#1085,.T.);
#1085 = EDGE_CURVE('',#1013,#1086,#1088,.T.);
#1086 = VERTEX_POINT('',#1087);
#1087 = CARTESIAN_POINT('',(8.,-30.,19.454211490264));
#1088 = SURFACE_CURVE('',#1089,(#1113,#1140),.PCURVE_S1.);
#1089 = B_SPLINE_CURVE_WITH_KNOTS('',8,(#1090,#1091,#1092,#1093,#1094,
    #1095,#1096,#1097,#1098,#1099,#1100,#1101,#1102,#1103,#1104,#1105,
    #1106,#1107,#1108,#1109,#1110,#1111,#1112),.UNSPECIFIED.,.F.,.F.,(9,
    7,7,9),(0.,0.410849262798,0.825598561578,1.),.UNSPECIFIED.);
#1090 = CARTESIAN_POINT('',(14.933971151504,-25.98999299123,25.0000006)
  );
#1091 = CARTESIAN_POINT('',(14.696894523101,-26.40199434202,
    24.670811829231));
#1092 = CARTESIAN_POINT('',(14.440464411226,-26.78291117342,
    24.334675445256));
#1093 = CARTESIAN_POINT('',(14.168289471588,-27.13470279104,
    23.994234331252));
#1094 = CARTESIAN_POINT('',(13.882899159985,-27.45943234712,
    23.651518952722));
#1095 = CARTESIAN_POINT('',(13.585856865058,-27.75914210669,
    23.308028156265));
#1096 = CARTESIAN_POINT('',(13.277907258924,-28.03568648409,
    22.964894729523));
#1097 = CARTESIAN_POINT('',(12.959097184495,-28.29057595453,
    22.623224290352));
#1098 = CARTESIAN_POINT('',(12.295386315602,-28.76141814305,
    21.942954336477));
#1099 = CARTESIAN_POINT('',(11.956941544546,-28.97224280379,
    21.61125698452));
#1100 = CARTESIAN_POINT('',(11.608290469092,-29.16373404763,
    21.285614310525));
#1101 = CARTESIAN_POINT('',(11.244620481693,-29.33826189454,
    20.964727390157));
#1102 = CARTESIAN_POINT('',(10.862823842941,-29.49538465213,
    20.651567613544));
#1103 = CARTESIAN_POINT('',(10.462030503239,-29.6327143048,
    20.354437008344));
#1104 = CARTESIAN_POINT('',(10.042499903302,-29.74788178138,
    20.087549793656));
#1105 = CARTESIAN_POINT('',(9.417817660329,-29.87562176605,
    19.776974978837));
#1106 = CARTESIAN_POINT('',(9.226400000966,-29.9095698084,
    19.692117464797));
#1107 = CARTESIAN_POINT('',(9.029954608886,-29.93881236524,
    19.617034822916));
#1108 = CARTESIAN_POINT('',(8.829575243081,-29.96279543013,
    19.554024108291));
#1109 = CARTESIAN_POINT('',(8.626015368227,-29.98115812106,
    19.504972463012));
#1110 = CARTESIAN_POINT('',(8.419744275845,-29.99363852378,
    19.471349992768));
#1111 = CARTESIAN_POINT('',(8.211022995383,-30.,19.454211490264));
#1112 = CARTESIAN_POINT('',(8.,-30.,19.454211490264));
#1113 = PCURVE('',#155,#1114);
#1114 = DEFINITIONAL_REPRESENTATION('',(#1115),#1139);
#1115 = B_SPLINE_CURVE_WITH_KNOTS('',8,(#1116,#1117,#1118,#1119,#1120,
    #1121,#1122,#1123,#1124,#1125,#1126,#1127,#1128,#1129,#1130,#1131,
    #1132,#1133,#1134,#1135,#1136,#1137,#1138),.UNSPECIFIED.,.F.,.F.,(9,
    7,7,9),(0.,0.410849262798,0.825598561578,1.),.UNSPECIFIED.);
#1116 = CARTESIAN_POINT('',(0.674130431573,36.933971151504));
#1117 = CARTESIAN_POINT('',(0.715330564181,36.696894523101));
#1118 = CARTESIAN_POINT('',(0.754972272928,36.440464411226));
#1119 = CARTESIAN_POINT('',(0.793152764267,36.168289471588));
#1120 = CARTESIAN_POINT('',(0.829971821178,35.882899159985));
#1121 = CARTESIAN_POINT('',(0.865529879162,35.585856865058));
#1122 = CARTESIAN_POINT('',(0.899918885701,35.277907258924));
#1123 = CARTESIAN_POINT('',(0.933200337559,34.959097184495));
#1124 = CARTESIAN_POINT('',(0.997834768945,34.295386315602));
#1125 = CARTESIAN_POINT('',(1.028516378603,33.956941544546));
#1126 = CARTESIAN_POINT('',(1.058001378122,33.608290469091));
#1127 = CARTESIAN_POINT('',(1.086507691038,33.244620481694));
#1128 = CARTESIAN_POINT('',(1.113851043361,32.862823842941));
#1129 = CARTESIAN_POINT('',(1.139409961701,32.462030503239));
#1130 = CARTESIAN_POINT('',(1.162115674732,32.042499903302));
#1131 = CARTESIAN_POINT('',(1.188351512998,31.417817660329));
#1132 = CARTESIAN_POINT('',(1.195491509669,31.226400000966));
#1133 = CARTESIAN_POINT('',(1.201786125599,31.029954608886));
#1134 = CARTESIAN_POINT('',(1.207053172237,30.829575243081));
#1135 = CARTESIAN_POINT('',(1.211145038673,30.626015368227));
#1136 = CARTESIAN_POINT('',(1.213946918488,30.419744275845));
#1137 = CARTESIAN_POINT('',(1.215375125105,30.211022995383));
#1138 = CARTESIAN_POINT('',(1.215375125105,30.));
#1139 = ( GEOMETRIC_REPRESENTATION_CONTEXT(2) 
PARAMETRIC_REPRESENTATION_CONTEXT() REPRESENTATION_CONTEXT('2D SPACE',''
  ) );
#1140 = PCURVE('',#1141,#1146);
#1141 = CYLINDRICAL_SURFACE('',#1142,8.);
#1142 = AXIS2_PLACEMENT_3D('',#1143,#1144,#1145);
#1143 = CARTESIAN_POINT('',(8.,-22.,-29.));
#1144 = DIRECTION('',(0.,0.,1.));
#1145 = DIRECTION('',(1.,0.,-0.));
#1146 = DEFINITIONAL_REPRESENTATION('',(#1147),#1171);
#1147 = B_SPLINE_CURVE_WITH_KNOTS('',8,(#1148,#1149,#1150,#1151,#1152,
    #1153,#1154,#1155,#1156,#1157,#1158,#1159,#1160,#1161,#1162,#1163,
    #1164,#1165,#1166,#1167,#1168,#1169,#1170),.UNSPECIFIED.,.F.,.F.,(9,
    7,7,9),(0.,0.410849262798,0.825598561578,1.),.UNSPECIFIED.);
#1148 = CARTESIAN_POINT('',(-0.522154989544,54.0000006));
#1149 = CARTESIAN_POINT('',(-0.581572795271,53.670811829231));
#1150 = CARTESIAN_POINT('',(-0.638829369013,53.334675445256));
#1151 = CARTESIAN_POINT('',(-0.694231643616,52.994234331252));
#1152 = CARTESIAN_POINT('',(-0.748067596492,52.651518952722));
#1153 = CARTESIAN_POINT('',(-0.800631335952,52.308028156265));
#1154 = CARTESIAN_POINT('',(-0.852226024449,51.964894729523));
#1155 = CARTESIAN_POINT('',(-0.903164036189,51.623224290352));
#1156 = CARTESIAN_POINT('',(-1.004883970627,50.942954336477));
#1157 = CARTESIAN_POINT('',(-1.054636882018,50.61125698452));
#1158 = CARTESIAN_POINT('',(-1.104234709761,50.285614310525));
#1159 = CARTESIAN_POINT('',(-1.154500904796,49.964727390157));
#1160 = CARTESIAN_POINT('',(-1.205927948705,49.651567613544));
#1161 = CARTESIAN_POINT('',(-1.258718952006,49.354437008344));
#1162 = CARTESIAN_POINT('',(-1.312981318972,49.087549793656));
#1163 = CARTESIAN_POINT('',(-1.392682460782,48.776974978837));
#1164 = CARTESIAN_POINT('',(-1.416974724761,48.692117464797));
#1165 = CARTESIAN_POINT('',(-1.441784865308,48.617034822916));
#1166 = CARTESIAN_POINT('',(-1.46699013286,48.554024108291));
#1167 = CARTESIAN_POINT('',(-1.492516422874,48.504972463012));
#1168 = CARTESIAN_POINT('',(-1.518328297666,48.471349992768));
#1169 = CARTESIAN_POINT('',(-1.544418452372,48.454211490264));
#1170 = CARTESIAN_POINT('',(-1.570796326795,48.454211490264));
#1171 = ( GEOMETRIC_REPRESENTATION_CONTEXT(2) 
PARAMETRIC_REPRESENTATION_CONTEXT() REPRESENTATION_CONTEXT('2D SPACE',''
  ) );
#1172 = ORIENTED_EDGE('',*,*,#1173,.F.);
#1173 = EDGE_CURVE('',#1174,#1086,#1176,.T.);
#1174 = VERTEX_POINT('',#1175);
#1175 = CARTESIAN_POINT('',(-8.,-30.,19.454211490264));
#1176 = SURFACE_CURVE('',#1177,(#1181,#1187),.PCURVE_S1.);
#1177 = LINE('',#1178,#1179);
#1178 = CARTESIAN_POINT('',(-22.,-30.,19.454211490264));
#1179 = VECTOR('',#1180,1.);
#1180 = DIRECTION('',(1.,0.,0.));
#1181 = PCURVE('',#155,#1182);
#1182 = DEFINITIONAL_REPRESENTATION('',(#1183),#1186);
#1183 = B_SPLINE_CURVE_WITH_KNOTS('',1,(#1184,#1185),.UNSPECIFIED.,.F.,
  .F.,(2,2),(12.4,31.6),.PIECEWISE_BEZIER_KNOTS.);
#1184 = CARTESIAN_POINT('',(1.215375125105,12.4));
#1185 = CARTESIAN_POINT('',(1.215375125105,31.6));
#1186 = ( GEOMETRIC_REPRESENTATION_CONTEXT(2) 
PARAMETRIC_REPRESENTATION_CONTEXT() REPRESENTATION_CONTEXT('2D SPACE',''
  ) );
#1187 = PCURVE('',#1188,#1193);
#1188 = PLANE('',#1189);
#1189 = AXIS2_PLACEMENT_3D('',#1190,#1191,#1192);
#1190 = CARTESIAN_POINT('',(-16.,-30.,-29.));
#1191 = DIRECTION('',(0.,1.,0.));
#1192 = DIRECTION('',(0.,0.,1.));
#1193 = DEFINITIONAL_REPRESENTATION('',(#1194),#1197);
#1194 = B_SPLINE_CURVE_WITH_KNOTS('',1,(#1195,#1196),.UNSPECIFIED.,.F.,
  .F.,(2,2),(12.4,31.6),.PIECEWISE_BEZIER_KNOTS.);
#1195 = CARTESIAN_POINT('',(48.454211490264,6.4));
#1196 = CARTESIAN_POINT('',(48.454211490264,25.6));
#1197 = ( GEOMETRIC_REPRESENTATION_CONTEXT(2) 
PARAMETRIC_REPRESENTATION_CONTEXT() REPRESENTATION_CONTEXT('2D SPACE',''
  ) );
#1198 = ORIENTED_EDGE('',*,*,#1199,.F.);
#1199 = EDGE_CURVE('',#1200,#1174,#1202,.T.);
#1200 = VERTEX_POINT('',#1201);
#1201 = CARTESIAN_POINT('',(-14.93397071939,-25.98999374217,25.));
#1202 = SURFACE_CURVE('',#1203,(#1227,#1254),.PCURVE_S1.);
#1203 = B_SPLINE_CURVE_WITH_KNOTS('',8,(#1204,#1205,#1206,#1207,#1208,
    #1209,#1210,#1211,#1212,#1213,#1214,#1215,#1216,#1217,#1218,#1219,
    #1220,#1221,#1222,#1223,#1224,#1225,#1226),.UNSPECIFIED.,.F.,.F.,(9,
    7,7,9),(0.,0.410849262805,0.825598561585,1.),.UNSPECIFIED.);
#1204 = CARTESIAN_POINT('',(-14.9339711515,-25.98999299123,25.0000006));
#1205 = CARTESIAN_POINT('',(-14.6968945231,-26.40199434202,
    24.670811829232));
#1206 = CARTESIAN_POINT('',(-14.44046441122,-26.78291117342,
    24.334675445257));
#1207 = CARTESIAN_POINT('',(-14.16828947158,-27.13470279104,
    23.994234331249));
#1208 = CARTESIAN_POINT('',(-13.88289915998,-27.45943234712,
    23.651518952721));
#1209 = CARTESIAN_POINT('',(-13.58585686506,-27.75914210669,
    23.308028156269));
#1210 = CARTESIAN_POINT('',(-13.27790725892,-28.03568648409,
    22.964894729523));
#1211 = CARTESIAN_POINT('',(-12.95909718449,-28.29057595453,
    22.623224290349));
#1212 = CARTESIAN_POINT('',(-12.29538631561,-28.76141814305,
    21.942954336488));
#1213 = CARTESIAN_POINT('',(-11.95694154455,-28.97224280379,
    21.611256984524));
#1214 = CARTESIAN_POINT('',(-11.60829046908,-29.16373404764,
    21.285614310518));
#1215 = CARTESIAN_POINT('',(-11.24462048167,-29.33826189455,
    20.964727390139));
#1216 = CARTESIAN_POINT('',(-10.86282384294,-29.49538465213,
    20.651567613548));
#1217 = CARTESIAN_POINT('',(-10.46203050325,-29.63271430479,
    20.354437008354));
#1218 = CARTESIAN_POINT('',(-10.04249990331,-29.74788178137,
    20.087549793664));
#1219 = CARTESIAN_POINT('',(-9.417817660328,-29.87562176605,
    19.776974978837));
#1220 = CARTESIAN_POINT('',(-9.226400000967,-29.9095698084,
    19.692117464798));
#1221 = CARTESIAN_POINT('',(-9.029954608886,-29.93881236524,
    19.617034822916));
#1222 = CARTESIAN_POINT('',(-8.829575243082,-29.96279543013,
    19.554024108291));
#1223 = CARTESIAN_POINT('',(-8.626015368228,-29.98115812106,
    19.504972463012));
#1224 = CARTESIAN_POINT('',(-8.419744275844,-29.99363852378,
    19.471349992768));
#1225 = CARTESIAN_POINT('',(-8.211022995383,-30.,19.454211490264));
#1226 = CARTESIAN_POINT('',(-8.,-30.,19.454211490264));
#1227 = PCURVE('',#155,#1228);
#1228 = DEFINITIONAL_REPRESENTATION('',(#1229),#1253);
#1229 = B_SPLINE_CURVE_WITH_KNOTS('',8,(#1230,#1231,#1232,#1233,#1234,
    #1235,#1236,#1237,#1238,#1239,#1240,#1241,#1242,#1243,#1244,#1245,
    #1246,#1247,#1248,#1249,#1250,#1251,#1252),.UNSPECIFIED.,.F.,.F.,(9,
    7,7,9),(0.,0.410849262805,0.825598561585,1.),.UNSPECIFIED.);
#1230 = CARTESIAN_POINT('',(0.674130431573,7.066028848496));
#1231 = CARTESIAN_POINT('',(0.71533056418,7.303105476898));
#1232 = CARTESIAN_POINT('',(0.754972272928,7.559535588772));
#1233 = CARTESIAN_POINT('',(0.793152764268,7.831710528416));
#1234 = CARTESIAN_POINT('',(0.829971821178,8.117100840016));
#1235 = CARTESIAN_POINT('',(0.865529879162,8.414143134938));
#1236 = CARTESIAN_POINT('',(0.899918885701,8.722092741076));
#1237 = CARTESIAN_POINT('',(0.933200337559,9.040902815508));
#1238 = CARTESIAN_POINT('',(0.997834768944,9.704613684388));
#1239 = CARTESIAN_POINT('',(1.028516378603,10.04305845545));
#1240 = CARTESIAN_POINT('',(1.058001378122,10.391709530915));
#1241 = CARTESIAN_POINT('',(1.08650769104,10.755379518325));
#1242 = CARTESIAN_POINT('',(1.11385104336,11.13717615706));
#1243 = CARTESIAN_POINT('',(1.139409961701,11.537969496747));
#1244 = CARTESIAN_POINT('',(1.162115674732,11.957500096683));
#1245 = CARTESIAN_POINT('',(1.188351512998,12.582182339672));
#1246 = CARTESIAN_POINT('',(1.195491509669,12.773599999033));
#1247 = CARTESIAN_POINT('',(1.201786125599,12.970045391114));
#1248 = CARTESIAN_POINT('',(1.207053172237,13.170424756918));
#1249 = CARTESIAN_POINT('',(1.211145038673,13.373984631773));
#1250 = CARTESIAN_POINT('',(1.213946918488,13.580255724156));
#1251 = CARTESIAN_POINT('',(1.215375125105,13.788977004617));
#1252 = CARTESIAN_POINT('',(1.215375125105,14.));
#1253 = ( GEOMETRIC_REPRESENTATION_CONTEXT(2) 
PARAMETRIC_REPRESENTATION_CONTEXT() REPRESENTATION_CONTEXT('2D SPACE',''
  ) );
#1254 = PCURVE('',#1255,#1260);
#1255 = CYLINDRICAL_SURFACE('',#1256,8.);
#1256 = AXIS2_PLACEMENT_3D('',#1257,#1258,#1259);
#1257 = CARTESIAN_POINT('',(-8.,-22.,-29.));
#1258 = DIRECTION('',(0.,0.,1.));
#1259 = DIRECTION('',(-1.,-0.,0.));
#1260 = DEFINITIONAL_REPRESENTATION('',(#1261),#1285);
#1261 = B_SPLINE_CURVE_WITH_KNOTS('',8,(#1262,#1263,#1264,#1265,#1266,
    #1267,#1268,#1269,#1270,#1271,#1272,#1273,#1274,#1275,#1276,#1277,
    #1278,#1279,#1280,#1281,#1282,#1283,#1284),.UNSPECIFIED.,.F.,.F.,(9,
    7,7,9),(0.,0.410849262805,0.825598561585,1.),.UNSPECIFIED.);
#1262 = CARTESIAN_POINT('',(0.522154989544,54.0000006));
#1263 = CARTESIAN_POINT('',(0.58157279527,53.670811829232));
#1264 = CARTESIAN_POINT('',(0.638829369013,53.334675445257));
#1265 = CARTESIAN_POINT('',(0.694231643617,52.994234331249));
#1266 = CARTESIAN_POINT('',(0.748067596492,52.651518952721));
#1267 = CARTESIAN_POINT('',(0.800631335951,52.308028156269));
#1268 = CARTESIAN_POINT('',(0.852226024449,51.964894729523));
#1269 = CARTESIAN_POINT('',(0.903164036189,51.623224290349));
#1270 = CARTESIAN_POINT('',(1.004883970626,50.942954336488));
#1271 = CARTESIAN_POINT('',(1.054636882018,50.611256984524));
#1272 = CARTESIAN_POINT('',(1.104234709762,50.285614310518));
#1273 = CARTESIAN_POINT('',(1.154500904798,49.964727390139));
#1274 = CARTESIAN_POINT('',(1.205927948705,49.651567613548));
#1275 = CARTESIAN_POINT('',(1.258718952004,49.354437008354));
#1276 = CARTESIAN_POINT('',(1.31298131897,49.087549793664));
#1277 = CARTESIAN_POINT('',(1.392682460782,48.776974978837));
#1278 = CARTESIAN_POINT('',(1.416974724761,48.692117464798));
#1279 = CARTESIAN_POINT('',(1.441784865308,48.617034822916));
#1280 = CARTESIAN_POINT('',(1.46699013286,48.554024108291));
#1281 = CARTESIAN_POINT('',(1.492516422874,48.504972463012));
#1282 = CARTESIAN_POINT('',(1.518328297666,48.471349992768));
#1283 = CARTESIAN_POINT('',(1.544418452372,48.454211490264));
#1284 = CARTESIAN_POINT('',(1.570796326795,48.454211490264));
#1285 = ( GEOMETRIC_REPRESENTATION_CONTEXT(2) 
PARAMETRIC_REPRESENTATION_CONTEXT() REPRESENTATION_CONTEXT('2D SPACE',''
  ) );
#1286 = ORIENTED_EDGE('',*,*,#1287,.F.);
#1287 = EDGE_CURVE('',#1288,#1200,#1290,.T.);
#1288 = VERTEX_POINT('',#1289);
#1289 = CARTESIAN_POINT('',(-15.70317768567,-22.,27.158947322857));
#1290 = SURFACE_CURVE('',#1291,(#1310,#1332),.PCURVE_S1.);
#1291 = B_SPLINE_CURVE_WITH_KNOTS('',5,(#1292,#1293,#1294,#1295,#1296,
    #1297,#1298,#1299,#1300,#1301,#1302,#1303,#1304,#1305,#1306,#1307,
    #1308,#1309),.UNSPECIFIED.,.F.,.F.,(6,4,4,4,6),(0.,0.169368694018,
    0.433768853695,0.708145191421,1.),.UNSPECIFIED.);
#1292 = CARTESIAN_POINT('',(-15.70317768567,-22.,27.158947322857));
#1293 = CARTESIAN_POINT('',(-15.71725306065,-22.15265949761,
    27.108726035254));
#1294 = CARTESIAN_POINT('',(-15.72783040476,-22.30511149612,
    27.055917983551));
#1295 = CARTESIAN_POINT('',(-15.73486582904,-22.45710521875,
    27.000564763118));
#1296 = CARTESIAN_POINT('',(-15.7383370973,-22.6083926773,
    26.942735980219));
#1297 = CARTESIAN_POINT('',(-15.738097709,-22.99341703216,
    26.788540993774));
#1298 = CARTESIAN_POINT('',(-15.72926457523,-23.22579788627,
    26.688753477879));
#1299 = CARTESIAN_POINT('',(-15.71174314299,-23.45492499596,
    26.583544239328));
#1300 = CARTESIAN_POINT('',(-15.68566769233,-23.67997631624,
    26.47342476078));
#1301 = CARTESIAN_POINT('',(-15.61560612853,-24.1288162388,
    26.240282688659));
#1302 = CARTESIAN_POINT('',(-15.57097917001,-24.35225069686,
    26.116922707539));
#1303 = CARTESIAN_POINT('',(-15.51767941658,-24.56975978825,
    25.989615614369));
#1304 = CARTESIAN_POINT('',(-15.45609296118,-24.78078980387,
    25.859109136556));
#1305 = CARTESIAN_POINT('',(-15.31280178756,-25.20213102831,
    25.584728343965));
#1306 = CARTESIAN_POINT('',(-15.23006322706,-25.41154654349,
    25.440527759246));
#1307 = CARTESIAN_POINT('',(-15.13896747359,-25.61275849476,
    25.294445713008));
#1308 = CARTESIAN_POINT('',(-15.04008627917,-25.80558187791,
    25.147344964143));
#1309 = CARTESIAN_POINT('',(-14.93397071939,-25.98999374217,25.));
#1310 = PCURVE('',#155,#1311);
#1311 = DEFINITIONAL_REPRESENTATION('',(#1312),#1331);
#1312 = B_SPLINE_CURVE_WITH_KNOTS('',5,(#1313,#1314,#1315,#1316,#1317,
    #1318,#1319,#1320,#1321,#1322,#1323,#1324,#1325,#1326,#1327,#1328,
    #1329,#1330),.UNSPECIFIED.,.F.,.F.,(6,4,4,4,6),(0.,0.169368694018,
    0.433768853695,0.708145191421,1.),.UNSPECIFIED.);
#1313 = CARTESIAN_POINT('',(0.317823703928,6.296822314322));
#1314 = CARTESIAN_POINT('',(0.330379025828,6.282746939348));
#1315 = CARTESIAN_POINT('',(0.342982085882,6.272169595234));
#1316 = CARTESIAN_POINT('',(0.355617445822,6.265134170952));
#1317 = CARTESIAN_POINT('',(0.368269219014,6.261662902693));
#1318 = CARTESIAN_POINT('',(0.400671777989,6.261902290995));
#1319 = CARTESIAN_POINT('',(0.420423569325,6.270735424764));
#1320 = CARTESIAN_POINT('',(0.440112924095,6.288256857003));
#1321 = CARTESIAN_POINT('',(0.45968136085,6.314332307663));
#1322 = CARTESIAN_POINT('',(0.499195353338,6.384393871469));
#1323 = CARTESIAN_POINT('',(0.519128501311,6.42902082999));
#1324 = CARTESIAN_POINT('',(0.538810009676,6.482320583417));
#1325 = CARTESIAN_POINT('',(0.558189428467,6.543907038811));
#1326 = CARTESIAN_POINT('',(0.597471098515,6.687198212431));
#1327 = CARTESIAN_POINT('',(0.617328620002,6.769936772937));
#1328 = CARTESIAN_POINT('',(0.636746634714,6.861032526401));
#1329 = CARTESIAN_POINT('',(0.655689320241,6.959913720827));
#1330 = CARTESIAN_POINT('',(0.674130506667,7.066029280607));
#1331 = ( GEOMETRIC_REPRESENTATION_CONTEXT(2) 
PARAMETRIC_REPRESENTATION_CONTEXT() REPRESENTATION_CONTEXT('2D SPACE',''
  ) );
#1332 = PCURVE('',#1333,#1338);
#1333 = SPHERICAL_SURFACE('',#1334,8.);
#1334 = AXIS2_PLACEMENT_3D('',#1335,#1336,#1337);
#1335 = CARTESIAN_POINT('',(-8.,-22.,25.));
#1336 = DIRECTION('',(-0.,-0.,-1.));
#1337 = DIRECTION('',(-1.,0.,0.));
#1338 = DEFINITIONAL_REPRESENTATION('',(#1339),#1358);
#1339 = B_SPLINE_CURVE_WITH_KNOTS('',5,(#1340,#1341,#1342,#1343,#1344,
    #1345,#1346,#1347,#1348,#1349,#1350,#1351,#1352,#1353,#1354,#1355,
    #1356,#1357),.UNSPECIFIED.,.F.,.F.,(6,4,4,4,6),(0.,0.169368694018,
    0.433768853695,0.708145191421,1.),.UNSPECIFIED.);
#1340 = CARTESIAN_POINT('',(1.7763568394E-15,-0.273256373928));
#1341 = CARTESIAN_POINT('',(-1.981773027174E-02,-0.266736819317));
#1342 = CARTESIAN_POINT('',(-3.951796888718E-02,-0.259896333335));
#1343 = CARTESIAN_POINT('',(-5.908190398784E-02,-0.252742740122));
#1344 = CARTESIAN_POINT('',(-7.849296171999E-02,-0.245287127371));
#1345 = CARTESIAN_POINT('',(-0.127778223227,-0.225455870123));
#1346 = CARTESIAN_POINT('',(-0.157413510927,-0.212666255233));
#1347 = CARTESIAN_POINT('',(-0.186585878721,-0.19923020263));
#1348 = CARTESIAN_POINT('',(-0.215263945521,-0.185216875831));
#1349 = CARTESIAN_POINT('',(-0.272659909226,-0.155644289784));
#1350 = CARTESIAN_POINT('',(-0.301340232377,-0.140045724441));
#1351 = CARTESIAN_POINT('',(-0.329453722355,-0.123995290831));
#1352 = CARTESIAN_POINT('',(-0.357011464984,-0.107582638591));
#1353 = CARTESIAN_POINT('',(-0.412783819319,-7.314287065446E-02));
#1354 = CARTESIAN_POINT('',(-0.440929290122,-5.50789818866E-02));
#1355 = CARTESIAN_POINT('',(-0.468503902671,-3.680571497208E-02));
#1356 = CARTESIAN_POINT('',(-0.49555967774,-1.841812051789E-02));
#1357 = CARTESIAN_POINT('',(-0.522155097843,0.));
#1358 = ( GEOMETRIC_REPRESENTATION_CONTEXT(2) 
PARAMETRIC_REPRESENTATION_CONTEXT() REPRESENTATION_CONTEXT('2D SPACE',''
  ) );
#1359 = ORIENTED_EDGE('',*,*,#1360,.F.);
#1360 = EDGE_CURVE('',#1361,#1288,#1363,.T.);
#1361 = VERTEX_POINT('',#1362);
#1362 = CARTESIAN_POINT('',(-15.677698017,-21.71880320334,
    27.247877478682));
#1363 = SURFACE_CURVE('',#1364,(#1377,#1393),.PCURVE_S1.);
#1364 = B_SPLINE_CURVE_WITH_KNOTS('',6,(#1365,#1366,#1367,#1368,#1369,
    #1370,#1371,#1372,#1373,#1374,#1375,#1376),.UNSPECIFIED.,.F.,.F.,(7,
    5,7),(0.,0.912730296682,1.),.UNSPECIFIED.);
#1365 = CARTESIAN_POINT('',(-15.49399759807,-18.,27.8));
#1366 = CARTESIAN_POINT('',(-15.49399759807,-18.61504019984,27.8));
#1367 = CARTESIAN_POINT('',(-15.50724732873,-19.22973040556,
    27.76453685277));
#1368 = CARTESIAN_POINT('',(-15.53372170168,-19.84276858965,
    27.693685674659));
#1369 = CARTESIAN_POINT('',(-15.57203619043,-20.45278593356,
    27.587287588048));
#1370 = CARTESIAN_POINT('',(-15.61949252354,-21.05822372917,
    27.444997086673));
#1371 = CARTESIAN_POINT('',(-15.67729240179,-21.71448727199,
    27.249332877923));
#1372 = CARTESIAN_POINT('',(-15.68238537752,-21.77170430513,
    27.231924278237));
#1373 = CARTESIAN_POINT('',(-15.68752384558,-21.82886530042,
    27.214182046261));
#1374 = CARTESIAN_POINT('',(-15.69270440672,-21.88596911181,
    27.196105556571));
#1375 = CARTESIAN_POINT('',(-15.69792356765,-21.94301459351,
    27.177694148366));
#1376 = CARTESIAN_POINT('',(-15.70317774099,-22.0000006,27.158947125471)
  );
#1377 = PCURVE('',#155,#1378);
#1378 = DEFINITIONAL_REPRESENTATION('',(#1379),#1392);
#1379 = B_SPLINE_CURVE_WITH_KNOTS('',6,(#1380,#1381,#1382,#1383,#1384,
    #1385,#1386,#1387,#1388,#1389,#1390,#1391),.UNSPECIFIED.,.F.,.F.,(7,
    5,7),(0.,0.912730296682,1.),.UNSPECIFIED.);
#1380 = CARTESIAN_POINT('',(8.881784197001E-16,6.506002401922));
#1381 = CARTESIAN_POINT('',(4.805001561314E-02,6.506002401922));
#1382 = CARTESIAN_POINT('',(9.607268588609E-02,6.492752671268));
#1383 = CARTESIAN_POINT('',(0.144165991393,6.466278298312));
#1384 = CARTESIAN_POINT('',(0.192421508178,6.427963809562));
#1385 = CARTESIAN_POINT('',(0.240925744663,6.380507476451));
#1386 = CARTESIAN_POINT('',(0.294426616273,6.322707598203));
#1387 = CARTESIAN_POINT('',(0.299098945986,6.317614622471));
#1388 = CARTESIAN_POINT('',(0.303774710698,6.312476154414));
#1389 = CARTESIAN_POINT('',(0.308454023132,6.307295593274));
#1390 = CARTESIAN_POINT('',(0.313136998254,6.30207643235));
#1391 = CARTESIAN_POINT('',(0.317823753274,6.296822259001));
#1392 = ( GEOMETRIC_REPRESENTATION_CONTEXT(2) 
PARAMETRIC_REPRESENTATION_CONTEXT() REPRESENTATION_CONTEXT('2D SPACE',''
  ) );
#1393 = PCURVE('',#1394,#1399);
#1394 = CYLINDRICAL_SURFACE('',#1395,8.);
#1395 = AXIS2_PLACEMENT_3D('',#1396,#1397,#1398);
#1396 = CARTESIAN_POINT('',(-8.,-30.,25.));
#1397 = DIRECTION('',(0.,1.,0.));
#1398 = DIRECTION('',(-1.,0.,0.));
#1399 = DEFINITIONAL_REPRESENTATION('',(#1400),#1413);
#1400 = B_SPLINE_CURVE_WITH_KNOTS('',6,(#1401,#1402,#1403,#1404,#1405,
    #1406,#1407,#1408,#1409,#1410,#1411,#1412),.UNSPECIFIED.,.F.,.F.,(7,
    5,7),(0.,0.912730296682,1.),.UNSPECIFIED.);
#1401 = CARTESIAN_POINT('',(0.357571103646,12.));
#1402 = CARTESIAN_POINT('',(0.357571103646,11.384959800152));
#1403 = CARTESIAN_POINT('',(0.352838938636,10.770269594439));
#1404 = CARTESIAN_POINT('',(0.343384350403,10.157231410349));
#1405 = CARTESIAN_POINT('',(0.32924981831,9.547214066437));
#1406 = CARTESIAN_POINT('',(0.310511665824,8.941776270825));
#1407 = CARTESIAN_POINT('',(0.285008814112,8.285512728001));
#1408 = CARTESIAN_POINT('',(0.282741534942,8.228295694864));
#1409 = CARTESIAN_POINT('',(0.280432629637,8.171134699578));
#1410 = CARTESIAN_POINT('',(0.278082119867,8.114030888189));
#1411 = CARTESIAN_POINT('',(0.275690022241,8.056985406486));
#1412 = CARTESIAN_POINT('',(0.273256348304,7.9999994));
#1413 = ( GEOMETRIC_REPRESENTATION_CONTEXT(2) 
PARAMETRIC_REPRESENTATION_CONTEXT() REPRESENTATION_CONTEXT('2D SPACE',''
  ) );
#1414 = ORIENTED_EDGE('',*,*,#1415,.T.);
#1415 = EDGE_CURVE('',#1361,#1416,#1418,.T.);
#1416 = VERTEX_POINT('',#1417);
#1417 = CARTESIAN_POINT('',(-15.96647939483,-18.,27.8));
#1418 = SURFACE_CURVE('',#1419,(#1487,#1558),.PCURVE_S1.);
#1419 = B_SPLINE_CURVE_WITH_KNOTS('',6,(#1420,#1421,#1422,#1423,#1424,
    #1425,#1426,#1427,#1428,#1429,#1430,#1431,#1432,#1433,#1434,#1435,
    #1436,#1437,#1438,#1439,#1440,#1441,#1442,#1443,#1444,#1445,#1446,
    #1447,#1448,#1449,#1450,#1451,#1452,#1453,#1454,#1455,#1456,#1457,
    #1458,#1459,#1460,#1461,#1462,#1463,#1464,#1465,#1466,#1467,#1468,
    #1469,#1470,#1471,#1472,#1473,#1474,#1475,#1476,#1477,#1478,#1479,
    #1480,#1481,#1482,#1483,#1484,#1485,#1486),.UNSPECIFIED.,.F.,.F.,(7,
    5,5,5,5,5,5,5,5,5,5,5,5,7),(0.,0.180802340505,0.315565837882,
    0.40080881373,0.435268562628,0.455847405571,0.500217905847,
    0.537611369107,0.554342038606,0.580522029851,0.63079143399,
    0.70171053699,0.819570204471,1.),.UNSPECIFIED.);
#1420 = CARTESIAN_POINT('',(-10.03352060516,-18.,27.8));
#1421 = CARTESIAN_POINT('',(-10.03352060516,-18.50905517663,27.8));
#1422 = CARTESIAN_POINT('',(-10.04334834657,-19.01753365108,
    27.775706609501));
#1423 = CARTESIAN_POINT('',(-10.06296062275,-19.52501606921,
    27.72721832193));
#1424 = CARTESIAN_POINT('',(-10.0941399365,-20.03089176958,
    27.654440793744));
#1425 = CARTESIAN_POINT('',(-10.14040013684,-20.53349270321,
    27.557140250447));
#1426 = CARTESIAN_POINT('',(-10.25843608767,-21.39876807341,
    27.346376840663));
#1427 = CARTESIAN_POINT('',(-10.32065595284,-21.76404876278,
    27.243446083228));
#1428 = CARTESIAN_POINT('',(-10.3974473112,-22.12512223074,
    27.127721767737));
#1429 = CARTESIAN_POINT('',(-10.4925522002,-22.48016323883,
    26.999713831432));
#1430 = CARTESIAN_POINT('',(-10.61095422992,-22.82567878515,
    26.860975016399));
#1431 = CARTESIAN_POINT('',(-10.85250970035,-23.36424204748,
    26.623978766708));
#1432 = CARTESIAN_POINT('',(-10.95821180532,-23.56728812762,
    26.529303652109));
#1433 = CARTESIAN_POINT('',(-11.07742653398,-23.76240222615,
    26.433148700521));
#1434 = CARTESIAN_POINT('',(-11.21164999126,-23.9471132284,
    26.337329369822));
#1435 = CARTESIAN_POINT('',(-11.36229689772,-24.11855677501,
    26.24432005914));
#1436 = CARTESIAN_POINT('',(-11.59846385105,-24.33570191975,
    26.12223107704));
#1437 = CARTESIAN_POINT('',(-11.66925659053,-24.39541107717,
    26.088106741954));
#1438 = CARTESIAN_POINT('',(-11.74282733106,-24.45200788614,
    26.055264189754));
#1439 = CARTESIAN_POINT('',(-11.81912186393,-24.50519793868,
    26.0239688721));
#1440 = CARTESIAN_POINT('',(-11.89805889041,-24.55470095961,
    25.99448595334));
#1441 = CARTESIAN_POINT('',(-12.02818269452,-24.62744975246,
    25.950703978818));
#1442 = CARTESIAN_POINT('',(-12.07773078095,-24.65323510343,
    25.935075283226));
#1443 = CARTESIAN_POINT('',(-12.12813337056,-24.67753973723,
    25.920248564402));
#1444 = CARTESIAN_POINT('',(-12.17934539436,-24.70030330579,
    25.906280838836));
#1445 = CARTESIAN_POINT('',(-12.23131721197,-24.72147052177,
    25.893225478583));
#1446 = CARTESIAN_POINT('',(-12.39757352248,-24.78308003734,
    25.855057649017));
#1447 = CARTESIAN_POINT('',(-12.51448472422,-24.81753340912,
    25.833443062504));
#1448 = CARTESIAN_POINT('',(-12.63402309713,-24.84377099375,
    25.816828729132));
#1449 = CARTESIAN_POINT('',(-12.75537562366,-24.86140325867,
    25.805612156809));
#1450 = CARTESIAN_POINT('',(-12.87766554101,-24.87022561492,25.8));
#1451 = CARTESIAN_POINT('',(-13.10309798332,-24.87022561492,25.8));
#1452 = CARTESIAN_POINT('',(-13.20617676055,-24.86395960952,
    25.803985716499));
#1453 = CARTESIAN_POINT('',(-13.30869564674,-24.85143245457,
    25.811955468366));
#1454 = CARTESIAN_POINT('',(-13.41012056881,-24.83274775521,
    25.823802225137));
#1455 = CARTESIAN_POINT('',(-13.50994509652,-24.80810749272,
    25.839324140801));
#1456 = CARTESIAN_POINT('',(-13.65145433132,-24.76425661634,
    25.866696266979));
#1457 = CARTESIAN_POINT('',(-13.6947919115,-24.74956722225,
    25.875837363462));
#1458 = CARTESIAN_POINT('',(-13.7376871436,-24.7337687426,
    25.885633672778));
#1459 = CARTESIAN_POINT('',(-13.78010663961,-24.71688851648,
    25.896058681904));
#1460 = CARTESIAN_POINT('',(-13.82202069413,-24.69895594867,
    25.907084069051));
#1461 = CARTESIAN_POINT('',(-13.92815836476,-24.65034434992,
    25.936824441553));
#1462 = CARTESIAN_POINT('',(-13.9915988358,-24.61819233294,
    25.956362056605));
#1463 = CARTESIAN_POINT('',(-14.05364309091,-24.58365984601,
    25.977182275119));
#1464 = CARTESIAN_POINT('',(-14.11422069071,-24.54686877963,
    25.999167956361));
#1465 = CARTESIAN_POINT('',(-14.17327231617,-24.50795011595,
    26.022197243997));
#1466 = CARTESIAN_POINT('',(-14.34111472963,-24.38849979737,
    26.092130281966));
#1467 = CARTESIAN_POINT('',(-14.44559193359,-24.3026889473,
    26.141469187911));
#1468 = CARTESIAN_POINT('',(-14.54413572858,-24.21042912883,
    26.193387434011));
#1469 = CARTESIAN_POINT('',(-14.63679572137,-24.11250913984,
    26.2471593209));
#1470 = CARTESIAN_POINT('',(-14.72369246618,-24.00971532362,
    26.302115937025));
#1471 = CARTESIAN_POINT('',(-14.91969070312,-23.75210449674,
    26.436002757088));
#1472 = CARTESIAN_POINT('',(-15.02331972673,-23.59317214942,
    26.515554237199));
#1473 = CARTESIAN_POINT('',(-15.11683442983,-23.42764347727,
    26.594957680556));
#1474 = CARTESIAN_POINT('',(-15.20118578292,-23.25680034629,
    26.673221398598));
#1475 = CARTESIAN_POINT('',(-15.2772812025,-23.08169451445,
    26.74962605531));
#1476 = CARTESIAN_POINT('',(-15.46005443214,-22.60661172804,
    26.946641097956));
#1477 = CARTESIAN_POINT('',(-15.55384072772,-22.30017286348,
    27.063255982506));
#1478 = CARTESIAN_POINT('',(-15.63119590911,-21.98728808406,
    27.171267751654));
#1479 = CARTESIAN_POINT('',(-15.69521827251,-21.6700943048,
    27.269761230242));
#1480 = CARTESIAN_POINT('',(-15.74833991007,-21.34965269149,
    27.358425959779));
#1481 = CARTESIAN_POINT('',(-15.8598436846,-20.53084610196,
    27.557652790836));
#1482 = CARTESIAN_POINT('',(-15.90598959699,-20.02877179636,
    27.654744342091));
#1483 = CARTESIAN_POINT('',(-15.93710000409,-19.52343710588,
    27.727367707667));
#1484 = CARTESIAN_POINT('',(-15.95667171367,-19.01648918814,
    27.775756385994));
#1485 = CARTESIAN_POINT('',(-15.96647939483,-18.50853371282,27.8));
#1486 = CARTESIAN_POINT('',(-15.96647939483,-18.,27.8));
#1487 = PCURVE('',#155,#1488);
#1488 = DEFINITIONAL_REPRESENTATION('',(#1489),#1557);
#1489 = B_SPLINE_CURVE_WITH_KNOTS('',6,(#1490,#1491,#1492,#1493,#1494,
    #1495,#1496,#1497,#1498,#1499,#1500,#1501,#1502,#1503,#1504,#1505,
    #1506,#1507,#1508,#1509,#1510,#1511,#1512,#1513,#1514,#1515,#1516,
    #1517,#1518,#1519,#1520,#1521,#1522,#1523,#1524,#1525,#1526,#1527,
    #1528,#1529,#1530,#1531,#1532,#1533,#1534,#1535,#1536,#1537,#1538,
    #1539,#1540,#1541,#1542,#1543,#1544,#1545,#1546,#1547,#1548,#1549,
    #1550,#1551,#1552,#1553,#1554,#1555,#1556),.UNSPECIFIED.,.F.,.F.,(7,
    5,5,5,5,5,5,5,5,5,5,5,5,7),(0.,0.180802340505,0.315565837882,
    0.40080881373,0.435268562628,0.455847405571,0.500217905847,
    0.537611369107,0.554342038606,0.580522029851,0.63079143399,
    0.70171053699,0.819570204471,1.),.UNSPECIFIED.);
#1490 = CARTESIAN_POINT('',(0.,11.966479394838));
#1491 = CARTESIAN_POINT('',(3.976993567474E-02,11.966479394838));
#1492 = CARTESIAN_POINT('',(7.949472283933E-02,11.956651653421));
#1493 = CARTESIAN_POINT('',(0.119255448116,11.937039377243));
#1494 = CARTESIAN_POINT('',(0.159114268004,11.905860063491));
#1495 = CARTESIAN_POINT('',(0.199063449785,11.859599863152));
#1496 = CARTESIAN_POINT('',(0.268639571242,11.741563912324));
#1497 = CARTESIAN_POINT('',(0.298269513872,11.679344047156));
#1498 = CARTESIAN_POINT('',(0.327864005982,11.602552688795));
#1499 = CARTESIAN_POINT('',(0.357320415059,11.507447799794));
#1500 = CARTESIAN_POINT('',(0.386393100475,11.389045770072));
#1501 = CARTESIAN_POINT('',(0.43236205295,11.147490299646));
#1502 = CARTESIAN_POINT('',(0.449860551648,11.041788194679));
#1503 = CARTESIAN_POINT('',(0.466848541236,10.922573466014));
#1504 = CARTESIAN_POINT('',(0.483100757236,10.788350008739));
#1505 = CARTESIAN_POINT('',(0.49833712541,10.637703102278));
#1506 = CARTESIAN_POINT('',(0.517799148575,10.401536148948));
#1507 = CARTESIAN_POINT('',(0.5231718653,10.330743409464));
#1508 = CARTESIAN_POINT('',(0.528283876611,10.257172668935));
#1509 = CARTESIAN_POINT('',(0.533105146236,10.180878136062));
#1510 = CARTESIAN_POINT('',(0.537606477171,10.10194110959));
#1511 = CARTESIAN_POINT('',(0.544239859322,9.971817305479));
#1512 = CARTESIAN_POINT('',(0.546595469896,9.922269219045));
#1513 = CARTESIAN_POINT('',(0.548819683555,9.87186662944));
#1514 = CARTESIAN_POINT('',(0.550906178421,9.820654605631));
#1515 = CARTESIAN_POINT('',(0.552849107079,9.76868278803));
#1516 = CARTESIAN_POINT('',(0.558511157165,9.602426477515));
#1517 = CARTESIAN_POINT('',(0.56168861893,9.485515275776));
#1518 = CARTESIAN_POINT('',(0.564114822805,9.365976902865));
#1519 = CARTESIAN_POINT('',(0.565747447359,9.244624376335));
#1520 = CARTESIAN_POINT('',(0.566564330621,9.122334458987));
#1521 = CARTESIAN_POINT('',(0.566564330621,8.896902016675));
#1522 = CARTESIAN_POINT('',(0.565984158216,8.793823239446));
#1523 = CARTESIAN_POINT('',(0.564824198378,8.691304353252));
#1524 = CARTESIAN_POINT('',(0.563095780714,8.58987943119));
#1525 = CARTESIAN_POINT('',(0.56082066751,8.490054903472));
#1526 = CARTESIAN_POINT('',(0.556782177273,8.348545668679));
#1527 = CARTESIAN_POINT('',(0.555430507584,8.305208088491));
#1528 = CARTESIAN_POINT('',(0.553978226821,8.262312856396));
#1529 = CARTESIAN_POINT('',(0.552428236751,8.219893360383));
#1530 = CARTESIAN_POINT('',(0.550783646789,8.177979305861));
#1531 = CARTESIAN_POINT('',(0.54633149689,8.071841635233));
#1532 = CARTESIAN_POINT('',(0.543392233441,8.008401164199));
#1533 = CARTESIAN_POINT('',(0.540242000881,7.946356909084));
#1534 = CARTESIAN_POINT('',(0.536893630932,7.885779309285));
#1535 = CARTESIAN_POINT('',(0.533360716963,7.826727683828));
#1536 = CARTESIAN_POINT('',(0.522546961501,7.658885270366));
#1537 = CARTESIAN_POINT('',(0.51481406906,7.554408066403));
#1538 = CARTESIAN_POINT('',(0.506543951736,7.455864271413));
#1539 = CARTESIAN_POINT('',(0.497817158747,7.363204278626));
#1540 = CARTESIAN_POINT('',(0.48871134599,7.276307533819));
#1541 = CARTESIAN_POINT('',(0.466029649785,7.080309296874));
#1542 = CARTESIAN_POINT('',(0.452146114424,6.976680273268));
#1543 = CARTESIAN_POINT('',(0.437806413913,6.883165570162));
#1544 = CARTESIAN_POINT('',(0.423129034924,6.798814217072));
#1545 = CARTESIAN_POINT('',(0.408205827094,6.722718797496));
#1546 = CARTESIAN_POINT('',(0.368025069361,6.53994556786));
#1547 = CARTESIAN_POINT('',(0.342420762039,6.446159272272));
#1548 = CARTESIAN_POINT('',(0.316580288003,6.368804090887));
#1549 = CARTESIAN_POINT('',(0.290651109965,6.304781727486));
#1550 = CARTESIAN_POINT('',(0.264688659347,6.251660089923));
#1551 = CARTESIAN_POINT('',(0.198853080105,6.140156315395));
#1552 = CARTESIAN_POINT('',(0.158947254545,6.094010403003));
#1553 = CARTESIAN_POINT('',(0.119131749454,6.06289999591));
#1554 = CARTESIAN_POINT('',(7.941311985841E-02,6.043328286328));
#1555 = CARTESIAN_POINT('',(3.972919631478E-02,6.033520605162));
#1556 = CARTESIAN_POINT('',(0.,6.033520605162));
#1557 = ( GEOMETRIC_REPRESENTATION_CONTEXT(2) 
PARAMETRIC_REPRESENTATION_CONTEXT() REPRESENTATION_CONTEXT('2D SPACE',''
  ) );
#1558 = PCURVE('',#334,#1559);
#1559 = DEFINITIONAL_REPRESENTATION('',(#1560),#1628);
#1560 = B_SPLINE_CURVE_WITH_KNOTS('',6,(#1561,#1562,#1563,#1564,#1565,
    #1566,#1567,#1568,#1569,#1570,#1571,#1572,#1573,#1574,#1575,#1576,
    #1577,#1578,#1579,#1580,#1581,#1582,#1583,#1584,#1585,#1586,#1587,
    #1588,#1589,#1590,#1591,#1592,#1593,#1594,#1595,#1596,#1597,#1598,
    #1599,#1600,#1601,#1602,#1603,#1604,#1605,#1606,#1607,#1608,#1609,
    #1610,#1611,#1612,#1613,#1614,#1615,#1616,#1617,#1618,#1619,#1620,
    #1621,#1622,#1623,#1624,#1625,#1626,#1627),.UNSPECIFIED.,.F.,.F.,(7,
    5,5,5,5,5,5,5,5,5,5,5,5,7),(0.,0.180802340505,0.315565837882,
    0.40080881373,0.435268562628,0.455847405571,0.500217905847,
    0.537611369107,0.554342038606,0.580522029851,0.63079143399,
    0.70171053699,0.819570204471,1.),.UNSPECIFIED.);
#1561 = CARTESIAN_POINT('',(1.955193101291,20.));
#1562 = CARTESIAN_POINT('',(1.955193101291,19.490944823363));
#1563 = CARTESIAN_POINT('',(1.963383264913,18.982466348916));
#1564 = CARTESIAN_POINT('',(1.979724871451,18.474983930785));
#1565 = CARTESIAN_POINT('',(2.004469963357,17.969108230417));
#1566 = CARTESIAN_POINT('',(2.038063925168,17.466507296784));
#1567 = CARTESIAN_POINT('',(2.113553020893,16.601231926587));
#1568 = CARTESIAN_POINT('',(2.151119090235,16.23595123722));
#1569 = CARTESIAN_POINT('',(2.194453839444,15.87487776926));
#1570 = CARTESIAN_POINT('',(2.2441682354,15.519836761169));
#1571 = CARTESIAN_POINT('',(2.300944384243,15.174321214845));
#1572 = CARTESIAN_POINT('',(2.406695172721,14.63575795252));
#1573 = CARTESIAN_POINT('',(2.450993961818,14.432711872373));
#1574 = CARTESIAN_POINT('',(2.498754344397,14.237597773847));
#1575 = CARTESIAN_POINT('',(2.550138116904,14.052886771594));
#1576 = CARTESIAN_POINT('',(2.605305311083,13.88144322499));
#1577 = CARTESIAN_POINT('',(2.688385979122,13.664298080244));
#1578 = CARTESIAN_POINT('',(2.712935163662,13.604588922829));
#1579 = CARTESIAN_POINT('',(2.738096153427,13.547992113859));
#1580 = CARTESIAN_POINT('',(2.763847057309,13.494802061315));
#1581 = CARTESIAN_POINT('',(2.790165072363,13.445299040384));
#1582 = CARTESIAN_POINT('',(2.833068790981,13.372550247535));
#1583 = CARTESIAN_POINT('',(2.849301604428,13.346764896569));
#1584 = CARTESIAN_POINT('',(2.865715072073,13.322460262761));
#1585 = CARTESIAN_POINT('',(2.882298431471,13.299696694208));
#1586 = CARTESIAN_POINT('',(2.899040684046,13.278529478223));
#1587 = CARTESIAN_POINT('',(2.952347307403,13.216919962656));
#1588 = CARTESIAN_POINT('',(2.989467116517,13.182466590872));
#1589 = CARTESIAN_POINT('',(3.027124342869,13.156229006248));
#1590 = CARTESIAN_POINT('',(3.065147525293,13.138596741322));
#1591 = CARTESIAN_POINT('',(3.103363135156,13.129774385073));
#1592 = CARTESIAN_POINT('',(3.173810773379,13.129774385073));
#1593 = CARTESIAN_POINT('',(3.206022857566,13.136040390471));
#1594 = CARTESIAN_POINT('',(3.238120293473,13.148567545421));
#1595 = CARTESIAN_POINT('',(3.269996001452,13.167252244787));
#1596 = CARTESIAN_POINT('',(3.301544665445,13.191892507271));
#1597 = CARTESIAN_POINT('',(3.346585984175,13.235743383656));
#1598 = CARTESIAN_POINT('',(3.360424998473,13.250432777742));
#1599 = CARTESIAN_POINT('',(3.3741720648,13.266231257392));
#1600 = CARTESIAN_POINT('',(3.387819899148,13.283111483514));
#1601 = CARTESIAN_POINT('',(3.401361875126,13.301044051327));
#1602 = CARTESIAN_POINT('',(3.435807392119,13.349655650074));
#1603 = CARTESIAN_POINT('',(3.456544619713,13.381807667057));
#1604 = CARTESIAN_POINT('',(3.476986578539,13.416340153988));
#1605 = CARTESIAN_POINT('',(3.497116652559,13.453131220361));
#1606 = CARTESIAN_POINT('',(3.51691872555,13.492049884041));
#1607 = CARTESIAN_POINT('',(3.573740219575,13.611500202624));
#1608 = CARTESIAN_POINT('',(3.609808006415,13.697311052693));
#1609 = CARTESIAN_POINT('',(3.644568184591,13.789570871167));
#1610 = CARTESIAN_POINT('',(3.678009011928,13.887490860151));
#1611 = CARTESIAN_POINT('',(3.710119161895,13.990284676372));
#1612 = CARTESIAN_POINT('',(3.784294964911,14.247895503259));
#1613 = CARTESIAN_POINT('',(3.825058479178,14.406827850574));
#1614 = CARTESIAN_POINT('',(3.863331399575,14.572356522726));
#1615 = CARTESIAN_POINT('',(3.899246625005,14.743199653708));
#1616 = CARTESIAN_POINT('',(3.932923153709,14.91830548555));
#1617 = CARTESIAN_POINT('',(4.016904283297,15.393388271955));
#1618 = CARTESIAN_POINT('',(4.063553505566,15.699827136516));
#1619 = CARTESIAN_POINT('',(4.104997073038,16.012711915932));
#1620 = CARTESIAN_POINT('',(4.14166588311,16.3299056952));
#1621 = CARTESIAN_POINT('',(4.173952193057,16.650347308509));
#1622 = CARTESIAN_POINT('',(4.245298360304,17.46915389804));
#1623 = CARTESIAN_POINT('',(4.278818467311,17.971228203634));
#1624 = CARTESIAN_POINT('',(4.303510864962,18.476562894113));
#1625 = CARTESIAN_POINT('',(4.319818774472,18.983510811858));
#1626 = CARTESIAN_POINT('',(4.327992205889,19.491466287171));
#1627 = CARTESIAN_POINT('',(4.327992205889,20.));
#1628 = ( GEOMETRIC_REPRESENTATION_CONTEXT(2) 
PARAMETRIC_REPRESENTATION_CONTEXT() REPRESENTATION_CONTEXT('2D SPACE',''
  ) );
#1629 = ORIENTED_EDGE('',*,*,#1630,.F.);
#1630 = EDGE_CURVE('',#1631,#1416,#1633,.T.);
#1631 = VERTEX_POINT('',#1632);
#1632 = CARTESIAN_POINT('',(-19.83666610188,-18.,27.8));
#1633 = SEAM_CURVE('',#1634,(#1638,#1645),.PCURVE_S1.);
#1634 = LINE('',#1635,#1636);
#1635 = CARTESIAN_POINT('',(-22.,-18.,27.8));
#1636 = VECTOR('',#1637,1.);
#1637 = DIRECTION('',(1.,0.,0.));
#1638 = PCURVE('',#155,#1639);
#1639 = DEFINITIONAL_REPRESENTATION('',(#1640),#1644);
#1640 = LINE('',#1641,#1642);
#1641 = CARTESIAN_POINT('',(6.28318530718,-0.));
#1642 = VECTOR('',#1643,1.);
#1643 = DIRECTION('',(0.,1.));
#1644 = ( GEOMETRIC_REPRESENTATION_CONTEXT(2) 
PARAMETRIC_REPRESENTATION_CONTEXT() REPRESENTATION_CONTEXT('2D SPACE',''
  ) );
#1645 = PCURVE('',#155,#1646);
#1646 = DEFINITIONAL_REPRESENTATION('',(#1647),#1651);
#1647 = LINE('',#1648,#1649);
#1648 = CARTESIAN_POINT('',(0.,-0.));
#1649 = VECTOR('',#1650,1.);
#1650 = DIRECTION('',(0.,1.));
#1651 = ( GEOMETRIC_REPRESENTATION_CONTEXT(2) 
PARAMETRIC_REPRESENTATION_CONTEXT() REPRESENTATION_CONTEXT('2D SPACE',''
  ) );
#1652 = ORIENTED_EDGE('',*,*,#1653,.T.);
#1653 = EDGE_CURVE('',#1631,#1654,#1656,.T.);
#1654 = VERTEX_POINT('',#1655);
#1655 = CARTESIAN_POINT('',(-20.,-24.54522726878,26.));
#1656 = SURFACE_CURVE('',#1657,(#1667,#1680),.PCURVE_S1.);
#1657 = B_SPLINE_CURVE_WITH_KNOTS('',8,(#1658,#1659,#1660,#1661,#1662,
    #1663,#1664,#1665,#1666),.UNSPECIFIED.,.F.,.F.,(9,9),(0.,1.),
  .PIECEWISE_BEZIER_KNOTS.);
#1658 = CARTESIAN_POINT('',(-19.83666610188,-18.,27.8));
#1659 = CARTESIAN_POINT('',(-19.83666610188,-18.83994721622,27.8));
#1660 = CARTESIAN_POINT('',(-19.84819279821,-19.67909186411,
    27.737007951186));
#1661 = CARTESIAN_POINT('',(-19.87120877788,-20.51512470373,
    27.611234250201));
#1662 = CARTESIAN_POINT('',(-19.9034770967,-21.34561005302,
    27.42212409602));
#1663 = CARTESIAN_POINT('',(-19.94059870367,-22.16774385181,
    27.168460640849));
#1664 = CARTESIAN_POINT('',(-19.975838718,-22.97813100769,
    26.848450120145));
#1665 = CARTESIAN_POINT('',(-20.,-23.77248562071,26.459797246056));
#1666 = CARTESIAN_POINT('',(-20.,-24.54522726878,26.));
#1667 = PCURVE('',#155,#1668);
#1668 = DEFINITIONAL_REPRESENTATION('',(#1669),#1679);
#1669 = B_SPLINE_CURVE_WITH_KNOTS('',8,(#1670,#1671,#1672,#1673,#1674,
    #1675,#1676,#1677,#1678),.UNSPECIFIED.,.F.,.F.,(9,9),(0.,1.),
  .PIECEWISE_BEZIER_KNOTS.);
#1670 = CARTESIAN_POINT('',(0.,2.163333898114));
#1671 = CARTESIAN_POINT('',(6.562087626725E-02,2.163333898114));
#1672 = CARTESIAN_POINT('',(0.131179050372,2.151807201787));
#1673 = CARTESIAN_POINT('',(0.196924707167,2.128791222115));
#1674 = CARTESIAN_POINT('',(0.263094645995,2.096522903301));
#1675 = CARTESIAN_POINT('',(0.329922110622,2.059401296328));
#1676 = CARTESIAN_POINT('',(0.397642769902,2.024161281991));
#1677 = CARTESIAN_POINT('',(0.466500936496,2.));
#1678 = CARTESIAN_POINT('',(0.536750177229,2.));
#1679 = ( GEOMETRIC_REPRESENTATION_CONTEXT(2) 
PARAMETRIC_REPRESENTATION_CONTEXT() REPRESENTATION_CONTEXT('2D SPACE',''
  ) );
#1680 = PCURVE('',#128,#1681);
#1681 = DEFINITIONAL_REPRESENTATION('',(#1682),#1692);
#1682 = B_SPLINE_CURVE_WITH_KNOTS('',8,(#1683,#1684,#1685,#1686,#1687,
    #1688,#1689,#1690,#1691),.UNSPECIFIED.,.F.,.F.,(9,9),(0.,1.),
  .PIECEWISE_BEZIER_KNOTS.);
#1683 = CARTESIAN_POINT('',(0.180986451247,17.));
#1684 = CARTESIAN_POINT('',(0.180986451247,16.160052783779));
#1685 = CARTESIAN_POINT('',(0.174582618968,15.32090813589));
#1686 = CARTESIAN_POINT('',(0.161796589554,14.484875296266));
#1687 = CARTESIAN_POINT('',(0.142613057622,13.654389946971));
#1688 = CARTESIAN_POINT('',(0.116993968514,12.832256148188));
#1689 = CARTESIAN_POINT('',(8.48450538364E-02,12.021868992303));
#1690 = CARTESIAN_POINT('',(4.597972460563E-02,11.227514379281));
#1691 = CARTESIAN_POINT('',(0.,10.454772731219));
#1692 = ( GEOMETRIC_REPRESENTATION_CONTEXT(2) 
PARAMETRIC_REPRESENTATION_CONTEXT() REPRESENTATION_CONTEXT('2D SPACE',''
  ) );
#1693 = ORIENTED_EDGE('',*,*,#1694,.T.);
#1694 = EDGE_CURVE('',#1654,#391,#1695,.T.);
#1695 = SURFACE_CURVE('',#1696,(#1701,#1708),.PCURVE_S1.);
#1696 = CIRCLE('',#1697,12.8);
#1697 = AXIS2_PLACEMENT_3D('',#1698,#1699,#1700);
#1698 = CARTESIAN_POINT('',(-20.,-18.,15.));
#1699 = DIRECTION('',(1.,0.,0.));
#1700 = DIRECTION('',(-0.,0.,1.));
#1701 = PCURVE('',#155,#1702);
#1702 = DEFINITIONAL_REPRESENTATION('',(#1703),#1707);
#1703 = LINE('',#1704,#1705);
#1704 = CARTESIAN_POINT('',(0.,2.));
#1705 = VECTOR('',#1706,1.);
#1706 = DIRECTION('',(1.,0.));
#1707 = ( GEOMETRIC_REPRESENTATION_CONTEXT(2) 
PARAMETRIC_REPRESENTATION_CONTEXT() REPRESENTATION_CONTEXT('2D SPACE',''
  ) );
#1708 = PCURVE('',#406,#1709);
#1709 = DEFINITIONAL_REPRESENTATION('',(#1710),#1714);
#1710 = CIRCLE('',#1711,12.8);
#1711 = AXIS2_PLACEMENT_2D('',#1712,#1713);
#1712 = CARTESIAN_POINT('',(51.,-17.));
#1713 = DIRECTION('',(1.,0.));
#1714 = ( GEOMETRIC_REPRESENTATION_CONTEXT(2) 
PARAMETRIC_REPRESENTATION_CONTEXT() REPRESENTATION_CONTEXT('2D SPACE',''
  ) );
#1715 = ORIENTED_EDGE('',*,*,#418,.T.);
#1716 = ORIENTED_EDGE('',*,*,#140,.T.);
#1717 = ORIENTED_EDGE('',*,*,#1718,.T.);
#1718 = EDGE_CURVE('',#113,#1631,#1719,.T.);
#1719 = SURFACE_CURVE('',#1720,(#1730,#1743),.PCURVE_S1.);
#1720 = B_SPLINE_CURVE_WITH_KNOTS('',8,(#1721,#1722,#1723,#1724,#1725,
    #1726,#1727,#1728,#1729),.UNSPECIFIED.,.F.,.F.,(9,9),(0.,1.),
  .PIECEWISE_BEZIER_KNOTS.);
#1721 = CARTESIAN_POINT('',(-20.,-11.45477273121,26.));
#1722 = CARTESIAN_POINT('',(-20.,-12.2275141458,26.459797107136));
#1723 = CARTESIAN_POINT('',(-19.97583873271,-13.02186873375,
    26.848450017046));
#1724 = CARTESIAN_POINT('',(-19.94059871109,-13.83225598919,
    27.168460609028));
#1725 = CARTESIAN_POINT('',(-19.90347709572,-14.65438992434,
    27.422124111449));
#1726 = CARTESIAN_POINT('',(-19.87120877223,-15.48487538663,
    27.611234279189));
#1727 = CARTESIAN_POINT('',(-19.84819279501,-16.32090828043,
    27.737007969207));
#1728 = CARTESIAN_POINT('',(-19.83666610188,-17.1600529041,27.8));
#1729 = CARTESIAN_POINT('',(-19.83666610188,-18.,27.8));
#1730 = PCURVE('',#155,#1731);
#1731 = DEFINITIONAL_REPRESENTATION('',(#1732),#1742);
#1732 = B_SPLINE_CURVE_WITH_KNOTS('',8,(#1733,#1734,#1735,#1736,#1737,
    #1738,#1739,#1740,#1741),.UNSPECIFIED.,.F.,.F.,(9,9),(0.,1.),
  .PIECEWISE_BEZIER_KNOTS.);
#1733 = CARTESIAN_POINT('',(5.746435129951,2.));
#1734 = CARTESIAN_POINT('',(5.816684349459,2.));
#1735 = CARTESIAN_POINT('',(5.885542515799,2.02416126729));
#1736 = CARTESIAN_POINT('',(5.953263184137,2.059401288905));
#1737 = CARTESIAN_POINT('',(6.020090659738,2.096522904271));
#1738 = CARTESIAN_POINT('',(6.086260607262,2.128791227766));
#1739 = CARTESIAN_POINT('',(6.152006268099,2.151807204981));
#1740 = CARTESIAN_POINT('',(6.217564440313,2.163333898114));
#1741 = CARTESIAN_POINT('',(6.28318530718,2.163333898114));
#1742 = ( GEOMETRIC_REPRESENTATION_CONTEXT(2) 
PARAMETRIC_REPRESENTATION_CONTEXT() REPRESENTATION_CONTEXT('2D SPACE',''
  ) );
#1743 = PCURVE('',#128,#1744);
#1744 = DEFINITIONAL_REPRESENTATION('',(#1745),#1755);
#1745 = B_SPLINE_CURVE_WITH_KNOTS('',8,(#1746,#1747,#1748,#1749,#1750,
    #1751,#1752,#1753,#1754),.UNSPECIFIED.,.F.,.F.,(9,9),(0.,1.),
  .PIECEWISE_BEZIER_KNOTS.);
#1746 = CARTESIAN_POINT('',(0.,23.545227268781));
#1747 = CARTESIAN_POINT('',(4.597971071358E-02,22.772485854191));
#1748 = CARTESIAN_POINT('',(8.484504354503E-02,21.978131266249));
#1749 = CARTESIAN_POINT('',(0.116993965145,21.167744010801));
#1750 = CARTESIAN_POINT('',(0.142613059272,20.345610075656));
#1751 = CARTESIAN_POINT('',(0.161796592434,19.515124613365));
#1752 = CARTESIAN_POINT('',(0.17458262082,18.679091719566));
#1753 = CARTESIAN_POINT('',(0.180986451247,17.839947095893));
#1754 = CARTESIAN_POINT('',(0.180986451247,17.));
#1755 = ( GEOMETRIC_REPRESENTATION_CONTEXT(2) 
PARAMETRIC_REPRESENTATION_CONTEXT() REPRESENTATION_CONTEXT('2D SPACE',''
  ) );
#1756 = ORIENTED_EDGE('',*,*,#1630,.T.);
#1757 = ORIENTED_EDGE('',*,*,#1758,.F.);
#1758 = EDGE_CURVE('',#1759,#1416,#1761,.T.);
#1759 = VERTEX_POINT('',#1760);
#1760 = CARTESIAN_POINT('',(-15.67769801891,-14.28119680714,
    27.247877481602));
#1761 = SURFACE_CURVE('',#1762,(#1830,#1901),.PCURVE_S1.);
#1762 = B_SPLINE_CURVE_WITH_KNOTS('',6,(#1763,#1764,#1765,#1766,#1767,
    #1768,#1769,#1770,#1771,#1772,#1773,#1774,#1775,#1776,#1777,#1778,
    #1779,#1780,#1781,#1782,#1783,#1784,#1785,#1786,#1787,#1788,#1789,
    #1790,#1791,#1792,#1793,#1794,#1795,#1796,#1797,#1798,#1799,#1800,
    #1801,#1802,#1803,#1804,#1805,#1806,#1807,#1808,#1809,#1810,#1811,
    #1812,#1813,#1814,#1815,#1816,#1817,#1818,#1819,#1820,#1821,#1822,
    #1823,#1824,#1825,#1826,#1827,#1828,#1829),.UNSPECIFIED.,.F.,.F.,(7,
    5,5,5,5,5,5,5,5,5,5,5,5,7),(0.,0.180802341145,0.315565838999,
    0.400808815148,0.435268564168,0.455847407185,0.50021790762,
    0.537611371014,0.554342040573,0.580522031912,0.63079143623,
    0.701710534353,0.819570202876,1.),.UNSPECIFIED.);
#1763 = CARTESIAN_POINT('',(-10.03352060516,-18.,27.8));
#1764 = CARTESIAN_POINT('',(-10.03352060516,-17.49094482336,27.8));
#1765 = CARTESIAN_POINT('',(-10.04334834657,-16.98246634891,
    27.775706609501));
#1766 = CARTESIAN_POINT('',(-10.06296062275,-16.47498393078,
    27.72721832193));
#1767 = CARTESIAN_POINT('',(-10.0941399365,-15.96910823041,
    27.654440793744));
#1768 = CARTESIAN_POINT('',(-10.14040013684,-15.46650729678,
    27.557140250447));
#1769 = CARTESIAN_POINT('',(-10.25843608767,-14.60123192658,
    27.346376840663));
#1770 = CARTESIAN_POINT('',(-10.32065595284,-14.23595123722,
    27.243446083228));
#1771 = CARTESIAN_POINT('',(-10.3974473112,-13.87487776926,
    27.127721767737));
#1772 = CARTESIAN_POINT('',(-10.4925522002,-13.51983676116,
    26.999713831432));
#1773 = CARTESIAN_POINT('',(-10.61095422992,-13.17432121484,
    26.8609750164));
#1774 = CARTESIAN_POINT('',(-10.85250970035,-12.63575795252,
    26.623978766708));
#1775 = CARTESIAN_POINT('',(-10.95821180532,-12.43271187237,
    26.529303652109));
#1776 = CARTESIAN_POINT('',(-11.07742653398,-12.23759777384,
    26.433148700521));
#1777 = CARTESIAN_POINT('',(-11.21164999126,-12.05288677159,
    26.337329369822));
#1778 = CARTESIAN_POINT('',(-11.36229689772,-11.88144322499,
    26.24432005914));
#1779 = CARTESIAN_POINT('',(-11.59846385105,-11.66429808024,
    26.122231077039));
#1780 = CARTESIAN_POINT('',(-11.66925659053,-11.60458892283,
    26.088106741955));
#1781 = CARTESIAN_POINT('',(-11.74282733106,-11.54799211386,
    26.055264189755));
#1782 = CARTESIAN_POINT('',(-11.81912186393,-11.49480206131,
    26.0239688721));
#1783 = CARTESIAN_POINT('',(-11.89805889041,-11.44529904038,
    25.99448595334));
#1784 = CARTESIAN_POINT('',(-12.02818269452,-11.37255024753,
    25.950703978818));
#1785 = CARTESIAN_POINT('',(-12.07773078095,-11.34676489656,
    25.935075283226));
#1786 = CARTESIAN_POINT('',(-12.12813337056,-11.32246026276,
    25.920248564402));
#1787 = CARTESIAN_POINT('',(-12.17934539436,-11.2996966942,
    25.906280838836));
#1788 = CARTESIAN_POINT('',(-12.23131721197,-11.27852947822,
    25.893225478583));
#1789 = CARTESIAN_POINT('',(-12.39757352248,-11.21691996265,
    25.855057649017));
#1790 = CARTESIAN_POINT('',(-12.51448472422,-11.18246659087,
    25.833443062504));
#1791 = CARTESIAN_POINT('',(-12.63402309713,-11.15622900624,
    25.816828729132));
#1792 = CARTESIAN_POINT('',(-12.75537562366,-11.13859674132,
    25.805612156809));
#1793 = CARTESIAN_POINT('',(-12.87766554101,-11.12977438507,25.8));
#1794 = CARTESIAN_POINT('',(-13.10309798332,-11.12977438507,25.8));
#1795 = CARTESIAN_POINT('',(-13.20617676055,-11.13604039047,
    25.803985716499));
#1796 = CARTESIAN_POINT('',(-13.30869564674,-11.14856754542,
    25.811955468366));
#1797 = CARTESIAN_POINT('',(-13.41012056881,-11.16725224478,
    25.823802225137));
#1798 = CARTESIAN_POINT('',(-13.50994509652,-11.19189250727,
    25.839324140801));
#1799 = CARTESIAN_POINT('',(-13.65145433132,-11.23574338365,
    25.866696266979));
#1800 = CARTESIAN_POINT('',(-13.6947919115,-11.25043277774,
    25.875837363462));
#1801 = CARTESIAN_POINT('',(-13.7376871436,-11.26623125739,
    25.885633672778));
#1802 = CARTESIAN_POINT('',(-13.78010663961,-11.28311148351,
    25.896058681904));
#1803 = CARTESIAN_POINT('',(-13.82202069413,-11.30104405132,
    25.907084069051));
#1804 = CARTESIAN_POINT('',(-13.92815836476,-11.34965565007,
    25.936824441553));
#1805 = CARTESIAN_POINT('',(-13.9915988358,-11.38180766705,
    25.956362056605));
#1806 = CARTESIAN_POINT('',(-14.05364309091,-11.41634015398,
    25.977182275119));
#1807 = CARTESIAN_POINT('',(-14.11422069071,-11.45313122036,
    25.999167956361));
#1808 = CARTESIAN_POINT('',(-14.17327231617,-11.49204988404,
    26.022197243997));
#1809 = CARTESIAN_POINT('',(-14.34111472963,-11.61150020262,
    26.092130281966));
#1810 = CARTESIAN_POINT('',(-14.44559193359,-11.69731105269,
    26.141469187911));
#1811 = CARTESIAN_POINT('',(-14.54413572858,-11.78957087116,
    26.193387434011));
#1812 = CARTESIAN_POINT('',(-14.63679572137,-11.88749086015,
    26.2471593209));
#1813 = CARTESIAN_POINT('',(-14.72369246618,-11.99028467637,
    26.302115937025));
#1814 = CARTESIAN_POINT('',(-14.91969069482,-12.24789549235,
    26.43600275142));
#1815 = CARTESIAN_POINT('',(-15.02331973811,-12.40682787004,
    26.515554246398));
#1816 = CARTESIAN_POINT('',(-15.11683443119,-12.57235652132,
    26.594957680505));
#1817 = CARTESIAN_POINT('',(-15.20118577216,-12.74319963354,
    26.673221389362));
#1818 = CARTESIAN_POINT('',(-15.27728120783,-12.9183054994,
    26.749626061054));
#1819 = CARTESIAN_POINT('',(-15.46005443214,-13.39338827195,
    26.946641097956));
#1820 = CARTESIAN_POINT('',(-15.55384072772,-13.69982713651,
    27.063255982506));
#1821 = CARTESIAN_POINT('',(-15.63119590911,-14.01271191593,
    27.171267751653));
#1822 = CARTESIAN_POINT('',(-15.69521827251,-14.3299056952,
    27.269761230242));
#1823 = CARTESIAN_POINT('',(-15.74833991007,-14.6503473085,
    27.358425959779));
#1824 = CARTESIAN_POINT('',(-15.8598436846,-15.46915389804,
    27.557652790836));
#1825 = CARTESIAN_POINT('',(-15.90598959699,-15.97122820363,
    27.654744342091));
#1826 = CARTESIAN_POINT('',(-15.93710000409,-16.47656289411,
    27.727367707667));
#1827 = CARTESIAN_POINT('',(-15.95667171367,-16.98351081185,
    27.775756385994));
#1828 = CARTESIAN_POINT('',(-15.96647939483,-17.49146628717,27.8));
#1829 = CARTESIAN_POINT('',(-15.96647939483,-18.,27.8));
#1830 = PCURVE('',#155,#1831);
#1831 = DEFINITIONAL_REPRESENTATION('',(#1832),#1900);
#1832 = B_SPLINE_CURVE_WITH_KNOTS('',6,(#1833,#1834,#1835,#1836,#1837,
    #1838,#1839,#1840,#1841,#1842,#1843,#1844,#1845,#1846,#1847,#1848,
    #1849,#1850,#1851,#1852,#1853,#1854,#1855,#1856,#1857,#1858,#1859,
    #1860,#1861,#1862,#1863,#1864,#1865,#1866,#1867,#1868,#1869,#1870,
    #1871,#1872,#1873,#1874,#1875,#1876,#1877,#1878,#1879,#1880,#1881,
    #1882,#1883,#1884,#1885,#1886,#1887,#1888,#1889,#1890,#1891,#1892,
    #1893,#1894,#1895,#1896,#1897,#1898,#1899),.UNSPECIFIED.,.F.,.F.,(7,
    5,5,5,5,5,5,5,5,5,5,5,5,7),(0.,0.180802341145,0.315565838999,
    0.400808815148,0.435268564168,0.455847407185,0.50021790762,
    0.537611371014,0.554342040573,0.580522031912,0.63079143623,
    0.701710534353,0.819570202876,1.),.UNSPECIFIED.);
#1833 = CARTESIAN_POINT('',(6.28318530718,11.966479394838));
#1834 = CARTESIAN_POINT('',(6.243415371505,11.966479394838));
#1835 = CARTESIAN_POINT('',(6.20369058434,11.956651653421));
#1836 = CARTESIAN_POINT('',(6.163929859064,11.937039377243));
#1837 = CARTESIAN_POINT('',(6.124071039176,11.905860063491));
#1838 = CARTESIAN_POINT('',(6.084121857395,11.859599863152));
#1839 = CARTESIAN_POINT('',(6.014545735937,11.741563912324));
#1840 = CARTESIAN_POINT('',(5.984915793308,11.679344047156));
#1841 = CARTESIAN_POINT('',(5.955321301198,11.602552688795));
#1842 = CARTESIAN_POINT('',(5.925864892121,11.507447799794));
#1843 = CARTESIAN_POINT('',(5.896792206705,11.389045770072));
#1844 = CARTESIAN_POINT('',(5.85082325423,11.147490299646));
#1845 = CARTESIAN_POINT('',(5.833324755532,11.041788194679));
#1846 = CARTESIAN_POINT('',(5.816336765944,10.922573466014));
#1847 = CARTESIAN_POINT('',(5.800084549944,10.788350008739));
#1848 = CARTESIAN_POINT('',(5.78484818177,10.637703102278));
#1849 = CARTESIAN_POINT('',(5.765386158604,10.401536148947));
#1850 = CARTESIAN_POINT('',(5.76001344188,10.330743409464));
#1851 = CARTESIAN_POINT('',(5.754901430569,10.257172668936));
#1852 = CARTESIAN_POINT('',(5.750080160944,10.180878136063));
#1853 = CARTESIAN_POINT('',(5.745578830008,10.101941109588));
#1854 = CARTESIAN_POINT('',(5.738945447858,9.971817305479));
#1855 = CARTESIAN_POINT('',(5.736589837283,9.922269219045));
#1856 = CARTESIAN_POINT('',(5.734365623625,9.87186662944));
#1857 = CARTESIAN_POINT('',(5.732279128759,9.820654605631));
#1858 = CARTESIAN_POINT('',(5.7303362001,9.76868278803));
#1859 = CARTESIAN_POINT('',(5.724674150015,9.602426477515));
#1860 = CARTESIAN_POINT('',(5.72149668825,9.485515275775));
#1861 = CARTESIAN_POINT('',(5.719070484375,9.365976902866));
#1862 = CARTESIAN_POINT('',(5.71743785982,9.244624376334));
#1863 = CARTESIAN_POINT('',(5.716620976559,9.122334458987));
#1864 = CARTESIAN_POINT('',(5.716620976559,8.896902016675));
#1865 = CARTESIAN_POINT('',(5.717201148964,8.793823239446));
#1866 = CARTESIAN_POINT('',(5.718361108802,8.691304353252));
#1867 = CARTESIAN_POINT('',(5.720089526465,8.58987943119));
#1868 = CARTESIAN_POINT('',(5.72236463967,8.490054903472));
#1869 = CARTESIAN_POINT('',(5.726403129906,8.348545668679));
#1870 = CARTESIAN_POINT('',(5.727754799595,8.305208088491));
#1871 = CARTESIAN_POINT('',(5.729207080359,8.262312856396));
#1872 = CARTESIAN_POINT('',(5.730757070429,8.219893360383));
#1873 = CARTESIAN_POINT('',(5.73240166039,8.177979305861));
#1874 = CARTESIAN_POINT('',(5.73685381029,8.071841635233));
#1875 = CARTESIAN_POINT('',(5.739793073739,8.008401164199));
#1876 = CARTESIAN_POINT('',(5.742943306299,7.946356909084));
#1877 = CARTESIAN_POINT('',(5.746291676248,7.885779309285));
#1878 = CARTESIAN_POINT('',(5.749824590217,7.826727683828));
#1879 = CARTESIAN_POINT('',(5.760638345678,7.658885270366));
#1880 = CARTESIAN_POINT('',(5.76837123812,7.554408066403));
#1881 = CARTESIAN_POINT('',(5.776641355444,7.455864271413));
#1882 = CARTESIAN_POINT('',(5.785368148432,7.363204278626));
#1883 = CARTESIAN_POINT('',(5.79447396119,7.276307533819));
#1884 = CARTESIAN_POINT('',(5.817155656435,7.080309305172));
#1885 = CARTESIAN_POINT('',(5.831039194439,6.976680261885));
#1886 = CARTESIAN_POINT('',(5.845378893166,6.883165568805));
#1887 = CARTESIAN_POINT('',(5.860056270521,6.798814227834));
#1888 = CARTESIAN_POINT('',(5.874979481257,6.722718792167));
#1889 = CARTESIAN_POINT('',(5.915160237819,6.53994556786));
#1890 = CARTESIAN_POINT('',(5.94076454514,6.446159272272));
#1891 = CARTESIAN_POINT('',(5.966605019177,6.368804090887));
#1892 = CARTESIAN_POINT('',(5.992534197214,6.304781727486));
#1893 = CARTESIAN_POINT('',(6.018496647833,6.251660089923));
#1894 = CARTESIAN_POINT('',(6.084332227075,6.140156315395));
#1895 = CARTESIAN_POINT('',(6.124238052635,6.094010403003));
#1896 = CARTESIAN_POINT('',(6.164053557726,6.06289999591));
#1897 = CARTESIAN_POINT('',(6.203772187321,6.043328286328));
#1898 = CARTESIAN_POINT('',(6.243456110865,6.033520605162));
#1899 = CARTESIAN_POINT('',(6.28318530718,6.033520605162));
#1900 = ( GEOMETRIC_REPRESENTATION_CONTEXT(2) 
PARAMETRIC_REPRESENTATION_CONTEXT() REPRESENTATION_CONTEXT('2D SPACE',''
  ) );
#1901 = PCURVE('',#334,#1902);
#1902 = DEFINITIONAL_REPRESENTATION('',(#1903),#1971);
#1903 = B_SPLINE_CURVE_WITH_KNOTS('',6,(#1904,#1905,#1906,#1907,#1908,
    #1909,#1910,#1911,#1912,#1913,#1914,#1915,#1916,#1917,#1918,#1919,
    #1920,#1921,#1922,#1923,#1924,#1925,#1926,#1927,#1928,#1929,#1930,
    #1931,#1932,#1933,#1934,#1935,#1936,#1937,#1938,#1939,#1940,#1941,
    #1942,#1943,#1944,#1945,#1946,#1947,#1948,#1949,#1950,#1951,#1952,
    #1953,#1954,#1955,#1956,#1957,#1958,#1959,#1960,#1961,#1962,#1963,
    #1964,#1965,#1966,#1967,#1968,#1969,#1970),.UNSPECIFIED.,.F.,.F.,(7,
    5,5,5,5,5,5,5,5,5,5,5,5,7),(0.,0.180802341145,0.315565838999,
    0.400808815148,0.435268564168,0.455847407185,0.50021790762,
    0.537611371014,0.554342040573,0.580522031912,0.63079143623,
    0.701710534353,0.819570202876,1.),.UNSPECIFIED.);
#1904 = CARTESIAN_POINT('',(1.955193101291,20.));
#1905 = CARTESIAN_POINT('',(1.955193101291,20.509055176637));
#1906 = CARTESIAN_POINT('',(1.963383264913,21.017533651084));
#1907 = CARTESIAN_POINT('',(1.979724871451,21.525016069215));
#1908 = CARTESIAN_POINT('',(2.004469963357,22.030891769583));
#1909 = CARTESIAN_POINT('',(2.038063925168,22.533492703217));
#1910 = CARTESIAN_POINT('',(2.113553020893,23.398768073413));
#1911 = CARTESIAN_POINT('',(2.151119090235,23.764048762778));
#1912 = CARTESIAN_POINT('',(2.194453839444,24.12512223074));
#1913 = CARTESIAN_POINT('',(2.2441682354,24.480163238832));
#1914 = CARTESIAN_POINT('',(2.300944384243,24.825678785155));
#1915 = CARTESIAN_POINT('',(2.406695172721,25.36424204748));
#1916 = CARTESIAN_POINT('',(2.450993961818,25.567288127627));
#1917 = CARTESIAN_POINT('',(2.498754344397,25.762402226153));
#1918 = CARTESIAN_POINT('',(2.550138116904,25.947113228406));
#1919 = CARTESIAN_POINT('',(2.605305311083,26.11855677501));
#1920 = CARTESIAN_POINT('',(2.688385979123,26.335701919757));
#1921 = CARTESIAN_POINT('',(2.712935163662,26.39541107717));
#1922 = CARTESIAN_POINT('',(2.738096153427,26.45200788614));
#1923 = CARTESIAN_POINT('',(2.763847057309,26.505197938685));
#1924 = CARTESIAN_POINT('',(2.790165072364,26.554700959617));
#1925 = CARTESIAN_POINT('',(2.833068790981,26.627449752465));
#1926 = CARTESIAN_POINT('',(2.849301604428,26.653235103431));
#1927 = CARTESIAN_POINT('',(2.865715072073,26.677539737239));
#1928 = CARTESIAN_POINT('',(2.882298431471,26.700303305792));
#1929 = CARTESIAN_POINT('',(2.899040684046,26.721470521777));
#1930 = CARTESIAN_POINT('',(2.952347307403,26.783080037344));
#1931 = CARTESIAN_POINT('',(2.989467116517,26.817533409129));
#1932 = CARTESIAN_POINT('',(3.027124342868,26.843770993751));
#1933 = CARTESIAN_POINT('',(3.065147525293,26.861403258678));
#1934 = CARTESIAN_POINT('',(3.103363135156,26.870225614927));
#1935 = CARTESIAN_POINT('',(3.173810773379,26.870225614927));
#1936 = CARTESIAN_POINT('',(3.206022857566,26.863959609529));
#1937 = CARTESIAN_POINT('',(3.238120293473,26.851432454579));
#1938 = CARTESIAN_POINT('',(3.269996001452,26.832747755213));
#1939 = CARTESIAN_POINT('',(3.301544665445,26.808107492729));
#1940 = CARTESIAN_POINT('',(3.346585984175,26.764256616344));
#1941 = CARTESIAN_POINT('',(3.360424998473,26.749567222258));
#1942 = CARTESIAN_POINT('',(3.3741720648,26.733768742608));
#1943 = CARTESIAN_POINT('',(3.387819899148,26.716888516486));
#1944 = CARTESIAN_POINT('',(3.401361875126,26.698955948673));
#1945 = CARTESIAN_POINT('',(3.435807392119,26.650344349926));
#1946 = CARTESIAN_POINT('',(3.456544619713,26.618192332943));
#1947 = CARTESIAN_POINT('',(3.476986578539,26.583659846012));
#1948 = CARTESIAN_POINT('',(3.497116652559,26.54686877964));
#1949 = CARTESIAN_POINT('',(3.51691872555,26.507950115959));
#1950 = CARTESIAN_POINT('',(3.573740219575,26.388499797376));
#1951 = CARTESIAN_POINT('',(3.609808006415,26.302688947307));
#1952 = CARTESIAN_POINT('',(3.644568184591,26.210429128833));
#1953 = CARTESIAN_POINT('',(3.678009011928,26.112509139849));
#1954 = CARTESIAN_POINT('',(3.710119161895,26.009715323628));
#1955 = CARTESIAN_POINT('',(3.784294961771,25.752104507647));
#1956 = CARTESIAN_POINT('',(3.825058483773,25.593172129953));
#1957 = CARTESIAN_POINT('',(3.863331399888,25.427643478672));
#1958 = CARTESIAN_POINT('',(3.89924662055,25.256800366452));
#1959 = CARTESIAN_POINT('',(3.932923156157,25.081694500599));
#1960 = CARTESIAN_POINT('',(4.016904283297,24.606611728045));
#1961 = CARTESIAN_POINT('',(4.063553505566,24.300172863484));
#1962 = CARTESIAN_POINT('',(4.104997073038,23.987288084068));
#1963 = CARTESIAN_POINT('',(4.14166588311,23.6700943048));
#1964 = CARTESIAN_POINT('',(4.173952193057,23.349652691491));
#1965 = CARTESIAN_POINT('',(4.245298360304,22.53084610196));
#1966 = CARTESIAN_POINT('',(4.278818467311,22.028771796366));
#1967 = CARTESIAN_POINT('',(4.303510864962,21.523437105887));
#1968 = CARTESIAN_POINT('',(4.319818774472,21.016489188142));
#1969 = CARTESIAN_POINT('',(4.327992205889,20.508533712829));
#1970 = CARTESIAN_POINT('',(4.327992205889,20.));
#1971 = ( GEOMETRIC_REPRESENTATION_CONTEXT(2) 
PARAMETRIC_REPRESENTATION_CONTEXT() REPRESENTATION_CONTEXT('2D SPACE',''
  ) );
#1972 = ORIENTED_EDGE('',*,*,#1973,.F.);
#1973 = EDGE_CURVE('',#1974,#1759,#1976,.T.);
#1974 = VERTEX_POINT('',#1975);
#1975 = CARTESIAN_POINT('',(-16.,-10.01000625782,25.));
#1976 = SURFACE_CURVE('',#1977,(#1992,#2010),.PCURVE_S1.);
#1977 = B_SPLINE_CURVE_WITH_KNOTS('',7,(#1978,#1979,#1980,#1981,#1982,
    #1983,#1984,#1985,#1986,#1987,#1988,#1989,#1990,#1991),
  .UNSPECIFIED.,.F.,.F.,(8,6,8),(0.,0.558739786831,1.),.UNSPECIFIED.);
#1978 = CARTESIAN_POINT('',(-16.,-10.01000625782,25.));
#1979 = CARTESIAN_POINT('',(-16.,-10.58835301354,25.462098695901));
#1980 = CARTESIAN_POINT('',(-15.96886044008,-11.18623701169,
    25.875871810057));
#1981 = CARTESIAN_POINT('',(-15.91829749848,-11.7990834518,
    26.242298527352));
#1982 = CARTESIAN_POINT('',(-15.8570672521,-12.42344418784,
    26.563076719656));
#1983 = CARTESIAN_POINT('',(-15.79211957712,-13.05706686623,
    26.840029632639));
#1984 = CARTESIAN_POINT('',(-15.72892588623,-13.69874144761,
    27.074686300735));
#1985 = CARTESIAN_POINT('',(-15.62666772328,-14.86072409022,
    27.420593510985));
#1986 = CARTESIAN_POINT('',(-15.58533718963,-15.37802708727,
    27.547370968025));
#1987 = CARTESIAN_POINT('',(-15.54998116747,-15.89884197892,
    27.648526889963));
#1988 = CARTESIAN_POINT('',(-15.52229394776,-16.42224492359,
    27.724268914713));
#1989 = CARTESIAN_POINT('',(-15.5034347619,-16.94740944768,
    27.774741192358));
#1990 = CARTESIAN_POINT('',(-15.49399759807,-17.47357253643,27.8));
#1991 = CARTESIAN_POINT('',(-15.49399759807,-18.,27.8));
#1992 = PCURVE('',#155,#1993);
#1993 = DEFINITIONAL_REPRESENTATION('',(#1994),#2009);
#1994 = B_SPLINE_CURVE_WITH_KNOTS('',7,(#1995,#1996,#1997,#1998,#1999,
    #2000,#2001,#2002,#2003,#2004,#2005,#2006,#2007,#2008),
  .UNSPECIFIED.,.F.,.F.,(8,6,8),(0.,0.558739786831,1.),.UNSPECIFIED.);
#1995 = CARTESIAN_POINT('',(5.609054800512,6.));
#1996 = CARTESIAN_POINT('',(5.666889476084,6.));
#1997 = CARTESIAN_POINT('',(5.723559907553,6.031139559912));
#1998 = CARTESIAN_POINT('',(5.779150639576,6.081702501513));
#1999 = CARTESIAN_POINT('',(5.833792535392,6.142932747898));
#2000 = CARTESIAN_POINT('',(5.887652095602,6.207880422875));
#2001 = CARTESIAN_POINT('',(5.940929729093,6.271074113762));
#2002 = CARTESIAN_POINT('',(6.035646600692,6.373332276718));
#2003 = CARTESIAN_POINT('',(6.077206930598,6.41466281037));
#2004 = CARTESIAN_POINT('',(6.118578364247,6.450018832528));
#2005 = CARTESIAN_POINT('',(6.159809567892,6.477706052235));
#2006 = CARTESIAN_POINT('',(6.20095167157,6.496565238093));
#2007 = CARTESIAN_POINT('',(6.242058161589,6.506002401922));
#2008 = CARTESIAN_POINT('',(6.28318530718,6.506002401922));
#2009 = ( GEOMETRIC_REPRESENTATION_CONTEXT(2) 
PARAMETRIC_REPRESENTATION_CONTEXT() REPRESENTATION_CONTEXT('2D SPACE',''
  ) );
#2010 = PCURVE('',#2011,#2016);
#2011 = CYLINDRICAL_SURFACE('',#2012,8.);
#2012 = AXIS2_PLACEMENT_3D('',#2013,#2014,#2015);
#2013 = CARTESIAN_POINT('',(-8.,-30.,25.));
#2014 = DIRECTION('',(0.,1.,0.));
#2015 = DIRECTION('',(-1.,0.,0.));
#2016 = DEFINITIONAL_REPRESENTATION('',(#2017),#2032);
#2017 = B_SPLINE_CURVE_WITH_KNOTS('',7,(#2018,#2019,#2020,#2021,#2022,
    #2023,#2024,#2025,#2026,#2027,#2028,#2029,#2030,#2031),
  .UNSPECIFIED.,.F.,.F.,(8,6,8),(0.,0.558739786831,1.),.UNSPECIFIED.);
#2018 = CARTESIAN_POINT('',(0.,19.989993742175));
#2019 = CARTESIAN_POINT('',(5.776233698766E-02,19.411646986455));
#2020 = CARTESIAN_POINT('',(0.109484080165,18.813762988308));
#2021 = CARTESIAN_POINT('',(0.155601596999,18.200916548191));
#2022 = CARTESIAN_POINT('',(0.196348920521,17.576555812156));
#2023 = CARTESIAN_POINT('',(0.231875915683,16.942933133762));
#2024 = CARTESIAN_POINT('',(0.26224390022,16.301258552381));
#2025 = CARTESIAN_POINT('',(0.307332100241,15.139275909774));
#2026 = CARTESIAN_POINT('',(0.323993739785,14.621972912723));
#2027 = CARTESIAN_POINT('',(0.337385304882,14.101158021076));
#2028 = CARTESIAN_POINT('',(0.347465465064,13.577755076406));
#2029 = CARTESIAN_POINT('',(0.354200596834,13.052590552315));
#2030 = CARTESIAN_POINT('',(0.357571103646,12.526427463562));
#2031 = CARTESIAN_POINT('',(0.357571103646,12.));
#2032 = ( GEOMETRIC_REPRESENTATION_CONTEXT(2) 
PARAMETRIC_REPRESENTATION_CONTEXT() REPRESENTATION_CONTEXT('2D SPACE',''
  ) );
#2033 = ORIENTED_EDGE('',*,*,#2034,.F.);
#2034 = EDGE_CURVE('',#2035,#1974,#2037,.T.);
#2035 = VERTEX_POINT('',#2036);
#2036 = CARTESIAN_POINT('',(-16.,-22.,2.841052677143));
#2037 = SURFACE_CURVE('',#2038,(#2043,#2050),.PCURVE_S1.);
#2038 = CIRCLE('',#2039,12.8);
#2039 = AXIS2_PLACEMENT_3D('',#2040,#2041,#2042);
#2040 = CARTESIAN_POINT('',(-16.,-18.,15.));
#2041 = DIRECTION('',(1.,0.,0.));
#2042 = DIRECTION('',(-0.,0.,1.));
#2043 = PCURVE('',#155,#2044);
#2044 = DEFINITIONAL_REPRESENTATION('',(#2045),#2049);
#2045 = LINE('',#2046,#2047);
#2046 = CARTESIAN_POINT('',(0.,6.));
#2047 = VECTOR('',#2048,1.);
#2048 = DIRECTION('',(1.,0.));
#2049 = ( GEOMETRIC_REPRESENTATION_CONTEXT(2) 
PARAMETRIC_REPRESENTATION_CONTEXT() REPRESENTATION_CONTEXT('2D SPACE',''
  ) );
#2050 = PCURVE('',#2051,#2056);
#2051 = PLANE('',#2052);
#2052 = AXIS2_PLACEMENT_3D('',#2053,#2054,#2055);
#2053 = CARTESIAN_POINT('',(-16.,-30.,-29.));
#2054 = DIRECTION('',(1.,0.,0.));
#2055 = DIRECTION('',(0.,0.,1.));
#2056 = DEFINITIONAL_REPRESENTATION('',(#2057),#2061);
#2057 = CIRCLE('',#2058,12.8);
#2058 = AXIS2_PLACEMENT_2D('',#2059,#2060);
#2059 = CARTESIAN_POINT('',(44.,-12.));
#2060 = DIRECTION('',(1.,0.));
#2061 = ( GEOMETRIC_REPRESENTATION_CONTEXT(2) 
PARAMETRIC_REPRESENTATION_CONTEXT() REPRESENTATION_CONTEXT('2D SPACE',''
  ) );
#2062 = ORIENTED_EDGE('',*,*,#2063,.F.);
#2063 = EDGE_CURVE('',#2064,#2035,#2066,.T.);
#2064 = VERTEX_POINT('',#2065);
#2065 = CARTESIAN_POINT('',(-8.,-30.,10.545788509736));
#2066 = SURFACE_CURVE('',#2067,(#2105,#2146),.PCURVE_S1.);
#2067 = B_SPLINE_CURVE_WITH_KNOTS('',8,(#2068,#2069,#2070,#2071,#2072,
    #2073,#2074,#2075,#2076,#2077,#2078,#2079,#2080,#2081,#2082,#2083,
    #2084,#2085,#2086,#2087,#2088,#2089,#2090,#2091,#2092,#2093,#2094,
    #2095,#2096,#2097,#2098,#2099,#2100,#2101,#2102,#2103,#2104),
  .UNSPECIFIED.,.F.,.F.,(9,7,7,7,7,9),(0.,0.115686721016,0.347110471028,
    0.421478524274,0.845823323511,1.),.UNSPECIFIED.);
#2068 = CARTESIAN_POINT('',(-8.,-30.,10.545788509736));
#2069 = CARTESIAN_POINT('',(-8.195536380163,-30.,10.545788509736));
#2070 = CARTESIAN_POINT('',(-8.389476138719,-29.99453774151,
    10.531073787496));
#2071 = CARTESIAN_POINT('',(-8.581572893365,-29.98377015692,
    10.502062491952));
#2072 = CARTESIAN_POINT('',(-8.771488550129,-29.96786797533,
    10.459531544782));
#2073 = CARTESIAN_POINT('',(-8.958729786582,-29.94704332759,
    10.404625848752));
#2074 = CARTESIAN_POINT('',(-9.142586560524,-29.92159691462,
    10.338863098677));
#2075 = CARTESIAN_POINT('',(-9.322072644153,-29.89198473908,
    10.264134195018));
#2076 = CARTESIAN_POINT('',(-9.843534840208,-29.79272933803,
    10.019793977159));
#2077 = CARTESIAN_POINT('',(-10.17738852947,-29.71096912519,
    9.825857580155));
#2078 = CARTESIAN_POINT('',(-10.49828420313,-29.61538062413,
    9.610264488945));
#2079 = CARTESIAN_POINT('',(-10.80645761619,-29.50738113431,
    9.380793886378));
#2080 = CARTESIAN_POINT('',(-11.10258408303,-29.38823413794,
    9.142730075751));
#2081 = CARTESIAN_POINT('',(-11.38836343479,-29.25845181595,
    8.898694877352));
#2082 = CARTESIAN_POINT('',(-11.66655500066,-29.11726477267,
    8.648888701493));
#2083 = CARTESIAN_POINT('',(-12.02852790313,-28.91239429379,
    8.309038603697));
#2084 = CARTESIAN_POINT('',(-12.11579329983,-28.86132401535,
    8.22593120401));
#2085 = CARTESIAN_POINT('',(-12.20230588589,-28.80900322127,
    8.14242055106));
#2086 = CARTESIAN_POINT('',(-12.28807819871,-28.75542497929,
    8.058552972666));
#2087 = CARTESIAN_POINT('',(-12.37312252753,-28.70057939288,
    7.974368310445));
#2088 = CARTESIAN_POINT('',(-12.4574511227,-28.64445317542,
    7.889900278915));
#2089 = CARTESIAN_POINT('',(-12.54107640508,-28.58702922437,
    7.805176824592));
#2090 = CARTESIAN_POINT('',(-13.097237741,-28.19309792976,7.235458826607
    ));
#2091 = CARTESIAN_POINT('',(-13.54482722186,-27.81719632832,
    6.746347414618));
#2092 = CARTESIAN_POINT('',(-13.97044938104,-27.39705109288,
    6.256426188117));
#2093 = CARTESIAN_POINT('',(-14.37413360458,-26.92687957775,
    5.766854234695));
#2094 = CARTESIAN_POINT('',(-14.75225923427,-26.39984193913,
    5.281040749283));
#2095 = CARTESIAN_POINT('',(-15.09685767259,-25.80886163805,
    4.804816524154));
#2096 = CARTESIAN_POINT('',(-15.39511460005,-25.14755528566,
    4.347565334504));
#2097 = CARTESIAN_POINT('',(-15.7121579366,-24.14502713216,
    3.767282634665));
#2098 = CARTESIAN_POINT('',(-15.78829939732,-23.86705686795,
    3.616219286987));
#2099 = CARTESIAN_POINT('',(-15.85481956823,-23.57869561578,
    3.469814388367));
#2100 = CARTESIAN_POINT('',(-15.91047144991,-23.28041273052,
    3.329087238938));
#2101 = CARTESIAN_POINT('',(-15.95402720666,-22.972746874,3.194995995383
    ));
#2102 = CARTESIAN_POINT('',(-15.98427259878,-22.65631144709,
    3.068431160947));
#2103 = CARTESIAN_POINT('',(-16.,-22.33180119704,2.950207257137));
#2104 = CARTESIAN_POINT('',(-16.,-22.,2.841052677143));
#2105 = PCURVE('',#155,#2106);
#2106 = DEFINITIONAL_REPRESENTATION('',(#2107),#2145);
#2107 = B_SPLINE_CURVE_WITH_KNOTS('',8,(#2108,#2109,#2110,#2111,#2112,
    #2113,#2114,#2115,#2116,#2117,#2118,#2119,#2120,#2121,#2122,#2123,
    #2124,#2125,#2126,#2127,#2128,#2129,#2130,#2131,#2132,#2133,#2134,
    #2135,#2136,#2137,#2138,#2139,#2140,#2141,#2142,#2143,#2144),
  .UNSPECIFIED.,.F.,.F.,(9,7,7,7,7,9),(0.,0.115686721016,0.347110471028,
    0.421478524274,0.845823323511,1.),.UNSPECIFIED.);
#2108 = CARTESIAN_POINT('',(1.926217528485,14.));
#2109 = CARTESIAN_POINT('',(1.926217528485,13.804463619837));
#2110 = CARTESIAN_POINT('',(1.92744375442,13.610523861281));
#2111 = CARTESIAN_POINT('',(1.929861366027,13.418427106635));
#2112 = CARTESIAN_POINT('',(1.933408731596,13.228511449871));
#2113 = CARTESIAN_POINT('',(1.937996265642,13.041270213418));
#2114 = CARTESIAN_POINT('',(1.94350495384,12.857413439476));
#2115 = CARTESIAN_POINT('',(1.949784565215,12.677927355847));
#2116 = CARTESIAN_POINT('',(1.970388510538,12.156465159792));
#2117 = CARTESIAN_POINT('',(1.986829775167,11.822611470528));
#2118 = CARTESIAN_POINT('',(2.005249109798,11.501715796866));
#2119 = CARTESIAN_POINT('',(2.025052232957,11.193542383807));
#2120 = CARTESIAN_POINT('',(2.045837958889,10.897415916963));
#2121 = CARTESIAN_POINT('',(2.067420182964,10.611636565206));
#2122 = CARTESIAN_POINT('',(2.089828861729,10.333444999339));
#2123 = CARTESIAN_POINT('',(2.120830807123,9.971472096867));
#2124 = CARTESIAN_POINT('',(2.1284512272,9.884206700164));
#2125 = CARTESIAN_POINT('',(2.136149720777,9.797694114105));
#2126 = CARTESIAN_POINT('',(2.143924178243,9.711921801282));
#2127 = CARTESIAN_POINT('',(2.151773100365,9.62687747247));
#2128 = CARTESIAN_POINT('',(2.159695592772,9.542548877297));
#2129 = CARTESIAN_POINT('',(2.167691360446,9.458923594912));
#2130 = CARTESIAN_POINT('',(2.221804440904,8.902762258995));
#2131 = CARTESIAN_POINT('',(2.269936632002,8.455172778139));
#2132 = CARTESIAN_POINT('',(2.320235765098,8.029550618956));
#2133 = CARTESIAN_POINT('',(2.373088295614,7.625866395418));
#2134 = CARTESIAN_POINT('',(2.42886059387,7.247740765727));
#2135 = CARTESIAN_POINT('',(2.487903882595,6.903142327408));
#2136 = CARTESIAN_POINT('',(2.55051359381,6.604885399945));
#2137 = CARTESIAN_POINT('',(2.641010226707,6.287842063394));
#2138 = CARTESIAN_POINT('',(2.665717397412,6.211700602678));
#2139 = CARTESIAN_POINT('',(2.690966220755,6.145180431765));
#2140 = CARTESIAN_POINT('',(2.716710824445,6.089528550082));
#2141 = CARTESIAN_POINT('',(2.74290698035,6.045972793335));
#2142 = CARTESIAN_POINT('',(2.769511320015,6.015727401219));
#2143 = CARTESIAN_POINT('',(2.796480304664,6.));
#2144 = CARTESIAN_POINT('',(2.823768949662,6.));
#2145 = ( GEOMETRIC_REPRESENTATION_CONTEXT(2) 
PARAMETRIC_REPRESENTATION_CONTEXT() REPRESENTATION_CONTEXT('2D SPACE',''
  ) );
#2146 = PCURVE('',#2147,#2152);
#2147 = CYLINDRICAL_SURFACE('',#2148,8.);
#2148 = AXIS2_PLACEMENT_3D('',#2149,#2150,#2151);
#2149 = CARTESIAN_POINT('',(-8.,-22.,-29.));
#2150 = DIRECTION('',(0.,0.,1.));
#2151 = DIRECTION('',(-1.,-0.,0.));
#2152 = DEFINITIONAL_REPRESENTATION('',(#2153),#2191);
#2153 = B_SPLINE_CURVE_WITH_KNOTS('',8,(#2154,#2155,#2156,#2157,#2158,
    #2159,#2160,#2161,#2162,#2163,#2164,#2165,#2166,#2167,#2168,#2169,
    #2170,#2171,#2172,#2173,#2174,#2175,#2176,#2177,#2178,#2179,#2180,
    #2181,#2182,#2183,#2184,#2185,#2186,#2187,#2188,#2189,#2190),
  .UNSPECIFIED.,.F.,.F.,(9,7,7,7,7,9),(0.,0.115686721016,0.347110471028,
    0.421478524274,0.845823323511,1.),.UNSPECIFIED.);
#2154 = CARTESIAN_POINT('',(1.570796326795,39.545788509736));
#2155 = CARTESIAN_POINT('',(1.546354279275,39.545788509736));
#2156 = CARTESIAN_POINT('',(1.522111823736,39.531073787497));
#2157 = CARTESIAN_POINT('',(1.498077437578,39.502062491952));
#2158 = CARTESIAN_POINT('',(1.474272790201,39.459531544782));
#2159 = CARTESIAN_POINT('',(1.450740397455,39.404625848752));
#2160 = CARTESIAN_POINT('',(1.427552360764,39.338863098677));
#2161 = CARTESIAN_POINT('',(1.40482019093,39.264134195018));
#2162 = CARTESIAN_POINT('',(1.338467151184,39.019793977159));
#2163 = CARTESIAN_POINT('',(1.295560464054,38.825857580155));
#2164 = CARTESIAN_POINT('',(1.253789958919,38.610264488945));
#2165 = CARTESIAN_POINT('',(1.213060666959,38.380793886377));
#2166 = CARTESIAN_POINT('',(1.173239713028,38.142730075752));
#2167 = CARTESIAN_POINT('',(1.134067840867,37.898694877351));
#2168 = CARTESIAN_POINT('',(1.095111926486,37.648888701493));
#2169 = CARTESIAN_POINT('',(1.043120897326,37.309038603697));
#2170 = CARTESIAN_POINT('',(1.030483350992,37.22593120401));
#2171 = CARTESIAN_POINT('',(1.017847622285,37.14242055106));
#2172 = CARTESIAN_POINT('',(1.005208855272,37.058552972666));
#2173 = CARTESIAN_POINT('',(0.992562029301,36.974368310445));
#2174 = CARTESIAN_POINT('',(0.979901883163,36.889900278915));
#2175 = CARTESIAN_POINT('',(0.967222839252,36.805176824592));
#2176 = CARTESIAN_POINT('',(0.882030291122,36.235458826607));
#2177 = CARTESIAN_POINT('',(0.809215086562,35.746347414618));
#2178 = CARTESIAN_POINT('',(0.734864415841,35.256426188116));
#2179 = CARTESIAN_POINT('',(0.657951628655,34.766854234696));
#2180 = CARTESIAN_POINT('',(0.57754266273,34.281040749282));
#2181 = CARTESIAN_POINT('',(0.492755665087,33.804816524155));
#2182 = CARTESIAN_POINT('',(0.402698027442,33.347565334504));
#2183 = CARTESIAN_POINT('',(0.271264870963,32.767282634665));
#2184 = CARTESIAN_POINT('',(0.235265910796,32.616219286987));
#2185 = CARTESIAN_POINT('',(0.198325713828,32.469814388367));
#2186 = CARTESIAN_POINT('',(0.160466392355,32.329087238938));
#2187 = CARTESIAN_POINT('',(0.121702056709,32.194995995383));
#2188 = CARTESIAN_POINT('',(8.203894217192E-02,32.068431160947));
#2189 = CARTESIAN_POINT('',(4.147514963081E-02,31.950207257137));
#2190 = CARTESIAN_POINT('',(0.,31.841052677143));
#2191 = ( GEOMETRIC_REPRESENTATION_CONTEXT(2) 
PARAMETRIC_REPRESENTATION_CONTEXT() REPRESENTATION_CONTEXT('2D SPACE',''
  ) );
#2192 = ORIENTED_EDGE('',*,*,#2193,.T.);
#2193 = EDGE_CURVE('',#2064,#2194,#2196,.T.);
#2194 = VERTEX_POINT('',#2195);
#2195 = CARTESIAN_POINT('',(8.,-30.,10.545788509736));
#2196 = SURFACE_CURVE('',#2197,(#2201,#2207),.PCURVE_S1.);
#2197 = LINE('',#2198,#2199);
#2198 = CARTESIAN_POINT('',(-22.,-30.,10.545788509736));
#2199 = VECTOR('',#2200,1.);
#2200 = DIRECTION('',(1.,0.,0.));
#2201 = PCURVE('',#155,#2202);
#2202 = DEFINITIONAL_REPRESENTATION('',(#2203),#2206);
#2203 = B_SPLINE_CURVE_WITH_KNOTS('',1,(#2204,#2205),.UNSPECIFIED.,.F.,
  .F.,(2,2),(12.4,31.6),.PIECEWISE_BEZIER_KNOTS.);
#2204 = CARTESIAN_POINT('',(1.926217528485,12.4));
#2205 = CARTESIAN_POINT('',(1.926217528485,31.6));
#2206 = ( GEOMETRIC_REPRESENTATION_CONTEXT(2) 
PARAMETRIC_REPRESENTATION_CONTEXT() REPRESENTATION_CONTEXT('2D SPACE',''
  ) );
#2207 = PCURVE('',#2208,#2213);
#2208 = PLANE('',#2209);
#2209 = AXIS2_PLACEMENT_3D('',#2210,#2211,#2212);
#2210 = CARTESIAN_POINT('',(-16.,-30.,-29.));
#2211 = DIRECTION('',(0.,1.,0.));
#2212 = DIRECTION('',(0.,0.,1.));
#2213 = DEFINITIONAL_REPRESENTATION('',(#2214),#2217);
#2214 = B_SPLINE_CURVE_WITH_KNOTS('',1,(#2215,#2216),.UNSPECIFIED.,.F.,
  .F.,(2,2),(12.4,31.6),.PIECEWISE_BEZIER_KNOTS.);
#2215 = CARTESIAN_POINT('',(39.545788509736,6.4));
#2216 = CARTESIAN_POINT('',(39.545788509736,25.6));
#2217 = ( GEOMETRIC_REPRESENTATION_CONTEXT(2) 
PARAMETRIC_REPRESENTATION_CONTEXT() REPRESENTATION_CONTEXT('2D SPACE',''
  ) );
#2218 = ORIENTED_EDGE('',*,*,#2219,.T.);
#2219 = EDGE_CURVE('',#2194,#2220,#2222,.T.);
#2220 = VERTEX_POINT('',#2221);
#2221 = CARTESIAN_POINT('',(16.,-22.,2.841052677143));
#2222 = SURFACE_CURVE('',#2223,(#2261,#2302),.PCURVE_S1.);
#2223 = B_SPLINE_CURVE_WITH_KNOTS('',8,(#2224,#2225,#2226,#2227,#2228,
    #2229,#2230,#2231,#2232,#2233,#2234,#2235,#2236,#2237,#2238,#2239,
    #2240,#2241,#2242,#2243,#2244,#2245,#2246,#2247,#2248,#2249,#2250,
    #2251,#2252,#2253,#2254,#2255,#2256,#2257,#2258,#2259,#2260),
  .UNSPECIFIED.,.F.,.F.,(9,7,7,7,7,9),(0.,0.115686720644,0.347110469916,
    0.421478522926,0.845823322605,1.),.UNSPECIFIED.);
#2224 = CARTESIAN_POINT('',(8.,-30.,10.545788509736));
#2225 = CARTESIAN_POINT('',(8.195536380163,-30.,10.545788509736));
#2226 = CARTESIAN_POINT('',(8.389476138719,-29.99453774151,
    10.531073787496));
#2227 = CARTESIAN_POINT('',(8.581572893365,-29.98377015692,
    10.502062491952));
#2228 = CARTESIAN_POINT('',(8.771488550129,-29.96786797533,
    10.459531544782));
#2229 = CARTESIAN_POINT('',(8.958729786582,-29.94704332759,
    10.404625848752));
#2230 = CARTESIAN_POINT('',(9.142586560525,-29.92159691462,
    10.338863098677));
#2231 = CARTESIAN_POINT('',(9.322072644153,-29.89198473908,
    10.264134195018));
#2232 = CARTESIAN_POINT('',(9.843534840213,-29.79272933803,
    10.019793977157));
#2233 = CARTESIAN_POINT('',(10.177388529458,-29.7109691252,
    9.825857580161));
#2234 = CARTESIAN_POINT('',(10.498284203151,-29.61538062412,
    9.610264488937));
#2235 = CARTESIAN_POINT('',(10.806457616178,-29.50738113431,
    9.380793886384));
#2236 = CARTESIAN_POINT('',(11.102584083048,-29.38823413794,
    9.142730075745));
#2237 = CARTESIAN_POINT('',(11.388363434786,-29.25845181595,
    8.898694877358));
#2238 = CARTESIAN_POINT('',(11.666555000664,-29.11726477266,
    8.64888870149));
#2239 = CARTESIAN_POINT('',(12.028527903133,-28.91239429379,
    8.309038603697));
#2240 = CARTESIAN_POINT('',(12.115793299836,-28.86132401535,
    8.22593120401));
#2241 = CARTESIAN_POINT('',(12.202305885895,-28.80900322127,
    8.14242055106));
#2242 = CARTESIAN_POINT('',(12.288078198718,-28.75542497929,
    8.058552972666));
#2243 = CARTESIAN_POINT('',(12.37312252753,-28.70057939288,
    7.974368310445));
#2244 = CARTESIAN_POINT('',(12.457451122703,-28.64445317542,
    7.889900278915));
#2245 = CARTESIAN_POINT('',(12.541076405087,-28.58702922437,
    7.805176824593));
#2246 = CARTESIAN_POINT('',(13.097237743006,-28.19309792834,
    7.235458824556));
#2247 = CARTESIAN_POINT('',(13.544827213707,-27.81719633638,
    6.746347423759));
#2248 = CARTESIAN_POINT('',(13.970449397162,-27.39705107288,
    6.256426168675));
#2249 = CARTESIAN_POINT('',(14.374133585574,-26.92687960656,
    5.766854259363));
#2250 = CARTESIAN_POINT('',(14.75225924806,-26.39984191355,
    5.281040729857));
#2251 = CARTESIAN_POINT('',(15.096857666794,-25.8088616516,
    4.804816533226));
#2252 = CARTESIAN_POINT('',(15.39511460118,-25.14755528211,
    4.347565332446));
#2253 = CARTESIAN_POINT('',(15.712157936606,-24.14502713216,
    3.767282634665));
#2254 = CARTESIAN_POINT('',(15.788299397322,-23.86705686795,
    3.616219286987));
#2255 = CARTESIAN_POINT('',(15.854819568235,-23.57869561578,
    3.469814388367));
#2256 = CARTESIAN_POINT('',(15.910471449918,-23.28041273052,
    3.329087238938));
#2257 = CARTESIAN_POINT('',(15.954027206665,-22.972746874,3.194995995383
    ));
#2258 = CARTESIAN_POINT('',(15.984272598781,-22.65631144709,
    3.068431160947));
#2259 = CARTESIAN_POINT('',(16.,-22.33180119704,2.950207257137));
#2260 = CARTESIAN_POINT('',(16.,-22.,2.841052677143));
#2261 = PCURVE('',#155,#2262);
#2262 = DEFINITIONAL_REPRESENTATION('',(#2263),#2301);
#2263 = B_SPLINE_CURVE_WITH_KNOTS('',8,(#2264,#2265,#2266,#2267,#2268,
    #2269,#2270,#2271,#2272,#2273,#2274,#2275,#2276,#2277,#2278,#2279,
    #2280,#2281,#2282,#2283,#2284,#2285,#2286,#2287,#2288,#2289,#2290,
    #2291,#2292,#2293,#2294,#2295,#2296,#2297,#2298,#2299,#2300),
  .UNSPECIFIED.,.F.,.F.,(9,7,7,7,7,9),(0.,0.115686720644,0.347110469916,
    0.421478522926,0.845823322605,1.),.UNSPECIFIED.);
#2264 = CARTESIAN_POINT('',(1.926217528485,30.));
#2265 = CARTESIAN_POINT('',(1.926217528485,30.195536380163));
#2266 = CARTESIAN_POINT('',(1.92744375442,30.389476138719));
#2267 = CARTESIAN_POINT('',(1.929861366027,30.581572893365));
#2268 = CARTESIAN_POINT('',(1.933408731596,30.771488550129));
#2269 = CARTESIAN_POINT('',(1.937996265642,30.958729786582));
#2270 = CARTESIAN_POINT('',(1.94350495384,31.142586560525));
#2271 = CARTESIAN_POINT('',(1.949784565215,31.322072644153));
#2272 = CARTESIAN_POINT('',(1.970388510538,31.843534840213));
#2273 = CARTESIAN_POINT('',(1.986829775166,32.177388529458));
#2274 = CARTESIAN_POINT('',(2.005249109799,32.49828420315));
#2275 = CARTESIAN_POINT('',(2.025052232957,32.80645761618));
#2276 = CARTESIAN_POINT('',(2.045837958889,33.102584083046));
#2277 = CARTESIAN_POINT('',(2.067420182964,33.388363434786));
#2278 = CARTESIAN_POINT('',(2.08982886173,33.666555000664));
#2279 = CARTESIAN_POINT('',(2.120830807123,34.028527903133));
#2280 = CARTESIAN_POINT('',(2.1284512272,34.115793299836));
#2281 = CARTESIAN_POINT('',(2.136149720777,34.202305885895));
#2282 = CARTESIAN_POINT('',(2.143924178243,34.288078198718));
#2283 = CARTESIAN_POINT('',(2.151773100365,34.37312252753));
#2284 = CARTESIAN_POINT('',(2.159695592772,34.457451122703));
#2285 = CARTESIAN_POINT('',(2.167691360446,34.541076405087));
#2286 = CARTESIAN_POINT('',(2.221804441099,35.097237743006));
#2287 = CARTESIAN_POINT('',(2.269936631035,35.544827213706));
#2288 = CARTESIAN_POINT('',(2.320235767319,35.970449397164));
#2289 = CARTESIAN_POINT('',(2.373088292595,36.374133585571));
#2290 = CARTESIAN_POINT('',(2.428860596419,36.752259248062));
#2291 = CARTESIAN_POINT('',(2.487903881309,37.096857666793));
#2292 = CARTESIAN_POINT('',(2.550513594131,37.39511460118));
#2293 = CARTESIAN_POINT('',(2.641010226707,37.712157936606));
#2294 = CARTESIAN_POINT('',(2.665717397412,37.788299397322));
#2295 = CARTESIAN_POINT('',(2.690966220755,37.854819568235));
#2296 = CARTESIAN_POINT('',(2.716710824445,37.910471449918));
#2297 = CARTESIAN_POINT('',(2.74290698035,37.954027206665));
#2298 = CARTESIAN_POINT('',(2.769511320015,37.984272598781));
#2299 = CARTESIAN_POINT('',(2.796480304664,38.));
#2300 = CARTESIAN_POINT('',(2.823768949662,38.));
#2301 = ( GEOMETRIC_REPRESENTATION_CONTEXT(2) 
PARAMETRIC_REPRESENTATION_CONTEXT() REPRESENTATION_CONTEXT('2D SPACE',''
  ) );
#2302 = PCURVE('',#2303,#2308);
#2303 = CYLINDRICAL_SURFACE('',#2304,8.);
#2304 = AXIS2_PLACEMENT_3D('',#2305,#2306,#2307);
#2305 = CARTESIAN_POINT('',(8.,-22.,-29.));
#2306 = DIRECTION('',(0.,0.,1.));
#2307 = DIRECTION('',(1.,0.,-0.));
#2308 = DEFINITIONAL_REPRESENTATION('',(#2309),#2347);
#2309 = B_SPLINE_CURVE_WITH_KNOTS('',8,(#2310,#2311,#2312,#2313,#2314,
    #2315,#2316,#2317,#2318,#2319,#2320,#2321,#2322,#2323,#2324,#2325,
    #2326,#2327,#2328,#2329,#2330,#2331,#2332,#2333,#2334,#2335,#2336,
    #2337,#2338,#2339,#2340,#2341,#2342,#2343,#2344,#2345,#2346),
  .UNSPECIFIED.,.F.,.F.,(9,7,7,7,7,9),(0.,0.115686720644,0.347110469916,
    0.421478522926,0.845823322605,1.),.UNSPECIFIED.);
#2310 = CARTESIAN_POINT('',(-1.570796326795,39.545788509736));
#2311 = CARTESIAN_POINT('',(-1.546354279275,39.545788509736));
#2312 = CARTESIAN_POINT('',(-1.522111823736,39.531073787497));
#2313 = CARTESIAN_POINT('',(-1.498077437578,39.502062491952));
#2314 = CARTESIAN_POINT('',(-1.474272790201,39.459531544782));
#2315 = CARTESIAN_POINT('',(-1.450740397455,39.404625848752));
#2316 = CARTESIAN_POINT('',(-1.427552360764,39.338863098677));
#2317 = CARTESIAN_POINT('',(-1.40482019093,39.264134195018));
#2318 = CARTESIAN_POINT('',(-1.338467151183,39.019793977157));
#2319 = CARTESIAN_POINT('',(-1.295560464055,38.825857580162));
#2320 = CARTESIAN_POINT('',(-1.253789958918,38.610264488937));
#2321 = CARTESIAN_POINT('',(-1.21306066696,38.380793886385));
#2322 = CARTESIAN_POINT('',(-1.173239713027,38.142730075745));
#2323 = CARTESIAN_POINT('',(-1.134067840867,37.898694877358));
#2324 = CARTESIAN_POINT('',(-1.095111926486,37.64888870149));
#2325 = CARTESIAN_POINT('',(-1.043120897326,37.309038603697));
#2326 = CARTESIAN_POINT('',(-1.030483350992,37.22593120401));
#2327 = CARTESIAN_POINT('',(-1.017847622285,37.14242055106));
#2328 = CARTESIAN_POINT('',(-1.005208855272,37.058552972666));
#2329 = CARTESIAN_POINT('',(-0.992562029301,36.974368310445));
#2330 = CARTESIAN_POINT('',(-0.979901883163,36.889900278915));
#2331 = CARTESIAN_POINT('',(-0.967222839252,36.805176824593));
#2332 = CARTESIAN_POINT('',(-0.882030290816,36.235458824556));
#2333 = CARTESIAN_POINT('',(-0.809215088043,35.746347423759));
#2334 = CARTESIAN_POINT('',(-0.734864412494,35.256426168674));
#2335 = CARTESIAN_POINT('',(-0.657951633149,34.766854259365));
#2336 = CARTESIAN_POINT('',(-0.577542658972,34.281040729856));
#2337 = CARTESIAN_POINT('',(-0.492755666968,33.804816533226));
#2338 = CARTESIAN_POINT('',(-0.402698026976,33.347565332446));
#2339 = CARTESIAN_POINT('',(-0.271264870963,32.767282634665));
#2340 = CARTESIAN_POINT('',(-0.235265910796,32.616219286987));
#2341 = CARTESIAN_POINT('',(-0.198325713828,32.469814388367));
#2342 = CARTESIAN_POINT('',(-0.160466392355,32.329087238938));
#2343 = CARTESIAN_POINT('',(-0.121702056709,32.194995995383));
#2344 = CARTESIAN_POINT('',(-8.203894217191E-02,32.068431160947));
#2345 = CARTESIAN_POINT('',(-4.147514963082E-02,31.950207257137));
#2346 = CARTESIAN_POINT('',(0.,31.841052677143));
#2347 = ( GEOMETRIC_REPRESENTATION_CONTEXT(2) 
PARAMETRIC_REPRESENTATION_CONTEXT() REPRESENTATION_CONTEXT('2D SPACE',''
  ) );
#2348 = ORIENTED_EDGE('',*,*,#2349,.T.);
#2349 = EDGE_CURVE('',#2220,#2350,#2352,.T.);
#2350 = VERTEX_POINT('',#2351);
#2351 = CARTESIAN_POINT('',(16.,-10.01000625782,25.));
#2352 = SURFACE_CURVE('',#2353,(#2358,#2365),.PCURVE_S1.);
#2353 = CIRCLE('',#2354,12.8);
#2354 = AXIS2_PLACEMENT_3D('',#2355,#2356,#2357);
#2355 = CARTESIAN_POINT('',(16.,-18.,15.));
#2356 = DIRECTION('',(1.,0.,0.));
#2357 = DIRECTION('',(-0.,0.,1.));
#2358 = PCURVE('',#155,#2359);
#2359 = DEFINITIONAL_REPRESENTATION('',(#2360),#2364);
#2360 = LINE('',#2361,#2362);
#2361 = CARTESIAN_POINT('',(0.,38.));
#2362 = VECTOR('',#2363,1.);
#2363 = DIRECTION('',(1.,0.));
#2364 = ( GEOMETRIC_REPRESENTATION_CONTEXT(2) 
PARAMETRIC_REPRESENTATION_CONTEXT() REPRESENTATION_CONTEXT('2D SPACE',''
  ) );
#2365 = PCURVE('',#2366,#2371);
#2366 = PLANE('',#2367);
#2367 = AXIS2_PLACEMENT_3D('',#2368,#2369,#2370);
#2368 = CARTESIAN_POINT('',(16.,-30.,-29.));
#2369 = DIRECTION('',(1.,0.,0.));
#2370 = DIRECTION('',(0.,0.,1.));
#2371 = DEFINITIONAL_REPRESENTATION('',(#2372),#2376);
#2372 = CIRCLE('',#2373,12.8);
#2373 = AXIS2_PLACEMENT_2D('',#2374,#2375);
#2374 = CARTESIAN_POINT('',(44.,-12.));
#2375 = DIRECTION('',(1.,0.));
#2376 = ( GEOMETRIC_REPRESENTATION_CONTEXT(2) 
PARAMETRIC_REPRESENTATION_CONTEXT() REPRESENTATION_CONTEXT('2D SPACE',''
  ) );
#2377 = ORIENTED_EDGE('',*,*,#2378,.T.);
#2378 = EDGE_CURVE('',#2350,#602,#2379,.T.);
#2379 = SURFACE_CURVE('',#2380,(#2395,#2413),.PCURVE_S1.);
#2380 = B_SPLINE_CURVE_WITH_KNOTS('',7,(#2381,#2382,#2383,#2384,#2385,
    #2386,#2387,#2388,#2389,#2390,#2391,#2392,#2393,#2394),
  .UNSPECIFIED.,.F.,.F.,(8,6,8),(0.,0.558739786801,1.),.UNSPECIFIED.);
#2381 = CARTESIAN_POINT('',(16.,-10.01000625782,25.));
#2382 = CARTESIAN_POINT('',(16.,-10.58835301351,25.462098695879));
#2383 = CARTESIAN_POINT('',(15.968860440092,-11.18623701168,
    25.875871810061));
#2384 = CARTESIAN_POINT('',(15.918297498477,-11.79908345188,
    26.242298527404));
#2385 = CARTESIAN_POINT('',(15.857067252104,-12.42344418783,
    26.563076719619));
#2386 = CARTESIAN_POINT('',(15.792119577134,-13.05706686612,
    26.840029632616));
#2387 = CARTESIAN_POINT('',(15.728925886231,-13.69874144769,
    27.074686300758));
#2388 = CARTESIAN_POINT('',(15.626667723282,-14.86072409022,
    27.420593510985));
#2389 = CARTESIAN_POINT('',(15.58533718963,-15.37802708727,
    27.547370968025));
#2390 = CARTESIAN_POINT('',(15.549981167472,-15.89884197892,
    27.648526889963));
#2391 = CARTESIAN_POINT('',(15.522293947765,-16.42224492359,
    27.724268914713));
#2392 = CARTESIAN_POINT('',(15.503434761907,-16.94740944768,
    27.774741192358));
#2393 = CARTESIAN_POINT('',(15.493997598078,-17.47357253643,27.8));
#2394 = CARTESIAN_POINT('',(15.493997598078,-18.,27.8));
#2395 = PCURVE('',#155,#2396);
#2396 = DEFINITIONAL_REPRESENTATION('',(#2397),#2412);
#2397 = B_SPLINE_CURVE_WITH_KNOTS('',7,(#2398,#2399,#2400,#2401,#2402,
    #2403,#2404,#2405,#2406,#2407,#2408,#2409,#2410,#2411),
  .UNSPECIFIED.,.F.,.F.,(8,6,8),(0.,0.558739786801,1.),.UNSPECIFIED.);
#2398 = CARTESIAN_POINT('',(5.609054800512,38.));
#2399 = CARTESIAN_POINT('',(5.666889476082,38.));
#2400 = CARTESIAN_POINT('',(5.723559907553,37.968860440092));
#2401 = CARTESIAN_POINT('',(5.779150639583,37.918297498477));
#2402 = CARTESIAN_POINT('',(5.83379253539,37.857067252104));
#2403 = CARTESIAN_POINT('',(5.887652095593,37.792119577134));
#2404 = CARTESIAN_POINT('',(5.940929729099,37.728925886231));
#2405 = CARTESIAN_POINT('',(6.035646600692,37.626667723282));
#2406 = CARTESIAN_POINT('',(6.077206930598,37.58533718963));
#2407 = CARTESIAN_POINT('',(6.118578364247,37.549981167472));
#2408 = CARTESIAN_POINT('',(6.159809567892,37.522293947765));
#2409 = CARTESIAN_POINT('',(6.20095167157,37.503434761907));
#2410 = CARTESIAN_POINT('',(6.242058161589,37.493997598078));
#2411 = CARTESIAN_POINT('',(6.28318530718,37.493997598078));
#2412 = ( GEOMETRIC_REPRESENTATION_CONTEXT(2) 
PARAMETRIC_REPRESENTATION_CONTEXT() REPRESENTATION_CONTEXT('2D SPACE',''
  ) );
#2413 = PCURVE('',#991,#2414);
#2414 = DEFINITIONAL_REPRESENTATION('',(#2415),#2430);
#2415 = B_SPLINE_CURVE_WITH_KNOTS('',7,(#2416,#2417,#2418,#2419,#2420,
    #2421,#2422,#2423,#2424,#2425,#2426,#2427,#2428,#2429),
  .UNSPECIFIED.,.F.,.F.,(8,6,8),(0.,0.558739786801,1.),.UNSPECIFIED.);
#2416 = CARTESIAN_POINT('',(0.,19.989993742175));
#2417 = CARTESIAN_POINT('',(-5.77623369849E-02,19.411646986483));
#2418 = CARTESIAN_POINT('',(-0.109484080165,18.813762988311));
#2419 = CARTESIAN_POINT('',(-0.155601597006,18.200916548117));
#2420 = CARTESIAN_POINT('',(-0.196348920516,17.576555812161));
#2421 = CARTESIAN_POINT('',(-0.23187591568,16.942933133875));
#2422 = CARTESIAN_POINT('',(-0.262243900223,16.301258552302));
#2423 = CARTESIAN_POINT('',(-0.307332100241,15.139275909774));
#2424 = CARTESIAN_POINT('',(-0.323993739785,14.621972912723));
#2425 = CARTESIAN_POINT('',(-0.337385304882,14.101158021076));
#2426 = CARTESIAN_POINT('',(-0.347465465064,13.577755076406));
#2427 = CARTESIAN_POINT('',(-0.354200596834,13.052590552315));
#2428 = CARTESIAN_POINT('',(-0.357571103646,12.526427463562));
#2429 = CARTESIAN_POINT('',(-0.357571103646,12.));
#2430 = ( GEOMETRIC_REPRESENTATION_CONTEXT(2) 
PARAMETRIC_REPRESENTATION_CONTEXT() REPRESENTATION_CONTEXT('2D SPACE',''
  ) );
#2431 = ADVANCED_FACE('',(#2432),#128,.T.);
#2432 = FACE_BOUND('',#2433,.T.);
#2433 = EDGE_LOOP('',(#2434,#2458,#2486,#2513,#2514,#2515,#2516));
#2434 = ORIENTED_EDGE('',*,*,#2435,.F.);
#2435 = EDGE_CURVE('',#2436,#362,#2438,.T.);
#2436 = VERTEX_POINT('',#2437);
#2437 = CARTESIAN_POINT('',(-10.,-25.,36.));
#2438 = SURFACE_CURVE('',#2439,(#2444,#2451),.PCURVE_S1.);
#2439 = CIRCLE('',#2440,10.);
#2440 = AXIS2_PLACEMENT_3D('',#2441,#2442,#2443);
#2441 = CARTESIAN_POINT('',(-10.,-25.,26.));
#2442 = DIRECTION('',(0.,-1.,0.));
#2443 = DIRECTION('',(-1.,0.,0.));
#2444 = PCURVE('',#128,#2445);
#2445 = DEFINITIONAL_REPRESENTATION('',(#2446),#2450);
#2446 = LINE('',#2447,#2448);
#2447 = CARTESIAN_POINT('',(6.28318530718,10.));
#2448 = VECTOR('',#2449,1.);
#2449 = DIRECTION('',(-1.,-0.));
#2450 = ( GEOMETRIC_REPRESENTATION_CONTEXT(2) 
PARAMETRIC_REPRESENTATION_CONTEXT() REPRESENTATION_CONTEXT('2D SPACE',''
  ) );
#2451 = PCURVE('',#378,#2452);
#2452 = DEFINITIONAL_REPRESENTATION('',(#2453),#2457);
#2453 = LINE('',#2454,#2455);
#2454 = CARTESIAN_POINT('',(-0.,-6.28318530718));
#2455 = VECTOR('',#2456,1.);
#2456 = DIRECTION('',(-0.,1.));
#2457 = ( GEOMETRIC_REPRESENTATION_CONTEXT(2) 
PARAMETRIC_REPRESENTATION_CONTEXT() REPRESENTATION_CONTEXT('2D SPACE',''
  ) );
#2458 = ORIENTED_EDGE('',*,*,#2459,.T.);
#2459 = EDGE_CURVE('',#2436,#2460,#2462,.T.);
#2460 = VERTEX_POINT('',#2461);
#2461 = CARTESIAN_POINT('',(-10.,25.,36.));
#2462 = SURFACE_CURVE('',#2463,(#2467,#2474),.PCURVE_S1.);
#2463 = LINE('',#2464,#2465);
#2464 = CARTESIAN_POINT('',(-10.,-35.,36.));
#2465 = VECTOR('',#2466,1.);
#2466 = DIRECTION('',(0.,1.,0.));
#2467 = PCURVE('',#128,#2468);
#2468 = DEFINITIONAL_REPRESENTATION('',(#2469),#2473);
#2469 = LINE('',#2470,#2471);
#2470 = CARTESIAN_POINT('',(1.570796326795,0.));
#2471 = VECTOR('',#2472,1.);
#2472 = DIRECTION('',(0.,1.));
#2473 = ( GEOMETRIC_REPRESENTATION_CONTEXT(2) 
PARAMETRIC_REPRESENTATION_CONTEXT() REPRESENTATION_CONTEXT('2D SPACE',''
  ) );
#2474 = PCURVE('',#2475,#2480);
#2475 = PLANE('',#2476);
#2476 = AXIS2_PLACEMENT_3D('',#2477,#2478,#2479);
#2477 = CARTESIAN_POINT('',(-20.,-35.,36.));
#2478 = DIRECTION('',(0.,0.,1.));
#2479 = DIRECTION('',(1.,0.,0.));
#2480 = DEFINITIONAL_REPRESENTATION('',(#2481),#2485);
#2481 = LINE('',#2482,#2483);
#2482 = CARTESIAN_POINT('',(10.,0.));
#2483 = VECTOR('',#2484,1.);
#2484 = DIRECTION('',(0.,1.));
#2485 = ( GEOMETRIC_REPRESENTATION_CONTEXT(2) 
PARAMETRIC_REPRESENTATION_CONTEXT() REPRESENTATION_CONTEXT('2D SPACE',''
  ) );
#2486 = ORIENTED_EDGE('',*,*,#2487,.F.);
#2487 = EDGE_CURVE('',#85,#2460,#2488,.T.);
#2488 = SURFACE_CURVE('',#2489,(#2494,#2501),.PCURVE_S1.);
#2489 = CIRCLE('',#2490,10.);
#2490 = AXIS2_PLACEMENT_3D('',#2491,#2492,#2493);
#2491 = CARTESIAN_POINT('',(-10.,25.,26.));
#2492 = DIRECTION('',(0.,1.,0.));
#2493 = DIRECTION('',(-1.,0.,0.));
#2494 = PCURVE('',#128,#2495);
#2495 = DEFINITIONAL_REPRESENTATION('',(#2496),#2500);
#2496 = LINE('',#2497,#2498);
#2497 = CARTESIAN_POINT('',(0.,60.));
#2498 = VECTOR('',#2499,1.);
#2499 = DIRECTION('',(1.,0.));
#2500 = ( GEOMETRIC_REPRESENTATION_CONTEXT(2) 
PARAMETRIC_REPRESENTATION_CONTEXT() REPRESENTATION_CONTEXT('2D SPACE',''
  ) );
#2501 = PCURVE('',#2502,#2507);
#2502 = SPHERICAL_SURFACE('',#2503,10.);
#2503 = AXIS2_PLACEMENT_3D('',#2504,#2505,#2506);
#2504 = CARTESIAN_POINT('',(-10.,25.,26.));
#2505 = DIRECTION('',(-0.,-1.,-0.));
#2506 = DIRECTION('',(-1.,0.,0.));
#2507 = DEFINITIONAL_REPRESENTATION('',(#2508),#2512);
#2508 = LINE('',#2509,#2510);
#2509 = CARTESIAN_POINT('',(-0.,0.));
#2510 = VECTOR('',#2511,1.);
#2511 = DIRECTION('',(-1.,0.));
#2512 = ( GEOMETRIC_REPRESENTATION_CONTEXT(2) 
PARAMETRIC_REPRESENTATION_CONTEXT() REPRESENTATION_CONTEXT('2D SPACE',''
  ) );
#2513 = ORIENTED_EDGE('',*,*,#112,.F.);
#2514 = ORIENTED_EDGE('',*,*,#1718,.T.);
#2515 = ORIENTED_EDGE('',*,*,#1653,.T.);
#2516 = ORIENTED_EDGE('',*,*,#2517,.F.);
#2517 = EDGE_CURVE('',#362,#1654,#2518,.T.);
#2518 = SURFACE_CURVE('',#2519,(#2523,#2530),.PCURVE_S1.);
#2519 = LINE('',#2520,#2521);
#2520 = CARTESIAN_POINT('',(-20.,-35.,26.));
#2521 = VECTOR('',#2522,1.);
#2522 = DIRECTION('',(0.,1.,0.));
#2523 = PCURVE('',#128,#2524);
#2524 = DEFINITIONAL_REPRESENTATION('',(#2525),#2529);
#2525 = LINE('',#2526,#2527);
#2526 = CARTESIAN_POINT('',(0.,0.));
#2527 = VECTOR('',#2528,1.);
#2528 = DIRECTION('',(0.,1.));
#2529 = ( GEOMETRIC_REPRESENTATION_CONTEXT(2) 
PARAMETRIC_REPRESENTATION_CONTEXT() REPRESENTATION_CONTEXT('2D SPACE',''
  ) );
#2530 = PCURVE('',#406,#2531);
#2531 = DEFINITIONAL_REPRESENTATION('',(#2532),#2536);
#2532 = LINE('',#2533,#2534);
#2533 = CARTESIAN_POINT('',(62.,0.));
#2534 = VECTOR('',#2535,1.);
#2535 = DIRECTION('',(0.,-1.));
#2536 = ( GEOMETRIC_REPRESENTATION_CONTEXT(2) 
PARAMETRIC_REPRESENTATION_CONTEXT() REPRESENTATION_CONTEXT('2D SPACE',''
  ) );
#2537 = ADVANCED_FACE('',(#2538),#100,.T.);
#2538 = FACE_BOUND('',#2539,.F.);
#2539 = EDGE_LOOP('',(#2540,#2541,#2570,#2598,#2627,#2695));
#2540 = ORIENTED_EDGE('',*,*,#84,.F.);
#2541 = ORIENTED_EDGE('',*,*,#2542,.T.);
#2542 = EDGE_CURVE('',#57,#2543,#2545,.T.);
#2543 = VERTEX_POINT('',#2544);
#2544 = CARTESIAN_POINT('',(-10.,35.,-26.));
#2545 = SURFACE_CURVE('',#2546,(#2551,#2558),.PCURVE_S1.);
#2546 = CIRCLE('',#2547,10.);
#2547 = AXIS2_PLACEMENT_3D('',#2548,#2549,#2550);
#2548 = CARTESIAN_POINT('',(-10.,25.,-26.));
#2549 = DIRECTION('',(-0.,0.,-1.));
#2550 = DIRECTION('',(-1.,0.,0.));
#2551 = PCURVE('',#100,#2552);
#2552 = DEFINITIONAL_REPRESENTATION('',(#2553),#2557);
#2553 = LINE('',#2554,#2555);
#2554 = CARTESIAN_POINT('',(-0.,10.));
#2555 = VECTOR('',#2556,1.);
#2556 = DIRECTION('',(-1.,0.));
#2557 = ( GEOMETRIC_REPRESENTATION_CONTEXT(2) 
PARAMETRIC_REPRESENTATION_CONTEXT() REPRESENTATION_CONTEXT('2D SPACE',''
  ) );
#2558 = PCURVE('',#2559,#2564);
#2559 = SPHERICAL_SURFACE('',#2560,10.);
#2560 = AXIS2_PLACEMENT_3D('',#2561,#2562,#2563);
#2561 = CARTESIAN_POINT('',(-10.,25.,-26.));
#2562 = DIRECTION('',(0.,0.,1.));
#2563 = DIRECTION('',(-1.,0.,0.));
#2564 = DEFINITIONAL_REPRESENTATION('',(#2565),#2569);
#2565 = LINE('',#2566,#2567);
#2566 = CARTESIAN_POINT('',(-0.,0.));
#2567 = VECTOR('',#2568,1.);
#2568 = DIRECTION('',(-1.,0.));
#2569 = ( GEOMETRIC_REPRESENTATION_CONTEXT(2) 
PARAMETRIC_REPRESENTATION_CONTEXT() REPRESENTATION_CONTEXT('2D SPACE',''
  ) );
#2570 = ORIENTED_EDGE('',*,*,#2571,.T.);
#2571 = EDGE_CURVE('',#2543,#2572,#2574,.T.);
#2572 = VERTEX_POINT('',#2573);
#2573 = CARTESIAN_POINT('',(-10.,35.,26.));
#2574 = SURFACE_CURVE('',#2575,(#2579,#2586),.PCURVE_S1.);
#2575 = LINE('',#2576,#2577);
#2576 = CARTESIAN_POINT('',(-10.,35.,-36.));
#2577 = VECTOR('',#2578,1.);
#2578 = DIRECTION('',(0.,0.,1.));
#2579 = PCURVE('',#100,#2580);
#2580 = DEFINITIONAL_REPRESENTATION('',(#2581),#2585);
#2581 = LINE('',#2582,#2583);
#2582 = CARTESIAN_POINT('',(-1.570796326795,0.));
#2583 = VECTOR('',#2584,1.);
#2584 = DIRECTION('',(-0.,1.));
#2585 = ( GEOMETRIC_REPRESENTATION_CONTEXT(2) 
PARAMETRIC_REPRESENTATION_CONTEXT() REPRESENTATION_CONTEXT('2D SPACE',''
  ) );
#2586 = PCURVE('',#2587,#2592);
#2587 = PLANE('',#2588);
#2588 = AXIS2_PLACEMENT_3D('',#2589,#2590,#2591);
#2589 = CARTESIAN_POINT('',(-20.,35.,-36.));
#2590 = DIRECTION('',(0.,1.,0.));
#2591 = DIRECTION('',(0.,0.,1.));
#2592 = DEFINITIONAL_REPRESENTATION('',(#2593),#2597);
#2593 = LINE('',#2594,#2595);
#2594 = CARTESIAN_POINT('',(0.,10.));
#2595 = VECTOR('',#2596,1.);
#2596 = DIRECTION('',(1.,0.));
#2597 = ( GEOMETRIC_REPRESENTATION_CONTEXT(2) 
PARAMETRIC_REPRESENTATION_CONTEXT() REPRESENTATION_CONTEXT('2D SPACE',''
  ) );
#2598 = ORIENTED_EDGE('',*,*,#2599,.T.);
#2599 = EDGE_CURVE('',#2572,#2600,#2602,.T.);
#2600 = VERTEX_POINT('',#2601);
#2601 = CARTESIAN_POINT('',(-11.88644712743,34.820454023893,26.));
#2602 = SURFACE_CURVE('',#2603,(#2608,#2615),.PCURVE_S1.);
#2603 = CIRCLE('',#2604,10.);
#2604 = AXIS2_PLACEMENT_3D('',#2605,#2606,#2607);
#2605 = CARTESIAN_POINT('',(-10.,25.,26.));
#2606 = DIRECTION('',(0.,0.,1.));
#2607 = DIRECTION('',(-1.,0.,0.));
#2608 = PCURVE('',#100,#2609);
#2609 = DEFINITIONAL_REPRESENTATION('',(#2610),#2614);
#2610 = LINE('',#2611,#2612);
#2611 = CARTESIAN_POINT('',(-6.28318530718,62.));
#2612 = VECTOR('',#2613,1.);
#2613 = DIRECTION('',(1.,-0.));
#2614 = ( GEOMETRIC_REPRESENTATION_CONTEXT(2) 
PARAMETRIC_REPRESENTATION_CONTEXT() REPRESENTATION_CONTEXT('2D SPACE',''
  ) );
#2615 = PCURVE('',#2616,#2621);
#2616 = SPHERICAL_SURFACE('',#2617,10.);
#2617 = AXIS2_PLACEMENT_3D('',#2618,#2619,#2620);
#2618 = CARTESIAN_POINT('',(-10.,25.,26.));
#2619 = DIRECTION('',(-0.,-1.,-0.));
#2620 = DIRECTION('',(-1.,0.,0.));
#2621 = DEFINITIONAL_REPRESENTATION('',(#2622),#2626);
#2622 = LINE('',#2623,#2624);
#2623 = CARTESIAN_POINT('',(-0.,-6.28318530718));
#2624 = VECTOR('',#2625,1.);
#2625 = DIRECTION('',(-0.,1.));
#2626 = ( GEOMETRIC_REPRESENTATION_CONTEXT(2) 
PARAMETRIC_REPRESENTATION_CONTEXT() REPRESENTATION_CONTEXT('2D SPACE',''
  ) );
#2627 = ORIENTED_EDGE('',*,*,#2628,.T.);
#2628 = EDGE_CURVE('',#2600,#2629,#2631,.T.);
#2629 = VERTEX_POINT('',#2630);
#2630 = CARTESIAN_POINT('',(-14.11355287256,34.114750833929,26.));
#2631 = SURFACE_CURVE('',#2632,(#2651,#2673),.PCURVE_S1.);
#2632 = B_SPLINE_CURVE_WITH_KNOTS('',5,(#2633,#2634,#2635,#2636,#2637,
    #2638,#2639,#2640,#2641,#2642,#2643,#2644,#2645,#2646,#2647,#2648,
    #2649,#2650),.UNSPECIFIED.,.F.,.F.,(6,4,4,4,6),(0.,0.258169147153,
    0.561680183872,0.709461798496,1.),.UNSPECIFIED.);
#2633 = CARTESIAN_POINT('',(-11.88644551098,34.820454334402,26.0000006)
  );
#2634 = CARTESIAN_POINT('',(-11.99900823496,34.798831766024,
    25.958219016117));
#2635 = CARTESIAN_POINT('',(-12.11436062264,34.775001098399,
    25.921408731527));
#2636 = CARTESIAN_POINT('',(-12.23188900003,34.748895777942,
    25.889974169156));
#2637 = CARTESIAN_POINT('',(-12.35093581773,34.72051475826,
    25.864160127753));
#2638 = CARTESIAN_POINT('',(-12.61175674356,34.654008582296,
    25.820426263471));
#2639 = CARTESIAN_POINT('',(-12.75373654801,34.615076586361,
    25.804708377699));
#2640 = CARTESIAN_POINT('',(-12.89567944737,34.573293058689,
    25.797020255753));
#2641 = CARTESIAN_POINT('',(-13.03650428952,34.528956857482,
    25.797196986757));
#2642 = CARTESIAN_POINT('',(-13.24265387433,34.459929381147,
    25.808497235273));
#2643 = CARTESIAN_POINT('',(-13.30967087787,34.436821065195,
    25.813959304683));
#2644 = CARTESIAN_POINT('',(-13.37610056841,34.413253194863,
    25.821134832669));
#2645 = CARTESIAN_POINT('',(-13.44186081009,34.389271284729,
    25.829969080753));
#2646 = CARTESIAN_POINT('',(-13.63472324883,34.317050022823,
    25.860909439981));
#2647 = CARTESIAN_POINT('',(-13.75963213649,34.267788108934,
    25.887580075624));
#2648 = CARTESIAN_POINT('',(-13.88126191483,34.21743129113,
    25.919963737553));
#2649 = CARTESIAN_POINT('',(-13.9993185838,34.166305617762,
    25.957597956504));
#2650 = CARTESIAN_POINT('',(-14.11355448901,34.114750104415,26.0000006)
  );
#2651 = PCURVE('',#100,#2652);
#2652 = DEFINITIONAL_REPRESENTATION('',(#2653),#2672);
#2653 = B_SPLINE_CURVE_WITH_KNOTS('',5,(#2654,#2655,#2656,#2657,#2658,
    #2659,#2660,#2661,#2662,#2663,#2664,#2665,#2666,#2667,#2668,#2669,
    #2670,#2671),.UNSPECIFIED.,.F.,.F.,(6,4,4,4,6),(0.,0.258169147153,
    0.561680183872,0.709461798496,1.),.UNSPECIFIED.);
#2654 = CARTESIAN_POINT('',(-1.381014594062,62.0000006));
#2655 = CARTESIAN_POINT('',(-1.369552525186,61.958219016117));
#2656 = CARTESIAN_POINT('',(-1.357774841409,61.921408731527));
#2657 = CARTESIAN_POINT('',(-1.345737432781,61.889974169156));
#2658 = CARTESIAN_POINT('',(-1.333500619559,61.864160127753));
#2659 = CARTESIAN_POINT('',(-1.306583965458,61.820426263471));
#2660 = CARTESIAN_POINT('',(-1.291864258519,61.804708377699));
#2661 = CARTESIAN_POINT('',(-1.277071269814,61.797020255753));
#2662 = CARTESIAN_POINT('',(-1.262309769001,61.797196986757));
#2663 = CARTESIAN_POINT('',(-1.240569841722,61.808497235273));
#2664 = CARTESIAN_POINT('',(-1.233481211276,61.813959304683));
#2665 = CARTESIAN_POINT('',(-1.226432922375,61.821134832669));
#2666 = CARTESIAN_POINT('',(-1.219433511878,61.829969080753));
#2667 = CARTESIAN_POINT('',(-1.198839378988,61.860909439981));
#2668 = CARTESIAN_POINT('',(-1.185414202919,61.887580075624));
#2669 = CARTESIAN_POINT('',(-1.172252405186,61.919963737553));
#2670 = CARTESIAN_POINT('',(-1.1593887503,61.957597956504));
#2671 = CARTESIAN_POINT('',(-1.146855668877,62.0000006));
#2672 = ( GEOMETRIC_REPRESENTATION_CONTEXT(2) 
PARAMETRIC_REPRESENTATION_CONTEXT() REPRESENTATION_CONTEXT('2D SPACE',''
  ) );
#2673 = PCURVE('',#334,#2674);
#2674 = DEFINITIONAL_REPRESENTATION('',(#2675),#2694);
#2675 = B_SPLINE_CURVE_WITH_KNOTS('',5,(#2676,#2677,#2678,#2679,#2680,
    #2681,#2682,#2683,#2684,#2685,#2686,#2687,#2688,#2689,#2690,#2691,
    #2692,#2693),.UNSPECIFIED.,.F.,.F.,(6,4,4,4,6),(0.,0.258169147153,
    0.561680183872,0.709461798496,1.),.UNSPECIFIED.);
#2676 = CARTESIAN_POINT('',(2.786170913084,72.820454334402));
#2677 = CARTESIAN_POINT('',(2.823691828581,72.798831766024));
#2678 = CARTESIAN_POINT('',(2.861489416345,72.775001098399));
#2679 = CARTESIAN_POINT('',(2.899449992968,72.748895777942));
#2680 = CARTESIAN_POINT('',(2.937473936948,72.72051475826));
#2681 = CARTESIAN_POINT('',(3.020118345504,72.654008582296));
#2682 = CARTESIAN_POINT('',(3.06468841786,72.615076586361));
#2683 = CARTESIAN_POINT('',(3.109017734104,72.573293058689));
#2684 = CARTESIAN_POINT('',(3.15296256566,72.528956857482));
#2685 = CARTESIAN_POINT('',(3.217481024544,72.459929381147));
#2686 = CARTESIAN_POINT('',(3.23848584909,72.436821065195));
#2687 = CARTESIAN_POINT('',(3.259356434475,72.413253194863));
#2688 = CARTESIAN_POINT('',(3.28008433403,72.389271284729));
#2689 = CARTESIAN_POINT('',(3.341124492836,72.317050022823));
#2690 = CARTESIAN_POINT('',(3.380985928863,72.267788108934));
#2691 = CARTESIAN_POINT('',(3.420256300172,72.21743129113));
#2692 = CARTESIAN_POINT('',(3.458935751412,72.166305617762));
#2693 = CARTESIAN_POINT('',(3.497014394096,72.114750104415));
#2694 = ( GEOMETRIC_REPRESENTATION_CONTEXT(2) 
PARAMETRIC_REPRESENTATION_CONTEXT() REPRESENTATION_CONTEXT('2D SPACE',''
  ) );
#2695 = ORIENTED_EDGE('',*,*,#2696,.T.);
#2696 = EDGE_CURVE('',#2629,#85,#2697,.T.);
#2697 = SURFACE_CURVE('',#2698,(#2703,#2710),.PCURVE_S1.);
#2698 = CIRCLE('',#2699,10.);
#2699 = AXIS2_PLACEMENT_3D('',#2700,#2701,#2702);
#2700 = CARTESIAN_POINT('',(-10.,25.,26.));
#2701 = DIRECTION('',(0.,0.,1.));
#2702 = DIRECTION('',(-1.,0.,0.));
#2703 = PCURVE('',#100,#2704);
#2704 = DEFINITIONAL_REPRESENTATION('',(#2705),#2709);
#2705 = LINE('',#2706,#2707);
#2706 = CARTESIAN_POINT('',(-6.28318530718,62.));
#2707 = VECTOR('',#2708,1.);
#2708 = DIRECTION('',(1.,-0.));
#2709 = ( GEOMETRIC_REPRESENTATION_CONTEXT(2) 
PARAMETRIC_REPRESENTATION_CONTEXT() REPRESENTATION_CONTEXT('2D SPACE',''
  ) );
#2710 = PCURVE('',#2502,#2711);
#2711 = DEFINITIONAL_REPRESENTATION('',(#2712),#2716);
#2712 = LINE('',#2713,#2714);
#2713 = CARTESIAN_POINT('',(-0.,-6.28318530718));
#2714 = VECTOR('',#2715,1.);
#2715 = DIRECTION('',(-0.,1.));
#2716 = ( GEOMETRIC_REPRESENTATION_CONTEXT(2) 
PARAMETRIC_REPRESENTATION_CONTEXT() REPRESENTATION_CONTEXT('2D SPACE',''
  ) );
#2717 = ADVANCED_FACE('',(#2718),#72,.T.);
#2718 = FACE_BOUND('',#2719,.F.);
#2719 = EDGE_LOOP('',(#2720,#2744,#2772,#2794));
#2720 = ORIENTED_EDGE('',*,*,#2721,.F.);
#2721 = EDGE_CURVE('',#2722,#22,#2724,.T.);
#2722 = VERTEX_POINT('',#2723);
#2723 = CARTESIAN_POINT('',(-10.,-25.,-36.));
#2724 = SURFACE_CURVE('',#2725,(#2730,#2737),.PCURVE_S1.);
#2725 = CIRCLE('',#2726,10.);
#2726 = AXIS2_PLACEMENT_3D('',#2727,#2728,#2729);
#2727 = CARTESIAN_POINT('',(-10.,-25.,-26.));
#2728 = DIRECTION('',(0.,1.,-0.));
#2729 = DIRECTION('',(-1.,0.,0.));
#2730 = PCURVE('',#72,#2731);
#2731 = DEFINITIONAL_REPRESENTATION('',(#2732),#2736);
#2732 = LINE('',#2733,#2734);
#2733 = CARTESIAN_POINT('',(-6.28318530718,10.));
#2734 = VECTOR('',#2735,1.);
#2735 = DIRECTION('',(1.,-0.));
#2736 = ( GEOMETRIC_REPRESENTATION_CONTEXT(2) 
PARAMETRIC_REPRESENTATION_CONTEXT() REPRESENTATION_CONTEXT('2D SPACE',''
  ) );
#2737 = PCURVE('',#219,#2738);
#2738 = DEFINITIONAL_REPRESENTATION('',(#2739),#2743);
#2739 = LINE('',#2740,#2741);
#2740 = CARTESIAN_POINT('',(0.,-6.28318530718));
#2741 = VECTOR('',#2742,1.);
#2742 = DIRECTION('',(0.,1.));
#2743 = ( GEOMETRIC_REPRESENTATION_CONTEXT(2) 
PARAMETRIC_REPRESENTATION_CONTEXT() REPRESENTATION_CONTEXT('2D SPACE',''
  ) );
#2744 = ORIENTED_EDGE('',*,*,#2745,.T.);
#2745 = EDGE_CURVE('',#2722,#2746,#2748,.T.);
#2746 = VERTEX_POINT('',#2747);
#2747 = CARTESIAN_POINT('',(-10.,25.,-36.));
#2748 = SURFACE_CURVE('',#2749,(#2753,#2760),.PCURVE_S1.);
#2749 = LINE('',#2750,#2751);
#2750 = CARTESIAN_POINT('',(-10.,-35.,-36.));
#2751 = VECTOR('',#2752,1.);
#2752 = DIRECTION('',(0.,1.,0.));
#2753 = PCURVE('',#72,#2754);
#2754 = DEFINITIONAL_REPRESENTATION('',(#2755),#2759);
#2755 = LINE('',#2756,#2757);
#2756 = CARTESIAN_POINT('',(-1.570796326795,0.));
#2757 = VECTOR('',#2758,1.);
#2758 = DIRECTION('',(-0.,1.));
#2759 = ( GEOMETRIC_REPRESENTATION_CONTEXT(2) 
PARAMETRIC_REPRESENTATION_CONTEXT() REPRESENTATION_CONTEXT('2D SPACE',''
  ) );
#2760 = PCURVE('',#2761,#2766);
#2761 = PLANE('',#2762);
#2762 = AXIS2_PLACEMENT_3D('',#2763,#2764,#2765);
#2763 = CARTESIAN_POINT('',(-20.,-35.,-36.));
#2764 = DIRECTION('',(0.,0.,1.));
#2765 = DIRECTION('',(1.,0.,0.));
#2766 = DEFINITIONAL_REPRESENTATION('',(#2767),#2771);
#2767 = LINE('',#2768,#2769);
#2768 = CARTESIAN_POINT('',(10.,0.));
#2769 = VECTOR('',#2770,1.);
#2770 = DIRECTION('',(0.,1.));
#2771 = ( GEOMETRIC_REPRESENTATION_CONTEXT(2) 
PARAMETRIC_REPRESENTATION_CONTEXT() REPRESENTATION_CONTEXT('2D SPACE',''
  ) );
#2772 = ORIENTED_EDGE('',*,*,#2773,.T.);
#2773 = EDGE_CURVE('',#2746,#57,#2774,.T.);
#2774 = SURFACE_CURVE('',#2775,(#2780,#2787),.PCURVE_S1.);
#2775 = CIRCLE('',#2776,10.);
#2776 = AXIS2_PLACEMENT_3D('',#2777,#2778,#2779);
#2777 = CARTESIAN_POINT('',(-10.,25.,-26.));
#2778 = DIRECTION('',(0.,1.,-0.));
#2779 = DIRECTION('',(-1.,0.,0.));
#2780 = PCURVE('',#72,#2781);
#2781 = DEFINITIONAL_REPRESENTATION('',(#2782),#2786);
#2782 = LINE('',#2783,#2784);
#2783 = CARTESIAN_POINT('',(-6.28318530718,60.));
#2784 = VECTOR('',#2785,1.);
#2785 = DIRECTION('',(1.,-0.));
#2786 = ( GEOMETRIC_REPRESENTATION_CONTEXT(2) 
PARAMETRIC_REPRESENTATION_CONTEXT() REPRESENTATION_CONTEXT('2D SPACE',''
  ) );
#2787 = PCURVE('',#2559,#2788);
#2788 = DEFINITIONAL_REPRESENTATION('',(#2789),#2793);
#2789 = LINE('',#2790,#2791);
#2790 = CARTESIAN_POINT('',(-0.,-6.28318530718));
#2791 = VECTOR('',#2792,1.);
#2792 = DIRECTION('',(-0.,1.));
#2793 = ( GEOMETRIC_REPRESENTATION_CONTEXT(2) 
PARAMETRIC_REPRESENTATION_CONTEXT() REPRESENTATION_CONTEXT('2D SPACE',''
  ) );
#2794 = ORIENTED_EDGE('',*,*,#56,.F.);
#2795 = ADVANCED_FACE('',(#2796),#186,.F.);
#2796 = FACE_BOUND('',#2797,.F.);
#2797 = EDGE_LOOP('',(#2798,#2822,#2843,#2844));
#2798 = ORIENTED_EDGE('',*,*,#2799,.F.);
#2799 = EDGE_CURVE('',#2800,#2800,#2802,.T.);
#2800 = VERTEX_POINT('',#2801);
#2801 = CARTESIAN_POINT('',(-16.,2.718715894107E-15,6.1));
#2802 = SURFACE_CURVE('',#2803,(#2808,#2815),.PCURVE_S1.);
#2803 = CIRCLE('',#2804,11.1);
#2804 = AXIS2_PLACEMENT_3D('',#2805,#2806,#2807);
#2805 = CARTESIAN_POINT('',(-16.,0.,-5.));
#2806 = DIRECTION('',(1.,0.,0.));
#2807 = DIRECTION('',(-0.,0.,1.));
#2808 = PCURVE('',#186,#2809);
#2809 = DEFINITIONAL_REPRESENTATION('',(#2810),#2814);
#2810 = LINE('',#2811,#2812);
#2811 = CARTESIAN_POINT('',(0.,4.5));
#2812 = VECTOR('',#2813,1.);
#2813 = DIRECTION('',(1.,0.));
#2814 = ( GEOMETRIC_REPRESENTATION_CONTEXT(2) 
PARAMETRIC_REPRESENTATION_CONTEXT() REPRESENTATION_CONTEXT('2D SPACE',''
  ) );
#2815 = PCURVE('',#2051,#2816);
#2816 = DEFINITIONAL_REPRESENTATION('',(#2817),#2821);
#2817 = CIRCLE('',#2818,11.1);
#2818 = AXIS2_PLACEMENT_2D('',#2819,#2820);
#2819 = CARTESIAN_POINT('',(24.,-30.));
#2820 = DIRECTION('',(1.,0.));
#2821 = ( GEOMETRIC_REPRESENTATION_CONTEXT(2) 
PARAMETRIC_REPRESENTATION_CONTEXT() REPRESENTATION_CONTEXT('2D SPACE',''
  ) );
#2822 = ORIENTED_EDGE('',*,*,#2823,.F.);
#2823 = EDGE_CURVE('',#170,#2800,#2824,.T.);
#2824 = SEAM_CURVE('',#2825,(#2829,#2836),.PCURVE_S1.);
#2825 = LINE('',#2826,#2827);
#2826 = CARTESIAN_POINT('',(-20.5,2.718715894107E-15,6.1));
#2827 = VECTOR('',#2828,1.);
#2828 = DIRECTION('',(1.,0.,0.));
#2829 = PCURVE('',#186,#2830);
#2830 = DEFINITIONAL_REPRESENTATION('',(#2831),#2835);
#2831 = LINE('',#2832,#2833);
#2832 = CARTESIAN_POINT('',(6.28318530718,-0.));
#2833 = VECTOR('',#2834,1.);
#2834 = DIRECTION('',(0.,1.));
#2835 = ( GEOMETRIC_REPRESENTATION_CONTEXT(2) 
PARAMETRIC_REPRESENTATION_CONTEXT() REPRESENTATION_CONTEXT('2D SPACE',''
  ) );
#2836 = PCURVE('',#186,#2837);
#2837 = DEFINITIONAL_REPRESENTATION('',(#2838),#2842);
#2838 = LINE('',#2839,#2840);
#2839 = CARTESIAN_POINT('',(0.,-0.));
#2840 = VECTOR('',#2841,1.);
#2841 = DIRECTION('',(0.,1.));
#2842 = ( GEOMETRIC_REPRESENTATION_CONTEXT(2) 
PARAMETRIC_REPRESENTATION_CONTEXT() REPRESENTATION_CONTEXT('2D SPACE',''
  ) );
#2843 = ORIENTED_EDGE('',*,*,#169,.T.);
#2844 = ORIENTED_EDGE('',*,*,#2823,.T.);
#2845 = ADVANCED_FACE('',(#2846),#406,.F.);
#2846 = FACE_BOUND('',#2847,.F.);
#2847 = EDGE_LOOP('',(#2848,#2849,#2850));
#2848 = ORIENTED_EDGE('',*,*,#390,.F.);
#2849 = ORIENTED_EDGE('',*,*,#1694,.F.);
#2850 = ORIENTED_EDGE('',*,*,#2517,.F.);
#2851 = ADVANCED_FACE('',(#2852),#378,.T.);
#2852 = FACE_BOUND('',#2853,.F.);
#2853 = EDGE_LOOP('',(#2854,#2855,#2884,#2979,#3192));
#2854 = ORIENTED_EDGE('',*,*,#2435,.F.);
#2855 = ORIENTED_EDGE('',*,*,#2856,.T.);
#2856 = EDGE_CURVE('',#2436,#2857,#2859,.T.);
#2857 = VERTEX_POINT('',#2858);
#2858 = CARTESIAN_POINT('',(-10.,-34.11475083392,30.113552872566));
#2859 = SURFACE_CURVE('',#2860,(#2865,#2872),.PCURVE_S1.);
#2860 = CIRCLE('',#2861,10.);
#2861 = AXIS2_PLACEMENT_3D('',#2862,#2863,#2864);
#2862 = CARTESIAN_POINT('',(-10.,-25.,26.));
#2863 = DIRECTION('',(1.,-2.832769448824E-16,0.));
#2864 = DIRECTION('',(-2.832769448824E-16,-1.,0.));
#2865 = PCURVE('',#378,#2866);
#2866 = DEFINITIONAL_REPRESENTATION('',(#2867),#2871);
#2867 = LINE('',#2868,#2869);
#2868 = CARTESIAN_POINT('',(-1.570796326795,-6.28318530718));
#2869 = VECTOR('',#2870,1.);
#2870 = DIRECTION('',(-0.,1.));
#2871 = ( GEOMETRIC_REPRESENTATION_CONTEXT(2) 
PARAMETRIC_REPRESENTATION_CONTEXT() REPRESENTATION_CONTEXT('2D SPACE',''
  ) );
#2872 = PCURVE('',#2873,#2878);
#2873 = CYLINDRICAL_SURFACE('',#2874,10.);
#2874 = AXIS2_PLACEMENT_3D('',#2875,#2876,#2877);
#2875 = CARTESIAN_POINT('',(-20.,-25.,26.));
#2876 = DIRECTION('',(1.,0.,0.));
#2877 = DIRECTION('',(0.,-1.,0.));
#2878 = DEFINITIONAL_REPRESENTATION('',(#2879),#2883);
#2879 = LINE('',#2880,#2881);
#2880 = CARTESIAN_POINT('',(-6.28318530718,10.));
#2881 = VECTOR('',#2882,1.);
#2882 = DIRECTION('',(1.,-0.));
#2883 = ( GEOMETRIC_REPRESENTATION_CONTEXT(2) 
PARAMETRIC_REPRESENTATION_CONTEXT() REPRESENTATION_CONTEXT('2D SPACE',''
  ) );
#2884 = ORIENTED_EDGE('',*,*,#2885,.F.);
#2885 = EDGE_CURVE('',#2886,#2857,#2888,.T.);
#2886 = VERTEX_POINT('',#2887);
#2887 = CARTESIAN_POINT('',(-13.,-32.24982758415,32.2));
#2888 = SURFACE_CURVE('',#2889,(#2917,#2948),.PCURVE_S1.);
#2889 = B_SPLINE_CURVE_WITH_KNOTS('',6,(#2890,#2891,#2892,#2893,#2894,
    #2895,#2896,#2897,#2898,#2899,#2900,#2901,#2902,#2903,#2904,#2905,
    #2906,#2907,#2908,#2909,#2910,#2911,#2912,#2913,#2914,#2915,#2916),
  .UNSPECIFIED.,.F.,.F.,(7,5,5,5,5,7),(0.,0.139665615481,0.233013673784,
    0.48071036263,0.842534443162,1.),.UNSPECIFIED.);
#2890 = CARTESIAN_POINT('',(-13.,-32.24982758415,32.2));
#2891 = CARTESIAN_POINT('',(-12.90594628154,-32.28874728977,32.2));
#2892 = CARTESIAN_POINT('',(-12.81254054787,-32.32852075838,
    32.196682801795));
#2893 = CARTESIAN_POINT('',(-12.71987137524,-32.36905549772,
    32.190133793561));
#2894 = CARTESIAN_POINT('',(-12.62802207192,-32.41026642453,
    32.180433107544));
#2895 = CARTESIAN_POINT('',(-12.53707067822,-32.45207586448,
    32.167655620059));
#2896 = CARTESIAN_POINT('',(-12.38694971866,-32.5227107171,
    32.14132098071));
#2897 = CARTESIAN_POINT('',(-12.3272429263,-32.55124389535,
    32.129427648587));
#2898 = CARTESIAN_POINT('',(-12.26799096677,-32.57999225178,
    32.116211668335));
#2899 = CARTESIAN_POINT('',(-12.20921464898,-32.6089361056,
    32.101692776256));
#2900 = CARTESIAN_POINT('',(-12.15093421338,-32.63805693043,
    32.085889731735));
#2901 = CARTESIAN_POINT('',(-11.93989169431,-32.7450322113,
    32.023527061797));
#2902 = CARTESIAN_POINT('',(-11.79025158853,-32.82384670176,
    31.969320174533));
#2903 = CARTESIAN_POINT('',(-11.64460381873,-32.90346263324,
    31.906527430635));
#2904 = CARTESIAN_POINT('',(-11.50331562609,-32.98359518324,
    31.835442225072));
#2905 = CARTESIAN_POINT('',(-11.36676236209,-33.06398828616,
    31.756331067235));
#2906 = CARTESIAN_POINT('',(-11.04332274329,-33.26188643905,
    31.542516119554));
#2907 = CARTESIAN_POINT('',(-10.86227239721,-33.37940128933,
    31.399016474875));
#2908 = CARTESIAN_POINT('',(-10.69333212714,-33.49624360113,
    31.239705502186));
#2909 = CARTESIAN_POINT('',(-10.53788398019,-33.61170178646,
    31.065348956699));
#2910 = CARTESIAN_POINT('',(-10.39741595807,-33.72505798557,
    30.876847042416));
#2911 = CARTESIAN_POINT('',(-10.21961931627,-33.88367739919,
    30.587478907137));
#2912 = CARTESIAN_POINT('',(-10.16885104314,-33.93123514506,
    30.497255062264));
#2913 = CARTESIAN_POINT('',(-10.12136260091,-33.97818909405,
    30.404643282527));
#2914 = CARTESIAN_POINT('',(-10.07729454162,-34.02447301458,
    30.309744525746));
#2915 = CARTESIAN_POINT('',(-10.03679148554,-34.07001762855,
    30.212672060675));
#2916 = CARTESIAN_POINT('',(-10.,-34.11475083392,30.113552872566));
#2917 = PCURVE('',#378,#2918);
#2918 = DEFINITIONAL_REPRESENTATION('',(#2919),#2947);
#2919 = B_SPLINE_CURVE_WITH_KNOTS('',6,(#2920,#2921,#2922,#2923,#2924,
    #2925,#2926,#2927,#2928,#2929,#2930,#2931,#2932,#2933,#2934,#2935,
    #2936,#2937,#2938,#2939,#2940,#2941,#2942,#2943,#2944,#2945,#2946),
  .UNSPECIFIED.,.F.,.F.,(7,5,5,5,5,7),(0.,0.139665615481,0.233013673784,
    0.48071036263,0.842534443162,1.),.UNSPECIFIED.);
#2920 = CARTESIAN_POINT('',(-1.178447780418,-0.668742703202));
#2921 = CARTESIAN_POINT('',(-1.191421015626,-0.668742703202));
#2922 = CARTESIAN_POINT('',(-1.20435962907,-0.668319876198));
#2923 = CARTESIAN_POINT('',(-1.217232846666,-0.667485222713));
#2924 = CARTESIAN_POINT('',(-1.230012306096,-0.666249940038));
#2925 = CARTESIAN_POINT('',(-1.24267205681,-0.664625422236));
#2926 = CARTESIAN_POINT('',(-1.263554192959,-0.661285078629));
#2927 = CARTESIAN_POINT('',(-1.27185589141,-0.659778173872));
#2928 = CARTESIAN_POINT('',(-1.280086725729,-0.658105977153));
#2929 = CARTESIAN_POINT('',(-1.288240257768,-0.65627190242));
#2930 = CARTESIAN_POINT('',(-1.296310540879,-0.654279346281));
#2931 = CARTESIAN_POINT('',(-1.325471036071,-0.646432931616));
#2932 = CARTESIAN_POINT('',(-1.346024436853,-0.63964240548));
#2933 = CARTESIAN_POINT('',(-1.36585193728,-0.631822498051));
#2934 = CARTESIAN_POINT('',(-1.384873297124,-0.623034992198));
#2935 = CARTESIAN_POINT('',(-1.403026572627,-0.613339416093));
#2936 = CARTESIAN_POINT('',(-1.44544923304,-0.587383322332));
#2937 = CARTESIAN_POINT('',(-1.468677751035,-0.570159241221));
#2938 = CARTESIAN_POINT('',(-1.489812083723,-0.551291870437));
#2939 = CARTESIAN_POINT('',(-1.508757373175,-0.530948803782));
#2940 = CARTESIAN_POINT('',(-1.525453711694,-0.509294441404));
#2941 = CARTESIAN_POINT('',(-1.546112489912,-0.476559792697));
#2942 = CARTESIAN_POINT('',(-1.551940424322,-0.466415790082));
#2943 = CARTESIAN_POINT('',(-1.557327303762,-0.456067574104));
#2944 = CARTESIAN_POINT('',(-1.562268623007,-0.445529155361));
#2945 = CARTESIAN_POINT('',(-1.566759849417,-0.434815071653));
#2946 = CARTESIAN_POINT('',(-1.570796326795,-0.423940480574));
#2947 = ( GEOMETRIC_REPRESENTATION_CONTEXT(2) 
PARAMETRIC_REPRESENTATION_CONTEXT() REPRESENTATION_CONTEXT('2D SPACE',''
  ) );
#2948 = PCURVE('',#334,#2949);
#2949 = DEFINITIONAL_REPRESENTATION('',(#2950),#2978);
#2950 = B_SPLINE_CURVE_WITH_KNOTS('',6,(#2951,#2952,#2953,#2954,#2955,
    #2956,#2957,#2958,#2959,#2960,#2961,#2962,#2963,#2964,#2965,#2966,
    #2967,#2968,#2969,#2970,#2971,#2972,#2973,#2974,#2975,#2976,#2977),
  .UNSPECIFIED.,.F.,.F.,(7,5,5,5,5,7),(0.,0.139665615481,0.233013673784,
    0.48071036263,0.842534443162,1.),.UNSPECIFIED.);
#2951 = CARTESIAN_POINT('',(0.,5.750172415843));
#2952 = CARTESIAN_POINT('',(2.93917870189E-02,5.711252710222));
#2953 = CARTESIAN_POINT('',(5.85812210327E-02,5.671479241615));
#2954 = CARTESIAN_POINT('',(8.758589361423E-02,5.630944502271));
#2955 = CARTESIAN_POINT('',(0.116422637458,5.589733575466));
#2956 = CARTESIAN_POINT('',(0.145107526382,5.547924135511));
#2957 = CARTESIAN_POINT('',(0.192736684386,5.477289282894));
#2958 = CARTESIAN_POINT('',(0.211756626717,5.448756104646));
#2959 = CARTESIAN_POINT('',(0.230720460439,5.420007748215));
#2960 = CARTESIAN_POINT('',(0.24963285354,5.391063894396));
#2961 = CARTESIAN_POINT('',(0.268498383876,5.361943069568));
#2962 = CARTESIAN_POINT('',(0.337268301058,5.254967788698));
#2963 = CARTESIAN_POINT('',(0.386914347602,5.176153298238));
#2964 = CARTESIAN_POINT('',(0.436348361791,5.096537366757));
#2965 = CARTESIAN_POINT('',(0.48564570267,5.016404816753));
#2966 = CARTESIAN_POINT('',(0.534876744681,4.93601171384));
#2967 = CARTESIAN_POINT('',(0.65604054251,4.738113560943));
#2968 = CARTESIAN_POINT('',(0.727967780295,4.620598710663));
#2969 = CARTESIAN_POINT('',(0.800131933276,4.503756398862));
#2970 = CARTESIAN_POINT('',(0.872713558868,4.388298213537));
#2971 = CARTESIAN_POINT('',(0.945883577725,4.274942014425));
#2972 = CARTESIAN_POINT('',(1.052016584798,4.116322600807));
#2973 = CARTESIAN_POINT('',(1.084344771833,4.068764854936));
#2974 = CARTESIAN_POINT('',(1.11683218052,4.021810905946));
#2975 = CARTESIAN_POINT('',(1.149491679728,3.975526985418));
#2976 = CARTESIAN_POINT('',(1.182335395735,3.929982371444));
#2977 = CARTESIAN_POINT('',(1.215375125105,3.885249166071));
#2978 = ( GEOMETRIC_REPRESENTATION_CONTEXT(2) 
PARAMETRIC_REPRESENTATION_CONTEXT() REPRESENTATION_CONTEXT('2D SPACE',''
  ) );
#2979 = ORIENTED_EDGE('',*,*,#2980,.F.);
#2980 = EDGE_CURVE('',#289,#2886,#2981,.T.);
#2981 = SURFACE_CURVE('',#2982,(#3050,#3121),.PCURVE_S1.);
#2982 = B_SPLINE_CURVE_WITH_KNOTS('',6,(#2983,#2984,#2985,#2986,#2987,
    #2988,#2989,#2990,#2991,#2992,#2993,#2994,#2995,#2996,#2997,#2998,
    #2999,#3000,#3001,#3002,#3003,#3004,#3005,#3006,#3007,#3008,#3009,
    #3010,#3011,#3012,#3013,#3014,#3015,#3016,#3017,#3018,#3019,#3020,
    #3021,#3022,#3023,#3024,#3025,#3026,#3027,#3028,#3029,#3030,#3031,
    #3032,#3033,#3034,#3035,#3036,#3037,#3038,#3039,#3040,#3041,#3042,
    #3043,#3044,#3045,#3046,#3047,#3048,#3049),.UNSPECIFIED.,.F.,.F.,(7,
    5,5,5,5,5,5,5,5,5,5,5,5,7),(0.,7.300387644053E-02,0.240811627314,
    0.368425254421,0.415262491494,0.477165780028,0.558618245527,
    0.623913120409,0.659516139549,0.731998514021,0.795354483222,
    0.825248603869,0.876542325953,1.),.UNSPECIFIED.);
#2983 = CARTESIAN_POINT('',(-14.11355287256,-34.11475083392,26.));
#2984 = CARTESIAN_POINT('',(-14.21218730679,-34.07023640148,
    26.036611552523));
#2985 = CARTESIAN_POINT('',(-14.30879732506,-34.02491742304,
    26.076899327878));
#2986 = CARTESIAN_POINT('',(-14.40325811701,-33.97886465062,
    26.120719411452));
#2987 = CARTESIAN_POINT('',(-14.49545826698,-33.93214603745,
    26.167929902382));
#2988 = CARTESIAN_POINT('',(-14.5852983691,-33.88482652102,
    26.218392988876));
#2989 = CARTESIAN_POINT('',(-14.87356846879,-33.72695908154,
    26.395146049289));
#2990 = CARTESIAN_POINT('',(-15.06147159256,-33.61412164563,
    26.534782420792));
#2991 = CARTESIAN_POINT('',(-15.23538855564,-33.49917429627,
    26.689312487425));
#2992 = CARTESIAN_POINT('',(-15.39442676472,-33.38282089556,
    26.8572796113));
#2993 = CARTESIAN_POINT('',(-15.53782137783,-33.26576010922,
    27.037331108989));
#2994 = CARTESIAN_POINT('',(-15.76137517521,-33.05966339246,
    27.373583486446));
#2995 = CARTESIAN_POINT('',(-15.84843722319,-32.97064619376,
    27.525142272654));
#2996 = CARTESIAN_POINT('',(-15.92565967232,-32.88194896623,
    27.682502598391));
#2997 = CARTESIAN_POINT('',(-15.99266347935,-32.79392276333,
    27.845164769265));
#2998 = CARTESIAN_POINT('',(-16.04904127458,-32.70696380028,
    28.012626847716));
#2999 = CARTESIAN_POINT('',(-16.11093653004,-32.59016721465,
    28.247454299531));
#3000 = CARTESIAN_POINT('',(-16.12605860551,-32.55901498311,
    28.31108143408));
#3001 = CARTESIAN_POINT('',(-16.1396612356,-32.52809146635,
    28.375263242107));
#3002 = CARTESIAN_POINT('',(-16.15171940913,-32.49742137382,
    28.439973527133));
#3003 = CARTESIAN_POINT('',(-16.16220674904,-32.4670311733,
    28.505184982397));
#3004 = CARTESIAN_POINT('',(-16.18284350854,-32.39719055809,
    28.657681922811));
#3005 = CARTESIAN_POINT('',(-16.19179915955,-32.35797073999,
    28.745319364159));
#3006 = CARTESIAN_POINT('',(-16.19789803524,-32.31935446245,
    28.833716975547));
#3007 = CARTESIAN_POINT('',(-16.20107181268,-32.28141406218,
    28.922802362351));
#3008 = CARTESIAN_POINT('',(-16.20124827613,-32.24422938665,
    29.012495274671));
#3009 = CARTESIAN_POINT('',(-16.19453949278,-32.16006945728,
    29.221409167253));
#3010 = CARTESIAN_POINT('',(-16.18540697425,-32.11371308262,
    29.341004401632));
#3011 = CARTESIAN_POINT('',(-16.17078250784,-32.06901522983,
    29.461296353387));
#3012 = CARTESIAN_POINT('',(-16.15048448208,-32.02620637478,
    29.582039037833));
#3013 = CARTESIAN_POINT('',(-16.12433735406,-31.98554413785,
    29.702935181617));
#3014 = CARTESIAN_POINT('',(-16.0664161969,-31.91665402095,
    29.920389924709));
#3015 = CARTESIAN_POINT('',(-16.03678818901,-31.88756080564,
    30.017015338278));
#3016 = CARTESIAN_POINT('',(-16.00322776892,-31.86017084194,
    30.113324403554));
#3017 = CARTESIAN_POINT('',(-15.96567130053,-31.83463959069,
    30.209098860125));
#3018 = CARTESIAN_POINT('',(-15.92408180668,-31.81112536037,
    30.304089346824));
#3019 = CARTESIAN_POINT('',(-15.85358862519,-31.77814215363,
    30.44923210816));
#3020 = CARTESIAN_POINT('',(-15.82751658523,-31.76714856398,
    30.500131252691));
#3021 = CARTESIAN_POINT('',(-15.80024734913,-31.75682504765,
    30.550668255788));
#3022 = CARTESIAN_POINT('',(-15.77178587068,-31.7471953908,
    30.600795190832));
#3023 = CARTESIAN_POINT('',(-15.74214156911,-31.73828201864,
    30.650462144977));
#3024 = CARTESIAN_POINT('',(-15.64859722224,-31.71346084605,
    30.799689532676));
#3025 = CARTESIAN_POINT('',(-15.58101421817,-31.69986928378,
    30.897652418012));
#3026 = CARTESIAN_POINT('',(-15.50871304499,-31.68951034526,
    30.993047573956));
#3027 = CARTESIAN_POINT('',(-15.43190058923,-31.68251833177,
    31.085426225265));
#3028 = CARTESIAN_POINT('',(-15.35087118039,-31.6789675079,
    31.174360993042));
#3029 = CARTESIAN_POINT('',(-15.19185424727,-31.67876003185,
    31.333839827101));
#3030 = CARTESIAN_POINT('',(-15.11475769517,-31.68129157737,
    31.405300333476));
#3031 = CARTESIAN_POINT('',(-15.0349924337,-31.6864518252,
    31.473578069701));
#3032 = CARTESIAN_POINT('',(-14.95284079354,-31.69419758812,
    31.538468967823));
#3033 = CARTESIAN_POINT('',(-14.86860043059,-31.70444928784,
    31.599819526109));
#3034 = CARTESIAN_POINT('',(-14.74198963801,-31.72306642172,
    31.684745946893));
#3035 = CARTESIAN_POINT('',(-14.70100268856,-31.72956865514,
    31.711159962758));
#3036 = CARTESIAN_POINT('',(-14.65964886121,-31.7365934692,
    31.73675169785));
#3037 = CARTESIAN_POINT('',(-14.61795856832,-31.74412857407,
    31.761512998292));
#3038 = CARTESIAN_POINT('',(-14.5759614602,-31.75216076066,
    31.785438134764));
#3039 = CARTESIAN_POINT('',(-14.46114895459,-31.77528657379,
    31.848135264529));
#3040 = CARTESIAN_POINT('',(-14.38779294389,-31.79131935009,
    31.885275098641));
#3041 = CARTESIAN_POINT('',(-14.31376335785,-31.80870369519,
    31.919926063259));
#3042 = CARTESIAN_POINT('',(-14.239194409,-31.82736442561,
    31.952090015897));
#3043 = CARTESIAN_POINT('',(-14.16420867364,-31.8472250372,
    31.981782943353));
#3044 = CARTESIAN_POINT('',(-13.90769651225,-31.91872174308,
    32.074610283324));
#3045 = CARTESIAN_POINT('',(-13.72474937096,-31.97573812376,
    32.126003456966));
#3046 = CARTESIAN_POINT('',(-13.54151222403,-32.03823983166,
    32.163614633588));
#3047 = CARTESIAN_POINT('',(-13.35911600256,-32.10526156119,
    32.188063191169));
#3048 = CARTESIAN_POINT('',(-13.17841578876,-32.17599860545,32.2));
#3049 = CARTESIAN_POINT('',(-13.,-32.24982758415,32.2));
#3050 = PCURVE('',#378,#3051);
#3051 = DEFINITIONAL_REPRESENTATION('',(#3052),#3120);
#3052 = B_SPLINE_CURVE_WITH_KNOTS('',6,(#3053,#3054,#3055,#3056,#3057,
    #3058,#3059,#3060,#3061,#3062,#3063,#3064,#3065,#3066,#3067,#3068,
    #3069,#3070,#3071,#3072,#3073,#3074,#3075,#3076,#3077,#3078,#3079,
    #3080,#3081,#3082,#3083,#3084,#3085,#3086,#3087,#3088,#3089,#3090,
    #3091,#3092,#3093,#3094,#3095,#3096,#3097,#3098,#3099,#3100,#3101,
    #3102,#3103,#3104,#3105,#3106,#3107,#3108,#3109,#3110,#3111,#3112,
    #3113,#3114,#3115,#3116,#3117,#3118,#3119),.UNSPECIFIED.,.F.,.F.,(7,
    5,5,5,5,5,5,5,5,5,5,5,5,7),(0.,7.300387644053E-02,0.240811627314,
    0.368425254421,0.415262491494,0.477165780028,0.558618245527,
    0.623913120409,0.659516139549,0.731998514021,0.795354483222,
    0.825248603869,0.876542325953,1.),.UNSPECIFIED.);
#3053 = CARTESIAN_POINT('',(-1.146855846221,0.));
#3054 = CARTESIAN_POINT('',(-1.13603443859,-3.661155252348E-03));
#3055 = CARTESIAN_POINT('',(-1.125364455384,-7.689932953853E-03));
#3056 = CARTESIAN_POINT('',(-1.114857121994,-1.207202919563E-02));
#3057 = CARTESIAN_POINT('',(-1.104522149554,-1.679343236376E-02));
#3058 = CARTESIAN_POINT('',(-1.094367889733,-2.184067014973E-02));
#3059 = CARTESIAN_POINT('',(-1.061492579976,-3.95225171648E-02));
#3060 = CARTESIAN_POINT('',(-1.03958046361,-5.349628186323E-02));
#3061 = CARTESIAN_POINT('',(-1.018744613156,-6.897076511264E-02));
#3062 = CARTESIAN_POINT('',(-0.999050193367,-8.581084142491E-02));
#3063 = CARTESIAN_POINT('',(-0.980552107324,-0.103898369241));
#3064 = CARTESIAN_POINT('',(-0.950202503991,-0.137780182799));
#3065 = CARTESIAN_POINT('',(-0.937822508341,-0.153083523988));
#3066 = CARTESIAN_POINT('',(-0.926199852518,-0.169014341749));
#3067 = CARTESIAN_POINT('',(-0.915370377875,-0.185535770484));
#3068 = CARTESIAN_POINT('',(-0.905379103681,-0.202613168535));
#3069 = CARTESIAN_POINT('',(-0.892950749553,-0.226677051037));
#3070 = CARTESIAN_POINT('',(-0.88973524521,-0.233208436664));
#3071 = CARTESIAN_POINT('',(-0.886644124363,-0.239808821658));
#3072 = CARTESIAN_POINT('',(-0.883680853346,-0.246476506141));
#3073 = CARTESIAN_POINT('',(-0.880849289182,-0.253209713151));
#3074 = CARTESIAN_POINT('',(-0.87459097797,-0.268989803089));
#3075 = CARTESIAN_POINT('',(-0.871265838005,-0.278084107278));
#3076 = CARTESIAN_POINT('',(-0.868188013721,-0.287285355143));
#3077 = CARTESIAN_POINT('',(-0.865368846677,-0.296588636351));
#3078 = CARTESIAN_POINT('',(-0.862821265943,-0.30598827631));
#3079 = CARTESIAN_POINT('',(-0.857584131232,-0.327964217172));
#3080 = CARTESIAN_POINT('',(-0.855104008221,-0.340605675061));
#3081 = CARTESIAN_POINT('',(-0.853152392621,-0.353387804363));
#3082 = CARTESIAN_POINT('',(-0.851768324979,-0.366291141784));
#3083 = CARTESIAN_POINT('',(-0.850995941701,-0.379290233401));
#3084 = CARTESIAN_POINT('',(-0.85079337023,-0.402823990086));
#3085 = CARTESIAN_POINT('',(-0.85112734272,-0.413335599491));
#3086 = CARTESIAN_POINT('',(-0.851910054546,-0.423870265605));
#3087 = CARTESIAN_POINT('',(-0.853167893183,-0.434406708267));
#3088 = CARTESIAN_POINT('',(-0.854927060678,-0.44491931665));
#3089 = CARTESIAN_POINT('',(-0.858457332046,-0.461080499403));
#3090 = CARTESIAN_POINT('',(-0.859859195059,-0.466767062611));
#3091 = CARTESIAN_POINT('',(-0.861421182116,-0.47243255333));
#3092 = CARTESIAN_POINT('',(-0.863146869949,-0.478071636129));
#3093 = CARTESIAN_POINT('',(-0.865039452844,-0.483678610747));
#3094 = CARTESIAN_POINT('',(-0.871300253475,-0.5005846513));
#3095 = CARTESIAN_POINT('',(-0.876202553095,-0.511765018543));
#3096 = CARTESIAN_POINT('',(-0.881830678457,-0.522735022858));
#3097 = CARTESIAN_POINT('',(-0.888198197104,-0.533439174317));
#3098 = CARTESIAN_POINT('',(-0.895304786785,-0.543821445288));
#3099 = CARTESIAN_POINT('',(-0.909971451972,-0.562572231881));
#3100 = CARTESIAN_POINT('',(-0.917362710705,-0.571030983537));
#3101 = CARTESIAN_POINT('',(-0.925291914016,-0.579166505138));
#3102 = CARTESIAN_POINT('',(-0.933738354235,-0.586947410591));
#3103 = CARTESIAN_POINT('',(-0.942673554638,-0.594347355057));
#3104 = CARTESIAN_POINT('',(-0.95649118908,-0.60464676699));
#3105 = CARTESIAN_POINT('',(-0.961021815036,-0.60785909371));
#3106 = CARTESIAN_POINT('',(-0.965649747979,-0.610979820339));
#3107 = CARTESIAN_POINT('',(-0.970371136239,-0.614007102616));
#3108 = CARTESIAN_POINT('',(-0.97518193719,-0.616939392598));
#3109 = CARTESIAN_POINT('',(-0.988478667447,-0.624641658344));
#3110 = CARTESIAN_POINT('',(-0.997130243923,-0.629224520665));
#3111 = CARTESIAN_POINT('',(-1.006011458189,-0.633517676586));
#3112 = CARTESIAN_POINT('',(-1.015100179988,-0.637517286198));
#3113 = CARTESIAN_POINT('',(-1.024373989832,-0.641221566005));
#3114 = CARTESIAN_POINT('',(-1.056524147741,-0.652834826413));
#3115 = CARTESIAN_POINT('',(-1.080175690713,-0.659325163239));
#3116 = CARTESIAN_POINT('',(-1.104469601664,-0.66410533932));
#3117 = CARTESIAN_POINT('',(-1.129110141055,-0.667221301774));
#3118 = CARTESIAN_POINT('',(-1.153838120851,-0.668742703202));
#3119 = CARTESIAN_POINT('',(-1.178447780418,-0.668742703202));
#3120 = ( GEOMETRIC_REPRESENTATION_CONTEXT(2) 
PARAMETRIC_REPRESENTATION_CONTEXT() REPRESENTATION_CONTEXT('2D SPACE',''
  ) );
#3121 = PCURVE('',#334,#3122);
#3122 = DEFINITIONAL_REPRESENTATION('',(#3123),#3191);
#3123 = B_SPLINE_CURVE_WITH_KNOTS('',6,(#3124,#3125,#3126,#3127,#3128,
    #3129,#3130,#3131,#3132,#3133,#3134,#3135,#3136,#3137,#3138,#3139,
    #3140,#3141,#3142,#3143,#3144,#3145,#3146,#3147,#3148,#3149,#3150,
    #3151,#3152,#3153,#3154,#3155,#3156,#3157,#3158,#3159,#3160,#3161,
    #3162,#3163,#3164,#3165,#3166,#3167,#3168,#3169,#3170,#3171,#3172,
    #3173,#3174,#3175,#3176,#3177,#3178,#3179,#3180,#3181,#3182,#3183,
    #3184,#3185,#3186,#3187,#3188,#3189,#3190),.UNSPECIFIED.,.F.,.F.,(7,
    5,5,5,5,5,5,5,5,5,5,5,5,7),(0.,7.300387644053E-02,0.240811627314,
    0.368425254421,0.415262491494,0.477165780028,0.558618245527,
    0.623913120409,0.659516139549,0.731998514021,0.795354483222,
    0.825248603869,0.876542325953,1.),.UNSPECIFIED.);
#3124 = CARTESIAN_POINT('',(3.49701385528,3.885249166071));
#3125 = CARTESIAN_POINT('',(3.529892000023,3.929763598517));
#3126 = CARTESIAN_POINT('',(3.562576822849,3.975082576953));
#3127 = CARTESIAN_POINT('',(3.595080097789,4.021135349377));
#3128 = CARTESIAN_POINT('',(3.627413932446,4.067853962541));
#3129 = CARTESIAN_POINT('',(3.659591176642,4.115173478974));
#3130 = CARTESIAN_POINT('',(3.765261144299,4.273040918455));
#3131 = CARTESIAN_POINT('',(3.838129657986,4.385878354365));
#3132 = CARTESIAN_POINT('',(3.910422972502,4.500825703726));
#3133 = CARTESIAN_POINT('',(3.982312036989,4.617179104434));
#3134 = CARTESIAN_POINT('',(4.053977190914,4.734239890776));
#3135 = CARTESIAN_POINT('',(4.180159862344,4.940336607535));
#3136 = CARTESIAN_POINT('',(4.234663783985,5.029353806235));
#3137 = CARTESIAN_POINT('',(4.289266401042,5.11805103377));
#3138 = CARTESIAN_POINT('',(4.344064107476,5.206077236665));
#3139 = CARTESIAN_POINT('',(4.399158117146,5.293036199713));
#3140 = CARTESIAN_POINT('',(4.475047990826,5.409832785346));
#3141 = CARTESIAN_POINT('',(4.495479272968,5.440985016889));
#3142 = CARTESIAN_POINT('',(4.515972325003,5.471908533641));
#3143 = CARTESIAN_POINT('',(4.536532928816,5.502578626171));
#3144 = CARTESIAN_POINT('',(4.557166956085,5.5329688267));
#3145 = CARTESIAN_POINT('',(4.605256627247,5.602809441903));
#3146 = CARTESIAN_POINT('',(4.632771363069,5.642029260008));
#3147 = CARTESIAN_POINT('',(4.660438512121,5.680645537541));
#3148 = CARTESIAN_POINT('',(4.68827179868,5.718585937817));
#3149 = CARTESIAN_POINT('',(4.716284734923,5.755770613342));
#3150 = CARTESIAN_POINT('',(4.781603979706,5.839930542719));
#3151 = CARTESIAN_POINT('',(4.819049872663,5.886286917377));
#3152 = CARTESIAN_POINT('',(4.85686033547,5.930984770169));
#3153 = CARTESIAN_POINT('',(4.895060965136,5.973793625219));
#3154 = CARTESIAN_POINT('',(4.933671210792,6.014455862146));
#3155 = CARTESIAN_POINT('',(5.003995116632,6.083345979049));
#3156 = CARTESIAN_POINT('',(5.035556342157,6.112439194351));
#3157 = CARTESIAN_POINT('',(5.067393348898,6.139829158053));
#3158 = CARTESIAN_POINT('',(5.099505574379,6.165360409302));
#3159 = CARTESIAN_POINT('',(5.131885367119,6.188874639625));
#3160 = CARTESIAN_POINT('',(5.182309069736,6.221857846364));
#3161 = CARTESIAN_POINT('',(5.200176281968,6.232851436012));
#3162 = CARTESIAN_POINT('',(5.218115318957,6.243174952343));
#3163 = CARTESIAN_POINT('',(5.236122567043,6.252804609198));
#3164 = CARTESIAN_POINT('',(5.254193584597,6.261717981355));
#3165 = CARTESIAN_POINT('',(5.309232063743,6.286539153948));
#3166 = CARTESIAN_POINT('',(5.346387868579,6.30013071622));
#3167 = CARTESIAN_POINT('',(5.383737176725,6.310489654737));
#3168 = CARTESIAN_POINT('',(5.421223924319,6.317481668222));
#3169 = CARTESIAN_POINT('',(5.458783494274,6.321032492097));
#3170 = CARTESIAN_POINT('',(5.52916185477,6.321239968146));
#3171 = CARTESIAN_POINT('',(5.561986773263,6.318708422622));
#3172 = CARTESIAN_POINT('',(5.594759978271,6.313548174796));
#3173 = CARTESIAN_POINT('',(5.627437436424,6.305802411878));
#3174 = CARTESIAN_POINT('',(5.659979714563,6.29555071216));
#3175 = CARTESIAN_POINT('',(5.707622171323,6.276933578273));
#3176 = CARTESIAN_POINT('',(5.722857388005,6.270431344858));
#3177 = CARTESIAN_POINT('',(5.738051106259,6.263406530794));
#3178 = CARTESIAN_POINT('',(5.753200247061,6.255871425929));
#3179 = CARTESIAN_POINT('',(5.768302145191,6.247839239339));
#3180 = CARTESIAN_POINT('',(5.809182163906,6.224713426206));
#3181 = CARTESIAN_POINT('',(5.834864084062,6.20868064991));
#3182 = CARTESIAN_POINT('',(5.860389026913,6.191296304807));
#3183 = CARTESIAN_POINT('',(5.885749625434,6.172635574383));
#3184 = CARTESIAN_POINT('',(5.910941768379,6.1527749628));
#3185 = CARTESIAN_POINT('',(5.996189227551,6.081278256912));
#3186 = CARTESIAN_POINT('',(6.055413457914,6.024261876239));
#3187 = CARTESIAN_POINT('',(6.113650651196,5.961760168333));
#3188 = CARTESIAN_POINT('',(6.170961588886,5.894738438801));
#3189 = CARTESIAN_POINT('',(6.227430373189,5.824001394546));
#3190 = CARTESIAN_POINT('',(6.28318530718,5.750172415843));
#3191 = ( GEOMETRIC_REPRESENTATION_CONTEXT(2) 
PARAMETRIC_REPRESENTATION_CONTEXT() REPRESENTATION_CONTEXT('2D SPACE',''
  ) );
#3192 = ORIENTED_EDGE('',*,*,#361,.F.);
#3193 = ADVANCED_FACE('',(#3194,#3868),#334,.F.);
#3194 = FACE_BOUND('',#3195,.F.);
#3195 = EDGE_LOOP('',(#3196,#3293,#3314,#3315,#3365,#3458,#3459,#3460,
    #3461,#3674,#3675,#3815));
#3196 = ORIENTED_EDGE('',*,*,#3197,.F.);
#3197 = EDGE_CURVE('',#3198,#3200,#3202,.T.);
#3198 = VERTEX_POINT('',#3199);
#3199 = CARTESIAN_POINT('',(-13.,32.249827584157,32.2));
#3200 = VERTEX_POINT('',#3201);
#3201 = CARTESIAN_POINT('',(-10.,34.114750833929,30.113552872566));
#3202 = SURFACE_CURVE('',#3203,(#3231,#3262),.PCURVE_S1.);
#3203 = B_SPLINE_CURVE_WITH_KNOTS('',6,(#3204,#3205,#3206,#3207,#3208,
    #3209,#3210,#3211,#3212,#3213,#3214,#3215,#3216,#3217,#3218,#3219,
    #3220,#3221,#3222,#3223,#3224,#3225,#3226,#3227,#3228,#3229,#3230),
  .UNSPECIFIED.,.F.,.F.,(7,5,5,5,5,7),(0.,0.139525659897,0.232799199598,
    0.48307641051,0.845023576049,1.),.UNSPECIFIED.);
#3204 = CARTESIAN_POINT('',(-13.,32.249827584157,32.2));
#3205 = CARTESIAN_POINT('',(-12.90594242343,32.288748886275,32.2));
#3206 = CARTESIAN_POINT('',(-12.81253220766,32.328524312766,
    32.19668250218));
#3207 = CARTESIAN_POINT('',(-12.71985980329,32.369060584722,
    32.190132899628));
#3208 = CARTESIAN_POINT('',(-12.62801006104,32.410271881098,
    32.180431622568));
#3209 = CARTESIAN_POINT('',(-12.53706223176,32.452079838713,
    32.167654138357));
#3210 = CARTESIAN_POINT('',(-12.38694309698,32.52271383274,
    32.141319819115));
#3211 = CARTESIAN_POINT('',(-12.32723203847,32.551249116071,
    32.129425423107));
#3212 = CARTESIAN_POINT('',(-12.26797843936,32.57999837123,
    32.116208738698));
#3213 = CARTESIAN_POINT('',(-12.20920331134,32.608941746988,
    32.101689781778));
#3214 = CARTESIAN_POINT('',(-12.15092702943,32.6380605719,
    32.085887608893));
#3215 = CARTESIAN_POINT('',(-11.93819037999,32.745894590021,
    32.023024326595));
#3216 = CARTESIAN_POINT('',(-11.78695322356,32.825584754347,
    31.968122563364));
#3217 = CARTESIAN_POINT('',(-11.63982554503,32.906076794783,
    31.904459767133));
#3218 = CARTESIAN_POINT('',(-11.49718505745,32.987075851254,
    31.832344877589));
#3219 = CARTESIAN_POINT('',(-11.35941564992,33.06831833752,
    31.752057775619));
#3220 = CARTESIAN_POINT('',(-11.03526648802,33.267067657817,
    31.536299968705));
#3221 = CARTESIAN_POINT('',(-10.85466458423,33.384557285081,
    31.392216112569));
#3222 = CARTESIAN_POINT('',(-10.68624203111,33.501331361095,
    31.232376113579));
#3223 = CARTESIAN_POINT('',(-10.53136509484,33.616686580754,
    31.057546886906));
#3224 = CARTESIAN_POINT('',(-10.39150534042,33.729914478044,
    30.868624155264));
#3225 = CARTESIAN_POINT('',(-10.2154857253,33.887556495219,
    30.580109813425));
#3226 = CARTESIAN_POINT('',(-10.16576389248,33.934292458408,
    30.491218285429));
#3227 = CARTESIAN_POINT('',(-10.11921901465,33.980443488515,
    30.400017241062));
#3228 = CARTESIAN_POINT('',(-10.07598450518,34.02594739886,
    30.306600623894));
#3229 = CARTESIAN_POINT('',(-10.03619810937,34.070739089452,
    30.211073458079));
#3230 = CARTESIAN_POINT('',(-10.,34.114750833929,30.113552872566));
#3231 = PCURVE('',#334,#3232);
#3232 = DEFINITIONAL_REPRESENTATION('',(#3233),#3261);
#3233 = B_SPLINE_CURVE_WITH_KNOTS('',6,(#3234,#3235,#3236,#3237,#3238,
    #3239,#3240,#3241,#3242,#3243,#3244,#3245,#3246,#3247,#3248,#3249,
    #3250,#3251,#3252,#3253,#3254,#3255,#3256,#3257,#3258,#3259,#3260),
  .UNSPECIFIED.,.F.,.F.,(7,5,5,5,5,7),(0.,0.139525659897,0.232799199598,
    0.48307641051,0.845023576049,1.),.UNSPECIFIED.);
#3234 = CARTESIAN_POINT('',(0.,70.249827584157));
#3235 = CARTESIAN_POINT('',(2.93929926782E-02,70.288748886275));
#3236 = CARTESIAN_POINT('',(5.858382343338E-02,70.328524312766));
#3237 = CARTESIAN_POINT('',(8.75895160691E-02,70.369060584722));
#3238 = CARTESIAN_POINT('',(0.116426419191,70.410271881098));
#3239 = CARTESIAN_POINT('',(0.145110206206,70.452079838713));
#3240 = CARTESIAN_POINT('',(0.192738785261,70.52271383274));
#3241 = CARTESIAN_POINT('',(0.211760097914,70.551249116071));
#3242 = CARTESIAN_POINT('',(0.230724478731,70.57999837123));
#3243 = CARTESIAN_POINT('',(0.249636516794,70.608941746988));
#3244 = CARTESIAN_POINT('',(0.268500724823,70.6380605719));
#3245 = CARTESIAN_POINT('',(0.337822688133,70.745894590021));
#3246 = CARTESIAN_POINT('',(0.388008888619,70.825584754347));
#3247 = CARTESIAN_POINT('',(0.437971020684,70.906076794783));
#3248 = CARTESIAN_POINT('',(0.487786520823,70.987075851254));
#3249 = CARTESIAN_POINT('',(0.53752812248,71.06831833752));
#3250 = CARTESIAN_POINT('',(0.659212312217,71.267067657817));
#3251 = CARTESIAN_POINT('',(0.73114330206,71.384557285081));
#3252 = CARTESIAN_POINT('',(0.80330358044,71.501331361095));
#3253 = CARTESIAN_POINT('',(0.875877360691,71.616686580754));
#3254 = CARTESIAN_POINT('',(0.94903956622,71.729914478044));
#3255 = CARTESIAN_POINT('',(1.054655056894,71.887556495219));
#3256 = CARTESIAN_POINT('',(1.086461268517,71.934292458408));
#3257 = CARTESIAN_POINT('',(1.118423663588,71.980443488515));
#3258 = CARTESIAN_POINT('',(1.150555204349,72.02594739886));
#3259 = CARTESIAN_POINT('',(1.182868263267,72.070739089452));
#3260 = CARTESIAN_POINT('',(1.215375125105,72.114750833929));
#3261 = ( GEOMETRIC_REPRESENTATION_CONTEXT(2) 
PARAMETRIC_REPRESENTATION_CONTEXT() REPRESENTATION_CONTEXT('2D SPACE',''
  ) );
#3262 = PCURVE('',#2502,#3263);
#3263 = DEFINITIONAL_REPRESENTATION('',(#3264),#3292);
#3264 = B_SPLINE_CURVE_WITH_KNOTS('',6,(#3265,#3266,#3267,#3268,#3269,
    #3270,#3271,#3272,#3273,#3274,#3275,#3276,#3277,#3278,#3279,#3280,
    #3281,#3282,#3283,#3284,#3285,#3286,#3287,#3288,#3289,#3290,#3291),
  .UNSPECIFIED.,.F.,.F.,(7,5,5,5,5,7),(0.,0.139525659897,0.232799199598,
    0.48307641051,0.845023576049,1.),.UNSPECIFIED.);
#3265 = CARTESIAN_POINT('',(-1.120135000714,-0.811009361423));
#3266 = CARTESIAN_POINT('',(-1.132427517045,-0.816660227581));
#3267 = CARTESIAN_POINT('',(-1.144601157851,-0.822475440997));
#3268 = CARTESIAN_POINT('',(-1.156661224486,-0.828446165964));
#3269 = CARTESIAN_POINT('',(-1.16861251101,-0.834564555995));
#3270 = CARTESIAN_POINT('',(-1.180459304197,-0.840823753824));
#3271 = CARTESIAN_POINT('',(-1.200057691107,-0.851492401528));
#3272 = CARTESIAN_POINT('',(-1.207865034709,-0.855827227343));
#3273 = CARTESIAN_POINT('',(-1.215628614807,-0.86022064207));
#3274 = CARTESIAN_POINT('',(-1.223349530131,-0.864671086186));
#3275 = CARTESIAN_POINT('',(-1.231028777663,-0.869177167423));
#3276 = CARTESIAN_POINT('',(-1.25916327133,-0.88597465273));
#3277 = CARTESIAN_POINT('',(-1.279364744406,-0.8986027277));
#3278 = CARTESIAN_POINT('',(-1.299290723285,-0.911599393475));
#3279 = CARTESIAN_POINT('',(-1.318951067973,-0.924947325887));
#3280 = CARTESIAN_POINT('',(-1.338347127603,-0.938634526141));
#3281 = CARTESIAN_POINT('',(-1.385131134662,-0.972929923398));
#3282 = CARTESIAN_POINT('',(-1.412217522441,-0.993897198387));
#3283 = CARTESIAN_POINT('',(-1.438715325735,-1.015538464275));
#3284 = CARTESIAN_POINT('',(-1.464535560592,-1.037841491546));
#3285 = CARTESIAN_POINT('',(-1.489531738035,-1.060799392691));
#3286 = CARTESIAN_POINT('',(-1.523584185213,-1.094524574256));
#3287 = CARTESIAN_POINT('',(-1.533581109602,-1.104755061225));
#3288 = CARTESIAN_POINT('',(-1.543339153035,-1.11510456195));
#3289 = CARTESIAN_POINT('',(-1.552825317755,-1.12557221214));
#3290 = CARTESIAN_POINT('',(-1.561996607793,-1.136156641461));
#3291 = CARTESIAN_POINT('',(-1.570796326795,-1.146855846221));
#3292 = ( GEOMETRIC_REPRESENTATION_CONTEXT(2) 
PARAMETRIC_REPRESENTATION_CONTEXT() REPRESENTATION_CONTEXT('2D SPACE',''
  ) );
#3293 = ORIENTED_EDGE('',*,*,#3294,.F.);
#3294 = EDGE_CURVE('',#2886,#3198,#3295,.T.);
#3295 = SEAM_CURVE('',#3296,(#3300,#3307),.PCURVE_S1.);
#3296 = LINE('',#3297,#3298);
#3297 = CARTESIAN_POINT('',(-13.,-38.,32.2));
#3298 = VECTOR('',#3299,1.);
#3299 = DIRECTION('',(0.,1.,0.));
#3300 = PCURVE('',#334,#3301);
#3301 = DEFINITIONAL_REPRESENTATION('',(#3302),#3306);
#3302 = LINE('',#3303,#3304);
#3303 = CARTESIAN_POINT('',(6.28318530718,-0.));
#3304 = VECTOR('',#3305,1.);
#3305 = DIRECTION('',(0.,1.));
#3306 = ( GEOMETRIC_REPRESENTATION_CONTEXT(2) 
PARAMETRIC_REPRESENTATION_CONTEXT() REPRESENTATION_CONTEXT('2D SPACE',''
  ) );
#3307 = PCURVE('',#334,#3308);
#3308 = DEFINITIONAL_REPRESENTATION('',(#3309),#3313);
#3309 = LINE('',#3310,#3311);
#3310 = CARTESIAN_POINT('',(0.,-0.));
#3311 = VECTOR('',#3312,1.);
#3312 = DIRECTION('',(0.,1.));
#3313 = ( GEOMETRIC_REPRESENTATION_CONTEXT(2) 
PARAMETRIC_REPRESENTATION_CONTEXT() REPRESENTATION_CONTEXT('2D SPACE',''
  ) );
#3314 = ORIENTED_EDGE('',*,*,#2885,.T.);
#3315 = ORIENTED_EDGE('',*,*,#3316,.T.);
#3316 = EDGE_CURVE('',#2857,#3317,#3319,.T.);
#3317 = VERTEX_POINT('',#3318);
#3318 = CARTESIAN_POINT('',(-10.,-34.82045402389,27.886447127434));
#3319 = SURFACE_CURVE('',#3320,(#3333,#3349),.PCURVE_S1.);
#3320 = B_SPLINE_CURVE_WITH_KNOTS('',6,(#3321,#3322,#3323,#3324,#3325,
    #3326,#3327,#3328,#3329,#3330,#3331,#3332),.UNSPECIFIED.,.F.,.F.,(7,
    5,7),(0.,0.446555234872,1.),.UNSPECIFIED.);
#3321 = CARTESIAN_POINT('',(-10.0000006,-34.11475010441,30.113554489012)
  );
#3322 = CARTESIAN_POINT('',(-9.945758370543,-34.18070085073,
    29.967421850304));
#3323 = CARTESIAN_POINT('',(-9.898936234388,-34.24606314839,
    29.815094821135));
#3324 = CARTESIAN_POINT('',(-9.860505081979,-34.3101419761,
    29.657164940496));
#3325 = CARTESIAN_POINT('',(-9.831338217443,-34.37228906111,
    29.494308939555));
#3326 = CARTESIAN_POINT('',(-9.812220009127,-34.43192894687,
    29.327299590909));
#3327 = CARTESIAN_POINT('',(-9.79348667374,-34.55880264438,
    28.94597378894));
#3328 = CARTESIAN_POINT('',(-9.799642439814,-34.62438409585,
    28.73006170001));
#3329 = CARTESIAN_POINT('',(-9.823694173025,-34.68385814451,
    28.512700219779));
#3330 = CARTESIAN_POINT('',(-9.865878498455,-34.73638397341,
    28.29740328849));
#3331 = CARTESIAN_POINT('',(-9.925326514892,-34.78180942529,
    28.087623102861));
#3332 = CARTESIAN_POINT('',(-10.0000006,-34.8204543344,27.886445510988)
  );
#3333 = PCURVE('',#334,#3334);
#3334 = DEFINITIONAL_REPRESENTATION('',(#3335),#3348);
#3335 = B_SPLINE_CURVE_WITH_KNOTS('',6,(#3336,#3337,#3338,#3339,#3340,
    #3341,#3342,#3343,#3344,#3345,#3346,#3347),.UNSPECIFIED.,.F.,.F.,(7,
    5,7),(0.,0.446555234872,1.),.UNSPECIFIED.);
#3336 = CARTESIAN_POINT('',(1.215374586289,3.885249895585));
#3337 = CARTESIAN_POINT('',(1.264085475601,3.819299149261));
#3338 = CARTESIAN_POINT('',(1.313804159053,3.753936851606));
#3339 = CARTESIAN_POINT('',(1.364460135509,3.689858023898));
#3340 = CARTESIAN_POINT('',(1.416010504083,3.627710938884));
#3341 = CARTESIAN_POINT('',(1.468431318521,3.568071053124));
#3342 = CARTESIAN_POINT('',(1.587739343377,3.441197355618));
#3343 = CARTESIAN_POINT('',(1.655036157711,3.375615904142));
#3344 = CARTESIAN_POINT('',(1.723029456481,3.316141855481));
#3345 = CARTESIAN_POINT('',(1.79123518519,3.263616026582));
#3346 = CARTESIAN_POINT('',(1.859158856598,3.218190574701));
#3347 = CARTESIAN_POINT('',(1.926218067301,3.179545665598));
#3348 = ( GEOMETRIC_REPRESENTATION_CONTEXT(2) 
PARAMETRIC_REPRESENTATION_CONTEXT() REPRESENTATION_CONTEXT('2D SPACE',''
  ) );
#3349 = PCURVE('',#2873,#3350);
#3350 = DEFINITIONAL_REPRESENTATION('',(#3351),#3364);
#3351 = B_SPLINE_CURVE_WITH_KNOTS('',6,(#3352,#3353,#3354,#3355,#3356,
    #3357,#3358,#3359,#3360,#3361,#3362,#3363),.UNSPECIFIED.,.F.,.F.,(7,
    5,7),(0.,0.446555234872,1.),.UNSPECIFIED.);
#3352 = CARTESIAN_POINT('',(-0.423940657918,9.9999994));
#3353 = CARTESIAN_POINT('',(-0.407908113193,10.054241629457));
#3354 = CARTESIAN_POINT('',(-0.391335152637,10.101063765612));
#3355 = CARTESIAN_POINT('',(-0.37429695759,10.139494918021));
#3356 = CARTESIAN_POINT('',(-0.356871775144,10.168661782557));
#3357 = CARTESIAN_POINT('',(-0.339142130068,10.187779990873));
#3358 = CARTESIAN_POINT('',(-0.298954283352,10.20651332626));
#3359 = CARTESIAN_POINT('',(-0.276396843065,10.200357560186));
#3360 = CARTESIAN_POINT('',(-0.253875005883,10.176305826975));
#3361 = CARTESIAN_POINT('',(-0.231725613512,10.134121501545));
#3362 = CARTESIAN_POINT('',(-0.210267301427,10.074673485108));
#3363 = CARTESIAN_POINT('',(-0.189781732733,9.9999994));
#3364 = ( GEOMETRIC_REPRESENTATION_CONTEXT(2) 
PARAMETRIC_REPRESENTATION_CONTEXT() REPRESENTATION_CONTEXT('2D SPACE',''
  ) );
#3365 = ORIENTED_EDGE('',*,*,#3366,.T.);
#3366 = EDGE_CURVE('',#3317,#260,#3367,.T.);
#3367 = SURFACE_CURVE('',#3368,(#3396,#3427),.PCURVE_S1.);
#3368 = B_SPLINE_CURVE_WITH_KNOTS('',6,(#3369,#3370,#3371,#3372,#3373,
    #3374,#3375,#3376,#3377,#3378,#3379,#3380,#3381,#3382,#3383,#3384,
    #3385,#3386,#3387,#3388,#3389,#3390,#3391,#3392,#3393,#3394,#3395),
  .UNSPECIFIED.,.F.,.F.,(7,5,5,5,5,7),(0.,0.159606278697,0.264026910605,
    0.501550530538,0.840970696584,1.),.UNSPECIFIED.);
#3369 = CARTESIAN_POINT('',(-10.,-34.82045402389,27.886447127434));
#3370 = CARTESIAN_POINT('',(-10.02499909359,-34.83339144591,
    27.819097581112));
#3371 = CARTESIAN_POINT('',(-10.05189631203,-34.84559187921,
    27.752195419836));
#3372 = CARTESIAN_POINT('',(-10.08068792858,-34.85703600547,
    27.685822094037));
#3373 = CARTESIAN_POINT('',(-10.1113636005,-34.86770588332,
    27.620060160524));
#3374 = CARTESIAN_POINT('',(-10.14390636909,-34.8775849483,
    27.554993282491));
#3375 = CARTESIAN_POINT('',(-10.20078950769,-34.89259396451,
    27.448647140416));
#3376 = CARTESIAN_POINT('',(-10.22407540092,-34.89818496656,
    27.406921704975));
#3377 = CARTESIAN_POINT('',(-10.24814365979,-34.9034267988,
    27.365553601356));
#3378 = CARTESIAN_POINT('',(-10.27298629319,-34.90831560293,
    27.324566363182));
#3379 = CARTESIAN_POINT('',(-10.29859399851,-34.91284788254,
    27.283983379537));
#3380 = CARTESIAN_POINT('',(-10.38492167113,-34.9265118838,
    27.15248698002));
#3381 = CARTESIAN_POINT('',(-10.44879256064,-34.93414258832,
    27.063355412685));
#3382 = CARTESIAN_POINT('',(-10.51644062609,-34.93987545843,
    26.976710842612));
#3383 = CARTESIAN_POINT('',(-10.58770681357,-34.94368500231,
    26.892815133657));
#3384 = CARTESIAN_POINT('',(-10.66239979877,-34.94555819201,
    26.811912243418));
#3385 = CARTESIAN_POINT('',(-10.85160583285,-34.94540533266,
    26.623212963317));
#3386 = CARTESIAN_POINT('',(-10.9694695854,-34.94136184841,
    26.518754019992));
#3387 = CARTESIAN_POINT('',(-11.09321936582,-34.93336421419,
    26.421517205898));
#3388 = CARTESIAN_POINT('',(-11.22211133935,-34.92147192643,
    26.3320093548));
#3389 = CARTESIAN_POINT('',(-11.35535104887,-34.90578770231,
    26.250606199438));
#3390 = CARTESIAN_POINT('',(-11.55616548026,-34.87740688618,
    26.143320385559));
#3391 = CARTESIAN_POINT('',(-11.6210079623,-34.86755205087,
    26.110921649135));
#3392 = CARTESIAN_POINT('',(-11.68653960534,-34.85691226667,
    26.080376765216));
#3393 = CARTESIAN_POINT('',(-11.75267762467,-34.84550393512,
    26.051702473639));
#3394 = CARTESIAN_POINT('',(-11.81934033039,-34.83334481531,
    26.024908988869));
#3395 = CARTESIAN_POINT('',(-11.88644712743,-34.82045402389,26.));
#3396 = PCURVE('',#334,#3397);
#3397 = DEFINITIONAL_REPRESENTATION('',(#3398),#3426);
#3398 = B_SPLINE_CURVE_WITH_KNOTS('',6,(#3399,#3400,#3401,#3402,#3403,
    #3404,#3405,#3406,#3407,#3408,#3409,#3410,#3411,#3412,#3413,#3414,
    #3415,#3416,#3417,#3418,#3419,#3420,#3421,#3422,#3423,#3424,#3425),
  .UNSPECIFIED.,.F.,.F.,(7,5,5,5,5,7),(0.,0.159606278697,0.264026910605,
    0.501550530538,0.840970696584,1.),.UNSPECIFIED.);
#3399 = CARTESIAN_POINT('',(1.926217528485,3.179545976107));
#3400 = CARTESIAN_POINT('',(1.948667377259,3.166608554081));
#3401 = CARTESIAN_POINT('',(1.971192527594,3.154408120781));
#3402 = CARTESIAN_POINT('',(1.993789198143,3.142963994522));
#3403 = CARTESIAN_POINT('',(2.016453056599,3.13229411668));
#3404 = CARTESIAN_POINT('',(2.039179219706,3.122415051694));
#3405 = CARTESIAN_POINT('',(2.076867799438,3.107406035481));
#3406 = CARTESIAN_POINT('',(2.091797697776,3.101815033438));
#3407 = CARTESIAN_POINT('',(2.106750418005,3.096573201193));
#3408 = CARTESIAN_POINT('',(2.121724344442,3.091684397069));
#3409 = CARTESIAN_POINT('',(2.136717775978,3.087152117455));
#3410 = CARTESIAN_POINT('',(2.185874502918,3.073488116193));
#3411 = CARTESIAN_POINT('',(2.220112706641,3.065857411672));
#3412 = CARTESIAN_POINT('',(2.254420642446,3.060124541563));
#3413 = CARTESIAN_POINT('',(2.288776285704,3.056314997689));
#3414 = CARTESIAN_POINT('',(2.323156564848,3.054441807983));
#3415 = CARTESIAN_POINT('',(2.406662705645,3.054594667331));
#3416 = CARTESIAN_POINT('',(2.455793458884,3.058638151588));
#3417 = CARTESIAN_POINT('',(2.504846362834,3.066635785804));
#3418 = CARTESIAN_POINT('',(2.553758212859,3.078528073569));
#3419 = CARTESIAN_POINT('',(2.602470170323,3.094212297683));
#3420 = CARTESIAN_POINT('',(2.673619140439,3.122593113816));
#3421 = CARTESIAN_POINT('',(2.696262548307,3.132447949128));
#3422 = CARTESIAN_POINT('',(2.71884404759,3.143087733324));
#3423 = CARTESIAN_POINT('',(2.741358802067,3.154496064873));
#3424 = CARTESIAN_POINT('',(2.763802519554,3.166655184684));
#3425 = CARTESIAN_POINT('',(2.7861714519,3.179545976107));
#3426 = ( GEOMETRIC_REPRESENTATION_CONTEXT(2) 
PARAMETRIC_REPRESENTATION_CONTEXT() REPRESENTATION_CONTEXT('2D SPACE',''
  ) );
#3427 = PCURVE('',#276,#3428);
#3428 = DEFINITIONAL_REPRESENTATION('',(#3429),#3457);
#3429 = B_SPLINE_CURVE_WITH_KNOTS('',6,(#3430,#3431,#3432,#3433,#3434,
    #3435,#3436,#3437,#3438,#3439,#3440,#3441,#3442,#3443,#3444,#3445,
    #3446,#3447,#3448,#3449,#3450,#3451,#3452,#3453,#3454,#3455,#3456),
  .UNSPECIFIED.,.F.,.F.,(7,5,5,5,5,7),(0.,0.159606278697,0.264026910605,
    0.501550530538,0.840970696584,1.),.UNSPECIFIED.);
#3430 = CARTESIAN_POINT('',(-1.570796326795,-0.189781897333));
#3431 = CARTESIAN_POINT('',(-1.568250711946,-0.182923808475));
#3432 = CARTESIAN_POINT('',(-1.565519864441,-0.176122121831));
#3433 = CARTESIAN_POINT('',(-1.562604457411,-0.169384204378));
#3434 = CARTESIAN_POINT('',(-1.559505631173,-0.162717529118));
#3435 = CARTESIAN_POINT('',(-1.556224993225,-0.156129675078));
#3436 = CARTESIAN_POINT('',(-1.550500706427,-0.145374892868));
#3437 = CARTESIAN_POINT('',(-1.548159867038,-0.141158474153));
#3438 = CARTESIAN_POINT('',(-1.545742689252,-0.136981219076));
#3439 = CARTESIAN_POINT('',(-1.543249862923,-0.132845265616));
#3440 = CARTESIAN_POINT('',(-1.540682178588,-0.128752741818));
#3441 = CARTESIAN_POINT('',(-1.532031614047,-0.115500186602));
#3442 = CARTESIAN_POINT('',(-1.525639816829,-0.106530020686));
#3443 = CARTESIAN_POINT('',(-1.518875981802,-9.78206152871E-02));
#3444 = CARTESIAN_POINT('',(-1.511753287302,-8.93959253845E-02));
#3445 = CARTESIAN_POINT('',(-1.504287658136,-8.127837851092E-02));
#3446 = CARTESIAN_POINT('',(-1.485367050656,-6.235738117043E-02));
#3447 = CARTESIAN_POINT('',(-1.473573178301,-5.189416401523E-02));
#3448 = CARTESIAN_POINT('',(-1.461173251554,-4.216110747815E-02));
#3449 = CARTESIAN_POINT('',(-1.448230858955,-3.3205440199E-02));
#3450 = CARTESIAN_POINT('',(-1.434815613611,-2.506270470434E-02));
#3451 = CARTESIAN_POINT('',(-1.414532308584,-1.433243188302E-02));
#3452 = CARTESIAN_POINT('',(-1.407973515776,-1.109229508165E-02));
#3453 = CARTESIAN_POINT('',(-1.401334824139,-8.037704374496E-03));
#3454 = CARTESIAN_POINT('',(-1.394623753951,-5.170249465432E-03));
#3455 = CARTESIAN_POINT('',(-1.387847799576,-2.490898886919E-03));
#3456 = CARTESIAN_POINT('',(-1.381014429462,0.));
#3457 = ( GEOMETRIC_REPRESENTATION_CONTEXT(2) 
PARAMETRIC_REPRESENTATION_CONTEXT() REPRESENTATION_CONTEXT('2D SPACE',''
  ) );
#3458 = ORIENTED_EDGE('',*,*,#288,.T.);
#3459 = ORIENTED_EDGE('',*,*,#2980,.T.);
#3460 = ORIENTED_EDGE('',*,*,#3294,.T.);
#3461 = ORIENTED_EDGE('',*,*,#3462,.F.);
#3462 = EDGE_CURVE('',#2629,#3198,#3463,.T.);
#3463 = SURFACE_CURVE('',#3464,(#3532,#3603),.PCURVE_S1.);
#3464 = B_SPLINE_CURVE_WITH_KNOTS('',6,(#3465,#3466,#3467,#3468,#3469,
    #3470,#3471,#3472,#3473,#3474,#3475,#3476,#3477,#3478,#3479,#3480,
    #3481,#3482,#3483,#3484,#3485,#3486,#3487,#3488,#3489,#3490,#3491,
    #3492,#3493,#3494,#3495,#3496,#3497,#3498,#3499,#3500,#3501,#3502,
    #3503,#3504,#3505,#3506,#3507,#3508,#3509,#3510,#3511,#3512,#3513,
    #3514,#3515,#3516,#3517,#3518,#3519,#3520,#3521,#3522,#3523,#3524,
    #3525,#3526,#3527,#3528,#3529,#3530,#3531),.UNSPECIFIED.,.F.,.F.,(7,
    5,5,5,5,5,5,5,5,5,5,5,5,7),(0.,7.192008258073E-02,0.240823542177,
    0.367940721972,0.414803374621,0.476748197225,0.558271823491,
    0.62410256518,0.659734499497,0.732717498835,0.796546866454,
    0.826442035972,0.877238766636,1.),.UNSPECIFIED.);
#3465 = CARTESIAN_POINT('',(-14.11355287256,34.114750833929,26.));
#3466 = CARTESIAN_POINT('',(-14.21077967417,34.070871676251,
    26.036089061406));
#3467 = CARTESIAN_POINT('',(-14.30602505416,34.026217261948,
    26.075744824437));
#3468 = CARTESIAN_POINT('',(-14.39917293141,33.980854710491,
    26.118828376868));
#3469 = CARTESIAN_POINT('',(-14.49011919,33.934848544213,26.165203205878
    ));
#3470 = CARTESIAN_POINT('',(-14.57877067032,33.888260405137,
    26.214737075753));
#3471 = CARTESIAN_POINT('',(-14.86765642646,33.730507660539,
    26.390756480994));
#3472 = CARTESIAN_POINT('',(-15.05711411929,33.617000530346,
    26.530913351811));
#3473 = CARTESIAN_POINT('',(-15.23240913054,33.501353400653,
    26.686167331221));
#3474 = CARTESIAN_POINT('',(-15.39263866014,33.384280153012,
    26.855035511049));
#3475 = CARTESIAN_POINT('',(-15.53703024171,33.266489466358,
    27.036141143064));
#3476 = CARTESIAN_POINT('',(-15.76097088692,33.06003611031,
    27.372975387183));
#3477 = CARTESIAN_POINT('',(-15.84770733593,32.971392229043,
    27.523872246682));
#3478 = CARTESIAN_POINT('',(-15.92468753707,32.883064830027,
    27.680523334105));
#3479 = CARTESIAN_POINT('',(-15.99153757748,32.795400368825,
    27.842435118705));
#3480 = CARTESIAN_POINT('',(-16.04785541511,32.708789867232,
    28.009111647888));
#3481 = CARTESIAN_POINT('',(-16.1098806375,32.592304400684,
    28.243102420889));
#3482 = CARTESIAN_POINT('',(-16.12509213517,32.561133210237,
    28.306710237674));
#3483 = CARTESIAN_POINT('',(-16.1387846108,32.530189926264,
    28.370873706754));
#3484 = CARTESIAN_POINT('',(-16.15093310844,32.49949924503,
    28.435566561229));
#3485 = CARTESIAN_POINT('',(-16.16151131983,32.469087615801,
    28.500761423641));
#3486 = CARTESIAN_POINT('',(-16.18236203699,32.399190142076,
    28.653232751687));
#3487 = CARTESIAN_POINT('',(-16.1914405295,32.359934379822,
    28.740861973334));
#3488 = CARTESIAN_POINT('',(-16.19766280001,32.321280755689,
    28.829252727119));
#3489 = CARTESIAN_POINT('',(-16.20096074137,32.283301545495,
    28.91833245574));
#3490 = CARTESIAN_POINT('',(-16.20126240117,32.246076499267,
    29.008020788383));
#3491 = CARTESIAN_POINT('',(-16.19484592017,32.161809457073,
    29.216950433003));
#3492 = CARTESIAN_POINT('',(-16.18587932314,32.115385650783,
    29.336567199884));
#3493 = CARTESIAN_POINT('',(-16.17142153505,32.070617854786,
    29.456882452484));
#3494 = CARTESIAN_POINT('',(-16.15129165621,32.027736143386,
    29.577650312889));
#3495 = CARTESIAN_POINT('',(-16.12531477557,31.986997581618,
    29.698574068452));
#3496 = CARTESIAN_POINT('',(-16.06751695916,31.917737588627,
    29.916793717731));
#3497 = CARTESIAN_POINT('',(-16.03778444534,31.888375141778,
    30.014153424298));
#3498 = CARTESIAN_POINT('',(-16.00406282589,31.860739053707,
    30.111193649562));
#3499 = CARTESIAN_POINT('',(-15.96628706775,31.834987918052,
    30.207692033761));
#3500 = CARTESIAN_POINT('',(-15.92441926795,31.811283255857,
    30.303394526992));
#3501 = CARTESIAN_POINT('',(-15.85358841051,31.778142053188,
    30.449232550182));
#3502 = CARTESIAN_POINT('',(-15.82751633353,31.767148469522,
    30.500131717469));
#3503 = CARTESIAN_POINT('',(-15.80024720553,31.756825007168,
    30.550668490168));
#3504 = CARTESIAN_POINT('',(-15.77178589933,31.747195405511,
    30.600795128746));
#3505 = CARTESIAN_POINT('',(-15.74214170486,31.738282054665,
    30.65046192842));
#3506 = CARTESIAN_POINT('',(-15.64821492751,31.713359407497,
    30.800299391478));
#3507 = CARTESIAN_POINT('',(-15.58018936449,31.699703486021,
    30.898847857133));
#3508 = CARTESIAN_POINT('',(-15.50738608695,31.689320353728,
    30.994798092702));
#3509 = CARTESIAN_POINT('',(-15.43001379684,31.682346779034,
    31.087694944326));
#3510 = CARTESIAN_POINT('',(-15.34836994414,31.678858519465,
    31.177104868689));
#3511 = CARTESIAN_POINT('',(-15.18806587416,31.678851294026,
    31.337425024555));
#3512 = CARTESIAN_POINT('',(-15.11030499409,31.681513077031,
    31.40925991547));
#3513 = CARTESIAN_POINT('',(-15.02983727384,31.68684054102,
    31.477867492157));
#3514 = CARTESIAN_POINT('',(-14.94694911848,31.69478981131,
    31.543040254522));
#3515 = CARTESIAN_POINT('',(-14.86194270475,31.705279907463,
    31.604622010644));
#3516 = CARTESIAN_POINT('',(-14.73447039917,31.724251321568,
    31.689609731229));
#3517 = CARTESIAN_POINT('',(-14.69341312356,31.730835919127,
    31.715906839587));
#3518 = CARTESIAN_POINT('',(-14.65198918652,31.737942510088,
    31.741382114244));
#3519 = CARTESIAN_POINT('',(-14.61022882293,31.745558859095,
    31.766027403861));
#3520 = CARTESIAN_POINT('',(-14.56816153096,31.753671817213,
    31.789836947053));
#3521 = CARTESIAN_POINT('',(-14.45386428507,31.776872475358,
    31.851837842128));
#3522 = CARTESIAN_POINT('',(-14.38110910197,31.792871032049,
    31.888445541224));
#3523 = CARTESIAN_POINT('',(-14.30769070747,31.810194805463,
    31.922613398529));
#3524 = CARTESIAN_POINT('',(-14.23373924023,31.828771114597,
    31.954342486191));
#3525 = CARTESIAN_POINT('',(-14.15937393099,31.848525915635,
    31.9836473965));
#3526 = CARTESIAN_POINT('',(-13.90424202848,31.9198020737,
    32.075571462709));
#3527 = CARTESIAN_POINT('',(-13.72203918334,31.976665057356,
    32.126553093236));
#3528 = CARTESIAN_POINT('',(-13.53951899053,32.038973137112,
    32.163879230077));
#3529 = CARTESIAN_POINT('',(-13.35781018305,32.105772811189,
    32.188149243568));
#3530 = CARTESIAN_POINT('',(-13.17777144542,32.176265236628,32.2));
#3531 = CARTESIAN_POINT('',(-13.,32.249827584157,32.2));
#3532 = PCURVE('',#334,#3533);
#3533 = DEFINITIONAL_REPRESENTATION('',(#3534),#3602);
#3534 = B_SPLINE_CURVE_WITH_KNOTS('',6,(#3535,#3536,#3537,#3538,#3539,
    #3540,#3541,#3542,#3543,#3544,#3545,#3546,#3547,#3548,#3549,#3550,
    #3551,#3552,#3553,#3554,#3555,#3556,#3557,#3558,#3559,#3560,#3561,
    #3562,#3563,#3564,#3565,#3566,#3567,#3568,#3569,#3570,#3571,#3572,
    #3573,#3574,#3575,#3576,#3577,#3578,#3579,#3580,#3581,#3582,#3583,
    #3584,#3585,#3586,#3587,#3588,#3589,#3590,#3591,#3592,#3593,#3594,
    #3595,#3596,#3597,#3598,#3599,#3600,#3601),.UNSPECIFIED.,.F.,.F.,(7,
    5,5,5,5,5,5,5,5,5,5,5,5,7),(0.,7.192008258073E-02,0.240823542177,
    0.367940721972,0.414803374621,0.476748197225,0.558271823491,
    0.62410256518,0.659734499497,0.732717498835,0.796546866454,
    0.826442035972,0.877238766636,1.),.UNSPECIFIED.);
#3535 = CARTESIAN_POINT('',(3.49701385528,72.114750833929));
#3536 = CARTESIAN_POINT('',(3.529422789149,72.070871676251));
#3537 = CARTESIAN_POINT('',(3.561639087962,72.026217261948));
#3538 = CARTESIAN_POINT('',(3.593674923205,71.980854710491));
#3539 = CARTESIAN_POINT('',(3.62554255498,71.934848544213));
#3540 = CARTESIAN_POINT('',(3.657254826528,71.888260405137));
#3541 = CARTESIAN_POINT('',(3.7629693832,71.730507660539));
#3542 = CARTESIAN_POINT('',(3.836318897027,71.617000530346));
#3543 = CARTESIAN_POINT('',(3.909076596094,71.501353400653));
#3544 = CARTESIAN_POINT('',(3.981418661477,71.384280153012));
#3545 = CARTESIAN_POINT('',(4.053530642162,71.266489466358));
#3546 = CARTESIAN_POINT('',(4.179931665922,71.06003611031));
#3547 = CARTESIAN_POINT('',(4.234206996543,70.971392229043));
#3548 = CARTESIAN_POINT('',(4.288579492426,70.883064830027));
#3549 = CARTESIAN_POINT('',(4.343144347372,70.795400368825));
#3550 = CARTESIAN_POINT('',(4.39800138994,70.708789867232));
#3551 = CARTESIAN_POINT('',(4.473648862107,70.592304400684));
#3552 = CARTESIAN_POINT('',(4.4940807514,70.561133210237));
#3553 = CARTESIAN_POINT('',(4.514574037872,70.530189926264));
#3554 = CARTESIAN_POINT('',(4.535134478195,70.49949924503));
#3555 = CARTESIAN_POINT('',(4.555767916048,70.469087615801));
#3556 = CARTESIAN_POINT('',(4.603858669165,70.399190142076));
#3557 = CARTESIAN_POINT('',(4.631374774372,70.359934379822));
#3558 = CARTESIAN_POINT('',(4.659042464835,70.321280755689));
#3559 = CARTESIAN_POINT('',(4.686875395385,70.283301545495));
#3560 = CARTESIAN_POINT('',(4.714887008594,70.246076499267));
#3561 = CARTESIAN_POINT('',(4.780208305572,70.161809457073));
#3562 = CARTESIAN_POINT('',(4.817656981178,70.115385650783));
#3563 = CARTESIAN_POINT('',(4.855468414501,70.070617854786));
#3564 = CARTESIAN_POINT('',(4.893668135494,70.027736143386));
#3565 = CARTESIAN_POINT('',(4.932275623285,69.986997581618));
#3566 = CARTESIAN_POINT('',(5.002820657462,69.917737588627));
#3567 = CARTESIAN_POINT('',(5.034610387605,69.888375141778));
#3568 = CARTESIAN_POINT('',(5.066678987994,69.860739053707));
#3569 = CARTESIAN_POINT('',(5.099026048851,69.834987918052));
#3570 = CARTESIAN_POINT('',(5.131643981408,69.811283255857));
#3571 = CARTESIAN_POINT('',(5.182309223298,69.778142053188));
#3572 = CARTESIAN_POINT('',(5.200176447271,69.767148469522));
#3573 = CARTESIAN_POINT('',(5.218115404745,69.756825007168));
#3574 = CARTESIAN_POINT('',(5.2361225456,69.747195405511));
#3575 = CARTESIAN_POINT('',(5.254193504726,69.738282054665));
#3576 = CARTESIAN_POINT('',(5.30945699364,69.713359407497));
#3577 = CARTESIAN_POINT('',(5.346841304204,69.699703486021));
#3578 = CARTESIAN_POINT('',(5.384422583944,69.689320353728));
#3579 = CARTESIAN_POINT('',(5.422144620623,69.682346779034));
#3580 = CARTESIAN_POINT('',(5.459942551162,69.678858519465));
#3581 = CARTESIAN_POINT('',(5.530791165097,69.678851294026));
#3582 = CARTESIAN_POINT('',(5.563847383406,69.681513077031));
#3583 = CARTESIAN_POINT('',(5.596853624712,69.68684054102));
#3584 = CARTESIAN_POINT('',(5.629765552995,69.69478981131));
#3585 = CARTESIAN_POINT('',(5.662543442635,69.705279907463));
#3586 = CARTESIAN_POINT('',(5.710420340994,69.724251321568));
#3587 = CARTESIAN_POINT('',(5.725654301187,69.730835919127));
#3588 = CARTESIAN_POINT('',(5.740847558101,69.737942510088));
#3589 = CARTESIAN_POINT('',(5.755997071282,69.745558859095));
#3590 = CARTESIAN_POINT('',(5.77110020366,69.753671817213));
#3591 = CARTESIAN_POINT('',(5.811734783548,69.776872475358));
#3592 = CARTESIAN_POINT('',(5.837174513935,69.792871032049));
#3593 = CARTESIAN_POINT('',(5.86246303427,69.810194805463));
#3594 = CARTESIAN_POINT('',(5.887593142557,69.828771114597));
#3595 = CARTESIAN_POINT('',(5.91256070145,69.848525915635));
#3596 = CARTESIAN_POINT('',(5.997306600148,69.9198020737));
#3597 = CARTESIAN_POINT('',(6.056274449722,69.976665057356));
#3598 = CARTESIAN_POINT('',(6.114276905627,70.038973137112));
#3599 = CARTESIAN_POINT('',(6.171369657001,70.105772811189));
#3600 = CARTESIAN_POINT('',(6.227631730485,70.176265236628));
#3601 = CARTESIAN_POINT('',(6.28318530718,70.249827584157));
#3602 = ( GEOMETRIC_REPRESENTATION_CONTEXT(2) 
PARAMETRIC_REPRESENTATION_CONTEXT() REPRESENTATION_CONTEXT('2D SPACE',''
  ) );
#3603 = PCURVE('',#2502,#3604);
#3604 = DEFINITIONAL_REPRESENTATION('',(#3605),#3673);
#3605 = B_SPLINE_CURVE_WITH_KNOTS('',6,(#3606,#3607,#3608,#3609,#3610,
    #3611,#3612,#3613,#3614,#3615,#3616,#3617,#3618,#3619,#3620,#3621,
    #3622,#3623,#3624,#3625,#3626,#3627,#3628,#3629,#3630,#3631,#3632,
    #3633,#3634,#3635,#3636,#3637,#3638,#3639,#3640,#3641,#3642,#3643,
    #3644,#3645,#3646,#3647,#3648,#3649,#3650,#3651,#3652,#3653,#3654,
    #3655,#3656,#3657,#3658,#3659,#3660,#3661,#3662,#3663,#3664,#3665,
    #3666,#3667,#3668,#3669,#3670,#3671,#3672),.UNSPECIFIED.,.F.,.F.,(7,
    5,5,5,5,5,5,5,5,5,5,5,5,7),(0.,7.192008258073E-02,0.240823542177,
    0.367940721972,0.414803374621,0.476748197225,0.558271823491,
    0.62410256518,0.659734499497,0.732717498835,0.796546866454,
    0.826442035972,0.877238766636,1.),.UNSPECIFIED.);
#3606 = CARTESIAN_POINT('',(0.,-1.146855846221));
#3607 = CARTESIAN_POINT('',(-8.773209564688E-03,-1.13618887316));
#3608 = CARTESIAN_POINT('',(-1.791575597397E-02,-1.125635984382));
#3609 = CARTESIAN_POINT('',(-2.737145078818E-02,-1.115199166487));
#3610 = CARTESIAN_POINT('',(-3.709764651404E-02,-1.104879779446));
#3611 = CARTESIAN_POINT('',(-4.706158482309E-02,-1.094678682282));
#3612 = CARTESIAN_POINT('',(-8.113298703445E-02,-1.060918141721));
#3613 = CARTESIAN_POINT('',(-0.106189632691,-1.037899540085));
#3614 = CARTESIAN_POINT('',(-0.132074672168,-1.015539097953));
#3615 = CARTESIAN_POINT('',(-0.158640587401,-0.993843756846));
#3616 = CARTESIAN_POINT('',(-0.185797758451,-0.972825851198));
#3617 = CARTESIAN_POINT('',(-0.234401453336,-0.937208643397));
#3618 = CARTESIAN_POINT('',(-0.255594843566,-0.922310483532));
#3619 = CARTESIAN_POINT('',(-0.277101986026,-0.907816755896));
#3620 = CARTESIAN_POINT('',(-0.298926855994,-0.893744061363));
#3621 = CARTESIAN_POINT('',(-0.321082636185,-0.880116044616));
#3622 = CARTESIAN_POINT('',(-0.351897878174,-0.862116105903));
#3623 = CARTESIAN_POINT('',(-0.360246748794,-0.857332600544));
#3624 = CARTESIAN_POINT('',(-0.368645433174,-0.852615674858));
#3625 = CARTESIAN_POINT('',(-0.377095292359,-0.847967252259));
#3626 = CARTESIAN_POINT('',(-0.385597810025,-0.843389500615));
#3627 = CARTESIAN_POINT('',(-0.405465270399,-0.832930391613));
#3628 = CARTESIAN_POINT('',(-0.41687066792,-0.82710370761));
#3629 = CARTESIAN_POINT('',(-0.428374576785,-0.821410310112));
#3630 = CARTESIAN_POINT('',(-0.439980863721,-0.815856723172));
#3631 = CARTESIAN_POINT('',(-0.451693470438,-0.810450465016));
#3632 = CARTESIAN_POINT('',(-0.479076216072,-0.798290139963));
#3633 = CARTESIAN_POINT('',(-0.494826478045,-0.791650462297));
#3634 = CARTESIAN_POINT('',(-0.510776996348,-0.785300065869));
#3635 = CARTESIAN_POINT('',(-0.526935244162,-0.779262434132));
#3636 = CARTESIAN_POINT('',(-0.543306267957,-0.773564601557));
#3637 = CARTESIAN_POINT('',(-0.573286119043,-0.763933618905));
#3638 = CARTESIAN_POINT('',(-0.586819540612,-0.759872071795));
#3639 = CARTESIAN_POINT('',(-0.600493330416,-0.756067408231));
#3640 = CARTESIAN_POINT('',(-0.61430554025,-0.752536971404));
#3641 = CARTESIAN_POINT('',(-0.628251067531,-0.749298633393));
#3642 = CARTESIAN_POINT('',(-0.649936467158,-0.744784458298));
#3643 = CARTESIAN_POINT('',(-0.657588384235,-0.743289810099));
#3644 = CARTESIAN_POINT('',(-0.665275195198,-0.741888617935));
#3645 = CARTESIAN_POINT('',(-0.672995051888,-0.740583543733));
#3646 = CARTESIAN_POINT('',(-0.68074574446,-0.739377107208));
#3647 = CARTESIAN_POINT('',(-0.704457925843,-0.736007510033));
#3648 = CARTESIAN_POINT('',(-0.720511620414,-0.734166804048));
#3649 = CARTESIAN_POINT('',(-0.736659861215,-0.732770210824));
#3650 = CARTESIAN_POINT('',(-0.752875289766,-0.731833257848));
#3651 = CARTESIAN_POINT('',(-0.769126694511,-0.731364563949));
#3652 = CARTESIAN_POINT('',(-0.799588404823,-0.731363593133));
#3653 = CARTESIAN_POINT('',(-0.81380109144,-0.731721236637));
#3654 = CARTESIAN_POINT('',(-0.827990058102,-0.732437027596));
#3655 = CARTESIAN_POINT('',(-0.842134015595,-0.733505972669));
#3656 = CARTESIAN_POINT('',(-0.85621372743,-0.734918870929));
#3657 = CARTESIAN_POINT('',(-0.876766417075,-0.737480102771));
#3658 = CARTESIAN_POINT('',(-0.883304161171,-0.738369780335));
#3659 = CARTESIAN_POINT('',(-0.889822300547,-0.7393309015));
#3660 = CARTESIAN_POINT('',(-0.896319324912,-0.740362085135));
#3661 = CARTESIAN_POINT('',(-0.902793903117,-0.741461850812));
#3662 = CARTESIAN_POINT('',(-0.920206142145,-0.744611146434));
#3663 = CARTESIAN_POINT('',(-0.931099280868,-0.746787145809));
#3664 = CARTESIAN_POINT('',(-0.941918680984,-0.749148961828));
#3665 = CARTESIAN_POINT('',(-0.95266035326,-0.751688482866));
#3666 = CARTESIAN_POINT('',(-0.963321662831,-0.754397504731));
#3667 = CARTESIAN_POINT('',(-0.999468431466,-0.764205492952));
#3668 = CARTESIAN_POINT('',(-1.024550744734,-0.77208474194));
#3669 = CARTESIAN_POINT('',(-1.049140240342,-0.780796250159));
#3670 = CARTESIAN_POINT('',(-1.073249715968,-0.790238564661));
#3671 = CARTESIAN_POINT('',(-1.096901801692,-0.800329066635));
#3672 = CARTESIAN_POINT('',(-1.120135000714,-0.811009361423));
#3673 = ( GEOMETRIC_REPRESENTATION_CONTEXT(2) 
PARAMETRIC_REPRESENTATION_CONTEXT() REPRESENTATION_CONTEXT('2D SPACE',''
  ) );
#3674 = ORIENTED_EDGE('',*,*,#2628,.F.);
#3675 = ORIENTED_EDGE('',*,*,#3676,.F.);
#3676 = EDGE_CURVE('',#3677,#2600,#3679,.T.);
#3677 = VERTEX_POINT('',#3678);
#3678 = CARTESIAN_POINT('',(-10.,34.820454023893,27.886447127434));
#3679 = SURFACE_CURVE('',#3680,(#3723,#3769),.PCURVE_S1.);
#3680 = B_SPLINE_CURVE_WITH_KNOTS('',6,(#3681,#3682,#3683,#3684,#3685,
    #3686,#3687,#3688,#3689,#3690,#3691,#3692,#3693,#3694,#3695,#3696,
    #3697,#3698,#3699,#3700,#3701,#3702,#3703,#3704,#3705,#3706,#3707,
    #3708,#3709,#3710,#3711,#3712,#3713,#3714,#3715,#3716,#3717,#3718,
    #3719,#3720,#3721,#3722),.UNSPECIFIED.,.F.,.F.,(7,5,5,5,5,5,5,5,7),(
    0.,0.204983383121,0.316849784375,0.368704908758,0.498856731848,
    0.631922524062,0.68375071906,0.795564187649,1.),.UNSPECIFIED.);
#3681 = CARTESIAN_POINT('',(-10.,34.820454023893,27.886447127434));
#3682 = CARTESIAN_POINT('',(-10.03651482308,34.839351016087,
    27.788073290007));
#3683 = CARTESIAN_POINT('',(-10.07686190912,34.856562654148,
    27.691241356203));
#3684 = CARTESIAN_POINT('',(-10.12080003193,34.871994834286,
    27.596548202656));
#3685 = CARTESIAN_POINT('',(-10.16790816779,34.885565398151,
    27.504729817137));
#3686 = CARTESIAN_POINT('',(-10.21748678629,34.8972641762,
    27.416556524267));
#3687 = CARTESIAN_POINT('',(-10.29670093463,34.912569040716,
    27.286799767187));
#3688 = CARTESIAN_POINT('',(-10.32516968055,34.917438030406,
    27.242240038488));
#3689 = CARTESIAN_POINT('',(-10.35400820351,34.921784032092,
    27.199030327579));
#3690 = CARTESIAN_POINT('',(-10.38310456089,34.925630750209,
    27.157207661794));
#3691 = CARTESIAN_POINT('',(-10.41237579236,34.929007968116,
    27.116759107283));
#3692 = CARTESIAN_POINT('',(-10.45540589933,34.933307108556,
    27.059496057532));
#3693 = CARTESIAN_POINT('',(-10.46906344491,34.934574341228,
    27.041642409392));
#3694 = CARTESIAN_POINT('',(-10.48274592397,34.935750256154,
    27.024065597898));
#3695 = CARTESIAN_POINT('',(-10.49645161605,34.936837860015,
    27.006757550895));
#3696 = CARTESIAN_POINT('',(-10.51018087018,34.937840060198,
    26.989708427085));
#3697 = CARTESIAN_POINT('',(-10.55846053998,34.941067791826,
    26.930735540978));
#3698 = CARTESIAN_POINT('',(-10.59314367318,34.942855058933,
    26.890129211553));
#3699 = CARTESIAN_POINT('',(-10.62803346877,34.944166071054,
    26.850893658244));
#3700 = CARTESIAN_POINT('',(-10.66324299666,34.945034048178,
    26.812806676548));
#3701 = CARTESIAN_POINT('',(-10.6989404613,34.94547734938,
    26.775639587578));
#3702 = CARTESIAN_POINT('',(-10.77255293212,34.945515061853,
    26.701902093681));
#3703 = CARTESIAN_POINT('',(-10.81048944249,34.94509030533,
    26.665373721399));
#3704 = CARTESIAN_POINT('',(-10.84937773081,34.944222362692,
    26.629362818175));
#3705 = CARTESIAN_POINT('',(-10.88945804605,34.942892748997,
    26.593689939005));
#3706 = CARTESIAN_POINT('',(-10.93097256839,34.941065393217,
    26.55823151113));
#3707 = CARTESIAN_POINT('',(-10.99093433004,34.937768634159,
    26.509191574613));
#3708 = CARTESIAN_POINT('',(-11.00798999827,34.936761867122,
    26.495470879899));
#3709 = CARTESIAN_POINT('',(-11.02530481448,34.935669646106,
    26.481773683231));
#3710 = CARTESIAN_POINT('',(-11.04288854597,34.934489063374,
    26.468099709969));
#3711 = CARTESIAN_POINT('',(-11.06074918417,34.93321711494,
    26.454450751588));
#3712 = CARTESIAN_POINT('',(-11.11803605555,34.928902816097,
    26.41144687087));
#3713 = CARTESIAN_POINT('',(-11.15850150979,34.925514959726,
    26.382193828379));
#3714 = CARTESIAN_POINT('',(-11.20034025189,34.921657419233,
    26.353117045092));
#3715 = CARTESIAN_POINT('',(-11.24356432666,34.917300534808,
    26.324299951412));
#3716 = CARTESIAN_POINT('',(-11.28813597621,34.912420759086,
    26.295854691562));
#3717 = CARTESIAN_POINT('',(-11.41773380425,34.897107873414,
    26.2168251506));
#3718 = CARTESIAN_POINT('',(-11.50571082245,34.885420360504,
    26.167405006449));
#3719 = CARTESIAN_POINT('',(-11.59730718151,34.871871109888,
    26.120447969978));
#3720 = CARTESIAN_POINT('',(-11.69175853765,34.856470706528,
    26.076646477147));
#3721 = CARTESIAN_POINT('',(-11.78833562096,34.839300623969,
    26.036417449955));
#3722 = CARTESIAN_POINT('',(-11.88644712743,34.820454023893,26.));
#3723 = PCURVE('',#334,#3724);
#3724 = DEFINITIONAL_REPRESENTATION('',(#3725),#3768);
#3725 = B_SPLINE_CURVE_WITH_KNOTS('',6,(#3726,#3727,#3728,#3729,#3730,
    #3731,#3732,#3733,#3734,#3735,#3736,#3737,#3738,#3739,#3740,#3741,
    #3742,#3743,#3744,#3745,#3746,#3747,#3748,#3749,#3750,#3751,#3752,
    #3753,#3754,#3755,#3756,#3757,#3758,#3759,#3760,#3761,#3762,#3763,
    #3764,#3765,#3766,#3767),.UNSPECIFIED.,.F.,.F.,(7,5,5,5,5,5,5,5,7),(
    0.,0.204983383121,0.316849784375,0.368704908758,0.498856731848,
    0.631922524062,0.68375071906,0.795564187649,1.),.UNSPECIFIED.);
#3726 = CARTESIAN_POINT('',(1.926217528485,72.820454023893));
#3727 = CARTESIAN_POINT('',(1.959008807627,72.839351016087));
#3728 = CARTESIAN_POINT('',(1.991765146138,72.856562654148));
#3729 = CARTESIAN_POINT('',(2.024348589217,72.871994834286));
#3730 = CARTESIAN_POINT('',(2.056561593142,72.885565398151));
#3731 = CARTESIAN_POINT('',(2.088152604398,72.8972641762));
#3732 = CARTESIAN_POINT('',(2.135660516264,72.912569040716));
#3733 = CARTESIAN_POINT('',(2.152181292972,72.917438030406));
#3734 = CARTESIAN_POINT('',(2.168410764214,72.921784032092));
#3735 = CARTESIAN_POINT('',(2.184327852071,72.925630750209));
#3736 = CARTESIAN_POINT('',(2.199928113425,72.929007968116));
#3737 = CARTESIAN_POINT('',(2.222312030496,72.933307108556));
#3738 = CARTESIAN_POINT('',(2.229336293405,72.934574341228));
#3739 = CARTESIAN_POINT('',(2.236296713081,72.935750256154));
#3740 = CARTESIAN_POINT('',(2.243195569086,72.936837860015));
#3741 = CARTESIAN_POINT('',(2.250035922558,72.937840060198));
#3742 = CARTESIAN_POINT('',(2.273853113312,72.941067791826));
#3743 = CARTESIAN_POINT('',(2.290537661042,72.942855058933));
#3744 = CARTESIAN_POINT('',(2.306940572592,72.944166071054));
#3745 = CARTESIAN_POINT('',(2.323144990457,72.945034048178));
#3746 = CARTESIAN_POINT('',(2.339246211703,72.94547734938));
#3747 = CARTESIAN_POINT('',(2.37180627319,72.945515061853));
#3748 = CARTESIAN_POINT('',(2.388260572368,72.94509030533));
#3749 = CARTESIAN_POINT('',(2.404818596912,72.944222362692));
#3750 = CARTESIAN_POINT('',(2.421581062391,72.942892748997));
#3751 = CARTESIAN_POINT('',(2.43863851712,72.941065393217));
#3752 = CARTESIAN_POINT('',(2.46284532513,72.937768634159));
#3753 = CARTESIAN_POINT('',(2.469685594672,72.936761867122));
#3754 = CARTESIAN_POINT('',(2.476584461806,72.935669646106));
#3755 = CARTESIAN_POINT('',(2.483544955991,72.934489063374));
#3756 = CARTESIAN_POINT('',(2.49056932424,72.93321711494));
#3757 = CARTESIAN_POINT('',(2.512954271813,72.928902816097));
#3758 = CARTESIAN_POINT('',(2.528555480613,72.925514959726));
#3759 = CARTESIAN_POINT('',(2.544473200218,72.921657419233));
#3760 = CARTESIAN_POINT('',(2.560702689438,72.917300534809));
#3761 = CARTESIAN_POINT('',(2.577222657288,72.912420759086));
#3762 = CARTESIAN_POINT('',(2.624658124734,72.897107873414));
#3763 = CARTESIAN_POINT('',(2.656171538736,72.885420360504));
#3764 = CARTESIAN_POINT('',(2.688301536148,72.871871109888));
#3765 = CARTESIAN_POINT('',(2.720798780438,72.856470706528));
#3766 = CARTESIAN_POINT('',(2.753467616408,72.839300623969));
#3767 = CARTESIAN_POINT('',(2.7861714519,72.820454023893));
#3768 = ( GEOMETRIC_REPRESENTATION_CONTEXT(2) 
PARAMETRIC_REPRESENTATION_CONTEXT() REPRESENTATION_CONTEXT('2D SPACE',''
  ) );
#3769 = PCURVE('',#2616,#3770);
#3770 = DEFINITIONAL_REPRESENTATION('',(#3771),#3814);
#3771 = B_SPLINE_CURVE_WITH_KNOTS('',6,(#3772,#3773,#3774,#3775,#3776,
    #3777,#3778,#3779,#3780,#3781,#3782,#3783,#3784,#3785,#3786,#3787,
    #3788,#3789,#3790,#3791,#3792,#3793,#3794,#3795,#3796,#3797,#3798,
    #3799,#3800,#3801,#3802,#3803,#3804,#3805,#3806,#3807,#3808,#3809,
    #3810,#3811,#3812,#3813),.UNSPECIFIED.,.F.,.F.,(7,5,5,5,5,5,5,5,7),(
    0.,0.204983383121,0.316849784375,0.368704908758,0.498856731848,
    0.631922524062,0.68375071906,0.795564187649,1.),.UNSPECIFIED.);
#3772 = CARTESIAN_POINT('',(-1.570796326795,-1.381014429462));
#3773 = CARTESIAN_POINT('',(-1.551439927905,-1.391031668705));
#3774 = CARTESIAN_POINT('',(-1.527629350189,-1.400782489785));
#3775 = CARTESIAN_POINT('',(-1.498544970503,-1.410155357209));
#3776 = CARTESIAN_POINT('',(-1.46327603052,-1.419005067596));
#3777 = CARTESIAN_POINT('',(-1.420965604517,-1.427146883607));
#3778 = CARTESIAN_POINT('',(-1.344977348834,-1.43840511453));
#3779 = CARTESIAN_POINT('',(-1.316105080931,-1.4421249525));
#3780 = CARTESIAN_POINT('',(-1.285215336594,-1.445564934043));
#3781 = CARTESIAN_POINT('',(-1.252406373562,-1.448707541909));
#3782 = CARTESIAN_POINT('',(-1.217841221739,-1.451542101846));
#3783 = CARTESIAN_POINT('',(-1.165006502018,-1.455233392228));
#3784 = CARTESIAN_POINT('',(-1.147941109906,-1.456335446011));
#3785 = CARTESIAN_POINT('',(-1.130565622775,-1.457370061328));
#3786 = CARTESIAN_POINT('',(-1.112902129833,-1.45833708576));
#3787 = CARTESIAN_POINT('',(-1.094973725895,-1.459236573204));
#3788 = CARTESIAN_POINT('',(-1.031201373397,-1.462157559834));
#3789 = CARTESIAN_POINT('',(-0.984086211828,-1.463822076908));
#3790 = CARTESIAN_POINT('',(-0.935824757517,-1.465066774725));
#3791 = CARTESIAN_POINT('',(-0.88680587504,-1.465898889688));
#3792 = CARTESIAN_POINT('',(-0.837414110713,-1.466324062821));
#3793 = CARTESIAN_POINT('',(-0.737484088148,-1.46636023281));
#3794 = CARTESIAN_POINT('',(-0.686959636583,-1.465952840761));
#3795 = CARTESIAN_POINT('',(-0.63680790461,-1.465120130317));
#3796 = CARTESIAN_POINT('',(-0.587434541442,-1.463856722297));
#3797 = CARTESIAN_POINT('',(-0.539260723381,-1.462154237313));
#3798 = CARTESIAN_POINT('',(-0.474528826579,-1.459172406622));
#3799 = CARTESIAN_POINT('',(-0.456625338072,-1.458269343286));
#3800 = CARTESIAN_POINT('',(-0.438987604535,-1.457298807624));
#3801 = CARTESIAN_POINT('',(-0.421638656712,-1.456260752333));
#3802 = CARTESIAN_POINT('',(-0.404600507165,-1.455155337805));
#3803 = CARTESIAN_POINT('',(-0.351852074895,-1.451453599492));
#3804 = CARTESIAN_POINT('',(-0.317348354959,-1.448612245328));
#3805 = CARTESIAN_POINT('',(-0.284602968698,-1.445463320226));
#3806 = CARTESIAN_POINT('',(-0.253777717416,-1.4420176049));
#3807 = CARTESIAN_POINT('',(-0.224969547592,-1.43829270218));
#3808 = CARTESIAN_POINT('',(-0.149266455106,-1.427038148709));
#3809 = CARTESIAN_POINT('',(-0.107143669303,-1.418910506393));
#3810 = CARTESIAN_POINT('',(-7.201842679014E-02,-1.410080229635));
#3811 = CARTESIAN_POINT('',(-4.303985929009E-02,-1.400730408046));
#3812 = CARTESIAN_POINT('',(-1.930478168487E-02,-1.391004955993));
#3813 = CARTESIAN_POINT('',(0.,-1.381014429462));
#3814 = ( GEOMETRIC_REPRESENTATION_CONTEXT(2) 
PARAMETRIC_REPRESENTATION_CONTEXT() REPRESENTATION_CONTEXT('2D SPACE',''
  ) );
#3815 = ORIENTED_EDGE('',*,*,#3816,.F.);
#3816 = EDGE_CURVE('',#3200,#3677,#3817,.T.);
#3817 = SURFACE_CURVE('',#3818,(#3831,#3847),.PCURVE_S1.);
#3818 = B_SPLINE_CURVE_WITH_KNOTS('',6,(#3819,#3820,#3821,#3822,#3823,
    #3824,#3825,#3826,#3827,#3828,#3829,#3830),.UNSPECIFIED.,.F.,.F.,(7,
    5,7),(0.,0.446555234872,1.),.UNSPECIFIED.);
#3819 = CARTESIAN_POINT('',(-10.0000006,34.114750104415,30.113554489012)
  );
#3820 = CARTESIAN_POINT('',(-9.945758370543,34.180700850739,
    29.967421850304));
#3821 = CARTESIAN_POINT('',(-9.898936234388,34.246063148394,
    29.815094821135));
#3822 = CARTESIAN_POINT('',(-9.860505081979,34.310141976102,
    29.657164940496));
#3823 = CARTESIAN_POINT('',(-9.831338217443,34.372289061116,
    29.494308939555));
#3824 = CARTESIAN_POINT('',(-9.812220009127,34.431928946876,
    29.327299590909));
#3825 = CARTESIAN_POINT('',(-9.79348667374,34.558802644382,
    28.94597378894));
#3826 = CARTESIAN_POINT('',(-9.799642439814,34.624384095858,
    28.73006170001));
#3827 = CARTESIAN_POINT('',(-9.823694173025,34.683858144519,
    28.512700219779));
#3828 = CARTESIAN_POINT('',(-9.865878498455,34.736383973418,
    28.29740328849));
#3829 = CARTESIAN_POINT('',(-9.925326514892,34.781809425299,
    28.087623102861));
#3830 = CARTESIAN_POINT('',(-10.0000006,34.820454334402,27.886445510988)
  );
#3831 = PCURVE('',#334,#3832);
#3832 = DEFINITIONAL_REPRESENTATION('',(#3833),#3846);
#3833 = B_SPLINE_CURVE_WITH_KNOTS('',6,(#3834,#3835,#3836,#3837,#3838,
    #3839,#3840,#3841,#3842,#3843,#3844,#3845),.UNSPECIFIED.,.F.,.F.,(7,
    5,7),(0.,0.446555234872,1.),.UNSPECIFIED.);
#3834 = CARTESIAN_POINT('',(1.215374586289,72.114750104415));
#3835 = CARTESIAN_POINT('',(1.264085475601,72.180700850739));
#3836 = CARTESIAN_POINT('',(1.313804159053,72.246063148394));
#3837 = CARTESIAN_POINT('',(1.364460135509,72.310141976102));
#3838 = CARTESIAN_POINT('',(1.416010504083,72.372289061116));
#3839 = CARTESIAN_POINT('',(1.468431318521,72.431928946876));
#3840 = CARTESIAN_POINT('',(1.587739343377,72.558802644382));
#3841 = CARTESIAN_POINT('',(1.655036157711,72.624384095858));
#3842 = CARTESIAN_POINT('',(1.723029456481,72.683858144519));
#3843 = CARTESIAN_POINT('',(1.79123518519,72.736383973418));
#3844 = CARTESIAN_POINT('',(1.859158856598,72.781809425299));
#3845 = CARTESIAN_POINT('',(1.926218067301,72.820454334402));
#3846 = ( GEOMETRIC_REPRESENTATION_CONTEXT(2) 
PARAMETRIC_REPRESENTATION_CONTEXT() REPRESENTATION_CONTEXT('2D SPACE',''
  ) );
#3847 = PCURVE('',#3848,#3853);
#3848 = CYLINDRICAL_SURFACE('',#3849,10.);
#3849 = AXIS2_PLACEMENT_3D('',#3850,#3851,#3852);
#3850 = CARTESIAN_POINT('',(-20.,25.,26.));
#3851 = DIRECTION('',(1.,0.,0.));
#3852 = DIRECTION('',(-0.,1.,0.));
#3853 = DEFINITIONAL_REPRESENTATION('',(#3854),#3867);
#3854 = B_SPLINE_CURVE_WITH_KNOTS('',6,(#3855,#3856,#3857,#3858,#3859,
    #3860,#3861,#3862,#3863,#3864,#3865,#3866),.UNSPECIFIED.,.F.,.F.,(7,
    5,7),(0.,0.446555234872,1.),.UNSPECIFIED.);
#3855 = CARTESIAN_POINT('',(0.423940657918,9.9999994));
#3856 = CARTESIAN_POINT('',(0.407908113193,10.054241629457));
#3857 = CARTESIAN_POINT('',(0.391335152637,10.101063765612));
#3858 = CARTESIAN_POINT('',(0.37429695759,10.139494918021));
#3859 = CARTESIAN_POINT('',(0.356871775144,10.168661782557));
#3860 = CARTESIAN_POINT('',(0.339142130068,10.187779990873));
#3861 = CARTESIAN_POINT('',(0.298954283352,10.20651332626));
#3862 = CARTESIAN_POINT('',(0.276396843065,10.200357560186));
#3863 = CARTESIAN_POINT('',(0.253875005883,10.176305826975));
#3864 = CARTESIAN_POINT('',(0.231725613512,10.134121501545));
#3865 = CARTESIAN_POINT('',(0.210267301427,10.074673485108));
#3866 = CARTESIAN_POINT('',(0.189781732733,9.9999994));
#3867 = ( GEOMETRIC_REPRESENTATION_CONTEXT(2) 
PARAMETRIC_REPRESENTATION_CONTEXT() REPRESENTATION_CONTEXT('2D SPACE',''
  ) );
#3868 = FACE_BOUND('',#3869,.F.);
#3869 = EDGE_LOOP('',(#3870,#3891,#3892,#3893,#3914,#4270,#4296));
#3870 = ORIENTED_EDGE('',*,*,#3871,.F.);
#3871 = EDGE_CURVE('',#1759,#3872,#3874,.T.);
#3872 = VERTEX_POINT('',#3873);
#3873 = CARTESIAN_POINT('',(-15.67769801702,22.,27.247877478714));
#3874 = SURFACE_CURVE('',#3875,(#3879,#3885),.PCURVE_S1.);
#3875 = LINE('',#3876,#3877);
#3876 = CARTESIAN_POINT('',(-15.67769801702,-30.,27.247877478714));
#3877 = VECTOR('',#3878,1.);
#3878 = DIRECTION('',(0.,1.,0.));
#3879 = PCURVE('',#334,#3880);
#3880 = DEFINITIONAL_REPRESENTATION('',(#3881),#3884);
#3881 = B_SPLINE_CURVE_WITH_KNOTS('',1,(#3882,#3883),.UNSPECIFIED.,.F.,
  .F.,(2,2),(7.9999994,52.0000006),.PIECEWISE_BEZIER_KNOTS.);
#3882 = CARTESIAN_POINT('',(4.132969468449,15.9999994));
#3883 = CARTESIAN_POINT('',(4.132969468449,60.0000006));
#3884 = ( GEOMETRIC_REPRESENTATION_CONTEXT(2) 
PARAMETRIC_REPRESENTATION_CONTEXT() REPRESENTATION_CONTEXT('2D SPACE',''
  ) );
#3885 = PCURVE('',#2011,#3886);
#3886 = DEFINITIONAL_REPRESENTATION('',(#3887),#3890);
#3887 = B_SPLINE_CURVE_WITH_KNOTS('',1,(#3888,#3889),.UNSPECIFIED.,.F.,
  .F.,(2,2),(7.9999994,52.0000006),.PIECEWISE_BEZIER_KNOTS.);
#3888 = CARTESIAN_POINT('',(0.284819976238,7.9999994));
#3889 = CARTESIAN_POINT('',(0.284819976238,52.0000006));
#3890 = ( GEOMETRIC_REPRESENTATION_CONTEXT(2) 
PARAMETRIC_REPRESENTATION_CONTEXT() REPRESENTATION_CONTEXT('2D SPACE',''
  ) );
#3891 = ORIENTED_EDGE('',*,*,#1758,.T.);
#3892 = ORIENTED_EDGE('',*,*,#1415,.F.);
#3893 = ORIENTED_EDGE('',*,*,#3894,.F.);
#3894 = EDGE_CURVE('',#3895,#1361,#3897,.T.);
#3895 = VERTEX_POINT('',#3896);
#3896 = CARTESIAN_POINT('',(-15.67769801702,-22.,27.247877478714));
#3897 = SURFACE_CURVE('',#3898,(#3902,#3908),.PCURVE_S1.);
#3898 = LINE('',#3899,#3900);
#3899 = CARTESIAN_POINT('',(-15.67769801702,-30.,27.247877478714));
#3900 = VECTOR('',#3901,1.);
#3901 = DIRECTION('',(0.,1.,0.));
#3902 = PCURVE('',#334,#3903);
#3903 = DEFINITIONAL_REPRESENTATION('',(#3904),#3907);
#3904 = B_SPLINE_CURVE_WITH_KNOTS('',1,(#3905,#3906),.UNSPECIFIED.,.F.,
  .F.,(2,2),(7.9999994,52.0000006),.PIECEWISE_BEZIER_KNOTS.);
#3905 = CARTESIAN_POINT('',(4.132969468449,15.9999994));
#3906 = CARTESIAN_POINT('',(4.132969468449,60.0000006));
#3907 = ( GEOMETRIC_REPRESENTATION_CONTEXT(2) 
PARAMETRIC_REPRESENTATION_CONTEXT() REPRESENTATION_CONTEXT('2D SPACE',''
  ) );
#3908 = PCURVE('',#1394,#3909);
#3909 = DEFINITIONAL_REPRESENTATION('',(#3910),#3913);
#3910 = B_SPLINE_CURVE_WITH_KNOTS('',1,(#3911,#3912),.UNSPECIFIED.,.F.,
  .F.,(2,2),(7.9999994,52.0000006),.PIECEWISE_BEZIER_KNOTS.);
#3911 = CARTESIAN_POINT('',(0.284819976238,7.9999994));
#3912 = CARTESIAN_POINT('',(0.284819976238,52.0000006));
#3913 = ( GEOMETRIC_REPRESENTATION_CONTEXT(2) 
PARAMETRIC_REPRESENTATION_CONTEXT() REPRESENTATION_CONTEXT('2D SPACE',''
  ) );
#3914 = ORIENTED_EDGE('',*,*,#3915,.F.);
#3915 = EDGE_CURVE('',#3916,#3895,#3918,.T.);
#3916 = VERTEX_POINT('',#3917);
#3917 = CARTESIAN_POINT('',(-11.87839954394,-22.,31.997000570067));
#3918 = SURFACE_CURVE('',#3919,(#4034,#4152),.PCURVE_S1.);
#3919 = B_SPLINE_CURVE_WITH_KNOTS('',8,(#3920,#3921,#3922,#3923,#3924,
    #3925,#3926,#3927,#3928,#3929,#3930,#3931,#3932,#3933,#3934,#3935,
    #3936,#3937,#3938,#3939,#3940,#3941,#3942,#3943,#3944,#3945,#3946,
    #3947,#3948,#3949,#3950,#3951,#3952,#3953,#3954,#3955,#3956,#3957,
    #3958,#3959,#3960,#3961,#3962,#3963,#3964,#3965,#3966,#3967,#3968,
    #3969,#3970,#3971,#3972,#3973,#3974,#3975,#3976,#3977,#3978,#3979,
    #3980,#3981,#3982,#3983,#3984,#3985,#3986,#3987,#3988,#3989,#3990,
    #3991,#3992,#3993,#3994,#3995,#3996,#3997,#3998,#3999,#4000,#4001,
    #4002,#4003,#4004,#4005,#4006,#4007,#4008,#4009,#4010,#4011,#4012,
    #4013,#4014,#4015,#4016,#4017,#4018,#4019,#4020,#4021,#4022,#4023,
    #4024,#4025,#4026,#4027,#4028,#4029,#4030,#4031,#4032,#4033),
  .UNSPECIFIED.,.F.,.F.,(9,7,7,7,7,7,7,7,7,7,7,7,7,7,7,7,9),(0.,
    0.142720667591,0.257862748492,0.338959532921,0.393605900776,
    0.442572539227,0.463754794279,0.475896262775,0.500926977068,
    0.523954745119,0.534500881854,0.552196983835,0.588577860761,
    0.644233077753,0.694986680551,0.849012431073,1.),.UNSPECIFIED.);
#3920 = CARTESIAN_POINT('',(-11.87839954394,-22.,31.997000570067));
#3921 = CARTESIAN_POINT('',(-11.87839954394,-22.32757970674,
    31.997000570067));
#3922 = CARTESIAN_POINT('',(-11.8595246608,-22.65469396913,
    31.989935064089));
#3923 = CARTESIAN_POINT('',(-11.82186353667,-22.9807389042,
    31.975843850182));
#3924 = CARTESIAN_POINT('',(-11.76617939724,-23.30518344472,
    31.954244789551));
#3925 = CARTESIAN_POINT('',(-11.69383844021,-23.62756659319,
    31.924150364721));
#3926 = CARTESIAN_POINT('',(-11.60663173842,-23.94747776905,
    31.884238932598));
#3927 = CARTESIAN_POINT('',(-11.50660680154,-24.26453183455,
    31.833038704625));
#3928 = CARTESIAN_POINT('',(-11.30681133339,-24.83152829795,
    31.717304152492));
#3929 = CARTESIAN_POINT('',(-11.21073042709,-25.08258885256,
    31.657260739443));
#3930 = CARTESIAN_POINT('',(-11.10893458421,-25.33143686981,
    31.58800927683));
#3931 = CARTESIAN_POINT('',(-11.00266585523,-25.57792211364,
    31.508662219427));
#3932 = CARTESIAN_POINT('',(-10.8932635625,-25.82183912665,
    31.41831217676));
#3933 = CARTESIAN_POINT('',(-10.78217198768,-26.06292946957,
    31.316051339649));
#3934 = CARTESIAN_POINT('',(-10.67096799454,-26.30088434179,
    31.200960749535));
#3935 = CARTESIAN_POINT('',(-10.48427758699,-26.70048111171,
    30.981246399827));
#3936 = CARTESIAN_POINT('',(-10.40797969413,-26.86382519014,
    30.883621939461));
#3937 = CARTESIAN_POINT('',(-10.33314795005,-27.02527018527,
    30.778822567697));
#3938 = CARTESIAN_POINT('',(-10.26046908851,-27.18463972228,
    30.666509471216));
#3939 = CARTESIAN_POINT('',(-10.19071921857,-27.34169240216,
    30.546357220392));
#3940 = CARTESIAN_POINT('',(-10.12477084173,-27.49612589149,
    30.418061699762));
#3941 = CARTESIAN_POINT('',(-10.06360976799,-27.64757756919,
    30.281335733801));
#3942 = CARTESIAN_POINT('',(-9.971165008731,-27.89537365971,
    30.037858816173));
#3943 = CARTESIAN_POINT('',(-9.936654248517,-27.99355021547,
    29.935905622752));
#3944 = CARTESIAN_POINT('',(-9.905193617099,-28.09002276657,
    29.829923002073));
#3945 = CARTESIAN_POINT('',(-9.877174086843,-28.18462153982,
    29.71984227694));
#3946 = CARTESIAN_POINT('',(-9.853030287739,-28.27713563123,
    29.605625882345));
#3947 = CARTESIAN_POINT('',(-9.83324111809,-28.36731484704,
    29.487271062542));
#3948 = CARTESIAN_POINT('',(-9.818333046631,-28.45486958082,
    29.364810655465));
#3949 = CARTESIAN_POINT('',(-9.800421043454,-28.61527496819,
    29.12495915587));
#3950 = CARTESIAN_POINT('',(-9.796343740261,-28.68868285391,
    29.008401735999));
#3951 = CARTESIAN_POINT('',(-9.797066747368,-28.75946148159,
    28.888682431157));
#3952 = CARTESIAN_POINT('',(-9.803042295073,-28.82731449987,
    28.7659220194));
#3953 = CARTESIAN_POINT('',(-9.814750880058,-28.89188883675,
    28.640327467926));
#3954 = CARTESIAN_POINT('',(-9.832684529972,-28.95278367284,
    28.512200229593));
#3955 = CARTESIAN_POINT('',(-9.857324745588,-29.00955965933,
    28.381943698614));
#3956 = CARTESIAN_POINT('',(-9.902867174017,-29.08432446181,
    28.193023107375));
#3957 = CARTESIAN_POINT('',(-9.917955407419,-29.10603908179,
    28.135681414798));
#3958 = CARTESIAN_POINT('',(-9.934413866026,-29.12685305162,
    28.07809076829));
#3959 = CARTESIAN_POINT('',(-9.952274371347,-29.14672581078,
    28.020302869861));
#3960 = CARTESIAN_POINT('',(-9.971565440555,-29.16561603624,
    27.962375092411));
#3961 = CARTESIAN_POINT('',(-9.992311205912,-29.18348225161,
    27.904370469212));
#3962 = CARTESIAN_POINT('',(-10.01453033419,-29.20028343619,
    27.846357683398));
#3963 = CARTESIAN_POINT('',(-10.05182220577,-29.22497654638,
    27.755196598855));
#3964 = CARTESIAN_POINT('',(-10.06589743256,-29.23361047922,
    27.722003843369));
#3965 = CARTESIAN_POINT('',(-10.08046298556,-29.2418737925,
    27.688846938974));
#3966 = CARTESIAN_POINT('',(-10.09552037671,-29.24975910841,
    27.655740495999));
#3967 = CARTESIAN_POINT('',(-10.11107027077,-29.25725931139,
    27.622699587117));
#3968 = CARTESIAN_POINT('',(-10.12711248536,-29.26436754812,
    27.589739747345));
#3969 = CARTESIAN_POINT('',(-10.14364599096,-29.27107722751,
    27.556876974047));
#3970 = CARTESIAN_POINT('',(-10.19576317031,-29.2903799112,
    27.456612249028));
#3971 = CARTESIAN_POINT('',(-10.23294040964,-29.30165826889,
    27.389573133433));
#3972 = CARTESIAN_POINT('',(-10.27217949643,-29.31116095686,
    27.323161486908));
#3973 = CARTESIAN_POINT('',(-10.31344429436,-29.3188405445,
    27.257528007547));
#3974 = CARTESIAN_POINT('',(-10.35668222731,-29.32465951748,
    27.192821984764));
#3975 = CARTESIAN_POINT('',(-10.40182284354,-29.32859148791,
    27.129190299282));
#3976 = CARTESIAN_POINT('',(-10.44877637975,-29.33062240428,
    27.066776423124));
#3977 = CARTESIAN_POINT('',(-10.5421948444,-29.33087076784,
    26.94954816941));
#3978 = CARTESIAN_POINT('',(-10.58840365499,-29.32938040397,
    26.894518475576));
#3979 = CARTESIAN_POINT('',(-10.6359735842,-29.32628009086,
    26.840738214955));
#3980 = CARTESIAN_POINT('',(-10.68481269505,-29.32157894224,
    26.788302040804));
#3981 = CARTESIAN_POINT('',(-10.73482308439,-29.31529503637,
    26.737292065688));
#3982 = CARTESIAN_POINT('',(-10.78590168083,-29.30745468771,
    26.687778544385));
#3983 = CARTESIAN_POINT('',(-10.83794104266,-29.29809171858,
    26.639820556786));
#3984 = CARTESIAN_POINT('',(-10.91505203512,-29.28228000004,
    26.572237789769));
#3985 = CARTESIAN_POINT('',(-10.93945289408,-29.27700226497,
    26.551344719013));
#3986 = CARTESIAN_POINT('',(-10.9640224374,-29.27141738245,
    26.530791753353));
#3987 = CARTESIAN_POINT('',(-10.98875047481,-29.26552939636,
    26.510582613589));
#3988 = CARTESIAN_POINT('',(-11.01362692101,-29.25934253763,
    26.490720466496));
#3989 = CARTESIAN_POINT('',(-11.03864179572,-29.25286122423,
    26.471207924826));
#3990 = CARTESIAN_POINT('',(-11.06378522367,-29.2460900612,
    26.452047047308));
#3991 = CARTESIAN_POINT('',(-11.1314366688,-29.22719371345,
    26.401680566097));
#3992 = CARTESIAN_POINT('',(-11.17416055511,-29.21455086102,
    26.371116167865));
#3993 = CARTESIAN_POINT('',(-11.21717322139,-29.20112767905,
    26.341553435141));
#3994 = CARTESIAN_POINT('',(-11.26043054078,-29.1869474299,
    26.312995454246));
#3995 = CARTESIAN_POINT('',(-11.30389027761,-29.17203395379,
    26.285441575102));
#3996 = CARTESIAN_POINT('',(-11.34751223328,-29.15641137985,
    26.258887879713));
#3997 = CARTESIAN_POINT('',(-11.39125839223,-29.14010383736,
    26.23332765064));
#3998 = CARTESIAN_POINT('',(-11.52521144188,-29.08824979427,
    26.158227178042));
#3999 = CARTESIAN_POINT('',(-11.61569549969,-29.0505733684,
    26.111867963098));
#4000 = CARTESIAN_POINT('',(-11.7062469704,-29.01030963904,
    26.069586833451));
#4001 = CARTESIAN_POINT('',(-11.79660307263,-28.96765776314,
    26.031260700848));
#4002 = CARTESIAN_POINT('',(-11.88653726511,-28.92280735212,
    25.996742257134));
#4003 = CARTESIAN_POINT('',(-11.97585942732,-28.87593413868,
    25.965869446241));
#4004 = CARTESIAN_POINT('',(-12.06441546996,-28.82719626325,
    25.938472900998));
#4005 = CARTESIAN_POINT('',(-12.28620472788,-28.69953004051,
    25.877526246674));
#4006 = CARTESIAN_POINT('',(-12.41820253801,-28.61831509224,
    25.848419100149));
#4007 = CARTESIAN_POINT('',(-12.54768973893,-28.53356353117,
    25.826429110385));
#4008 = CARTESIAN_POINT('',(-12.67435832953,-28.44569480618,
    25.810957287678));
#4009 = CARTESIAN_POINT('',(-12.79798137594,-28.3550721376,
    25.801436962745));
#4010 = CARTESIAN_POINT('',(-12.91840922419,-28.26200104165,
    25.797337041727));
#4011 = CARTESIAN_POINT('',(-13.03556292437,-28.16672486092,
    25.7981680009));
#4012 = CARTESIAN_POINT('',(-13.25325886535,-27.98067972096,
    25.808344472472));
#4013 = CARTESIAN_POINT('',(-13.35432678762,-27.89027738201,
    25.816932129704));
#4014 = CARTESIAN_POINT('',(-13.45260003515,-27.79835912468,
    25.8289157841));
#4015 = CARTESIAN_POINT('',(-13.54806214081,-27.70505639683,
    25.843986068981));
#4016 = CARTESIAN_POINT('',(-13.64070983389,-27.61048392376,
    25.861857652899));
#4017 = CARTESIAN_POINT('',(-13.73055311275,-27.51473983219,
    25.882266255186));
#4018 = CARTESIAN_POINT('',(-13.81761432435,-27.41790522776,
    25.90496708384));
#4019 = CARTESIAN_POINT('',(-14.15779395251,-27.02305409807,
    26.004898818116));
#4020 = CARTESIAN_POINT('',(-14.38802052656,-26.71697580082,
    26.099002264111));
#4021 = CARTESIAN_POINT('',(-14.59392248536,-26.40327792312,
    26.205745870256));
#4022 = CARTESIAN_POINT('',(-14.77647160147,-26.08311520328,
    26.320260680231));
#4023 = CARTESIAN_POINT('',(-14.93690488555,-25.7573991876,
    26.438118267318));
#4024 = CARTESIAN_POINT('',(-15.07656032286,-25.42675875021,
    26.555432760224));
#4025 = CARTESIAN_POINT('',(-15.19689653853,-25.09152825323,
    26.668622361544));
#4026 = CARTESIAN_POINT('',(-15.39967002554,-24.41855167107,
    26.878110943569));
#4027 = CARTESIAN_POINT('',(-15.48272342788,-24.08126739952,
    26.974610898275));
#4028 = CARTESIAN_POINT('',(-15.54968653823,-23.74022931384,
    27.060715863708));
#4029 = CARTESIAN_POINT('',(-15.60171753285,-23.39592500303,
    27.133446202284));
#4030 = CARTESIAN_POINT('',(-15.6399023473,-23.04894726842,
    27.190117894106));
#4031 = CARTESIAN_POINT('',(-15.66509975533,-22.70001394722,
    27.228623622706));
#4032 = CARTESIAN_POINT('',(-15.67769801702,-22.35000859547,
    27.247877478714));
#4033 = CARTESIAN_POINT('',(-15.67769801702,-22.,27.247877478714));
#4034 = PCURVE('',#334,#4035);
#4035 = DEFINITIONAL_REPRESENTATION('',(#4036),#4151);
#4036 = B_SPLINE_CURVE_WITH_KNOTS('',8,(#4037,#4038,#4039,#4040,#4041,
    #4042,#4043,#4044,#4045,#4046,#4047,#4048,#4049,#4050,#4051,#4052,
    #4053,#4054,#4055,#4056,#4057,#4058,#4059,#4060,#4061,#4062,#4063,
    #4064,#4065,#4066,#4067,#4068,#4069,#4070,#4071,#4072,#4073,#4074,
    #4075,#4076,#4077,#4078,#4079,#4080,#4081,#4082,#4083,#4084,#4085,
    #4086,#4087,#4088,#4089,#4090,#4091,#4092,#4093,#4094,#4095,#4096,
    #4097,#4098,#4099,#4100,#4101,#4102,#4103,#4104,#4105,#4106,#4107,
    #4108,#4109,#4110,#4111,#4112,#4113,#4114,#4115,#4116,#4117,#4118,
    #4119,#4120,#4121,#4122,#4123,#4124,#4125,#4126,#4127,#4128,#4129,
    #4130,#4131,#4132,#4133,#4134,#4135,#4136,#4137,#4138,#4139,#4140,
    #4141,#4142,#4143,#4144,#4145,#4146,#4147,#4148,#4149,#4150),
  .UNSPECIFIED.,.F.,.F.,(9,7,7,7,7,7,7,7,7,7,7,7,7,7,7,7,9),(0.,
    0.142720667591,0.257862748492,0.338959532921,0.393605900776,
    0.442572539227,0.463754794279,0.475896262775,0.500926977068,
    0.523954745119,0.534500881854,0.552196983835,0.588577860761,
    0.644233077753,0.694986680551,0.849012431073,1.),.UNSPECIFIED.);
#4037 = CARTESIAN_POINT('',(0.358105069588,16.));
#4038 = CARTESIAN_POINT('',(0.358105069588,15.672420293256));
#4039 = CARTESIAN_POINT('',(0.364402793414,15.345306030863));
#4040 = CARTESIAN_POINT('',(0.3769694374,15.019261095797));
#4041 = CARTESIAN_POINT('',(0.395632378552,14.694816555273));
#4042 = CARTESIAN_POINT('',(0.420100360963,14.372433406809));
#4043 = CARTESIAN_POINT('',(0.450030298319,14.052522230949));
#4044 = CARTESIAN_POINT('',(0.485097827282,13.735468165442));
#4045 = CARTESIAN_POINT('',(0.557252660024,13.168471702048));
#4046 = CARTESIAN_POINT('',(0.592638789278,12.917411147438));
#4047 = CARTESIAN_POINT('',(0.631063830766,12.668563130187));
#4048 = CARTESIAN_POINT('',(0.672423233448,12.422077886359));
#4049 = CARTESIAN_POINT('',(0.716646787563,12.17816087335));
#4050 = CARTESIAN_POINT('',(0.763703480795,11.937070530428));
#4051 = CARTESIAN_POINT('',(0.813613313845,11.699115658201));
#4052 = CARTESIAN_POINT('',(0.90371292438,11.299518888283));
#4053 = CARTESIAN_POINT('',(0.942400092291,11.136174809855));
#4054 = CARTESIAN_POINT('',(0.982578023434,10.974729814728));
#4055 = CARTESIAN_POINT('',(1.024292493074,10.815360277711));
#4056 = CARTESIAN_POINT('',(1.067600438895,10.658307597837));
#4057 = CARTESIAN_POINT('',(1.112572430131,10.503874108506));
#4058 = CARTESIAN_POINT('',(1.159301301693,10.352422430807));
#4059 = CARTESIAN_POINT('',(1.240687631389,10.10462634029));
#4060 = CARTESIAN_POINT('',(1.274301438752,10.006449784528));
#4061 = CARTESIAN_POINT('',(1.308807601062,9.909977233427));
#4062 = CARTESIAN_POINT('',(1.344248282233,9.815378460175));
#4063 = CARTESIAN_POINT('',(1.380665752136,9.722864368769));
#4064 = CARTESIAN_POINT('',(1.418104325343,9.632685152953));
#4065 = CARTESIAN_POINT('',(1.456613906107,9.545130419179));
#4066 = CARTESIAN_POINT('',(1.531776218567,9.384725031808));
#4067 = CARTESIAN_POINT('',(1.5681941233,9.311317146081));
#4068 = CARTESIAN_POINT('',(1.605554061405,9.240538518407));
#4069 = CARTESIAN_POINT('',(1.643890430212,9.172685500123));
#4070 = CARTESIAN_POINT('',(1.683228033297,9.108111163246));
#4071 = CARTESIAN_POINT('',(1.723582281555,9.047216327159));
#4072 = CARTESIAN_POINT('',(1.764958378825,8.990440340661));
#4073 = CARTESIAN_POINT('',(1.825687270623,8.915675538185));
#4074 = CARTESIAN_POINT('',(1.844212528693,8.893960918202));
#4075 = CARTESIAN_POINT('',(1.862923139587,8.873146948373));
#4076 = CARTESIAN_POINT('',(1.881815955756,8.85327418922));
#4077 = CARTESIAN_POINT('',(1.900886670264,8.834383963756));
#4078 = CARTESIAN_POINT('',(1.920129678269,8.816517748384));
#4079 = CARTESIAN_POINT('',(1.939537938499,8.79971656381));
#4080 = CARTESIAN_POINT('',(1.970317248432,8.775023453611));
#4081 = CARTESIAN_POINT('',(1.981583111991,8.766389520777));
#4082 = CARTESIAN_POINT('',(1.992898778408,8.758126207499));
#4083 = CARTESIAN_POINT('',(2.004262433995,8.750240891586));
#4084 = CARTESIAN_POINT('',(2.01567209838,8.742740688606));
#4085 = CARTESIAN_POINT('',(2.027125624506,8.73563245188));
#4086 = CARTESIAN_POINT('',(2.038620698633,8.728922772489));
#4087 = CARTESIAN_POINT('',(2.073933496568,8.709620088791));
#4088 = CARTESIAN_POINT('',(2.097880311061,8.698341731107));
#4089 = CARTESIAN_POINT('',(2.121970741537,8.688839043132));
#4090 = CARTESIAN_POINT('',(2.146179560798,8.6811594555));
#4091 = CARTESIAN_POINT('',(2.170480323557,8.675340482512));
#4092 = CARTESIAN_POINT('',(2.194844833278,8.671408512089));
#4093 = CARTESIAN_POINT('',(2.219242609013,8.669377595712));
#4094 = CARTESIAN_POINT('',(2.266085799269,8.669129232152));
#4095 = CARTESIAN_POINT('',(2.288533917211,8.670619596024));
#4096 = CARTESIAN_POINT('',(2.310959029475,8.673719909136));
#4097 = CARTESIAN_POINT('',(2.333337310557,8.67842105776));
#4098 = CARTESIAN_POINT('',(2.355646431196,8.684704963629));
#4099 = CARTESIAN_POINT('',(2.377865203534,8.692545312286));
#4100 = CARTESIAN_POINT('',(2.399973226281,8.701908281416));
#4101 = CARTESIAN_POINT('',(2.432015580386,8.717719999956));
#4102 = CARTESIAN_POINT('',(2.44205351685,8.722997735022));
#4103 = CARTESIAN_POINT('',(2.4520626021,8.728582617546));
#4104 = CARTESIAN_POINT('',(2.462041192906,8.734470603639));
#4105 = CARTESIAN_POINT('',(2.471987739973,8.740657462369));
#4106 = CARTESIAN_POINT('',(2.481900787938,8.747138775761));
#4107 = CARTESIAN_POINT('',(2.49177897537,8.753909938797));
#4108 = CARTESIAN_POINT('',(2.518135716045,8.772806286543));
#4109 = CARTESIAN_POINT('',(2.534548710457,8.785449138971));
#4110 = CARTESIAN_POINT('',(2.5508540362,8.79887232095));
#4111 = CARTESIAN_POINT('',(2.567046553515,8.813052570091));
#4112 = CARTESIAN_POINT('',(2.583121896139,8.827966046208));
#4113 = CARTESIAN_POINT('',(2.599076402749,8.843588620149));
#4114 = CARTESIAN_POINT('',(2.614907048414,8.859896162636));
#4115 = CARTESIAN_POINT('',(2.662897424745,8.911750205727));
#4116 = CARTESIAN_POINT('',(2.694646567622,8.949426631591));
#4117 = CARTESIAN_POINT('',(2.725842178771,8.989690360955));
#4118 = CARTESIAN_POINT('',(2.756475478812,9.032342236855));
#4119 = CARTESIAN_POINT('',(2.786544039312,9.077192647875));
#4120 = CARTESIAN_POINT('',(2.81605085392,9.124065861316));
#4121 = CARTESIAN_POINT('',(2.845003976222,9.172803736748));
#4122 = CARTESIAN_POINT('',(2.91688235223,9.30046995949));
#4123 = CARTESIAN_POINT('',(2.95906745805,9.381684907754));
#4124 = CARTESIAN_POINT('',(3.000031754269,9.466436468826));
#4125 = CARTESIAN_POINT('',(3.039826424341,9.554305193818));
#4126 = CARTESIAN_POINT('',(3.078499821619,9.6449278624));
#4127 = CARTESIAN_POINT('',(3.116101445932,9.737998958343));
#4128 = CARTESIAN_POINT('',(3.152684197812,9.833275139074));
#4129 = CARTESIAN_POINT('',(3.220788468809,10.019320279039));
#4130 = CARTESIAN_POINT('',(3.252463065333,10.109722617985));
#4131 = CARTESIAN_POINT('',(3.283367027611,10.201640875313));
#4132 = CARTESIAN_POINT('',(3.313532092395,10.294943603167));
#4133 = CARTESIAN_POINT('',(3.342985687746,10.389516076236));
#4134 = CARTESIAN_POINT('',(3.371752543505,10.485260167807));
#4135 = CARTESIAN_POINT('',(3.399855630012,10.582094772231));
#4136 = CARTESIAN_POINT('',(3.510653751491,10.976945901926));
#4137 = CARTESIAN_POINT('',(3.587971402661,11.283024199175));
#4138 = CARTESIAN_POINT('',(3.659989792917,11.596722076877));
#4139 = CARTESIAN_POINT('',(3.726924783344,11.916884796718));
#4140 = CARTESIAN_POINT('',(3.788856861198,12.242600812399));
#4141 = CARTESIAN_POINT('',(3.845698964884,12.573241249783));
#4142 = CARTESIAN_POINT('',(3.897269029375,12.90847174677));
#4143 = CARTESIAN_POINT('',(3.988379020978,13.581448328927));
#4144 = CARTESIAN_POINT('',(4.028098234132,13.918732600477));
#4145 = CARTESIAN_POINT('',(4.062125880462,14.25977068616));
#4146 = CARTESIAN_POINT('',(4.090044997505,14.604074996969));
#4147 = CARTESIAN_POINT('',(4.111398895667,14.951052731574));
#4148 = CARTESIAN_POINT('',(4.125779007215,15.299986052776));
#4149 = CARTESIAN_POINT('',(4.132969468449,15.649991404525));
#4150 = CARTESIAN_POINT('',(4.132969468449,16.));
#4151 = ( GEOMETRIC_REPRESENTATION_CONTEXT(2) 
PARAMETRIC_REPRESENTATION_CONTEXT() REPRESENTATION_CONTEXT('2D SPACE',''
  ) );
#4152 = PCURVE('',#1333,#4153);
#4153 = DEFINITIONAL_REPRESENTATION('',(#4154),#4269);
#4154 = B_SPLINE_CURVE_WITH_KNOTS('',8,(#4155,#4156,#4157,#4158,#4159,
    #4160,#4161,#4162,#4163,#4164,#4165,#4166,#4167,#4168,#4169,#4170,
    #4171,#4172,#4173,#4174,#4175,#4176,#4177,#4178,#4179,#4180,#4181,
    #4182,#4183,#4184,#4185,#4186,#4187,#4188,#4189,#4190,#4191,#4192,
    #4193,#4194,#4195,#4196,#4197,#4198,#4199,#4200,#4201,#4202,#4203,
    #4204,#4205,#4206,#4207,#4208,#4209,#4210,#4211,#4212,#4213,#4214,
    #4215,#4216,#4217,#4218,#4219,#4220,#4221,#4222,#4223,#4224,#4225,
    #4226,#4227,#4228,#4229,#4230,#4231,#4232,#4233,#4234,#4235,#4236,
    #4237,#4238,#4239,#4240,#4241,#4242,#4243,#4244,#4245,#4246,#4247,
    #4248,#4249,#4250,#4251,#4252,#4253,#4254,#4255,#4256,#4257,#4258,
    #4259,#4260,#4261,#4262,#4263,#4264,#4265,#4266,#4267,#4268),
  .UNSPECIFIED.,.F.,.F.,(9,7,7,7,7,7,7,7,7,7,7,7,7,7,7,7,9),(0.,
    0.142720667591,0.257862748492,0.338959532921,0.393605900776,
    0.442572539227,0.463754794279,0.475896262775,0.500926977068,
    0.523954745119,0.534500881854,0.552196983835,0.588577860761,
    0.644233077753,0.694986680551,0.849012431073,1.),.UNSPECIFIED.);
#4155 = CARTESIAN_POINT('',(0.,-1.064661908209));
#4156 = CARTESIAN_POINT('',(-8.446259933555E-02,-1.064661908209));
#4157 = CARTESIAN_POINT('',(-0.168809737439,-1.06283999546));
#4158 = CARTESIAN_POINT('',(-0.252674570642,-1.059206914838));
#4159 = CARTESIAN_POINT('',(-0.335764044535,-1.053671632093));
#4160 = CARTESIAN_POINT('',(-0.417621529168,-1.046044452493));
#4161 = CARTESIAN_POINT('',(-0.497620619777,-1.036108467329));
#4162 = CARTESIAN_POINT('',(-0.575078796806,-1.023691196084));
#4163 = CARTESIAN_POINT('',(-0.709322979506,-0.996548334515));
#4164 = CARTESIAN_POINT('',(-0.767208395857,-0.982733034976));
#4165 = CARTESIAN_POINT('',(-0.822736873707,-0.967152548049));
#4166 = CARTESIAN_POINT('',(-0.875615342173,-0.949757104665));
#4167 = CARTESIAN_POINT('',(-0.925599956517,-0.93052281901));
#4168 = CARTESIAN_POINT('',(-0.972513002742,-0.909446779944));
#4169 = CARTESIAN_POINT('',(-1.016236294039,-0.88653470146));
#4170 = CARTESIAN_POINT('',(-1.085171977164,-0.844352297659));
#4171 = CARTESIAN_POINT('',(-1.112025047536,-0.826014475103));
#4172 = CARTESIAN_POINT('',(-1.13721788632,-0.806769584146));
#4173 = CARTESIAN_POINT('',(-1.160723168703,-0.786619810243));
#4174 = CARTESIAN_POINT('',(-1.18251149968,-0.76557009182));
#4175 = CARTESIAN_POINT('',(-1.202550586546,-0.743627419783));
#4176 = CARTESIAN_POINT('',(-1.220801792533,-0.720798460313));
#4177 = CARTESIAN_POINT('',(-1.248270346885,-0.681103775982));
#4178 = CARTESIAN_POINT('',(-1.258489250812,-0.664726445002));
#4179 = CARTESIAN_POINT('',(-1.267854276273,-0.647951575984));
#4180 = CARTESIAN_POINT('',(-1.276344019127,-0.630782389093));
#4181 = CARTESIAN_POINT('',(-1.283931651213,-0.613225785214));
#4182 = CARTESIAN_POINT('',(-1.290585277964,-0.595292273262));
#4183 = CARTESIAN_POINT('',(-1.296267389976,-0.576995532605));
#4184 = CARTESIAN_POINT('',(-1.305114459438,-0.541645464856));
#4185 = CARTESIAN_POINT('',(-1.308478274158,-0.524666114165));
#4186 = CARTESIAN_POINT('',(-1.310993851446,-0.507424283126));
#4187 = CARTESIAN_POINT('',(-1.312623386629,-0.489940554087));
#4188 = CARTESIAN_POINT('',(-1.313324361734,-0.472245532638));
#4189 = CARTESIAN_POINT('',(-1.313051609641,-0.454380132558));
#4190 = CARTESIAN_POINT('',(-1.311759352292,-0.436395980205));
#4191 = CARTESIAN_POINT('',(-1.308383981375,-0.410552078869));
#4192 = CARTESIAN_POINT('',(-1.307165802029,-0.402738810862));
#4193 = CARTESIAN_POINT('',(-1.305745280008,-0.394921839679));
#4194 = CARTESIAN_POINT('',(-1.304119178255,-0.387107503961));
#4195 = CARTESIAN_POINT('',(-1.30228454204,-0.379302769679));
#4196 = CARTESIAN_POINT('',(-1.300238823418,-0.371515224158));
#4197 = CARTESIAN_POINT('',(-1.297980005706,-0.36375307009));
#4198 = CARTESIAN_POINT('',(-1.294089068493,-0.351595531309));
#4199 = CARTESIAN_POINT('',(-1.292600959414,-0.347177177018));
#4200 = CARTESIAN_POINT('',(-1.291042134448,-0.34277173587));
#4201 = CARTESIAN_POINT('',(-1.289412416561,-0.338380934854));
#4202 = CARTESIAN_POINT('',(-1.287711717952,-0.33400654876));
#4203 = CARTESIAN_POINT('',(-1.285940040045,-0.329650400175));
#4204 = CARTESIAN_POINT('',(-1.284097473493,-0.325314359489));
#4205 = CARTESIAN_POINT('',(-1.278239811401,-0.312106621128));
#4206 = CARTESIAN_POINT('',(-1.273994569572,-0.30330570625));
#4207 = CARTESIAN_POINT('',(-1.269450608995,-0.294615332722));
#4208 = CARTESIAN_POINT('',(-1.264611666267,-0.28605295295));
#4209 = CARTESIAN_POINT('',(-1.259483303158,-0.277635669318));
#4210 = CARTESIAN_POINT('',(-1.254073131492,-0.269380164221));
#4211 = CARTESIAN_POINT('',(-1.248391038024,-0.261302630106));
#4212 = CARTESIAN_POINT('',(-1.236983227015,-0.246165637399));
#4213 = CARTESIAN_POINT('',(-1.231296725998,-0.239075552224));
#4214 = CARTESIAN_POINT('',(-1.22539946261,-0.232160555635));
#4215 = CARTESIAN_POINT('',(-1.219301816706,-0.22543107424));
#4216 = CARTESIAN_POINT('',(-1.213014931435,-0.218895968021));
#4217 = CARTESIAN_POINT('',(-1.206550653017,-0.212562648755));
#4218 = CARTESIAN_POINT('',(-1.199921470512,-0.206437198446));
#4219 = CARTESIAN_POINT('',(-1.190034921872,-0.197816615425));
#4220 = CARTESIAN_POINT('',(-1.18689744707,-0.195153283721));
#4221 = CARTESIAN_POINT('',(-1.183729238665,-0.192534909242));
#4222 = CARTESIAN_POINT('',(-1.180531496473,-0.189961843274));
#4223 = CARTESIAN_POINT('',(-1.177305412659,-0.187434371773));
#4224 = CARTESIAN_POINT('',(-1.17405217174,-0.18495271537));
#4225 = CARTESIAN_POINT('',(-1.170772950578,-0.182517029365));
#4226 = CARTESIAN_POINT('',(-1.161924851208,-0.1761176834));
#4227 = CARTESIAN_POINT('',(-1.156310900567,-0.172237650267));
#4228 = CARTESIAN_POINT('',(-1.150632554658,-0.168487752804));
#4229 = CARTESIAN_POINT('',(-1.14489512849,-0.164867948559));
#4230 = CARTESIAN_POINT('',(-1.139103743365,-0.161377761873));
#4231 = CARTESIAN_POINT('',(-1.133263306354,-0.158016341612));
#4232 = CARTESIAN_POINT('',(-1.127378489771,-0.154782518882));
#4233 = CARTESIAN_POINT('',(-1.10927313776,-0.145285933332));
#4234 = CARTESIAN_POINT('',(-1.096924798703,-0.139430860706));
#4235 = CARTESIAN_POINT('',(-1.084445502361,-0.134096114725));
#4236 = CARTESIAN_POINT('',(-1.071868199514,-0.129264259611));
#4237 = CARTESIAN_POINT('',(-1.059221800577,-0.124915282893));
#4238 = CARTESIAN_POINT('',(-1.046530993134,-0.121027682779));
#4239 = CARTESIAN_POINT('',(-1.03381605926,-0.117579315965));
#4240 = CARTESIAN_POINT('',(-1.001628573273,-0.109910728451));
#4241 = CARTESIAN_POINT('',(-0.982151846021,-0.10625115694));
#4242 = CARTESIAN_POINT('',(-0.962713870394,-0.103487704535));
#4243 = CARTESIAN_POINT('',(-0.943356476183,-0.101543889458));
#4244 = CARTESIAN_POINT('',(-0.924111607201,-0.100347941173));
#4245 = CARTESIAN_POINT('',(-0.905001089603,-9.983290537128E-02));
#4246 = CARTESIAN_POINT('',(-0.886036524774,-9.993724775581E-02));
#4247 = CARTESIAN_POINT('',(-0.850059341201,-0.101215771573));
#4248 = CARTESIAN_POINT('',(-0.833026641198,-0.102294726821));
#4249 = CARTESIAN_POINT('',(-0.816125104811,-0.103800499202));
#4250 = CARTESIAN_POINT('',(-0.799356925092,-0.105694444002));
#4251 = CARTESIAN_POINT('',(-0.782722379768,-0.107941005258));
#4252 = CARTESIAN_POINT('',(-0.766219701203,-0.110507314464));
#4253 = CARTESIAN_POINT('',(-0.749845026656,-0.11336297765));
#4254 = CARTESIAN_POINT('',(-0.684269455869,-0.125939665766));
#4255 = CARTESIAN_POINT('',(-0.636132633412,-0.13779481149));
#4256 = CARTESIAN_POINT('',(-0.588955542481,-0.151264637229));
#4257 = CARTESIAN_POINT('',(-0.54255226257,-0.165749143816));
#4258 = CARTESIAN_POINT('',(-0.496714164639,-0.180701826189));
#4259 = CARTESIAN_POINT('',(-0.45123387597,-0.195637795727));
#4260 = CARTESIAN_POINT('',(-0.405900563952,-0.210100105827));
#4261 = CARTESIAN_POINT('',(-0.316005893007,-0.236955085194));
#4262 = CARTESIAN_POINT('',(-0.27148454979,-0.249371653004));
#4263 = CARTESIAN_POINT('',(-0.226797882782,-0.260494544741));
#4264 = CARTESIAN_POINT('',(-0.181857280374,-0.269925772588));
#4265 = CARTESIAN_POINT('',(-0.136633218875,-0.277296994809));
#4266 = CARTESIAN_POINT('',(-9.117494999626E-02,-0.282312200323));
#4267 = CARTESIAN_POINT('',(-4.558770020632E-02,-0.284819976238));
#4268 = CARTESIAN_POINT('',(1.7763568394E-15,-0.284819976238));
#4269 = ( GEOMETRIC_REPRESENTATION_CONTEXT(2) 
PARAMETRIC_REPRESENTATION_CONTEXT() REPRESENTATION_CONTEXT('2D SPACE',''
  ) );
#4270 = ORIENTED_EDGE('',*,*,#4271,.T.);
#4271 = EDGE_CURVE('',#3916,#4272,#4274,.T.);
#4272 = VERTEX_POINT('',#4273);
#4273 = CARTESIAN_POINT('',(-11.87839954394,22.,31.997000570067));
#4274 = SURFACE_CURVE('',#4275,(#4279,#4285),.PCURVE_S1.);
#4275 = LINE('',#4276,#4277);
#4276 = CARTESIAN_POINT('',(-11.87839954394,-30.,31.997000570067));
#4277 = VECTOR('',#4278,1.);
#4278 = DIRECTION('',(0.,1.,0.));
#4279 = PCURVE('',#334,#4280);
#4280 = DEFINITIONAL_REPRESENTATION('',(#4281),#4284);
#4281 = B_SPLINE_CURVE_WITH_KNOTS('',1,(#4282,#4283),.UNSPECIFIED.,.F.,
  .F.,(2,2),(7.9999994,52.0000006),.PIECEWISE_BEZIER_KNOTS.);
#4282 = CARTESIAN_POINT('',(0.358105069588,15.9999994));
#4283 = CARTESIAN_POINT('',(0.358105069588,60.0000006));
#4284 = ( GEOMETRIC_REPRESENTATION_CONTEXT(2) 
PARAMETRIC_REPRESENTATION_CONTEXT() REPRESENTATION_CONTEXT('2D SPACE',''
  ) );
#4285 = PCURVE('',#4286,#4291);
#4286 = CYLINDRICAL_SURFACE('',#4287,8.);
#4287 = AXIS2_PLACEMENT_3D('',#4288,#4289,#4290);
#4288 = CARTESIAN_POINT('',(-8.,-30.,25.));
#4289 = DIRECTION('',(0.,1.,0.));
#4290 = DIRECTION('',(-1.,0.,0.));
#4291 = DEFINITIONAL_REPRESENTATION('',(#4292),#4295);
#4292 = B_SPLINE_CURVE_WITH_KNOTS('',1,(#4293,#4294),.UNSPECIFIED.,.F.,
  .F.,(2,2),(7.9999994,52.0000006),.PIECEWISE_BEZIER_KNOTS.);
#4293 = CARTESIAN_POINT('',(1.064661908209,7.9999994));
#4294 = CARTESIAN_POINT('',(1.064661908209,52.0000006));
#4295 = ( GEOMETRIC_REPRESENTATION_CONTEXT(2) 
PARAMETRIC_REPRESENTATION_CONTEXT() REPRESENTATION_CONTEXT('2D SPACE',''
  ) );
#4296 = ORIENTED_EDGE('',*,*,#4297,.F.);
#4297 = EDGE_CURVE('',#3872,#4272,#4298,.T.);
#4298 = SURFACE_CURVE('',#4299,(#4428,#4560),.PCURVE_S1.);
#4299 = B_SPLINE_CURVE_WITH_KNOTS('',8,(#4300,#4301,#4302,#4303,#4304,
    #4305,#4306,#4307,#4308,#4309,#4310,#4311,#4312,#4313,#4314,#4315,
    #4316,#4317,#4318,#4319,#4320,#4321,#4322,#4323,#4324,#4325,#4326,
    #4327,#4328,#4329,#4330,#4331,#4332,#4333,#4334,#4335,#4336,#4337,
    #4338,#4339,#4340,#4341,#4342,#4343,#4344,#4345,#4346,#4347,#4348,
    #4349,#4350,#4351,#4352,#4353,#4354,#4355,#4356,#4357,#4358,#4359,
    #4360,#4361,#4362,#4363,#4364,#4365,#4366,#4367,#4368,#4369,#4370,
    #4371,#4372,#4373,#4374,#4375,#4376,#4377,#4378,#4379,#4380,#4381,
    #4382,#4383,#4384,#4385,#4386,#4387,#4388,#4389,#4390,#4391,#4392,
    #4393,#4394,#4395,#4396,#4397,#4398,#4399,#4400,#4401,#4402,#4403,
    #4404,#4405,#4406,#4407,#4408,#4409,#4410,#4411,#4412,#4413,#4414,
    #4415,#4416,#4417,#4418,#4419,#4420,#4421,#4422,#4423,#4424,#4425,
    #4426,#4427),.UNSPECIFIED.,.F.,.F.,(9,7,7,7,7,7,7,7,7,7,7,7,7,7,7,7,
    7,7,9),(0.,0.151620225048,0.257458487907,0.334713965266,
    0.387277257295,0.430762142919,0.450351844798,0.462520079249,
    0.471325203858,0.499976107633,0.527086349897,0.535348186191,
    0.546659213448,0.563834104344,0.598156148256,0.651276300224,
    0.700552437224,0.848360603651,1.),.UNSPECIFIED.);
#4300 = CARTESIAN_POINT('',(-15.67769801702,22.,27.247877478714));
#4301 = CARTESIAN_POINT('',(-15.67769801702,22.352128515996,
    27.247877478714));
#4302 = CARTESIAN_POINT('',(-15.66494545262,22.70404374664,
    27.228391383314));
#4303 = CARTESIAN_POINT('',(-15.63947197866,23.054754828838,
    27.189453773446));
#4304 = CARTESIAN_POINT('',(-15.60087407914,23.403444425901,
    27.132204383714));
#4305 = CARTESIAN_POINT('',(-15.54828566567,23.74942988673,
    27.058760451141));
#4306 = CARTESIAN_POINT('',(-15.48058082693,24.092126885546,
    26.971860457641));
#4307 = CARTESIAN_POINT('',(-15.39658430614,24.431022648516,
    26.874533988628));
#4308 = CARTESIAN_POINT('',(-15.2242034833,24.99926305759,
    26.697119240341));
#4309 = CARTESIAN_POINT('',(-15.14480326603,25.230784858842,
    26.620700812914));
#4310 = CARTESIAN_POINT('',(-15.05642994838,25.460147134679,
    26.541885787598));
#4311 = CARTESIAN_POINT('',(-14.95863513865,25.687223772132,
    26.461832408019));
#4312 = CARTESIAN_POINT('',(-14.85098136637,25.911850285986,
    26.381759965381));
#4313 = CARTESIAN_POINT('',(-14.7330480889,26.133826139212,
    26.302958611358));
#4314 = CARTESIAN_POINT('',(-14.604421075,26.352915785712,
    26.226817540208));
#4315 = CARTESIAN_POINT('',(-14.3626518743,26.726466101072,
    26.102355347617));
#4316 = CARTESIAN_POINT('',(-14.25473952838,26.882353780011,
    26.052090942039));
#4317 = CARTESIAN_POINT('',(-14.14075663604,27.036421740455,
    26.004667623572));
#4318 = CARTESIAN_POINT('',(-14.02055019337,27.188521299175,
    25.960738001256));
#4319 = CARTESIAN_POINT('',(-13.89399695674,27.338450134868,
    25.921018644893));
#4320 = CARTESIAN_POINT('',(-13.76100728006,27.485954808864,
    25.886300173975));
#4321 = CARTESIAN_POINT('',(-13.62152151678,27.630730493138,
    25.857466783579));
#4322 = CARTESIAN_POINT('',(-13.37614777968,27.868819573143,
    25.820596537824));
#4323 = CARTESIAN_POINT('',(-13.27379739681,27.963765365283,
    25.80886259965));
#4324 = CARTESIAN_POINT('',(-13.16843275012,28.057148223754,
    25.800637076825));
#4325 = CARTESIAN_POINT('',(-13.06006812907,28.148822203231,
    25.796266658912));
#4326 = CARTESIAN_POINT('',(-12.94875227617,28.238605552839,
    25.796128377797));
#4327 = CARTESIAN_POINT('',(-12.83457176932,28.326282504574,
    25.800628902127));
#4328 = CARTESIAN_POINT('',(-12.71765271065,28.411603768676,
    25.810205789336));
#4329 = CARTESIAN_POINT('',(-12.49930664949,28.56268738569,
    25.83784332106));
#4330 = CARTESIAN_POINT('',(-12.3987159124,28.629265880694,
    25.854149990762));
#4331 = CARTESIAN_POINT('',(-12.29648293108,28.693862575155,
    25.874515019728));
#4332 = CARTESIAN_POINT('',(-12.19275403357,28.756279419227,
    25.899214352575));
#4333 = CARTESIAN_POINT('',(-12.08773168333,28.816283877218,
    25.928527359981));
#4334 = CARTESIAN_POINT('',(-11.98167723971,28.873614530106,
    25.962725832617));
#4335 = CARTESIAN_POINT('',(-11.87491225102,28.927987362382,
    26.002060172201));
#4336 = CARTESIAN_POINT('',(-11.71957303513,29.002129926732,
    26.066872048686));
#4337 = CARTESIAN_POINT('',(-11.67126519213,29.024494046062,
    26.0880849906));
#4338 = CARTESIAN_POINT('',(-11.62293226675,29.046166665607,
    26.110399542908));
#4339 = CARTESIAN_POINT('',(-11.57461514401,29.067118507835,
    26.133831409438));
#4340 = CARTESIAN_POINT('',(-11.52635789654,29.087319798661,
    26.158393512086));
#4341 = CARTESIAN_POINT('',(-11.47820760287,29.106740622829,
    26.184095442541));
#4342 = CARTESIAN_POINT('',(-11.43021416558,29.125351279288,
    26.210942914004));
#4343 = CARTESIAN_POINT('',(-11.35274885329,29.154161397819,
    26.256326001903));
#4344 = CARTESIAN_POINT('',(-11.32314825616,29.16487639327,
    26.274157280128));
#4345 = CARTESIAN_POINT('',(-11.29364105875,29.175260556037,
    26.292431382938));
#4346 = CARTESIAN_POINT('',(-11.26424017224,29.185307025445,
    26.311147974775));
#4347 = CARTESIAN_POINT('',(-11.23495869836,29.195009147036,
    26.330306049171));
#4348 = CARTESIAN_POINT('',(-11.2058099294,29.204360472571,
    26.349903928749));
#4349 = CARTESIAN_POINT('',(-11.17680734821,29.213354760023,
    26.369939265223));
#4350 = CARTESIAN_POINT('',(-11.12709358528,29.228231654605,
    26.405221287885));
#4351 = CARTESIAN_POINT('',(-11.10630618515,29.234287255115,
    26.420261023091));
#4352 = CARTESIAN_POINT('',(-11.08560759235,29.240150505519,
    26.435527082709));
#4353 = CARTESIAN_POINT('',(-11.06500294751,29.245819230675,
    26.451018127288));
#4354 = CARTESIAN_POINT('',(-11.04449736739,29.251291349902,
    26.466732640227));
#4355 = CARTESIAN_POINT('',(-11.02409594486,29.256564876975,
    26.48266892778));
#4356 = CARTESIAN_POINT('',(-11.00380374888,29.261637920129,
    26.498825119055));
#4357 = CARTESIAN_POINT('',(-10.91796908555,29.282357603841,
    26.568478507822));
#4358 = CARTESIAN_POINT('',(-10.8535168605,29.296066149786,
    26.624068700582));
#4359 = CARTESIAN_POINT('',(-10.79045039694,29.30757013034,
    26.68189373261));
#4360 = CARTESIAN_POINT('',(-10.72893523685,29.316820938704,
    26.741864081823));
#4361 = CARTESIAN_POINT('',(-10.6691224382,29.323782981758,
    26.803878383569));
#4362 = CARTESIAN_POINT('',(-10.6111498903,29.328432359123,
    26.867823209328));
#4363 = CARTESIAN_POINT('',(-10.555143723,29.330756790371,
    26.933570956294));
#4364 = CARTESIAN_POINT('',(-10.45019557812,29.330756790371,
    27.064756137396));
#4365 = CARTESIAN_POINT('',(-10.40102875355,29.328675629878,
    27.130028789999));
#4366 = CARTESIAN_POINT('',(-10.35381762647,29.324512941843,
    27.196671608911));
#4367 = CARTESIAN_POINT('',(-10.30864481591,29.318278527937,
    27.2645573013));
#4368 = CARTESIAN_POINT('',(-10.26557993117,29.309991500808,
    27.333551698636));
#4369 = CARTESIAN_POINT('',(-10.22468089954,29.299680363298,
    27.403512297675));
#4370 = CARTESIAN_POINT('',(-10.18599396021,29.28738402463,
    27.474287122005));
#4371 = CARTESIAN_POINT('',(-10.13844674935,29.268817083719,
    27.567481189581));
#4372 = CARTESIAN_POINT('',(-10.12754949223,29.264300718543,
    27.589309445079));
#4373 = CARTESIAN_POINT('',(-10.1168614139,29.259606063535,
    27.611194253999));
#4374 = CARTESIAN_POINT('',(-10.10638323841,29.254734601169,
    27.633131200855));
#4375 = CARTESIAN_POINT('',(-10.09611555302,29.249687890885,
    27.655115871331));
#4376 = CARTESIAN_POINT('',(-10.08605880816,29.244467569098,
    27.67714385228));
#4377 = CARTESIAN_POINT('',(-10.07621331744,29.239075349188,
    27.699210731725));
#4378 = CARTESIAN_POINT('',(-10.05338956125,29.225897808891,
    27.751570404295));
#4379 = CARTESIAN_POINT('',(-10.04059616153,29.217963713249,
    27.781893445584));
#4380 = CARTESIAN_POINT('',(-10.0281994805,29.209715361069,
    27.812269871407));
#4381 = CARTESIAN_POINT('',(-10.01619946793,29.201157560476,
    27.842688534919));
#4382 = CARTESIAN_POINT('',(-10.00459560145,29.192295301232,
    27.873138493741));
#4383 = CARTESIAN_POINT('',(-9.993386886484,29.183133754734,
    27.903609009964));
#4384 = CARTESIAN_POINT('',(-9.982571856283,29.173678274021,
    27.934089550151));
#4385 = CARTESIAN_POINT('',(-9.956321647647,29.149139090343,
    28.010851586432));
#4386 = CARTESIAN_POINT('',(-9.941397916895,29.133678726462,
    28.057132968637));
#4387 = CARTESIAN_POINT('',(-9.927370741025,29.117572506429,
    28.103377984021));
#4388 = CARTESIAN_POINT('',(-9.914231064238,29.100840145396,
    28.149552646896));
#4389 = CARTESIAN_POINT('',(-9.901967717028,29.083501675272,
    28.195624988598));
#4390 = CARTESIAN_POINT('',(-9.89056771965,29.065577250637,
    28.241565112252));
#4391 = CARTESIAN_POINT('',(-9.880016585574,29.047086954653,
    28.287345247553));
#4392 = CARTESIAN_POINT('',(-9.850878398461,28.99000864981,
    28.424055285166));
#4393 = CARTESIAN_POINT('',(-9.834786810999,28.949788616738,
    28.514423394322));
#4394 = CARTESIAN_POINT('',(-9.821895570568,28.907545250591,
    28.603849747946));
#4395 = CARTESIAN_POINT('',(-9.812059717479,28.863429198997,
    28.692170776395));
#4396 = CARTESIAN_POINT('',(-9.805124895092,28.8175835056,
    28.779252771844));
#4397 = CARTESIAN_POINT('',(-9.800933431179,28.77014051515,
    28.864990624998));
#4398 = CARTESIAN_POINT('',(-9.799329229927,28.72121919049,
    28.949306252106));
#4399 = CARTESIAN_POINT('',(-9.80144953775,28.593079292443,
    29.160358710523));
#4400 = CARTESIAN_POINT('',(-9.808573338542,28.511965185834,
    29.284999135102));
#4401 = CARTESIAN_POINT('',(-9.820968638988,28.427950433813,
    29.405901736288));
#4402 = CARTESIAN_POINT('',(-9.838108300906,28.341362187452,
    29.522956425169));
#4403 = CARTESIAN_POINT('',(-9.859504037555,28.252484495795,
    29.636107510312));
#4404 = CARTESIAN_POINT('',(-9.884708853949,28.161556424637,
    29.745349748524));
#4405 = CARTESIAN_POINT('',(-9.913320175805,28.068768634967,
    29.850722209715));
#4406 = CARTESIAN_POINT('',(-9.974355844715,27.886587394636,
    30.046527075881));
#4407 = CARTESIAN_POINT('',(-10.00634733558,27.797454670603,
    30.137467239668));
#4408 = CARTESIAN_POINT('',(-10.04066932247,27.706983753762,
    30.225168514884));
#4409 = CARTESIAN_POINT('',(-10.07705688688,27.615284530661,
    30.309684396323));
#4410 = CARTESIAN_POINT('',(-10.11526713139,27.522453122348,
    30.391073877136));
#4411 = CARTESIAN_POINT('',(-10.15507730181,27.428571737122,
    30.469401520063));
#4412 = CARTESIAN_POINT('',(-10.19628290946,27.333708523269,
    30.544737528658));
#4413 = CARTESIAN_POINT('',(-10.36591726033,26.950583472184,
    30.834388935027));
#4414 = CARTESIAN_POINT('',(-10.50387099701,26.655197898163,
    31.02515924499));
#4415 = CARTESIAN_POINT('',(-10.6475757991,26.352972584692,
    31.191795134151));
#4416 = CARTESIAN_POINT('',(-10.79308219215,26.044877131936,
    31.336115667794));
#4417 = CARTESIAN_POINT('',(-10.93685957583,25.731680333948,
    31.4600435281));
#4418 = CARTESIAN_POINT('',(-11.07581689759,25.413924270829,
    31.565488455939));
#4419 = CARTESIAN_POINT('',(-11.20713609193,25.091912157254,
    31.654394366266));
#4420 = CARTESIAN_POINT('',(-11.45247617443,24.430963192913,
    31.80471026185));
#4421 = CARTESIAN_POINT('',(-11.56586862074,24.092050705356,
    31.865291968833));
#4422 = CARTESIAN_POINT('',(-11.66552055076,23.749319906283,
    31.912273046123));
#4423 = CARTESIAN_POINT('',(-11.74873054591,23.403261468912,
    31.947466289887));
#4424 = CARTESIAN_POINT('',(-11.81306843852,23.05447753088,
    31.972549782846));
#4425 = CARTESIAN_POINT('',(-11.8566230325,22.703703288303,
    31.988851166455));
#4426 = CARTESIAN_POINT('',(-11.87839954394,22.351845497576,
    31.997000570067));
#4427 = CARTESIAN_POINT('',(-11.87839954394,22.,31.997000570067));
#4428 = PCURVE('',#334,#4429);
#4429 = DEFINITIONAL_REPRESENTATION('',(#4430),#4559);
#4430 = B_SPLINE_CURVE_WITH_KNOTS('',8,(#4431,#4432,#4433,#4434,#4435,
    #4436,#4437,#4438,#4439,#4440,#4441,#4442,#4443,#4444,#4445,#4446,
    #4447,#4448,#4449,#4450,#4451,#4452,#4453,#4454,#4455,#4456,#4457,
    #4458,#4459,#4460,#4461,#4462,#4463,#4464,#4465,#4466,#4467,#4468,
    #4469,#4470,#4471,#4472,#4473,#4474,#4475,#4476,#4477,#4478,#4479,
    #4480,#4481,#4482,#4483,#4484,#4485,#4486,#4487,#4488,#4489,#4490,
    #4491,#4492,#4493,#4494,#4495,#4496,#4497,#4498,#4499,#4500,#4501,
    #4502,#4503,#4504,#4505,#4506,#4507,#4508,#4509,#4510,#4511,#4512,
    #4513,#4514,#4515,#4516,#4517,#4518,#4519,#4520,#4521,#4522,#4523,
    #4524,#4525,#4526,#4527,#4528,#4529,#4530,#4531,#4532,#4533,#4534,
    #4535,#4536,#4537,#4538,#4539,#4540,#4541,#4542,#4543,#4544,#4545,
    #4546,#4547,#4548,#4549,#4550,#4551,#4552,#4553,#4554,#4555,#4556,
    #4557,#4558),.UNSPECIFIED.,.F.,.F.,(9,7,7,7,7,7,7,7,7,7,7,7,7,7,7,7,
    7,7,9),(0.,0.151620225048,0.257458487907,0.334713965266,
    0.387277257295,0.430762142919,0.450351844798,0.462520079249,
    0.471325203858,0.499976107633,0.527086349897,0.535348186191,
    0.546659213448,0.563834104344,0.598156148256,0.651276300224,
    0.700552437224,0.848360603651,1.),.UNSPECIFIED.);
#4431 = CARTESIAN_POINT('',(4.132969468449,60.));
#4432 = CARTESIAN_POINT('',(4.132969468449,60.352128515996));
#4433 = CARTESIAN_POINT('',(4.125692356196,60.70404374664));
#4434 = CARTESIAN_POINT('',(4.111150733709,61.054754828838));
#4435 = CARTESIAN_POINT('',(4.089576726789,61.403444425901));
#4436 = CARTESIAN_POINT('',(4.06137444599,61.74942988673));
#4437 = CARTESIAN_POINT('',(4.027010742786,62.092126885546));
#4438 = CARTESIAN_POINT('',(3.986905272218,62.431022648516));
#4439 = CARTESIAN_POINT('',(3.909602637318,62.99926305759));
#4440 = CARTESIAN_POINT('',(3.875184070119,63.230784858842));
#4441 = CARTESIAN_POINT('',(3.838226180628,63.460147134679));
#4442 = CARTESIAN_POINT('',(3.798806356008,63.687223772132));
#4443 = CARTESIAN_POINT('',(3.756976869881,63.911850285986));
#4444 = CARTESIAN_POINT('',(3.71275849609,64.133826139212));
#4445 = CARTESIAN_POINT('',(3.666129228002,64.352915785712));
#4446 = CARTESIAN_POINT('',(3.581152678047,64.726466101072));
#4447 = CARTESIAN_POINT('',(3.543980197514,64.882353780011));
#4448 = CARTESIAN_POINT('',(3.505457567702,65.036421740455));
#4449 = CARTESIAN_POINT('',(3.465542953192,65.188521299175));
#4450 = CARTESIAN_POINT('',(3.424186620263,65.338450134868));
#4451 = CARTESIAN_POINT('',(3.381327108989,65.485954808864));
#4452 = CARTESIAN_POINT('',(3.33688273439,65.630730493138));
#4453 = CARTESIAN_POINT('',(3.259342620096,65.868819573143));
#4454 = CARTESIAN_POINT('',(3.227168316244,65.963765365283));
#4455 = CARTESIAN_POINT('',(3.194178332358,66.057148223754));
#4456 = CARTESIAN_POINT('',(3.160336082791,66.148822203231));
#4457 = CARTESIAN_POINT('',(3.125605273352,66.238605552839));
#4458 = CARTESIAN_POINT('',(3.089948490521,66.326282504574));
#4459 = CARTESIAN_POINT('',(3.053324675493,66.411603768676));
#4460 = CARTESIAN_POINT('',(2.984547098933,66.56268738569));
#4461 = CARTESIAN_POINT('',(2.952721433146,66.629265880694));
#4462 = CARTESIAN_POINT('',(2.920181306311,66.693862575155));
#4463 = CARTESIAN_POINT('',(2.886906836252,66.756279419227));
#4464 = CARTESIAN_POINT('',(2.852885194264,66.816283877218));
#4465 = CARTESIAN_POINT('',(2.818110849474,66.873614530106));
#4466 = CARTESIAN_POINT('',(2.782586301269,66.927987362382));
#4467 = CARTESIAN_POINT('',(2.729987017055,67.002129926732));
#4468 = CARTESIAN_POINT('',(2.713502276596,67.024494046062));
#4469 = CARTESIAN_POINT('',(2.696871113775,67.046166665607));
#4470 = CARTESIAN_POINT('',(2.680096267049,67.067118507835));
#4471 = CARTESIAN_POINT('',(2.663181227794,67.087319798661));
#4472 = CARTESIAN_POINT('',(2.646130290107,67.106740622829));
#4473 = CARTESIAN_POINT('',(2.628948600601,67.125351279288));
#4474 = CARTESIAN_POINT('',(2.60089226206,67.154161397819));
#4475 = CARTESIAN_POINT('',(2.590094178158,67.16487639327));
#4476 = CARTESIAN_POINT('',(2.579249427849,67.175260556037));
#4477 = CARTESIAN_POINT('',(2.568359580465,67.185307025445));
#4478 = CARTESIAN_POINT('',(2.557426303319,67.195009147036));
#4479 = CARTESIAN_POINT('',(2.546451361707,67.204360472571));
#4480 = CARTESIAN_POINT('',(2.535436618905,67.213354760023));
#4481 = CARTESIAN_POINT('',(2.516386214578,67.228231654605));
#4482 = CARTESIAN_POINT('',(2.508368566536,67.234287255115));
#4483 = CARTESIAN_POINT('',(2.500331835546,67.240150505519));
#4484 = CARTESIAN_POINT('',(2.492276778062,67.245819230675));
#4485 = CARTESIAN_POINT('',(2.484204163488,67.251291349902));
#4486 = CARTESIAN_POINT('',(2.476114774179,67.256564876975));
#4487 = CARTESIAN_POINT('',(2.468009405442,67.261637920129));
#4488 = CARTESIAN_POINT('',(2.433465524839,67.282357603841));
#4489 = CARTESIAN_POINT('',(2.406879438565,67.296066149786));
#4490 = CARTESIAN_POINT('',(2.380161422087,67.30757013034));
#4491 = CARTESIAN_POINT('',(2.353339739095,67.316820938704));
#4492 = CARTESIAN_POINT('',(2.326440686486,67.323782981758));
#4493 = CARTESIAN_POINT('',(2.299489615258,67.328432359123));
#4494 = CARTESIAN_POINT('',(2.272512387436,67.330756790371));
#4495 = CARTESIAN_POINT('',(2.220012699142,67.330756790371));
#4496 = CARTESIAN_POINT('',(2.194486560942,67.328675629878));
#4497 = CARTESIAN_POINT('',(2.168982508963,67.324512941843));
#4498 = CARTESIAN_POINT('',(2.143522403341,67.318278527937));
#4499 = CARTESIAN_POINT('',(2.118127736017,67.309991500808));
#4500 = CARTESIAN_POINT('',(2.092820752032,67.299680363298));
#4501 = CARTESIAN_POINT('',(2.067625265922,67.28738402463));
#4502 = CARTESIAN_POINT('',(2.034930728719,67.268817083719));
#4503 = CARTESIAN_POINT('',(2.027306898912,67.264300718543));
#4504 = CARTESIAN_POINT('',(2.019696354443,67.259606063535));
#4505 = CARTESIAN_POINT('',(2.012099758132,67.254734601169));
#4506 = CARTESIAN_POINT('',(2.004517764948,67.249687890885));
#4507 = CARTESIAN_POINT('',(1.996951022012,67.244467569098));
#4508 = CARTESIAN_POINT('',(1.989400168598,67.239075349188));
#4509 = CARTESIAN_POINT('',(1.971550812106,67.225897808891));
#4510 = CARTESIAN_POINT('',(1.961266734167,67.217963713249));
#4511 = CARTESIAN_POINT('',(1.951015225232,67.209715361069));
#4512 = CARTESIAN_POINT('',(1.940797842458,67.201157560476));
#4513 = CARTESIAN_POINT('',(1.930616077241,67.192295301232));
#4514 = CARTESIAN_POINT('',(1.920471355212,67.183133754735));
#4515 = CARTESIAN_POINT('',(1.910365036245,67.173678274021));
#4516 = CARTESIAN_POINT('',(1.88501305379,67.149139090343));
#4517 = CARTESIAN_POINT('',(1.869819147095,67.133678726462));
#4518 = CARTESIAN_POINT('',(1.854721202137,67.117572506429));
#4519 = CARTESIAN_POINT('',(1.839723190715,67.100840145396));
#4520 = CARTESIAN_POINT('',(1.824828575431,67.083501675272));
#4521 = CARTESIAN_POINT('',(1.810040336486,67.065577250637));
#4522 = CARTESIAN_POINT('',(1.795360998459,67.047086954653));
#4523 = CARTESIAN_POINT('',(1.751679502613,66.99000864981));
#4524 = CARTESIAN_POINT('',(1.723011611968,66.949788616738));
#4525 = CARTESIAN_POINT('',(1.694802413544,66.907545250591));
#4526 = CARTESIAN_POINT('',(1.667059730096,66.863429198997));
#4527 = CARTESIAN_POINT('',(1.639786546059,66.8175835056));
#4528 = CARTESIAN_POINT('',(1.6129815226,66.77014051515));
#4529 = CARTESIAN_POINT('',(1.586639260412,66.72121919049));
#4530 = CARTESIAN_POINT('',(1.520682038902,66.593079292443));
#4531 = CARTESIAN_POINT('',(1.481711496905,66.511965185834));
#4532 = CARTESIAN_POINT('',(1.443794436165,66.427950433813));
#4533 = CARTESIAN_POINT('',(1.406891336443,66.341362187452));
#4534 = CARTESIAN_POINT('',(1.370963865851,66.252484495795));
#4535 = CARTESIAN_POINT('',(1.33597240278,66.161556424637));
#4536 = CARTESIAN_POINT('',(1.301874619239,66.068768634967));
#4537 = CARTESIAN_POINT('',(1.237781716017,65.886587394636));
#4538 = CARTESIAN_POINT('',(1.207675278107,65.797454670603));
#4539 = CARTESIAN_POINT('',(1.178273863669,65.706983753762));
#4540 = CARTESIAN_POINT('',(1.149550186748,65.615284530661));
#4541 = CARTESIAN_POINT('',(1.121480637884,65.522453122348));
#4542 = CARTESIAN_POINT('',(1.094044298355,65.428571737122));
#4543 = CARTESIAN_POINT('',(1.067221954425,65.333708523269));
#4544 = CARTESIAN_POINT('',(0.96232535811,64.950583472184));
#4545 = CARTESIAN_POINT('',(0.88909596806,64.655197898163));
#4546 = CARTESIAN_POINT('',(0.820725329927,64.352972584692));
#4547 = CARTESIAN_POINT('',(0.757031407417,64.044877131936));
#4548 = CARTESIAN_POINT('',(0.697956601522,63.731680333948));
#4549 = CARTESIAN_POINT('',(0.643582346396,63.413924270829));
#4550 = CARTESIAN_POINT('',(0.594075755374,63.091912157254));
#4551 = CARTESIAN_POINT('',(0.504161177561,62.430963192913));
#4552 = CARTESIAN_POINT('',(0.464055698528,62.092050705356));
#4553 = CARTESIAN_POINT('',(0.42968831148,61.749319906283));
#4554 = CARTESIAN_POINT('',(0.40148232193,61.403261468912));
#4555 = CARTESIAN_POINT('',(0.379903762097,61.05447753088));
#4556 = CARTESIAN_POINT('',(0.365371202749,60.703703288303));
#4557 = CARTESIAN_POINT('',(0.358105069588,60.351845497576));
#4558 = CARTESIAN_POINT('',(0.358105069588,60.));
#4559 = ( GEOMETRIC_REPRESENTATION_CONTEXT(2) 
PARAMETRIC_REPRESENTATION_CONTEXT() REPRESENTATION_CONTEXT('2D SPACE',''
  ) );
#4560 = PCURVE('',#4561,#4566);
#4561 = SPHERICAL_SURFACE('',#4562,8.);
#4562 = AXIS2_PLACEMENT_3D('',#4563,#4564,#4565);
#4563 = CARTESIAN_POINT('',(-8.,22.,25.));
#4564 = DIRECTION('',(-0.,-1.,-0.));
#4565 = DIRECTION('',(-1.,0.,0.));
#4566 = DEFINITIONAL_REPRESENTATION('',(#4567),#4696);
#4567 = B_SPLINE_CURVE_WITH_KNOTS('',8,(#4568,#4569,#4570,#4571,#4572,
    #4573,#4574,#4575,#4576,#4577,#4578,#4579,#4580,#4581,#4582,#4583,
    #4584,#4585,#4586,#4587,#4588,#4589,#4590,#4591,#4592,#4593,#4594,
    #4595,#4596,#4597,#4598,#4599,#4600,#4601,#4602,#4603,#4604,#4605,
    #4606,#4607,#4608,#4609,#4610,#4611,#4612,#4613,#4614,#4615,#4616,
    #4617,#4618,#4619,#4620,#4621,#4622,#4623,#4624,#4625,#4626,#4627,
    #4628,#4629,#4630,#4631,#4632,#4633,#4634,#4635,#4636,#4637,#4638,
    #4639,#4640,#4641,#4642,#4643,#4644,#4645,#4646,#4647,#4648,#4649,
    #4650,#4651,#4652,#4653,#4654,#4655,#4656,#4657,#4658,#4659,#4660,
    #4661,#4662,#4663,#4664,#4665,#4666,#4667,#4668,#4669,#4670,#4671,
    #4672,#4673,#4674,#4675,#4676,#4677,#4678,#4679,#4680,#4681,#4682,
    #4683,#4684,#4685,#4686,#4687,#4688,#4689,#4690,#4691,#4692,#4693,
    #4694,#4695),.UNSPECIFIED.,.F.,.F.,(9,7,7,7,7,7,7,7,7,7,7,7,7,7,7,7,
    7,7,9),(0.,0.151620225048,0.257458487907,0.334713965266,
    0.387277257295,0.430762142919,0.450351844798,0.462520079249,
    0.471325203858,0.499976107633,0.527086349897,0.535348186191,
    0.546659213448,0.563834104344,0.598156148256,0.651276300224,
    0.700552437224,0.848360603651,1.),.UNSPECIFIED.);
#4568 = CARTESIAN_POINT('',(-0.284819976238,0.));
#4569 = CARTESIAN_POINT('',(-0.284819976238,-4.401606449946E-02));
#4570 = CARTESIAN_POINT('',(-0.282930146852,-8.800544210905E-02));
#4571 = CARTESIAN_POINT('',(-0.279154017627,-0.131974344606));
#4572 = CARTESIAN_POINT('',(-0.273594708221,-0.175949642911));
#4573 = CARTESIAN_POINT('',(-0.266444125157,-0.219974476231));
#4574 = CARTESIAN_POINT('',(-0.257947023087,-0.264105600604));
#4575 = CARTESIAN_POINT('',(-0.248373908115,-0.308414396128));
#4576 = CARTESIAN_POINT('',(-0.230820931029,-0.384111793009));
#4577 = CARTESIAN_POINT('',(-0.223233157337,-0.415361411919));
#4578 = CARTESIAN_POINT('',(-0.215376242953,-0.446782963101));
#4579 = CARTESIAN_POINT('',(-0.20736647441,-0.478415507923));
#4580 = CARTESIAN_POINT('',(-0.199332263077,-0.510297586302));
#4581 = CARTESIAN_POINT('',(-0.19142201664,-0.542468699969));
#4582 = CARTESIAN_POINT('',(-0.183821240435,-0.574971207574));
#4583 = CARTESIAN_POINT('',(-0.171638366699,-0.631854065925));
#4584 = CARTESIAN_POINT('',(-0.166797393482,-0.656050079763));
#4585 = CARTESIAN_POINT('',(-0.162351421514,-0.680461193474));
#4586 = CARTESIAN_POINT('',(-0.158419760241,-0.705101853792));
#4587 = CARTESIAN_POINT('',(-0.155147145267,-0.729981195367));
#4588 = CARTESIAN_POINT('',(-0.152715314921,-0.755102469978));
#4589 = CARTESIAN_POINT('',(-0.151364574169,-0.780461143444));
#4590 = CARTESIAN_POINT('',(-0.151466693851,-0.823446201888));
#4591 = CARTESIAN_POINT('',(-0.152161609522,-0.840948666063));
#4592 = CARTESIAN_POINT('',(-0.153614017986,-0.858544952405));
#4593 = CARTESIAN_POINT('',(-0.155948212834,-0.876223425373));
#4594 = CARTESIAN_POINT('',(-0.15931316526,-0.893964503755));
#4595 = CARTESIAN_POINT('',(-0.163888883279,-0.911738959531));
#4596 = CARTESIAN_POINT('',(-0.169894821041,-0.929504926048));
#4597 = CARTESIAN_POINT('',(-0.183975006163,-0.96184549693));
#4598 = CARTESIAN_POINT('',(-0.191511033809,-0.976437752306));
#4599 = CARTESIAN_POINT('',(-0.200361168665,-0.990947025679));
#4600 = CARTESIAN_POINT('',(-0.210695932038,-1.005327263621));
#4601 = CARTESIAN_POINT('',(-0.222709658952,-1.019517387981));
#4602 = CARTESIAN_POINT('',(-0.236616753284,-1.03343911651));
#4603 = CARTESIAN_POINT('',(-0.252638158104,-1.046994931392));
#4604 = CARTESIAN_POINT('',(-0.279240057748,-1.065954728368));
#4605 = CARTESIAN_POINT('',(-0.287971867952,-1.071744412696));
#4606 = CARTESIAN_POINT('',(-0.297191282017,-1.077424171234));
#4607 = CARTESIAN_POINT('',(-0.306915197423,-1.08298194974));
#4608 = CARTESIAN_POINT('',(-0.31715866018,-1.088404822937));
#4609 = CARTESIAN_POINT('',(-0.327933926056,-1.093679100291));
#4610 = CARTESIAN_POINT('',(-0.339249521796,-1.098790431796));
#4611 = CARTESIAN_POINT('',(-0.35847606669,-1.106788369007));
#4612 = CARTESIAN_POINT('',(-0.366052703292,-1.109784241884));
#4613 = CARTESIAN_POINT('',(-0.373840286156,-1.112707917052));
#4614 = CARTESIAN_POINT('',(-0.381838998481,-1.115555768603));
#4615 = CARTESIAN_POINT('',(-0.390048136659,-1.11832416005));
#4616 = CARTESIAN_POINT('',(-0.398466110276,-1.121009444322));
#4617 = CARTESIAN_POINT('',(-0.407090442114,-1.123607963767));
#4618 = CARTESIAN_POINT('',(-0.422305359216,-1.127930940654));
#4619 = CARTESIAN_POINT('',(-0.428799196979,-1.129698501904));
#4620 = CARTESIAN_POINT('',(-0.435397959887,-1.131417352284));
#4621 = CARTESIAN_POINT('',(-0.442100027695,-1.133086138356));
#4622 = CARTESIAN_POINT('',(-0.448903481456,-1.134703534867));
#4623 = CARTESIAN_POINT('',(-0.455806103522,-1.136268244742));
#4624 = CARTESIAN_POINT('',(-0.462805377546,-1.137778999091));
#4625 = CARTESIAN_POINT('',(-0.4929786887,-1.143970782672));
#4626 = CARTESIAN_POINT('',(-0.517054140802,-1.14812303538));
#4627 = CARTESIAN_POINT('',(-0.542025234968,-1.151648368921));
#4628 = CARTESIAN_POINT('',(-0.567760129082,-1.154509375716));
#4629 = CARTESIAN_POINT('',(-0.594095373961,-1.15667611875));
#4630 = CARTESIAN_POINT('',(-0.620841295619,-1.158127681818));
#4631 = CARTESIAN_POINT('',(-0.647792134579,-1.158853338273));
#4632 = CARTESIAN_POINT('',(-0.700240616151,-1.158853338273));
#4633 = CARTESIAN_POINT('',(-0.725741799859,-1.158203622963));
#4634 = CARTESIAN_POINT('',(-0.751069419762,-1.156904019181));
#4635 = CARTESIAN_POINT('',(-0.776049314665,-1.154963091089));
#4636 = CARTESIAN_POINT('',(-0.800519413279,-1.152397598283));
#4637 = CARTESIAN_POINT('',(-0.824337596547,-1.149231659783));
#4638 = CARTESIAN_POINT('',(-0.84738624477,-1.145495623892));
#4639 = CARTESIAN_POINT('',(-0.876335018083,-1.139923064352));
#4640 = CARTESIAN_POINT('',(-0.8830166861,-1.138571774659));
#4641 = CARTESIAN_POINT('',(-0.889615924684,-1.137171766168));
#4642 = CARTESIAN_POINT('',(-0.896130419021,-1.135724056521));
#4643 = CARTESIAN_POINT('',(-0.90255808839,-1.134229689671));
#4644 = CARTESIAN_POINT('',(-0.908897086166,-1.132689735883));
#4645 = CARTESIAN_POINT('',(-0.915145799821,-1.131105291733));
#4646 = CARTESIAN_POINT('',(-0.929732281174,-1.127248893028));
#4647 = CARTESIAN_POINT('',(-0.937989855551,-1.124938987167));
#4648 = CARTESIAN_POINT('',(-0.946072117458,-1.122550661551));
#4649 = CARTESIAN_POINT('',(-0.953976320807,-1.120086825883));
#4650 = CARTESIAN_POINT('',(-0.96170043001,-1.117550400546));
#4651 = CARTESIAN_POINT('',(-0.969243119983,-1.114944316599));
#4652 = CARTESIAN_POINT('',(-0.976603776147,-1.112271515783));
#4653 = CARTESIAN_POINT('',(-0.994682804392,-1.105379694863));
#4654 = CARTESIAN_POINT('',(-1.005163540839,-1.101077352723));
#4655 = CARTESIAN_POINT('',(-1.015224664839,-1.096638148099));
#4656 = CARTESIAN_POINT('',(-1.024869332845,-1.092072073728));
#4657 = CARTESIAN_POINT('',(-1.034103363231,-1.087388814519));
#4658 = CARTESIAN_POINT('',(-1.042934702824,-1.082597670992));
#4659 = CARTESIAN_POINT('',(-1.051372893452,-1.077707482717));
#4660 = CARTESIAN_POINT('',(-1.075526818464,-1.062772734156));
#4661 = CARTESIAN_POINT('',(-1.090096279464,-1.052457223325));
#4662 = CARTESIAN_POINT('',(-1.103224344304,-1.041845564065));
#4663 = CARTESIAN_POINT('',(-1.115014510206,-1.030995185919));
#4664 = CARTESIAN_POINT('',(-1.125574920079,-1.019955281672));
#4665 = CARTESIAN_POINT('',(-1.135010783705,-1.008767032609));
#4666 = CARTESIAN_POINT('',(-1.14342064883,-0.997464180524));
#4667 = CARTESIAN_POINT('',(-1.16246691489,-0.968445306279));
#4668 = CARTESIAN_POINT('',(-1.17179631361,-0.950612581742));
#4669 = CARTESIAN_POINT('',(-1.17923012038,-0.932672837788));
#4670 = CARTESIAN_POINT('',(-1.185058271089,-0.914696341632));
#4671 = CARTESIAN_POINT('',(-1.189522061116,-0.896733247288));
#4672 = CARTESIAN_POINT('',(-1.192821228228,-0.878818355446));
#4673 = CARTESIAN_POINT('',(-1.195121292684,-0.860973948733));
#4674 = CARTESIAN_POINT('',(-1.197896821519,-0.826732884978));
#4675 = CARTESIAN_POINT('',(-1.198492172587,-0.810328817994));
#4676 = CARTESIAN_POINT('',(-1.198457165435,-0.794009293499));
#4677 = CARTESIAN_POINT('',(-1.197883147419,-0.777781616549));
#4678 = CARTESIAN_POINT('',(-1.1968459174,-0.761650046628));
#4679 = CARTESIAN_POINT('',(-1.195408787569,-0.745616239115));
#4680 = CARTESIAN_POINT('',(-1.193625645262,-0.729679686758));
#4681 = CARTESIAN_POINT('',(-1.185299978561,-0.666320092615));
#4682 = CARTESIAN_POINT('',(-1.176374732763,-0.619705804171));
#4683 = CARTESIAN_POINT('',(-1.166031514667,-0.573883395363));
#4684 = CARTESIAN_POINT('',(-1.154921731246,-0.528749786546));
#4685 = CARTESIAN_POINT('',(-1.143561683471,-0.484205591196));
#4686 = CARTESIAN_POINT('',(-1.13232070564,-0.440145635027));
#4687 = CARTESIAN_POINT('',(-1.121522889136,-0.396453920665));
#4688 = CARTESIAN_POINT('',(-1.101106139746,-0.308406475828));
#4689 = CARTESIAN_POINT('',(-1.091532851129,-0.264095754695));
#4690 = CARTESIAN_POINT('',(-1.08303495438,-0.219960227691));
#4691 = CARTESIAN_POINT('',(-1.075883199216,-0.175926269174));
#4692 = CARTESIAN_POINT('',(-1.070322766004,-0.131939318683));
#4693 = CARTESIAN_POINT('',(-1.066548828861,-8.796291247958E-02));
#4694 = CARTESIAN_POINT('',(-1.064661908209,-4.398068719694E-02));
#4695 = CARTESIAN_POINT('',(-1.064661908209,0.));
#4696 = ( GEOMETRIC_REPRESENTATION_CONTEXT(2) 
PARAMETRIC_REPRESENTATION_CONTEXT() REPRESENTATION_CONTEXT('2D SPACE',''
  ) );
#4697 = ADVANCED_FACE('',(#4698),#276,.T.);
#4698 = FACE_BOUND('',#4699,.F.);
#4699 = EDGE_LOOP('',(#4700,#4701,#4723));
#4700 = ORIENTED_EDGE('',*,*,#3366,.F.);
#4701 = ORIENTED_EDGE('',*,*,#4702,.T.);
#4702 = EDGE_CURVE('',#3317,#232,#4703,.T.);
#4703 = SURFACE_CURVE('',#4704,(#4709,#4716),.PCURVE_S1.);
#4704 = CIRCLE('',#4705,10.);
#4705 = AXIS2_PLACEMENT_3D('',#4706,#4707,#4708);
#4706 = CARTESIAN_POINT('',(-10.,-25.,26.));
#4707 = DIRECTION('',(1.,-2.832769448824E-16,0.));
#4708 = DIRECTION('',(-2.832769448824E-16,-1.,0.));
#4709 = PCURVE('',#276,#4710);
#4710 = DEFINITIONAL_REPRESENTATION('',(#4711),#4715);
#4711 = LINE('',#4712,#4713);
#4712 = CARTESIAN_POINT('',(-1.570796326795,-6.28318530718));
#4713 = VECTOR('',#4714,1.);
#4714 = DIRECTION('',(-0.,1.));
#4715 = ( GEOMETRIC_REPRESENTATION_CONTEXT(2) 
PARAMETRIC_REPRESENTATION_CONTEXT() REPRESENTATION_CONTEXT('2D SPACE',''
  ) );
#4716 = PCURVE('',#2873,#4717);
#4717 = DEFINITIONAL_REPRESENTATION('',(#4718),#4722);
#4718 = LINE('',#4719,#4720);
#4719 = CARTESIAN_POINT('',(-6.28318530718,10.));
#4720 = VECTOR('',#4721,1.);
#4721 = DIRECTION('',(1.,-0.));
#4722 = ( GEOMETRIC_REPRESENTATION_CONTEXT(2) 
PARAMETRIC_REPRESENTATION_CONTEXT() REPRESENTATION_CONTEXT('2D SPACE',''
  ) );
#4723 = ORIENTED_EDGE('',*,*,#259,.F.);
#4724 = ADVANCED_FACE('',(#4725),#247,.F.);
#4725 = FACE_BOUND('',#4726,.F.);
#4726 = EDGE_LOOP('',(#4727,#4728,#4751,#4774));
#4727 = ORIENTED_EDGE('',*,*,#231,.T.);
#4728 = ORIENTED_EDGE('',*,*,#4729,.T.);
#4729 = EDGE_CURVE('',#232,#4730,#4732,.T.);
#4730 = VERTEX_POINT('',#4731);
#4731 = CARTESIAN_POINT('',(10.,-35.,26.));
#4732 = SURFACE_CURVE('',#4733,(#4737,#4744),.PCURVE_S1.);
#4733 = LINE('',#4734,#4735);
#4734 = CARTESIAN_POINT('',(-20.,-35.,26.));
#4735 = VECTOR('',#4736,1.);
#4736 = DIRECTION('',(1.,0.,0.));
#4737 = PCURVE('',#247,#4738);
#4738 = DEFINITIONAL_REPRESENTATION('',(#4739),#4743);
#4739 = LINE('',#4740,#4741);
#4740 = CARTESIAN_POINT('',(62.,0.));
#4741 = VECTOR('',#4742,1.);
#4742 = DIRECTION('',(0.,1.));
#4743 = ( GEOMETRIC_REPRESENTATION_CONTEXT(2) 
PARAMETRIC_REPRESENTATION_CONTEXT() REPRESENTATION_CONTEXT('2D SPACE',''
  ) );
#4744 = PCURVE('',#2873,#4745);
#4745 = DEFINITIONAL_REPRESENTATION('',(#4746),#4750);
#4746 = LINE('',#4747,#4748);
#4747 = CARTESIAN_POINT('',(-0.,0.));
#4748 = VECTOR('',#4749,1.);
#4749 = DIRECTION('',(-0.,1.));
#4750 = ( GEOMETRIC_REPRESENTATION_CONTEXT(2) 
PARAMETRIC_REPRESENTATION_CONTEXT() REPRESENTATION_CONTEXT('2D SPACE',''
  ) );
#4751 = ORIENTED_EDGE('',*,*,#4752,.F.);
#4752 = EDGE_CURVE('',#4753,#4730,#4755,.T.);
#4753 = VERTEX_POINT('',#4754);
#4754 = CARTESIAN_POINT('',(10.,-35.,-26.));
#4755 = SURFACE_CURVE('',#4756,(#4760,#4767),.PCURVE_S1.);
#4756 = LINE('',#4757,#4758);
#4757 = CARTESIAN_POINT('',(10.,-35.,-36.));
#4758 = VECTOR('',#4759,1.);
#4759 = DIRECTION('',(0.,0.,1.));
#4760 = PCURVE('',#247,#4761);
#4761 = DEFINITIONAL_REPRESENTATION('',(#4762),#4766);
#4762 = LINE('',#4763,#4764);
#4763 = CARTESIAN_POINT('',(0.,30.));
#4764 = VECTOR('',#4765,1.);
#4765 = DIRECTION('',(1.,0.));
#4766 = ( GEOMETRIC_REPRESENTATION_CONTEXT(2) 
PARAMETRIC_REPRESENTATION_CONTEXT() REPRESENTATION_CONTEXT('2D SPACE',''
  ) );
#4767 = PCURVE('',#823,#4768);
#4768 = DEFINITIONAL_REPRESENTATION('',(#4769),#4773);
#4769 = LINE('',#4770,#4771);
#4770 = CARTESIAN_POINT('',(-1.570796326795,0.));
#4771 = VECTOR('',#4772,1.);
#4772 = DIRECTION('',(-0.,1.));
#4773 = ( GEOMETRIC_REPRESENTATION_CONTEXT(2) 
PARAMETRIC_REPRESENTATION_CONTEXT() REPRESENTATION_CONTEXT('2D SPACE',''
  ) );
#4774 = ORIENTED_EDGE('',*,*,#4775,.F.);
#4775 = EDGE_CURVE('',#203,#4753,#4776,.T.);
#4776 = SURFACE_CURVE('',#4777,(#4781,#4788),.PCURVE_S1.);
#4777 = LINE('',#4778,#4779);
#4778 = CARTESIAN_POINT('',(-20.,-35.,-26.));
#4779 = VECTOR('',#4780,1.);
#4780 = DIRECTION('',(1.,0.,0.));
#4781 = PCURVE('',#247,#4782);
#4782 = DEFINITIONAL_REPRESENTATION('',(#4783),#4787);
#4783 = LINE('',#4784,#4785);
#4784 = CARTESIAN_POINT('',(10.,0.));
#4785 = VECTOR('',#4786,1.);
#4786 = DIRECTION('',(0.,1.));
#4787 = ( GEOMETRIC_REPRESENTATION_CONTEXT(2) 
PARAMETRIC_REPRESENTATION_CONTEXT() REPRESENTATION_CONTEXT('2D SPACE',''
  ) );
#4788 = PCURVE('',#4789,#4794);
#4789 = CYLINDRICAL_SURFACE('',#4790,10.);
#4790 = AXIS2_PLACEMENT_3D('',#4791,#4792,#4793);
#4791 = CARTESIAN_POINT('',(-20.,-25.,-26.));
#4792 = DIRECTION('',(1.,0.,0.));
#4793 = DIRECTION('',(0.,-1.,0.));
#4794 = DEFINITIONAL_REPRESENTATION('',(#4795),#4799);
#4795 = LINE('',#4796,#4797);
#4796 = CARTESIAN_POINT('',(0.,0.));
#4797 = VECTOR('',#4798,1.);
#4798 = DIRECTION('',(0.,1.));
#4799 = ( GEOMETRIC_REPRESENTATION_CONTEXT(2) 
PARAMETRIC_REPRESENTATION_CONTEXT() REPRESENTATION_CONTEXT('2D SPACE',''
  ) );
#4800 = ADVANCED_FACE('',(#4801),#219,.T.);
#4801 = FACE_BOUND('',#4802,.T.);
#4802 = EDGE_LOOP('',(#4803,#4804,#4826));
#4803 = ORIENTED_EDGE('',*,*,#2721,.F.);
#4804 = ORIENTED_EDGE('',*,*,#4805,.T.);
#4805 = EDGE_CURVE('',#2722,#203,#4806,.T.);
#4806 = SURFACE_CURVE('',#4807,(#4812,#4819),.PCURVE_S1.);
#4807 = CIRCLE('',#4808,10.);
#4808 = AXIS2_PLACEMENT_3D('',#4809,#4810,#4811);
#4809 = CARTESIAN_POINT('',(-10.,-25.,-26.));
#4810 = DIRECTION('',(-1.,2.832769448824E-16,0.));
#4811 = DIRECTION('',(-2.832769448824E-16,-1.,0.));
#4812 = PCURVE('',#219,#4813);
#4813 = DEFINITIONAL_REPRESENTATION('',(#4814),#4818);
#4814 = LINE('',#4815,#4816);
#4815 = CARTESIAN_POINT('',(1.570796326795,-6.28318530718));
#4816 = VECTOR('',#4817,1.);
#4817 = DIRECTION('',(0.,1.));
#4818 = ( GEOMETRIC_REPRESENTATION_CONTEXT(2) 
PARAMETRIC_REPRESENTATION_CONTEXT() REPRESENTATION_CONTEXT('2D SPACE',''
  ) );
#4819 = PCURVE('',#4789,#4820);
#4820 = DEFINITIONAL_REPRESENTATION('',(#4821),#4825);
#4821 = LINE('',#4822,#4823);
#4822 = CARTESIAN_POINT('',(6.28318530718,10.));
#4823 = VECTOR('',#4824,1.);
#4824 = DIRECTION('',(-1.,-0.));
#4825 = ( GEOMETRIC_REPRESENTATION_CONTEXT(2) 
PARAMETRIC_REPRESENTATION_CONTEXT() REPRESENTATION_CONTEXT('2D SPACE',''
  ) );
#4826 = ORIENTED_EDGE('',*,*,#202,.F.);
#4827 = ADVANCED_FACE('',(#4828),#991,.F.);
#4828 = FACE_BOUND('',#4829,.T.);
#4829 = EDGE_LOOP('',(#4830,#4854,#4882,#4911,#4932,#4933));
#4830 = ORIENTED_EDGE('',*,*,#4831,.F.);
#4831 = EDGE_CURVE('',#4832,#958,#4834,.T.);
#4832 = VERTEX_POINT('',#4833);
#4833 = CARTESIAN_POINT('',(8.,-22.,33.));
#4834 = SURFACE_CURVE('',#4835,(#4840,#4847),.PCURVE_S1.);
#4835 = CIRCLE('',#4836,8.);
#4836 = AXIS2_PLACEMENT_3D('',#4837,#4838,#4839);
#4837 = CARTESIAN_POINT('',(8.,-22.,25.));
#4838 = DIRECTION('',(-0.,1.,0.));
#4839 = DIRECTION('',(1.,0.,0.));
#4840 = PCURVE('',#991,#4841);
#4841 = DEFINITIONAL_REPRESENTATION('',(#4842),#4846);
#4842 = LINE('',#4843,#4844);
#4843 = CARTESIAN_POINT('',(-6.28318530718,8.));
#4844 = VECTOR('',#4845,1.);
#4845 = DIRECTION('',(1.,-0.));
#4846 = ( GEOMETRIC_REPRESENTATION_CONTEXT(2) 
PARAMETRIC_REPRESENTATION_CONTEXT() REPRESENTATION_CONTEXT('2D SPACE',''
  ) );
#4847 = PCURVE('',#1058,#4848);
#4848 = DEFINITIONAL_REPRESENTATION('',(#4849),#4853);
#4849 = LINE('',#4850,#4851);
#4850 = CARTESIAN_POINT('',(0.,-6.28318530718));
#4851 = VECTOR('',#4852,1.);
#4852 = DIRECTION('',(0.,1.));
#4853 = ( GEOMETRIC_REPRESENTATION_CONTEXT(2) 
PARAMETRIC_REPRESENTATION_CONTEXT() REPRESENTATION_CONTEXT('2D SPACE',''
  ) );
#4854 = ORIENTED_EDGE('',*,*,#4855,.T.);
#4855 = EDGE_CURVE('',#4832,#4856,#4858,.T.);
#4856 = VERTEX_POINT('',#4857);
#4857 = CARTESIAN_POINT('',(8.,22.,33.));
#4858 = SURFACE_CURVE('',#4859,(#4863,#4870),.PCURVE_S1.);
#4859 = LINE('',#4860,#4861);
#4860 = CARTESIAN_POINT('',(8.,-30.,33.));
#4861 = VECTOR('',#4862,1.);
#4862 = DIRECTION('',(0.,1.,0.));
#4863 = PCURVE('',#991,#4864);
#4864 = DEFINITIONAL_REPRESENTATION('',(#4865),#4869);
#4865 = LINE('',#4866,#4867);
#4866 = CARTESIAN_POINT('',(-1.570796326795,0.));
#4867 = VECTOR('',#4868,1.);
#4868 = DIRECTION('',(-0.,1.));
#4869 = ( GEOMETRIC_REPRESENTATION_CONTEXT(2) 
PARAMETRIC_REPRESENTATION_CONTEXT() REPRESENTATION_CONTEXT('2D SPACE',''
  ) );
#4870 = PCURVE('',#4871,#4876);
#4871 = PLANE('',#4872);
#4872 = AXIS2_PLACEMENT_3D('',#4873,#4874,#4875);
#4873 = CARTESIAN_POINT('',(-16.,-30.,33.));
#4874 = DIRECTION('',(0.,0.,1.));
#4875 = DIRECTION('',(1.,0.,0.));
#4876 = DEFINITIONAL_REPRESENTATION('',(#4877),#4881);
#4877 = LINE('',#4878,#4879);
#4878 = CARTESIAN_POINT('',(24.,0.));
#4879 = VECTOR('',#4880,1.);
#4880 = DIRECTION('',(0.,1.));
#4881 = ( GEOMETRIC_REPRESENTATION_CONTEXT(2) 
PARAMETRIC_REPRESENTATION_CONTEXT() REPRESENTATION_CONTEXT('2D SPACE',''
  ) );
#4882 = ORIENTED_EDGE('',*,*,#4883,.F.);
#4883 = EDGE_CURVE('',#4884,#4856,#4886,.T.);
#4884 = VERTEX_POINT('',#4885);
#4885 = CARTESIAN_POINT('',(16.,22.,25.));
#4886 = SURFACE_CURVE('',#4887,(#4892,#4899),.PCURVE_S1.);
#4887 = CIRCLE('',#4888,8.);
#4888 = AXIS2_PLACEMENT_3D('',#4889,#4890,#4891);
#4889 = CARTESIAN_POINT('',(8.,22.,25.));
#4890 = DIRECTION('',(-0.,-1.,0.));
#4891 = DIRECTION('',(1.,-0.,0.));
#4892 = PCURVE('',#991,#4893);
#4893 = DEFINITIONAL_REPRESENTATION('',(#4894),#4898);
#4894 = LINE('',#4895,#4896);
#4895 = CARTESIAN_POINT('',(-0.,52.));
#4896 = VECTOR('',#4897,1.);
#4897 = DIRECTION('',(-1.,0.));
#4898 = ( GEOMETRIC_REPRESENTATION_CONTEXT(2) 
PARAMETRIC_REPRESENTATION_CONTEXT() REPRESENTATION_CONTEXT('2D SPACE',''
  ) );
#4899 = PCURVE('',#4900,#4905);
#4900 = SPHERICAL_SURFACE('',#4901,8.);
#4901 = AXIS2_PLACEMENT_3D('',#4902,#4903,#4904);
#4902 = CARTESIAN_POINT('',(8.,22.,25.));
#4903 = DIRECTION('',(-0.,-1.,-0.));
#4904 = DIRECTION('',(1.,-0.,0.));
#4905 = DEFINITIONAL_REPRESENTATION('',(#4906),#4910);
#4906 = LINE('',#4907,#4908);
#4907 = CARTESIAN_POINT('',(0.,0.));
#4908 = VECTOR('',#4909,1.);
#4909 = DIRECTION('',(1.,0.));
#4910 = ( GEOMETRIC_REPRESENTATION_CONTEXT(2) 
PARAMETRIC_REPRESENTATION_CONTEXT() REPRESENTATION_CONTEXT('2D SPACE',''
  ) );
#4911 = ORIENTED_EDGE('',*,*,#4912,.F.);
#4912 = EDGE_CURVE('',#2350,#4884,#4913,.T.);
#4913 = SURFACE_CURVE('',#4914,(#4918,#4925),.PCURVE_S1.);
#4914 = LINE('',#4915,#4916);
#4915 = CARTESIAN_POINT('',(16.,-30.,25.));
#4916 = VECTOR('',#4917,1.);
#4917 = DIRECTION('',(0.,1.,0.));
#4918 = PCURVE('',#991,#4919);
#4919 = DEFINITIONAL_REPRESENTATION('',(#4920),#4924);
#4920 = LINE('',#4921,#4922);
#4921 = CARTESIAN_POINT('',(-0.,0.));
#4922 = VECTOR('',#4923,1.);
#4923 = DIRECTION('',(-0.,1.));
#4924 = ( GEOMETRIC_REPRESENTATION_CONTEXT(2) 
PARAMETRIC_REPRESENTATION_CONTEXT() REPRESENTATION_CONTEXT('2D SPACE',''
  ) );
#4925 = PCURVE('',#2366,#4926);
#4926 = DEFINITIONAL_REPRESENTATION('',(#4927),#4931);
#4927 = LINE('',#4928,#4929);
#4928 = CARTESIAN_POINT('',(54.,0.));
#4929 = VECTOR('',#4930,1.);
#4930 = DIRECTION('',(0.,-1.));
#4931 = ( GEOMETRIC_REPRESENTATION_CONTEXT(2) 
PARAMETRIC_REPRESENTATION_CONTEXT() REPRESENTATION_CONTEXT('2D SPACE',''
  ) );
#4932 = ORIENTED_EDGE('',*,*,#2378,.T.);
#4933 = ORIENTED_EDGE('',*,*,#957,.T.);
#4934 = ADVANCED_FACE('',(#4935,#5016),#2366,.F.);
#4935 = FACE_BOUND('',#4936,.F.);
#4936 = EDGE_LOOP('',(#4937,#4960,#4988,#5014,#5015));
#4937 = ORIENTED_EDGE('',*,*,#4938,.F.);
#4938 = EDGE_CURVE('',#4939,#2220,#4941,.T.);
#4939 = VERTEX_POINT('',#4940);
#4940 = CARTESIAN_POINT('',(16.,-22.,-21.));
#4941 = SURFACE_CURVE('',#4942,(#4946,#4953),.PCURVE_S1.);
#4942 = LINE('',#4943,#4944);
#4943 = CARTESIAN_POINT('',(16.,-22.,-29.));
#4944 = VECTOR('',#4945,1.);
#4945 = DIRECTION('',(0.,0.,1.));
#4946 = PCURVE('',#2366,#4947);
#4947 = DEFINITIONAL_REPRESENTATION('',(#4948),#4952);
#4948 = LINE('',#4949,#4950);
#4949 = CARTESIAN_POINT('',(0.,-8.));
#4950 = VECTOR('',#4951,1.);
#4951 = DIRECTION('',(1.,0.));
#4952 = ( GEOMETRIC_REPRESENTATION_CONTEXT(2) 
PARAMETRIC_REPRESENTATION_CONTEXT() REPRESENTATION_CONTEXT('2D SPACE',''
  ) );
#4953 = PCURVE('',#2303,#4954);
#4954 = DEFINITIONAL_REPRESENTATION('',(#4955),#4959);
#4955 = LINE('',#4956,#4957);
#4956 = CARTESIAN_POINT('',(-0.,0.));
#4957 = VECTOR('',#4958,1.);
#4958 = DIRECTION('',(-0.,1.));
#4959 = ( GEOMETRIC_REPRESENTATION_CONTEXT(2) 
PARAMETRIC_REPRESENTATION_CONTEXT() REPRESENTATION_CONTEXT('2D SPACE',''
  ) );
#4960 = ORIENTED_EDGE('',*,*,#4961,.T.);
#4961 = EDGE_CURVE('',#4939,#4962,#4964,.T.);
#4962 = VERTEX_POINT('',#4963);
#4963 = CARTESIAN_POINT('',(16.,22.,-21.));
#4964 = SURFACE_CURVE('',#4965,(#4969,#4976),.PCURVE_S1.);
#4965 = LINE('',#4966,#4967);
#4966 = CARTESIAN_POINT('',(16.,-30.,-21.));
#4967 = VECTOR('',#4968,1.);
#4968 = DIRECTION('',(0.,1.,0.));
#4969 = PCURVE('',#2366,#4970);
#4970 = DEFINITIONAL_REPRESENTATION('',(#4971),#4975);
#4971 = LINE('',#4972,#4973);
#4972 = CARTESIAN_POINT('',(8.,0.));
#4973 = VECTOR('',#4974,1.);
#4974 = DIRECTION('',(0.,-1.));
#4975 = ( GEOMETRIC_REPRESENTATION_CONTEXT(2) 
PARAMETRIC_REPRESENTATION_CONTEXT() REPRESENTATION_CONTEXT('2D SPACE',''
  ) );
#4976 = PCURVE('',#4977,#4982);
#4977 = CYLINDRICAL_SURFACE('',#4978,8.);
#4978 = AXIS2_PLACEMENT_3D('',#4979,#4980,#4981);
#4979 = CARTESIAN_POINT('',(8.,-30.,-21.));
#4980 = DIRECTION('',(0.,1.,0.));
#4981 = DIRECTION('',(1.,0.,-0.));
#4982 = DEFINITIONAL_REPRESENTATION('',(#4983),#4987);
#4983 = LINE('',#4984,#4985);
#4984 = CARTESIAN_POINT('',(0.,0.));
#4985 = VECTOR('',#4986,1.);
#4986 = DIRECTION('',(0.,1.));
#4987 = ( GEOMETRIC_REPRESENTATION_CONTEXT(2) 
PARAMETRIC_REPRESENTATION_CONTEXT() REPRESENTATION_CONTEXT('2D SPACE',''
  ) );
#4988 = ORIENTED_EDGE('',*,*,#4989,.T.);
#4989 = EDGE_CURVE('',#4962,#4884,#4990,.T.);
#4990 = SURFACE_CURVE('',#4991,(#4995,#5002),.PCURVE_S1.);
#4991 = LINE('',#4992,#4993);
#4992 = CARTESIAN_POINT('',(16.,22.,-29.));
#4993 = VECTOR('',#4994,1.);
#4994 = DIRECTION('',(0.,0.,1.));
#4995 = PCURVE('',#2366,#4996);
#4996 = DEFINITIONAL_REPRESENTATION('',(#4997),#5001);
#4997 = LINE('',#4998,#4999);
#4998 = CARTESIAN_POINT('',(0.,-52.));
#4999 = VECTOR('',#5000,1.);
#5000 = DIRECTION('',(1.,0.));
#5001 = ( GEOMETRIC_REPRESENTATION_CONTEXT(2) 
PARAMETRIC_REPRESENTATION_CONTEXT() REPRESENTATION_CONTEXT('2D SPACE',''
  ) );
#5002 = PCURVE('',#5003,#5008);
#5003 = CYLINDRICAL_SURFACE('',#5004,8.);
#5004 = AXIS2_PLACEMENT_3D('',#5005,#5006,#5007);
#5005 = CARTESIAN_POINT('',(8.,22.,-29.));
#5006 = DIRECTION('',(0.,0.,1.));
#5007 = DIRECTION('',(1.,0.,-0.));
#5008 = DEFINITIONAL_REPRESENTATION('',(#5009),#5013);
#5009 = LINE('',#5010,#5011);
#5010 = CARTESIAN_POINT('',(0.,0.));
#5011 = VECTOR('',#5012,1.);
#5012 = DIRECTION('',(0.,1.));
#5013 = ( GEOMETRIC_REPRESENTATION_CONTEXT(2) 
PARAMETRIC_REPRESENTATION_CONTEXT() REPRESENTATION_CONTEXT('2D SPACE',''
  ) );
#5014 = ORIENTED_EDGE('',*,*,#4912,.F.);
#5015 = ORIENTED_EDGE('',*,*,#2349,.F.);
#5016 = FACE_BOUND('',#5017,.F.);
#5017 = EDGE_LOOP('',(#5018));
#5018 = ORIENTED_EDGE('',*,*,#5019,.F.);
#5019 = EDGE_CURVE('',#5020,#5020,#5022,.T.);
#5020 = VERTEX_POINT('',#5021);
#5021 = CARTESIAN_POINT('',(16.,2.718715894107E-15,6.1));
#5022 = SURFACE_CURVE('',#5023,(#5028,#5035),.PCURVE_S1.);
#5023 = CIRCLE('',#5024,11.1);
#5024 = AXIS2_PLACEMENT_3D('',#5025,#5026,#5027);
#5025 = CARTESIAN_POINT('',(16.,0.,-5.));
#5026 = DIRECTION('',(1.,0.,0.));
#5027 = DIRECTION('',(-0.,0.,1.));
#5028 = PCURVE('',#2366,#5029);
#5029 = DEFINITIONAL_REPRESENTATION('',(#5030),#5034);
#5030 = CIRCLE('',#5031,11.1);
#5031 = AXIS2_PLACEMENT_2D('',#5032,#5033);
#5032 = CARTESIAN_POINT('',(24.,-30.));
#5033 = DIRECTION('',(1.,0.));
#5034 = ( GEOMETRIC_REPRESENTATION_CONTEXT(2) 
PARAMETRIC_REPRESENTATION_CONTEXT() REPRESENTATION_CONTEXT('2D SPACE',''
  ) );
#5035 = PCURVE('',#5036,#5041);
#5036 = CYLINDRICAL_SURFACE('',#5037,11.1);
#5037 = AXIS2_PLACEMENT_3D('',#5038,#5039,#5040);
#5038 = CARTESIAN_POINT('',(13.,0.,-5.));
#5039 = DIRECTION('',(1.,0.,0.));
#5040 = DIRECTION('',(-0.,0.,1.));
#5041 = DEFINITIONAL_REPRESENTATION('',(#5042),#5046);
#5042 = LINE('',#5043,#5044);
#5043 = CARTESIAN_POINT('',(0.,3.));
#5044 = VECTOR('',#5045,1.);
#5045 = DIRECTION('',(1.,0.));
#5046 = ( GEOMETRIC_REPRESENTATION_CONTEXT(2) 
PARAMETRIC_REPRESENTATION_CONTEXT() REPRESENTATION_CONTEXT('2D SPACE',''
  ) );
#5047 = ADVANCED_FACE('',(#5048),#2303,.F.);
#5048 = FACE_BOUND('',#5049,.T.);
#5049 = EDGE_LOOP('',(#5050,#5051,#5080,#5101));
#5050 = ORIENTED_EDGE('',*,*,#4938,.F.);
#5051 = ORIENTED_EDGE('',*,*,#5052,.T.);
#5052 = EDGE_CURVE('',#4939,#5053,#5055,.T.);
#5053 = VERTEX_POINT('',#5054);
#5054 = CARTESIAN_POINT('',(8.,-30.,-21.));
#5055 = SURFACE_CURVE('',#5056,(#5061,#5068),.PCURVE_S1.);
#5056 = CIRCLE('',#5057,8.);
#5057 = AXIS2_PLACEMENT_3D('',#5058,#5059,#5060);
#5058 = CARTESIAN_POINT('',(8.,-22.,-21.));
#5059 = DIRECTION('',(0.,-0.,-1.));
#5060 = DIRECTION('',(1.,0.,-0.));
#5061 = PCURVE('',#2303,#5062);
#5062 = DEFINITIONAL_REPRESENTATION('',(#5063),#5067);
#5063 = LINE('',#5064,#5065);
#5064 = CARTESIAN_POINT('',(-0.,8.));
#5065 = VECTOR('',#5066,1.);
#5066 = DIRECTION('',(-1.,0.));
#5067 = ( GEOMETRIC_REPRESENTATION_CONTEXT(2) 
PARAMETRIC_REPRESENTATION_CONTEXT() REPRESENTATION_CONTEXT('2D SPACE',''
  ) );
#5068 = PCURVE('',#5069,#5074);
#5069 = SPHERICAL_SURFACE('',#5070,8.);
#5070 = AXIS2_PLACEMENT_3D('',#5071,#5072,#5073);
#5071 = CARTESIAN_POINT('',(8.,-22.,-21.));
#5072 = DIRECTION('',(0.,0.,1.));
#5073 = DIRECTION('',(1.,0.,-0.));
#5074 = DEFINITIONAL_REPRESENTATION('',(#5075),#5079);
#5075 = LINE('',#5076,#5077);
#5076 = CARTESIAN_POINT('',(-0.,0.));
#5077 = VECTOR('',#5078,1.);
#5078 = DIRECTION('',(-1.,0.));
#5079 = ( GEOMETRIC_REPRESENTATION_CONTEXT(2) 
PARAMETRIC_REPRESENTATION_CONTEXT() REPRESENTATION_CONTEXT('2D SPACE',''
  ) );
#5080 = ORIENTED_EDGE('',*,*,#5081,.T.);
#5081 = EDGE_CURVE('',#5053,#2194,#5082,.T.);
#5082 = SURFACE_CURVE('',#5083,(#5087,#5094),.PCURVE_S1.);
#5083 = LINE('',#5084,#5085);
#5084 = CARTESIAN_POINT('',(8.,-30.,-29.));
#5085 = VECTOR('',#5086,1.);
#5086 = DIRECTION('',(0.,0.,1.));
#5087 = PCURVE('',#2303,#5088);
#5088 = DEFINITIONAL_REPRESENTATION('',(#5089),#5093);
#5089 = LINE('',#5090,#5091);
#5090 = CARTESIAN_POINT('',(-1.570796326795,0.));
#5091 = VECTOR('',#5092,1.);
#5092 = DIRECTION('',(-0.,1.));
#5093 = ( GEOMETRIC_REPRESENTATION_CONTEXT(2) 
PARAMETRIC_REPRESENTATION_CONTEXT() REPRESENTATION_CONTEXT('2D SPACE',''
  ) );
#5094 = PCURVE('',#2208,#5095);
#5095 = DEFINITIONAL_REPRESENTATION('',(#5096),#5100);
#5096 = LINE('',#5097,#5098);
#5097 = CARTESIAN_POINT('',(0.,24.));
#5098 = VECTOR('',#5099,1.);
#5099 = DIRECTION('',(1.,0.));
#5100 = ( GEOMETRIC_REPRESENTATION_CONTEXT(2) 
PARAMETRIC_REPRESENTATION_CONTEXT() REPRESENTATION_CONTEXT('2D SPACE',''
  ) );
#5101 = ORIENTED_EDGE('',*,*,#2219,.T.);
#5102 = ADVANCED_FACE('',(#5103),#2208,.T.);
#5103 = FACE_BOUND('',#5104,.T.);
#5104 = EDGE_LOOP('',(#5105,#5133,#5154,#5155));
#5105 = ORIENTED_EDGE('',*,*,#5106,.F.);
#5106 = EDGE_CURVE('',#5107,#5053,#5109,.T.);
#5107 = VERTEX_POINT('',#5108);
#5108 = CARTESIAN_POINT('',(-8.,-30.,-21.));
#5109 = SURFACE_CURVE('',#5110,(#5114,#5121),.PCURVE_S1.);
#5110 = LINE('',#5111,#5112);
#5111 = CARTESIAN_POINT('',(-16.,-30.,-21.));
#5112 = VECTOR('',#5113,1.);
#5113 = DIRECTION('',(1.,0.,0.));
#5114 = PCURVE('',#2208,#5115);
#5115 = DEFINITIONAL_REPRESENTATION('',(#5116),#5120);
#5116 = LINE('',#5117,#5118);
#5117 = CARTESIAN_POINT('',(8.,0.));
#5118 = VECTOR('',#5119,1.);
#5119 = DIRECTION('',(0.,1.));
#5120 = ( GEOMETRIC_REPRESENTATION_CONTEXT(2) 
PARAMETRIC_REPRESENTATION_CONTEXT() REPRESENTATION_CONTEXT('2D SPACE',''
  ) );
#5121 = PCURVE('',#5122,#5127);
#5122 = CYLINDRICAL_SURFACE('',#5123,8.);
#5123 = AXIS2_PLACEMENT_3D('',#5124,#5125,#5126);
#5124 = CARTESIAN_POINT('',(-16.,-22.,-21.));
#5125 = DIRECTION('',(1.,0.,0.));
#5126 = DIRECTION('',(0.,-1.,0.));
#5127 = DEFINITIONAL_REPRESENTATION('',(#5128),#5132);
#5128 = LINE('',#5129,#5130);
#5129 = CARTESIAN_POINT('',(0.,0.));
#5130 = VECTOR('',#5131,1.);
#5131 = DIRECTION('',(0.,1.));
#5132 = ( GEOMETRIC_REPRESENTATION_CONTEXT(2) 
PARAMETRIC_REPRESENTATION_CONTEXT() REPRESENTATION_CONTEXT('2D SPACE',''
  ) );
#5133 = ORIENTED_EDGE('',*,*,#5134,.T.);
#5134 = EDGE_CURVE('',#5107,#2064,#5135,.T.);
#5135 = SURFACE_CURVE('',#5136,(#5140,#5147),.PCURVE_S1.);
#5136 = LINE('',#5137,#5138);
#5137 = CARTESIAN_POINT('',(-8.,-30.,-29.));
#5138 = VECTOR('',#5139,1.);
#5139 = DIRECTION('',(0.,0.,1.));
#5140 = PCURVE('',#2208,#5141);
#5141 = DEFINITIONAL_REPRESENTATION('',(#5142),#5146);
#5142 = LINE('',#5143,#5144);
#5143 = CARTESIAN_POINT('',(0.,8.));
#5144 = VECTOR('',#5145,1.);
#5145 = DIRECTION('',(1.,0.));
#5146 = ( GEOMETRIC_REPRESENTATION_CONTEXT(2) 
PARAMETRIC_REPRESENTATION_CONTEXT() REPRESENTATION_CONTEXT('2D SPACE',''
  ) );
#5147 = PCURVE('',#2147,#5148);
#5148 = DEFINITIONAL_REPRESENTATION('',(#5149),#5153);
#5149 = LINE('',#5150,#5151);
#5150 = CARTESIAN_POINT('',(1.570796326795,0.));
#5151 = VECTOR('',#5152,1.);
#5152 = DIRECTION('',(0.,1.));
#5153 = ( GEOMETRIC_REPRESENTATION_CONTEXT(2) 
PARAMETRIC_REPRESENTATION_CONTEXT() REPRESENTATION_CONTEXT('2D SPACE',''
  ) );
#5154 = ORIENTED_EDGE('',*,*,#2193,.T.);
#5155 = ORIENTED_EDGE('',*,*,#5081,.F.);
#5156 = ADVANCED_FACE('',(#5157),#2147,.F.);
#5157 = FACE_BOUND('',#5158,.F.);
#5158 = EDGE_LOOP('',(#5159,#5182,#5209,#5210));
#5159 = ORIENTED_EDGE('',*,*,#5160,.F.);
#5160 = EDGE_CURVE('',#5161,#2035,#5163,.T.);
#5161 = VERTEX_POINT('',#5162);
#5162 = CARTESIAN_POINT('',(-16.,-22.,-21.));
#5163 = SURFACE_CURVE('',#5164,(#5168,#5175),.PCURVE_S1.);
#5164 = LINE('',#5165,#5166);
#5165 = CARTESIAN_POINT('',(-16.,-22.,-29.));
#5166 = VECTOR('',#5167,1.);
#5167 = DIRECTION('',(0.,0.,1.));
#5168 = PCURVE('',#2147,#5169);
#5169 = DEFINITIONAL_REPRESENTATION('',(#5170),#5174);
#5170 = LINE('',#5171,#5172);
#5171 = CARTESIAN_POINT('',(0.,0.));
#5172 = VECTOR('',#5173,1.);
#5173 = DIRECTION('',(0.,1.));
#5174 = ( GEOMETRIC_REPRESENTATION_CONTEXT(2) 
PARAMETRIC_REPRESENTATION_CONTEXT() REPRESENTATION_CONTEXT('2D SPACE',''
  ) );
#5175 = PCURVE('',#2051,#5176);
#5176 = DEFINITIONAL_REPRESENTATION('',(#5177),#5181);
#5177 = LINE('',#5178,#5179);
#5178 = CARTESIAN_POINT('',(0.,-8.));
#5179 = VECTOR('',#5180,1.);
#5180 = DIRECTION('',(1.,0.));
#5181 = ( GEOMETRIC_REPRESENTATION_CONTEXT(2) 
PARAMETRIC_REPRESENTATION_CONTEXT() REPRESENTATION_CONTEXT('2D SPACE',''
  ) );
#5182 = ORIENTED_EDGE('',*,*,#5183,.T.);
#5183 = EDGE_CURVE('',#5161,#5107,#5184,.T.);
#5184 = SURFACE_CURVE('',#5185,(#5190,#5197),.PCURVE_S1.);
#5185 = CIRCLE('',#5186,8.);
#5186 = AXIS2_PLACEMENT_3D('',#5187,#5188,#5189);
#5187 = CARTESIAN_POINT('',(-8.,-22.,-21.));
#5188 = DIRECTION('',(0.,0.,1.));
#5189 = DIRECTION('',(-1.,0.,0.));
#5190 = PCURVE('',#2147,#5191);
#5191 = DEFINITIONAL_REPRESENTATION('',(#5192),#5196);
#5192 = LINE('',#5193,#5194);
#5193 = CARTESIAN_POINT('',(0.,8.));
#5194 = VECTOR('',#5195,1.);
#5195 = DIRECTION('',(1.,0.));
#5196 = ( GEOMETRIC_REPRESENTATION_CONTEXT(2) 
PARAMETRIC_REPRESENTATION_CONTEXT() REPRESENTATION_CONTEXT('2D SPACE',''
  ) );
#5197 = PCURVE('',#5198,#5203);
#5198 = SPHERICAL_SURFACE('',#5199,8.);
#5199 = AXIS2_PLACEMENT_3D('',#5200,#5201,#5202);
#5200 = CARTESIAN_POINT('',(-8.,-22.,-21.));
#5201 = DIRECTION('',(0.,0.,1.));
#5202 = DIRECTION('',(-1.,0.,0.));
#5203 = DEFINITIONAL_REPRESENTATION('',(#5204),#5208);
#5204 = LINE('',#5205,#5206);
#5205 = CARTESIAN_POINT('',(0.,0.));
#5206 = VECTOR('',#5207,1.);
#5207 = DIRECTION('',(1.,0.));
#5208 = ( GEOMETRIC_REPRESENTATION_CONTEXT(2) 
PARAMETRIC_REPRESENTATION_CONTEXT() REPRESENTATION_CONTEXT('2D SPACE',''
  ) );
#5209 = ORIENTED_EDGE('',*,*,#5134,.T.);
#5210 = ORIENTED_EDGE('',*,*,#2063,.T.);
#5211 = ADVANCED_FACE('',(#5212,#5369),#2051,.T.);
#5212 = FACE_BOUND('',#5213,.T.);
#5213 = EDGE_LOOP('',(#5214,#5215,#5243,#5271,#5300,#5324,#5347,#5368));
#5214 = ORIENTED_EDGE('',*,*,#5160,.F.);
#5215 = ORIENTED_EDGE('',*,*,#5216,.T.);
#5216 = EDGE_CURVE('',#5161,#5217,#5219,.T.);
#5217 = VERTEX_POINT('',#5218);
#5218 = CARTESIAN_POINT('',(-16.,22.,-21.));
#5219 = SURFACE_CURVE('',#5220,(#5224,#5231),.PCURVE_S1.);
#5220 = LINE('',#5221,#5222);
#5221 = CARTESIAN_POINT('',(-16.,-30.,-21.));
#5222 = VECTOR('',#5223,1.);
#5223 = DIRECTION('',(0.,1.,0.));
#5224 = PCURVE('',#2051,#5225);
#5225 = DEFINITIONAL_REPRESENTATION('',(#5226),#5230);
#5226 = LINE('',#5227,#5228);
#5227 = CARTESIAN_POINT('',(8.,0.));
#5228 = VECTOR('',#5229,1.);
#5229 = DIRECTION('',(0.,-1.));
#5230 = ( GEOMETRIC_REPRESENTATION_CONTEXT(2) 
PARAMETRIC_REPRESENTATION_CONTEXT() REPRESENTATION_CONTEXT('2D SPACE',''
  ) );
#5231 = PCURVE('',#5232,#5237);
#5232 = CYLINDRICAL_SURFACE('',#5233,8.);
#5233 = AXIS2_PLACEMENT_3D('',#5234,#5235,#5236);
#5234 = CARTESIAN_POINT('',(-8.,-30.,-21.));
#5235 = DIRECTION('',(0.,1.,0.));
#5236 = DIRECTION('',(-1.,0.,0.));
#5237 = DEFINITIONAL_REPRESENTATION('',(#5238),#5242);
#5238 = LINE('',#5239,#5240);
#5239 = CARTESIAN_POINT('',(-0.,0.));
#5240 = VECTOR('',#5241,1.);
#5241 = DIRECTION('',(-0.,1.));
#5242 = ( GEOMETRIC_REPRESENTATION_CONTEXT(2) 
PARAMETRIC_REPRESENTATION_CONTEXT() REPRESENTATION_CONTEXT('2D SPACE',''
  ) );
#5243 = ORIENTED_EDGE('',*,*,#5244,.T.);
#5244 = EDGE_CURVE('',#5217,#5245,#5247,.T.);
#5245 = VERTEX_POINT('',#5246);
#5246 = CARTESIAN_POINT('',(-16.,22.,17.083484861009));
#5247 = SURFACE_CURVE('',#5248,(#5252,#5259),.PCURVE_S1.);
#5248 = LINE('',#5249,#5250);
#5249 = CARTESIAN_POINT('',(-16.,22.,-29.));
#5250 = VECTOR('',#5251,1.);
#5251 = DIRECTION('',(0.,0.,1.));
#5252 = PCURVE('',#2051,#5253);
#5253 = DEFINITIONAL_REPRESENTATION('',(#5254),#5258);
#5254 = LINE('',#5255,#5256);
#5255 = CARTESIAN_POINT('',(0.,-52.));
#5256 = VECTOR('',#5257,1.);
#5257 = DIRECTION('',(1.,0.));
#5258 = ( GEOMETRIC_REPRESENTATION_CONTEXT(2) 
PARAMETRIC_REPRESENTATION_CONTEXT() REPRESENTATION_CONTEXT('2D SPACE',''
  ) );
#5259 = PCURVE('',#5260,#5265);
#5260 = CYLINDRICAL_SURFACE('',#5261,8.);
#5261 = AXIS2_PLACEMENT_3D('',#5262,#5263,#5264);
#5262 = CARTESIAN_POINT('',(-8.,22.,-29.));
#5263 = DIRECTION('',(0.,0.,1.));
#5264 = DIRECTION('',(-1.,-0.,0.));
#5265 = DEFINITIONAL_REPRESENTATION('',(#5266),#5270);
#5266 = LINE('',#5267,#5268);
#5267 = CARTESIAN_POINT('',(-0.,0.));
#5268 = VECTOR('',#5269,1.);
#5269 = DIRECTION('',(-0.,1.));
#5270 = ( GEOMETRIC_REPRESENTATION_CONTEXT(2) 
PARAMETRIC_REPRESENTATION_CONTEXT() REPRESENTATION_CONTEXT('2D SPACE',''
  ) );
#5271 = ORIENTED_EDGE('',*,*,#5272,.F.);
#5272 = EDGE_CURVE('',#5273,#5245,#5275,.T.);
#5273 = VERTEX_POINT('',#5274);
#5274 = CARTESIAN_POINT('',(-16.,20.,20.2));
#5275 = SURFACE_CURVE('',#5276,(#5281,#5288),.PCURVE_S1.);
#5276 = CIRCLE('',#5277,2.2);
#5277 = AXIS2_PLACEMENT_3D('',#5278,#5279,#5280);
#5278 = CARTESIAN_POINT('',(-16.,20.,18.));
#5279 = DIRECTION('',(1.,0.,0.));
#5280 = DIRECTION('',(-0.,0.,1.));
#5281 = PCURVE('',#2051,#5282);
#5282 = DEFINITIONAL_REPRESENTATION('',(#5283),#5287);
#5283 = CIRCLE('',#5284,2.2);
#5284 = AXIS2_PLACEMENT_2D('',#5285,#5286);
#5285 = CARTESIAN_POINT('',(47.,-50.));
#5286 = DIRECTION('',(1.,0.));
#5287 = ( GEOMETRIC_REPRESENTATION_CONTEXT(2) 
PARAMETRIC_REPRESENTATION_CONTEXT() REPRESENTATION_CONTEXT('2D SPACE',''
  ) );
#5288 = PCURVE('',#5289,#5294);
#5289 = CYLINDRICAL_SURFACE('',#5290,2.2);
#5290 = AXIS2_PLACEMENT_3D('',#5291,#5292,#5293);
#5291 = CARTESIAN_POINT('',(-18.,20.,18.));
#5292 = DIRECTION('',(1.,0.,0.));
#5293 = DIRECTION('',(-0.,0.,1.));
#5294 = DEFINITIONAL_REPRESENTATION('',(#5295),#5299);
#5295 = LINE('',#5296,#5297);
#5296 = CARTESIAN_POINT('',(0.,2.));
#5297 = VECTOR('',#5298,1.);
#5298 = DIRECTION('',(1.,0.));
#5299 = ( GEOMETRIC_REPRESENTATION_CONTEXT(2) 
PARAMETRIC_REPRESENTATION_CONTEXT() REPRESENTATION_CONTEXT('2D SPACE',''
  ) );
#5300 = ORIENTED_EDGE('',*,*,#5301,.F.);
#5301 = EDGE_CURVE('',#5302,#5273,#5304,.T.);
#5302 = VERTEX_POINT('',#5303);
#5303 = CARTESIAN_POINT('',(-16.,22.,18.916515138991));
#5304 = SURFACE_CURVE('',#5305,(#5310,#5317),.PCURVE_S1.);
#5305 = CIRCLE('',#5306,2.2);
#5306 = AXIS2_PLACEMENT_3D('',#5307,#5308,#5309);
#5307 = CARTESIAN_POINT('',(-16.,20.,18.));
#5308 = DIRECTION('',(1.,0.,0.));
#5309 = DIRECTION('',(-0.,0.,1.));
#5310 = PCURVE('',#2051,#5311);
#5311 = DEFINITIONAL_REPRESENTATION('',(#5312),#5316);
#5312 = CIRCLE('',#5313,2.2);
#5313 = AXIS2_PLACEMENT_2D('',#5314,#5315);
#5314 = CARTESIAN_POINT('',(47.,-50.));
#5315 = DIRECTION('',(1.,0.));
#5316 = ( GEOMETRIC_REPRESENTATION_CONTEXT(2) 
PARAMETRIC_REPRESENTATION_CONTEXT() REPRESENTATION_CONTEXT('2D SPACE',''
  ) );
#5317 = PCURVE('',#5289,#5318);
#5318 = DEFINITIONAL_REPRESENTATION('',(#5319),#5323);
#5319 = LINE('',#5320,#5321);
#5320 = CARTESIAN_POINT('',(0.,2.));
#5321 = VECTOR('',#5322,1.);
#5322 = DIRECTION('',(1.,0.));
#5323 = ( GEOMETRIC_REPRESENTATION_CONTEXT(2) 
PARAMETRIC_REPRESENTATION_CONTEXT() REPRESENTATION_CONTEXT('2D SPACE',''
  ) );
#5324 = ORIENTED_EDGE('',*,*,#5325,.T.);
#5325 = EDGE_CURVE('',#5302,#5326,#5328,.T.);
#5326 = VERTEX_POINT('',#5327);
#5327 = CARTESIAN_POINT('',(-16.,22.,25.));
#5328 = SURFACE_CURVE('',#5329,(#5333,#5340),.PCURVE_S1.);
#5329 = LINE('',#5330,#5331);
#5330 = CARTESIAN_POINT('',(-16.,22.,-29.));
#5331 = VECTOR('',#5332,1.);
#5332 = DIRECTION('',(0.,0.,1.));
#5333 = PCURVE('',#2051,#5334);
#5334 = DEFINITIONAL_REPRESENTATION('',(#5335),#5339);
#5335 = LINE('',#5336,#5337);
#5336 = CARTESIAN_POINT('',(0.,-52.));
#5337 = VECTOR('',#5338,1.);
#5338 = DIRECTION('',(1.,0.));
#5339 = ( GEOMETRIC_REPRESENTATION_CONTEXT(2) 
PARAMETRIC_REPRESENTATION_CONTEXT() REPRESENTATION_CONTEXT('2D SPACE',''
  ) );
#5340 = PCURVE('',#5260,#5341);
#5341 = DEFINITIONAL_REPRESENTATION('',(#5342),#5346);
#5342 = LINE('',#5343,#5344);
#5343 = CARTESIAN_POINT('',(-0.,0.));
#5344 = VECTOR('',#5345,1.);
#5345 = DIRECTION('',(-0.,1.));
#5346 = ( GEOMETRIC_REPRESENTATION_CONTEXT(2) 
PARAMETRIC_REPRESENTATION_CONTEXT() REPRESENTATION_CONTEXT('2D SPACE',''
  ) );
#5347 = ORIENTED_EDGE('',*,*,#5348,.F.);
#5348 = EDGE_CURVE('',#1974,#5326,#5349,.T.);
#5349 = SURFACE_CURVE('',#5350,(#5354,#5361),.PCURVE_S1.);
#5350 = LINE('',#5351,#5352);
#5351 = CARTESIAN_POINT('',(-16.,-30.,25.));
#5352 = VECTOR('',#5353,1.);
#5353 = DIRECTION('',(0.,1.,0.));
#5354 = PCURVE('',#2051,#5355);
#5355 = DEFINITIONAL_REPRESENTATION('',(#5356),#5360);
#5356 = LINE('',#5357,#5358);
#5357 = CARTESIAN_POINT('',(54.,0.));
#5358 = VECTOR('',#5359,1.);
#5359 = DIRECTION('',(0.,-1.));
#5360 = ( GEOMETRIC_REPRESENTATION_CONTEXT(2) 
PARAMETRIC_REPRESENTATION_CONTEXT() REPRESENTATION_CONTEXT('2D SPACE',''
  ) );
#5361 = PCURVE('',#2011,#5362);
#5362 = DEFINITIONAL_REPRESENTATION('',(#5363),#5367);
#5363 = LINE('',#5364,#5365);
#5364 = CARTESIAN_POINT('',(0.,0.));
#5365 = VECTOR('',#5366,1.);
#5366 = DIRECTION('',(0.,1.));
#5367 = ( GEOMETRIC_REPRESENTATION_CONTEXT(2) 
PARAMETRIC_REPRESENTATION_CONTEXT() REPRESENTATION_CONTEXT('2D SPACE',''
  ) );
#5368 = ORIENTED_EDGE('',*,*,#2034,.F.);
#5369 = FACE_BOUND('',#5370,.T.);
#5370 = EDGE_LOOP('',(#5371));
#5371 = ORIENTED_EDGE('',*,*,#2799,.F.);
#5372 = ADVANCED_FACE('',(#5373),#2011,.F.);
#5373 = FACE_BOUND('',#5374,.F.);
#5374 = EDGE_LOOP('',(#5375,#5376,#5398,#5399));
#5375 = ORIENTED_EDGE('',*,*,#3871,.T.);
#5376 = ORIENTED_EDGE('',*,*,#5377,.F.);
#5377 = EDGE_CURVE('',#5326,#3872,#5378,.T.);
#5378 = SURFACE_CURVE('',#5379,(#5384,#5391),.PCURVE_S1.);
#5379 = CIRCLE('',#5380,8.);
#5380 = AXIS2_PLACEMENT_3D('',#5381,#5382,#5383);
#5381 = CARTESIAN_POINT('',(-8.,22.,25.));
#5382 = DIRECTION('',(0.,1.,0.));
#5383 = DIRECTION('',(-1.,0.,0.));
#5384 = PCURVE('',#2011,#5385);
#5385 = DEFINITIONAL_REPRESENTATION('',(#5386),#5390);
#5386 = LINE('',#5387,#5388);
#5387 = CARTESIAN_POINT('',(0.,52.));
#5388 = VECTOR('',#5389,1.);
#5389 = DIRECTION('',(1.,0.));
#5390 = ( GEOMETRIC_REPRESENTATION_CONTEXT(2) 
PARAMETRIC_REPRESENTATION_CONTEXT() REPRESENTATION_CONTEXT('2D SPACE',''
  ) );
#5391 = PCURVE('',#4561,#5392);
#5392 = DEFINITIONAL_REPRESENTATION('',(#5393),#5397);
#5393 = LINE('',#5394,#5395);
#5394 = CARTESIAN_POINT('',(-0.,0.));
#5395 = VECTOR('',#5396,1.);
#5396 = DIRECTION('',(-1.,0.));
#5397 = ( GEOMETRIC_REPRESENTATION_CONTEXT(2) 
PARAMETRIC_REPRESENTATION_CONTEXT() REPRESENTATION_CONTEXT('2D SPACE',''
  ) );
#5398 = ORIENTED_EDGE('',*,*,#5348,.F.);
#5399 = ORIENTED_EDGE('',*,*,#1973,.T.);
#5400 = ADVANCED_FACE('',(#5401),#1394,.F.);
#5401 = FACE_BOUND('',#5402,.F.);
#5402 = EDGE_LOOP('',(#5403,#5425,#5426));
#5403 = ORIENTED_EDGE('',*,*,#5404,.F.);
#5404 = EDGE_CURVE('',#3895,#1288,#5405,.T.);
#5405 = SURFACE_CURVE('',#5406,(#5411,#5418),.PCURVE_S1.);
#5406 = CIRCLE('',#5407,8.);
#5407 = AXIS2_PLACEMENT_3D('',#5408,#5409,#5410);
#5408 = CARTESIAN_POINT('',(-8.,-22.,25.));
#5409 = DIRECTION('',(0.,-1.,0.));
#5410 = DIRECTION('',(-1.,0.,0.));
#5411 = PCURVE('',#1394,#5412);
#5412 = DEFINITIONAL_REPRESENTATION('',(#5413),#5417);
#5413 = LINE('',#5414,#5415);
#5414 = CARTESIAN_POINT('',(6.28318530718,8.));
#5415 = VECTOR('',#5416,1.);
#5416 = DIRECTION('',(-1.,-0.));
#5417 = ( GEOMETRIC_REPRESENTATION_CONTEXT(2) 
PARAMETRIC_REPRESENTATION_CONTEXT() REPRESENTATION_CONTEXT('2D SPACE',''
  ) );
#5418 = PCURVE('',#1333,#5419);
#5419 = DEFINITIONAL_REPRESENTATION('',(#5420),#5424);
#5420 = LINE('',#5421,#5422);
#5421 = CARTESIAN_POINT('',(-0.,-6.28318530718));
#5422 = VECTOR('',#5423,1.);
#5423 = DIRECTION('',(-0.,1.));
#5424 = ( GEOMETRIC_REPRESENTATION_CONTEXT(2) 
PARAMETRIC_REPRESENTATION_CONTEXT() REPRESENTATION_CONTEXT('2D SPACE',''
  ) );
#5425 = ORIENTED_EDGE('',*,*,#3894,.T.);
#5426 = ORIENTED_EDGE('',*,*,#1360,.T.);
#5427 = ADVANCED_FACE('',(#5428),#1333,.F.);
#5428 = FACE_BOUND('',#5429,.T.);
#5429 = EDGE_LOOP('',(#5430,#5461,#5483,#5484,#5485,#5486));
#5430 = ORIENTED_EDGE('',*,*,#5431,.T.);
#5431 = EDGE_CURVE('',#5432,#5434,#5436,.T.);
#5432 = VERTEX_POINT('',#5433);
#5433 = CARTESIAN_POINT('',(-8.,-22.,33.));
#5434 = VERTEX_POINT('',#5435);
#5435 = CARTESIAN_POINT('',(-8.,-30.,25.));
#5436 = SURFACE_CURVE('',#5437,(#5442,#5449),.PCURVE_S1.);
#5437 = CIRCLE('',#5438,8.);
#5438 = AXIS2_PLACEMENT_3D('',#5439,#5440,#5441);
#5439 = CARTESIAN_POINT('',(-8.,-22.,25.));
#5440 = DIRECTION('',(1.,-2.832769448824E-16,0.));
#5441 = DIRECTION('',(-2.832769448824E-16,-1.,0.));
#5442 = PCURVE('',#1333,#5443);
#5443 = DEFINITIONAL_REPRESENTATION('',(#5444),#5448);
#5444 = LINE('',#5445,#5446);
#5445 = CARTESIAN_POINT('',(-1.570796326795,-6.28318530718));
#5446 = VECTOR('',#5447,1.);
#5447 = DIRECTION('',(-0.,1.));
#5448 = ( GEOMETRIC_REPRESENTATION_CONTEXT(2) 
PARAMETRIC_REPRESENTATION_CONTEXT() REPRESENTATION_CONTEXT('2D SPACE',''
  ) );
#5449 = PCURVE('',#5450,#5455);
#5450 = CYLINDRICAL_SURFACE('',#5451,8.);
#5451 = AXIS2_PLACEMENT_3D('',#5452,#5453,#5454);
#5452 = CARTESIAN_POINT('',(-16.,-22.,25.));
#5453 = DIRECTION('',(1.,0.,0.));
#5454 = DIRECTION('',(0.,-1.,0.));
#5455 = DEFINITIONAL_REPRESENTATION('',(#5456),#5460);
#5456 = LINE('',#5457,#5458);
#5457 = CARTESIAN_POINT('',(-6.28318530718,8.));
#5458 = VECTOR('',#5459,1.);
#5459 = DIRECTION('',(1.,-0.));
#5460 = ( GEOMETRIC_REPRESENTATION_CONTEXT(2) 
PARAMETRIC_REPRESENTATION_CONTEXT() REPRESENTATION_CONTEXT('2D SPACE',''
  ) );
#5461 = ORIENTED_EDGE('',*,*,#5462,.F.);
#5462 = EDGE_CURVE('',#1200,#5434,#5463,.T.);
#5463 = SURFACE_CURVE('',#5464,(#5469,#5476),.PCURVE_S1.);
#5464 = CIRCLE('',#5465,8.);
#5465 = AXIS2_PLACEMENT_3D('',#5466,#5467,#5468);
#5466 = CARTESIAN_POINT('',(-8.,-22.,25.));
#5467 = DIRECTION('',(0.,0.,1.));
#5468 = DIRECTION('',(-1.,0.,0.));
#5469 = PCURVE('',#1333,#5470);
#5470 = DEFINITIONAL_REPRESENTATION('',(#5471),#5475);
#5471 = LINE('',#5472,#5473);
#5472 = CARTESIAN_POINT('',(-0.,0.));
#5473 = VECTOR('',#5474,1.);
#5474 = DIRECTION('',(-1.,0.));
#5475 = ( GEOMETRIC_REPRESENTATION_CONTEXT(2) 
PARAMETRIC_REPRESENTATION_CONTEXT() REPRESENTATION_CONTEXT('2D SPACE',''
  ) );
#5476 = PCURVE('',#1255,#5477);
#5477 = DEFINITIONAL_REPRESENTATION('',(#5478),#5482);
#5478 = LINE('',#5479,#5480);
#5479 = CARTESIAN_POINT('',(0.,54.));
#5480 = VECTOR('',#5481,1.);
#5481 = DIRECTION('',(1.,0.));
#5482 = ( GEOMETRIC_REPRESENTATION_CONTEXT(2) 
PARAMETRIC_REPRESENTATION_CONTEXT() REPRESENTATION_CONTEXT('2D SPACE',''
  ) );
#5483 = ORIENTED_EDGE('',*,*,#1287,.F.);
#5484 = ORIENTED_EDGE('',*,*,#5404,.F.);
#5485 = ORIENTED_EDGE('',*,*,#3915,.F.);
#5486 = ORIENTED_EDGE('',*,*,#5487,.F.);
#5487 = EDGE_CURVE('',#5432,#3916,#5488,.T.);
#5488 = SURFACE_CURVE('',#5489,(#5494,#5501),.PCURVE_S1.);
#5489 = CIRCLE('',#5490,8.);
#5490 = AXIS2_PLACEMENT_3D('',#5491,#5492,#5493);
#5491 = CARTESIAN_POINT('',(-8.,-22.,25.));
#5492 = DIRECTION('',(0.,-1.,0.));
#5493 = DIRECTION('',(-1.,0.,0.));
#5494 = PCURVE('',#1333,#5495);
#5495 = DEFINITIONAL_REPRESENTATION('',(#5496),#5500);
#5496 = LINE('',#5497,#5498);
#5497 = CARTESIAN_POINT('',(-0.,-6.28318530718));
#5498 = VECTOR('',#5499,1.);
#5499 = DIRECTION('',(-0.,1.));
#5500 = ( GEOMETRIC_REPRESENTATION_CONTEXT(2) 
PARAMETRIC_REPRESENTATION_CONTEXT() REPRESENTATION_CONTEXT('2D SPACE',''
  ) );
#5501 = PCURVE('',#4286,#5502);
#5502 = DEFINITIONAL_REPRESENTATION('',(#5503),#5507);
#5503 = LINE('',#5504,#5505);
#5504 = CARTESIAN_POINT('',(6.28318530718,8.));
#5505 = VECTOR('',#5506,1.);
#5506 = DIRECTION('',(-1.,-0.));
#5507 = ( GEOMETRIC_REPRESENTATION_CONTEXT(2) 
PARAMETRIC_REPRESENTATION_CONTEXT() REPRESENTATION_CONTEXT('2D SPACE',''
  ) );
#5508 = ADVANCED_FACE('',(#5509),#1255,.F.);
#5509 = FACE_BOUND('',#5510,.F.);
#5510 = EDGE_LOOP('',(#5511,#5512,#5513));
#5511 = ORIENTED_EDGE('',*,*,#5462,.F.);
#5512 = ORIENTED_EDGE('',*,*,#1199,.T.);
#5513 = ORIENTED_EDGE('',*,*,#5514,.T.);
#5514 = EDGE_CURVE('',#1174,#5434,#5515,.T.);
#5515 = SURFACE_CURVE('',#5516,(#5520,#5527),.PCURVE_S1.);
#5516 = LINE('',#5517,#5518);
#5517 = CARTESIAN_POINT('',(-8.,-30.,-29.));
#5518 = VECTOR('',#5519,1.);
#5519 = DIRECTION('',(0.,0.,1.));
#5520 = PCURVE('',#1255,#5521);
#5521 = DEFINITIONAL_REPRESENTATION('',(#5522),#5526);
#5522 = LINE('',#5523,#5524);
#5523 = CARTESIAN_POINT('',(1.570796326795,0.));
#5524 = VECTOR('',#5525,1.);
#5525 = DIRECTION('',(0.,1.));
#5526 = ( GEOMETRIC_REPRESENTATION_CONTEXT(2) 
PARAMETRIC_REPRESENTATION_CONTEXT() REPRESENTATION_CONTEXT('2D SPACE',''
  ) );
#5527 = PCURVE('',#1188,#5528);
#5528 = DEFINITIONAL_REPRESENTATION('',(#5529),#5533);
#5529 = LINE('',#5530,#5531);
#5530 = CARTESIAN_POINT('',(0.,8.));
#5531 = VECTOR('',#5532,1.);
#5532 = DIRECTION('',(1.,0.));
#5533 = ( GEOMETRIC_REPRESENTATION_CONTEXT(2) 
PARAMETRIC_REPRESENTATION_CONTEXT() REPRESENTATION_CONTEXT('2D SPACE',''
  ) );
#5534 = ADVANCED_FACE('',(#5535),#1188,.T.);
#5535 = FACE_BOUND('',#5536,.T.);
#5536 = EDGE_LOOP('',(#5537,#5538,#5539,#5562));
#5537 = ORIENTED_EDGE('',*,*,#1173,.F.);
#5538 = ORIENTED_EDGE('',*,*,#5514,.T.);
#5539 = ORIENTED_EDGE('',*,*,#5540,.T.);
#5540 = EDGE_CURVE('',#5434,#5541,#5543,.T.);
#5541 = VERTEX_POINT('',#5542);
#5542 = CARTESIAN_POINT('',(8.,-30.,25.));
#5543 = SURFACE_CURVE('',#5544,(#5548,#5555),.PCURVE_S1.);
#5544 = LINE('',#5545,#5546);
#5545 = CARTESIAN_POINT('',(-16.,-30.,25.));
#5546 = VECTOR('',#5547,1.);
#5547 = DIRECTION('',(1.,0.,0.));
#5548 = PCURVE('',#1188,#5549);
#5549 = DEFINITIONAL_REPRESENTATION('',(#5550),#5554);
#5550 = LINE('',#5551,#5552);
#5551 = CARTESIAN_POINT('',(54.,0.));
#5552 = VECTOR('',#5553,1.);
#5553 = DIRECTION('',(0.,1.));
#5554 = ( GEOMETRIC_REPRESENTATION_CONTEXT(2) 
PARAMETRIC_REPRESENTATION_CONTEXT() REPRESENTATION_CONTEXT('2D SPACE',''
  ) );
#5555 = PCURVE('',#5450,#5556);
#5556 = DEFINITIONAL_REPRESENTATION('',(#5557),#5561);
#5557 = LINE('',#5558,#5559);
#5558 = CARTESIAN_POINT('',(-0.,0.));
#5559 = VECTOR('',#5560,1.);
#5560 = DIRECTION('',(-0.,1.));
#5561 = ( GEOMETRIC_REPRESENTATION_CONTEXT(2) 
PARAMETRIC_REPRESENTATION_CONTEXT() REPRESENTATION_CONTEXT('2D SPACE',''
  ) );
#5562 = ORIENTED_EDGE('',*,*,#5563,.F.);
#5563 = EDGE_CURVE('',#1086,#5541,#5564,.T.);
#5564 = SURFACE_CURVE('',#5565,(#5569,#5576),.PCURVE_S1.);
#5565 = LINE('',#5566,#5567);
#5566 = CARTESIAN_POINT('',(8.,-30.,-29.));
#5567 = VECTOR('',#5568,1.);
#5568 = DIRECTION('',(0.,0.,1.));
#5569 = PCURVE('',#1188,#5570);
#5570 = DEFINITIONAL_REPRESENTATION('',(#5571),#5575);
#5571 = LINE('',#5572,#5573);
#5572 = CARTESIAN_POINT('',(0.,24.));
#5573 = VECTOR('',#5574,1.);
#5574 = DIRECTION('',(1.,0.));
#5575 = ( GEOMETRIC_REPRESENTATION_CONTEXT(2) 
PARAMETRIC_REPRESENTATION_CONTEXT() REPRESENTATION_CONTEXT('2D SPACE',''
  ) );
#5576 = PCURVE('',#1141,#5577);
#5577 = DEFINITIONAL_REPRESENTATION('',(#5578),#5582);
#5578 = LINE('',#5579,#5580);
#5579 = CARTESIAN_POINT('',(-1.570796326795,0.));
#5580 = VECTOR('',#5581,1.);
#5581 = DIRECTION('',(-0.,1.));
#5582 = ( GEOMETRIC_REPRESENTATION_CONTEXT(2) 
PARAMETRIC_REPRESENTATION_CONTEXT() REPRESENTATION_CONTEXT('2D SPACE',''
  ) );
#5583 = ADVANCED_FACE('',(#5584),#1141,.F.);
#5584 = FACE_BOUND('',#5585,.T.);
#5585 = EDGE_LOOP('',(#5586,#5608,#5609));
#5586 = ORIENTED_EDGE('',*,*,#5587,.F.);
#5587 = EDGE_CURVE('',#1013,#5541,#5588,.T.);
#5588 = SURFACE_CURVE('',#5589,(#5594,#5601),.PCURVE_S1.);
#5589 = CIRCLE('',#5590,8.);
#5590 = AXIS2_PLACEMENT_3D('',#5591,#5592,#5593);
#5591 = CARTESIAN_POINT('',(8.,-22.,25.));
#5592 = DIRECTION('',(0.,0.,-1.));
#5593 = DIRECTION('',(1.,0.,0.));
#5594 = PCURVE('',#1141,#5595);
#5595 = DEFINITIONAL_REPRESENTATION('',(#5596),#5600);
#5596 = LINE('',#5597,#5598);
#5597 = CARTESIAN_POINT('',(-0.,54.));
#5598 = VECTOR('',#5599,1.);
#5599 = DIRECTION('',(-1.,0.));
#5600 = ( GEOMETRIC_REPRESENTATION_CONTEXT(2) 
PARAMETRIC_REPRESENTATION_CONTEXT() REPRESENTATION_CONTEXT('2D SPACE',''
  ) );
#5601 = PCURVE('',#1058,#5602);
#5602 = DEFINITIONAL_REPRESENTATION('',(#5603),#5607);
#5603 = LINE('',#5604,#5605);
#5604 = CARTESIAN_POINT('',(0.,0.));
#5605 = VECTOR('',#5606,1.);
#5606 = DIRECTION('',(1.,0.));
#5607 = ( GEOMETRIC_REPRESENTATION_CONTEXT(2) 
PARAMETRIC_REPRESENTATION_CONTEXT() REPRESENTATION_CONTEXT('2D SPACE',''
  ) );
#5608 = ORIENTED_EDGE('',*,*,#1085,.T.);
#5609 = ORIENTED_EDGE('',*,*,#5563,.T.);
#5610 = ADVANCED_FACE('',(#5611),#1058,.F.);
#5611 = FACE_BOUND('',#5612,.F.);
#5612 = EDGE_LOOP('',(#5613,#5614,#5636,#5637));
#5613 = ORIENTED_EDGE('',*,*,#4831,.F.);
#5614 = ORIENTED_EDGE('',*,*,#5615,.T.);
#5615 = EDGE_CURVE('',#4832,#5541,#5616,.T.);
#5616 = SURFACE_CURVE('',#5617,(#5622,#5629),.PCURVE_S1.);
#5617 = CIRCLE('',#5618,8.);
#5618 = AXIS2_PLACEMENT_3D('',#5619,#5620,#5621);
#5619 = CARTESIAN_POINT('',(8.,-22.,25.));
#5620 = DIRECTION('',(1.,2.832769448824E-16,0.));
#5621 = DIRECTION('',(2.832769448824E-16,-1.,0.));
#5622 = PCURVE('',#1058,#5623);
#5623 = DEFINITIONAL_REPRESENTATION('',(#5624),#5628);
#5624 = LINE('',#5625,#5626);
#5625 = CARTESIAN_POINT('',(1.570796326795,-6.28318530718));
#5626 = VECTOR('',#5627,1.);
#5627 = DIRECTION('',(0.,1.));
#5628 = ( GEOMETRIC_REPRESENTATION_CONTEXT(2) 
PARAMETRIC_REPRESENTATION_CONTEXT() REPRESENTATION_CONTEXT('2D SPACE',''
  ) );
#5629 = PCURVE('',#5450,#5630);
#5630 = DEFINITIONAL_REPRESENTATION('',(#5631),#5635);
#5631 = LINE('',#5632,#5633);
#5632 = CARTESIAN_POINT('',(-6.28318530718,24.));
#5633 = VECTOR('',#5634,1.);
#5634 = DIRECTION('',(1.,-0.));
#5635 = ( GEOMETRIC_REPRESENTATION_CONTEXT(2) 
PARAMETRIC_REPRESENTATION_CONTEXT() REPRESENTATION_CONTEXT('2D SPACE',''
  ) );
#5636 = ORIENTED_EDGE('',*,*,#5587,.F.);
#5637 = ORIENTED_EDGE('',*,*,#1012,.F.);
#5638 = ADVANCED_FACE('',(#5639),#654,.T.);
#5639 = FACE_BOUND('',#5640,.F.);
#5640 = EDGE_LOOP('',(#5641,#5672,#5695,#5724,#5745,#5746,#5747));
#5641 = ORIENTED_EDGE('',*,*,#5642,.F.);
#5642 = EDGE_CURVE('',#5643,#5645,#5647,.T.);
#5643 = VERTEX_POINT('',#5644);
#5644 = CARTESIAN_POINT('',(10.,-25.,36.));
#5645 = VERTEX_POINT('',#5646);
#5646 = CARTESIAN_POINT('',(20.,-25.,26.));
#5647 = SURFACE_CURVE('',#5648,(#5653,#5660),.PCURVE_S1.);
#5648 = CIRCLE('',#5649,10.);
#5649 = AXIS2_PLACEMENT_3D('',#5650,#5651,#5652);
#5650 = CARTESIAN_POINT('',(10.,-25.,26.));
#5651 = DIRECTION('',(-0.,1.,0.));
#5652 = DIRECTION('',(1.,0.,0.));
#5653 = PCURVE('',#654,#5654);
#5654 = DEFINITIONAL_REPRESENTATION('',(#5655),#5659);
#5655 = LINE('',#5656,#5657);
#5656 = CARTESIAN_POINT('',(-6.28318530718,10.));
#5657 = VECTOR('',#5658,1.);
#5658 = DIRECTION('',(1.,-0.));
#5659 = ( GEOMETRIC_REPRESENTATION_CONTEXT(2) 
PARAMETRIC_REPRESENTATION_CONTEXT() REPRESENTATION_CONTEXT('2D SPACE',''
  ) );
#5660 = PCURVE('',#5661,#5666);
#5661 = SPHERICAL_SURFACE('',#5662,10.);
#5662 = AXIS2_PLACEMENT_3D('',#5663,#5664,#5665);
#5663 = CARTESIAN_POINT('',(10.,-25.,26.));
#5664 = DIRECTION('',(-0.,-0.,-1.));
#5665 = DIRECTION('',(1.,0.,0.));
#5666 = DEFINITIONAL_REPRESENTATION('',(#5667),#5671);
#5667 = LINE('',#5668,#5669);
#5668 = CARTESIAN_POINT('',(0.,-6.28318530718));
#5669 = VECTOR('',#5670,1.);
#5670 = DIRECTION('',(0.,1.));
#5671 = ( GEOMETRIC_REPRESENTATION_CONTEXT(2) 
PARAMETRIC_REPRESENTATION_CONTEXT() REPRESENTATION_CONTEXT('2D SPACE',''
  ) );
#5672 = ORIENTED_EDGE('',*,*,#5673,.T.);
#5673 = EDGE_CURVE('',#5643,#5674,#5676,.T.);
#5674 = VERTEX_POINT('',#5675);
#5675 = CARTESIAN_POINT('',(10.,25.,36.));
#5676 = SURFACE_CURVE('',#5677,(#5681,#5688),.PCURVE_S1.);
#5677 = LINE('',#5678,#5679);
#5678 = CARTESIAN_POINT('',(10.,-35.,36.));
#5679 = VECTOR('',#5680,1.);
#5680 = DIRECTION('',(0.,1.,0.));
#5681 = PCURVE('',#654,#5682);
#5682 = DEFINITIONAL_REPRESENTATION('',(#5683),#5687);
#5683 = LINE('',#5684,#5685);
#5684 = CARTESIAN_POINT('',(-1.570796326795,0.));
#5685 = VECTOR('',#5686,1.);
#5686 = DIRECTION('',(-0.,1.));
#5687 = ( GEOMETRIC_REPRESENTATION_CONTEXT(2) 
PARAMETRIC_REPRESENTATION_CONTEXT() REPRESENTATION_CONTEXT('2D SPACE',''
  ) );
#5688 = PCURVE('',#2475,#5689);
#5689 = DEFINITIONAL_REPRESENTATION('',(#5690),#5694);
#5690 = LINE('',#5691,#5692);
#5691 = CARTESIAN_POINT('',(30.,0.));
#5692 = VECTOR('',#5693,1.);
#5693 = DIRECTION('',(0.,1.));
#5694 = ( GEOMETRIC_REPRESENTATION_CONTEXT(2) 
PARAMETRIC_REPRESENTATION_CONTEXT() REPRESENTATION_CONTEXT('2D SPACE',''
  ) );
#5695 = ORIENTED_EDGE('',*,*,#5696,.F.);
#5696 = EDGE_CURVE('',#5697,#5674,#5699,.T.);
#5697 = VERTEX_POINT('',#5698);
#5698 = CARTESIAN_POINT('',(20.,25.,26.));
#5699 = SURFACE_CURVE('',#5700,(#5705,#5712),.PCURVE_S1.);
#5700 = CIRCLE('',#5701,10.);
#5701 = AXIS2_PLACEMENT_3D('',#5702,#5703,#5704);
#5702 = CARTESIAN_POINT('',(10.,25.,26.));
#5703 = DIRECTION('',(-0.,-1.,0.));
#5704 = DIRECTION('',(1.,-0.,0.));
#5705 = PCURVE('',#654,#5706);
#5706 = DEFINITIONAL_REPRESENTATION('',(#5707),#5711);
#5707 = LINE('',#5708,#5709);
#5708 = CARTESIAN_POINT('',(-0.,60.));
#5709 = VECTOR('',#5710,1.);
#5710 = DIRECTION('',(-1.,0.));
#5711 = ( GEOMETRIC_REPRESENTATION_CONTEXT(2) 
PARAMETRIC_REPRESENTATION_CONTEXT() REPRESENTATION_CONTEXT('2D SPACE',''
  ) );
#5712 = PCURVE('',#5713,#5718);
#5713 = SPHERICAL_SURFACE('',#5714,10.);
#5714 = AXIS2_PLACEMENT_3D('',#5715,#5716,#5717);
#5715 = CARTESIAN_POINT('',(10.,25.,26.));
#5716 = DIRECTION('',(-0.,-1.,-0.));
#5717 = DIRECTION('',(1.,-0.,0.));
#5718 = DEFINITIONAL_REPRESENTATION('',(#5719),#5723);
#5719 = LINE('',#5720,#5721);
#5720 = CARTESIAN_POINT('',(0.,0.));
#5721 = VECTOR('',#5722,1.);
#5722 = DIRECTION('',(1.,0.));
#5723 = ( GEOMETRIC_REPRESENTATION_CONTEXT(2) 
PARAMETRIC_REPRESENTATION_CONTEXT() REPRESENTATION_CONTEXT('2D SPACE',''
  ) );
#5724 = ORIENTED_EDGE('',*,*,#5725,.F.);
#5725 = EDGE_CURVE('',#627,#5697,#5726,.T.);
#5726 = SURFACE_CURVE('',#5727,(#5731,#5738),.PCURVE_S1.);
#5727 = LINE('',#5728,#5729);
#5728 = CARTESIAN_POINT('',(20.,-35.,26.));
#5729 = VECTOR('',#5730,1.);
#5730 = DIRECTION('',(0.,1.,0.));
#5731 = PCURVE('',#654,#5732);
#5732 = DEFINITIONAL_REPRESENTATION('',(#5733),#5737);
#5733 = LINE('',#5734,#5735);
#5734 = CARTESIAN_POINT('',(-0.,0.));
#5735 = VECTOR('',#5736,1.);
#5736 = DIRECTION('',(-0.,1.));
#5737 = ( GEOMETRIC_REPRESENTATION_CONTEXT(2) 
PARAMETRIC_REPRESENTATION_CONTEXT() REPRESENTATION_CONTEXT('2D SPACE',''
  ) );
#5738 = PCURVE('',#689,#5739);
#5739 = DEFINITIONAL_REPRESENTATION('',(#5740),#5744);
#5740 = LINE('',#5741,#5742);
#5741 = CARTESIAN_POINT('',(62.,0.));
#5742 = VECTOR('',#5743,1.);
#5743 = DIRECTION('',(0.,-1.));
#5744 = ( GEOMETRIC_REPRESENTATION_CONTEXT(2) 
PARAMETRIC_REPRESENTATION_CONTEXT() REPRESENTATION_CONTEXT('2D SPACE',''
  ) );
#5745 = ORIENTED_EDGE('',*,*,#626,.T.);
#5746 = ORIENTED_EDGE('',*,*,#917,.T.);
#5747 = ORIENTED_EDGE('',*,*,#5748,.F.);
#5748 = EDGE_CURVE('',#5645,#889,#5749,.T.);
#5749 = SURFACE_CURVE('',#5750,(#5754,#5761),.PCURVE_S1.);
#5750 = LINE('',#5751,#5752);
#5751 = CARTESIAN_POINT('',(20.,-35.,26.));
#5752 = VECTOR('',#5753,1.);
#5753 = DIRECTION('',(0.,1.,0.));
#5754 = PCURVE('',#654,#5755);
#5755 = DEFINITIONAL_REPRESENTATION('',(#5756),#5760);
#5756 = LINE('',#5757,#5758);
#5757 = CARTESIAN_POINT('',(-0.,0.));
#5758 = VECTOR('',#5759,1.);
#5759 = DIRECTION('',(-0.,1.));
#5760 = ( GEOMETRIC_REPRESENTATION_CONTEXT(2) 
PARAMETRIC_REPRESENTATION_CONTEXT() REPRESENTATION_CONTEXT('2D SPACE',''
  ) );
#5761 = PCURVE('',#905,#5762);
#5762 = DEFINITIONAL_REPRESENTATION('',(#5763),#5767);
#5763 = LINE('',#5764,#5765);
#5764 = CARTESIAN_POINT('',(62.,0.));
#5765 = VECTOR('',#5766,1.);
#5766 = DIRECTION('',(0.,-1.));
#5767 = ( GEOMETRIC_REPRESENTATION_CONTEXT(2) 
PARAMETRIC_REPRESENTATION_CONTEXT() REPRESENTATION_CONTEXT('2D SPACE',''
  ) );
#5768 = ADVANCED_FACE('',(#5769),#905,.T.);
#5769 = FACE_BOUND('',#5770,.T.);
#5770 = EDGE_LOOP('',(#5771,#5792,#5793));
#5771 = ORIENTED_EDGE('',*,*,#5772,.F.);
#5772 = EDGE_CURVE('',#702,#5645,#5773,.T.);
#5773 = SURFACE_CURVE('',#5774,(#5778,#5785),.PCURVE_S1.);
#5774 = LINE('',#5775,#5776);
#5775 = CARTESIAN_POINT('',(20.,-25.,-36.));
#5776 = VECTOR('',#5777,1.);
#5777 = DIRECTION('',(0.,0.,1.));
#5778 = PCURVE('',#905,#5779);
#5779 = DEFINITIONAL_REPRESENTATION('',(#5780),#5784);
#5780 = LINE('',#5781,#5782);
#5781 = CARTESIAN_POINT('',(0.,-10.));
#5782 = VECTOR('',#5783,1.);
#5783 = DIRECTION('',(1.,0.));
#5784 = ( GEOMETRIC_REPRESENTATION_CONTEXT(2) 
PARAMETRIC_REPRESENTATION_CONTEXT() REPRESENTATION_CONTEXT('2D SPACE',''
  ) );
#5785 = PCURVE('',#823,#5786);
#5786 = DEFINITIONAL_REPRESENTATION('',(#5787),#5791);
#5787 = LINE('',#5788,#5789);
#5788 = CARTESIAN_POINT('',(-0.,0.));
#5789 = VECTOR('',#5790,1.);
#5790 = DIRECTION('',(-0.,1.));
#5791 = ( GEOMETRIC_REPRESENTATION_CONTEXT(2) 
PARAMETRIC_REPRESENTATION_CONTEXT() REPRESENTATION_CONTEXT('2D SPACE',''
  ) );
#5792 = ORIENTED_EDGE('',*,*,#888,.F.);
#5793 = ORIENTED_EDGE('',*,*,#5748,.F.);
#5794 = ADVANCED_FACE('',(#5795),#823,.T.);
#5795 = FACE_BOUND('',#5796,.F.);
#5796 = EDGE_LOOP('',(#5797,#5820,#5847,#5848,#5870,#5871));
#5797 = ORIENTED_EDGE('',*,*,#5798,.F.);
#5798 = EDGE_CURVE('',#5799,#673,#5801,.T.);
#5799 = VERTEX_POINT('',#5800);
#5800 = CARTESIAN_POINT('',(20.,-25.,-26.));
#5801 = SURFACE_CURVE('',#5802,(#5806,#5813),.PCURVE_S1.);
#5802 = LINE('',#5803,#5804);
#5803 = CARTESIAN_POINT('',(20.,-25.,-36.));
#5804 = VECTOR('',#5805,1.);
#5805 = DIRECTION('',(0.,0.,1.));
#5806 = PCURVE('',#823,#5807);
#5807 = DEFINITIONAL_REPRESENTATION('',(#5808),#5812);
#5808 = LINE('',#5809,#5810);
#5809 = CARTESIAN_POINT('',(-0.,0.));
#5810 = VECTOR('',#5811,1.);
#5811 = DIRECTION('',(-0.,1.));
#5812 = ( GEOMETRIC_REPRESENTATION_CONTEXT(2) 
PARAMETRIC_REPRESENTATION_CONTEXT() REPRESENTATION_CONTEXT('2D SPACE',''
  ) );
#5813 = PCURVE('',#689,#5814);
#5814 = DEFINITIONAL_REPRESENTATION('',(#5815),#5819);
#5815 = LINE('',#5816,#5817);
#5816 = CARTESIAN_POINT('',(0.,-10.));
#5817 = VECTOR('',#5818,1.);
#5818 = DIRECTION('',(1.,0.));
#5819 = ( GEOMETRIC_REPRESENTATION_CONTEXT(2) 
PARAMETRIC_REPRESENTATION_CONTEXT() REPRESENTATION_CONTEXT('2D SPACE',''
  ) );
#5820 = ORIENTED_EDGE('',*,*,#5821,.T.);
#5821 = EDGE_CURVE('',#5799,#4753,#5822,.T.);
#5822 = SURFACE_CURVE('',#5823,(#5828,#5835),.PCURVE_S1.);
#5823 = CIRCLE('',#5824,10.);
#5824 = AXIS2_PLACEMENT_3D('',#5825,#5826,#5827);
#5825 = CARTESIAN_POINT('',(10.,-25.,-26.));
#5826 = DIRECTION('',(0.,-0.,-1.));
#5827 = DIRECTION('',(1.,0.,-0.));
#5828 = PCURVE('',#823,#5829);
#5829 = DEFINITIONAL_REPRESENTATION('',(#5830),#5834);
#5830 = LINE('',#5831,#5832);
#5831 = CARTESIAN_POINT('',(-0.,10.));
#5832 = VECTOR('',#5833,1.);
#5833 = DIRECTION('',(-1.,0.));
#5834 = ( GEOMETRIC_REPRESENTATION_CONTEXT(2) 
PARAMETRIC_REPRESENTATION_CONTEXT() REPRESENTATION_CONTEXT('2D SPACE',''
  ) );
#5835 = PCURVE('',#5836,#5841);
#5836 = SPHERICAL_SURFACE('',#5837,10.);
#5837 = AXIS2_PLACEMENT_3D('',#5838,#5839,#5840);
#5838 = CARTESIAN_POINT('',(10.,-25.,-26.));
#5839 = DIRECTION('',(0.,0.,1.));
#5840 = DIRECTION('',(1.,0.,-0.));
#5841 = DEFINITIONAL_REPRESENTATION('',(#5842),#5846);
#5842 = LINE('',#5843,#5844);
#5843 = CARTESIAN_POINT('',(-0.,0.));
#5844 = VECTOR('',#5845,1.);
#5845 = DIRECTION('',(-1.,0.));
#5846 = ( GEOMETRIC_REPRESENTATION_CONTEXT(2) 
PARAMETRIC_REPRESENTATION_CONTEXT() REPRESENTATION_CONTEXT('2D SPACE',''
  ) );
#5847 = ORIENTED_EDGE('',*,*,#4752,.T.);
#5848 = ORIENTED_EDGE('',*,*,#5849,.F.);
#5849 = EDGE_CURVE('',#5645,#4730,#5850,.T.);
#5850 = SURFACE_CURVE('',#5851,(#5856,#5863),.PCURVE_S1.);
#5851 = CIRCLE('',#5852,10.);
#5852 = AXIS2_PLACEMENT_3D('',#5853,#5854,#5855);
#5853 = CARTESIAN_POINT('',(10.,-25.,26.));
#5854 = DIRECTION('',(0.,0.,-1.));
#5855 = DIRECTION('',(1.,0.,0.));
#5856 = PCURVE('',#823,#5857);
#5857 = DEFINITIONAL_REPRESENTATION('',(#5858),#5862);
#5858 = LINE('',#5859,#5860);
#5859 = CARTESIAN_POINT('',(-0.,62.));
#5860 = VECTOR('',#5861,1.);
#5861 = DIRECTION('',(-1.,0.));
#5862 = ( GEOMETRIC_REPRESENTATION_CONTEXT(2) 
PARAMETRIC_REPRESENTATION_CONTEXT() REPRESENTATION_CONTEXT('2D SPACE',''
  ) );
#5863 = PCURVE('',#5661,#5864);
#5864 = DEFINITIONAL_REPRESENTATION('',(#5865),#5869);
#5865 = LINE('',#5866,#5867);
#5866 = CARTESIAN_POINT('',(0.,0.));
#5867 = VECTOR('',#5868,1.);
#5868 = DIRECTION('',(1.,0.));
#5869 = ( GEOMETRIC_REPRESENTATION_CONTEXT(2) 
PARAMETRIC_REPRESENTATION_CONTEXT() REPRESENTATION_CONTEXT('2D SPACE',''
  ) );
#5870 = ORIENTED_EDGE('',*,*,#5772,.F.);
#5871 = ORIENTED_EDGE('',*,*,#701,.T.);
#5872 = ADVANCED_FACE('',(#5873,#5932),#689,.T.);
#5873 = FACE_BOUND('',#5874,.T.);
#5874 = EDGE_LOOP('',(#5875,#5876,#5904,#5930,#5931));
#5875 = ORIENTED_EDGE('',*,*,#5798,.F.);
#5876 = ORIENTED_EDGE('',*,*,#5877,.T.);
#5877 = EDGE_CURVE('',#5799,#5878,#5880,.T.);
#5878 = VERTEX_POINT('',#5879);
#5879 = CARTESIAN_POINT('',(20.,25.,-26.));
#5880 = SURFACE_CURVE('',#5881,(#5885,#5892),.PCURVE_S1.);
#5881 = LINE('',#5882,#5883);
#5882 = CARTESIAN_POINT('',(20.,-35.,-26.));
#5883 = VECTOR('',#5884,1.);
#5884 = DIRECTION('',(0.,1.,0.));
#5885 = PCURVE('',#689,#5886);
#5886 = DEFINITIONAL_REPRESENTATION('',(#5887),#5891);
#5887 = LINE('',#5888,#5889);
#5888 = CARTESIAN_POINT('',(10.,0.));
#5889 = VECTOR('',#5890,1.);
#5890 = DIRECTION('',(0.,-1.));
#5891 = ( GEOMETRIC_REPRESENTATION_CONTEXT(2) 
PARAMETRIC_REPRESENTATION_CONTEXT() REPRESENTATION_CONTEXT('2D SPACE',''
  ) );
#5892 = PCURVE('',#5893,#5898);
#5893 = CYLINDRICAL_SURFACE('',#5894,10.);
#5894 = AXIS2_PLACEMENT_3D('',#5895,#5896,#5897);
#5895 = CARTESIAN_POINT('',(10.,-35.,-26.));
#5896 = DIRECTION('',(0.,1.,0.));
#5897 = DIRECTION('',(1.,0.,-0.));
#5898 = DEFINITIONAL_REPRESENTATION('',(#5899),#5903);
#5899 = LINE('',#5900,#5901);
#5900 = CARTESIAN_POINT('',(0.,0.));
#5901 = VECTOR('',#5902,1.);
#5902 = DIRECTION('',(0.,1.));
#5903 = ( GEOMETRIC_REPRESENTATION_CONTEXT(2) 
PARAMETRIC_REPRESENTATION_CONTEXT() REPRESENTATION_CONTEXT('2D SPACE',''
  ) );
#5904 = ORIENTED_EDGE('',*,*,#5905,.T.);
#5905 = EDGE_CURVE('',#5878,#5697,#5906,.T.);
#5906 = SURFACE_CURVE('',#5907,(#5911,#5918),.PCURVE_S1.);
#5907 = LINE('',#5908,#5909);
#5908 = CARTESIAN_POINT('',(20.,25.,-36.));
#5909 = VECTOR('',#5910,1.);
#5910 = DIRECTION('',(0.,0.,1.));
#5911 = PCURVE('',#689,#5912);
#5912 = DEFINITIONAL_REPRESENTATION('',(#5913),#5917);
#5913 = LINE('',#5914,#5915);
#5914 = CARTESIAN_POINT('',(0.,-60.));
#5915 = VECTOR('',#5916,1.);
#5916 = DIRECTION('',(1.,0.));
#5917 = ( GEOMETRIC_REPRESENTATION_CONTEXT(2) 
PARAMETRIC_REPRESENTATION_CONTEXT() REPRESENTATION_CONTEXT('2D SPACE',''
  ) );
#5918 = PCURVE('',#5919,#5924);
#5919 = CYLINDRICAL_SURFACE('',#5920,10.);
#5920 = AXIS2_PLACEMENT_3D('',#5921,#5922,#5923);
#5921 = CARTESIAN_POINT('',(10.,25.,-36.));
#5922 = DIRECTION('',(0.,0.,1.));
#5923 = DIRECTION('',(1.,0.,-0.));
#5924 = DEFINITIONAL_REPRESENTATION('',(#5925),#5929);
#5925 = LINE('',#5926,#5927);
#5926 = CARTESIAN_POINT('',(0.,0.));
#5927 = VECTOR('',#5928,1.);
#5928 = DIRECTION('',(0.,1.));
#5929 = ( GEOMETRIC_REPRESENTATION_CONTEXT(2) 
PARAMETRIC_REPRESENTATION_CONTEXT() REPRESENTATION_CONTEXT('2D SPACE',''
  ) );
#5930 = ORIENTED_EDGE('',*,*,#5725,.F.);
#5931 = ORIENTED_EDGE('',*,*,#672,.F.);
#5932 = FACE_BOUND('',#5933,.T.);
#5933 = EDGE_LOOP('',(#5934));
#5934 = ORIENTED_EDGE('',*,*,#5935,.F.);
#5935 = EDGE_CURVE('',#5936,#5936,#5938,.T.);
#5936 = VERTEX_POINT('',#5937);
#5937 = CARTESIAN_POINT('',(20.,2.718715894107E-15,6.1));
#5938 = SURFACE_CURVE('',#5939,(#5944,#5951),.PCURVE_S1.);
#5939 = CIRCLE('',#5940,11.1);
#5940 = AXIS2_PLACEMENT_3D('',#5941,#5942,#5943);
#5941 = CARTESIAN_POINT('',(20.,0.,-5.));
#5942 = DIRECTION('',(1.,0.,0.));
#5943 = DIRECTION('',(-0.,0.,1.));
#5944 = PCURVE('',#689,#5945);
#5945 = DEFINITIONAL_REPRESENTATION('',(#5946),#5950);
#5946 = CIRCLE('',#5947,11.1);
#5947 = AXIS2_PLACEMENT_2D('',#5948,#5949);
#5948 = CARTESIAN_POINT('',(31.,-35.));
#5949 = DIRECTION('',(1.,0.));
#5950 = ( GEOMETRIC_REPRESENTATION_CONTEXT(2) 
PARAMETRIC_REPRESENTATION_CONTEXT() REPRESENTATION_CONTEXT('2D SPACE',''
  ) );
#5951 = PCURVE('',#5036,#5952);
#5952 = DEFINITIONAL_REPRESENTATION('',(#5953),#5957);
#5953 = LINE('',#5954,#5955);
#5954 = CARTESIAN_POINT('',(0.,7.));
#5955 = VECTOR('',#5956,1.);
#5956 = DIRECTION('',(1.,0.));
#5957 = ( GEOMETRIC_REPRESENTATION_CONTEXT(2) 
PARAMETRIC_REPRESENTATION_CONTEXT() REPRESENTATION_CONTEXT('2D SPACE',''
  ) );
#5958 = ADVANCED_FACE('',(#5959),#2502,.T.);
#5959 = FACE_BOUND('',#5960,.F.);
#5960 = EDGE_LOOP('',(#5961,#5962,#5963,#5964,#5986));
#5961 = ORIENTED_EDGE('',*,*,#2696,.F.);
#5962 = ORIENTED_EDGE('',*,*,#3462,.T.);
#5963 = ORIENTED_EDGE('',*,*,#3197,.T.);
#5964 = ORIENTED_EDGE('',*,*,#5965,.T.);
#5965 = EDGE_CURVE('',#3200,#2460,#5966,.T.);
#5966 = SURFACE_CURVE('',#5967,(#5972,#5979),.PCURVE_S1.);
#5967 = CIRCLE('',#5968,10.);
#5968 = AXIS2_PLACEMENT_3D('',#5969,#5970,#5971);
#5969 = CARTESIAN_POINT('',(-10.,25.,26.));
#5970 = DIRECTION('',(1.,0.,2.832769448824E-16));
#5971 = DIRECTION('',(-2.832769448824E-16,0.,1.));
#5972 = PCURVE('',#2502,#5973);
#5973 = DEFINITIONAL_REPRESENTATION('',(#5974),#5978);
#5974 = LINE('',#5975,#5976);
#5975 = CARTESIAN_POINT('',(-1.570796326795,-6.28318530718));
#5976 = VECTOR('',#5977,1.);
#5977 = DIRECTION('',(-0.,1.));
#5978 = ( GEOMETRIC_REPRESENTATION_CONTEXT(2) 
PARAMETRIC_REPRESENTATION_CONTEXT() REPRESENTATION_CONTEXT('2D SPACE',''
  ) );
#5979 = PCURVE('',#3848,#5980);
#5980 = DEFINITIONAL_REPRESENTATION('',(#5981),#5985);
#5981 = LINE('',#5982,#5983);
#5982 = CARTESIAN_POINT('',(-4.712388980385,10.));
#5983 = VECTOR('',#5984,1.);
#5984 = DIRECTION('',(1.,0.));
#5985 = ( GEOMETRIC_REPRESENTATION_CONTEXT(2) 
PARAMETRIC_REPRESENTATION_CONTEXT() REPRESENTATION_CONTEXT('2D SPACE',''
  ) );
#5986 = ORIENTED_EDGE('',*,*,#2487,.F.);
#5987 = ADVANCED_FACE('',(#5988),#2475,.T.);
#5988 = FACE_BOUND('',#5989,.T.);
#5989 = EDGE_LOOP('',(#5990,#5991,#6012,#6013));
#5990 = ORIENTED_EDGE('',*,*,#2459,.F.);
#5991 = ORIENTED_EDGE('',*,*,#5992,.T.);
#5992 = EDGE_CURVE('',#2436,#5643,#5993,.T.);
#5993 = SURFACE_CURVE('',#5994,(#5998,#6005),.PCURVE_S1.);
#5994 = LINE('',#5995,#5996);
#5995 = CARTESIAN_POINT('',(-20.,-25.,36.));
#5996 = VECTOR('',#5997,1.);
#5997 = DIRECTION('',(1.,0.,0.));
#5998 = PCURVE('',#2475,#5999);
#5999 = DEFINITIONAL_REPRESENTATION('',(#6000),#6004);
#6000 = LINE('',#6001,#6002);
#6001 = CARTESIAN_POINT('',(0.,10.));
#6002 = VECTOR('',#6003,1.);
#6003 = DIRECTION('',(1.,0.));
#6004 = ( GEOMETRIC_REPRESENTATION_CONTEXT(2) 
PARAMETRIC_REPRESENTATION_CONTEXT() REPRESENTATION_CONTEXT('2D SPACE',''
  ) );
#6005 = PCURVE('',#2873,#6006);
#6006 = DEFINITIONAL_REPRESENTATION('',(#6007),#6011);
#6007 = LINE('',#6008,#6009);
#6008 = CARTESIAN_POINT('',(-1.570796326795,0.));
#6009 = VECTOR('',#6010,1.);
#6010 = DIRECTION('',(-0.,1.));
#6011 = ( GEOMETRIC_REPRESENTATION_CONTEXT(2) 
PARAMETRIC_REPRESENTATION_CONTEXT() REPRESENTATION_CONTEXT('2D SPACE',''
  ) );
#6012 = ORIENTED_EDGE('',*,*,#5673,.T.);
#6013 = ORIENTED_EDGE('',*,*,#6014,.F.);
#6014 = EDGE_CURVE('',#2460,#5674,#6015,.T.);
#6015 = SURFACE_CURVE('',#6016,(#6020,#6027),.PCURVE_S1.);
#6016 = LINE('',#6017,#6018);
#6017 = CARTESIAN_POINT('',(-20.,25.,36.));
#6018 = VECTOR('',#6019,1.);
#6019 = DIRECTION('',(1.,0.,0.));
#6020 = PCURVE('',#2475,#6021);
#6021 = DEFINITIONAL_REPRESENTATION('',(#6022),#6026);
#6022 = LINE('',#6023,#6024);
#6023 = CARTESIAN_POINT('',(0.,60.));
#6024 = VECTOR('',#6025,1.);
#6025 = DIRECTION('',(1.,0.));
#6026 = ( GEOMETRIC_REPRESENTATION_CONTEXT(2) 
PARAMETRIC_REPRESENTATION_CONTEXT() REPRESENTATION_CONTEXT('2D SPACE',''
  ) );
#6027 = PCURVE('',#3848,#6028);
#6028 = DEFINITIONAL_REPRESENTATION('',(#6029),#6033);
#6029 = LINE('',#6030,#6031);
#6030 = CARTESIAN_POINT('',(1.570796326795,0.));
#6031 = VECTOR('',#6032,1.);
#6032 = DIRECTION('',(0.,1.));
#6033 = ( GEOMETRIC_REPRESENTATION_CONTEXT(2) 
PARAMETRIC_REPRESENTATION_CONTEXT() REPRESENTATION_CONTEXT('2D SPACE',''
  ) );
#6034 = ADVANCED_FACE('',(#6035),#2616,.T.);
#6035 = FACE_BOUND('',#6036,.F.);
#6036 = EDGE_LOOP('',(#6037,#6038,#6060));
#6037 = ORIENTED_EDGE('',*,*,#2599,.F.);
#6038 = ORIENTED_EDGE('',*,*,#6039,.T.);
#6039 = EDGE_CURVE('',#2572,#3677,#6040,.T.);
#6040 = SURFACE_CURVE('',#6041,(#6046,#6053),.PCURVE_S1.);
#6041 = CIRCLE('',#6042,10.);
#6042 = AXIS2_PLACEMENT_3D('',#6043,#6044,#6045);
#6043 = CARTESIAN_POINT('',(-10.,25.,26.));
#6044 = DIRECTION('',(1.,0.,2.832769448824E-16));
#6045 = DIRECTION('',(-2.832769448824E-16,0.,1.));
#6046 = PCURVE('',#2616,#6047);
#6047 = DEFINITIONAL_REPRESENTATION('',(#6048),#6052);
#6048 = LINE('',#6049,#6050);
#6049 = CARTESIAN_POINT('',(-1.570796326795,-6.28318530718));
#6050 = VECTOR('',#6051,1.);
#6051 = DIRECTION('',(-0.,1.));
#6052 = ( GEOMETRIC_REPRESENTATION_CONTEXT(2) 
PARAMETRIC_REPRESENTATION_CONTEXT() REPRESENTATION_CONTEXT('2D SPACE',''
  ) );
#6053 = PCURVE('',#3848,#6054);
#6054 = DEFINITIONAL_REPRESENTATION('',(#6055),#6059);
#6055 = LINE('',#6056,#6057);
#6056 = CARTESIAN_POINT('',(-4.712388980385,10.));
#6057 = VECTOR('',#6058,1.);
#6058 = DIRECTION('',(1.,0.));
#6059 = ( GEOMETRIC_REPRESENTATION_CONTEXT(2) 
PARAMETRIC_REPRESENTATION_CONTEXT() REPRESENTATION_CONTEXT('2D SPACE',''
  ) );
#6060 = ORIENTED_EDGE('',*,*,#3676,.T.);
#6061 = ADVANCED_FACE('',(#6062),#2587,.T.);
#6062 = FACE_BOUND('',#6063,.T.);
#6063 = EDGE_LOOP('',(#6064,#6065,#6088,#6111));
#6064 = ORIENTED_EDGE('',*,*,#2571,.T.);
#6065 = ORIENTED_EDGE('',*,*,#6066,.T.);
#6066 = EDGE_CURVE('',#2572,#6067,#6069,.T.);
#6067 = VERTEX_POINT('',#6068);
#6068 = CARTESIAN_POINT('',(10.,35.,26.));
#6069 = SURFACE_CURVE('',#6070,(#6074,#6081),.PCURVE_S1.);
#6070 = LINE('',#6071,#6072);
#6071 = CARTESIAN_POINT('',(-20.,35.,26.));
#6072 = VECTOR('',#6073,1.);
#6073 = DIRECTION('',(1.,0.,0.));
#6074 = PCURVE('',#2587,#6075);
#6075 = DEFINITIONAL_REPRESENTATION('',(#6076),#6080);
#6076 = LINE('',#6077,#6078);
#6077 = CARTESIAN_POINT('',(62.,0.));
#6078 = VECTOR('',#6079,1.);
#6079 = DIRECTION('',(0.,1.));
#6080 = ( GEOMETRIC_REPRESENTATION_CONTEXT(2) 
PARAMETRIC_REPRESENTATION_CONTEXT() REPRESENTATION_CONTEXT('2D SPACE',''
  ) );
#6081 = PCURVE('',#3848,#6082);
#6082 = DEFINITIONAL_REPRESENTATION('',(#6083),#6087);
#6083 = LINE('',#6084,#6085);
#6084 = CARTESIAN_POINT('',(0.,0.));
#6085 = VECTOR('',#6086,1.);
#6086 = DIRECTION('',(0.,1.));
#6087 = ( GEOMETRIC_REPRESENTATION_CONTEXT(2) 
PARAMETRIC_REPRESENTATION_CONTEXT() REPRESENTATION_CONTEXT('2D SPACE',''
  ) );
#6088 = ORIENTED_EDGE('',*,*,#6089,.F.);
#6089 = EDGE_CURVE('',#6090,#6067,#6092,.T.);
#6090 = VERTEX_POINT('',#6091);
#6091 = CARTESIAN_POINT('',(10.,35.,-26.));
#6092 = SURFACE_CURVE('',#6093,(#6097,#6104),.PCURVE_S1.);
#6093 = LINE('',#6094,#6095);
#6094 = CARTESIAN_POINT('',(10.,35.,-36.));
#6095 = VECTOR('',#6096,1.);
#6096 = DIRECTION('',(0.,0.,1.));
#6097 = PCURVE('',#2587,#6098);
#6098 = DEFINITIONAL_REPRESENTATION('',(#6099),#6103);
#6099 = LINE('',#6100,#6101);
#6100 = CARTESIAN_POINT('',(0.,30.));
#6101 = VECTOR('',#6102,1.);
#6102 = DIRECTION('',(1.,0.));
#6103 = ( GEOMETRIC_REPRESENTATION_CONTEXT(2) 
PARAMETRIC_REPRESENTATION_CONTEXT() REPRESENTATION_CONTEXT('2D SPACE',''
  ) );
#6104 = PCURVE('',#5919,#6105);
#6105 = DEFINITIONAL_REPRESENTATION('',(#6106),#6110);
#6106 = LINE('',#6107,#6108);
#6107 = CARTESIAN_POINT('',(1.570796326795,0.));
#6108 = VECTOR('',#6109,1.);
#6109 = DIRECTION('',(0.,1.));
#6110 = ( GEOMETRIC_REPRESENTATION_CONTEXT(2) 
PARAMETRIC_REPRESENTATION_CONTEXT() REPRESENTATION_CONTEXT('2D SPACE',''
  ) );
#6111 = ORIENTED_EDGE('',*,*,#6112,.F.);
#6112 = EDGE_CURVE('',#2543,#6090,#6113,.T.);
#6113 = SURFACE_CURVE('',#6114,(#6118,#6125),.PCURVE_S1.);
#6114 = LINE('',#6115,#6116);
#6115 = CARTESIAN_POINT('',(-20.,35.,-26.));
#6116 = VECTOR('',#6117,1.);
#6117 = DIRECTION('',(1.,0.,0.));
#6118 = PCURVE('',#2587,#6119);
#6119 = DEFINITIONAL_REPRESENTATION('',(#6120),#6124);
#6120 = LINE('',#6121,#6122);
#6121 = CARTESIAN_POINT('',(10.,0.));
#6122 = VECTOR('',#6123,1.);
#6123 = DIRECTION('',(0.,1.));
#6124 = ( GEOMETRIC_REPRESENTATION_CONTEXT(2) 
PARAMETRIC_REPRESENTATION_CONTEXT() REPRESENTATION_CONTEXT('2D SPACE',''
  ) );
#6125 = PCURVE('',#6126,#6131);
#6126 = CYLINDRICAL_SURFACE('',#6127,10.);
#6127 = AXIS2_PLACEMENT_3D('',#6128,#6129,#6130);
#6128 = CARTESIAN_POINT('',(-20.,25.,-26.));
#6129 = DIRECTION('',(1.,0.,0.));
#6130 = DIRECTION('',(-0.,1.,0.));
#6131 = DEFINITIONAL_REPRESENTATION('',(#6132),#6136);
#6132 = LINE('',#6133,#6134);
#6133 = CARTESIAN_POINT('',(-0.,0.));
#6134 = VECTOR('',#6135,1.);
#6135 = DIRECTION('',(-0.,1.));
#6136 = ( GEOMETRIC_REPRESENTATION_CONTEXT(2) 
PARAMETRIC_REPRESENTATION_CONTEXT() REPRESENTATION_CONTEXT('2D SPACE',''
  ) );
#6137 = ADVANCED_FACE('',(#6138),#2559,.T.);
#6138 = FACE_BOUND('',#6139,.F.);
#6139 = EDGE_LOOP('',(#6140,#6141,#6163));
#6140 = ORIENTED_EDGE('',*,*,#2773,.F.);
#6141 = ORIENTED_EDGE('',*,*,#6142,.T.);
#6142 = EDGE_CURVE('',#2746,#2543,#6143,.T.);
#6143 = SURFACE_CURVE('',#6144,(#6149,#6156),.PCURVE_S1.);
#6144 = CIRCLE('',#6145,10.);
#6145 = AXIS2_PLACEMENT_3D('',#6146,#6147,#6148);
#6146 = CARTESIAN_POINT('',(-10.,25.,-26.));
#6147 = DIRECTION('',(1.,2.832769448824E-16,-0.));
#6148 = DIRECTION('',(-2.832769448824E-16,1.,0.));
#6149 = PCURVE('',#2559,#6150);
#6150 = DEFINITIONAL_REPRESENTATION('',(#6151),#6155);
#6151 = LINE('',#6152,#6153);
#6152 = CARTESIAN_POINT('',(-1.570796326795,-6.28318530718));
#6153 = VECTOR('',#6154,1.);
#6154 = DIRECTION('',(-0.,1.));
#6155 = ( GEOMETRIC_REPRESENTATION_CONTEXT(2) 
PARAMETRIC_REPRESENTATION_CONTEXT() REPRESENTATION_CONTEXT('2D SPACE',''
  ) );
#6156 = PCURVE('',#6126,#6157);
#6157 = DEFINITIONAL_REPRESENTATION('',(#6158),#6162);
#6158 = LINE('',#6159,#6160);
#6159 = CARTESIAN_POINT('',(-6.28318530718,10.));
#6160 = VECTOR('',#6161,1.);
#6161 = DIRECTION('',(1.,-0.));
#6162 = ( GEOMETRIC_REPRESENTATION_CONTEXT(2) 
PARAMETRIC_REPRESENTATION_CONTEXT() REPRESENTATION_CONTEXT('2D SPACE',''
  ) );
#6163 = ORIENTED_EDGE('',*,*,#2542,.F.);
#6164 = ADVANCED_FACE('',(#6165),#2761,.F.);
#6165 = FACE_BOUND('',#6166,.F.);
#6166 = EDGE_LOOP('',(#6167,#6168,#6191,#6214));
#6167 = ORIENTED_EDGE('',*,*,#2745,.F.);
#6168 = ORIENTED_EDGE('',*,*,#6169,.T.);
#6169 = EDGE_CURVE('',#2722,#6170,#6172,.T.);
#6170 = VERTEX_POINT('',#6171);
#6171 = CARTESIAN_POINT('',(10.,-25.,-36.));
#6172 = SURFACE_CURVE('',#6173,(#6177,#6184),.PCURVE_S1.);
#6173 = LINE('',#6174,#6175);
#6174 = CARTESIAN_POINT('',(-20.,-25.,-36.));
#6175 = VECTOR('',#6176,1.);
#6176 = DIRECTION('',(1.,0.,0.));
#6177 = PCURVE('',#2761,#6178);
#6178 = DEFINITIONAL_REPRESENTATION('',(#6179),#6183);
#6179 = LINE('',#6180,#6181);
#6180 = CARTESIAN_POINT('',(0.,10.));
#6181 = VECTOR('',#6182,1.);
#6182 = DIRECTION('',(1.,0.));
#6183 = ( GEOMETRIC_REPRESENTATION_CONTEXT(2) 
PARAMETRIC_REPRESENTATION_CONTEXT() REPRESENTATION_CONTEXT('2D SPACE',''
  ) );
#6184 = PCURVE('',#4789,#6185);
#6185 = DEFINITIONAL_REPRESENTATION('',(#6186),#6190);
#6186 = LINE('',#6187,#6188);
#6187 = CARTESIAN_POINT('',(1.570796326795,0.));
#6188 = VECTOR('',#6189,1.);
#6189 = DIRECTION('',(0.,1.));
#6190 = ( GEOMETRIC_REPRESENTATION_CONTEXT(2) 
PARAMETRIC_REPRESENTATION_CONTEXT() REPRESENTATION_CONTEXT('2D SPACE',''
  ) );
#6191 = ORIENTED_EDGE('',*,*,#6192,.T.);
#6192 = EDGE_CURVE('',#6170,#6193,#6195,.T.);
#6193 = VERTEX_POINT('',#6194);
#6194 = CARTESIAN_POINT('',(10.,25.,-36.));
#6195 = SURFACE_CURVE('',#6196,(#6200,#6207),.PCURVE_S1.);
#6196 = LINE('',#6197,#6198);
#6197 = CARTESIAN_POINT('',(10.,-35.,-36.));
#6198 = VECTOR('',#6199,1.);
#6199 = DIRECTION('',(0.,1.,0.));
#6200 = PCURVE('',#2761,#6201);
#6201 = DEFINITIONAL_REPRESENTATION('',(#6202),#6206);
#6202 = LINE('',#6203,#6204);
#6203 = CARTESIAN_POINT('',(30.,0.));
#6204 = VECTOR('',#6205,1.);
#6205 = DIRECTION('',(0.,1.));
#6206 = ( GEOMETRIC_REPRESENTATION_CONTEXT(2) 
PARAMETRIC_REPRESENTATION_CONTEXT() REPRESENTATION_CONTEXT('2D SPACE',''
  ) );
#6207 = PCURVE('',#5893,#6208);
#6208 = DEFINITIONAL_REPRESENTATION('',(#6209),#6213);
#6209 = LINE('',#6210,#6211);
#6210 = CARTESIAN_POINT('',(1.570796326795,0.));
#6211 = VECTOR('',#6212,1.);
#6212 = DIRECTION('',(0.,1.));
#6213 = ( GEOMETRIC_REPRESENTATION_CONTEXT(2) 
PARAMETRIC_REPRESENTATION_CONTEXT() REPRESENTATION_CONTEXT('2D SPACE',''
  ) );
#6214 = ORIENTED_EDGE('',*,*,#6215,.F.);
#6215 = EDGE_CURVE('',#2746,#6193,#6216,.T.);
#6216 = SURFACE_CURVE('',#6217,(#6221,#6228),.PCURVE_S1.);
#6217 = LINE('',#6218,#6219);
#6218 = CARTESIAN_POINT('',(-20.,25.,-36.));
#6219 = VECTOR('',#6220,1.);
#6220 = DIRECTION('',(1.,0.,0.));
#6221 = PCURVE('',#2761,#6222);
#6222 = DEFINITIONAL_REPRESENTATION('',(#6223),#6227);
#6223 = LINE('',#6224,#6225);
#6224 = CARTESIAN_POINT('',(0.,60.));
#6225 = VECTOR('',#6226,1.);
#6226 = DIRECTION('',(1.,0.));
#6227 = ( GEOMETRIC_REPRESENTATION_CONTEXT(2) 
PARAMETRIC_REPRESENTATION_CONTEXT() REPRESENTATION_CONTEXT('2D SPACE',''
  ) );
#6228 = PCURVE('',#6126,#6229);
#6229 = DEFINITIONAL_REPRESENTATION('',(#6230),#6234);
#6230 = LINE('',#6231,#6232);
#6231 = CARTESIAN_POINT('',(-1.570796326795,0.));
#6232 = VECTOR('',#6233,1.);
#6233 = DIRECTION('',(-0.,1.));
#6234 = ( GEOMETRIC_REPRESENTATION_CONTEXT(2) 
PARAMETRIC_REPRESENTATION_CONTEXT() REPRESENTATION_CONTEXT('2D SPACE',''
  ) );
#6235 = ADVANCED_FACE('',(#6236),#2873,.T.);
#6236 = FACE_BOUND('',#6237,.F.);
#6237 = EDGE_LOOP('',(#6238,#6239,#6240,#6262,#6263,#6264));
#6238 = ORIENTED_EDGE('',*,*,#2856,.F.);
#6239 = ORIENTED_EDGE('',*,*,#5992,.T.);
#6240 = ORIENTED_EDGE('',*,*,#6241,.T.);
#6241 = EDGE_CURVE('',#5643,#4730,#6242,.T.);
#6242 = SURFACE_CURVE('',#6243,(#6248,#6255),.PCURVE_S1.);
#6243 = CIRCLE('',#6244,10.);
#6244 = AXIS2_PLACEMENT_3D('',#6245,#6246,#6247);
#6245 = CARTESIAN_POINT('',(10.,-25.,26.));
#6246 = DIRECTION('',(1.,2.832769448824E-16,0.));
#6247 = DIRECTION('',(2.832769448824E-16,-1.,0.));
#6248 = PCURVE('',#2873,#6249);
#6249 = DEFINITIONAL_REPRESENTATION('',(#6250),#6254);
#6250 = LINE('',#6251,#6252);
#6251 = CARTESIAN_POINT('',(-6.28318530718,30.));
#6252 = VECTOR('',#6253,1.);
#6253 = DIRECTION('',(1.,-0.));
#6254 = ( GEOMETRIC_REPRESENTATION_CONTEXT(2) 
PARAMETRIC_REPRESENTATION_CONTEXT() REPRESENTATION_CONTEXT('2D SPACE',''
  ) );
#6255 = PCURVE('',#5661,#6256);
#6256 = DEFINITIONAL_REPRESENTATION('',(#6257),#6261);
#6257 = LINE('',#6258,#6259);
#6258 = CARTESIAN_POINT('',(1.570796326795,-6.28318530718));
#6259 = VECTOR('',#6260,1.);
#6260 = DIRECTION('',(0.,1.));
#6261 = ( GEOMETRIC_REPRESENTATION_CONTEXT(2) 
PARAMETRIC_REPRESENTATION_CONTEXT() REPRESENTATION_CONTEXT('2D SPACE',''
  ) );
#6262 = ORIENTED_EDGE('',*,*,#4729,.F.);
#6263 = ORIENTED_EDGE('',*,*,#4702,.F.);
#6264 = ORIENTED_EDGE('',*,*,#3316,.F.);
#6265 = ADVANCED_FACE('',(#6266),#3848,.T.);
#6266 = FACE_BOUND('',#6267,.T.);
#6267 = EDGE_LOOP('',(#6268,#6269,#6270,#6271,#6272,#6273));
#6268 = ORIENTED_EDGE('',*,*,#6066,.F.);
#6269 = ORIENTED_EDGE('',*,*,#6039,.T.);
#6270 = ORIENTED_EDGE('',*,*,#3816,.F.);
#6271 = ORIENTED_EDGE('',*,*,#5965,.T.);
#6272 = ORIENTED_EDGE('',*,*,#6014,.T.);
#6273 = ORIENTED_EDGE('',*,*,#6274,.F.);
#6274 = EDGE_CURVE('',#6067,#5674,#6275,.T.);
#6275 = SURFACE_CURVE('',#6276,(#6281,#6288),.PCURVE_S1.);
#6276 = CIRCLE('',#6277,10.);
#6277 = AXIS2_PLACEMENT_3D('',#6278,#6279,#6280);
#6278 = CARTESIAN_POINT('',(10.,25.,26.));
#6279 = DIRECTION('',(1.,0.,-2.832769448824E-16));
#6280 = DIRECTION('',(2.832769448824E-16,0.,1.));
#6281 = PCURVE('',#3848,#6282);
#6282 = DEFINITIONAL_REPRESENTATION('',(#6283),#6287);
#6283 = LINE('',#6284,#6285);
#6284 = CARTESIAN_POINT('',(-4.712388980385,30.));
#6285 = VECTOR('',#6286,1.);
#6286 = DIRECTION('',(1.,0.));
#6287 = ( GEOMETRIC_REPRESENTATION_CONTEXT(2) 
PARAMETRIC_REPRESENTATION_CONTEXT() REPRESENTATION_CONTEXT('2D SPACE',''
  ) );
#6288 = PCURVE('',#5713,#6289);
#6289 = DEFINITIONAL_REPRESENTATION('',(#6290),#6294);
#6290 = LINE('',#6291,#6292);
#6291 = CARTESIAN_POINT('',(1.570796326795,-6.28318530718));
#6292 = VECTOR('',#6293,1.);
#6293 = DIRECTION('',(0.,1.));
#6294 = ( GEOMETRIC_REPRESENTATION_CONTEXT(2) 
PARAMETRIC_REPRESENTATION_CONTEXT() REPRESENTATION_CONTEXT('2D SPACE',''
  ) );
#6295 = ADVANCED_FACE('',(#6296),#4561,.F.);
#6296 = FACE_BOUND('',#6297,.T.);
#6297 = EDGE_LOOP('',(#6298,#6322,#6351,#6373,#6374));
#6298 = ORIENTED_EDGE('',*,*,#6299,.F.);
#6299 = EDGE_CURVE('',#6300,#5326,#6302,.T.);
#6300 = VERTEX_POINT('',#6301);
#6301 = CARTESIAN_POINT('',(-8.,30.,25.));
#6302 = SURFACE_CURVE('',#6303,(#6308,#6315),.PCURVE_S1.);
#6303 = CIRCLE('',#6304,8.);
#6304 = AXIS2_PLACEMENT_3D('',#6305,#6306,#6307);
#6305 = CARTESIAN_POINT('',(-8.,22.,25.));
#6306 = DIRECTION('',(0.,0.,1.));
#6307 = DIRECTION('',(-1.,0.,0.));
#6308 = PCURVE('',#4561,#6309);
#6309 = DEFINITIONAL_REPRESENTATION('',(#6310),#6314);
#6310 = LINE('',#6311,#6312);
#6311 = CARTESIAN_POINT('',(-0.,-6.28318530718));
#6312 = VECTOR('',#6313,1.);
#6313 = DIRECTION('',(-0.,1.));
#6314 = ( GEOMETRIC_REPRESENTATION_CONTEXT(2) 
PARAMETRIC_REPRESENTATION_CONTEXT() REPRESENTATION_CONTEXT('2D SPACE',''
  ) );
#6315 = PCURVE('',#5260,#6316);
#6316 = DEFINITIONAL_REPRESENTATION('',(#6317),#6321);
#6317 = LINE('',#6318,#6319);
#6318 = CARTESIAN_POINT('',(-6.28318530718,54.));
#6319 = VECTOR('',#6320,1.);
#6320 = DIRECTION('',(1.,-0.));
#6321 = ( GEOMETRIC_REPRESENTATION_CONTEXT(2) 
PARAMETRIC_REPRESENTATION_CONTEXT() REPRESENTATION_CONTEXT('2D SPACE',''
  ) );
#6322 = ORIENTED_EDGE('',*,*,#6323,.T.);
#6323 = EDGE_CURVE('',#6300,#6324,#6326,.T.);
#6324 = VERTEX_POINT('',#6325);
#6325 = CARTESIAN_POINT('',(-8.,22.,33.));
#6326 = SURFACE_CURVE('',#6327,(#6332,#6339),.PCURVE_S1.);
#6327 = CIRCLE('',#6328,8.);
#6328 = AXIS2_PLACEMENT_3D('',#6329,#6330,#6331);
#6329 = CARTESIAN_POINT('',(-8.,22.,25.));
#6330 = DIRECTION('',(1.,0.,2.832769448824E-16));
#6331 = DIRECTION('',(-2.832769448824E-16,0.,1.));
#6332 = PCURVE('',#4561,#6333);
#6333 = DEFINITIONAL_REPRESENTATION('',(#6334),#6338);
#6334 = LINE('',#6335,#6336);
#6335 = CARTESIAN_POINT('',(-1.570796326795,-6.28318530718));
#6336 = VECTOR('',#6337,1.);
#6337 = DIRECTION('',(-0.,1.));
#6338 = ( GEOMETRIC_REPRESENTATION_CONTEXT(2) 
PARAMETRIC_REPRESENTATION_CONTEXT() REPRESENTATION_CONTEXT('2D SPACE',''
  ) );
#6339 = PCURVE('',#6340,#6345);
#6340 = CYLINDRICAL_SURFACE('',#6341,8.);
#6341 = AXIS2_PLACEMENT_3D('',#6342,#6343,#6344);
#6342 = CARTESIAN_POINT('',(-16.,22.,25.));
#6343 = DIRECTION('',(1.,0.,0.));
#6344 = DIRECTION('',(-0.,1.,0.));
#6345 = DEFINITIONAL_REPRESENTATION('',(#6346),#6350);
#6346 = LINE('',#6347,#6348);
#6347 = CARTESIAN_POINT('',(-4.712388980385,8.));
#6348 = VECTOR('',#6349,1.);
#6349 = DIRECTION('',(1.,0.));
#6350 = ( GEOMETRIC_REPRESENTATION_CONTEXT(2) 
PARAMETRIC_REPRESENTATION_CONTEXT() REPRESENTATION_CONTEXT('2D SPACE',''
  ) );
#6351 = ORIENTED_EDGE('',*,*,#6352,.F.);
#6352 = EDGE_CURVE('',#4272,#6324,#6353,.T.);
#6353 = SURFACE_CURVE('',#6354,(#6359,#6366),.PCURVE_S1.);
#6354 = CIRCLE('',#6355,8.);
#6355 = AXIS2_PLACEMENT_3D('',#6356,#6357,#6358);
#6356 = CARTESIAN_POINT('',(-8.,22.,25.));
#6357 = DIRECTION('',(0.,1.,0.));
#6358 = DIRECTION('',(-1.,0.,0.));
#6359 = PCURVE('',#4561,#6360);
#6360 = DEFINITIONAL_REPRESENTATION('',(#6361),#6365);
#6361 = LINE('',#6362,#6363);
#6362 = CARTESIAN_POINT('',(-0.,0.));
#6363 = VECTOR('',#6364,1.);
#6364 = DIRECTION('',(-1.,0.));
#6365 = ( GEOMETRIC_REPRESENTATION_CONTEXT(2) 
PARAMETRIC_REPRESENTATION_CONTEXT() REPRESENTATION_CONTEXT('2D SPACE',''
  ) );
#6366 = PCURVE('',#4286,#6367);
#6367 = DEFINITIONAL_REPRESENTATION('',(#6368),#6372);
#6368 = LINE('',#6369,#6370);
#6369 = CARTESIAN_POINT('',(0.,52.));
#6370 = VECTOR('',#6371,1.);
#6371 = DIRECTION('',(1.,0.));
#6372 = ( GEOMETRIC_REPRESENTATION_CONTEXT(2) 
PARAMETRIC_REPRESENTATION_CONTEXT() REPRESENTATION_CONTEXT('2D SPACE',''
  ) );
#6373 = ORIENTED_EDGE('',*,*,#4297,.F.);
#6374 = ORIENTED_EDGE('',*,*,#5377,.F.);
#6375 = ADVANCED_FACE('',(#6376),#4286,.F.);
#6376 = FACE_BOUND('',#6377,.F.);
#6377 = EDGE_LOOP('',(#6378,#6379,#6400,#6401));
#6378 = ORIENTED_EDGE('',*,*,#5487,.F.);
#6379 = ORIENTED_EDGE('',*,*,#6380,.T.);
#6380 = EDGE_CURVE('',#5432,#6324,#6381,.T.);
#6381 = SURFACE_CURVE('',#6382,(#6386,#6393),.PCURVE_S1.);
#6382 = LINE('',#6383,#6384);
#6383 = CARTESIAN_POINT('',(-8.,-30.,33.));
#6384 = VECTOR('',#6385,1.);
#6385 = DIRECTION('',(0.,1.,0.));
#6386 = PCURVE('',#4286,#6387);
#6387 = DEFINITIONAL_REPRESENTATION('',(#6388),#6392);
#6388 = LINE('',#6389,#6390);
#6389 = CARTESIAN_POINT('',(1.570796326795,0.));
#6390 = VECTOR('',#6391,1.);
#6391 = DIRECTION('',(0.,1.));
#6392 = ( GEOMETRIC_REPRESENTATION_CONTEXT(2) 
PARAMETRIC_REPRESENTATION_CONTEXT() REPRESENTATION_CONTEXT('2D SPACE',''
  ) );
#6393 = PCURVE('',#4871,#6394);
#6394 = DEFINITIONAL_REPRESENTATION('',(#6395),#6399);
#6395 = LINE('',#6396,#6397);
#6396 = CARTESIAN_POINT('',(8.,0.));
#6397 = VECTOR('',#6398,1.);
#6398 = DIRECTION('',(0.,1.));
#6399 = ( GEOMETRIC_REPRESENTATION_CONTEXT(2) 
PARAMETRIC_REPRESENTATION_CONTEXT() REPRESENTATION_CONTEXT('2D SPACE',''
  ) );
#6400 = ORIENTED_EDGE('',*,*,#6352,.F.);
#6401 = ORIENTED_EDGE('',*,*,#4271,.F.);
#6402 = ADVANCED_FACE('',(#6403),#4789,.T.);
#6403 = FACE_BOUND('',#6404,.T.);
#6404 = EDGE_LOOP('',(#6405,#6406,#6407,#6429));
#6405 = ORIENTED_EDGE('',*,*,#4805,.F.);
#6406 = ORIENTED_EDGE('',*,*,#6169,.T.);
#6407 = ORIENTED_EDGE('',*,*,#6408,.T.);
#6408 = EDGE_CURVE('',#6170,#4753,#6409,.T.);
#6409 = SURFACE_CURVE('',#6410,(#6415,#6422),.PCURVE_S1.);
#6410 = CIRCLE('',#6411,10.);
#6411 = AXIS2_PLACEMENT_3D('',#6412,#6413,#6414);
#6412 = CARTESIAN_POINT('',(10.,-25.,-26.));
#6413 = DIRECTION('',(-1.,-2.832769448824E-16,0.));
#6414 = DIRECTION('',(2.832769448824E-16,-1.,-0.));
#6415 = PCURVE('',#4789,#6416);
#6416 = DEFINITIONAL_REPRESENTATION('',(#6417),#6421);
#6417 = LINE('',#6418,#6419);
#6418 = CARTESIAN_POINT('',(6.28318530718,30.));
#6419 = VECTOR('',#6420,1.);
#6420 = DIRECTION('',(-1.,-0.));
#6421 = ( GEOMETRIC_REPRESENTATION_CONTEXT(2) 
PARAMETRIC_REPRESENTATION_CONTEXT() REPRESENTATION_CONTEXT('2D SPACE',''
  ) );
#6422 = PCURVE('',#5836,#6423);
#6423 = DEFINITIONAL_REPRESENTATION('',(#6424),#6428);
#6424 = LINE('',#6425,#6426);
#6425 = CARTESIAN_POINT('',(-1.570796326795,-6.28318530718));
#6426 = VECTOR('',#6427,1.);
#6427 = DIRECTION('',(-0.,1.));
#6428 = ( GEOMETRIC_REPRESENTATION_CONTEXT(2) 
PARAMETRIC_REPRESENTATION_CONTEXT() REPRESENTATION_CONTEXT('2D SPACE',''
  ) );
#6429 = ORIENTED_EDGE('',*,*,#4775,.F.);
#6430 = ADVANCED_FACE('',(#6431),#4900,.F.);
#6431 = FACE_BOUND('',#6432,.F.);
#6432 = EDGE_LOOP('',(#6433,#6457,#6479));
#6433 = ORIENTED_EDGE('',*,*,#6434,.F.);
#6434 = EDGE_CURVE('',#6435,#4884,#6437,.T.);
#6435 = VERTEX_POINT('',#6436);
#6436 = CARTESIAN_POINT('',(8.,30.,25.));
#6437 = SURFACE_CURVE('',#6438,(#6443,#6450),.PCURVE_S1.);
#6438 = CIRCLE('',#6439,8.);
#6439 = AXIS2_PLACEMENT_3D('',#6440,#6441,#6442);
#6440 = CARTESIAN_POINT('',(8.,22.,25.));
#6441 = DIRECTION('',(0.,0.,-1.));
#6442 = DIRECTION('',(1.,0.,0.));
#6443 = PCURVE('',#4900,#6444);
#6444 = DEFINITIONAL_REPRESENTATION('',(#6445),#6449);
#6445 = LINE('',#6446,#6447);
#6446 = CARTESIAN_POINT('',(0.,-6.28318530718));
#6447 = VECTOR('',#6448,1.);
#6448 = DIRECTION('',(0.,1.));
#6449 = ( GEOMETRIC_REPRESENTATION_CONTEXT(2) 
PARAMETRIC_REPRESENTATION_CONTEXT() REPRESENTATION_CONTEXT('2D SPACE',''
  ) );
#6450 = PCURVE('',#5003,#6451);
#6451 = DEFINITIONAL_REPRESENTATION('',(#6452),#6456);
#6452 = LINE('',#6453,#6454);
#6453 = CARTESIAN_POINT('',(6.28318530718,54.));
#6454 = VECTOR('',#6455,1.);
#6455 = DIRECTION('',(-1.,-0.));
#6456 = ( GEOMETRIC_REPRESENTATION_CONTEXT(2) 
PARAMETRIC_REPRESENTATION_CONTEXT() REPRESENTATION_CONTEXT('2D SPACE',''
  ) );
#6457 = ORIENTED_EDGE('',*,*,#6458,.T.);
#6458 = EDGE_CURVE('',#6435,#4856,#6459,.T.);
#6459 = SURFACE_CURVE('',#6460,(#6465,#6472),.PCURVE_S1.);
#6460 = CIRCLE('',#6461,8.);
#6461 = AXIS2_PLACEMENT_3D('',#6462,#6463,#6464);
#6462 = CARTESIAN_POINT('',(8.,22.,25.));
#6463 = DIRECTION('',(1.,0.,-2.832769448824E-16));
#6464 = DIRECTION('',(2.832769448824E-16,0.,1.));
#6465 = PCURVE('',#4900,#6466);
#6466 = DEFINITIONAL_REPRESENTATION('',(#6467),#6471);
#6467 = LINE('',#6468,#6469);
#6468 = CARTESIAN_POINT('',(1.570796326795,-6.28318530718));
#6469 = VECTOR('',#6470,1.);
#6470 = DIRECTION('',(0.,1.));
#6471 = ( GEOMETRIC_REPRESENTATION_CONTEXT(2) 
PARAMETRIC_REPRESENTATION_CONTEXT() REPRESENTATION_CONTEXT('2D SPACE',''
  ) );
#6472 = PCURVE('',#6340,#6473);
#6473 = DEFINITIONAL_REPRESENTATION('',(#6474),#6478);
#6474 = LINE('',#6475,#6476);
#6475 = CARTESIAN_POINT('',(-4.712388980385,24.));
#6476 = VECTOR('',#6477,1.);
#6477 = DIRECTION('',(1.,0.));
#6478 = ( GEOMETRIC_REPRESENTATION_CONTEXT(2) 
PARAMETRIC_REPRESENTATION_CONTEXT() REPRESENTATION_CONTEXT('2D SPACE',''
  ) );
#6479 = ORIENTED_EDGE('',*,*,#4883,.F.);
#6480 = ADVANCED_FACE('',(#6481),#4871,.F.);
#6481 = FACE_BOUND('',#6482,.F.);
#6482 = EDGE_LOOP('',(#6483,#6484,#6505,#6506));
#6483 = ORIENTED_EDGE('',*,*,#6380,.F.);
#6484 = ORIENTED_EDGE('',*,*,#6485,.T.);
#6485 = EDGE_CURVE('',#5432,#4832,#6486,.T.);
#6486 = SURFACE_CURVE('',#6487,(#6491,#6498),.PCURVE_S1.);
#6487 = LINE('',#6488,#6489);
#6488 = CARTESIAN_POINT('',(-16.,-22.,33.));
#6489 = VECTOR('',#6490,1.);
#6490 = DIRECTION('',(1.,0.,0.));
#6491 = PCURVE('',#4871,#6492);
#6492 = DEFINITIONAL_REPRESENTATION('',(#6493),#6497);
#6493 = LINE('',#6494,#6495);
#6494 = CARTESIAN_POINT('',(0.,8.));
#6495 = VECTOR('',#6496,1.);
#6496 = DIRECTION('',(1.,0.));
#6497 = ( GEOMETRIC_REPRESENTATION_CONTEXT(2) 
PARAMETRIC_REPRESENTATION_CONTEXT() REPRESENTATION_CONTEXT('2D SPACE',''
  ) );
#6498 = PCURVE('',#5450,#6499);
#6499 = DEFINITIONAL_REPRESENTATION('',(#6500),#6504);
#6500 = LINE('',#6501,#6502);
#6501 = CARTESIAN_POINT('',(-1.570796326795,0.));
#6502 = VECTOR('',#6503,1.);
#6503 = DIRECTION('',(-0.,1.));
#6504 = ( GEOMETRIC_REPRESENTATION_CONTEXT(2) 
PARAMETRIC_REPRESENTATION_CONTEXT() REPRESENTATION_CONTEXT('2D SPACE',''
  ) );
#6505 = ORIENTED_EDGE('',*,*,#4855,.T.);
#6506 = ORIENTED_EDGE('',*,*,#6507,.F.);
#6507 = EDGE_CURVE('',#6324,#4856,#6508,.T.);
#6508 = SURFACE_CURVE('',#6509,(#6513,#6520),.PCURVE_S1.);
#6509 = LINE('',#6510,#6511);
#6510 = CARTESIAN_POINT('',(-16.,22.,33.));
#6511 = VECTOR('',#6512,1.);
#6512 = DIRECTION('',(1.,0.,0.));
#6513 = PCURVE('',#4871,#6514);
#6514 = DEFINITIONAL_REPRESENTATION('',(#6515),#6519);
#6515 = LINE('',#6516,#6517);
#6516 = CARTESIAN_POINT('',(0.,52.));
#6517 = VECTOR('',#6518,1.);
#6518 = DIRECTION('',(1.,0.));
#6519 = ( GEOMETRIC_REPRESENTATION_CONTEXT(2) 
PARAMETRIC_REPRESENTATION_CONTEXT() REPRESENTATION_CONTEXT('2D SPACE',''
  ) );
#6520 = PCURVE('',#6340,#6521);
#6521 = DEFINITIONAL_REPRESENTATION('',(#6522),#6526);
#6522 = LINE('',#6523,#6524);
#6523 = CARTESIAN_POINT('',(1.570796326795,0.));
#6524 = VECTOR('',#6525,1.);
#6525 = DIRECTION('',(0.,1.));
#6526 = ( GEOMETRIC_REPRESENTATION_CONTEXT(2) 
PARAMETRIC_REPRESENTATION_CONTEXT() REPRESENTATION_CONTEXT('2D SPACE',''
  ) );
#6527 = ADVANCED_FACE('',(#6528),#5003,.F.);
#6528 = FACE_BOUND('',#6529,.F.);
#6529 = EDGE_LOOP('',(#6530,#6531,#6560,#6586));
#6530 = ORIENTED_EDGE('',*,*,#4989,.F.);
#6531 = ORIENTED_EDGE('',*,*,#6532,.T.);
#6532 = EDGE_CURVE('',#4962,#6533,#6535,.T.);
#6533 = VERTEX_POINT('',#6534);
#6534 = CARTESIAN_POINT('',(8.,30.,-21.));
#6535 = SURFACE_CURVE('',#6536,(#6541,#6548),.PCURVE_S1.);
#6536 = CIRCLE('',#6537,8.);
#6537 = AXIS2_PLACEMENT_3D('',#6538,#6539,#6540);
#6538 = CARTESIAN_POINT('',(8.,22.,-21.));
#6539 = DIRECTION('',(0.,0.,1.));
#6540 = DIRECTION('',(1.,0.,-0.));
#6541 = PCURVE('',#5003,#6542);
#6542 = DEFINITIONAL_REPRESENTATION('',(#6543),#6547);
#6543 = LINE('',#6544,#6545);
#6544 = CARTESIAN_POINT('',(0.,8.));
#6545 = VECTOR('',#6546,1.);
#6546 = DIRECTION('',(1.,0.));
#6547 = ( GEOMETRIC_REPRESENTATION_CONTEXT(2) 
PARAMETRIC_REPRESENTATION_CONTEXT() REPRESENTATION_CONTEXT('2D SPACE',''
  ) );
#6548 = PCURVE('',#6549,#6554);
#6549 = SPHERICAL_SURFACE('',#6550,8.);
#6550 = AXIS2_PLACEMENT_3D('',#6551,#6552,#6553);
#6551 = CARTESIAN_POINT('',(8.,22.,-21.));
#6552 = DIRECTION('',(0.,0.,1.));
#6553 = DIRECTION('',(1.,0.,-0.));
#6554 = DEFINITIONAL_REPRESENTATION('',(#6555),#6559);
#6555 = LINE('',#6556,#6557);
#6556 = CARTESIAN_POINT('',(0.,0.));
#6557 = VECTOR('',#6558,1.);
#6558 = DIRECTION('',(1.,0.));
#6559 = ( GEOMETRIC_REPRESENTATION_CONTEXT(2) 
PARAMETRIC_REPRESENTATION_CONTEXT() REPRESENTATION_CONTEXT('2D SPACE',''
  ) );
#6560 = ORIENTED_EDGE('',*,*,#6561,.T.);
#6561 = EDGE_CURVE('',#6533,#6435,#6562,.T.);
#6562 = SURFACE_CURVE('',#6563,(#6567,#6574),.PCURVE_S1.);
#6563 = LINE('',#6564,#6565);
#6564 = CARTESIAN_POINT('',(8.,30.,-29.));
#6565 = VECTOR('',#6566,1.);
#6566 = DIRECTION('',(0.,0.,1.));
#6567 = PCURVE('',#5003,#6568);
#6568 = DEFINITIONAL_REPRESENTATION('',(#6569),#6573);
#6569 = LINE('',#6570,#6571);
#6570 = CARTESIAN_POINT('',(1.570796326795,0.));
#6571 = VECTOR('',#6572,1.);
#6572 = DIRECTION('',(0.,1.));
#6573 = ( GEOMETRIC_REPRESENTATION_CONTEXT(2) 
PARAMETRIC_REPRESENTATION_CONTEXT() REPRESENTATION_CONTEXT('2D SPACE',''
  ) );
#6574 = PCURVE('',#6575,#6580);
#6575 = PLANE('',#6576);
#6576 = AXIS2_PLACEMENT_3D('',#6577,#6578,#6579);
#6577 = CARTESIAN_POINT('',(-16.,30.,-29.));
#6578 = DIRECTION('',(0.,1.,0.));
#6579 = DIRECTION('',(0.,0.,1.));
#6580 = DEFINITIONAL_REPRESENTATION('',(#6581),#6585);
#6581 = LINE('',#6582,#6583);
#6582 = CARTESIAN_POINT('',(0.,24.));
#6583 = VECTOR('',#6584,1.);
#6584 = DIRECTION('',(1.,0.));
#6585 = ( GEOMETRIC_REPRESENTATION_CONTEXT(2) 
PARAMETRIC_REPRESENTATION_CONTEXT() REPRESENTATION_CONTEXT('2D SPACE',''
  ) );
#6586 = ORIENTED_EDGE('',*,*,#6434,.T.);
#6587 = ADVANCED_FACE('',(#6588),#4977,.F.);
#6588 = FACE_BOUND('',#6589,.F.);
#6589 = EDGE_LOOP('',(#6590,#6614,#6642,#6664));
#6590 = ORIENTED_EDGE('',*,*,#6591,.F.);
#6591 = EDGE_CURVE('',#6592,#4939,#6594,.T.);
#6592 = VERTEX_POINT('',#6593);
#6593 = CARTESIAN_POINT('',(8.,-22.,-29.));
#6594 = SURFACE_CURVE('',#6595,(#6600,#6607),.PCURVE_S1.);
#6595 = CIRCLE('',#6596,8.);
#6596 = AXIS2_PLACEMENT_3D('',#6597,#6598,#6599);
#6597 = CARTESIAN_POINT('',(8.,-22.,-21.));
#6598 = DIRECTION('',(0.,-1.,0.));
#6599 = DIRECTION('',(1.,0.,0.));
#6600 = PCURVE('',#4977,#6601);
#6601 = DEFINITIONAL_REPRESENTATION('',(#6602),#6606);
#6602 = LINE('',#6603,#6604);
#6603 = CARTESIAN_POINT('',(6.28318530718,8.));
#6604 = VECTOR('',#6605,1.);
#6605 = DIRECTION('',(-1.,-0.));
#6606 = ( GEOMETRIC_REPRESENTATION_CONTEXT(2) 
PARAMETRIC_REPRESENTATION_CONTEXT() REPRESENTATION_CONTEXT('2D SPACE',''
  ) );
#6607 = PCURVE('',#5069,#6608);
#6608 = DEFINITIONAL_REPRESENTATION('',(#6609),#6613);
#6609 = LINE('',#6610,#6611);
#6610 = CARTESIAN_POINT('',(-0.,-6.28318530718));
#6611 = VECTOR('',#6612,1.);
#6612 = DIRECTION('',(-0.,1.));
#6613 = ( GEOMETRIC_REPRESENTATION_CONTEXT(2) 
PARAMETRIC_REPRESENTATION_CONTEXT() REPRESENTATION_CONTEXT('2D SPACE',''
  ) );
#6614 = ORIENTED_EDGE('',*,*,#6615,.T.);
#6615 = EDGE_CURVE('',#6592,#6616,#6618,.T.);
#6616 = VERTEX_POINT('',#6617);
#6617 = CARTESIAN_POINT('',(8.,22.,-29.));
#6618 = SURFACE_CURVE('',#6619,(#6623,#6630),.PCURVE_S1.);
#6619 = LINE('',#6620,#6621);
#6620 = CARTESIAN_POINT('',(8.,-30.,-29.));
#6621 = VECTOR('',#6622,1.);
#6622 = DIRECTION('',(0.,1.,0.));
#6623 = PCURVE('',#4977,#6624);
#6624 = DEFINITIONAL_REPRESENTATION('',(#6625),#6629);
#6625 = LINE('',#6626,#6627);
#6626 = CARTESIAN_POINT('',(1.570796326795,0.));
#6627 = VECTOR('',#6628,1.);
#6628 = DIRECTION('',(0.,1.));
#6629 = ( GEOMETRIC_REPRESENTATION_CONTEXT(2) 
PARAMETRIC_REPRESENTATION_CONTEXT() REPRESENTATION_CONTEXT('2D SPACE',''
  ) );
#6630 = PCURVE('',#6631,#6636);
#6631 = PLANE('',#6632);
#6632 = AXIS2_PLACEMENT_3D('',#6633,#6634,#6635);
#6633 = CARTESIAN_POINT('',(-16.,-30.,-29.));
#6634 = DIRECTION('',(0.,0.,1.));
#6635 = DIRECTION('',(1.,0.,0.));
#6636 = DEFINITIONAL_REPRESENTATION('',(#6637),#6641);
#6637 = LINE('',#6638,#6639);
#6638 = CARTESIAN_POINT('',(24.,0.));
#6639 = VECTOR('',#6640,1.);
#6640 = DIRECTION('',(0.,1.));
#6641 = ( GEOMETRIC_REPRESENTATION_CONTEXT(2) 
PARAMETRIC_REPRESENTATION_CONTEXT() REPRESENTATION_CONTEXT('2D SPACE',''
  ) );
#6642 = ORIENTED_EDGE('',*,*,#6643,.T.);
#6643 = EDGE_CURVE('',#6616,#4962,#6644,.T.);
#6644 = SURFACE_CURVE('',#6645,(#6650,#6657),.PCURVE_S1.);
#6645 = CIRCLE('',#6646,8.);
#6646 = AXIS2_PLACEMENT_3D('',#6647,#6648,#6649);
#6647 = CARTESIAN_POINT('',(8.,22.,-21.));
#6648 = DIRECTION('',(0.,-1.,0.));
#6649 = DIRECTION('',(1.,0.,0.));
#6650 = PCURVE('',#4977,#6651);
#6651 = DEFINITIONAL_REPRESENTATION('',(#6652),#6656);
#6652 = LINE('',#6653,#6654);
#6653 = CARTESIAN_POINT('',(6.28318530718,52.));
#6654 = VECTOR('',#6655,1.);
#6655 = DIRECTION('',(-1.,-0.));
#6656 = ( GEOMETRIC_REPRESENTATION_CONTEXT(2) 
PARAMETRIC_REPRESENTATION_CONTEXT() REPRESENTATION_CONTEXT('2D SPACE',''
  ) );
#6657 = PCURVE('',#6549,#6658);
#6658 = DEFINITIONAL_REPRESENTATION('',(#6659),#6663);
#6659 = LINE('',#6660,#6661);
#6660 = CARTESIAN_POINT('',(0.,-6.28318530718));
#6661 = VECTOR('',#6662,1.);
#6662 = DIRECTION('',(0.,1.));
#6663 = ( GEOMETRIC_REPRESENTATION_CONTEXT(2) 
PARAMETRIC_REPRESENTATION_CONTEXT() REPRESENTATION_CONTEXT('2D SPACE',''
  ) );
#6664 = ORIENTED_EDGE('',*,*,#4961,.F.);
#6665 = ADVANCED_FACE('',(#6666),#5036,.F.);
#6666 = FACE_BOUND('',#6667,.F.);
#6667 = EDGE_LOOP('',(#6668,#6669,#6690,#6691));
#6668 = ORIENTED_EDGE('',*,*,#5935,.F.);
#6669 = ORIENTED_EDGE('',*,*,#6670,.F.);
#6670 = EDGE_CURVE('',#5020,#5936,#6671,.T.);
#6671 = SEAM_CURVE('',#6672,(#6676,#6683),.PCURVE_S1.);
#6672 = LINE('',#6673,#6674);
#6673 = CARTESIAN_POINT('',(13.,2.718715894107E-15,6.1));
#6674 = VECTOR('',#6675,1.);
#6675 = DIRECTION('',(1.,0.,0.));
#6676 = PCURVE('',#5036,#6677);
#6677 = DEFINITIONAL_REPRESENTATION('',(#6678),#6682);
#6678 = LINE('',#6679,#6680);
#6679 = CARTESIAN_POINT('',(6.28318530718,-0.));
#6680 = VECTOR('',#6681,1.);
#6681 = DIRECTION('',(0.,1.));
#6682 = ( GEOMETRIC_REPRESENTATION_CONTEXT(2) 
PARAMETRIC_REPRESENTATION_CONTEXT() REPRESENTATION_CONTEXT('2D SPACE',''
  ) );
#6683 = PCURVE('',#5036,#6684);
#6684 = DEFINITIONAL_REPRESENTATION('',(#6685),#6689);
#6685 = LINE('',#6686,#6687);
#6686 = CARTESIAN_POINT('',(0.,-0.));
#6687 = VECTOR('',#6688,1.);
#6688 = DIRECTION('',(0.,1.));
#6689 = ( GEOMETRIC_REPRESENTATION_CONTEXT(2) 
PARAMETRIC_REPRESENTATION_CONTEXT() REPRESENTATION_CONTEXT('2D SPACE',''
  ) );
#6690 = ORIENTED_EDGE('',*,*,#5019,.T.);
#6691 = ORIENTED_EDGE('',*,*,#6670,.T.);
#6692 = ADVANCED_FACE('',(#6693),#5069,.F.);
#6693 = FACE_BOUND('',#6694,.T.);
#6694 = EDGE_LOOP('',(#6695,#6696,#6718));
#6695 = ORIENTED_EDGE('',*,*,#6591,.F.);
#6696 = ORIENTED_EDGE('',*,*,#6697,.T.);
#6697 = EDGE_CURVE('',#6592,#5053,#6698,.T.);
#6698 = SURFACE_CURVE('',#6699,(#6704,#6711),.PCURVE_S1.);
#6699 = CIRCLE('',#6700,8.);
#6700 = AXIS2_PLACEMENT_3D('',#6701,#6702,#6703);
#6701 = CARTESIAN_POINT('',(8.,-22.,-21.));
#6702 = DIRECTION('',(-1.,-2.832769448824E-16,0.));
#6703 = DIRECTION('',(2.832769448824E-16,-1.,-0.));
#6704 = PCURVE('',#5069,#6705);
#6705 = DEFINITIONAL_REPRESENTATION('',(#6706),#6710);
#6706 = LINE('',#6707,#6708);
#6707 = CARTESIAN_POINT('',(-1.570796326795,-6.28318530718));
#6708 = VECTOR('',#6709,1.);
#6709 = DIRECTION('',(-0.,1.));
#6710 = ( GEOMETRIC_REPRESENTATION_CONTEXT(2) 
PARAMETRIC_REPRESENTATION_CONTEXT() REPRESENTATION_CONTEXT('2D SPACE',''
  ) );
#6711 = PCURVE('',#5122,#6712);
#6712 = DEFINITIONAL_REPRESENTATION('',(#6713),#6717);
#6713 = LINE('',#6714,#6715);
#6714 = CARTESIAN_POINT('',(6.28318530718,24.));
#6715 = VECTOR('',#6716,1.);
#6716 = DIRECTION('',(-1.,-0.));
#6717 = ( GEOMETRIC_REPRESENTATION_CONTEXT(2) 
PARAMETRIC_REPRESENTATION_CONTEXT() REPRESENTATION_CONTEXT('2D SPACE',''
  ) );
#6718 = ORIENTED_EDGE('',*,*,#5052,.F.);
#6719 = ADVANCED_FACE('',(#6720),#5122,.F.);
#6720 = FACE_BOUND('',#6721,.F.);
#6721 = EDGE_LOOP('',(#6722,#6746,#6767,#6768));
#6722 = ORIENTED_EDGE('',*,*,#6723,.F.);
#6723 = EDGE_CURVE('',#6724,#5107,#6726,.T.);
#6724 = VERTEX_POINT('',#6725);
#6725 = CARTESIAN_POINT('',(-8.,-22.,-29.));
#6726 = SURFACE_CURVE('',#6727,(#6732,#6739),.PCURVE_S1.);
#6727 = CIRCLE('',#6728,8.);
#6728 = AXIS2_PLACEMENT_3D('',#6729,#6730,#6731);
#6729 = CARTESIAN_POINT('',(-8.,-22.,-21.));
#6730 = DIRECTION('',(-1.,2.832769448824E-16,0.));
#6731 = DIRECTION('',(-2.832769448824E-16,-1.,0.));
#6732 = PCURVE('',#5122,#6733);
#6733 = DEFINITIONAL_REPRESENTATION('',(#6734),#6738);
#6734 = LINE('',#6735,#6736);
#6735 = CARTESIAN_POINT('',(6.28318530718,8.));
#6736 = VECTOR('',#6737,1.);
#6737 = DIRECTION('',(-1.,-0.));
#6738 = ( GEOMETRIC_REPRESENTATION_CONTEXT(2) 
PARAMETRIC_REPRESENTATION_CONTEXT() REPRESENTATION_CONTEXT('2D SPACE',''
  ) );
#6739 = PCURVE('',#5198,#6740);
#6740 = DEFINITIONAL_REPRESENTATION('',(#6741),#6745);
#6741 = LINE('',#6742,#6743);
#6742 = CARTESIAN_POINT('',(1.570796326795,-6.28318530718));
#6743 = VECTOR('',#6744,1.);
#6744 = DIRECTION('',(0.,1.));
#6745 = ( GEOMETRIC_REPRESENTATION_CONTEXT(2) 
PARAMETRIC_REPRESENTATION_CONTEXT() REPRESENTATION_CONTEXT('2D SPACE',''
  ) );
#6746 = ORIENTED_EDGE('',*,*,#6747,.T.);
#6747 = EDGE_CURVE('',#6724,#6592,#6748,.T.);
#6748 = SURFACE_CURVE('',#6749,(#6753,#6760),.PCURVE_S1.);
#6749 = LINE('',#6750,#6751);
#6750 = CARTESIAN_POINT('',(-16.,-22.,-29.));
#6751 = VECTOR('',#6752,1.);
#6752 = DIRECTION('',(1.,0.,0.));
#6753 = PCURVE('',#5122,#6754);
#6754 = DEFINITIONAL_REPRESENTATION('',(#6755),#6759);
#6755 = LINE('',#6756,#6757);
#6756 = CARTESIAN_POINT('',(1.570796326795,0.));
#6757 = VECTOR('',#6758,1.);
#6758 = DIRECTION('',(0.,1.));
#6759 = ( GEOMETRIC_REPRESENTATION_CONTEXT(2) 
PARAMETRIC_REPRESENTATION_CONTEXT() REPRESENTATION_CONTEXT('2D SPACE',''
  ) );
#6760 = PCURVE('',#6631,#6761);
#6761 = DEFINITIONAL_REPRESENTATION('',(#6762),#6766);
#6762 = LINE('',#6763,#6764);
#6763 = CARTESIAN_POINT('',(0.,8.));
#6764 = VECTOR('',#6765,1.);
#6765 = DIRECTION('',(1.,0.));
#6766 = ( GEOMETRIC_REPRESENTATION_CONTEXT(2) 
PARAMETRIC_REPRESENTATION_CONTEXT() REPRESENTATION_CONTEXT('2D SPACE',''
  ) );
#6767 = ORIENTED_EDGE('',*,*,#6697,.T.);
#6768 = ORIENTED_EDGE('',*,*,#5106,.F.);
#6769 = ADVANCED_FACE('',(#6770),#5198,.F.);
#6770 = FACE_BOUND('',#6771,.F.);
#6771 = EDGE_LOOP('',(#6772,#6794,#6795));
#6772 = ORIENTED_EDGE('',*,*,#6773,.F.);
#6773 = EDGE_CURVE('',#6724,#5161,#6774,.T.);
#6774 = SURFACE_CURVE('',#6775,(#6780,#6787),.PCURVE_S1.);
#6775 = CIRCLE('',#6776,8.);
#6776 = AXIS2_PLACEMENT_3D('',#6777,#6778,#6779);
#6777 = CARTESIAN_POINT('',(-8.,-22.,-21.));
#6778 = DIRECTION('',(0.,1.,-0.));
#6779 = DIRECTION('',(-1.,0.,0.));
#6780 = PCURVE('',#5198,#6781);
#6781 = DEFINITIONAL_REPRESENTATION('',(#6782),#6786);
#6782 = LINE('',#6783,#6784);
#6783 = CARTESIAN_POINT('',(0.,-6.28318530718));
#6784 = VECTOR('',#6785,1.);
#6785 = DIRECTION('',(0.,1.));
#6786 = ( GEOMETRIC_REPRESENTATION_CONTEXT(2) 
PARAMETRIC_REPRESENTATION_CONTEXT() REPRESENTATION_CONTEXT('2D SPACE',''
  ) );
#6787 = PCURVE('',#5232,#6788);
#6788 = DEFINITIONAL_REPRESENTATION('',(#6789),#6793);
#6789 = LINE('',#6790,#6791);
#6790 = CARTESIAN_POINT('',(-6.28318530718,8.));
#6791 = VECTOR('',#6792,1.);
#6792 = DIRECTION('',(1.,-0.));
#6793 = ( GEOMETRIC_REPRESENTATION_CONTEXT(2) 
PARAMETRIC_REPRESENTATION_CONTEXT() REPRESENTATION_CONTEXT('2D SPACE',''
  ) );
#6794 = ORIENTED_EDGE('',*,*,#6723,.T.);
#6795 = ORIENTED_EDGE('',*,*,#5183,.F.);
#6796 = ADVANCED_FACE('',(#6797),#5260,.F.);
#6797 = FACE_BOUND('',#6798,.T.);
#6798 = EDGE_LOOP('',(#6799,#6800,#6829,#6850,#6851,#6852));
#6799 = ORIENTED_EDGE('',*,*,#5244,.F.);
#6800 = ORIENTED_EDGE('',*,*,#6801,.T.);
#6801 = EDGE_CURVE('',#5217,#6802,#6804,.T.);
#6802 = VERTEX_POINT('',#6803);
#6803 = CARTESIAN_POINT('',(-8.,30.,-21.));
#6804 = SURFACE_CURVE('',#6805,(#6810,#6817),.PCURVE_S1.);
#6805 = CIRCLE('',#6806,8.);
#6806 = AXIS2_PLACEMENT_3D('',#6807,#6808,#6809);
#6807 = CARTESIAN_POINT('',(-8.,22.,-21.));
#6808 = DIRECTION('',(-0.,0.,-1.));
#6809 = DIRECTION('',(-1.,0.,0.));
#6810 = PCURVE('',#5260,#6811);
#6811 = DEFINITIONAL_REPRESENTATION('',(#6812),#6816);
#6812 = LINE('',#6813,#6814);
#6813 = CARTESIAN_POINT('',(-0.,8.));
#6814 = VECTOR('',#6815,1.);
#6815 = DIRECTION('',(-1.,0.));
#6816 = ( GEOMETRIC_REPRESENTATION_CONTEXT(2) 
PARAMETRIC_REPRESENTATION_CONTEXT() REPRESENTATION_CONTEXT('2D SPACE',''
  ) );
#6817 = PCURVE('',#6818,#6823);
#6818 = SPHERICAL_SURFACE('',#6819,8.);
#6819 = AXIS2_PLACEMENT_3D('',#6820,#6821,#6822);
#6820 = CARTESIAN_POINT('',(-8.,22.,-21.));
#6821 = DIRECTION('',(0.,0.,1.));
#6822 = DIRECTION('',(-1.,0.,0.));
#6823 = DEFINITIONAL_REPRESENTATION('',(#6824),#6828);
#6824 = LINE('',#6825,#6826);
#6825 = CARTESIAN_POINT('',(-0.,0.));
#6826 = VECTOR('',#6827,1.);
#6827 = DIRECTION('',(-1.,0.));
#6828 = ( GEOMETRIC_REPRESENTATION_CONTEXT(2) 
PARAMETRIC_REPRESENTATION_CONTEXT() REPRESENTATION_CONTEXT('2D SPACE',''
  ) );
#6829 = ORIENTED_EDGE('',*,*,#6830,.T.);
#6830 = EDGE_CURVE('',#6802,#6300,#6831,.T.);
#6831 = SURFACE_CURVE('',#6832,(#6836,#6843),.PCURVE_S1.);
#6832 = LINE('',#6833,#6834);
#6833 = CARTESIAN_POINT('',(-8.,30.,-29.));
#6834 = VECTOR('',#6835,1.);
#6835 = DIRECTION('',(0.,0.,1.));
#6836 = PCURVE('',#5260,#6837);
#6837 = DEFINITIONAL_REPRESENTATION('',(#6838),#6842);
#6838 = LINE('',#6839,#6840);
#6839 = CARTESIAN_POINT('',(-1.570796326795,0.));
#6840 = VECTOR('',#6841,1.);
#6841 = DIRECTION('',(-0.,1.));
#6842 = ( GEOMETRIC_REPRESENTATION_CONTEXT(2) 
PARAMETRIC_REPRESENTATION_CONTEXT() REPRESENTATION_CONTEXT('2D SPACE',''
  ) );
#6843 = PCURVE('',#6575,#6844);
#6844 = DEFINITIONAL_REPRESENTATION('',(#6845),#6849);
#6845 = LINE('',#6846,#6847);
#6846 = CARTESIAN_POINT('',(0.,8.));
#6847 = VECTOR('',#6848,1.);
#6848 = DIRECTION('',(1.,0.));
#6849 = ( GEOMETRIC_REPRESENTATION_CONTEXT(2) 
PARAMETRIC_REPRESENTATION_CONTEXT() REPRESENTATION_CONTEXT('2D SPACE',''
  ) );
#6850 = ORIENTED_EDGE('',*,*,#6299,.T.);
#6851 = ORIENTED_EDGE('',*,*,#5325,.F.);
#6852 = ORIENTED_EDGE('',*,*,#6853,.F.);
#6853 = EDGE_CURVE('',#5245,#5302,#6854,.T.);
#6854 = SURFACE_CURVE('',#6855,(#6868,#6884),.PCURVE_S1.);
#6855 = B_SPLINE_CURVE_WITH_KNOTS('',6,(#6856,#6857,#6858,#6859,#6860,
    #6861,#6862,#6863,#6864,#6865,#6866,#6867),.UNSPECIFIED.,.F.,.F.,(7,
    5,7),(0.,0.500000223809,1.),.UNSPECIFIED.);
#6856 = CARTESIAN_POINT('',(-16.,22.,17.083484861009));
#6857 = CARTESIAN_POINT('',(-16.,22.067419178743,17.230605570477));
#6858 = CARTESIAN_POINT('',(-15.99931818906,22.120765225812,
    17.381306561509));
#6859 = CARTESIAN_POINT('',(-15.99848832462,22.160461686299,
    17.534441192193));
#6860 = CARTESIAN_POINT('',(-15.99782926938,22.186818199486,
    17.689109558965));
#6861 = CARTESIAN_POINT('',(-15.99749960925,22.2,17.844544038589));
#6862 = CARTESIAN_POINT('',(-15.99749960925,22.2,18.155455822241));
#6863 = CARTESIAN_POINT('',(-15.99782926839,22.186818220696,
    18.310890723211));
#6864 = CARTESIAN_POINT('',(-15.99848832924,22.160461586226,
    18.465559186557));
#6865 = CARTESIAN_POINT('',(-15.99931818619,22.120765142002,
    18.618693440226));
#6866 = CARTESIAN_POINT('',(-16.,22.067419358276,18.769394037751));
#6867 = CARTESIAN_POINT('',(-16.,22.,18.916515138991));
#6868 = PCURVE('',#5260,#6869);
#6869 = DEFINITIONAL_REPRESENTATION('',(#6870),#6883);
#6870 = B_SPLINE_CURVE_WITH_KNOTS('',6,(#6871,#6872,#6873,#6874,#6875,
    #6876,#6877,#6878,#6879,#6880,#6881,#6882),.UNSPECIFIED.,.F.,.F.,(7,
    5,7),(0.,0.500000223809,1.),.UNSPECIFIED.);
#6871 = CARTESIAN_POINT('',(0.,46.083484861009));
#6872 = CARTESIAN_POINT('',(-8.427397342935E-03,46.230605570477));
#6873 = CARTESIAN_POINT('',(-1.50956557048E-02,46.381306561509));
#6874 = CARTESIAN_POINT('',(-2.005877793243E-02,46.534441192193));
#6875 = CARTESIAN_POINT('',(-2.33543626493E-02,46.689109558965));
#6876 = CARTESIAN_POINT('',(-2.500260489936E-02,46.844544038589));
#6877 = CARTESIAN_POINT('',(-2.500260489936E-02,47.155455822241));
#6878 = CARTESIAN_POINT('',(-2.335436526758E-02,47.310890723211));
#6879 = CARTESIAN_POINT('',(-2.005876547664E-02,47.465559186557));
#6880 = CARTESIAN_POINT('',(-1.509564519758E-02,47.618693440226));
#6881 = CARTESIAN_POINT('',(-8.427419784494E-03,47.769394037751));
#6882 = CARTESIAN_POINT('',(0.,47.916515138991));
#6883 = ( GEOMETRIC_REPRESENTATION_CONTEXT(2) 
PARAMETRIC_REPRESENTATION_CONTEXT() REPRESENTATION_CONTEXT('2D SPACE',''
  ) );
#6884 = PCURVE('',#5289,#6885);
#6885 = DEFINITIONAL_REPRESENTATION('',(#6886),#6899);
#6886 = B_SPLINE_CURVE_WITH_KNOTS('',6,(#6887,#6888,#6889,#6890,#6891,
    #6892,#6893,#6894,#6895,#6896,#6897,#6898),.UNSPECIFIED.,.F.,.F.,(7,
    5,7),(0.,0.500000223809,1.),.UNSPECIFIED.);
#6887 = CARTESIAN_POINT('',(4.282689314233,2.));
#6888 = CARTESIAN_POINT('',(4.356249668967,2.));
#6889 = CARTESIAN_POINT('',(4.428624625127,2.000681810933));
#6890 = CARTESIAN_POINT('',(4.500136541212,2.001511675372));
#6891 = CARTESIAN_POINT('',(4.571075070071,2.002170730617));
#6892 = CARTESIAN_POINT('',(4.641727179743,2.002500390747));
#6893 = CARTESIAN_POINT('',(4.783050717767,2.002500390747));
#6894 = CARTESIAN_POINT('',(4.853703020258,2.002170731605));
#6895 = CARTESIAN_POINT('',(4.924641587745,2.001511670759));
#6896 = CARTESIAN_POINT('',(4.996153353234,2.000681813801));
#6897 = CARTESIAN_POINT('',(5.068528095916,2.));
#6898 = CARTESIAN_POINT('',(5.142088646536,2.));
#6899 = ( GEOMETRIC_REPRESENTATION_CONTEXT(2) 
PARAMETRIC_REPRESENTATION_CONTEXT() REPRESENTATION_CONTEXT('2D SPACE',''
  ) );
#6900 = ADVANCED_FACE('',(#6901),#5289,.F.);
#6901 = FACE_BOUND('',#6902,.F.);
#6902 = EDGE_LOOP('',(#6903,#6904,#6927,#6954,#6955,#6956));
#6903 = ORIENTED_EDGE('',*,*,#5272,.F.);
#6904 = ORIENTED_EDGE('',*,*,#6905,.F.);
#6905 = EDGE_CURVE('',#6906,#5273,#6908,.T.);
#6906 = VERTEX_POINT('',#6907);
#6907 = CARTESIAN_POINT('',(-18.,20.,20.2));
#6908 = SEAM_CURVE('',#6909,(#6913,#6920),.PCURVE_S1.);
#6909 = LINE('',#6910,#6911);
#6910 = CARTESIAN_POINT('',(-18.,20.,20.2));
#6911 = VECTOR('',#6912,1.);
#6912 = DIRECTION('',(1.,0.,0.));
#6913 = PCURVE('',#5289,#6914);
#6914 = DEFINITIONAL_REPRESENTATION('',(#6915),#6919);
#6915 = LINE('',#6916,#6917);
#6916 = CARTESIAN_POINT('',(6.28318530718,-0.));
#6917 = VECTOR('',#6918,1.);
#6918 = DIRECTION('',(0.,1.));
#6919 = ( GEOMETRIC_REPRESENTATION_CONTEXT(2) 
PARAMETRIC_REPRESENTATION_CONTEXT() REPRESENTATION_CONTEXT('2D SPACE',''
  ) );
#6920 = PCURVE('',#5289,#6921);
#6921 = DEFINITIONAL_REPRESENTATION('',(#6922),#6926);
#6922 = LINE('',#6923,#6924);
#6923 = CARTESIAN_POINT('',(0.,-0.));
#6924 = VECTOR('',#6925,1.);
#6925 = DIRECTION('',(0.,1.));
#6926 = ( GEOMETRIC_REPRESENTATION_CONTEXT(2) 
PARAMETRIC_REPRESENTATION_CONTEXT() REPRESENTATION_CONTEXT('2D SPACE',''
  ) );
#6927 = ORIENTED_EDGE('',*,*,#6928,.T.);
#6928 = EDGE_CURVE('',#6906,#6906,#6929,.T.);
#6929 = SURFACE_CURVE('',#6930,(#6935,#6942),.PCURVE_S1.);
#6930 = CIRCLE('',#6931,2.2);
#6931 = AXIS2_PLACEMENT_3D('',#6932,#6933,#6934);
#6932 = CARTESIAN_POINT('',(-18.,20.,18.));
#6933 = DIRECTION('',(1.,0.,0.));
#6934 = DIRECTION('',(-0.,0.,1.));
#6935 = PCURVE('',#5289,#6936);
#6936 = DEFINITIONAL_REPRESENTATION('',(#6937),#6941);
#6937 = LINE('',#6938,#6939);
#6938 = CARTESIAN_POINT('',(0.,0.));
#6939 = VECTOR('',#6940,1.);
#6940 = DIRECTION('',(1.,0.));
#6941 = ( GEOMETRIC_REPRESENTATION_CONTEXT(2) 
PARAMETRIC_REPRESENTATION_CONTEXT() REPRESENTATION_CONTEXT('2D SPACE',''
  ) );
#6942 = PCURVE('',#6943,#6948);
#6943 = PLANE('',#6944);
#6944 = AXIS2_PLACEMENT_3D('',#6945,#6946,#6947);
#6945 = CARTESIAN_POINT('',(-18.,20.,18.));
#6946 = DIRECTION('',(1.,0.,0.));
#6947 = DIRECTION('',(-0.,0.,1.));
#6948 = DEFINITIONAL_REPRESENTATION('',(#6949),#6953);
#6949 = CIRCLE('',#6950,2.2);
#6950 = AXIS2_PLACEMENT_2D('',#6951,#6952);
#6951 = CARTESIAN_POINT('',(0.,0.));
#6952 = DIRECTION('',(1.,0.));
#6953 = ( GEOMETRIC_REPRESENTATION_CONTEXT(2) 
PARAMETRIC_REPRESENTATION_CONTEXT() REPRESENTATION_CONTEXT('2D SPACE',''
  ) );
#6954 = ORIENTED_EDGE('',*,*,#6905,.T.);
#6955 = ORIENTED_EDGE('',*,*,#5301,.F.);
#6956 = ORIENTED_EDGE('',*,*,#6853,.F.);
#6957 = ADVANCED_FACE('',(#6958),#5232,.F.);
#6958 = FACE_BOUND('',#6959,.T.);
#6959 = EDGE_LOOP('',(#6960,#6961,#6984,#7006));
#6960 = ORIENTED_EDGE('',*,*,#6773,.F.);
#6961 = ORIENTED_EDGE('',*,*,#6962,.T.);
#6962 = EDGE_CURVE('',#6724,#6963,#6965,.T.);
#6963 = VERTEX_POINT('',#6964);
#6964 = CARTESIAN_POINT('',(-8.,22.,-29.));
#6965 = SURFACE_CURVE('',#6966,(#6970,#6977),.PCURVE_S1.);
#6966 = LINE('',#6967,#6968);
#6967 = CARTESIAN_POINT('',(-8.,-30.,-29.));
#6968 = VECTOR('',#6969,1.);
#6969 = DIRECTION('',(0.,1.,0.));
#6970 = PCURVE('',#5232,#6971);
#6971 = DEFINITIONAL_REPRESENTATION('',(#6972),#6976);
#6972 = LINE('',#6973,#6974);
#6973 = CARTESIAN_POINT('',(-1.570796326795,0.));
#6974 = VECTOR('',#6975,1.);
#6975 = DIRECTION('',(-0.,1.));
#6976 = ( GEOMETRIC_REPRESENTATION_CONTEXT(2) 
PARAMETRIC_REPRESENTATION_CONTEXT() REPRESENTATION_CONTEXT('2D SPACE',''
  ) );
#6977 = PCURVE('',#6631,#6978);
#6978 = DEFINITIONAL_REPRESENTATION('',(#6979),#6983);
#6979 = LINE('',#6980,#6981);
#6980 = CARTESIAN_POINT('',(8.,0.));
#6981 = VECTOR('',#6982,1.);
#6982 = DIRECTION('',(0.,1.));
#6983 = ( GEOMETRIC_REPRESENTATION_CONTEXT(2) 
PARAMETRIC_REPRESENTATION_CONTEXT() REPRESENTATION_CONTEXT('2D SPACE',''
  ) );
#6984 = ORIENTED_EDGE('',*,*,#6985,.T.);
#6985 = EDGE_CURVE('',#6963,#5217,#6986,.T.);
#6986 = SURFACE_CURVE('',#6987,(#6992,#6999),.PCURVE_S1.);
#6987 = CIRCLE('',#6988,8.);
#6988 = AXIS2_PLACEMENT_3D('',#6989,#6990,#6991);
#6989 = CARTESIAN_POINT('',(-8.,22.,-21.));
#6990 = DIRECTION('',(0.,1.,-0.));
#6991 = DIRECTION('',(-1.,0.,0.));
#6992 = PCURVE('',#5232,#6993);
#6993 = DEFINITIONAL_REPRESENTATION('',(#6994),#6998);
#6994 = LINE('',#6995,#6996);
#6995 = CARTESIAN_POINT('',(-6.28318530718,52.));
#6996 = VECTOR('',#6997,1.);
#6997 = DIRECTION('',(1.,-0.));
#6998 = ( GEOMETRIC_REPRESENTATION_CONTEXT(2) 
PARAMETRIC_REPRESENTATION_CONTEXT() REPRESENTATION_CONTEXT('2D SPACE',''
  ) );
#6999 = PCURVE('',#6818,#7000);
#7000 = DEFINITIONAL_REPRESENTATION('',(#7001),#7005);
#7001 = LINE('',#7002,#7003);
#7002 = CARTESIAN_POINT('',(-0.,-6.28318530718));
#7003 = VECTOR('',#7004,1.);
#7004 = DIRECTION('',(-0.,1.));
#7005 = ( GEOMETRIC_REPRESENTATION_CONTEXT(2) 
PARAMETRIC_REPRESENTATION_CONTEXT() REPRESENTATION_CONTEXT('2D SPACE',''
  ) );
#7006 = ORIENTED_EDGE('',*,*,#5216,.F.);
#7007 = ADVANCED_FACE('',(#7008),#5450,.F.);
#7008 = FACE_BOUND('',#7009,.T.);
#7009 = EDGE_LOOP('',(#7010,#7011,#7012,#7013));
#7010 = ORIENTED_EDGE('',*,*,#5431,.F.);
#7011 = ORIENTED_EDGE('',*,*,#6485,.T.);
#7012 = ORIENTED_EDGE('',*,*,#5615,.T.);
#7013 = ORIENTED_EDGE('',*,*,#5540,.F.);
#7014 = ADVANCED_FACE('',(#7015),#5661,.T.);
#7015 = FACE_BOUND('',#7016,.T.);
#7016 = EDGE_LOOP('',(#7017,#7018,#7019));
#7017 = ORIENTED_EDGE('',*,*,#5642,.F.);
#7018 = ORIENTED_EDGE('',*,*,#6241,.T.);
#7019 = ORIENTED_EDGE('',*,*,#5849,.F.);
#7020 = ADVANCED_FACE('',(#7021),#5713,.T.);
#7021 = FACE_BOUND('',#7022,.T.);
#7022 = EDGE_LOOP('',(#7023,#7045,#7046));
#7023 = ORIENTED_EDGE('',*,*,#7024,.F.);
#7024 = EDGE_CURVE('',#6067,#5697,#7025,.T.);
#7025 = SURFACE_CURVE('',#7026,(#7031,#7038),.PCURVE_S1.);
#7026 = CIRCLE('',#7027,10.);
#7027 = AXIS2_PLACEMENT_3D('',#7028,#7029,#7030);
#7028 = CARTESIAN_POINT('',(10.,25.,26.));
#7029 = DIRECTION('',(0.,0.,-1.));
#7030 = DIRECTION('',(1.,0.,0.));
#7031 = PCURVE('',#5713,#7032);
#7032 = DEFINITIONAL_REPRESENTATION('',(#7033),#7037);
#7033 = LINE('',#7034,#7035);
#7034 = CARTESIAN_POINT('',(0.,-6.28318530718));
#7035 = VECTOR('',#7036,1.);
#7036 = DIRECTION('',(0.,1.));
#7037 = ( GEOMETRIC_REPRESENTATION_CONTEXT(2) 
PARAMETRIC_REPRESENTATION_CONTEXT() REPRESENTATION_CONTEXT('2D SPACE',''
  ) );
#7038 = PCURVE('',#5919,#7039);
#7039 = DEFINITIONAL_REPRESENTATION('',(#7040),#7044);
#7040 = LINE('',#7041,#7042);
#7041 = CARTESIAN_POINT('',(6.28318530718,62.));
#7042 = VECTOR('',#7043,1.);
#7043 = DIRECTION('',(-1.,-0.));
#7044 = ( GEOMETRIC_REPRESENTATION_CONTEXT(2) 
PARAMETRIC_REPRESENTATION_CONTEXT() REPRESENTATION_CONTEXT('2D SPACE',''
  ) );
#7045 = ORIENTED_EDGE('',*,*,#6274,.T.);
#7046 = ORIENTED_EDGE('',*,*,#5696,.F.);
#7047 = ADVANCED_FACE('',(#7048),#5836,.T.);
#7048 = FACE_BOUND('',#7049,.F.);
#7049 = EDGE_LOOP('',(#7050,#7072,#7073));
#7050 = ORIENTED_EDGE('',*,*,#7051,.F.);
#7051 = EDGE_CURVE('',#6170,#5799,#7052,.T.);
#7052 = SURFACE_CURVE('',#7053,(#7058,#7065),.PCURVE_S1.);
#7053 = CIRCLE('',#7054,10.);
#7054 = AXIS2_PLACEMENT_3D('',#7055,#7056,#7057);
#7055 = CARTESIAN_POINT('',(10.,-25.,-26.));
#7056 = DIRECTION('',(0.,-1.,0.));
#7057 = DIRECTION('',(1.,0.,0.));
#7058 = PCURVE('',#5836,#7059);
#7059 = DEFINITIONAL_REPRESENTATION('',(#7060),#7064);
#7060 = LINE('',#7061,#7062);
#7061 = CARTESIAN_POINT('',(-0.,-6.28318530718));
#7062 = VECTOR('',#7063,1.);
#7063 = DIRECTION('',(-0.,1.));
#7064 = ( GEOMETRIC_REPRESENTATION_CONTEXT(2) 
PARAMETRIC_REPRESENTATION_CONTEXT() REPRESENTATION_CONTEXT('2D SPACE',''
  ) );
#7065 = PCURVE('',#5893,#7066);
#7066 = DEFINITIONAL_REPRESENTATION('',(#7067),#7071);
#7067 = LINE('',#7068,#7069);
#7068 = CARTESIAN_POINT('',(6.28318530718,10.));
#7069 = VECTOR('',#7070,1.);
#7070 = DIRECTION('',(-1.,-0.));
#7071 = ( GEOMETRIC_REPRESENTATION_CONTEXT(2) 
PARAMETRIC_REPRESENTATION_CONTEXT() REPRESENTATION_CONTEXT('2D SPACE',''
  ) );
#7072 = ORIENTED_EDGE('',*,*,#6408,.T.);
#7073 = ORIENTED_EDGE('',*,*,#5821,.F.);
#7074 = ADVANCED_FACE('',(#7075),#5919,.T.);
#7075 = FACE_BOUND('',#7076,.T.);
#7076 = EDGE_LOOP('',(#7077,#7078,#7105,#7106));
#7077 = ORIENTED_EDGE('',*,*,#5905,.F.);
#7078 = ORIENTED_EDGE('',*,*,#7079,.T.);
#7079 = EDGE_CURVE('',#5878,#6090,#7080,.T.);
#7080 = SURFACE_CURVE('',#7081,(#7086,#7093),.PCURVE_S1.);
#7081 = CIRCLE('',#7082,10.);
#7082 = AXIS2_PLACEMENT_3D('',#7083,#7084,#7085);
#7083 = CARTESIAN_POINT('',(10.,25.,-26.));
#7084 = DIRECTION('',(0.,0.,1.));
#7085 = DIRECTION('',(1.,0.,-0.));
#7086 = PCURVE('',#5919,#7087);
#7087 = DEFINITIONAL_REPRESENTATION('',(#7088),#7092);
#7088 = LINE('',#7089,#7090);
#7089 = CARTESIAN_POINT('',(0.,10.));
#7090 = VECTOR('',#7091,1.);
#7091 = DIRECTION('',(1.,0.));
#7092 = ( GEOMETRIC_REPRESENTATION_CONTEXT(2) 
PARAMETRIC_REPRESENTATION_CONTEXT() REPRESENTATION_CONTEXT('2D SPACE',''
  ) );
#7093 = PCURVE('',#7094,#7099);
#7094 = SPHERICAL_SURFACE('',#7095,10.);
#7095 = AXIS2_PLACEMENT_3D('',#7096,#7097,#7098);
#7096 = CARTESIAN_POINT('',(10.,25.,-26.));
#7097 = DIRECTION('',(0.,0.,1.));
#7098 = DIRECTION('',(1.,0.,-0.));
#7099 = DEFINITIONAL_REPRESENTATION('',(#7100),#7104);
#7100 = LINE('',#7101,#7102);
#7101 = CARTESIAN_POINT('',(0.,0.));
#7102 = VECTOR('',#7103,1.);
#7103 = DIRECTION('',(1.,0.));
#7104 = ( GEOMETRIC_REPRESENTATION_CONTEXT(2) 
PARAMETRIC_REPRESENTATION_CONTEXT() REPRESENTATION_CONTEXT('2D SPACE',''
  ) );
#7105 = ORIENTED_EDGE('',*,*,#6089,.T.);
#7106 = ORIENTED_EDGE('',*,*,#7024,.T.);
#7107 = ADVANCED_FACE('',(#7108),#5893,.T.);
#7108 = FACE_BOUND('',#7109,.T.);
#7109 = EDGE_LOOP('',(#7110,#7111,#7112,#7134));
#7110 = ORIENTED_EDGE('',*,*,#7051,.F.);
#7111 = ORIENTED_EDGE('',*,*,#6192,.T.);
#7112 = ORIENTED_EDGE('',*,*,#7113,.T.);
#7113 = EDGE_CURVE('',#6193,#5878,#7114,.T.);
#7114 = SURFACE_CURVE('',#7115,(#7120,#7127),.PCURVE_S1.);
#7115 = CIRCLE('',#7116,10.);
#7116 = AXIS2_PLACEMENT_3D('',#7117,#7118,#7119);
#7117 = CARTESIAN_POINT('',(10.,25.,-26.));
#7118 = DIRECTION('',(0.,-1.,0.));
#7119 = DIRECTION('',(1.,0.,0.));
#7120 = PCURVE('',#5893,#7121);
#7121 = DEFINITIONAL_REPRESENTATION('',(#7122),#7126);
#7122 = LINE('',#7123,#7124);
#7123 = CARTESIAN_POINT('',(6.28318530718,60.));
#7124 = VECTOR('',#7125,1.);
#7125 = DIRECTION('',(-1.,-0.));
#7126 = ( GEOMETRIC_REPRESENTATION_CONTEXT(2) 
PARAMETRIC_REPRESENTATION_CONTEXT() REPRESENTATION_CONTEXT('2D SPACE',''
  ) );
#7127 = PCURVE('',#7094,#7128);
#7128 = DEFINITIONAL_REPRESENTATION('',(#7129),#7133);
#7129 = LINE('',#7130,#7131);
#7130 = CARTESIAN_POINT('',(0.,-6.28318530718));
#7131 = VECTOR('',#7132,1.);
#7132 = DIRECTION('',(0.,1.));
#7133 = ( GEOMETRIC_REPRESENTATION_CONTEXT(2) 
PARAMETRIC_REPRESENTATION_CONTEXT() REPRESENTATION_CONTEXT('2D SPACE',''
  ) );
#7134 = ORIENTED_EDGE('',*,*,#5877,.F.);
#7135 = ADVANCED_FACE('',(#7136),#6126,.T.);
#7136 = FACE_BOUND('',#7137,.F.);
#7137 = EDGE_LOOP('',(#7138,#7139,#7140,#7162));
#7138 = ORIENTED_EDGE('',*,*,#6142,.F.);
#7139 = ORIENTED_EDGE('',*,*,#6215,.T.);
#7140 = ORIENTED_EDGE('',*,*,#7141,.T.);
#7141 = EDGE_CURVE('',#6193,#6090,#7142,.T.);
#7142 = SURFACE_CURVE('',#7143,(#7148,#7155),.PCURVE_S1.);
#7143 = CIRCLE('',#7144,10.);
#7144 = AXIS2_PLACEMENT_3D('',#7145,#7146,#7147);
#7145 = CARTESIAN_POINT('',(10.,25.,-26.));
#7146 = DIRECTION('',(1.,-2.832769448824E-16,0.));
#7147 = DIRECTION('',(2.832769448824E-16,1.,0.));
#7148 = PCURVE('',#6126,#7149);
#7149 = DEFINITIONAL_REPRESENTATION('',(#7150),#7154);
#7150 = LINE('',#7151,#7152);
#7151 = CARTESIAN_POINT('',(-6.28318530718,30.));
#7152 = VECTOR('',#7153,1.);
#7153 = DIRECTION('',(1.,-0.));
#7154 = ( GEOMETRIC_REPRESENTATION_CONTEXT(2) 
PARAMETRIC_REPRESENTATION_CONTEXT() REPRESENTATION_CONTEXT('2D SPACE',''
  ) );
#7155 = PCURVE('',#7094,#7156);
#7156 = DEFINITIONAL_REPRESENTATION('',(#7157),#7161);
#7157 = LINE('',#7158,#7159);
#7158 = CARTESIAN_POINT('',(1.570796326795,-6.28318530718));
#7159 = VECTOR('',#7160,1.);
#7160 = DIRECTION('',(0.,1.));
#7161 = ( GEOMETRIC_REPRESENTATION_CONTEXT(2) 
PARAMETRIC_REPRESENTATION_CONTEXT() REPRESENTATION_CONTEXT('2D SPACE',''
  ) );
#7162 = ORIENTED_EDGE('',*,*,#6112,.F.);
#7163 = ADVANCED_FACE('',(#7164),#6340,.F.);
#7164 = FACE_BOUND('',#7165,.F.);
#7165 = EDGE_LOOP('',(#7166,#7167,#7168,#7169));
#7166 = ORIENTED_EDGE('',*,*,#6323,.T.);
#7167 = ORIENTED_EDGE('',*,*,#6507,.T.);
#7168 = ORIENTED_EDGE('',*,*,#6458,.F.);
#7169 = ORIENTED_EDGE('',*,*,#7170,.F.);
#7170 = EDGE_CURVE('',#6300,#6435,#7171,.T.);
#7171 = SURFACE_CURVE('',#7172,(#7176,#7183),.PCURVE_S1.);
#7172 = LINE('',#7173,#7174);
#7173 = CARTESIAN_POINT('',(-16.,30.,25.));
#7174 = VECTOR('',#7175,1.);
#7175 = DIRECTION('',(1.,0.,0.));
#7176 = PCURVE('',#6340,#7177);
#7177 = DEFINITIONAL_REPRESENTATION('',(#7178),#7182);
#7178 = LINE('',#7179,#7180);
#7179 = CARTESIAN_POINT('',(0.,0.));
#7180 = VECTOR('',#7181,1.);
#7181 = DIRECTION('',(0.,1.));
#7182 = ( GEOMETRIC_REPRESENTATION_CONTEXT(2) 
PARAMETRIC_REPRESENTATION_CONTEXT() REPRESENTATION_CONTEXT('2D SPACE',''
  ) );
#7183 = PCURVE('',#6575,#7184);
#7184 = DEFINITIONAL_REPRESENTATION('',(#7185),#7189);
#7185 = LINE('',#7186,#7187);
#7186 = CARTESIAN_POINT('',(54.,0.));
#7187 = VECTOR('',#7188,1.);
#7188 = DIRECTION('',(0.,1.));
#7189 = ( GEOMETRIC_REPRESENTATION_CONTEXT(2) 
PARAMETRIC_REPRESENTATION_CONTEXT() REPRESENTATION_CONTEXT('2D SPACE',''
  ) );
#7190 = ADVANCED_FACE('',(#7191),#6549,.F.);
#7191 = FACE_BOUND('',#7192,.F.);
#7192 = EDGE_LOOP('',(#7193,#7194,#7221));
#7193 = ORIENTED_EDGE('',*,*,#6643,.F.);
#7194 = ORIENTED_EDGE('',*,*,#7195,.T.);
#7195 = EDGE_CURVE('',#6616,#6533,#7196,.T.);
#7196 = SURFACE_CURVE('',#7197,(#7202,#7209),.PCURVE_S1.);
#7197 = CIRCLE('',#7198,8.);
#7198 = AXIS2_PLACEMENT_3D('',#7199,#7200,#7201);
#7199 = CARTESIAN_POINT('',(8.,22.,-21.));
#7200 = DIRECTION('',(1.,-2.832769448824E-16,0.));
#7201 = DIRECTION('',(2.832769448824E-16,1.,0.));
#7202 = PCURVE('',#6549,#7203);
#7203 = DEFINITIONAL_REPRESENTATION('',(#7204),#7208);
#7204 = LINE('',#7205,#7206);
#7205 = CARTESIAN_POINT('',(1.570796326795,-6.28318530718));
#7206 = VECTOR('',#7207,1.);
#7207 = DIRECTION('',(0.,1.));
#7208 = ( GEOMETRIC_REPRESENTATION_CONTEXT(2) 
PARAMETRIC_REPRESENTATION_CONTEXT() REPRESENTATION_CONTEXT('2D SPACE',''
  ) );
#7209 = PCURVE('',#7210,#7215);
#7210 = CYLINDRICAL_SURFACE('',#7211,8.);
#7211 = AXIS2_PLACEMENT_3D('',#7212,#7213,#7214);
#7212 = CARTESIAN_POINT('',(-16.,22.,-21.));
#7213 = DIRECTION('',(1.,0.,0.));
#7214 = DIRECTION('',(-0.,1.,0.));
#7215 = DEFINITIONAL_REPRESENTATION('',(#7216),#7220);
#7216 = LINE('',#7217,#7218);
#7217 = CARTESIAN_POINT('',(-6.28318530718,24.));
#7218 = VECTOR('',#7219,1.);
#7219 = DIRECTION('',(1.,-0.));
#7220 = ( GEOMETRIC_REPRESENTATION_CONTEXT(2) 
PARAMETRIC_REPRESENTATION_CONTEXT() REPRESENTATION_CONTEXT('2D SPACE',''
  ) );
#7221 = ORIENTED_EDGE('',*,*,#6532,.F.);
#7222 = ADVANCED_FACE('',(#7223),#6575,.F.);
#7223 = FACE_BOUND('',#7224,.F.);
#7224 = EDGE_LOOP('',(#7225,#7226,#7227,#7228));
#7225 = ORIENTED_EDGE('',*,*,#6830,.T.);
#7226 = ORIENTED_EDGE('',*,*,#7170,.T.);
#7227 = ORIENTED_EDGE('',*,*,#6561,.F.);
#7228 = ORIENTED_EDGE('',*,*,#7229,.F.);
#7229 = EDGE_CURVE('',#6802,#6533,#7230,.T.);
#7230 = SURFACE_CURVE('',#7231,(#7235,#7242),.PCURVE_S1.);
#7231 = LINE('',#7232,#7233);
#7232 = CARTESIAN_POINT('',(-16.,30.,-21.));
#7233 = VECTOR('',#7234,1.);
#7234 = DIRECTION('',(1.,0.,0.));
#7235 = PCURVE('',#6575,#7236);
#7236 = DEFINITIONAL_REPRESENTATION('',(#7237),#7241);
#7237 = LINE('',#7238,#7239);
#7238 = CARTESIAN_POINT('',(8.,0.));
#7239 = VECTOR('',#7240,1.);
#7240 = DIRECTION('',(0.,1.));
#7241 = ( GEOMETRIC_REPRESENTATION_CONTEXT(2) 
PARAMETRIC_REPRESENTATION_CONTEXT() REPRESENTATION_CONTEXT('2D SPACE',''
  ) );
#7242 = PCURVE('',#7210,#7243);
#7243 = DEFINITIONAL_REPRESENTATION('',(#7244),#7248);
#7244 = LINE('',#7245,#7246);
#7245 = CARTESIAN_POINT('',(-0.,0.));
#7246 = VECTOR('',#7247,1.);
#7247 = DIRECTION('',(-0.,1.));
#7248 = ( GEOMETRIC_REPRESENTATION_CONTEXT(2) 
PARAMETRIC_REPRESENTATION_CONTEXT() REPRESENTATION_CONTEXT('2D SPACE',''
  ) );
#7249 = ADVANCED_FACE('',(#7250),#6631,.T.);
#7250 = FACE_BOUND('',#7251,.T.);
#7251 = EDGE_LOOP('',(#7252,#7253,#7254,#7255));
#7252 = ORIENTED_EDGE('',*,*,#6962,.F.);
#7253 = ORIENTED_EDGE('',*,*,#6747,.T.);
#7254 = ORIENTED_EDGE('',*,*,#6615,.T.);
#7255 = ORIENTED_EDGE('',*,*,#7256,.F.);
#7256 = EDGE_CURVE('',#6963,#6616,#7257,.T.);
#7257 = SURFACE_CURVE('',#7258,(#7262,#7269),.PCURVE_S1.);
#7258 = LINE('',#7259,#7260);
#7259 = CARTESIAN_POINT('',(-16.,22.,-29.));
#7260 = VECTOR('',#7261,1.);
#7261 = DIRECTION('',(1.,0.,0.));
#7262 = PCURVE('',#6631,#7263);
#7263 = DEFINITIONAL_REPRESENTATION('',(#7264),#7268);
#7264 = LINE('',#7265,#7266);
#7265 = CARTESIAN_POINT('',(0.,52.));
#7266 = VECTOR('',#7267,1.);
#7267 = DIRECTION('',(1.,0.));
#7268 = ( GEOMETRIC_REPRESENTATION_CONTEXT(2) 
PARAMETRIC_REPRESENTATION_CONTEXT() REPRESENTATION_CONTEXT('2D SPACE',''
  ) );
#7269 = PCURVE('',#7210,#7270);
#7270 = DEFINITIONAL_REPRESENTATION('',(#7271),#7275);
#7271 = LINE('',#7272,#7273);
#7272 = CARTESIAN_POINT('',(-1.570796326795,0.));
#7273 = VECTOR('',#7274,1.);
#7274 = DIRECTION('',(-0.,1.));
#7275 = ( GEOMETRIC_REPRESENTATION_CONTEXT(2) 
PARAMETRIC_REPRESENTATION_CONTEXT() REPRESENTATION_CONTEXT('2D SPACE',''
  ) );
#7276 = ADVANCED_FACE('',(#7277),#6818,.F.);
#7277 = FACE_BOUND('',#7278,.T.);
#7278 = EDGE_LOOP('',(#7279,#7280,#7302));
#7279 = ORIENTED_EDGE('',*,*,#6985,.F.);
#7280 = ORIENTED_EDGE('',*,*,#7281,.T.);
#7281 = EDGE_CURVE('',#6963,#6802,#7282,.T.);
#7282 = SURFACE_CURVE('',#7283,(#7288,#7295),.PCURVE_S1.);
#7283 = CIRCLE('',#7284,8.);
#7284 = AXIS2_PLACEMENT_3D('',#7285,#7286,#7287);
#7285 = CARTESIAN_POINT('',(-8.,22.,-21.));
#7286 = DIRECTION('',(1.,2.832769448824E-16,-0.));
#7287 = DIRECTION('',(-2.832769448824E-16,1.,0.));
#7288 = PCURVE('',#6818,#7289);
#7289 = DEFINITIONAL_REPRESENTATION('',(#7290),#7294);
#7290 = LINE('',#7291,#7292);
#7291 = CARTESIAN_POINT('',(-1.570796326795,-6.28318530718));
#7292 = VECTOR('',#7293,1.);
#7293 = DIRECTION('',(-0.,1.));
#7294 = ( GEOMETRIC_REPRESENTATION_CONTEXT(2) 
PARAMETRIC_REPRESENTATION_CONTEXT() REPRESENTATION_CONTEXT('2D SPACE',''
  ) );
#7295 = PCURVE('',#7210,#7296);
#7296 = DEFINITIONAL_REPRESENTATION('',(#7297),#7301);
#7297 = LINE('',#7298,#7299);
#7298 = CARTESIAN_POINT('',(-6.28318530718,8.));
#7299 = VECTOR('',#7300,1.);
#7300 = DIRECTION('',(1.,-0.));
#7301 = ( GEOMETRIC_REPRESENTATION_CONTEXT(2) 
PARAMETRIC_REPRESENTATION_CONTEXT() REPRESENTATION_CONTEXT('2D SPACE',''
  ) );
#7302 = ORIENTED_EDGE('',*,*,#6801,.F.);
#7303 = ADVANCED_FACE('',(#7304),#6943,.T.);
#7304 = FACE_BOUND('',#7305,.F.);
#7305 = EDGE_LOOP('',(#7306));
#7306 = ORIENTED_EDGE('',*,*,#6928,.F.);
#7307 = ADVANCED_FACE('',(#7308),#7094,.T.);
#7308 = FACE_BOUND('',#7309,.T.);
#7309 = EDGE_LOOP('',(#7310,#7311,#7312));
#7310 = ORIENTED_EDGE('',*,*,#7113,.F.);
#7311 = ORIENTED_EDGE('',*,*,#7141,.T.);
#7312 = ORIENTED_EDGE('',*,*,#7079,.F.);
#7313 = ADVANCED_FACE('',(#7314),#7210,.F.);
#7314 = FACE_BOUND('',#7315,.T.);
#7315 = EDGE_LOOP('',(#7316,#7317,#7318,#7319));
#7316 = ORIENTED_EDGE('',*,*,#7281,.F.);
#7317 = ORIENTED_EDGE('',*,*,#7256,.T.);
#7318 = ORIENTED_EDGE('',*,*,#7195,.T.);
#7319 = ORIENTED_EDGE('',*,*,#7229,.F.);
#7320 = ( GEOMETRIC_REPRESENTATION_CONTEXT(3) 
GLOBAL_UNCERTAINTY_ASSIGNED_CONTEXT((#7324)) 
GLOBAL_UNIT_ASSIGNED_CONTEXT((#7321,#7322,#7323)) REPRESENTATION_CONTEXT
('Context #1','3D Context with UNIT and UNCERTAINTY') );
#7321 = ( LENGTH_UNIT() NAMED_UNIT(*) SI_UNIT(.MILLI.,.METRE.) );
#7322 = ( NAMED_UNIT(*) PLANE_ANGLE_UNIT() SI_UNIT($,.RADIAN.) );
#7323 = ( NAMED_UNIT(*) SI_UNIT($,.STERADIAN.) SOLID_ANGLE_UNIT() );
#7324 = UNCERTAINTY_MEASURE_WITH_UNIT(LENGTH_MEASURE(2.E-07),#7321,
  'distance_accuracy_value','confusion accuracy');
#7325 = PRODUCT_RELATED_PRODUCT_CATEGORY('part',$,(#7));
ENDSEC;
END-ISO-10303-21;
