ISO-10303-21;
HEADER;
FILE_DESCRIPTION(('Open CASCADE Model'),'2;1');
FILE_NAME('Open CASCADE Shape Model','2026-08-23T11:27:53',('Author'),(
    'Open CASCADE'),'Open CASCADE STEP processor 7.9','Open CASCADE 7.9'
  ,'Unknown');
FILE_SCHEMA(('AUTOMOTIVE_DESIGN { 1 0 10303 214 1 1 1 1 }'));
ENDSEC;
DATA;
#1 = APPLICATION_PROTOCOL_DEFINITION('international standard',
  'automotive_design',2000,#2);
#2 = APPLICATION_CONTEXT(
  'core data for automotive mechanical design processes');
#3 = SHAPE_DEFINITION_REPRESENTATION(#4,#10);
#4 = PRODUCT_DEFINITION_SHAPE('','',#5);
#5 = PRODUCT_DEFINITION('design','',#6,#9);
#6 = PRODUCT_DEFINITION_FORMATION('','',#7);
#7 = PRODUCT('Open CASCADE STEP translator 7.9 24',
  'Open CASCADE STEP translator 7.9 24','',(#8));
#8 = PRODUCT_CONTEXT('',#2,'mechanical');
#9 = PRODUCT_DEFINITION_CONTEXT('part definition',#2,'design');
#10 = ADVANCED_BREP_SHAPE_REPRESENTATION('',(#11,#15),#4859);
#11 = AXIS2_PLACEMENT_3D('',#12,#13,#14);
#12 = CARTESIAN_POINT('',(0.,0.,0.));
#13 = DIRECTION('',(0.,0.,1.));
#14 = DIRECTION('',(1.,0.,-0.));
#15 = MANIFOLD_SOLID_BREP('',#16);
#16 = CLOSED_SHELL('',(#17,#138,#346,#624,#790,#902,#980,#1013,#1068,
    #1229,#1256,#1386,#1435,#1542,#1574,#1629,#1775,#1802,#1878,#1910,
    #2280,#2364,#2413,#2441,#2470,#2634,#2710,#2764,#2840,#2847,#3067,
    #3146,#3224,#3256,#3284,#3368,#3468,#3518,#3546,#3573,#3601,#3753,
    #3786,#3974,#4035,#4130,#4180,#4207,#4284,#4316,#4364,#4484,#4491,
    #4519,#4708,#4760,#4787,#4815,#4822,#4851));
#17 = ADVANCED_FACE('',(#18),#32,.F.);
#18 = FACE_BOUND('',#19,.F.);
#19 = EDGE_LOOP('',(#20,#55,#83,#111));
#20 = ORIENTED_EDGE('',*,*,#21,.F.);
#21 = EDGE_CURVE('',#22,#24,#26,.T.);
#22 = VERTEX_POINT('',#23);
#23 = CARTESIAN_POINT('',(-19.,-7.,-10.));
#24 = VERTEX_POINT('',#25);
#25 = CARTESIAN_POINT('',(-19.,-7.,-4.075536774463));
#26 = SURFACE_CURVE('',#27,(#31,#43),.PCURVE_S1.);
#27 = LINE('',#28,#29);
#28 = CARTESIAN_POINT('',(-19.,-7.,-17.));
#29 = VECTOR('',#30,1.);
#30 = DIRECTION('',(0.,0.,1.));
#31 = PCURVE('',#32,#37);
#32 = PLANE('',#33);
#33 = AXIS2_PLACEMENT_3D('',#34,#35,#36);
#34 = CARTESIAN_POINT('',(-19.,-14.,-17.));
#35 = DIRECTION('',(1.,0.,0.));
#36 = DIRECTION('',(0.,0.,1.));
#37 = DEFINITIONAL_REPRESENTATION('',(#38),#42);
#38 = LINE('',#39,#40);
#39 = CARTESIAN_POINT('',(0.,-7.));
#40 = VECTOR('',#41,1.);
#41 = DIRECTION('',(1.,0.));
#42 = ( GEOMETRIC_REPRESENTATION_CONTEXT(2) 
PARAMETRIC_REPRESENTATION_CONTEXT() REPRESENTATION_CONTEXT('2D SPACE',''
  ) );
#43 = PCURVE('',#44,#49);
#44 = CYLINDRICAL_SURFACE('',#45,7.);
#45 = AXIS2_PLACEMENT_3D('',#46,#47,#48);
#46 = CARTESIAN_POINT('',(-12.,-7.,-17.));
#47 = DIRECTION('',(0.,0.,1.));
#48 = DIRECTION('',(-1.,-0.,0.));
#49 = DEFINITIONAL_REPRESENTATION('',(#50),#54);
#50 = LINE('',#51,#52);
#51 = CARTESIAN_POINT('',(0.,0.));
#52 = VECTOR('',#53,1.);
#53 = DIRECTION('',(0.,1.));
#54 = ( GEOMETRIC_REPRESENTATION_CONTEXT(2) 
PARAMETRIC_REPRESENTATION_CONTEXT() REPRESENTATION_CONTEXT('2D SPACE',''
  ) );
#55 = ORIENTED_EDGE('',*,*,#56,.T.);
#56 = EDGE_CURVE('',#22,#57,#59,.T.);
#57 = VERTEX_POINT('',#58);
#58 = CARTESIAN_POINT('',(-19.,7.,-10.));
#59 = SURFACE_CURVE('',#60,(#64,#71),.PCURVE_S1.);
#60 = LINE('',#61,#62);
#61 = CARTESIAN_POINT('',(-19.,-14.,-10.));
#62 = VECTOR('',#63,1.);
#63 = DIRECTION('',(0.,1.,0.));
#64 = PCURVE('',#32,#65);
#65 = DEFINITIONAL_REPRESENTATION('',(#66),#70);
#66 = LINE('',#67,#68);
#67 = CARTESIAN_POINT('',(7.,0.));
#68 = VECTOR('',#69,1.);
#69 = DIRECTION('',(0.,-1.));
#70 = ( GEOMETRIC_REPRESENTATION_CONTEXT(2) 
PARAMETRIC_REPRESENTATION_CONTEXT() REPRESENTATION_CONTEXT('2D SPACE',''
  ) );
#71 = PCURVE('',#72,#77);
#72 = CYLINDRICAL_SURFACE('',#73,7.);
#73 = AXIS2_PLACEMENT_3D('',#74,#75,#76);
#74 = CARTESIAN_POINT('',(-12.,-14.,-10.));
#75 = DIRECTION('',(0.,1.,0.));
#76 = DIRECTION('',(-1.,0.,0.));
#77 = DEFINITIONAL_REPRESENTATION('',(#78),#82);
#78 = LINE('',#79,#80);
#79 = CARTESIAN_POINT('',(-0.,0.));
#80 = VECTOR('',#81,1.);
#81 = DIRECTION('',(-0.,1.));
#82 = ( GEOMETRIC_REPRESENTATION_CONTEXT(2) 
PARAMETRIC_REPRESENTATION_CONTEXT() REPRESENTATION_CONTEXT('2D SPACE',''
  ) );
#83 = ORIENTED_EDGE('',*,*,#84,.T.);
#84 = EDGE_CURVE('',#57,#85,#87,.T.);
#85 = VERTEX_POINT('',#86);
#86 = CARTESIAN_POINT('',(-19.,7.,-4.075536774463));
#87 = SURFACE_CURVE('',#88,(#92,#99),.PCURVE_S1.);
#88 = LINE('',#89,#90);
#89 = CARTESIAN_POINT('',(-19.,7.,-17.));
#90 = VECTOR('',#91,1.);
#91 = DIRECTION('',(0.,0.,1.));
#92 = PCURVE('',#32,#93);
#93 = DEFINITIONAL_REPRESENTATION('',(#94),#98);
#94 = LINE('',#95,#96);
#95 = CARTESIAN_POINT('',(0.,-21.));
#96 = VECTOR('',#97,1.);
#97 = DIRECTION('',(1.,0.));
#98 = ( GEOMETRIC_REPRESENTATION_CONTEXT(2) 
PARAMETRIC_REPRESENTATION_CONTEXT() REPRESENTATION_CONTEXT('2D SPACE',''
  ) );
#99 = PCURVE('',#100,#105);
#100 = CYLINDRICAL_SURFACE('',#101,7.);
#101 = AXIS2_PLACEMENT_3D('',#102,#103,#104);
#102 = CARTESIAN_POINT('',(-12.,7.,-17.));
#103 = DIRECTION('',(0.,0.,1.));
#104 = DIRECTION('',(-1.,-0.,0.));
#105 = DEFINITIONAL_REPRESENTATION('',(#106),#110);
#106 = LINE('',#107,#108);
#107 = CARTESIAN_POINT('',(-0.,0.));
#108 = VECTOR('',#109,1.);
#109 = DIRECTION('',(-0.,1.));
#110 = ( GEOMETRIC_REPRESENTATION_CONTEXT(2) 
PARAMETRIC_REPRESENTATION_CONTEXT() REPRESENTATION_CONTEXT('2D SPACE',''
  ) );
#111 = ORIENTED_EDGE('',*,*,#112,.F.);
#112 = EDGE_CURVE('',#24,#85,#113,.T.);
#113 = SURFACE_CURVE('',#114,(#119,#126),.PCURVE_S1.);
#114 = CIRCLE('',#115,8.1);
#115 = AXIS2_PLACEMENT_3D('',#116,#117,#118);
#116 = CARTESIAN_POINT('',(-19.,0.,0.));
#117 = DIRECTION('',(1.,0.,0.));
#118 = DIRECTION('',(-0.,0.,1.));
#119 = PCURVE('',#32,#120);
#120 = DEFINITIONAL_REPRESENTATION('',(#121),#125);
#121 = CIRCLE('',#122,8.1);
#122 = AXIS2_PLACEMENT_2D('',#123,#124);
#123 = CARTESIAN_POINT('',(17.,-14.));
#124 = DIRECTION('',(1.,0.));
#125 = ( GEOMETRIC_REPRESENTATION_CONTEXT(2) 
PARAMETRIC_REPRESENTATION_CONTEXT() REPRESENTATION_CONTEXT('2D SPACE',''
  ) );
#126 = PCURVE('',#127,#132);
#127 = CYLINDRICAL_SURFACE('',#128,8.1);
#128 = AXIS2_PLACEMENT_3D('',#129,#130,#131);
#129 = CARTESIAN_POINT('',(-20.,0.,0.));
#130 = DIRECTION('',(1.,0.,0.));
#131 = DIRECTION('',(-0.,0.,1.));
#132 = DEFINITIONAL_REPRESENTATION('',(#133),#137);
#133 = LINE('',#134,#135);
#134 = CARTESIAN_POINT('',(0.,1.));
#135 = VECTOR('',#136,1.);
#136 = DIRECTION('',(1.,0.));
#137 = ( GEOMETRIC_REPRESENTATION_CONTEXT(2) 
PARAMETRIC_REPRESENTATION_CONTEXT() REPRESENTATION_CONTEXT('2D SPACE',''
  ) );
#138 = ADVANCED_FACE('',(#139),#44,.T.);
#139 = FACE_BOUND('',#140,.T.);
#140 = EDGE_LOOP('',(#141,#142,#171,#199,#228,#256));
#141 = ORIENTED_EDGE('',*,*,#21,.F.);
#142 = ORIENTED_EDGE('',*,*,#143,.T.);
#143 = EDGE_CURVE('',#22,#144,#146,.T.);
#144 = VERTEX_POINT('',#145);
#145 = CARTESIAN_POINT('',(-12.,-14.,-10.));
#146 = SURFACE_CURVE('',#147,(#152,#159),.PCURVE_S1.);
#147 = CIRCLE('',#148,7.);
#148 = AXIS2_PLACEMENT_3D('',#149,#150,#151);
#149 = CARTESIAN_POINT('',(-12.,-7.,-10.));
#150 = DIRECTION('',(0.,0.,1.));
#151 = DIRECTION('',(-1.,0.,0.));
#152 = PCURVE('',#44,#153);
#153 = DEFINITIONAL_REPRESENTATION('',(#154),#158);
#154 = LINE('',#155,#156);
#155 = CARTESIAN_POINT('',(0.,7.));
#156 = VECTOR('',#157,1.);
#157 = DIRECTION('',(1.,0.));
#158 = ( GEOMETRIC_REPRESENTATION_CONTEXT(2) 
PARAMETRIC_REPRESENTATION_CONTEXT() REPRESENTATION_CONTEXT('2D SPACE',''
  ) );
#159 = PCURVE('',#160,#165);
#160 = SPHERICAL_SURFACE('',#161,7.);
#161 = AXIS2_PLACEMENT_3D('',#162,#163,#164);
#162 = CARTESIAN_POINT('',(-12.,-7.,-10.));
#163 = DIRECTION('',(0.,0.,1.));
#164 = DIRECTION('',(-1.,0.,0.));
#165 = DEFINITIONAL_REPRESENTATION('',(#166),#170);
#166 = LINE('',#167,#168);
#167 = CARTESIAN_POINT('',(0.,0.));
#168 = VECTOR('',#169,1.);
#169 = DIRECTION('',(1.,0.));
#170 = ( GEOMETRIC_REPRESENTATION_CONTEXT(2) 
PARAMETRIC_REPRESENTATION_CONTEXT() REPRESENTATION_CONTEXT('2D SPACE',''
  ) );
#171 = ORIENTED_EDGE('',*,*,#172,.T.);
#172 = EDGE_CURVE('',#144,#173,#175,.T.);
#173 = VERTEX_POINT('',#174);
#174 = CARTESIAN_POINT('',(-12.,-14.,10.));
#175 = SURFACE_CURVE('',#176,(#180,#187),.PCURVE_S1.);
#176 = LINE('',#177,#178);
#177 = CARTESIAN_POINT('',(-12.,-14.,-17.));
#178 = VECTOR('',#179,1.);
#179 = DIRECTION('',(0.,0.,1.));
#180 = PCURVE('',#44,#181);
#181 = DEFINITIONAL_REPRESENTATION('',(#182),#186);
#182 = LINE('',#183,#184);
#183 = CARTESIAN_POINT('',(1.570796326795,0.));
#184 = VECTOR('',#185,1.);
#185 = DIRECTION('',(0.,1.));
#186 = ( GEOMETRIC_REPRESENTATION_CONTEXT(2) 
PARAMETRIC_REPRESENTATION_CONTEXT() REPRESENTATION_CONTEXT('2D SPACE',''
  ) );
#187 = PCURVE('',#188,#193);
#188 = PLANE('',#189);
#189 = AXIS2_PLACEMENT_3D('',#190,#191,#192);
#190 = CARTESIAN_POINT('',(-19.,-14.,-17.));
#191 = DIRECTION('',(0.,1.,0.));
#192 = DIRECTION('',(0.,0.,1.));
#193 = DEFINITIONAL_REPRESENTATION('',(#194),#198);
#194 = LINE('',#195,#196);
#195 = CARTESIAN_POINT('',(0.,7.));
#196 = VECTOR('',#197,1.);
#197 = DIRECTION('',(1.,0.));
#198 = ( GEOMETRIC_REPRESENTATION_CONTEXT(2) 
PARAMETRIC_REPRESENTATION_CONTEXT() REPRESENTATION_CONTEXT('2D SPACE',''
  ) );
#199 = ORIENTED_EDGE('',*,*,#200,.F.);
#200 = EDGE_CURVE('',#201,#173,#203,.T.);
#201 = VERTEX_POINT('',#202);
#202 = CARTESIAN_POINT('',(-19.,-7.,10.));
#203 = SURFACE_CURVE('',#204,(#209,#216),.PCURVE_S1.);
#204 = CIRCLE('',#205,7.);
#205 = AXIS2_PLACEMENT_3D('',#206,#207,#208);
#206 = CARTESIAN_POINT('',(-12.,-7.,10.));
#207 = DIRECTION('',(0.,0.,1.));
#208 = DIRECTION('',(-1.,0.,0.));
#209 = PCURVE('',#44,#210);
#210 = DEFINITIONAL_REPRESENTATION('',(#211),#215);
#211 = LINE('',#212,#213);
#212 = CARTESIAN_POINT('',(0.,27.));
#213 = VECTOR('',#214,1.);
#214 = DIRECTION('',(1.,0.));
#215 = ( GEOMETRIC_REPRESENTATION_CONTEXT(2) 
PARAMETRIC_REPRESENTATION_CONTEXT() REPRESENTATION_CONTEXT('2D SPACE',''
  ) );
#216 = PCURVE('',#217,#222);
#217 = SPHERICAL_SURFACE('',#218,7.);
#218 = AXIS2_PLACEMENT_3D('',#219,#220,#221);
#219 = CARTESIAN_POINT('',(-12.,-7.,10.));
#220 = DIRECTION('',(-0.,-0.,-1.));
#221 = DIRECTION('',(-1.,0.,0.));
#222 = DEFINITIONAL_REPRESENTATION('',(#223),#227);
#223 = LINE('',#224,#225);
#224 = CARTESIAN_POINT('',(-0.,0.));
#225 = VECTOR('',#226,1.);
#226 = DIRECTION('',(-1.,0.));
#227 = ( GEOMETRIC_REPRESENTATION_CONTEXT(2) 
PARAMETRIC_REPRESENTATION_CONTEXT() REPRESENTATION_CONTEXT('2D SPACE',''
  ) );
#228 = ORIENTED_EDGE('',*,*,#229,.F.);
#229 = EDGE_CURVE('',#230,#201,#232,.T.);
#230 = VERTEX_POINT('',#231);
#231 = CARTESIAN_POINT('',(-19.,-7.,4.075536774463));
#232 = SURFACE_CURVE('',#233,(#237,#244),.PCURVE_S1.);
#233 = LINE('',#234,#235);
#234 = CARTESIAN_POINT('',(-19.,-7.,-17.));
#235 = VECTOR('',#236,1.);
#236 = DIRECTION('',(0.,0.,1.));
#237 = PCURVE('',#44,#238);
#238 = DEFINITIONAL_REPRESENTATION('',(#239),#243);
#239 = LINE('',#240,#241);
#240 = CARTESIAN_POINT('',(0.,0.));
#241 = VECTOR('',#242,1.);
#242 = DIRECTION('',(0.,1.));
#243 = ( GEOMETRIC_REPRESENTATION_CONTEXT(2) 
PARAMETRIC_REPRESENTATION_CONTEXT() REPRESENTATION_CONTEXT('2D SPACE',''
  ) );
#244 = PCURVE('',#245,#250);
#245 = PLANE('',#246);
#246 = AXIS2_PLACEMENT_3D('',#247,#248,#249);
#247 = CARTESIAN_POINT('',(-19.,-14.,-17.));
#248 = DIRECTION('',(1.,0.,0.));
#249 = DIRECTION('',(0.,0.,1.));
#250 = DEFINITIONAL_REPRESENTATION('',(#251),#255);
#251 = LINE('',#252,#253);
#252 = CARTESIAN_POINT('',(0.,-7.));
#253 = VECTOR('',#254,1.);
#254 = DIRECTION('',(1.,0.));
#255 = ( GEOMETRIC_REPRESENTATION_CONTEXT(2) 
PARAMETRIC_REPRESENTATION_CONTEXT() REPRESENTATION_CONTEXT('2D SPACE',''
  ) );
#256 = ORIENTED_EDGE('',*,*,#257,.T.);
#257 = EDGE_CURVE('',#230,#24,#258,.T.);
#258 = SURFACE_CURVE('',#259,(#286,#316),.PCURVE_S1.);
#259 = B_SPLINE_CURVE_WITH_KNOTS('',7,(#260,#261,#262,#263,#264,#265,
    #266,#267,#268,#269,#270,#271,#272,#273,#274,#275,#276,#277,#278,
    #279,#280,#281,#282,#283,#284,#285),.UNSPECIFIED.,.F.,.F.,(8,6,6,6,8
    ),(0.,9.076248909492E-02,0.499999298582,0.910902180867,1.),
  .UNSPECIFIED.);
#260 = CARTESIAN_POINT('',(-19.,-7.,4.075536774463));
#261 = CARTESIAN_POINT('',(-19.,-7.058217934275,3.975543678467));
#262 = CARTESIAN_POINT('',(-18.99943523348,-7.114535294613,3.8749823465)
  );
#263 = CARTESIAN_POINT('',(-18.99837178987,-7.168965267035,3.77388595753
    ));
#264 = CARTESIAN_POINT('',(-18.99687184773,-7.221521071765,
    3.672285499308));
#265 = CARTESIAN_POINT('',(-18.99499367475,-7.272215963229,
    3.570209768359));
#266 = CARTESIAN_POINT('',(-18.99279162775,-7.321063230058,
    3.467685369992));
#267 = CARTESIAN_POINT('',(-18.97915454259,-7.580051825151,
    2.900554012602));
#268 = CARTESIAN_POINT('',(-18.96243372726,-7.754792062836,
    2.427620148349));
#269 = CARTESIAN_POINT('',(-18.94479715216,-7.893428158087,
    1.948238466476));
#270 = CARTESIAN_POINT('',(-18.92944639927,-7.996830837592,
    1.464275033961));
#271 = CARTESIAN_POINT('',(-18.91850622077,-8.065593147557,
    0.977307082866));
#272 = CARTESIAN_POINT('',(-18.91303117308,-8.1,0.488755881813));
#273 = CARTESIAN_POINT('',(-18.91303117308,-8.1,-0.490745690306));
#274 = CARTESIAN_POINT('',(-18.91855089717,-8.065312426395,
    -0.981282737306));
#275 = CARTESIAN_POINT('',(-18.92958017764,-7.995989879205,
    -1.470217237728));
#276 = CARTESIAN_POINT('',(-18.94504733169,-7.89174250446,
    -1.956111545505));
#277 = CARTESIAN_POINT('',(-18.96279275688,-7.751966980554,
    -2.437368646735));
#278 = CARTESIAN_POINT('',(-18.97956247758,-7.575777822444,
    -2.912096201704));
#279 = CARTESIAN_POINT('',(-18.99303238971,-7.315676996252,
    -3.478968544049));
#280 = CARTESIAN_POINT('',(-18.99516468759,-7.267559473918,
    -3.579571535353));
#281 = CARTESIAN_POINT('',(-18.99698103101,-7.217660559862,
    -3.679740283357));
#282 = CARTESIAN_POINT('',(-18.99842980562,-7.165967667142,
    -3.779449530071));
#283 = CARTESIAN_POINT('',(-18.99945575887,-7.112468258976,
    -3.878671956964));
#284 = CARTESIAN_POINT('',(-19.,-7.057149848747,-3.977378184965));
#285 = CARTESIAN_POINT('',(-19.,-7.,-4.075536774463));
#286 = PCURVE('',#44,#287);
#287 = DEFINITIONAL_REPRESENTATION('',(#288),#315);
#288 = B_SPLINE_CURVE_WITH_KNOTS('',7,(#289,#290,#291,#292,#293,#294,
    #295,#296,#297,#298,#299,#300,#301,#302,#303,#304,#305,#306,#307,
    #308,#309,#310,#311,#312,#313,#314),.UNSPECIFIED.,.F.,.F.,(8,6,6,6,8
    ),(0.,9.076248909492E-02,0.499999298582,0.910902180867,1.),
  .UNSPECIFIED.);
#289 = CARTESIAN_POINT('',(0.,21.075536774463));
#290 = CARTESIAN_POINT('',(8.316847753533E-03,20.975543678467));
#291 = CARTESIAN_POINT('',(1.636220726452E-02,20.8749823465));
#292 = CARTESIAN_POINT('',(2.413884734795E-02,20.77388595753));
#293 = CARTESIAN_POINT('',(3.164933638679E-02,20.672285499308));
#294 = CARTESIAN_POINT('',(3.889604233199E-02,20.570209768359));
#295 = CARTESIAN_POINT('',(4.588113270251E-02,20.467685369992));
#296 = CARTESIAN_POINT('',(8.293075813227E-02,19.900554012602));
#297 = CARTESIAN_POINT('',(0.10798474482,19.427620148349));
#298 = CARTESIAN_POINT('',(0.127940375386,18.948238466476));
#299 = CARTESIAN_POINT('',(0.142872954307,18.464275033961));
#300 = CARTESIAN_POINT('',(0.152819812868,17.977307082866));
#301 = CARTESIAN_POINT('',(0.157796895782,17.488755881813));
#302 = CARTESIAN_POINT('',(0.157796895782,16.509254309694));
#303 = CARTESIAN_POINT('',(0.152779206072,16.018717262694));
#304 = CARTESIAN_POINT('',(0.142751302976,15.529782762272));
#305 = CARTESIAN_POINT('',(0.127696951759,15.043888454494));
#306 = CARTESIAN_POINT('',(0.107578100803,14.562631353265));
#307 = CARTESIAN_POINT('',(8.231797802182E-02,14.087903798296));
#308 = CARTESIAN_POINT('',(4.511092407167E-02,13.521031455951));
#309 = CARTESIAN_POINT('',(3.82304173964E-02,13.420428464647));
#310 = CARTESIAN_POINT('',(3.109765224809E-02,13.320259716643));
#311 = CARTESIAN_POINT('',(2.371056676172E-02,13.220550469929));
#312 = CARTESIAN_POINT('',(1.606691443064E-02,13.121328043036));
#313 = CARTESIAN_POINT('',(8.164264106661E-03,13.022621815035));
#314 = CARTESIAN_POINT('',(0.,12.924463225537));
#315 = ( GEOMETRIC_REPRESENTATION_CONTEXT(2) 
PARAMETRIC_REPRESENTATION_CONTEXT() REPRESENTATION_CONTEXT('2D SPACE',''
  ) );
#316 = PCURVE('',#127,#317);
#317 = DEFINITIONAL_REPRESENTATION('',(#318),#345);
#318 = B_SPLINE_CURVE_WITH_KNOTS('',7,(#319,#320,#321,#322,#323,#324,
    #325,#326,#327,#328,#329,#330,#331,#332,#333,#334,#335,#336,#337,
    #338,#339,#340,#341,#342,#343,#344),.UNSPECIFIED.,.F.,.F.,(8,6,6,6,8
    ),(0.,9.076248909492E-02,0.499999298582,0.910902180867,1.),
  .UNSPECIFIED.);
#319 = CARTESIAN_POINT('',(1.043553298594,1.));
#320 = CARTESIAN_POINT('',(1.057838026594,1.));
#321 = CARTESIAN_POINT('',(1.072065330012,1.000564766517));
#322 = CARTESIAN_POINT('',(1.086237227905,1.001628210126));
#323 = CARTESIAN_POINT('',(1.100355828846,1.003128152267));
#324 = CARTESIAN_POINT('',(1.114423330919,1.005006325249));
#325 = CARTESIAN_POINT('',(1.128442021729,1.007208372248));
#326 = CARTESIAN_POINT('',(1.205413451227,1.020845457405));
#327 = CARTESIAN_POINT('',(1.267485814946,1.037566272739));
#328 = CARTESIAN_POINT('',(1.328839092167,1.055202847833));
#329 = CARTESIAN_POINT('',(1.389662781874,1.070553600726));
#330 = CARTESIAN_POINT('',(1.450141134942,1.081493779224));
#331 = CARTESIAN_POINT('',(1.510456094472,1.086968826918));
#332 = CARTESIAN_POINT('',(1.631382214487,1.086968826918));
#333 = CARTESIAN_POINT('',(1.691942340099,1.081449102823));
#334 = CARTESIAN_POINT('',(1.752667877925,1.070419822359));
#335 = CARTESIAN_POINT('',(1.813743110739,1.05495266831));
#336 = CARTESIAN_POINT('',(1.875354669573,1.037207243111));
#337 = CARTESIAN_POINT('',(1.937694489665,1.020437522414));
#338 = CARTESIAN_POINT('',(2.014693995034,1.006967610283));
#339 = CARTESIAN_POINT('',(2.028459901193,1.004835312403));
#340 = CARTESIAN_POINT('',(2.042273005628,1.003018968987));
#341 = CARTESIAN_POINT('',(2.056135470682,1.001570194375));
#342 = CARTESIAN_POINT('',(2.070049372164,1.000544241121));
#343 = CARTESIAN_POINT('',(2.084016699353,1.));
#344 = CARTESIAN_POINT('',(2.098039354996,1.));
#345 = ( GEOMETRIC_REPRESENTATION_CONTEXT(2) 
PARAMETRIC_REPRESENTATION_CONTEXT() REPRESENTATION_CONTEXT('2D SPACE',''
  ) );
#346 = ADVANCED_FACE('',(#347),#361,.F.);
#347 = FACE_BOUND('',#348,.F.);
#348 = EDGE_LOOP('',(#349,#379,#416,#445,#542,#571,#601,#602));
#349 = ORIENTED_EDGE('',*,*,#350,.T.);
#350 = EDGE_CURVE('',#351,#353,#355,.T.);
#351 = VERTEX_POINT('',#352);
#352 = CARTESIAN_POINT('',(-13.5,1.983927814619E-15,8.1));
#353 = VERTEX_POINT('',#354);
#354 = CARTESIAN_POINT('',(-11.99899989998,1.983927814619E-15,8.1));
#355 = SEAM_CURVE('',#356,(#360,#372),.PCURVE_S1.);
#356 = LINE('',#357,#358);
#357 = CARTESIAN_POINT('',(-20.,1.983927814619E-15,8.1));
#358 = VECTOR('',#359,1.);
#359 = DIRECTION('',(1.,0.,0.));
#360 = PCURVE('',#361,#366);
#361 = CYLINDRICAL_SURFACE('',#362,8.1);
#362 = AXIS2_PLACEMENT_3D('',#363,#364,#365);
#363 = CARTESIAN_POINT('',(-20.,0.,0.));
#364 = DIRECTION('',(1.,0.,0.));
#365 = DIRECTION('',(-0.,0.,1.));
#366 = DEFINITIONAL_REPRESENTATION('',(#367),#371);
#367 = LINE('',#368,#369);
#368 = CARTESIAN_POINT('',(6.28318530718,-0.));
#369 = VECTOR('',#370,1.);
#370 = DIRECTION('',(0.,1.));
#371 = ( GEOMETRIC_REPRESENTATION_CONTEXT(2) 
PARAMETRIC_REPRESENTATION_CONTEXT() REPRESENTATION_CONTEXT('2D SPACE',''
  ) );
#372 = PCURVE('',#361,#373);
#373 = DEFINITIONAL_REPRESENTATION('',(#374),#378);
#374 = LINE('',#375,#376);
#375 = CARTESIAN_POINT('',(0.,-0.));
#376 = VECTOR('',#377,1.);
#377 = DIRECTION('',(0.,1.));
#378 = ( GEOMETRIC_REPRESENTATION_CONTEXT(2) 
PARAMETRIC_REPRESENTATION_CONTEXT() REPRESENTATION_CONTEXT('2D SPACE',''
  ) );
#379 = ORIENTED_EDGE('',*,*,#380,.F.);
#380 = EDGE_CURVE('',#381,#353,#383,.T.);
#381 = VERTEX_POINT('',#382);
#382 = CARTESIAN_POINT('',(-12.,1.268857754045,8.));
#383 = SURFACE_CURVE('',#384,(#391,#401),.PCURVE_S1.);
#384 = B_SPLINE_CURVE_WITH_KNOTS('',5,(#385,#386,#387,#388,#389,#390),
  .UNSPECIFIED.,.F.,.F.,(6,6),(0.,1.),.PIECEWISE_BEZIER_KNOTS.);
#385 = CARTESIAN_POINT('',(-12.,1.268857754045,8.));
#386 = CARTESIAN_POINT('',(-12.,1.016194547532,8.040074208593));
#387 = CARTESIAN_POINT('',(-11.99959861102,0.762692953409,8.070055730234
    ));
#388 = CARTESIAN_POINT('',(-11.99919965803,0.508643044277,8.090018542573
    ));
#389 = CARTESIAN_POINT('',(-11.99899989998,0.254323116501,8.1));
#390 = CARTESIAN_POINT('',(-11.99899989998,9.918157025296E-15,8.1));
#391 = PCURVE('',#361,#392);
#392 = DEFINITIONAL_REPRESENTATION('',(#393),#400);
#393 = B_SPLINE_CURVE_WITH_KNOTS('',5,(#394,#395,#396,#397,#398,#399),
  .UNSPECIFIED.,.F.,.F.,(6,6),(0.,1.),.PIECEWISE_BEZIER_KNOTS.);
#394 = CARTESIAN_POINT('',(6.125888354841,8.));
#395 = CARTESIAN_POINT('',(6.157471255656,8.));
#396 = CARTESIAN_POINT('',(6.188961196909,8.000401388976));
#397 = CARTESIAN_POINT('',(6.220389870208,8.000800341962));
#398 = CARTESIAN_POINT('',(6.251787391562,8.00100010002));
#399 = CARTESIAN_POINT('',(6.28318530718,8.00100010002));
#400 = ( GEOMETRIC_REPRESENTATION_CONTEXT(2) 
PARAMETRIC_REPRESENTATION_CONTEXT() REPRESENTATION_CONTEXT('2D SPACE',''
  ) );
#401 = PCURVE('',#402,#407);
#402 = CYLINDRICAL_SURFACE('',#403,5.);
#403 = AXIS2_PLACEMENT_3D('',#404,#405,#406);
#404 = CARTESIAN_POINT('',(-7.,-16.,8.));
#405 = DIRECTION('',(0.,1.,0.));
#406 = DIRECTION('',(-1.,0.,0.));
#407 = DEFINITIONAL_REPRESENTATION('',(#408),#415);
#408 = B_SPLINE_CURVE_WITH_KNOTS('',5,(#409,#410,#411,#412,#413,#414),
  .UNSPECIFIED.,.F.,.F.,(6,6),(0.,1.),.PIECEWISE_BEZIER_KNOTS.);
#409 = CARTESIAN_POINT('',(0.,17.268857754045));
#410 = CARTESIAN_POINT('',(8.014841718656E-03,17.016194547532));
#411 = CARTESIAN_POINT('',(1.401117742311E-02,16.762692953409));
#412 = CARTESIAN_POINT('',(1.800467347932E-02,16.508643044277));
#413 = CARTESIAN_POINT('',(2.000133357339E-02,16.254323116501));
#414 = CARTESIAN_POINT('',(2.000133357339E-02,16.));
#415 = ( GEOMETRIC_REPRESENTATION_CONTEXT(2) 
PARAMETRIC_REPRESENTATION_CONTEXT() REPRESENTATION_CONTEXT('2D SPACE',''
  ) );
#416 = ORIENTED_EDGE('',*,*,#417,.F.);
#417 = EDGE_CURVE('',#418,#381,#420,.T.);
#418 = VERTEX_POINT('',#419);
#419 = CARTESIAN_POINT('',(-12.,5.441507144165,-6.));
#420 = SURFACE_CURVE('',#421,(#426,#433),.PCURVE_S1.);
#421 = CIRCLE('',#422,8.1);
#422 = AXIS2_PLACEMENT_3D('',#423,#424,#425);
#423 = CARTESIAN_POINT('',(-12.,0.,0.));
#424 = DIRECTION('',(1.,0.,0.));
#425 = DIRECTION('',(-0.,0.,1.));
#426 = PCURVE('',#361,#427);
#427 = DEFINITIONAL_REPRESENTATION('',(#428),#432);
#428 = LINE('',#429,#430);
#429 = CARTESIAN_POINT('',(0.,8.));
#430 = VECTOR('',#431,1.);
#431 = DIRECTION('',(1.,0.));
#432 = ( GEOMETRIC_REPRESENTATION_CONTEXT(2) 
PARAMETRIC_REPRESENTATION_CONTEXT() REPRESENTATION_CONTEXT('2D SPACE',''
  ) );
#433 = PCURVE('',#434,#439);
#434 = PLANE('',#435);
#435 = AXIS2_PLACEMENT_3D('',#436,#437,#438);
#436 = CARTESIAN_POINT('',(-12.,-16.,-11.));
#437 = DIRECTION('',(1.,0.,0.));
#438 = DIRECTION('',(0.,0.,1.));
#439 = DEFINITIONAL_REPRESENTATION('',(#440),#444);
#440 = CIRCLE('',#441,8.1);
#441 = AXIS2_PLACEMENT_2D('',#442,#443);
#442 = CARTESIAN_POINT('',(11.,-16.));
#443 = DIRECTION('',(1.,0.));
#444 = ( GEOMETRIC_REPRESENTATION_CONTEXT(2) 
PARAMETRIC_REPRESENTATION_CONTEXT() REPRESENTATION_CONTEXT('2D SPACE',''
  ) );
#445 = ORIENTED_EDGE('',*,*,#446,.F.);
#446 = EDGE_CURVE('',#447,#418,#449,.T.);
#447 = VERTEX_POINT('',#448);
#448 = CARTESIAN_POINT('',(-12.,-5.441507144165,-6.));
#449 = SURFACE_CURVE('',#450,(#477,#507),.PCURVE_S1.);
#450 = B_SPLINE_CURVE_WITH_KNOTS('',7,(#451,#452,#453,#454,#455,#456,
    #457,#458,#459,#460,#461,#462,#463,#464,#465,#466,#467,#468,#469,
    #470,#471,#472,#473,#474,#475,#476),.UNSPECIFIED.,.F.,.F.,(8,6,6,6,8
    ),(0.,0.266104662333,0.499800330593,0.735097674193,1.),
  .UNSPECIFIED.);
#451 = CARTESIAN_POINT('',(-12.,-5.441507144165,-6.));
#452 = CARTESIAN_POINT('',(-12.,-5.076368301424,-6.331150936898));
#453 = CARTESIAN_POINT('',(-11.97441329963,-4.695631467597,
    -6.62920026069));
#454 = CARTESIAN_POINT('',(-11.932441044,-4.303078288981,-6.894406032829
    ));
#455 = CARTESIAN_POINT('',(-11.88099245309,-3.901617647554,
    -7.127916326331));
#456 = CARTESIAN_POINT('',(-11.82556215318,-3.493106746168,
    -7.331161470595));
#457 = CARTESIAN_POINT('',(-11.77048575947,-3.078382296927,
    -7.505477746443));
#458 = CARTESIAN_POINT('',(-11.67437156288,-2.287625164174,
    -7.78010075889));
#459 = CARTESIAN_POINT('',(-11.6324347429,-1.912979841462,
    -7.886854026009));
#460 = CARTESIAN_POINT('',(-11.5960533565,-1.534630378534,
    -7.972064642229));
#461 = CARTESIAN_POINT('',(-11.5672850114,-1.153601794402,
    -8.035899537806));
#462 = CARTESIAN_POINT('',(-11.54757237655,-0.770732468629,
    -8.078494869128));
#463 = CARTESIAN_POINT('',(-11.53767022002,-0.386724531377,
    -8.099892613505));
#464 = CARTESIAN_POINT('',(-11.53757077473,0.384847948223,
    -8.100107492106));
#465 = CARTESIAN_POINT('',(-11.54750910472,0.77148348284,-8.078631505059
    ));
#466 = CARTESIAN_POINT('',(-11.56739692439,1.156960174961,
    -8.035669087755));
#467 = CARTESIAN_POINT('',(-11.59646309346,1.540565894212,
    -7.971178049319));
#468 = CARTESIAN_POINT('',(-11.63323072044,1.921449387833,
    -7.885017858294));
#469 = CARTESIAN_POINT('',(-11.67559248237,2.298567231757,
    -7.777014764156));
#470 = CARTESIAN_POINT('',(-11.77198165493,3.089644421645,
    -7.500734898918));
#471 = CARTESIAN_POINT('',(-11.82681537277,3.502345834774,
    -7.326556880765));
#472 = CARTESIAN_POINT('',(-11.88192150533,3.908877491156,
    -7.123688682409));
#473 = CARTESIAN_POINT('',(-11.93300968477,4.308404196808,
    -6.890806265493));
#474 = CARTESIAN_POINT('',(-11.97464529736,4.699081039667,
    -6.626500234106));
#475 = CARTESIAN_POINT('',(-12.,5.07802762848,-6.32964606356));
#476 = CARTESIAN_POINT('',(-12.,5.441507144165,-6.));
#477 = PCURVE('',#361,#478);
#478 = DEFINITIONAL_REPRESENTATION('',(#479),#506);
#479 = B_SPLINE_CURVE_WITH_KNOTS('',7,(#480,#481,#482,#483,#484,#485,
    #486,#487,#488,#489,#490,#491,#492,#493,#494,#495,#496,#497,#498,
    #499,#500,#501,#502,#503,#504,#505),.UNSPECIFIED.,.F.,.F.,(8,6,6,6,8
    ),(0.,0.266104662333,0.499800330593,0.735097674193,1.),
  .UNSPECIFIED.);
#480 = CARTESIAN_POINT('',(2.404968651571,8.));
#481 = CARTESIAN_POINT('',(2.465825125361,8.));
#482 = CARTESIAN_POINT('',(2.525362650979,8.025586700365));
#483 = CARTESIAN_POINT('',(2.583625096016,8.067558955997));
#484 = CARTESIAN_POINT('',(2.640737336574,8.119007546909));
#485 = CARTESIAN_POINT('',(2.696883343565,8.174437846814));
#486 = CARTESIAN_POINT('',(2.752310380552,8.229514240522));
#487 = CARTESIAN_POINT('',(2.85565445436,8.325628437118));
#488 = CARTESIAN_POINT('',(2.903670795975,8.367565257096));
#489 = CARTESIAN_POINT('',(2.951430971911,8.403946643495));
#490 = CARTESIAN_POINT('',(2.998995788836,8.432714988594));
#491 = CARTESIAN_POINT('',(3.046439770388,8.452427623447));
#492 = CARTESIAN_POINT('',(3.09384888244,8.462329779979));
#493 = CARTESIAN_POINT('',(3.189104747813,8.462429225267));
#494 = CARTESIAN_POINT('',(3.236836779855,8.452490895277));
#495 = CARTESIAN_POINT('',(3.284603335392,8.432603075605));
#496 = CARTESIAN_POINT('',(3.332492641649,8.403536906533));
#497 = CARTESIAN_POINT('',(3.380581301024,8.366769279552));
#498 = CARTESIAN_POINT('',(3.428931876597,8.324407517621));
#499 = CARTESIAN_POINT('',(3.532380540374,8.22801834507));
#500 = CARTESIAN_POINT('',(3.587572228515,8.17318462723));
#501 = CARTESIAN_POINT('',(3.643481094873,8.118078494664));
#502 = CARTESIAN_POINT('',(3.700350815174,8.066990315227));
#503 = CARTESIAN_POINT('',(3.758362049831,8.02535470264));
#504 = CARTESIAN_POINT('',(3.817636736328,8.));
#505 = CARTESIAN_POINT('',(3.878216655609,8.));
#506 = ( GEOMETRIC_REPRESENTATION_CONTEXT(2) 
PARAMETRIC_REPRESENTATION_CONTEXT() REPRESENTATION_CONTEXT('2D SPACE',''
  ) );
#507 = PCURVE('',#508,#513);
#508 = CYLINDRICAL_SURFACE('',#509,5.);
#509 = AXIS2_PLACEMENT_3D('',#510,#511,#512);
#510 = CARTESIAN_POINT('',(-7.,-16.,-6.));
#511 = DIRECTION('',(0.,1.,0.));
#512 = DIRECTION('',(-1.,0.,0.));
#513 = DEFINITIONAL_REPRESENTATION('',(#514),#541);
#514 = B_SPLINE_CURVE_WITH_KNOTS('',7,(#515,#516,#517,#518,#519,#520,
    #521,#522,#523,#524,#525,#526,#527,#528,#529,#530,#531,#532,#533,
    #534,#535,#536,#537,#538,#539,#540),.UNSPECIFIED.,.F.,.F.,(8,6,6,6,8
    ),(0.,0.266104662333,0.499800330593,0.735097674193,1.),
  .UNSPECIFIED.);
#515 = CARTESIAN_POINT('',(0.,10.558492855835));
#516 = CARTESIAN_POINT('',(-6.623018737952E-02,10.923631698576));
#517 = CARTESIAN_POINT('',(-0.125840206321,11.304368532403));
#518 = CARTESIAN_POINT('',(-0.179354966235,11.696921711019));
#519 = CARTESIAN_POINT('',(-0.227056649126,12.098382352446));
#520 = CARTESIAN_POINT('',(-0.269135225527,12.506893253832));
#521 = CARTESIAN_POINT('',(-0.305679970284,12.921617703073));
#522 = CARTESIAN_POINT('',(-0.363871288452,13.712374835826));
#523 = CARTESIAN_POINT('',(-0.38679393548,14.087020158538));
#524 = CARTESIAN_POINT('',(-0.405316255615,14.465369621466));
#525 = CARTESIAN_POINT('',(-0.419318747942,14.846398205598));
#526 = CARTESIAN_POINT('',(-0.428706166246,15.229267531371));
#527 = CARTESIAN_POINT('',(-0.433421654254,15.613275468623));
#528 = CARTESIAN_POINT('',(-0.43346900916,16.384847948223));
#529 = CARTESIAN_POINT('',(-0.42873628502,16.77148348284));
#530 = CARTESIAN_POINT('',(-0.419267510313,17.156960174961));
#531 = CARTESIAN_POINT('',(-0.40512092466,17.540565894212));
#532 = CARTESIAN_POINT('',(-0.386393879973,17.921449387833));
#533 = CARTESIAN_POINT('',(-0.363208087302,18.298567231757));
#534 = CARTESIAN_POINT('',(-0.304685805556,19.089644421645));
#535 = CARTESIAN_POINT('',(-0.26818206845,19.502345834774));
#536 = CARTESIAN_POINT('',(-0.226193110789,19.908877491156));
#537 = CARTESIAN_POINT('',(-0.17862859943,20.308404196808));
#538 = CARTESIAN_POINT('',(-0.125300195568,20.699081039667));
#539 = CARTESIAN_POINT('',(-6.592921271199E-02,21.07802762848));
#540 = CARTESIAN_POINT('',(0.,21.441507144165));
#541 = ( GEOMETRIC_REPRESENTATION_CONTEXT(2) 
PARAMETRIC_REPRESENTATION_CONTEXT() REPRESENTATION_CONTEXT('2D SPACE',''
  ) );
#542 = ORIENTED_EDGE('',*,*,#543,.F.);
#543 = EDGE_CURVE('',#544,#447,#546,.T.);
#544 = VERTEX_POINT('',#545);
#545 = CARTESIAN_POINT('',(-12.,-1.268857754045,8.));
#546 = SURFACE_CURVE('',#547,(#552,#559),.PCURVE_S1.);
#547 = CIRCLE('',#548,8.1);
#548 = AXIS2_PLACEMENT_3D('',#549,#550,#551);
#549 = CARTESIAN_POINT('',(-12.,0.,0.));
#550 = DIRECTION('',(1.,0.,0.));
#551 = DIRECTION('',(-0.,0.,1.));
#552 = PCURVE('',#361,#553);
#553 = DEFINITIONAL_REPRESENTATION('',(#554),#558);
#554 = LINE('',#555,#556);
#555 = CARTESIAN_POINT('',(0.,8.));
#556 = VECTOR('',#557,1.);
#557 = DIRECTION('',(1.,0.));
#558 = ( GEOMETRIC_REPRESENTATION_CONTEXT(2) 
PARAMETRIC_REPRESENTATION_CONTEXT() REPRESENTATION_CONTEXT('2D SPACE',''
  ) );
#559 = PCURVE('',#560,#565);
#560 = PLANE('',#561);
#561 = AXIS2_PLACEMENT_3D('',#562,#563,#564);
#562 = CARTESIAN_POINT('',(-12.,-16.,-11.));
#563 = DIRECTION('',(1.,0.,0.));
#564 = DIRECTION('',(0.,0.,1.));
#565 = DEFINITIONAL_REPRESENTATION('',(#566),#570);
#566 = CIRCLE('',#567,8.1);
#567 = AXIS2_PLACEMENT_2D('',#568,#569);
#568 = CARTESIAN_POINT('',(11.,-16.));
#569 = DIRECTION('',(1.,0.));
#570 = ( GEOMETRIC_REPRESENTATION_CONTEXT(2) 
PARAMETRIC_REPRESENTATION_CONTEXT() REPRESENTATION_CONTEXT('2D SPACE',''
  ) );
#571 = ORIENTED_EDGE('',*,*,#572,.F.);
#572 = EDGE_CURVE('',#353,#544,#573,.T.);
#573 = SURFACE_CURVE('',#574,(#581,#591),.PCURVE_S1.);
#574 = B_SPLINE_CURVE_WITH_KNOTS('',5,(#575,#576,#577,#578,#579,#580),
  .UNSPECIFIED.,.F.,.F.,(6,6),(0.,1.),.PIECEWISE_BEZIER_KNOTS.);
#575 = CARTESIAN_POINT('',(-11.99899989998,9.992007221626E-15,8.1));
#576 = CARTESIAN_POINT('',(-11.99899989998,-0.254323119379,8.1));
#577 = CARTESIAN_POINT('',(-11.99919965806,-0.508643046397,
    8.090018542365));
#578 = CARTESIAN_POINT('',(-11.99959861099,-0.762692952909,
    8.070055730103));
#579 = CARTESIAN_POINT('',(-12.,-1.016194545124,8.040074208975));
#580 = CARTESIAN_POINT('',(-12.,-1.268857754045,8.));
#581 = PCURVE('',#361,#582);
#582 = DEFINITIONAL_REPRESENTATION('',(#583),#590);
#583 = B_SPLINE_CURVE_WITH_KNOTS('',5,(#584,#585,#586,#587,#588,#589),
  .UNSPECIFIED.,.F.,.F.,(6,6),(0.,1.),.PIECEWISE_BEZIER_KNOTS.);
#584 = CARTESIAN_POINT('',(-8.881784197001E-16,8.00100010002));
#585 = CARTESIAN_POINT('',(3.139791597269E-02,8.00100010002));
#586 = CARTESIAN_POINT('',(6.279543723256E-02,8.000800341932));
#587 = CARTESIAN_POINT('',(9.422411021188E-02,8.000401389004));
#588 = CARTESIAN_POINT('',(0.125714051223,8.));
#589 = CARTESIAN_POINT('',(0.157296952338,8.));
#590 = ( GEOMETRIC_REPRESENTATION_CONTEXT(2) 
PARAMETRIC_REPRESENTATION_CONTEXT() REPRESENTATION_CONTEXT('2D SPACE',''
  ) );
#591 = PCURVE('',#402,#592);
#592 = DEFINITIONAL_REPRESENTATION('',(#593),#600);
#593 = B_SPLINE_CURVE_WITH_KNOTS('',5,(#594,#595,#596,#597,#598,#599),
  .UNSPECIFIED.,.F.,.F.,(6,6),(0.,1.),.PIECEWISE_BEZIER_KNOTS.);
#594 = CARTESIAN_POINT('',(2.000133357339E-02,16.));
#595 = CARTESIAN_POINT('',(2.000133357339E-02,15.745676880621));
#596 = CARTESIAN_POINT('',(1.800467344572E-02,15.491356953603));
#597 = CARTESIAN_POINT('',(1.401117738918E-02,15.237307047091));
#598 = CARTESIAN_POINT('',(8.014841795038E-03,14.983805454876));
#599 = CARTESIAN_POINT('',(0.,14.731142245955));
#600 = ( GEOMETRIC_REPRESENTATION_CONTEXT(2) 
PARAMETRIC_REPRESENTATION_CONTEXT() REPRESENTATION_CONTEXT('2D SPACE',''
  ) );
#601 = ORIENTED_EDGE('',*,*,#350,.F.);
#602 = ORIENTED_EDGE('',*,*,#603,.T.);
#603 = EDGE_CURVE('',#351,#351,#604,.T.);
#604 = SURFACE_CURVE('',#605,(#610,#617),.PCURVE_S1.);
#605 = CIRCLE('',#606,8.1);
#606 = AXIS2_PLACEMENT_3D('',#607,#608,#609);
#607 = CARTESIAN_POINT('',(-13.5,0.,0.));
#608 = DIRECTION('',(1.,0.,0.));
#609 = DIRECTION('',(-0.,0.,1.));
#610 = PCURVE('',#361,#611);
#611 = DEFINITIONAL_REPRESENTATION('',(#612),#616);
#612 = LINE('',#613,#614);
#613 = CARTESIAN_POINT('',(0.,6.5));
#614 = VECTOR('',#615,1.);
#615 = DIRECTION('',(1.,0.));
#616 = ( GEOMETRIC_REPRESENTATION_CONTEXT(2) 
PARAMETRIC_REPRESENTATION_CONTEXT() REPRESENTATION_CONTEXT('2D SPACE',''
  ) );
#617 = PCURVE('',#127,#618);
#618 = DEFINITIONAL_REPRESENTATION('',(#619),#623);
#619 = LINE('',#620,#621);
#620 = CARTESIAN_POINT('',(0.,6.5));
#621 = VECTOR('',#622,1.);
#622 = DIRECTION('',(1.,0.));
#623 = ( GEOMETRIC_REPRESENTATION_CONTEXT(2) 
PARAMETRIC_REPRESENTATION_CONTEXT() REPRESENTATION_CONTEXT('2D SPACE',''
  ) );
#624 = ADVANCED_FACE('',(#625),#127,.F.);
#625 = FACE_BOUND('',#626,.F.);
#626 = EDGE_LOOP('',(#627,#628,#651,#673,#674,#675,#767,#789));
#627 = ORIENTED_EDGE('',*,*,#603,.F.);
#628 = ORIENTED_EDGE('',*,*,#629,.F.);
#629 = EDGE_CURVE('',#630,#351,#632,.T.);
#630 = VERTEX_POINT('',#631);
#631 = CARTESIAN_POINT('',(-19.,1.983927814619E-15,8.1));
#632 = SEAM_CURVE('',#633,(#637,#644),.PCURVE_S1.);
#633 = LINE('',#634,#635);
#634 = CARTESIAN_POINT('',(-20.,1.983927814619E-15,8.1));
#635 = VECTOR('',#636,1.);
#636 = DIRECTION('',(1.,0.,0.));
#637 = PCURVE('',#127,#638);
#638 = DEFINITIONAL_REPRESENTATION('',(#639),#643);
#639 = LINE('',#640,#641);
#640 = CARTESIAN_POINT('',(6.28318530718,-0.));
#641 = VECTOR('',#642,1.);
#642 = DIRECTION('',(0.,1.));
#643 = ( GEOMETRIC_REPRESENTATION_CONTEXT(2) 
PARAMETRIC_REPRESENTATION_CONTEXT() REPRESENTATION_CONTEXT('2D SPACE',''
  ) );
#644 = PCURVE('',#127,#645);
#645 = DEFINITIONAL_REPRESENTATION('',(#646),#650);
#646 = LINE('',#647,#648);
#647 = CARTESIAN_POINT('',(0.,-0.));
#648 = VECTOR('',#649,1.);
#649 = DIRECTION('',(0.,1.));
#650 = ( GEOMETRIC_REPRESENTATION_CONTEXT(2) 
PARAMETRIC_REPRESENTATION_CONTEXT() REPRESENTATION_CONTEXT('2D SPACE',''
  ) );
#651 = ORIENTED_EDGE('',*,*,#652,.T.);
#652 = EDGE_CURVE('',#630,#230,#653,.T.);
#653 = SURFACE_CURVE('',#654,(#659,#666),.PCURVE_S1.);
#654 = CIRCLE('',#655,8.1);
#655 = AXIS2_PLACEMENT_3D('',#656,#657,#658);
#656 = CARTESIAN_POINT('',(-19.,0.,0.));
#657 = DIRECTION('',(1.,0.,0.));
#658 = DIRECTION('',(-0.,0.,1.));
#659 = PCURVE('',#127,#660);
#660 = DEFINITIONAL_REPRESENTATION('',(#661),#665);
#661 = LINE('',#662,#663);
#662 = CARTESIAN_POINT('',(0.,1.));
#663 = VECTOR('',#664,1.);
#664 = DIRECTION('',(1.,0.));
#665 = ( GEOMETRIC_REPRESENTATION_CONTEXT(2) 
PARAMETRIC_REPRESENTATION_CONTEXT() REPRESENTATION_CONTEXT('2D SPACE',''
  ) );
#666 = PCURVE('',#245,#667);
#667 = DEFINITIONAL_REPRESENTATION('',(#668),#672);
#668 = CIRCLE('',#669,8.1);
#669 = AXIS2_PLACEMENT_2D('',#670,#671);
#670 = CARTESIAN_POINT('',(17.,-14.));
#671 = DIRECTION('',(1.,0.));
#672 = ( GEOMETRIC_REPRESENTATION_CONTEXT(2) 
PARAMETRIC_REPRESENTATION_CONTEXT() REPRESENTATION_CONTEXT('2D SPACE',''
  ) );
#673 = ORIENTED_EDGE('',*,*,#257,.T.);
#674 = ORIENTED_EDGE('',*,*,#112,.T.);
#675 = ORIENTED_EDGE('',*,*,#676,.T.);
#676 = EDGE_CURVE('',#85,#677,#679,.T.);
#677 = VERTEX_POINT('',#678);
#678 = CARTESIAN_POINT('',(-19.,7.,4.075536774463));
#679 = SURFACE_CURVE('',#680,(#707,#737),.PCURVE_S1.);
#680 = B_SPLINE_CURVE_WITH_KNOTS('',7,(#681,#682,#683,#684,#685,#686,
    #687,#688,#689,#690,#691,#692,#693,#694,#695,#696,#697,#698,#699,
    #700,#701,#702,#703,#704,#705,#706),.UNSPECIFIED.,.F.,.F.,(8,6,6,6,8
    ),(0.,9.076248909421E-02,0.499999298582,0.910902180865,1.),
  .UNSPECIFIED.);
#681 = CARTESIAN_POINT('',(-19.,7.,-4.075536774463));
#682 = CARTESIAN_POINT('',(-19.,7.058217934275,-3.975543678467));
#683 = CARTESIAN_POINT('',(-18.99943523348,7.114535294613,-3.8749823465)
  );
#684 = CARTESIAN_POINT('',(-18.99837178987,7.168965267035,-3.77388595753
    ));
#685 = CARTESIAN_POINT('',(-18.99687184773,7.221521071765,
    -3.672285499308));
#686 = CARTESIAN_POINT('',(-18.99499367475,7.272215963229,
    -3.570209768359));
#687 = CARTESIAN_POINT('',(-18.99279162775,7.321063230058,
    -3.467685369992));
#688 = CARTESIAN_POINT('',(-18.97915454259,7.580051825153,
    -2.900554012598));
#689 = CARTESIAN_POINT('',(-18.96243372726,7.754792062832,
    -2.427620148356));
#690 = CARTESIAN_POINT('',(-18.94479715216,7.89342815809,-1.948238466469
    ));
#691 = CARTESIAN_POINT('',(-18.92944639927,7.99683083759,-1.464275033966
    ));
#692 = CARTESIAN_POINT('',(-18.91850622077,8.065593147557,
    -0.977307082863));
#693 = CARTESIAN_POINT('',(-18.91303117308,8.1,-0.488755881814));
#694 = CARTESIAN_POINT('',(-18.91303117308,8.1,0.490745690304));
#695 = CARTESIAN_POINT('',(-18.91855089717,8.065312426395,0.981282737308
    ));
#696 = CARTESIAN_POINT('',(-18.92958017764,7.995989879206,1.470217237729
    ));
#697 = CARTESIAN_POINT('',(-18.94504733169,7.891742504456,1.956111545509
    ));
#698 = CARTESIAN_POINT('',(-18.96279275688,7.75196698056,2.437368646725)
  );
#699 = CARTESIAN_POINT('',(-18.97956247758,7.575777822441,2.912096201712
    ));
#700 = CARTESIAN_POINT('',(-18.99303238971,7.315676996252,3.478968544049
    ));
#701 = CARTESIAN_POINT('',(-18.99516468759,7.267559473918,3.579571535353
    ));
#702 = CARTESIAN_POINT('',(-18.99698103101,7.217660559862,3.679740283357
    ));
#703 = CARTESIAN_POINT('',(-18.99842980562,7.165967667142,3.779449530071
    ));
#704 = CARTESIAN_POINT('',(-18.99945575887,7.112468258976,3.878671956964
    ));
#705 = CARTESIAN_POINT('',(-19.,7.057149848747,3.977378184965));
#706 = CARTESIAN_POINT('',(-19.,7.,4.075536774463));
#707 = PCURVE('',#127,#708);
#708 = DEFINITIONAL_REPRESENTATION('',(#709),#736);
#709 = B_SPLINE_CURVE_WITH_KNOTS('',7,(#710,#711,#712,#713,#714,#715,
    #716,#717,#718,#719,#720,#721,#722,#723,#724,#725,#726,#727,#728,
    #729,#730,#731,#732,#733,#734,#735),.UNSPECIFIED.,.F.,.F.,(8,6,6,6,8
    ),(0.,9.076248909421E-02,0.499999298582,0.910902180865,1.),
  .UNSPECIFIED.);
#710 = CARTESIAN_POINT('',(4.185145952184,1.));
#711 = CARTESIAN_POINT('',(4.199430680183,1.));
#712 = CARTESIAN_POINT('',(4.213657983602,1.000564766517));
#713 = CARTESIAN_POINT('',(4.227829881495,1.001628210126));
#714 = CARTESIAN_POINT('',(4.241948482435,1.003128152267));
#715 = CARTESIAN_POINT('',(4.256015984509,1.005006325249));
#716 = CARTESIAN_POINT('',(4.270034675318,1.007208372248));
#717 = CARTESIAN_POINT('',(4.347006104817,1.020845457405));
#718 = CARTESIAN_POINT('',(4.409078468534,1.037566272738));
#719 = CARTESIAN_POINT('',(4.470431745757,1.055202847833));
#720 = CARTESIAN_POINT('',(4.531255435463,1.070553600726));
#721 = CARTESIAN_POINT('',(4.591733788532,1.081493779224));
#722 = CARTESIAN_POINT('',(4.652048748062,1.086968826918));
#723 = CARTESIAN_POINT('',(4.772974868077,1.086968826918));
#724 = CARTESIAN_POINT('',(4.833534993689,1.081449102823));
#725 = CARTESIAN_POINT('',(4.894260531515,1.070419822359));
#726 = CARTESIAN_POINT('',(4.955335764329,1.05495266831));
#727 = CARTESIAN_POINT('',(5.016947323161,1.037207243111));
#728 = CARTESIAN_POINT('',(5.079287143255,1.020437522414));
#729 = CARTESIAN_POINT('',(5.156286648624,1.006967610283));
#730 = CARTESIAN_POINT('',(5.170052554783,1.004835312403));
#731 = CARTESIAN_POINT('',(5.183865659218,1.003018968987));
#732 = CARTESIAN_POINT('',(5.197728124271,1.001570194375));
#733 = CARTESIAN_POINT('',(5.211642025754,1.000544241121));
#734 = CARTESIAN_POINT('',(5.225609352943,1.));
#735 = CARTESIAN_POINT('',(5.239632008585,1.));
#736 = ( GEOMETRIC_REPRESENTATION_CONTEXT(2) 
PARAMETRIC_REPRESENTATION_CONTEXT() REPRESENTATION_CONTEXT('2D SPACE',''
  ) );
#737 = PCURVE('',#100,#738);
#738 = DEFINITIONAL_REPRESENTATION('',(#739),#766);
#739 = B_SPLINE_CURVE_WITH_KNOTS('',7,(#740,#741,#742,#743,#744,#745,
    #746,#747,#748,#749,#750,#751,#752,#753,#754,#755,#756,#757,#758,
    #759,#760,#761,#762,#763,#764,#765),.UNSPECIFIED.,.F.,.F.,(8,6,6,6,8
    ),(0.,9.076248909421E-02,0.499999298582,0.910902180865,1.),
  .UNSPECIFIED.);
#740 = CARTESIAN_POINT('',(0.,12.924463225537));
#741 = CARTESIAN_POINT('',(-8.316847753532E-03,13.024456321533));
#742 = CARTESIAN_POINT('',(-1.636220726452E-02,13.1250176535));
#743 = CARTESIAN_POINT('',(-2.413884734795E-02,13.22611404247));
#744 = CARTESIAN_POINT('',(-3.164933638679E-02,13.327714500692));
#745 = CARTESIAN_POINT('',(-3.889604233199E-02,13.429790231641));
#746 = CARTESIAN_POINT('',(-4.588113270251E-02,13.532314630008));
#747 = CARTESIAN_POINT('',(-8.293075813258E-02,14.099445987402));
#748 = CARTESIAN_POINT('',(-0.10798474482,14.572379851644));
#749 = CARTESIAN_POINT('',(-0.127940375386,15.051761533531));
#750 = CARTESIAN_POINT('',(-0.142872954307,15.535724966034));
#751 = CARTESIAN_POINT('',(-0.152819812868,16.022692917137));
#752 = CARTESIAN_POINT('',(-0.157796895782,16.511244118186));
#753 = CARTESIAN_POINT('',(-0.157796895782,17.490745690304));
#754 = CARTESIAN_POINT('',(-0.152779206072,17.981282737308));
#755 = CARTESIAN_POINT('',(-0.142751302976,18.470217237729));
#756 = CARTESIAN_POINT('',(-0.127696951758,18.956111545509));
#757 = CARTESIAN_POINT('',(-0.107578100804,19.437368646725));
#758 = CARTESIAN_POINT('',(-8.231797802132E-02,19.912096201712));
#759 = CARTESIAN_POINT('',(-4.511092407166E-02,20.478968544049));
#760 = CARTESIAN_POINT('',(-3.82304173964E-02,20.579571535353));
#761 = CARTESIAN_POINT('',(-3.109765224809E-02,20.679740283357));
#762 = CARTESIAN_POINT('',(-2.371056676172E-02,20.779449530071));
#763 = CARTESIAN_POINT('',(-1.606691443064E-02,20.878671956964));
#764 = CARTESIAN_POINT('',(-8.164264106661E-03,20.977378184965));
#765 = CARTESIAN_POINT('',(0.,21.075536774463));
#766 = ( GEOMETRIC_REPRESENTATION_CONTEXT(2) 
PARAMETRIC_REPRESENTATION_CONTEXT() REPRESENTATION_CONTEXT('2D SPACE',''
  ) );
#767 = ORIENTED_EDGE('',*,*,#768,.T.);
#768 = EDGE_CURVE('',#677,#630,#769,.T.);
#769 = SURFACE_CURVE('',#770,(#775,#782),.PCURVE_S1.);
#770 = CIRCLE('',#771,8.1);
#771 = AXIS2_PLACEMENT_3D('',#772,#773,#774);
#772 = CARTESIAN_POINT('',(-19.,0.,0.));
#773 = DIRECTION('',(1.,0.,0.));
#774 = DIRECTION('',(-0.,0.,1.));
#775 = PCURVE('',#127,#776);
#776 = DEFINITIONAL_REPRESENTATION('',(#777),#781);
#777 = LINE('',#778,#779);
#778 = CARTESIAN_POINT('',(0.,1.));
#779 = VECTOR('',#780,1.);
#780 = DIRECTION('',(1.,0.));
#781 = ( GEOMETRIC_REPRESENTATION_CONTEXT(2) 
PARAMETRIC_REPRESENTATION_CONTEXT() REPRESENTATION_CONTEXT('2D SPACE',''
  ) );
#782 = PCURVE('',#245,#783);
#783 = DEFINITIONAL_REPRESENTATION('',(#784),#788);
#784 = CIRCLE('',#785,8.1);
#785 = AXIS2_PLACEMENT_2D('',#786,#787);
#786 = CARTESIAN_POINT('',(17.,-14.));
#787 = DIRECTION('',(1.,0.));
#788 = ( GEOMETRIC_REPRESENTATION_CONTEXT(2) 
PARAMETRIC_REPRESENTATION_CONTEXT() REPRESENTATION_CONTEXT('2D SPACE',''
  ) );
#789 = ORIENTED_EDGE('',*,*,#629,.T.);
#790 = ADVANCED_FACE('',(#791),#100,.T.);
#791 = FACE_BOUND('',#792,.F.);
#792 = EDGE_LOOP('',(#793,#794,#823,#851,#880,#901));
#793 = ORIENTED_EDGE('',*,*,#84,.F.);
#794 = ORIENTED_EDGE('',*,*,#795,.T.);
#795 = EDGE_CURVE('',#57,#796,#798,.T.);
#796 = VERTEX_POINT('',#797);
#797 = CARTESIAN_POINT('',(-12.,14.,-10.));
#798 = SURFACE_CURVE('',#799,(#804,#811),.PCURVE_S1.);
#799 = CIRCLE('',#800,7.);
#800 = AXIS2_PLACEMENT_3D('',#801,#802,#803);
#801 = CARTESIAN_POINT('',(-12.,7.,-10.));
#802 = DIRECTION('',(-0.,0.,-1.));
#803 = DIRECTION('',(-1.,1.268826313857E-16,0.));
#804 = PCURVE('',#100,#805);
#805 = DEFINITIONAL_REPRESENTATION('',(#806),#810);
#806 = LINE('',#807,#808);
#807 = CARTESIAN_POINT('',(-0.,7.));
#808 = VECTOR('',#809,1.);
#809 = DIRECTION('',(-1.,0.));
#810 = ( GEOMETRIC_REPRESENTATION_CONTEXT(2) 
PARAMETRIC_REPRESENTATION_CONTEXT() REPRESENTATION_CONTEXT('2D SPACE',''
  ) );
#811 = PCURVE('',#812,#817);
#812 = SPHERICAL_SURFACE('',#813,7.);
#813 = AXIS2_PLACEMENT_3D('',#814,#815,#816);
#814 = CARTESIAN_POINT('',(-12.,7.,-10.));
#815 = DIRECTION('',(0.,0.,1.));
#816 = DIRECTION('',(-1.,1.268826313857E-16,0.));
#817 = DEFINITIONAL_REPRESENTATION('',(#818),#822);
#818 = LINE('',#819,#820);
#819 = CARTESIAN_POINT('',(-0.,0.));
#820 = VECTOR('',#821,1.);
#821 = DIRECTION('',(-1.,0.));
#822 = ( GEOMETRIC_REPRESENTATION_CONTEXT(2) 
PARAMETRIC_REPRESENTATION_CONTEXT() REPRESENTATION_CONTEXT('2D SPACE',''
  ) );
#823 = ORIENTED_EDGE('',*,*,#824,.T.);
#824 = EDGE_CURVE('',#796,#825,#827,.T.);
#825 = VERTEX_POINT('',#826);
#826 = CARTESIAN_POINT('',(-12.,14.,10.));
#827 = SURFACE_CURVE('',#828,(#832,#839),.PCURVE_S1.);
#828 = LINE('',#829,#830);
#829 = CARTESIAN_POINT('',(-12.,14.,-17.));
#830 = VECTOR('',#831,1.);
#831 = DIRECTION('',(0.,0.,1.));
#832 = PCURVE('',#100,#833);
#833 = DEFINITIONAL_REPRESENTATION('',(#834),#838);
#834 = LINE('',#835,#836);
#835 = CARTESIAN_POINT('',(-1.570796326795,0.));
#836 = VECTOR('',#837,1.);
#837 = DIRECTION('',(-0.,1.));
#838 = ( GEOMETRIC_REPRESENTATION_CONTEXT(2) 
PARAMETRIC_REPRESENTATION_CONTEXT() REPRESENTATION_CONTEXT('2D SPACE',''
  ) );
#839 = PCURVE('',#840,#845);
#840 = PLANE('',#841);
#841 = AXIS2_PLACEMENT_3D('',#842,#843,#844);
#842 = CARTESIAN_POINT('',(-19.,14.,-17.));
#843 = DIRECTION('',(0.,1.,0.));
#844 = DIRECTION('',(0.,0.,1.));
#845 = DEFINITIONAL_REPRESENTATION('',(#846),#850);
#846 = LINE('',#847,#848);
#847 = CARTESIAN_POINT('',(0.,7.));
#848 = VECTOR('',#849,1.);
#849 = DIRECTION('',(1.,0.));
#850 = ( GEOMETRIC_REPRESENTATION_CONTEXT(2) 
PARAMETRIC_REPRESENTATION_CONTEXT() REPRESENTATION_CONTEXT('2D SPACE',''
  ) );
#851 = ORIENTED_EDGE('',*,*,#852,.T.);
#852 = EDGE_CURVE('',#825,#853,#855,.T.);
#853 = VERTEX_POINT('',#854);
#854 = CARTESIAN_POINT('',(-19.,7.,10.));
#855 = SURFACE_CURVE('',#856,(#861,#868),.PCURVE_S1.);
#856 = CIRCLE('',#857,7.);
#857 = AXIS2_PLACEMENT_3D('',#858,#859,#860);
#858 = CARTESIAN_POINT('',(-12.,7.,10.));
#859 = DIRECTION('',(0.,0.,1.));
#860 = DIRECTION('',(-1.,0.,0.));
#861 = PCURVE('',#100,#862);
#862 = DEFINITIONAL_REPRESENTATION('',(#863),#867);
#863 = LINE('',#864,#865);
#864 = CARTESIAN_POINT('',(-6.28318530718,27.));
#865 = VECTOR('',#866,1.);
#866 = DIRECTION('',(1.,-0.));
#867 = ( GEOMETRIC_REPRESENTATION_CONTEXT(2) 
PARAMETRIC_REPRESENTATION_CONTEXT() REPRESENTATION_CONTEXT('2D SPACE',''
  ) );
#868 = PCURVE('',#869,#874);
#869 = SPHERICAL_SURFACE('',#870,7.);
#870 = AXIS2_PLACEMENT_3D('',#871,#872,#873);
#871 = CARTESIAN_POINT('',(-12.,7.,10.));
#872 = DIRECTION('',(-0.,-1.,-0.));
#873 = DIRECTION('',(-1.,0.,0.));
#874 = DEFINITIONAL_REPRESENTATION('',(#875),#879);
#875 = LINE('',#876,#877);
#876 = CARTESIAN_POINT('',(-0.,-6.28318530718));
#877 = VECTOR('',#878,1.);
#878 = DIRECTION('',(-0.,1.));
#879 = ( GEOMETRIC_REPRESENTATION_CONTEXT(2) 
PARAMETRIC_REPRESENTATION_CONTEXT() REPRESENTATION_CONTEXT('2D SPACE',''
  ) );
#880 = ORIENTED_EDGE('',*,*,#881,.F.);
#881 = EDGE_CURVE('',#677,#853,#882,.T.);
#882 = SURFACE_CURVE('',#883,(#887,#894),.PCURVE_S1.);
#883 = LINE('',#884,#885);
#884 = CARTESIAN_POINT('',(-19.,7.,-17.));
#885 = VECTOR('',#886,1.);
#886 = DIRECTION('',(0.,0.,1.));
#887 = PCURVE('',#100,#888);
#888 = DEFINITIONAL_REPRESENTATION('',(#889),#893);
#889 = LINE('',#890,#891);
#890 = CARTESIAN_POINT('',(-0.,0.));
#891 = VECTOR('',#892,1.);
#892 = DIRECTION('',(-0.,1.));
#893 = ( GEOMETRIC_REPRESENTATION_CONTEXT(2) 
PARAMETRIC_REPRESENTATION_CONTEXT() REPRESENTATION_CONTEXT('2D SPACE',''
  ) );
#894 = PCURVE('',#245,#895);
#895 = DEFINITIONAL_REPRESENTATION('',(#896),#900);
#896 = LINE('',#897,#898);
#897 = CARTESIAN_POINT('',(0.,-21.));
#898 = VECTOR('',#899,1.);
#899 = DIRECTION('',(1.,0.));
#900 = ( GEOMETRIC_REPRESENTATION_CONTEXT(2) 
PARAMETRIC_REPRESENTATION_CONTEXT() REPRESENTATION_CONTEXT('2D SPACE',''
  ) );
#901 = ORIENTED_EDGE('',*,*,#676,.F.);
#902 = ADVANCED_FACE('',(#903),#72,.T.);
#903 = FACE_BOUND('',#904,.F.);
#904 = EDGE_LOOP('',(#905,#929,#957,#979));
#905 = ORIENTED_EDGE('',*,*,#906,.F.);
#906 = EDGE_CURVE('',#907,#22,#909,.T.);
#907 = VERTEX_POINT('',#908);
#908 = CARTESIAN_POINT('',(-12.,-7.,-17.));
#909 = SURFACE_CURVE('',#910,(#915,#922),.PCURVE_S1.);
#910 = CIRCLE('',#911,7.);
#911 = AXIS2_PLACEMENT_3D('',#912,#913,#914);
#912 = CARTESIAN_POINT('',(-12.,-7.,-10.));
#913 = DIRECTION('',(0.,1.,-0.));
#914 = DIRECTION('',(-1.,0.,0.));
#915 = PCURVE('',#72,#916);
#916 = DEFINITIONAL_REPRESENTATION('',(#917),#921);
#917 = LINE('',#918,#919);
#918 = CARTESIAN_POINT('',(-6.28318530718,7.));
#919 = VECTOR('',#920,1.);
#920 = DIRECTION('',(1.,-0.));
#921 = ( GEOMETRIC_REPRESENTATION_CONTEXT(2) 
PARAMETRIC_REPRESENTATION_CONTEXT() REPRESENTATION_CONTEXT('2D SPACE',''
  ) );
#922 = PCURVE('',#160,#923);
#923 = DEFINITIONAL_REPRESENTATION('',(#924),#928);
#924 = LINE('',#925,#926);
#925 = CARTESIAN_POINT('',(0.,-6.28318530718));
#926 = VECTOR('',#927,1.);
#927 = DIRECTION('',(0.,1.));
#928 = ( GEOMETRIC_REPRESENTATION_CONTEXT(2) 
PARAMETRIC_REPRESENTATION_CONTEXT() REPRESENTATION_CONTEXT('2D SPACE',''
  ) );
#929 = ORIENTED_EDGE('',*,*,#930,.T.);
#930 = EDGE_CURVE('',#907,#931,#933,.T.);
#931 = VERTEX_POINT('',#932);
#932 = CARTESIAN_POINT('',(-12.,7.,-17.));
#933 = SURFACE_CURVE('',#934,(#938,#945),.PCURVE_S1.);
#934 = LINE('',#935,#936);
#935 = CARTESIAN_POINT('',(-12.,-14.,-17.));
#936 = VECTOR('',#937,1.);
#937 = DIRECTION('',(0.,1.,0.));
#938 = PCURVE('',#72,#939);
#939 = DEFINITIONAL_REPRESENTATION('',(#940),#944);
#940 = LINE('',#941,#942);
#941 = CARTESIAN_POINT('',(-1.570796326795,0.));
#942 = VECTOR('',#943,1.);
#943 = DIRECTION('',(-0.,1.));
#944 = ( GEOMETRIC_REPRESENTATION_CONTEXT(2) 
PARAMETRIC_REPRESENTATION_CONTEXT() REPRESENTATION_CONTEXT('2D SPACE',''
  ) );
#945 = PCURVE('',#946,#951);
#946 = PLANE('',#947);
#947 = AXIS2_PLACEMENT_3D('',#948,#949,#950);
#948 = CARTESIAN_POINT('',(-19.,-14.,-17.));
#949 = DIRECTION('',(0.,0.,1.));
#950 = DIRECTION('',(1.,0.,0.));
#951 = DEFINITIONAL_REPRESENTATION('',(#952),#956);
#952 = LINE('',#953,#954);
#953 = CARTESIAN_POINT('',(7.,0.));
#954 = VECTOR('',#955,1.);
#955 = DIRECTION('',(0.,1.));
#956 = ( GEOMETRIC_REPRESENTATION_CONTEXT(2) 
PARAMETRIC_REPRESENTATION_CONTEXT() REPRESENTATION_CONTEXT('2D SPACE',''
  ) );
#957 = ORIENTED_EDGE('',*,*,#958,.T.);
#958 = EDGE_CURVE('',#931,#57,#959,.T.);
#959 = SURFACE_CURVE('',#960,(#965,#972),.PCURVE_S1.);
#960 = CIRCLE('',#961,7.);
#961 = AXIS2_PLACEMENT_3D('',#962,#963,#964);
#962 = CARTESIAN_POINT('',(-12.,7.,-10.));
#963 = DIRECTION('',(1.268826313857E-16,1.,-0.));
#964 = DIRECTION('',(-1.,1.268826313857E-16,0.));
#965 = PCURVE('',#72,#966);
#966 = DEFINITIONAL_REPRESENTATION('',(#967),#971);
#967 = LINE('',#968,#969);
#968 = CARTESIAN_POINT('',(-6.28318530718,21.));
#969 = VECTOR('',#970,1.);
#970 = DIRECTION('',(1.,-0.));
#971 = ( GEOMETRIC_REPRESENTATION_CONTEXT(2) 
PARAMETRIC_REPRESENTATION_CONTEXT() REPRESENTATION_CONTEXT('2D SPACE',''
  ) );
#972 = PCURVE('',#812,#973);
#973 = DEFINITIONAL_REPRESENTATION('',(#974),#978);
#974 = LINE('',#975,#976);
#975 = CARTESIAN_POINT('',(-0.,-6.28318530718));
#976 = VECTOR('',#977,1.);
#977 = DIRECTION('',(-0.,1.));
#978 = ( GEOMETRIC_REPRESENTATION_CONTEXT(2) 
PARAMETRIC_REPRESENTATION_CONTEXT() REPRESENTATION_CONTEXT('2D SPACE',''
  ) );
#979 = ORIENTED_EDGE('',*,*,#56,.F.);
#980 = ADVANCED_FACE('',(#981),#245,.F.);
#981 = FACE_BOUND('',#982,.F.);
#982 = EDGE_LOOP('',(#983,#984,#985,#986,#987));
#983 = ORIENTED_EDGE('',*,*,#229,.F.);
#984 = ORIENTED_EDGE('',*,*,#652,.F.);
#985 = ORIENTED_EDGE('',*,*,#768,.F.);
#986 = ORIENTED_EDGE('',*,*,#881,.T.);
#987 = ORIENTED_EDGE('',*,*,#988,.F.);
#988 = EDGE_CURVE('',#201,#853,#989,.T.);
#989 = SURFACE_CURVE('',#990,(#994,#1001),.PCURVE_S1.);
#990 = LINE('',#991,#992);
#991 = CARTESIAN_POINT('',(-19.,-14.,10.));
#992 = VECTOR('',#993,1.);
#993 = DIRECTION('',(0.,1.,0.));
#994 = PCURVE('',#245,#995);
#995 = DEFINITIONAL_REPRESENTATION('',(#996),#1000);
#996 = LINE('',#997,#998);
#997 = CARTESIAN_POINT('',(27.,0.));
#998 = VECTOR('',#999,1.);
#999 = DIRECTION('',(0.,-1.));
#1000 = ( GEOMETRIC_REPRESENTATION_CONTEXT(2) 
PARAMETRIC_REPRESENTATION_CONTEXT() REPRESENTATION_CONTEXT('2D SPACE',''
  ) );
#1001 = PCURVE('',#1002,#1007);
#1002 = CYLINDRICAL_SURFACE('',#1003,7.);
#1003 = AXIS2_PLACEMENT_3D('',#1004,#1005,#1006);
#1004 = CARTESIAN_POINT('',(-12.,-14.,10.));
#1005 = DIRECTION('',(0.,1.,0.));
#1006 = DIRECTION('',(-1.,0.,0.));
#1007 = DEFINITIONAL_REPRESENTATION('',(#1008),#1012);
#1008 = LINE('',#1009,#1010);
#1009 = CARTESIAN_POINT('',(0.,0.));
#1010 = VECTOR('',#1011,1.);
#1011 = DIRECTION('',(0.,1.));
#1012 = ( GEOMETRIC_REPRESENTATION_CONTEXT(2) 
PARAMETRIC_REPRESENTATION_CONTEXT() REPRESENTATION_CONTEXT('2D SPACE',''
  ) );
#1013 = ADVANCED_FACE('',(#1014),#217,.T.);
#1014 = FACE_BOUND('',#1015,.F.);
#1015 = EDGE_LOOP('',(#1016,#1040,#1067));
#1016 = ORIENTED_EDGE('',*,*,#1017,.F.);
#1017 = EDGE_CURVE('',#1018,#201,#1020,.T.);
#1018 = VERTEX_POINT('',#1019);
#1019 = CARTESIAN_POINT('',(-12.,-7.,17.));
#1020 = SURFACE_CURVE('',#1021,(#1026,#1033),.PCURVE_S1.);
#1021 = CIRCLE('',#1022,7.);
#1022 = AXIS2_PLACEMENT_3D('',#1023,#1024,#1025);
#1023 = CARTESIAN_POINT('',(-12.,-7.,10.));
#1024 = DIRECTION('',(0.,-1.,0.));
#1025 = DIRECTION('',(-1.,0.,0.));
#1026 = PCURVE('',#217,#1027);
#1027 = DEFINITIONAL_REPRESENTATION('',(#1028),#1032);
#1028 = LINE('',#1029,#1030);
#1029 = CARTESIAN_POINT('',(-0.,-6.28318530718));
#1030 = VECTOR('',#1031,1.);
#1031 = DIRECTION('',(-0.,1.));
#1032 = ( GEOMETRIC_REPRESENTATION_CONTEXT(2) 
PARAMETRIC_REPRESENTATION_CONTEXT() REPRESENTATION_CONTEXT('2D SPACE',''
  ) );
#1033 = PCURVE('',#1002,#1034);
#1034 = DEFINITIONAL_REPRESENTATION('',(#1035),#1039);
#1035 = LINE('',#1036,#1037);
#1036 = CARTESIAN_POINT('',(6.28318530718,7.));
#1037 = VECTOR('',#1038,1.);
#1038 = DIRECTION('',(-1.,-0.));
#1039 = ( GEOMETRIC_REPRESENTATION_CONTEXT(2) 
PARAMETRIC_REPRESENTATION_CONTEXT() REPRESENTATION_CONTEXT('2D SPACE',''
  ) );
#1040 = ORIENTED_EDGE('',*,*,#1041,.T.);
#1041 = EDGE_CURVE('',#1018,#173,#1042,.T.);
#1042 = SURFACE_CURVE('',#1043,(#1048,#1055),.PCURVE_S1.);
#1043 = CIRCLE('',#1044,7.);
#1044 = AXIS2_PLACEMENT_3D('',#1045,#1046,#1047);
#1045 = CARTESIAN_POINT('',(-12.,-7.,10.));
#1046 = DIRECTION('',(1.,-6.123233995737E-17,0.));
#1047 = DIRECTION('',(-6.123233995737E-17,-1.,0.));
#1048 = PCURVE('',#217,#1049);
#1049 = DEFINITIONAL_REPRESENTATION('',(#1050),#1054);
#1050 = LINE('',#1051,#1052);
#1051 = CARTESIAN_POINT('',(-1.570796326795,-6.28318530718));
#1052 = VECTOR('',#1053,1.);
#1053 = DIRECTION('',(-0.,1.));
#1054 = ( GEOMETRIC_REPRESENTATION_CONTEXT(2) 
PARAMETRIC_REPRESENTATION_CONTEXT() REPRESENTATION_CONTEXT('2D SPACE',''
  ) );
#1055 = PCURVE('',#1056,#1061);
#1056 = CYLINDRICAL_SURFACE('',#1057,7.);
#1057 = AXIS2_PLACEMENT_3D('',#1058,#1059,#1060);
#1058 = CARTESIAN_POINT('',(-19.,-7.,10.));
#1059 = DIRECTION('',(1.,0.,0.));
#1060 = DIRECTION('',(0.,-1.,0.));
#1061 = DEFINITIONAL_REPRESENTATION('',(#1062),#1066);
#1062 = LINE('',#1063,#1064);
#1063 = CARTESIAN_POINT('',(-6.28318530718,7.));
#1064 = VECTOR('',#1065,1.);
#1065 = DIRECTION('',(1.,-0.));
#1066 = ( GEOMETRIC_REPRESENTATION_CONTEXT(2) 
PARAMETRIC_REPRESENTATION_CONTEXT() REPRESENTATION_CONTEXT('2D SPACE',''
  ) );
#1067 = ORIENTED_EDGE('',*,*,#200,.F.);
#1068 = ADVANCED_FACE('',(#1069),#188,.F.);
#1069 = FACE_BOUND('',#1070,.F.);
#1070 = EDGE_LOOP('',(#1071,#1099,#1100,#1123,#1156,#1182));
#1071 = ORIENTED_EDGE('',*,*,#1072,.F.);
#1072 = EDGE_CURVE('',#144,#1073,#1075,.T.);
#1073 = VERTEX_POINT('',#1074);
#1074 = CARTESIAN_POINT('',(-7.,-14.,-10.));
#1075 = SURFACE_CURVE('',#1076,(#1080,#1087),.PCURVE_S1.);
#1076 = LINE('',#1077,#1078);
#1077 = CARTESIAN_POINT('',(-19.,-14.,-10.));
#1078 = VECTOR('',#1079,1.);
#1079 = DIRECTION('',(1.,0.,0.));
#1080 = PCURVE('',#188,#1081);
#1081 = DEFINITIONAL_REPRESENTATION('',(#1082),#1086);
#1082 = LINE('',#1083,#1084);
#1083 = CARTESIAN_POINT('',(7.,0.));
#1084 = VECTOR('',#1085,1.);
#1085 = DIRECTION('',(0.,1.));
#1086 = ( GEOMETRIC_REPRESENTATION_CONTEXT(2) 
PARAMETRIC_REPRESENTATION_CONTEXT() REPRESENTATION_CONTEXT('2D SPACE',''
  ) );
#1087 = PCURVE('',#1088,#1093);
#1088 = CYLINDRICAL_SURFACE('',#1089,7.);
#1089 = AXIS2_PLACEMENT_3D('',#1090,#1091,#1092);
#1090 = CARTESIAN_POINT('',(-19.,-7.,-10.));
#1091 = DIRECTION('',(1.,0.,0.));
#1092 = DIRECTION('',(0.,-1.,0.));
#1093 = DEFINITIONAL_REPRESENTATION('',(#1094),#1098);
#1094 = LINE('',#1095,#1096);
#1095 = CARTESIAN_POINT('',(0.,0.));
#1096 = VECTOR('',#1097,1.);
#1097 = DIRECTION('',(0.,1.));
#1098 = ( GEOMETRIC_REPRESENTATION_CONTEXT(2) 
PARAMETRIC_REPRESENTATION_CONTEXT() REPRESENTATION_CONTEXT('2D SPACE',''
  ) );
#1099 = ORIENTED_EDGE('',*,*,#172,.T.);
#1100 = ORIENTED_EDGE('',*,*,#1101,.T.);
#1101 = EDGE_CURVE('',#173,#1102,#1104,.T.);
#1102 = VERTEX_POINT('',#1103);
#1103 = CARTESIAN_POINT('',(-10.46410161513,-14.,10.));
#1104 = SURFACE_CURVE('',#1105,(#1109,#1116),.PCURVE_S1.);
#1105 = LINE('',#1106,#1107);
#1106 = CARTESIAN_POINT('',(-19.,-14.,10.));
#1107 = VECTOR('',#1108,1.);
#1108 = DIRECTION('',(1.,0.,0.));
#1109 = PCURVE('',#188,#1110);
#1110 = DEFINITIONAL_REPRESENTATION('',(#1111),#1115);
#1111 = LINE('',#1112,#1113);
#1112 = CARTESIAN_POINT('',(27.,0.));
#1113 = VECTOR('',#1114,1.);
#1114 = DIRECTION('',(0.,1.));
#1115 = ( GEOMETRIC_REPRESENTATION_CONTEXT(2) 
PARAMETRIC_REPRESENTATION_CONTEXT() REPRESENTATION_CONTEXT('2D SPACE',''
  ) );
#1116 = PCURVE('',#1056,#1117);
#1117 = DEFINITIONAL_REPRESENTATION('',(#1118),#1122);
#1118 = LINE('',#1119,#1120);
#1119 = CARTESIAN_POINT('',(-0.,0.));
#1120 = VECTOR('',#1121,1.);
#1121 = DIRECTION('',(-0.,1.));
#1122 = ( GEOMETRIC_REPRESENTATION_CONTEXT(2) 
PARAMETRIC_REPRESENTATION_CONTEXT() REPRESENTATION_CONTEXT('2D SPACE',''
  ) );
#1123 = ORIENTED_EDGE('',*,*,#1124,.F.);
#1124 = EDGE_CURVE('',#1125,#1102,#1127,.T.);
#1125 = VERTEX_POINT('',#1126);
#1126 = CARTESIAN_POINT('',(-11.,-14.,8.));
#1127 = SURFACE_CURVE('',#1128,(#1133,#1140),.PCURVE_S1.);
#1128 = CIRCLE('',#1129,4.);
#1129 = AXIS2_PLACEMENT_3D('',#1130,#1131,#1132);
#1130 = CARTESIAN_POINT('',(-7.,-14.,8.));
#1131 = DIRECTION('',(0.,1.,0.));
#1132 = DIRECTION('',(0.,-0.,1.));
#1133 = PCURVE('',#188,#1134);
#1134 = DEFINITIONAL_REPRESENTATION('',(#1135),#1139);
#1135 = CIRCLE('',#1136,4.);
#1136 = AXIS2_PLACEMENT_2D('',#1137,#1138);
#1137 = CARTESIAN_POINT('',(25.,12.));
#1138 = DIRECTION('',(1.,0.));
#1139 = ( GEOMETRIC_REPRESENTATION_CONTEXT(2) 
PARAMETRIC_REPRESENTATION_CONTEXT() REPRESENTATION_CONTEXT('2D SPACE',''
  ) );
#1140 = PCURVE('',#1141,#1146);
#1141 = SPHERICAL_SURFACE('',#1142,5.);
#1142 = AXIS2_PLACEMENT_3D('',#1143,#1144,#1145);
#1143 = CARTESIAN_POINT('',(-7.,-11.,8.));
#1144 = DIRECTION('',(-0.,-0.,-1.));
#1145 = DIRECTION('',(-1.,0.,0.));
#1146 = DEFINITIONAL_REPRESENTATION('',(#1147),#1155);
#1147 = B_SPLINE_CURVE_WITH_KNOTS('',6,(#1148,#1149,#1150,#1151,#1152,
    #1153,#1154),.UNSPECIFIED.,.F.,.F.,(7,7),(4.712388980385,
    5.235987755983),.PIECEWISE_BEZIER_KNOTS.);
#1148 = CARTESIAN_POINT('',(-0.643501108793,1.7763568394E-16));
#1149 = CARTESIAN_POINT('',(-0.643501108793,-6.981317007977E-02));
#1150 = CARTESIAN_POINT('',(-0.647887406384,-0.139626200981));
#1151 = CARTESIAN_POINT('',(-0.656661312622,-0.209095592894));
#1152 = CARTESIAN_POINT('',(-0.670103331569,-0.277873190528));
#1153 = CARTESIAN_POINT('',(-0.688791103916,-0.345549600972));
#1154 = CARTESIAN_POINT('',(-0.713724378945,-0.411516846067));
#1155 = ( GEOMETRIC_REPRESENTATION_CONTEXT(2) 
PARAMETRIC_REPRESENTATION_CONTEXT() REPRESENTATION_CONTEXT('2D SPACE',''
  ) );
#1156 = ORIENTED_EDGE('',*,*,#1157,.F.);
#1157 = EDGE_CURVE('',#1158,#1125,#1160,.T.);
#1158 = VERTEX_POINT('',#1159);
#1159 = CARTESIAN_POINT('',(-11.,-14.,-6.));
#1160 = SURFACE_CURVE('',#1161,(#1165,#1171),.PCURVE_S1.);
#1161 = LINE('',#1162,#1163);
#1162 = CARTESIAN_POINT('',(-11.,-14.,-11.));
#1163 = VECTOR('',#1164,1.);
#1164 = DIRECTION('',(0.,0.,1.));
#1165 = PCURVE('',#188,#1166);
#1166 = DEFINITIONAL_REPRESENTATION('',(#1167),#1170);
#1167 = B_SPLINE_CURVE_WITH_KNOTS('',1,(#1168,#1169),.UNSPECIFIED.,.F.,
  .F.,(2,2),(4.9999994,19.0000006),.PIECEWISE_BEZIER_KNOTS.);
#1168 = CARTESIAN_POINT('',(10.9999994,8.));
#1169 = CARTESIAN_POINT('',(25.0000006,8.));
#1170 = ( GEOMETRIC_REPRESENTATION_CONTEXT(2) 
PARAMETRIC_REPRESENTATION_CONTEXT() REPRESENTATION_CONTEXT('2D SPACE',''
  ) );
#1171 = PCURVE('',#1172,#1177);
#1172 = CYLINDRICAL_SURFACE('',#1173,5.);
#1173 = AXIS2_PLACEMENT_3D('',#1174,#1175,#1176);
#1174 = CARTESIAN_POINT('',(-7.,-11.,-11.));
#1175 = DIRECTION('',(0.,0.,1.));
#1176 = DIRECTION('',(-1.,-0.,0.));
#1177 = DEFINITIONAL_REPRESENTATION('',(#1178),#1181);
#1178 = B_SPLINE_CURVE_WITH_KNOTS('',1,(#1179,#1180),.UNSPECIFIED.,.F.,
  .F.,(2,2),(4.9999994,19.0000006),.PIECEWISE_BEZIER_KNOTS.);
#1179 = CARTESIAN_POINT('',(0.643501108793,4.9999994));
#1180 = CARTESIAN_POINT('',(0.643501108793,19.0000006));
#1181 = ( GEOMETRIC_REPRESENTATION_CONTEXT(2) 
PARAMETRIC_REPRESENTATION_CONTEXT() REPRESENTATION_CONTEXT('2D SPACE',''
  ) );
#1182 = ORIENTED_EDGE('',*,*,#1183,.F.);
#1183 = EDGE_CURVE('',#1073,#1158,#1184,.T.);
#1184 = SURFACE_CURVE('',#1185,(#1190,#1197),.PCURVE_S1.);
#1185 = CIRCLE('',#1186,4.);
#1186 = AXIS2_PLACEMENT_3D('',#1187,#1188,#1189);
#1187 = CARTESIAN_POINT('',(-7.,-14.,-6.));
#1188 = DIRECTION('',(0.,1.,0.));
#1189 = DIRECTION('',(0.,-0.,1.));
#1190 = PCURVE('',#188,#1191);
#1191 = DEFINITIONAL_REPRESENTATION('',(#1192),#1196);
#1192 = CIRCLE('',#1193,4.);
#1193 = AXIS2_PLACEMENT_2D('',#1194,#1195);
#1194 = CARTESIAN_POINT('',(11.,12.));
#1195 = DIRECTION('',(1.,0.));
#1196 = ( GEOMETRIC_REPRESENTATION_CONTEXT(2) 
PARAMETRIC_REPRESENTATION_CONTEXT() REPRESENTATION_CONTEXT('2D SPACE',''
  ) );
#1197 = PCURVE('',#1198,#1203);
#1198 = SPHERICAL_SURFACE('',#1199,5.);
#1199 = AXIS2_PLACEMENT_3D('',#1200,#1201,#1202);
#1200 = CARTESIAN_POINT('',(-7.,-11.,-6.));
#1201 = DIRECTION('',(0.,0.,1.));
#1202 = DIRECTION('',(-1.,0.,0.));
#1203 = DEFINITIONAL_REPRESENTATION('',(#1204),#1228);
#1204 = B_SPLINE_CURVE_WITH_KNOTS('',8,(#1205,#1206,#1207,#1208,#1209,
    #1210,#1211,#1212,#1213,#1214,#1215,#1216,#1217,#1218,#1219,#1220,
    #1221,#1222,#1223,#1224,#1225,#1226,#1227),.UNSPECIFIED.,.F.,.F.,(9,
    7,7,9),(3.14159265359,3.534291735289,4.123340357837,4.712388980385),
  .UNSPECIFIED.);
#1205 = CARTESIAN_POINT('',(1.570796326795,-0.927295218002));
#1206 = CARTESIAN_POINT('',(1.505346479845,-0.927295218002));
#1207 = CARTESIAN_POINT('',(1.439896733692,-0.923623462433));
#1208 = CARTESIAN_POINT('',(1.375540992117,-0.916280210553));
#1209 = CARTESIAN_POINT('',(1.313377323715,-0.905383831456));
#1210 = CARTESIAN_POINT('',(1.254285024542,-0.891176931238));
#1211 = CARTESIAN_POINT('',(1.198739911227,-0.873961550172));
#1212 = CARTESIAN_POINT('',(1.146963673092,-0.854048812801));
#1213 = CARTESIAN_POINT('',(1.027021203429,-0.798273398738));
#1214 = CARTESIAN_POINT('',(0.963603824443,-0.759413894966));
#1215 = CARTESIAN_POINT('',(0.90884559078,-0.716171715351));
#1216 = CARTESIAN_POINT('',(0.861893385724,-0.6694982989));
#1217 = CARTESIAN_POINT('',(0.821717164605,-0.620101242549));
#1218 = CARTESIAN_POINT('',(0.787465969201,-0.568537310827));
#1219 = CARTESIAN_POINT('',(0.758397669886,-0.515241770883));
#1220 = CARTESIAN_POINT('',(0.709459393387,-0.405892427986));
#1221 = CARTESIAN_POINT('',(0.689589182439,-0.349838602341));
#1222 = CARTESIAN_POINT('',(0.673730576378,-0.292757939533));
#1223 = CARTESIAN_POINT('',(0.66144368785,-0.234918699631));
#1224 = CARTESIAN_POINT('',(0.652423151842,-0.176539397769));
#1225 = CARTESIAN_POINT('',(0.646475282128,-0.117809723988));
#1226 = CARTESIAN_POINT('',(0.643501108793,-5.890486225481E-02));
#1227 = CARTESIAN_POINT('',(0.643501108793,-1.7763568394E-16));
#1228 = ( GEOMETRIC_REPRESENTATION_CONTEXT(2) 
PARAMETRIC_REPRESENTATION_CONTEXT() REPRESENTATION_CONTEXT('2D SPACE',''
  ) );
#1229 = ADVANCED_FACE('',(#1230),#160,.T.);
#1230 = FACE_BOUND('',#1231,.T.);
#1231 = EDGE_LOOP('',(#1232,#1233,#1255));
#1232 = ORIENTED_EDGE('',*,*,#906,.F.);
#1233 = ORIENTED_EDGE('',*,*,#1234,.T.);
#1234 = EDGE_CURVE('',#907,#144,#1235,.T.);
#1235 = SURFACE_CURVE('',#1236,(#1241,#1248),.PCURVE_S1.);
#1236 = CIRCLE('',#1237,7.);
#1237 = AXIS2_PLACEMENT_3D('',#1238,#1239,#1240);
#1238 = CARTESIAN_POINT('',(-12.,-7.,-10.));
#1239 = DIRECTION('',(-1.,6.123233995737E-17,0.));
#1240 = DIRECTION('',(-6.123233995737E-17,-1.,0.));
#1241 = PCURVE('',#160,#1242);
#1242 = DEFINITIONAL_REPRESENTATION('',(#1243),#1247);
#1243 = LINE('',#1244,#1245);
#1244 = CARTESIAN_POINT('',(1.570796326795,-6.28318530718));
#1245 = VECTOR('',#1246,1.);
#1246 = DIRECTION('',(0.,1.));
#1247 = ( GEOMETRIC_REPRESENTATION_CONTEXT(2) 
PARAMETRIC_REPRESENTATION_CONTEXT() REPRESENTATION_CONTEXT('2D SPACE',''
  ) );
#1248 = PCURVE('',#1088,#1249);
#1249 = DEFINITIONAL_REPRESENTATION('',(#1250),#1254);
#1250 = LINE('',#1251,#1252);
#1251 = CARTESIAN_POINT('',(6.28318530718,7.));
#1252 = VECTOR('',#1253,1.);
#1253 = DIRECTION('',(-1.,-0.));
#1254 = ( GEOMETRIC_REPRESENTATION_CONTEXT(2) 
PARAMETRIC_REPRESENTATION_CONTEXT() REPRESENTATION_CONTEXT('2D SPACE',''
  ) );
#1255 = ORIENTED_EDGE('',*,*,#143,.F.);
#1256 = ADVANCED_FACE('',(#1257),#402,.F.);
#1257 = FACE_BOUND('',#1258,.F.);
#1258 = EDGE_LOOP('',(#1259,#1285,#1313,#1342,#1363,#1364,#1365));
#1259 = ORIENTED_EDGE('',*,*,#1260,.F.);
#1260 = EDGE_CURVE('',#1261,#1263,#1265,.T.);
#1261 = VERTEX_POINT('',#1262);
#1262 = CARTESIAN_POINT('',(-7.,-11.,13.));
#1263 = VERTEX_POINT('',#1264);
#1264 = CARTESIAN_POINT('',(-12.,-11.,8.));
#1265 = SURFACE_CURVE('',#1266,(#1271,#1278),.PCURVE_S1.);
#1266 = CIRCLE('',#1267,5.);
#1267 = AXIS2_PLACEMENT_3D('',#1268,#1269,#1270);
#1268 = CARTESIAN_POINT('',(-7.,-11.,8.));
#1269 = DIRECTION('',(0.,-1.,0.));
#1270 = DIRECTION('',(-1.,0.,0.));
#1271 = PCURVE('',#402,#1272);
#1272 = DEFINITIONAL_REPRESENTATION('',(#1273),#1277);
#1273 = LINE('',#1274,#1275);
#1274 = CARTESIAN_POINT('',(6.28318530718,5.));
#1275 = VECTOR('',#1276,1.);
#1276 = DIRECTION('',(-1.,-0.));
#1277 = ( GEOMETRIC_REPRESENTATION_CONTEXT(2) 
PARAMETRIC_REPRESENTATION_CONTEXT() REPRESENTATION_CONTEXT('2D SPACE',''
  ) );
#1278 = PCURVE('',#1141,#1279);
#1279 = DEFINITIONAL_REPRESENTATION('',(#1280),#1284);
#1280 = LINE('',#1281,#1282);
#1281 = CARTESIAN_POINT('',(-0.,-6.28318530718));
#1282 = VECTOR('',#1283,1.);
#1283 = DIRECTION('',(-0.,1.));
#1284 = ( GEOMETRIC_REPRESENTATION_CONTEXT(2) 
PARAMETRIC_REPRESENTATION_CONTEXT() REPRESENTATION_CONTEXT('2D SPACE',''
  ) );
#1285 = ORIENTED_EDGE('',*,*,#1286,.T.);
#1286 = EDGE_CURVE('',#1261,#1287,#1289,.T.);
#1287 = VERTEX_POINT('',#1288);
#1288 = CARTESIAN_POINT('',(-7.,11.,13.));
#1289 = SURFACE_CURVE('',#1290,(#1294,#1301),.PCURVE_S1.);
#1290 = LINE('',#1291,#1292);
#1291 = CARTESIAN_POINT('',(-7.,-16.,13.));
#1292 = VECTOR('',#1293,1.);
#1293 = DIRECTION('',(0.,1.,0.));
#1294 = PCURVE('',#402,#1295);
#1295 = DEFINITIONAL_REPRESENTATION('',(#1296),#1300);
#1296 = LINE('',#1297,#1298);
#1297 = CARTESIAN_POINT('',(1.570796326795,0.));
#1298 = VECTOR('',#1299,1.);
#1299 = DIRECTION('',(0.,1.));
#1300 = ( GEOMETRIC_REPRESENTATION_CONTEXT(2) 
PARAMETRIC_REPRESENTATION_CONTEXT() REPRESENTATION_CONTEXT('2D SPACE',''
  ) );
#1301 = PCURVE('',#1302,#1307);
#1302 = PLANE('',#1303);
#1303 = AXIS2_PLACEMENT_3D('',#1304,#1305,#1306);
#1304 = CARTESIAN_POINT('',(-12.,-16.,13.));
#1305 = DIRECTION('',(0.,0.,1.));
#1306 = DIRECTION('',(1.,0.,0.));
#1307 = DEFINITIONAL_REPRESENTATION('',(#1308),#1312);
#1308 = LINE('',#1309,#1310);
#1309 = CARTESIAN_POINT('',(5.,0.));
#1310 = VECTOR('',#1311,1.);
#1311 = DIRECTION('',(0.,1.));
#1312 = ( GEOMETRIC_REPRESENTATION_CONTEXT(2) 
PARAMETRIC_REPRESENTATION_CONTEXT() REPRESENTATION_CONTEXT('2D SPACE',''
  ) );
#1313 = ORIENTED_EDGE('',*,*,#1314,.F.);
#1314 = EDGE_CURVE('',#1315,#1287,#1317,.T.);
#1315 = VERTEX_POINT('',#1316);
#1316 = CARTESIAN_POINT('',(-12.,11.,8.));
#1317 = SURFACE_CURVE('',#1318,(#1323,#1330),.PCURVE_S1.);
#1318 = CIRCLE('',#1319,5.);
#1319 = AXIS2_PLACEMENT_3D('',#1320,#1321,#1322);
#1320 = CARTESIAN_POINT('',(-7.,11.,8.));
#1321 = DIRECTION('',(0.,1.,0.));
#1322 = DIRECTION('',(-1.,0.,1.7763568394E-16));
#1323 = PCURVE('',#402,#1324);
#1324 = DEFINITIONAL_REPRESENTATION('',(#1325),#1329);
#1325 = LINE('',#1326,#1327);
#1326 = CARTESIAN_POINT('',(0.,27.));
#1327 = VECTOR('',#1328,1.);
#1328 = DIRECTION('',(1.,0.));
#1329 = ( GEOMETRIC_REPRESENTATION_CONTEXT(2) 
PARAMETRIC_REPRESENTATION_CONTEXT() REPRESENTATION_CONTEXT('2D SPACE',''
  ) );
#1330 = PCURVE('',#1331,#1336);
#1331 = SPHERICAL_SURFACE('',#1332,5.);
#1332 = AXIS2_PLACEMENT_3D('',#1333,#1334,#1335);
#1333 = CARTESIAN_POINT('',(-7.,11.,8.));
#1334 = DIRECTION('',(-0.,-1.,-0.));
#1335 = DIRECTION('',(-1.,0.,1.7763568394E-16));
#1336 = DEFINITIONAL_REPRESENTATION('',(#1337),#1341);
#1337 = LINE('',#1338,#1339);
#1338 = CARTESIAN_POINT('',(-0.,0.));
#1339 = VECTOR('',#1340,1.);
#1340 = DIRECTION('',(-1.,0.));
#1341 = ( GEOMETRIC_REPRESENTATION_CONTEXT(2) 
PARAMETRIC_REPRESENTATION_CONTEXT() REPRESENTATION_CONTEXT('2D SPACE',''
  ) );
#1342 = ORIENTED_EDGE('',*,*,#1343,.F.);
#1343 = EDGE_CURVE('',#381,#1315,#1344,.T.);
#1344 = SURFACE_CURVE('',#1345,(#1349,#1356),.PCURVE_S1.);
#1345 = LINE('',#1346,#1347);
#1346 = CARTESIAN_POINT('',(-12.,-16.,8.));
#1347 = VECTOR('',#1348,1.);
#1348 = DIRECTION('',(0.,1.,0.));
#1349 = PCURVE('',#402,#1350);
#1350 = DEFINITIONAL_REPRESENTATION('',(#1351),#1355);
#1351 = LINE('',#1352,#1353);
#1352 = CARTESIAN_POINT('',(0.,0.));
#1353 = VECTOR('',#1354,1.);
#1354 = DIRECTION('',(0.,1.));
#1355 = ( GEOMETRIC_REPRESENTATION_CONTEXT(2) 
PARAMETRIC_REPRESENTATION_CONTEXT() REPRESENTATION_CONTEXT('2D SPACE',''
  ) );
#1356 = PCURVE('',#434,#1357);
#1357 = DEFINITIONAL_REPRESENTATION('',(#1358),#1362);
#1358 = LINE('',#1359,#1360);
#1359 = CARTESIAN_POINT('',(19.,0.));
#1360 = VECTOR('',#1361,1.);
#1361 = DIRECTION('',(0.,-1.));
#1362 = ( GEOMETRIC_REPRESENTATION_CONTEXT(2) 
PARAMETRIC_REPRESENTATION_CONTEXT() REPRESENTATION_CONTEXT('2D SPACE',''
  ) );
#1363 = ORIENTED_EDGE('',*,*,#380,.T.);
#1364 = ORIENTED_EDGE('',*,*,#572,.T.);
#1365 = ORIENTED_EDGE('',*,*,#1366,.F.);
#1366 = EDGE_CURVE('',#1263,#544,#1367,.T.);
#1367 = SURFACE_CURVE('',#1368,(#1372,#1379),.PCURVE_S1.);
#1368 = LINE('',#1369,#1370);
#1369 = CARTESIAN_POINT('',(-12.,-16.,8.));
#1370 = VECTOR('',#1371,1.);
#1371 = DIRECTION('',(0.,1.,0.));
#1372 = PCURVE('',#402,#1373);
#1373 = DEFINITIONAL_REPRESENTATION('',(#1374),#1378);
#1374 = LINE('',#1375,#1376);
#1375 = CARTESIAN_POINT('',(0.,0.));
#1376 = VECTOR('',#1377,1.);
#1377 = DIRECTION('',(0.,1.));
#1378 = ( GEOMETRIC_REPRESENTATION_CONTEXT(2) 
PARAMETRIC_REPRESENTATION_CONTEXT() REPRESENTATION_CONTEXT('2D SPACE',''
  ) );
#1379 = PCURVE('',#560,#1380);
#1380 = DEFINITIONAL_REPRESENTATION('',(#1381),#1385);
#1381 = LINE('',#1382,#1383);
#1382 = CARTESIAN_POINT('',(19.,0.));
#1383 = VECTOR('',#1384,1.);
#1384 = DIRECTION('',(0.,-1.));
#1385 = ( GEOMETRIC_REPRESENTATION_CONTEXT(2) 
PARAMETRIC_REPRESENTATION_CONTEXT() REPRESENTATION_CONTEXT('2D SPACE',''
  ) );
#1386 = ADVANCED_FACE('',(#1387),#560,.T.);
#1387 = FACE_BOUND('',#1388,.T.);
#1388 = EDGE_LOOP('',(#1389,#1412,#1433,#1434));
#1389 = ORIENTED_EDGE('',*,*,#1390,.F.);
#1390 = EDGE_CURVE('',#1391,#1263,#1393,.T.);
#1391 = VERTEX_POINT('',#1392);
#1392 = CARTESIAN_POINT('',(-12.,-11.,-6.));
#1393 = SURFACE_CURVE('',#1394,(#1398,#1405),.PCURVE_S1.);
#1394 = LINE('',#1395,#1396);
#1395 = CARTESIAN_POINT('',(-12.,-11.,-11.));
#1396 = VECTOR('',#1397,1.);
#1397 = DIRECTION('',(0.,0.,1.));
#1398 = PCURVE('',#560,#1399);
#1399 = DEFINITIONAL_REPRESENTATION('',(#1400),#1404);
#1400 = LINE('',#1401,#1402);
#1401 = CARTESIAN_POINT('',(0.,-5.));
#1402 = VECTOR('',#1403,1.);
#1403 = DIRECTION('',(1.,0.));
#1404 = ( GEOMETRIC_REPRESENTATION_CONTEXT(2) 
PARAMETRIC_REPRESENTATION_CONTEXT() REPRESENTATION_CONTEXT('2D SPACE',''
  ) );
#1405 = PCURVE('',#1172,#1406);
#1406 = DEFINITIONAL_REPRESENTATION('',(#1407),#1411);
#1407 = LINE('',#1408,#1409);
#1408 = CARTESIAN_POINT('',(0.,0.));
#1409 = VECTOR('',#1410,1.);
#1410 = DIRECTION('',(0.,1.));
#1411 = ( GEOMETRIC_REPRESENTATION_CONTEXT(2) 
PARAMETRIC_REPRESENTATION_CONTEXT() REPRESENTATION_CONTEXT('2D SPACE',''
  ) );
#1412 = ORIENTED_EDGE('',*,*,#1413,.T.);
#1413 = EDGE_CURVE('',#1391,#447,#1414,.T.);
#1414 = SURFACE_CURVE('',#1415,(#1419,#1426),.PCURVE_S1.);
#1415 = LINE('',#1416,#1417);
#1416 = CARTESIAN_POINT('',(-12.,-16.,-6.));
#1417 = VECTOR('',#1418,1.);
#1418 = DIRECTION('',(0.,1.,0.));
#1419 = PCURVE('',#560,#1420);
#1420 = DEFINITIONAL_REPRESENTATION('',(#1421),#1425);
#1421 = LINE('',#1422,#1423);
#1422 = CARTESIAN_POINT('',(5.,0.));
#1423 = VECTOR('',#1424,1.);
#1424 = DIRECTION('',(0.,-1.));
#1425 = ( GEOMETRIC_REPRESENTATION_CONTEXT(2) 
PARAMETRIC_REPRESENTATION_CONTEXT() REPRESENTATION_CONTEXT('2D SPACE',''
  ) );
#1426 = PCURVE('',#508,#1427);
#1427 = DEFINITIONAL_REPRESENTATION('',(#1428),#1432);
#1428 = LINE('',#1429,#1430);
#1429 = CARTESIAN_POINT('',(-0.,0.));
#1430 = VECTOR('',#1431,1.);
#1431 = DIRECTION('',(-0.,1.));
#1432 = ( GEOMETRIC_REPRESENTATION_CONTEXT(2) 
PARAMETRIC_REPRESENTATION_CONTEXT() REPRESENTATION_CONTEXT('2D SPACE',''
  ) );
#1433 = ORIENTED_EDGE('',*,*,#543,.F.);
#1434 = ORIENTED_EDGE('',*,*,#1366,.F.);
#1435 = ADVANCED_FACE('',(#1436),#508,.F.);
#1436 = FACE_BOUND('',#1437,.T.);
#1437 = EDGE_LOOP('',(#1438,#1462,#1490,#1519,#1540,#1541));
#1438 = ORIENTED_EDGE('',*,*,#1439,.F.);
#1439 = EDGE_CURVE('',#1440,#1391,#1442,.T.);
#1440 = VERTEX_POINT('',#1441);
#1441 = CARTESIAN_POINT('',(-7.,-11.,-11.));
#1442 = SURFACE_CURVE('',#1443,(#1448,#1455),.PCURVE_S1.);
#1443 = CIRCLE('',#1444,5.);
#1444 = AXIS2_PLACEMENT_3D('',#1445,#1446,#1447);
#1445 = CARTESIAN_POINT('',(-7.,-11.,-6.));
#1446 = DIRECTION('',(0.,1.,-0.));
#1447 = DIRECTION('',(-1.,0.,0.));
#1448 = PCURVE('',#508,#1449);
#1449 = DEFINITIONAL_REPRESENTATION('',(#1450),#1454);
#1450 = LINE('',#1451,#1452);
#1451 = CARTESIAN_POINT('',(-6.28318530718,5.));
#1452 = VECTOR('',#1453,1.);
#1453 = DIRECTION('',(1.,-0.));
#1454 = ( GEOMETRIC_REPRESENTATION_CONTEXT(2) 
PARAMETRIC_REPRESENTATION_CONTEXT() REPRESENTATION_CONTEXT('2D SPACE',''
  ) );
#1455 = PCURVE('',#1198,#1456);
#1456 = DEFINITIONAL_REPRESENTATION('',(#1457),#1461);
#1457 = LINE('',#1458,#1459);
#1458 = CARTESIAN_POINT('',(0.,-6.28318530718));
#1459 = VECTOR('',#1460,1.);
#1460 = DIRECTION('',(0.,1.));
#1461 = ( GEOMETRIC_REPRESENTATION_CONTEXT(2) 
PARAMETRIC_REPRESENTATION_CONTEXT() REPRESENTATION_CONTEXT('2D SPACE',''
  ) );
#1462 = ORIENTED_EDGE('',*,*,#1463,.T.);
#1463 = EDGE_CURVE('',#1440,#1464,#1466,.T.);
#1464 = VERTEX_POINT('',#1465);
#1465 = CARTESIAN_POINT('',(-7.,11.,-11.));
#1466 = SURFACE_CURVE('',#1467,(#1471,#1478),.PCURVE_S1.);
#1467 = LINE('',#1468,#1469);
#1468 = CARTESIAN_POINT('',(-7.,-16.,-11.));
#1469 = VECTOR('',#1470,1.);
#1470 = DIRECTION('',(0.,1.,0.));
#1471 = PCURVE('',#508,#1472);
#1472 = DEFINITIONAL_REPRESENTATION('',(#1473),#1477);
#1473 = LINE('',#1474,#1475);
#1474 = CARTESIAN_POINT('',(-1.570796326795,0.));
#1475 = VECTOR('',#1476,1.);
#1476 = DIRECTION('',(-0.,1.));
#1477 = ( GEOMETRIC_REPRESENTATION_CONTEXT(2) 
PARAMETRIC_REPRESENTATION_CONTEXT() REPRESENTATION_CONTEXT('2D SPACE',''
  ) );
#1478 = PCURVE('',#1479,#1484);
#1479 = PLANE('',#1480);
#1480 = AXIS2_PLACEMENT_3D('',#1481,#1482,#1483);
#1481 = CARTESIAN_POINT('',(-12.,-16.,-11.));
#1482 = DIRECTION('',(0.,0.,1.));
#1483 = DIRECTION('',(1.,0.,0.));
#1484 = DEFINITIONAL_REPRESENTATION('',(#1485),#1489);
#1485 = LINE('',#1486,#1487);
#1486 = CARTESIAN_POINT('',(5.,0.));
#1487 = VECTOR('',#1488,1.);
#1488 = DIRECTION('',(0.,1.));
#1489 = ( GEOMETRIC_REPRESENTATION_CONTEXT(2) 
PARAMETRIC_REPRESENTATION_CONTEXT() REPRESENTATION_CONTEXT('2D SPACE',''
  ) );
#1490 = ORIENTED_EDGE('',*,*,#1491,.T.);
#1491 = EDGE_CURVE('',#1464,#1492,#1494,.T.);
#1492 = VERTEX_POINT('',#1493);
#1493 = CARTESIAN_POINT('',(-12.,11.,-6.));
#1494 = SURFACE_CURVE('',#1495,(#1500,#1507),.PCURVE_S1.);
#1495 = CIRCLE('',#1496,5.);
#1496 = AXIS2_PLACEMENT_3D('',#1497,#1498,#1499);
#1497 = CARTESIAN_POINT('',(-7.,11.,-6.));
#1498 = DIRECTION('',(0.,1.,-0.));
#1499 = DIRECTION('',(-1.,0.,0.));
#1500 = PCURVE('',#508,#1501);
#1501 = DEFINITIONAL_REPRESENTATION('',(#1502),#1506);
#1502 = LINE('',#1503,#1504);
#1503 = CARTESIAN_POINT('',(-6.28318530718,27.));
#1504 = VECTOR('',#1505,1.);
#1505 = DIRECTION('',(1.,-0.));
#1506 = ( GEOMETRIC_REPRESENTATION_CONTEXT(2) 
PARAMETRIC_REPRESENTATION_CONTEXT() REPRESENTATION_CONTEXT('2D SPACE',''
  ) );
#1507 = PCURVE('',#1508,#1513);
#1508 = SPHERICAL_SURFACE('',#1509,5.);
#1509 = AXIS2_PLACEMENT_3D('',#1510,#1511,#1512);
#1510 = CARTESIAN_POINT('',(-7.,11.,-6.));
#1511 = DIRECTION('',(0.,0.,1.));
#1512 = DIRECTION('',(-1.,0.,0.));
#1513 = DEFINITIONAL_REPRESENTATION('',(#1514),#1518);
#1514 = LINE('',#1515,#1516);
#1515 = CARTESIAN_POINT('',(-0.,-6.28318530718));
#1516 = VECTOR('',#1517,1.);
#1517 = DIRECTION('',(-0.,1.));
#1518 = ( GEOMETRIC_REPRESENTATION_CONTEXT(2) 
PARAMETRIC_REPRESENTATION_CONTEXT() REPRESENTATION_CONTEXT('2D SPACE',''
  ) );
#1519 = ORIENTED_EDGE('',*,*,#1520,.F.);
#1520 = EDGE_CURVE('',#418,#1492,#1521,.T.);
#1521 = SURFACE_CURVE('',#1522,(#1526,#1533),.PCURVE_S1.);
#1522 = LINE('',#1523,#1524);
#1523 = CARTESIAN_POINT('',(-12.,-16.,-6.));
#1524 = VECTOR('',#1525,1.);
#1525 = DIRECTION('',(0.,1.,0.));
#1526 = PCURVE('',#508,#1527);
#1527 = DEFINITIONAL_REPRESENTATION('',(#1528),#1532);
#1528 = LINE('',#1529,#1530);
#1529 = CARTESIAN_POINT('',(-0.,0.));
#1530 = VECTOR('',#1531,1.);
#1531 = DIRECTION('',(-0.,1.));
#1532 = ( GEOMETRIC_REPRESENTATION_CONTEXT(2) 
PARAMETRIC_REPRESENTATION_CONTEXT() REPRESENTATION_CONTEXT('2D SPACE',''
  ) );
#1533 = PCURVE('',#434,#1534);
#1534 = DEFINITIONAL_REPRESENTATION('',(#1535),#1539);
#1535 = LINE('',#1536,#1537);
#1536 = CARTESIAN_POINT('',(5.,0.));
#1537 = VECTOR('',#1538,1.);
#1538 = DIRECTION('',(0.,-1.));
#1539 = ( GEOMETRIC_REPRESENTATION_CONTEXT(2) 
PARAMETRIC_REPRESENTATION_CONTEXT() REPRESENTATION_CONTEXT('2D SPACE',''
  ) );
#1540 = ORIENTED_EDGE('',*,*,#446,.F.);
#1541 = ORIENTED_EDGE('',*,*,#1413,.F.);
#1542 = ADVANCED_FACE('',(#1543),#434,.T.);
#1543 = FACE_BOUND('',#1544,.T.);
#1544 = EDGE_LOOP('',(#1545,#1546,#1547,#1573));
#1545 = ORIENTED_EDGE('',*,*,#417,.F.);
#1546 = ORIENTED_EDGE('',*,*,#1520,.T.);
#1547 = ORIENTED_EDGE('',*,*,#1548,.T.);
#1548 = EDGE_CURVE('',#1492,#1315,#1549,.T.);
#1549 = SURFACE_CURVE('',#1550,(#1554,#1561),.PCURVE_S1.);
#1550 = LINE('',#1551,#1552);
#1551 = CARTESIAN_POINT('',(-12.,11.,-11.));
#1552 = VECTOR('',#1553,1.);
#1553 = DIRECTION('',(0.,0.,1.));
#1554 = PCURVE('',#434,#1555);
#1555 = DEFINITIONAL_REPRESENTATION('',(#1556),#1560);
#1556 = LINE('',#1557,#1558);
#1557 = CARTESIAN_POINT('',(0.,-27.));
#1558 = VECTOR('',#1559,1.);
#1559 = DIRECTION('',(1.,0.));
#1560 = ( GEOMETRIC_REPRESENTATION_CONTEXT(2) 
PARAMETRIC_REPRESENTATION_CONTEXT() REPRESENTATION_CONTEXT('2D SPACE',''
  ) );
#1561 = PCURVE('',#1562,#1567);
#1562 = CYLINDRICAL_SURFACE('',#1563,5.);
#1563 = AXIS2_PLACEMENT_3D('',#1564,#1565,#1566);
#1564 = CARTESIAN_POINT('',(-7.,11.,-11.));
#1565 = DIRECTION('',(0.,0.,1.));
#1566 = DIRECTION('',(-1.,-0.,0.));
#1567 = DEFINITIONAL_REPRESENTATION('',(#1568),#1572);
#1568 = LINE('',#1569,#1570);
#1569 = CARTESIAN_POINT('',(-0.,0.));
#1570 = VECTOR('',#1571,1.);
#1571 = DIRECTION('',(-0.,1.));
#1572 = ( GEOMETRIC_REPRESENTATION_CONTEXT(2) 
PARAMETRIC_REPRESENTATION_CONTEXT() REPRESENTATION_CONTEXT('2D SPACE',''
  ) );
#1573 = ORIENTED_EDGE('',*,*,#1343,.F.);
#1574 = ADVANCED_FACE('',(#1575),#869,.T.);
#1575 = FACE_BOUND('',#1576,.F.);
#1576 = EDGE_LOOP('',(#1577,#1578,#1607));
#1577 = ORIENTED_EDGE('',*,*,#852,.F.);
#1578 = ORIENTED_EDGE('',*,*,#1579,.T.);
#1579 = EDGE_CURVE('',#825,#1580,#1582,.T.);
#1580 = VERTEX_POINT('',#1581);
#1581 = CARTESIAN_POINT('',(-12.,7.,17.));
#1582 = SURFACE_CURVE('',#1583,(#1588,#1595),.PCURVE_S1.);
#1583 = CIRCLE('',#1584,7.);
#1584 = AXIS2_PLACEMENT_3D('',#1585,#1586,#1587);
#1585 = CARTESIAN_POINT('',(-12.,7.,10.));
#1586 = DIRECTION('',(1.,0.,6.123233995737E-17));
#1587 = DIRECTION('',(-6.123233995737E-17,0.,1.));
#1588 = PCURVE('',#869,#1589);
#1589 = DEFINITIONAL_REPRESENTATION('',(#1590),#1594);
#1590 = LINE('',#1591,#1592);
#1591 = CARTESIAN_POINT('',(-1.570796326795,-6.28318530718));
#1592 = VECTOR('',#1593,1.);
#1593 = DIRECTION('',(-0.,1.));
#1594 = ( GEOMETRIC_REPRESENTATION_CONTEXT(2) 
PARAMETRIC_REPRESENTATION_CONTEXT() REPRESENTATION_CONTEXT('2D SPACE',''
  ) );
#1595 = PCURVE('',#1596,#1601);
#1596 = CYLINDRICAL_SURFACE('',#1597,7.);
#1597 = AXIS2_PLACEMENT_3D('',#1598,#1599,#1600);
#1598 = CARTESIAN_POINT('',(-19.,7.,10.));
#1599 = DIRECTION('',(1.,0.,0.));
#1600 = DIRECTION('',(-0.,1.,0.));
#1601 = DEFINITIONAL_REPRESENTATION('',(#1602),#1606);
#1602 = LINE('',#1603,#1604);
#1603 = CARTESIAN_POINT('',(-4.712388980385,7.));
#1604 = VECTOR('',#1605,1.);
#1605 = DIRECTION('',(1.,0.));
#1606 = ( GEOMETRIC_REPRESENTATION_CONTEXT(2) 
PARAMETRIC_REPRESENTATION_CONTEXT() REPRESENTATION_CONTEXT('2D SPACE',''
  ) );
#1607 = ORIENTED_EDGE('',*,*,#1608,.F.);
#1608 = EDGE_CURVE('',#853,#1580,#1609,.T.);
#1609 = SURFACE_CURVE('',#1610,(#1615,#1622),.PCURVE_S1.);
#1610 = CIRCLE('',#1611,7.);
#1611 = AXIS2_PLACEMENT_3D('',#1612,#1613,#1614);
#1612 = CARTESIAN_POINT('',(-12.,7.,10.));
#1613 = DIRECTION('',(0.,1.,0.));
#1614 = DIRECTION('',(-1.,0.,0.));
#1615 = PCURVE('',#869,#1616);
#1616 = DEFINITIONAL_REPRESENTATION('',(#1617),#1621);
#1617 = LINE('',#1618,#1619);
#1618 = CARTESIAN_POINT('',(-0.,0.));
#1619 = VECTOR('',#1620,1.);
#1620 = DIRECTION('',(-1.,0.));
#1621 = ( GEOMETRIC_REPRESENTATION_CONTEXT(2) 
PARAMETRIC_REPRESENTATION_CONTEXT() REPRESENTATION_CONTEXT('2D SPACE',''
  ) );
#1622 = PCURVE('',#1002,#1623);
#1623 = DEFINITIONAL_REPRESENTATION('',(#1624),#1628);
#1624 = LINE('',#1625,#1626);
#1625 = CARTESIAN_POINT('',(0.,21.));
#1626 = VECTOR('',#1627,1.);
#1627 = DIRECTION('',(1.,0.));
#1628 = ( GEOMETRIC_REPRESENTATION_CONTEXT(2) 
PARAMETRIC_REPRESENTATION_CONTEXT() REPRESENTATION_CONTEXT('2D SPACE',''
  ) );
#1629 = ADVANCED_FACE('',(#1630),#840,.T.);
#1630 = FACE_BOUND('',#1631,.T.);
#1631 = EDGE_LOOP('',(#1632,#1660,#1661,#1684,#1712,#1733));
#1632 = ORIENTED_EDGE('',*,*,#1633,.F.);
#1633 = EDGE_CURVE('',#796,#1634,#1636,.T.);
#1634 = VERTEX_POINT('',#1635);
#1635 = CARTESIAN_POINT('',(-7.,14.,-10.));
#1636 = SURFACE_CURVE('',#1637,(#1641,#1648),.PCURVE_S1.);
#1637 = LINE('',#1638,#1639);
#1638 = CARTESIAN_POINT('',(-19.,14.,-10.));
#1639 = VECTOR('',#1640,1.);
#1640 = DIRECTION('',(1.,0.,0.));
#1641 = PCURVE('',#840,#1642);
#1642 = DEFINITIONAL_REPRESENTATION('',(#1643),#1647);
#1643 = LINE('',#1644,#1645);
#1644 = CARTESIAN_POINT('',(7.,0.));
#1645 = VECTOR('',#1646,1.);
#1646 = DIRECTION('',(0.,1.));
#1647 = ( GEOMETRIC_REPRESENTATION_CONTEXT(2) 
PARAMETRIC_REPRESENTATION_CONTEXT() REPRESENTATION_CONTEXT('2D SPACE',''
  ) );
#1648 = PCURVE('',#1649,#1654);
#1649 = CYLINDRICAL_SURFACE('',#1650,7.);
#1650 = AXIS2_PLACEMENT_3D('',#1651,#1652,#1653);
#1651 = CARTESIAN_POINT('',(-19.,7.,-10.));
#1652 = DIRECTION('',(1.,0.,0.));
#1653 = DIRECTION('',(-0.,1.,0.));
#1654 = DEFINITIONAL_REPRESENTATION('',(#1655),#1659);
#1655 = LINE('',#1656,#1657);
#1656 = CARTESIAN_POINT('',(-0.,0.));
#1657 = VECTOR('',#1658,1.);
#1658 = DIRECTION('',(-0.,1.));
#1659 = ( GEOMETRIC_REPRESENTATION_CONTEXT(2) 
PARAMETRIC_REPRESENTATION_CONTEXT() REPRESENTATION_CONTEXT('2D SPACE',''
  ) );
#1660 = ORIENTED_EDGE('',*,*,#824,.T.);
#1661 = ORIENTED_EDGE('',*,*,#1662,.T.);
#1662 = EDGE_CURVE('',#825,#1663,#1665,.T.);
#1663 = VERTEX_POINT('',#1664);
#1664 = CARTESIAN_POINT('',(-10.46410161513,14.,10.));
#1665 = SURFACE_CURVE('',#1666,(#1670,#1677),.PCURVE_S1.);
#1666 = LINE('',#1667,#1668);
#1667 = CARTESIAN_POINT('',(-19.,14.,10.));
#1668 = VECTOR('',#1669,1.);
#1669 = DIRECTION('',(1.,0.,0.));
#1670 = PCURVE('',#840,#1671);
#1671 = DEFINITIONAL_REPRESENTATION('',(#1672),#1676);
#1672 = LINE('',#1673,#1674);
#1673 = CARTESIAN_POINT('',(27.,0.));
#1674 = VECTOR('',#1675,1.);
#1675 = DIRECTION('',(0.,1.));
#1676 = ( GEOMETRIC_REPRESENTATION_CONTEXT(2) 
PARAMETRIC_REPRESENTATION_CONTEXT() REPRESENTATION_CONTEXT('2D SPACE',''
  ) );
#1677 = PCURVE('',#1596,#1678);
#1678 = DEFINITIONAL_REPRESENTATION('',(#1679),#1683);
#1679 = LINE('',#1680,#1681);
#1680 = CARTESIAN_POINT('',(0.,0.));
#1681 = VECTOR('',#1682,1.);
#1682 = DIRECTION('',(0.,1.));
#1683 = ( GEOMETRIC_REPRESENTATION_CONTEXT(2) 
PARAMETRIC_REPRESENTATION_CONTEXT() REPRESENTATION_CONTEXT('2D SPACE',''
  ) );
#1684 = ORIENTED_EDGE('',*,*,#1685,.T.);
#1685 = EDGE_CURVE('',#1663,#1686,#1688,.T.);
#1686 = VERTEX_POINT('',#1687);
#1687 = CARTESIAN_POINT('',(-11.,14.,8.));
#1688 = SURFACE_CURVE('',#1689,(#1694,#1705),.PCURVE_S1.);
#1689 = CIRCLE('',#1690,4.);
#1690 = AXIS2_PLACEMENT_3D('',#1691,#1692,#1693);
#1691 = CARTESIAN_POINT('',(-7.,14.,8.));
#1692 = DIRECTION('',(-0.,-1.,0.));
#1693 = DIRECTION('',(-1.,0.,1.7763568394E-16));
#1694 = PCURVE('',#840,#1695);
#1695 = DEFINITIONAL_REPRESENTATION('',(#1696),#1704);
#1696 = ( BOUNDED_CURVE() B_SPLINE_CURVE(2,(#1697,#1698,#1699,#1700,
#1701,#1702,#1703),.UNSPECIFIED.,.T.,.F.) B_SPLINE_CURVE_WITH_KNOTS((1,2
    ,2,2,2,1),(-2.094395102393,0.,2.094395102393,4.188790204786,
6.28318530718,8.377580409573),.UNSPECIFIED.) CURVE() 
GEOMETRIC_REPRESENTATION_ITEM() RATIONAL_B_SPLINE_CURVE((1.,0.5,1.,0.5,
1.,0.5,1.)) REPRESENTATION_ITEM('') );
#1697 = CARTESIAN_POINT('',(25.,8.));
#1698 = CARTESIAN_POINT('',(18.071796769724,8.));
#1699 = CARTESIAN_POINT('',(21.535898384862,14.));
#1700 = CARTESIAN_POINT('',(25.,20.));
#1701 = CARTESIAN_POINT('',(28.464101615138,14.));
#1702 = CARTESIAN_POINT('',(31.928203230276,8.));
#1703 = CARTESIAN_POINT('',(25.,8.));
#1704 = ( GEOMETRIC_REPRESENTATION_CONTEXT(2) 
PARAMETRIC_REPRESENTATION_CONTEXT() REPRESENTATION_CONTEXT('2D SPACE',''
  ) );
#1705 = PCURVE('',#1331,#1706);
#1706 = DEFINITIONAL_REPRESENTATION('',(#1707),#1711);
#1707 = LINE('',#1708,#1709);
#1708 = CARTESIAN_POINT('',(-6.28318530718,-0.643501108793));
#1709 = VECTOR('',#1710,1.);
#1710 = DIRECTION('',(1.,-0.));
#1711 = ( GEOMETRIC_REPRESENTATION_CONTEXT(2) 
PARAMETRIC_REPRESENTATION_CONTEXT() REPRESENTATION_CONTEXT('2D SPACE',''
  ) );
#1712 = ORIENTED_EDGE('',*,*,#1713,.F.);
#1713 = EDGE_CURVE('',#1714,#1686,#1716,.T.);
#1714 = VERTEX_POINT('',#1715);
#1715 = CARTESIAN_POINT('',(-11.,14.,-6.));
#1716 = SURFACE_CURVE('',#1717,(#1721,#1727),.PCURVE_S1.);
#1717 = LINE('',#1718,#1719);
#1718 = CARTESIAN_POINT('',(-11.,14.,-11.));
#1719 = VECTOR('',#1720,1.);
#1720 = DIRECTION('',(0.,0.,1.));
#1721 = PCURVE('',#840,#1722);
#1722 = DEFINITIONAL_REPRESENTATION('',(#1723),#1726);
#1723 = B_SPLINE_CURVE_WITH_KNOTS('',1,(#1724,#1725),.UNSPECIFIED.,.F.,
  .F.,(2,2),(4.9999994,19.0000006),.PIECEWISE_BEZIER_KNOTS.);
#1724 = CARTESIAN_POINT('',(10.9999994,8.));
#1725 = CARTESIAN_POINT('',(25.0000006,8.));
#1726 = ( GEOMETRIC_REPRESENTATION_CONTEXT(2) 
PARAMETRIC_REPRESENTATION_CONTEXT() REPRESENTATION_CONTEXT('2D SPACE',''
  ) );
#1727 = PCURVE('',#1562,#1728);
#1728 = DEFINITIONAL_REPRESENTATION('',(#1729),#1732);
#1729 = B_SPLINE_CURVE_WITH_KNOTS('',1,(#1730,#1731),.UNSPECIFIED.,.F.,
  .F.,(2,2),(4.9999994,19.0000006),.PIECEWISE_BEZIER_KNOTS.);
#1730 = CARTESIAN_POINT('',(-0.643501108793,4.9999994));
#1731 = CARTESIAN_POINT('',(-0.643501108793,19.0000006));
#1732 = ( GEOMETRIC_REPRESENTATION_CONTEXT(2) 
PARAMETRIC_REPRESENTATION_CONTEXT() REPRESENTATION_CONTEXT('2D SPACE',''
  ) );
#1733 = ORIENTED_EDGE('',*,*,#1734,.F.);
#1734 = EDGE_CURVE('',#1634,#1714,#1735,.T.);
#1735 = SURFACE_CURVE('',#1736,(#1741,#1748),.PCURVE_S1.);
#1736 = CIRCLE('',#1737,4.);
#1737 = AXIS2_PLACEMENT_3D('',#1738,#1739,#1740);
#1738 = CARTESIAN_POINT('',(-7.,14.,-6.));
#1739 = DIRECTION('',(0.,1.,0.));
#1740 = DIRECTION('',(0.,-0.,1.));
#1741 = PCURVE('',#840,#1742);
#1742 = DEFINITIONAL_REPRESENTATION('',(#1743),#1747);
#1743 = CIRCLE('',#1744,4.);
#1744 = AXIS2_PLACEMENT_2D('',#1745,#1746);
#1745 = CARTESIAN_POINT('',(11.,12.));
#1746 = DIRECTION('',(1.,0.));
#1747 = ( GEOMETRIC_REPRESENTATION_CONTEXT(2) 
PARAMETRIC_REPRESENTATION_CONTEXT() REPRESENTATION_CONTEXT('2D SPACE',''
  ) );
#1748 = PCURVE('',#1508,#1749);
#1749 = DEFINITIONAL_REPRESENTATION('',(#1750),#1774);
#1750 = B_SPLINE_CURVE_WITH_KNOTS('',8,(#1751,#1752,#1753,#1754,#1755,
    #1756,#1757,#1758,#1759,#1760,#1761,#1762,#1763,#1764,#1765,#1766,
    #1767,#1768,#1769,#1770,#1771,#1772,#1773),.UNSPECIFIED.,.F.,.F.,(9,
    7,7,9),(3.14159265359,3.534291735289,4.123340357837,4.712388980385),
  .UNSPECIFIED.);
#1751 = CARTESIAN_POINT('',(-1.570796326795,-0.927295218002));
#1752 = CARTESIAN_POINT('',(-1.505346479845,-0.927295218002));
#1753 = CARTESIAN_POINT('',(-1.439896733692,-0.923623462433));
#1754 = CARTESIAN_POINT('',(-1.375540992117,-0.916280210553));
#1755 = CARTESIAN_POINT('',(-1.313377323715,-0.905383831456));
#1756 = CARTESIAN_POINT('',(-1.254285024542,-0.891176931238));
#1757 = CARTESIAN_POINT('',(-1.198739911227,-0.873961550172));
#1758 = CARTESIAN_POINT('',(-1.146963673092,-0.854048812801));
#1759 = CARTESIAN_POINT('',(-1.027021203429,-0.798273398738));
#1760 = CARTESIAN_POINT('',(-0.963603824443,-0.759413894966));
#1761 = CARTESIAN_POINT('',(-0.90884559078,-0.716171715351));
#1762 = CARTESIAN_POINT('',(-0.861893385724,-0.6694982989));
#1763 = CARTESIAN_POINT('',(-0.821717164605,-0.620101242549));
#1764 = CARTESIAN_POINT('',(-0.787465969201,-0.568537310827));
#1765 = CARTESIAN_POINT('',(-0.758397669886,-0.515241770883));
#1766 = CARTESIAN_POINT('',(-0.709459393387,-0.405892427986));
#1767 = CARTESIAN_POINT('',(-0.689589182439,-0.349838602341));
#1768 = CARTESIAN_POINT('',(-0.673730576378,-0.292757939533));
#1769 = CARTESIAN_POINT('',(-0.66144368785,-0.234918699631));
#1770 = CARTESIAN_POINT('',(-0.652423151842,-0.176539397769));
#1771 = CARTESIAN_POINT('',(-0.646475282128,-0.117809723988));
#1772 = CARTESIAN_POINT('',(-0.643501108793,-5.890486225481E-02));
#1773 = CARTESIAN_POINT('',(-0.643501108793,-1.7763568394E-16));
#1774 = ( GEOMETRIC_REPRESENTATION_CONTEXT(2) 
PARAMETRIC_REPRESENTATION_CONTEXT() REPRESENTATION_CONTEXT('2D SPACE',''
  ) );
#1775 = ADVANCED_FACE('',(#1776),#812,.T.);
#1776 = FACE_BOUND('',#1777,.F.);
#1777 = EDGE_LOOP('',(#1778,#1779,#1801));
#1778 = ORIENTED_EDGE('',*,*,#958,.F.);
#1779 = ORIENTED_EDGE('',*,*,#1780,.T.);
#1780 = EDGE_CURVE('',#931,#796,#1781,.T.);
#1781 = SURFACE_CURVE('',#1782,(#1787,#1794),.PCURVE_S1.);
#1782 = CIRCLE('',#1783,7.);
#1783 = AXIS2_PLACEMENT_3D('',#1784,#1785,#1786);
#1784 = CARTESIAN_POINT('',(-12.,7.,-10.));
#1785 = DIRECTION('',(1.,-6.565029142836E-17,0.));
#1786 = DIRECTION('',(6.565029142836E-17,1.,0.));
#1787 = PCURVE('',#812,#1788);
#1788 = DEFINITIONAL_REPRESENTATION('',(#1789),#1793);
#1789 = LINE('',#1790,#1791);
#1790 = CARTESIAN_POINT('',(-1.570796326795,-6.28318530718));
#1791 = VECTOR('',#1792,1.);
#1792 = DIRECTION('',(-0.,1.));
#1793 = ( GEOMETRIC_REPRESENTATION_CONTEXT(2) 
PARAMETRIC_REPRESENTATION_CONTEXT() REPRESENTATION_CONTEXT('2D SPACE',''
  ) );
#1794 = PCURVE('',#1649,#1795);
#1795 = DEFINITIONAL_REPRESENTATION('',(#1796),#1800);
#1796 = LINE('',#1797,#1798);
#1797 = CARTESIAN_POINT('',(-6.28318530718,7.));
#1798 = VECTOR('',#1799,1.);
#1799 = DIRECTION('',(1.,-0.));
#1800 = ( GEOMETRIC_REPRESENTATION_CONTEXT(2) 
PARAMETRIC_REPRESENTATION_CONTEXT() REPRESENTATION_CONTEXT('2D SPACE',''
  ) );
#1801 = ORIENTED_EDGE('',*,*,#795,.F.);
#1802 = ADVANCED_FACE('',(#1803),#946,.F.);
#1803 = FACE_BOUND('',#1804,.F.);
#1804 = EDGE_LOOP('',(#1805,#1806,#1829,#1857));
#1805 = ORIENTED_EDGE('',*,*,#930,.F.);
#1806 = ORIENTED_EDGE('',*,*,#1807,.T.);
#1807 = EDGE_CURVE('',#907,#1808,#1810,.T.);
#1808 = VERTEX_POINT('',#1809);
#1809 = CARTESIAN_POINT('',(12.,-7.,-17.));
#1810 = SURFACE_CURVE('',#1811,(#1815,#1822),.PCURVE_S1.);
#1811 = LINE('',#1812,#1813);
#1812 = CARTESIAN_POINT('',(-19.,-7.,-17.));
#1813 = VECTOR('',#1814,1.);
#1814 = DIRECTION('',(1.,0.,0.));
#1815 = PCURVE('',#946,#1816);
#1816 = DEFINITIONAL_REPRESENTATION('',(#1817),#1821);
#1817 = LINE('',#1818,#1819);
#1818 = CARTESIAN_POINT('',(0.,7.));
#1819 = VECTOR('',#1820,1.);
#1820 = DIRECTION('',(1.,0.));
#1821 = ( GEOMETRIC_REPRESENTATION_CONTEXT(2) 
PARAMETRIC_REPRESENTATION_CONTEXT() REPRESENTATION_CONTEXT('2D SPACE',''
  ) );
#1822 = PCURVE('',#1088,#1823);
#1823 = DEFINITIONAL_REPRESENTATION('',(#1824),#1828);
#1824 = LINE('',#1825,#1826);
#1825 = CARTESIAN_POINT('',(1.570796326795,0.));
#1826 = VECTOR('',#1827,1.);
#1827 = DIRECTION('',(0.,1.));
#1828 = ( GEOMETRIC_REPRESENTATION_CONTEXT(2) 
PARAMETRIC_REPRESENTATION_CONTEXT() REPRESENTATION_CONTEXT('2D SPACE',''
  ) );
#1829 = ORIENTED_EDGE('',*,*,#1830,.T.);
#1830 = EDGE_CURVE('',#1808,#1831,#1833,.T.);
#1831 = VERTEX_POINT('',#1832);
#1832 = CARTESIAN_POINT('',(12.,7.,-17.));
#1833 = SURFACE_CURVE('',#1834,(#1838,#1845),.PCURVE_S1.);
#1834 = LINE('',#1835,#1836);
#1835 = CARTESIAN_POINT('',(12.,-14.,-17.));
#1836 = VECTOR('',#1837,1.);
#1837 = DIRECTION('',(0.,1.,0.));
#1838 = PCURVE('',#946,#1839);
#1839 = DEFINITIONAL_REPRESENTATION('',(#1840),#1844);
#1840 = LINE('',#1841,#1842);
#1841 = CARTESIAN_POINT('',(31.,0.));
#1842 = VECTOR('',#1843,1.);
#1843 = DIRECTION('',(0.,1.));
#1844 = ( GEOMETRIC_REPRESENTATION_CONTEXT(2) 
PARAMETRIC_REPRESENTATION_CONTEXT() REPRESENTATION_CONTEXT('2D SPACE',''
  ) );
#1845 = PCURVE('',#1846,#1851);
#1846 = CYLINDRICAL_SURFACE('',#1847,7.);
#1847 = AXIS2_PLACEMENT_3D('',#1848,#1849,#1850);
#1848 = CARTESIAN_POINT('',(12.,-14.,-10.));
#1849 = DIRECTION('',(0.,1.,0.));
#1850 = DIRECTION('',(1.,0.,-0.));
#1851 = DEFINITIONAL_REPRESENTATION('',(#1852),#1856);
#1852 = LINE('',#1853,#1854);
#1853 = CARTESIAN_POINT('',(1.570796326795,0.));
#1854 = VECTOR('',#1855,1.);
#1855 = DIRECTION('',(0.,1.));
#1856 = ( GEOMETRIC_REPRESENTATION_CONTEXT(2) 
PARAMETRIC_REPRESENTATION_CONTEXT() REPRESENTATION_CONTEXT('2D SPACE',''
  ) );
#1857 = ORIENTED_EDGE('',*,*,#1858,.F.);
#1858 = EDGE_CURVE('',#931,#1831,#1859,.T.);
#1859 = SURFACE_CURVE('',#1860,(#1864,#1871),.PCURVE_S1.);
#1860 = LINE('',#1861,#1862);
#1861 = CARTESIAN_POINT('',(-19.,7.,-17.));
#1862 = VECTOR('',#1863,1.);
#1863 = DIRECTION('',(1.,0.,0.));
#1864 = PCURVE('',#946,#1865);
#1865 = DEFINITIONAL_REPRESENTATION('',(#1866),#1870);
#1866 = LINE('',#1867,#1868);
#1867 = CARTESIAN_POINT('',(0.,21.));
#1868 = VECTOR('',#1869,1.);
#1869 = DIRECTION('',(1.,0.));
#1870 = ( GEOMETRIC_REPRESENTATION_CONTEXT(2) 
PARAMETRIC_REPRESENTATION_CONTEXT() REPRESENTATION_CONTEXT('2D SPACE',''
  ) );
#1871 = PCURVE('',#1649,#1872);
#1872 = DEFINITIONAL_REPRESENTATION('',(#1873),#1877);
#1873 = LINE('',#1874,#1875);
#1874 = CARTESIAN_POINT('',(-1.570796326795,0.));
#1875 = VECTOR('',#1876,1.);
#1876 = DIRECTION('',(-0.,1.));
#1877 = ( GEOMETRIC_REPRESENTATION_CONTEXT(2) 
PARAMETRIC_REPRESENTATION_CONTEXT() REPRESENTATION_CONTEXT('2D SPACE',''
  ) );
#1878 = ADVANCED_FACE('',(#1879),#1002,.T.);
#1879 = FACE_BOUND('',#1880,.T.);
#1880 = EDGE_LOOP('',(#1881,#1882,#1908,#1909));
#1881 = ORIENTED_EDGE('',*,*,#1017,.F.);
#1882 = ORIENTED_EDGE('',*,*,#1883,.T.);
#1883 = EDGE_CURVE('',#1018,#1580,#1884,.T.);
#1884 = SURFACE_CURVE('',#1885,(#1889,#1896),.PCURVE_S1.);
#1885 = LINE('',#1886,#1887);
#1886 = CARTESIAN_POINT('',(-12.,-14.,17.));
#1887 = VECTOR('',#1888,1.);
#1888 = DIRECTION('',(0.,1.,0.));
#1889 = PCURVE('',#1002,#1890);
#1890 = DEFINITIONAL_REPRESENTATION('',(#1891),#1895);
#1891 = LINE('',#1892,#1893);
#1892 = CARTESIAN_POINT('',(1.570796326795,0.));
#1893 = VECTOR('',#1894,1.);
#1894 = DIRECTION('',(0.,1.));
#1895 = ( GEOMETRIC_REPRESENTATION_CONTEXT(2) 
PARAMETRIC_REPRESENTATION_CONTEXT() REPRESENTATION_CONTEXT('2D SPACE',''
  ) );
#1896 = PCURVE('',#1897,#1902);
#1897 = PLANE('',#1898);
#1898 = AXIS2_PLACEMENT_3D('',#1899,#1900,#1901);
#1899 = CARTESIAN_POINT('',(-19.,-14.,17.));
#1900 = DIRECTION('',(0.,0.,1.));
#1901 = DIRECTION('',(1.,0.,0.));
#1902 = DEFINITIONAL_REPRESENTATION('',(#1903),#1907);
#1903 = LINE('',#1904,#1905);
#1904 = CARTESIAN_POINT('',(7.,0.));
#1905 = VECTOR('',#1906,1.);
#1906 = DIRECTION('',(0.,1.));
#1907 = ( GEOMETRIC_REPRESENTATION_CONTEXT(2) 
PARAMETRIC_REPRESENTATION_CONTEXT() REPRESENTATION_CONTEXT('2D SPACE',''
  ) );
#1908 = ORIENTED_EDGE('',*,*,#1608,.F.);
#1909 = ORIENTED_EDGE('',*,*,#988,.F.);
#1910 = ADVANCED_FACE('',(#1911),#1056,.T.);
#1911 = FACE_BOUND('',#1912,.F.);
#1912 = EDGE_LOOP('',(#1913,#1914,#1937,#1966,#1994,#2127,#2153,#2279));
#1913 = ORIENTED_EDGE('',*,*,#1041,.F.);
#1914 = ORIENTED_EDGE('',*,*,#1915,.T.);
#1915 = EDGE_CURVE('',#1018,#1916,#1918,.T.);
#1916 = VERTEX_POINT('',#1917);
#1917 = CARTESIAN_POINT('',(12.,-7.,17.));
#1918 = SURFACE_CURVE('',#1919,(#1923,#1930),.PCURVE_S1.);
#1919 = LINE('',#1920,#1921);
#1920 = CARTESIAN_POINT('',(-19.,-7.,17.));
#1921 = VECTOR('',#1922,1.);
#1922 = DIRECTION('',(1.,0.,0.));
#1923 = PCURVE('',#1056,#1924);
#1924 = DEFINITIONAL_REPRESENTATION('',(#1925),#1929);
#1925 = LINE('',#1926,#1927);
#1926 = CARTESIAN_POINT('',(-1.570796326795,0.));
#1927 = VECTOR('',#1928,1.);
#1928 = DIRECTION('',(-0.,1.));
#1929 = ( GEOMETRIC_REPRESENTATION_CONTEXT(2) 
PARAMETRIC_REPRESENTATION_CONTEXT() REPRESENTATION_CONTEXT('2D SPACE',''
  ) );
#1930 = PCURVE('',#1897,#1931);
#1931 = DEFINITIONAL_REPRESENTATION('',(#1932),#1936);
#1932 = LINE('',#1933,#1934);
#1933 = CARTESIAN_POINT('',(0.,7.));
#1934 = VECTOR('',#1935,1.);
#1935 = DIRECTION('',(1.,0.));
#1936 = ( GEOMETRIC_REPRESENTATION_CONTEXT(2) 
PARAMETRIC_REPRESENTATION_CONTEXT() REPRESENTATION_CONTEXT('2D SPACE',''
  ) );
#1937 = ORIENTED_EDGE('',*,*,#1938,.T.);
#1938 = EDGE_CURVE('',#1916,#1939,#1941,.T.);
#1939 = VERTEX_POINT('',#1940);
#1940 = CARTESIAN_POINT('',(12.,-14.,10.));
#1941 = SURFACE_CURVE('',#1942,(#1947,#1954),.PCURVE_S1.);
#1942 = CIRCLE('',#1943,7.);
#1943 = AXIS2_PLACEMENT_3D('',#1944,#1945,#1946);
#1944 = CARTESIAN_POINT('',(12.,-7.,10.));
#1945 = DIRECTION('',(1.,6.123233995737E-17,0.));
#1946 = DIRECTION('',(6.123233995737E-17,-1.,0.));
#1947 = PCURVE('',#1056,#1948);
#1948 = DEFINITIONAL_REPRESENTATION('',(#1949),#1953);
#1949 = LINE('',#1950,#1951);
#1950 = CARTESIAN_POINT('',(-6.28318530718,31.));
#1951 = VECTOR('',#1952,1.);
#1952 = DIRECTION('',(1.,-0.));
#1953 = ( GEOMETRIC_REPRESENTATION_CONTEXT(2) 
PARAMETRIC_REPRESENTATION_CONTEXT() REPRESENTATION_CONTEXT('2D SPACE',''
  ) );
#1954 = PCURVE('',#1955,#1960);
#1955 = SPHERICAL_SURFACE('',#1956,7.);
#1956 = AXIS2_PLACEMENT_3D('',#1957,#1958,#1959);
#1957 = CARTESIAN_POINT('',(12.,-7.,10.));
#1958 = DIRECTION('',(-0.,-0.,-1.));
#1959 = DIRECTION('',(1.,0.,0.));
#1960 = DEFINITIONAL_REPRESENTATION('',(#1961),#1965);
#1961 = LINE('',#1962,#1963);
#1962 = CARTESIAN_POINT('',(1.570796326795,-6.28318530718));
#1963 = VECTOR('',#1964,1.);
#1964 = DIRECTION('',(0.,1.));
#1965 = ( GEOMETRIC_REPRESENTATION_CONTEXT(2) 
PARAMETRIC_REPRESENTATION_CONTEXT() REPRESENTATION_CONTEXT('2D SPACE',''
  ) );
#1966 = ORIENTED_EDGE('',*,*,#1967,.F.);
#1967 = EDGE_CURVE('',#1968,#1939,#1970,.T.);
#1968 = VERTEX_POINT('',#1969);
#1969 = CARTESIAN_POINT('',(10.464101615138,-14.,10.));
#1970 = SURFACE_CURVE('',#1971,(#1975,#1982),.PCURVE_S1.);
#1971 = LINE('',#1972,#1973);
#1972 = CARTESIAN_POINT('',(-19.,-14.,10.));
#1973 = VECTOR('',#1974,1.);
#1974 = DIRECTION('',(1.,0.,0.));
#1975 = PCURVE('',#1056,#1976);
#1976 = DEFINITIONAL_REPRESENTATION('',(#1977),#1981);
#1977 = LINE('',#1978,#1979);
#1978 = CARTESIAN_POINT('',(-0.,0.));
#1979 = VECTOR('',#1980,1.);
#1980 = DIRECTION('',(-0.,1.));
#1981 = ( GEOMETRIC_REPRESENTATION_CONTEXT(2) 
PARAMETRIC_REPRESENTATION_CONTEXT() REPRESENTATION_CONTEXT('2D SPACE',''
  ) );
#1982 = PCURVE('',#1983,#1988);
#1983 = PLANE('',#1984);
#1984 = AXIS2_PLACEMENT_3D('',#1985,#1986,#1987);
#1985 = CARTESIAN_POINT('',(-19.,-14.,-17.));
#1986 = DIRECTION('',(0.,1.,0.));
#1987 = DIRECTION('',(0.,0.,1.));
#1988 = DEFINITIONAL_REPRESENTATION('',(#1989),#1993);
#1989 = LINE('',#1990,#1991);
#1990 = CARTESIAN_POINT('',(27.,0.));
#1991 = VECTOR('',#1992,1.);
#1992 = DIRECTION('',(0.,1.));
#1993 = ( GEOMETRIC_REPRESENTATION_CONTEXT(2) 
PARAMETRIC_REPRESENTATION_CONTEXT() REPRESENTATION_CONTEXT('2D SPACE',''
  ) );
#1994 = ORIENTED_EDGE('',*,*,#1995,.T.);
#1995 = EDGE_CURVE('',#1968,#1996,#1998,.T.);
#1996 = VERTEX_POINT('',#1997);
#1997 = CARTESIAN_POINT('',(7.,-13.62710574513,12.254211490264));
#1998 = SURFACE_CURVE('',#1999,(#2038,#2080),.PCURVE_S1.);
#1999 = B_SPLINE_CURVE_WITH_KNOTS('',7,(#2000,#2001,#2002,#2003,#2004,
    #2005,#2006,#2007,#2008,#2009,#2010,#2011,#2012,#2013,#2014,#2015,
    #2016,#2017,#2018,#2019,#2020,#2021,#2022,#2023,#2024,#2025,#2026,
    #2027,#2028,#2029,#2030,#2031,#2032,#2033,#2034,#2035,#2036,#2037),
  .UNSPECIFIED.,.F.,.F.,(8,6,6,6,6,6,8),(0.,0.128278659927,0.2623283498,
    0.422255917635,0.540070379084,0.698001452116,1.),.UNSPECIFIED.);
#2000 = CARTESIAN_POINT('',(10.464101615138,-14.,10.));
#2001 = CARTESIAN_POINT('',(10.4182590716,-14.,10.079401614556));
#2002 = CARTESIAN_POINT('',(10.371247936945,-13.99894922742,
    10.157499855013));
#2003 = CARTESIAN_POINT('',(10.323101271682,-13.99690978861,
    10.234249135767));
#2004 = CARTESIAN_POINT('',(10.27385187394,-13.99394485894,
    10.30960754656));
#2005 = CARTESIAN_POINT('',(10.223532170852,-13.99011827073,
    10.383536700349));
#2006 = CARTESIAN_POINT('',(10.172174109916,-13.9854941011,
    10.456001581167));
#2007 = CARTESIAN_POINT('',(10.065088179447,-13.97453737878,
    10.601131964048));
#2008 = CARTESIAN_POINT('',(10.009267906968,-13.96813735506,10.673659502
    ));
#2009 = CARTESIAN_POINT('',(9.952383940782,-13.96100913942,
    10.744516840257));
#2010 = CARTESIAN_POINT('',(9.894471810231,-13.95322555111,
    10.813670926217));
#2011 = CARTESIAN_POINT('',(9.835566808407,-13.94485890755,
    10.881091698065));
#2012 = CARTESIAN_POINT('',(9.775703934407,-13.935980654,10.946751962586
    ));
#2013 = CARTESIAN_POINT('',(9.642397168424,-13.91554220077,
    11.08683351442));
#2014 = CARTESIAN_POINT('',(9.568563015282,-13.90379522262,
    11.160498504559));
#2015 = CARTESIAN_POINT('',(9.493474011629,-13.89153925298,
    11.231580959347));
#2016 = CARTESIAN_POINT('',(9.417189538299,-13.878891232,11.300043615341
    ));
#2017 = CARTESIAN_POINT('',(9.339769682093,-13.86596505748,
    11.365853230482));
#2018 = CARTESIAN_POINT('',(9.26127519639,-13.85287079667,
    11.428980584871));
#2019 = CARTESIAN_POINT('',(9.123196190628,-13.83002155431,
    11.53391024111));
#2020 = CARTESIAN_POINT('',(9.06407529807,-13.82029525946,
    11.576950494881));
#2021 = CARTESIAN_POINT('',(9.004429510037,-13.81057719823,
    11.61851102343));
#2022 = CARTESIAN_POINT('',(8.944284079803,-13.80090824767,
    11.658582561698));
#2023 = CARTESIAN_POINT('',(8.883664743559,-13.79132779093,
    11.697156850989));
#2024 = CARTESIAN_POINT('',(8.822597675999,-13.78187353123,
    11.734226690948));
#2025 = CARTESIAN_POINT('',(8.67868406252,-13.76012501557,
    11.817453471663));
#2026 = CARTESIAN_POINT('',(8.595501494909,-13.74795982175,
    11.862406811018));
#2027 = CARTESIAN_POINT('',(8.511626465599,-13.73617223236,
    11.904630745687));
#2028 = CARTESIAN_POINT('',(8.427124711174,-13.72484254734,
    11.944114067536));
#2029 = CARTESIAN_POINT('',(8.342062298422,-13.71404420231,
    11.980849492124));
#2030 = CARTESIAN_POINT('',(8.256504940455,-13.70384311246,
    12.014833526604));
#2031 = CARTESIAN_POINT('',(8.006090274023,-13.6760428049,
    12.105790262713));
#2032 = CARTESIAN_POINT('',(7.840082705871,-13.66018290003,
    12.155456668788));
#2033 = CARTESIAN_POINT('',(7.672959190076,-13.64712326915,
    12.19505988485));
#2034 = CARTESIAN_POINT('',(7.505121752357,-13.63715654194,
    12.224663376284));
#2035 = CARTESIAN_POINT('',(7.336873333764,-13.63045574399,
    12.244362910377));
#2036 = CARTESIAN_POINT('',(7.16843084304,-13.62710574513,
    12.254211490264));
#2037 = CARTESIAN_POINT('',(7.,-13.62710574513,12.254211490264));
#2038 = PCURVE('',#1056,#2039);
#2039 = DEFINITIONAL_REPRESENTATION('',(#2040),#2079);
#2040 = B_SPLINE_CURVE_WITH_KNOTS('',7,(#2041,#2042,#2043,#2044,#2045,
    #2046,#2047,#2048,#2049,#2050,#2051,#2052,#2053,#2054,#2055,#2056,
    #2057,#2058,#2059,#2060,#2061,#2062,#2063,#2064,#2065,#2066,#2067,
    #2068,#2069,#2070,#2071,#2072,#2073,#2074,#2075,#2076,#2077,#2078),
  .UNSPECIFIED.,.F.,.F.,(8,6,6,6,6,6,8),(0.,0.128278659927,0.2623283498,
    0.422255917635,0.540070379084,0.698001452116,1.),.UNSPECIFIED.);
#2041 = CARTESIAN_POINT('',(0.,29.464101615138));
#2042 = CARTESIAN_POINT('',(-1.134308779374E-02,29.4182590716));
#2043 = CARTESIAN_POINT('',(-2.249997874183E-02,29.371247936945));
#2044 = CARTESIAN_POINT('',(-3.346654652927E-02,29.323101271682));
#2045 = CARTESIAN_POINT('',(-4.423883292671E-02,29.27385187394));
#2046 = CARTESIAN_POINT('',(-5.481303973843E-02,29.223532170852));
#2047 = CARTESIAN_POINT('',(-6.518552075036E-02,29.172174109916));
#2048 = CARTESIAN_POINT('',(-8.597743332611E-02,29.065088179447));
#2049 = CARTESIAN_POINT('',(-9.637793741338E-02,29.009267906968));
#2050 = CARTESIAN_POINT('',(-0.10655031008,28.952383940782));
#2051 = CARTESIAN_POINT('',(-0.116490644742,28.894471810231));
#2052 = CARTESIAN_POINT('',(-0.126195116474,28.835566808407));
#2053 = CARTESIAN_POINT('',(-0.1356599944,28.775703934407));
#2054 = CARTESIAN_POINT('',(-0.155883526629,28.642397168424));
#2055 = CARTESIAN_POINT('',(-0.166539122531,28.568563015282));
#2056 = CARTESIAN_POINT('',(-0.176842325019,28.493474011629));
#2057 = CARTESIAN_POINT('',(-0.186787010442,28.417189538299));
#2058 = CARTESIAN_POINT('',(-0.19636713921,28.339769682093));
#2059 = CARTESIAN_POINT('',(-0.205576846753,28.26127519639));
#2060 = CARTESIAN_POINT('',(-0.22091808146,28.123196190628));
#2061 = CARTESIAN_POINT('',(-0.227221537962,28.06407529807));
#2062 = CARTESIAN_POINT('',(-0.233318645486,28.004429510037));
#2063 = CARTESIAN_POINT('',(-0.239207191159,27.944284079803));
#2064 = CARTESIAN_POINT('',(-0.244885037104,27.883664743559));
#2065 = CARTESIAN_POINT('',(-0.250350149809,27.822597675999));
#2066 = CARTESIAN_POINT('',(-0.262638932617,27.67868406252));
#2067 = CARTESIAN_POINT('',(-0.269291584703,27.595501494909));
#2068 = CARTESIAN_POINT('',(-0.275553919762,27.511626465599));
#2069 = CARTESIAN_POINT('',(-0.281421778265,27.427124711174));
#2070 = CARTESIAN_POINT('',(-0.286891577056,27.342062298422));
#2071 = CARTESIAN_POINT('',(-0.29196037925,27.256504940455));
#2072 = CARTESIAN_POINT('',(-0.305547576813,27.006090274023));
#2073 = CARTESIAN_POINT('',(-0.312995170182,26.840082705871));
#2074 = CARTESIAN_POINT('',(-0.318952180297,26.672959190076));
#2075 = CARTESIAN_POINT('',(-0.323414482526,26.505121752357));
#2076 = CARTESIAN_POINT('',(-0.326387050087,26.336873333764));
#2077 = CARTESIAN_POINT('',(-0.327873156384,26.16843084304));
#2078 = CARTESIAN_POINT('',(-0.327873156384,26.));
#2079 = ( GEOMETRIC_REPRESENTATION_CONTEXT(2) 
PARAMETRIC_REPRESENTATION_CONTEXT() REPRESENTATION_CONTEXT('2D SPACE',''
  ) );
#2080 = PCURVE('',#2081,#2086);
#2081 = SPHERICAL_SURFACE('',#2082,5.);
#2082 = AXIS2_PLACEMENT_3D('',#2083,#2084,#2085);
#2083 = CARTESIAN_POINT('',(7.,-11.,8.));
#2084 = DIRECTION('',(-0.,-0.,-1.));
#2085 = DIRECTION('',(1.,0.,0.));
#2086 = DEFINITIONAL_REPRESENTATION('',(#2087),#2126);
#2087 = B_SPLINE_CURVE_WITH_KNOTS('',7,(#2088,#2089,#2090,#2091,#2092,
    #2093,#2094,#2095,#2096,#2097,#2098,#2099,#2100,#2101,#2102,#2103,
    #2104,#2105,#2106,#2107,#2108,#2109,#2110,#2111,#2112,#2113,#2114,
    #2115,#2116,#2117,#2118,#2119,#2120,#2121,#2122,#2123,#2124,#2125),
  .UNSPECIFIED.,.F.,.F.,(8,6,6,6,6,6,8),(0.,0.128278659927,0.2623283498,
    0.422255917635,0.540070379084,0.698001452116,1.),.UNSPECIFIED.);
#2088 = CARTESIAN_POINT('',(0.713724378945,-0.411516846067));
#2089 = CARTESIAN_POINT('',(0.720273313736,-0.428843698877));
#2090 = CARTESIAN_POINT('',(0.726931412695,-0.446038996813));
#2091 = CARTESIAN_POINT('',(0.733716176872,-0.463097109591));
#2092 = CARTESIAN_POINT('',(0.740645976321,-0.480012267126));
#2093 = CARTESIAN_POINT('',(0.747740167138,-0.496778482892));
#2094 = CARTESIAN_POINT('',(0.755019208501,-0.513389477282));
#2095 = CARTESIAN_POINT('',(0.770327113506,-0.547027741632));
#2096 = CARTESIAN_POINT('',(0.778374948903,-0.564040044618));
#2097 = CARTESIAN_POINT('',(0.786673013424,-0.580867942204));
#2098 = CARTESIAN_POINT('',(0.795247455227,-0.597503263445));
#2099 = CARTESIAN_POINT('',(0.80412590621,-0.613937118515));
#2100 = CARTESIAN_POINT('',(0.813337545119,-0.630159783047));
#2101 = CARTESIAN_POINT('',(0.834337319157,-0.66525028672));
#2102 = CARTESIAN_POINT('',(0.846279508898,-0.684024038053));
#2103 = CARTESIAN_POINT('',(0.858791748582,-0.702463763371));
#2104 = CARTESIAN_POINT('',(0.871929479307,-0.720549051122));
#2105 = CARTESIAN_POINT('',(0.885750658622,-0.738256877148));
#2106 = CARTESIAN_POINT('',(0.900314854579,-0.755561330536));
#2107 = CARTESIAN_POINT('',(0.927003164692,-0.784862507699));
#2108 = CARTESIAN_POINT('',(0.938759856674,-0.797056935966));
#2109 = CARTESIAN_POINT('',(0.950976265935,-0.809004982744));
#2110 = CARTESIAN_POINT('',(0.963676359728,-0.820693989246));
#2111 = CARTESIAN_POINT('',(0.976883479185,-0.832110295994));
#2112 = CARTESIAN_POINT('',(0.990619596147,-0.843239259384));
#2113 = CARTESIAN_POINT('',(1.024053672917,-0.868577605507));
#2114 = CARTESIAN_POINT('',(1.044189170653,-0.882545568189));
#2115 = CARTESIAN_POINT('',(1.065358200718,-0.895931647963));
#2116 = CARTESIAN_POINT('',(1.087601229664,-0.90869499758));
#2117 = CARTESIAN_POINT('',(1.110946152685,-0.920792463417));
#2118 = CARTESIAN_POINT('',(1.135402393221,-0.932179618027));
#2119 = CARTESIAN_POINT('',(1.209817147089,-0.963142822191));
#2120 = CARTESIAN_POINT('',(1.262690682063,-0.980714340261));
#2121 = CARTESIAN_POINT('',(1.319463213629,-0.995213400198));
#2122 = CARTESIAN_POINT('',(1.379723486346,-1.006338987149));
#2123 = CARTESIAN_POINT('',(1.442567523051,-1.013837470592));
#2124 = CARTESIAN_POINT('',(1.506683626592,-1.017586310355));
#2125 = CARTESIAN_POINT('',(1.570796326795,-1.017586310355));
#2126 = ( GEOMETRIC_REPRESENTATION_CONTEXT(2) 
PARAMETRIC_REPRESENTATION_CONTEXT() REPRESENTATION_CONTEXT('2D SPACE',''
  ) );
#2127 = ORIENTED_EDGE('',*,*,#2128,.F.);
#2128 = EDGE_CURVE('',#2129,#1996,#2131,.T.);
#2129 = VERTEX_POINT('',#2130);
#2130 = CARTESIAN_POINT('',(-7.,-13.62710574513,12.254211490264));
#2131 = SURFACE_CURVE('',#2132,(#2136,#2142),.PCURVE_S1.);
#2132 = LINE('',#2133,#2134);
#2133 = CARTESIAN_POINT('',(-19.,-13.62710574513,12.254211490264));
#2134 = VECTOR('',#2135,1.);
#2135 = DIRECTION('',(1.,0.,0.));
#2136 = PCURVE('',#1056,#2137);
#2137 = DEFINITIONAL_REPRESENTATION('',(#2138),#2141);
#2138 = B_SPLINE_CURVE_WITH_KNOTS('',1,(#2139,#2140),.UNSPECIFIED.,.F.,
  .F.,(2,2),(11.9999994,26.0000006),.PIECEWISE_BEZIER_KNOTS.);
#2139 = CARTESIAN_POINT('',(-0.327873156384,11.9999994));
#2140 = CARTESIAN_POINT('',(-0.327873156384,26.0000006));
#2141 = ( GEOMETRIC_REPRESENTATION_CONTEXT(2) 
PARAMETRIC_REPRESENTATION_CONTEXT() REPRESENTATION_CONTEXT('2D SPACE',''
  ) );
#2142 = PCURVE('',#2143,#2148);
#2143 = CYLINDRICAL_SURFACE('',#2144,5.);
#2144 = AXIS2_PLACEMENT_3D('',#2145,#2146,#2147);
#2145 = CARTESIAN_POINT('',(-12.,-11.,8.));
#2146 = DIRECTION('',(1.,0.,0.));
#2147 = DIRECTION('',(0.,-1.,0.));
#2148 = DEFINITIONAL_REPRESENTATION('',(#2149),#2152);
#2149 = B_SPLINE_CURVE_WITH_KNOTS('',1,(#2150,#2151),.UNSPECIFIED.,.F.,
  .F.,(2,2),(11.9999994,26.0000006),.PIECEWISE_BEZIER_KNOTS.);
#2150 = CARTESIAN_POINT('',(-1.017586310355,4.9999994));
#2151 = CARTESIAN_POINT('',(-1.017586310355,19.0000006));
#2152 = ( GEOMETRIC_REPRESENTATION_CONTEXT(2) 
PARAMETRIC_REPRESENTATION_CONTEXT() REPRESENTATION_CONTEXT('2D SPACE',''
  ) );
#2153 = ORIENTED_EDGE('',*,*,#2154,.F.);
#2154 = EDGE_CURVE('',#1102,#2129,#2155,.T.);
#2155 = SURFACE_CURVE('',#2156,(#2195,#2237),.PCURVE_S1.);
#2156 = B_SPLINE_CURVE_WITH_KNOTS('',7,(#2157,#2158,#2159,#2160,#2161,
    #2162,#2163,#2164,#2165,#2166,#2167,#2168,#2169,#2170,#2171,#2172,
    #2173,#2174,#2175,#2176,#2177,#2178,#2179,#2180,#2181,#2182,#2183,
    #2184,#2185,#2186,#2187,#2188,#2189,#2190,#2191,#2192,#2193,#2194),
  .UNSPECIFIED.,.F.,.F.,(8,6,6,6,6,6,8),(0.,0.128278659927,0.2623283498,
    0.422255917635,0.540070379085,0.698001452117,1.),.UNSPECIFIED.);
#2157 = CARTESIAN_POINT('',(-10.46410161513,-14.,10.));
#2158 = CARTESIAN_POINT('',(-10.4182590716,-14.,10.079401614556));
#2159 = CARTESIAN_POINT('',(-10.37124793694,-13.99894922742,
    10.157499855013));
#2160 = CARTESIAN_POINT('',(-10.32310127168,-13.99690978861,
    10.234249135767));
#2161 = CARTESIAN_POINT('',(-10.27385187394,-13.99394485894,
    10.30960754656));
#2162 = CARTESIAN_POINT('',(-10.22353217085,-13.99011827073,
    10.383536700349));
#2163 = CARTESIAN_POINT('',(-10.17217410991,-13.9854941011,
    10.456001581167));
#2164 = CARTESIAN_POINT('',(-10.06508817944,-13.97453737878,
    10.601131964048));
#2165 = CARTESIAN_POINT('',(-10.00926790696,-13.96813735506,10.673659502
    ));
#2166 = CARTESIAN_POINT('',(-9.952383940782,-13.96100913942,
    10.744516840257));
#2167 = CARTESIAN_POINT('',(-9.894471810231,-13.95322555111,
    10.813670926217));
#2168 = CARTESIAN_POINT('',(-9.835566808407,-13.94485890755,
    10.881091698065));
#2169 = CARTESIAN_POINT('',(-9.775703934408,-13.935980654,
    10.946751962586));
#2170 = CARTESIAN_POINT('',(-9.642397168424,-13.91554220077,
    11.08683351442));
#2171 = CARTESIAN_POINT('',(-9.568563015282,-13.90379522262,
    11.160498504559));
#2172 = CARTESIAN_POINT('',(-9.493474011629,-13.89153925298,
    11.231580959347));
#2173 = CARTESIAN_POINT('',(-9.417189538299,-13.878891232,
    11.300043615341));
#2174 = CARTESIAN_POINT('',(-9.339769682093,-13.86596505748,
    11.365853230482));
#2175 = CARTESIAN_POINT('',(-9.26127519639,-13.85287079667,
    11.428980584871));
#2176 = CARTESIAN_POINT('',(-9.123196190628,-13.83002155431,
    11.53391024111));
#2177 = CARTESIAN_POINT('',(-9.06407529807,-13.82029525946,
    11.576950494881));
#2178 = CARTESIAN_POINT('',(-9.004429510037,-13.81057719823,
    11.61851102343));
#2179 = CARTESIAN_POINT('',(-8.944284079803,-13.80090824767,
    11.658582561698));
#2180 = CARTESIAN_POINT('',(-8.883664743559,-13.79132779093,
    11.697156850989));
#2181 = CARTESIAN_POINT('',(-8.822597675999,-13.78187353123,
    11.734226690948));
#2182 = CARTESIAN_POINT('',(-8.67868406252,-13.76012501557,
    11.817453471663));
#2183 = CARTESIAN_POINT('',(-8.595501494909,-13.74795982175,
    11.862406811018));
#2184 = CARTESIAN_POINT('',(-8.511626465599,-13.73617223236,
    11.904630745687));
#2185 = CARTESIAN_POINT('',(-8.427124711174,-13.72484254734,
    11.944114067536));
#2186 = CARTESIAN_POINT('',(-8.342062298422,-13.71404420231,
    11.980849492124));
#2187 = CARTESIAN_POINT('',(-8.256504940455,-13.70384311246,
    12.014833526604));
#2188 = CARTESIAN_POINT('',(-8.006090274023,-13.6760428049,
    12.105790262713));
#2189 = CARTESIAN_POINT('',(-7.840082705871,-13.66018290003,
    12.155456668789));
#2190 = CARTESIAN_POINT('',(-7.672959190076,-13.64712326915,
    12.195059884849));
#2191 = CARTESIAN_POINT('',(-7.505121752357,-13.63715654194,
    12.224663376284));
#2192 = CARTESIAN_POINT('',(-7.336873333765,-13.63045574399,
    12.244362910377));
#2193 = CARTESIAN_POINT('',(-7.16843084304,-13.62710574513,
    12.254211490264));
#2194 = CARTESIAN_POINT('',(-7.,-13.62710574513,12.254211490264));
#2195 = PCURVE('',#1056,#2196);
#2196 = DEFINITIONAL_REPRESENTATION('',(#2197),#2236);
#2197 = B_SPLINE_CURVE_WITH_KNOTS('',7,(#2198,#2199,#2200,#2201,#2202,
    #2203,#2204,#2205,#2206,#2207,#2208,#2209,#2210,#2211,#2212,#2213,
    #2214,#2215,#2216,#2217,#2218,#2219,#2220,#2221,#2222,#2223,#2224,
    #2225,#2226,#2227,#2228,#2229,#2230,#2231,#2232,#2233,#2234,#2235),
  .UNSPECIFIED.,.F.,.F.,(8,6,6,6,6,6,8),(0.,0.128278659927,0.2623283498,
    0.422255917635,0.540070379085,0.698001452117,1.),.UNSPECIFIED.);
#2198 = CARTESIAN_POINT('',(0.,8.535898384862));
#2199 = CARTESIAN_POINT('',(-1.134308779374E-02,8.5817409284));
#2200 = CARTESIAN_POINT('',(-2.249997874182E-02,8.628752063055));
#2201 = CARTESIAN_POINT('',(-3.346654652927E-02,8.676898728318));
#2202 = CARTESIAN_POINT('',(-4.423883292671E-02,8.72614812606));
#2203 = CARTESIAN_POINT('',(-5.481303973843E-02,8.776467829148));
#2204 = CARTESIAN_POINT('',(-6.518552075036E-02,8.827825890084));
#2205 = CARTESIAN_POINT('',(-8.597743332612E-02,8.934911820553));
#2206 = CARTESIAN_POINT('',(-9.637793741337E-02,8.990732093032));
#2207 = CARTESIAN_POINT('',(-0.10655031008,9.047616059218));
#2208 = CARTESIAN_POINT('',(-0.116490644742,9.105528189769));
#2209 = CARTESIAN_POINT('',(-0.126195116474,9.164433191593));
#2210 = CARTESIAN_POINT('',(-0.1356599944,9.224296065592));
#2211 = CARTESIAN_POINT('',(-0.155883526629,9.357602831576));
#2212 = CARTESIAN_POINT('',(-0.166539122531,9.431436984718));
#2213 = CARTESIAN_POINT('',(-0.17684232502,9.506525988371));
#2214 = CARTESIAN_POINT('',(-0.186787010442,9.582810461701));
#2215 = CARTESIAN_POINT('',(-0.19636713921,9.660230317907));
#2216 = CARTESIAN_POINT('',(-0.205576846753,9.73872480361));
#2217 = CARTESIAN_POINT('',(-0.22091808146,9.876803809372));
#2218 = CARTESIAN_POINT('',(-0.227221537962,9.93592470193));
#2219 = CARTESIAN_POINT('',(-0.233318645486,9.995570489963));
#2220 = CARTESIAN_POINT('',(-0.239207191159,10.055715920197));
#2221 = CARTESIAN_POINT('',(-0.244885037104,10.116335256441));
#2222 = CARTESIAN_POINT('',(-0.250350149809,10.177402324001));
#2223 = CARTESIAN_POINT('',(-0.262638932617,10.32131593748));
#2224 = CARTESIAN_POINT('',(-0.269291584703,10.404498505091));
#2225 = CARTESIAN_POINT('',(-0.275553919762,10.488373534401));
#2226 = CARTESIAN_POINT('',(-0.281421778265,10.572875288826));
#2227 = CARTESIAN_POINT('',(-0.286891577056,10.657937701578));
#2228 = CARTESIAN_POINT('',(-0.29196037925,10.743495059545));
#2229 = CARTESIAN_POINT('',(-0.305547576813,10.993909725977));
#2230 = CARTESIAN_POINT('',(-0.312995170182,11.159917294129));
#2231 = CARTESIAN_POINT('',(-0.318952180297,11.327040809924));
#2232 = CARTESIAN_POINT('',(-0.323414482526,11.494878247643));
#2233 = CARTESIAN_POINT('',(-0.326387050087,11.663126666235));
#2234 = CARTESIAN_POINT('',(-0.327873156384,11.83156915696));
#2235 = CARTESIAN_POINT('',(-0.327873156384,12.));
#2236 = ( GEOMETRIC_REPRESENTATION_CONTEXT(2) 
PARAMETRIC_REPRESENTATION_CONTEXT() REPRESENTATION_CONTEXT('2D SPACE',''
  ) );
#2237 = PCURVE('',#1141,#2238);
#2238 = DEFINITIONAL_REPRESENTATION('',(#2239),#2278);
#2239 = B_SPLINE_CURVE_WITH_KNOTS('',7,(#2240,#2241,#2242,#2243,#2244,
    #2245,#2246,#2247,#2248,#2249,#2250,#2251,#2252,#2253,#2254,#2255,
    #2256,#2257,#2258,#2259,#2260,#2261,#2262,#2263,#2264,#2265,#2266,
    #2267,#2268,#2269,#2270,#2271,#2272,#2273,#2274,#2275,#2276,#2277),
  .UNSPECIFIED.,.F.,.F.,(8,6,6,6,6,6,8),(0.,0.128278659927,0.2623283498,
    0.422255917635,0.540070379085,0.698001452117,1.),.UNSPECIFIED.);
#2240 = CARTESIAN_POINT('',(-0.713724378945,-0.411516846067));
#2241 = CARTESIAN_POINT('',(-0.720273313736,-0.428843698877));
#2242 = CARTESIAN_POINT('',(-0.726931412695,-0.446038996813));
#2243 = CARTESIAN_POINT('',(-0.733716176872,-0.463097109591));
#2244 = CARTESIAN_POINT('',(-0.740645976321,-0.480012267126));
#2245 = CARTESIAN_POINT('',(-0.747740167138,-0.496778482892));
#2246 = CARTESIAN_POINT('',(-0.755019208501,-0.513389477282));
#2247 = CARTESIAN_POINT('',(-0.770327113506,-0.547027741632));
#2248 = CARTESIAN_POINT('',(-0.778374948903,-0.564040044618));
#2249 = CARTESIAN_POINT('',(-0.786673013424,-0.580867942204));
#2250 = CARTESIAN_POINT('',(-0.795247455227,-0.597503263445));
#2251 = CARTESIAN_POINT('',(-0.80412590621,-0.613937118515));
#2252 = CARTESIAN_POINT('',(-0.813337545119,-0.630159783047));
#2253 = CARTESIAN_POINT('',(-0.834337319157,-0.66525028672));
#2254 = CARTESIAN_POINT('',(-0.846279508898,-0.684024038053));
#2255 = CARTESIAN_POINT('',(-0.858791748582,-0.702463763371));
#2256 = CARTESIAN_POINT('',(-0.871929479307,-0.720549051122));
#2257 = CARTESIAN_POINT('',(-0.885750658622,-0.738256877148));
#2258 = CARTESIAN_POINT('',(-0.900314854579,-0.755561330536));
#2259 = CARTESIAN_POINT('',(-0.927003164692,-0.784862507699));
#2260 = CARTESIAN_POINT('',(-0.938759856674,-0.797056935966));
#2261 = CARTESIAN_POINT('',(-0.950976265935,-0.809004982744));
#2262 = CARTESIAN_POINT('',(-0.963676359728,-0.820693989246));
#2263 = CARTESIAN_POINT('',(-0.976883479185,-0.832110295994));
#2264 = CARTESIAN_POINT('',(-0.990619596147,-0.843239259384));
#2265 = CARTESIAN_POINT('',(-1.024053672917,-0.868577605507));
#2266 = CARTESIAN_POINT('',(-1.044189170653,-0.882545568189));
#2267 = CARTESIAN_POINT('',(-1.065358200718,-0.895931647963));
#2268 = CARTESIAN_POINT('',(-1.087601229664,-0.90869499758));
#2269 = CARTESIAN_POINT('',(-1.110946152685,-0.920792463417));
#2270 = CARTESIAN_POINT('',(-1.135402393221,-0.932179618027));
#2271 = CARTESIAN_POINT('',(-1.209817147089,-0.963142822191));
#2272 = CARTESIAN_POINT('',(-1.262690682063,-0.980714340261));
#2273 = CARTESIAN_POINT('',(-1.319463213629,-0.995213400198));
#2274 = CARTESIAN_POINT('',(-1.379723486347,-1.006338987149));
#2275 = CARTESIAN_POINT('',(-1.442567523051,-1.013837470592));
#2276 = CARTESIAN_POINT('',(-1.506683626592,-1.017586310355));
#2277 = CARTESIAN_POINT('',(-1.570796326795,-1.017586310355));
#2278 = ( GEOMETRIC_REPRESENTATION_CONTEXT(2) 
PARAMETRIC_REPRESENTATION_CONTEXT() REPRESENTATION_CONTEXT('2D SPACE',''
  ) );
#2279 = ORIENTED_EDGE('',*,*,#1101,.F.);
#2280 = ADVANCED_FACE('',(#2281),#1088,.T.);
#2281 = FACE_BOUND('',#2282,.T.);
#2282 = EDGE_LOOP('',(#2283,#2284,#2285,#2314,#2337,#2363));
#2283 = ORIENTED_EDGE('',*,*,#1234,.F.);
#2284 = ORIENTED_EDGE('',*,*,#1807,.T.);
#2285 = ORIENTED_EDGE('',*,*,#2286,.T.);
#2286 = EDGE_CURVE('',#1808,#2287,#2289,.T.);
#2287 = VERTEX_POINT('',#2288);
#2288 = CARTESIAN_POINT('',(12.,-14.,-10.));
#2289 = SURFACE_CURVE('',#2290,(#2295,#2302),.PCURVE_S1.);
#2290 = CIRCLE('',#2291,7.);
#2291 = AXIS2_PLACEMENT_3D('',#2292,#2293,#2294);
#2292 = CARTESIAN_POINT('',(12.,-7.,-10.));
#2293 = DIRECTION('',(-1.,-6.123233995737E-17,0.));
#2294 = DIRECTION('',(6.123233995737E-17,-1.,-0.));
#2295 = PCURVE('',#1088,#2296);
#2296 = DEFINITIONAL_REPRESENTATION('',(#2297),#2301);
#2297 = LINE('',#2298,#2299);
#2298 = CARTESIAN_POINT('',(6.28318530718,31.));
#2299 = VECTOR('',#2300,1.);
#2300 = DIRECTION('',(-1.,-0.));
#2301 = ( GEOMETRIC_REPRESENTATION_CONTEXT(2) 
PARAMETRIC_REPRESENTATION_CONTEXT() REPRESENTATION_CONTEXT('2D SPACE',''
  ) );
#2302 = PCURVE('',#2303,#2308);
#2303 = SPHERICAL_SURFACE('',#2304,7.);
#2304 = AXIS2_PLACEMENT_3D('',#2305,#2306,#2307);
#2305 = CARTESIAN_POINT('',(12.,-7.,-10.));
#2306 = DIRECTION('',(0.,0.,1.));
#2307 = DIRECTION('',(1.,0.,-0.));
#2308 = DEFINITIONAL_REPRESENTATION('',(#2309),#2313);
#2309 = LINE('',#2310,#2311);
#2310 = CARTESIAN_POINT('',(-1.570796326795,-6.28318530718));
#2311 = VECTOR('',#2312,1.);
#2312 = DIRECTION('',(-0.,1.));
#2313 = ( GEOMETRIC_REPRESENTATION_CONTEXT(2) 
PARAMETRIC_REPRESENTATION_CONTEXT() REPRESENTATION_CONTEXT('2D SPACE',''
  ) );
#2314 = ORIENTED_EDGE('',*,*,#2315,.F.);
#2315 = EDGE_CURVE('',#2316,#2287,#2318,.T.);
#2316 = VERTEX_POINT('',#2317);
#2317 = CARTESIAN_POINT('',(7.,-14.,-10.));
#2318 = SURFACE_CURVE('',#2319,(#2323,#2330),.PCURVE_S1.);
#2319 = LINE('',#2320,#2321);
#2320 = CARTESIAN_POINT('',(-19.,-14.,-10.));
#2321 = VECTOR('',#2322,1.);
#2322 = DIRECTION('',(1.,0.,0.));
#2323 = PCURVE('',#1088,#2324);
#2324 = DEFINITIONAL_REPRESENTATION('',(#2325),#2329);
#2325 = LINE('',#2326,#2327);
#2326 = CARTESIAN_POINT('',(0.,0.));
#2327 = VECTOR('',#2328,1.);
#2328 = DIRECTION('',(0.,1.));
#2329 = ( GEOMETRIC_REPRESENTATION_CONTEXT(2) 
PARAMETRIC_REPRESENTATION_CONTEXT() REPRESENTATION_CONTEXT('2D SPACE',''
  ) );
#2330 = PCURVE('',#1983,#2331);
#2331 = DEFINITIONAL_REPRESENTATION('',(#2332),#2336);
#2332 = LINE('',#2333,#2334);
#2333 = CARTESIAN_POINT('',(7.,0.));
#2334 = VECTOR('',#2335,1.);
#2335 = DIRECTION('',(0.,1.));
#2336 = ( GEOMETRIC_REPRESENTATION_CONTEXT(2) 
PARAMETRIC_REPRESENTATION_CONTEXT() REPRESENTATION_CONTEXT('2D SPACE',''
  ) );
#2337 = ORIENTED_EDGE('',*,*,#2338,.F.);
#2338 = EDGE_CURVE('',#1073,#2316,#2339,.T.);
#2339 = SURFACE_CURVE('',#2340,(#2344,#2351),.PCURVE_S1.);
#2340 = LINE('',#2341,#2342);
#2341 = CARTESIAN_POINT('',(-19.,-14.,-10.));
#2342 = VECTOR('',#2343,1.);
#2343 = DIRECTION('',(1.,0.,0.));
#2344 = PCURVE('',#1088,#2345);
#2345 = DEFINITIONAL_REPRESENTATION('',(#2346),#2350);
#2346 = LINE('',#2347,#2348);
#2347 = CARTESIAN_POINT('',(0.,0.));
#2348 = VECTOR('',#2349,1.);
#2349 = DIRECTION('',(0.,1.));
#2350 = ( GEOMETRIC_REPRESENTATION_CONTEXT(2) 
PARAMETRIC_REPRESENTATION_CONTEXT() REPRESENTATION_CONTEXT('2D SPACE',''
  ) );
#2351 = PCURVE('',#2352,#2357);
#2352 = CYLINDRICAL_SURFACE('',#2353,5.);
#2353 = AXIS2_PLACEMENT_3D('',#2354,#2355,#2356);
#2354 = CARTESIAN_POINT('',(-12.,-11.,-6.));
#2355 = DIRECTION('',(1.,0.,0.));
#2356 = DIRECTION('',(0.,-1.,0.));
#2357 = DEFINITIONAL_REPRESENTATION('',(#2358),#2362);
#2358 = LINE('',#2359,#2360);
#2359 = CARTESIAN_POINT('',(0.927295218002,-7.));
#2360 = VECTOR('',#2361,1.);
#2361 = DIRECTION('',(0.,1.));
#2362 = ( GEOMETRIC_REPRESENTATION_CONTEXT(2) 
PARAMETRIC_REPRESENTATION_CONTEXT() REPRESENTATION_CONTEXT('2D SPACE',''
  ) );
#2363 = ORIENTED_EDGE('',*,*,#1072,.F.);
#2364 = ADVANCED_FACE('',(#2365),#1198,.F.);
#2365 = FACE_BOUND('',#2366,.F.);
#2366 = EDGE_LOOP('',(#2367,#2368,#2390,#2391));
#2367 = ORIENTED_EDGE('',*,*,#1439,.F.);
#2368 = ORIENTED_EDGE('',*,*,#2369,.T.);
#2369 = EDGE_CURVE('',#1440,#1073,#2370,.T.);
#2370 = SURFACE_CURVE('',#2371,(#2376,#2383),.PCURVE_S1.);
#2371 = CIRCLE('',#2372,5.);
#2372 = AXIS2_PLACEMENT_3D('',#2373,#2374,#2375);
#2373 = CARTESIAN_POINT('',(-7.,-11.,-6.));
#2374 = DIRECTION('',(-1.,2.832769448824E-16,0.));
#2375 = DIRECTION('',(-2.832769448824E-16,-1.,0.));
#2376 = PCURVE('',#1198,#2377);
#2377 = DEFINITIONAL_REPRESENTATION('',(#2378),#2382);
#2378 = LINE('',#2379,#2380);
#2379 = CARTESIAN_POINT('',(1.570796326795,-6.28318530718));
#2380 = VECTOR('',#2381,1.);
#2381 = DIRECTION('',(0.,1.));
#2382 = ( GEOMETRIC_REPRESENTATION_CONTEXT(2) 
PARAMETRIC_REPRESENTATION_CONTEXT() REPRESENTATION_CONTEXT('2D SPACE',''
  ) );
#2383 = PCURVE('',#2352,#2384);
#2384 = DEFINITIONAL_REPRESENTATION('',(#2385),#2389);
#2385 = LINE('',#2386,#2387);
#2386 = CARTESIAN_POINT('',(6.28318530718,5.));
#2387 = VECTOR('',#2388,1.);
#2388 = DIRECTION('',(-1.,-0.));
#2389 = ( GEOMETRIC_REPRESENTATION_CONTEXT(2) 
PARAMETRIC_REPRESENTATION_CONTEXT() REPRESENTATION_CONTEXT('2D SPACE',''
  ) );
#2390 = ORIENTED_EDGE('',*,*,#1183,.T.);
#2391 = ORIENTED_EDGE('',*,*,#2392,.F.);
#2392 = EDGE_CURVE('',#1391,#1158,#2393,.T.);
#2393 = SURFACE_CURVE('',#2394,(#2399,#2406),.PCURVE_S1.);
#2394 = CIRCLE('',#2395,5.);
#2395 = AXIS2_PLACEMENT_3D('',#2396,#2397,#2398);
#2396 = CARTESIAN_POINT('',(-7.,-11.,-6.));
#2397 = DIRECTION('',(0.,0.,1.));
#2398 = DIRECTION('',(-1.,0.,0.));
#2399 = PCURVE('',#1198,#2400);
#2400 = DEFINITIONAL_REPRESENTATION('',(#2401),#2405);
#2401 = LINE('',#2402,#2403);
#2402 = CARTESIAN_POINT('',(0.,0.));
#2403 = VECTOR('',#2404,1.);
#2404 = DIRECTION('',(1.,0.));
#2405 = ( GEOMETRIC_REPRESENTATION_CONTEXT(2) 
PARAMETRIC_REPRESENTATION_CONTEXT() REPRESENTATION_CONTEXT('2D SPACE',''
  ) );
#2406 = PCURVE('',#1172,#2407);
#2407 = DEFINITIONAL_REPRESENTATION('',(#2408),#2412);
#2408 = LINE('',#2409,#2410);
#2409 = CARTESIAN_POINT('',(0.,5.));
#2410 = VECTOR('',#2411,1.);
#2411 = DIRECTION('',(1.,0.));
#2412 = ( GEOMETRIC_REPRESENTATION_CONTEXT(2) 
PARAMETRIC_REPRESENTATION_CONTEXT() REPRESENTATION_CONTEXT('2D SPACE',''
  ) );
#2413 = ADVANCED_FACE('',(#2414),#1172,.F.);
#2414 = FACE_BOUND('',#2415,.F.);
#2415 = EDGE_LOOP('',(#2416,#2417,#2418,#2419));
#2416 = ORIENTED_EDGE('',*,*,#1390,.F.);
#2417 = ORIENTED_EDGE('',*,*,#2392,.T.);
#2418 = ORIENTED_EDGE('',*,*,#1157,.T.);
#2419 = ORIENTED_EDGE('',*,*,#2420,.F.);
#2420 = EDGE_CURVE('',#1263,#1125,#2421,.T.);
#2421 = SURFACE_CURVE('',#2422,(#2427,#2434),.PCURVE_S1.);
#2422 = CIRCLE('',#2423,5.);
#2423 = AXIS2_PLACEMENT_3D('',#2424,#2425,#2426);
#2424 = CARTESIAN_POINT('',(-7.,-11.,8.));
#2425 = DIRECTION('',(0.,0.,1.));
#2426 = DIRECTION('',(-1.,0.,0.));
#2427 = PCURVE('',#1172,#2428);
#2428 = DEFINITIONAL_REPRESENTATION('',(#2429),#2433);
#2429 = LINE('',#2430,#2431);
#2430 = CARTESIAN_POINT('',(0.,19.));
#2431 = VECTOR('',#2432,1.);
#2432 = DIRECTION('',(1.,0.));
#2433 = ( GEOMETRIC_REPRESENTATION_CONTEXT(2) 
PARAMETRIC_REPRESENTATION_CONTEXT() REPRESENTATION_CONTEXT('2D SPACE',''
  ) );
#2434 = PCURVE('',#1141,#2435);
#2435 = DEFINITIONAL_REPRESENTATION('',(#2436),#2440);
#2436 = LINE('',#2437,#2438);
#2437 = CARTESIAN_POINT('',(-0.,0.));
#2438 = VECTOR('',#2439,1.);
#2439 = DIRECTION('',(-1.,0.));
#2440 = ( GEOMETRIC_REPRESENTATION_CONTEXT(2) 
PARAMETRIC_REPRESENTATION_CONTEXT() REPRESENTATION_CONTEXT('2D SPACE',''
  ) );
#2441 = ADVANCED_FACE('',(#2442),#1141,.F.);
#2442 = FACE_BOUND('',#2443,.T.);
#2443 = EDGE_LOOP('',(#2444,#2445,#2467,#2468,#2469));
#2444 = ORIENTED_EDGE('',*,*,#1260,.F.);
#2445 = ORIENTED_EDGE('',*,*,#2446,.T.);
#2446 = EDGE_CURVE('',#1261,#2129,#2447,.T.);
#2447 = SURFACE_CURVE('',#2448,(#2453,#2460),.PCURVE_S1.);
#2448 = CIRCLE('',#2449,5.);
#2449 = AXIS2_PLACEMENT_3D('',#2450,#2451,#2452);
#2450 = CARTESIAN_POINT('',(-7.,-11.,8.));
#2451 = DIRECTION('',(1.,-2.832769448824E-16,0.));
#2452 = DIRECTION('',(-2.832769448824E-16,-1.,0.));
#2453 = PCURVE('',#1141,#2454);
#2454 = DEFINITIONAL_REPRESENTATION('',(#2455),#2459);
#2455 = LINE('',#2456,#2457);
#2456 = CARTESIAN_POINT('',(-1.570796326795,-6.28318530718));
#2457 = VECTOR('',#2458,1.);
#2458 = DIRECTION('',(-0.,1.));
#2459 = ( GEOMETRIC_REPRESENTATION_CONTEXT(2) 
PARAMETRIC_REPRESENTATION_CONTEXT() REPRESENTATION_CONTEXT('2D SPACE',''
  ) );
#2460 = PCURVE('',#2143,#2461);
#2461 = DEFINITIONAL_REPRESENTATION('',(#2462),#2466);
#2462 = LINE('',#2463,#2464);
#2463 = CARTESIAN_POINT('',(-6.28318530718,5.));
#2464 = VECTOR('',#2465,1.);
#2465 = DIRECTION('',(1.,-0.));
#2466 = ( GEOMETRIC_REPRESENTATION_CONTEXT(2) 
PARAMETRIC_REPRESENTATION_CONTEXT() REPRESENTATION_CONTEXT('2D SPACE',''
  ) );
#2467 = ORIENTED_EDGE('',*,*,#2154,.F.);
#2468 = ORIENTED_EDGE('',*,*,#1124,.F.);
#2469 = ORIENTED_EDGE('',*,*,#2420,.F.);
#2470 = ADVANCED_FACE('',(#2471),#1331,.F.);
#2471 = FACE_BOUND('',#2472,.T.);
#2472 = EDGE_LOOP('',(#2473,#2495,#2496,#2606,#2633));
#2473 = ORIENTED_EDGE('',*,*,#2474,.F.);
#2474 = EDGE_CURVE('',#1686,#1315,#2475,.T.);
#2475 = SURFACE_CURVE('',#2476,(#2481,#2488),.PCURVE_S1.);
#2476 = CIRCLE('',#2477,5.);
#2477 = AXIS2_PLACEMENT_3D('',#2478,#2479,#2480);
#2478 = CARTESIAN_POINT('',(-7.,11.,8.));
#2479 = DIRECTION('',(1.7763568394E-16,0.,1.));
#2480 = DIRECTION('',(-1.,0.,1.7763568394E-16));
#2481 = PCURVE('',#1331,#2482);
#2482 = DEFINITIONAL_REPRESENTATION('',(#2483),#2487);
#2483 = LINE('',#2484,#2485);
#2484 = CARTESIAN_POINT('',(-0.,-6.28318530718));
#2485 = VECTOR('',#2486,1.);
#2486 = DIRECTION('',(-0.,1.));
#2487 = ( GEOMETRIC_REPRESENTATION_CONTEXT(2) 
PARAMETRIC_REPRESENTATION_CONTEXT() REPRESENTATION_CONTEXT('2D SPACE',''
  ) );
#2488 = PCURVE('',#1562,#2489);
#2489 = DEFINITIONAL_REPRESENTATION('',(#2490),#2494);
#2490 = LINE('',#2491,#2492);
#2491 = CARTESIAN_POINT('',(-6.28318530718,19.));
#2492 = VECTOR('',#2493,1.);
#2493 = DIRECTION('',(1.,-0.));
#2494 = ( GEOMETRIC_REPRESENTATION_CONTEXT(2) 
PARAMETRIC_REPRESENTATION_CONTEXT() REPRESENTATION_CONTEXT('2D SPACE',''
  ) );
#2495 = ORIENTED_EDGE('',*,*,#1685,.F.);
#2496 = ORIENTED_EDGE('',*,*,#2497,.T.);
#2497 = EDGE_CURVE('',#1663,#2498,#2500,.T.);
#2498 = VERTEX_POINT('',#2499);
#2499 = CARTESIAN_POINT('',(-7.,13.627105745132,12.254211490264));
#2500 = SURFACE_CURVE('',#2501,(#2534,#2570),.PCURVE_S1.);
#2501 = B_SPLINE_CURVE_WITH_KNOTS('',6,(#2502,#2503,#2504,#2505,#2506,
    #2507,#2508,#2509,#2510,#2511,#2512,#2513,#2514,#2515,#2516,#2517,
    #2518,#2519,#2520,#2521,#2522,#2523,#2524,#2525,#2526,#2527,#2528,
    #2529,#2530,#2531,#2532,#2533),.UNSPECIFIED.,.F.,.F.,(7,5,5,5,5,5,7)
  ,(0.,9.262309118242E-02,0.166938997079,0.283499216316,0.423934920113,
    0.605894432415,1.),.UNSPECIFIED.);
#2502 = CARTESIAN_POINT('',(-10.46410161513,14.,10.));
#2503 = CARTESIAN_POINT('',(-10.42592406719,14.,10.066125452753));
#2504 = CARTESIAN_POINT('',(-10.3869082735,13.999250365226,
    10.131329068416));
#2505 = CARTESIAN_POINT('',(-10.3470743235,13.997790433897,
    10.195582530448));
#2506 = CARTESIAN_POINT('',(-10.3064420421,13.995659918188,
    10.258859488003));
#2507 = CARTESIAN_POINT('',(-10.26503098966,13.992898904227,
    10.32113555593));
#2508 = CARTESIAN_POINT('',(-10.18902504448,13.986859143786,
    10.431534312855));
#2509 = CARTESIAN_POINT('',(-10.15470071157,13.98379054704,
    10.480021503842));
#2510 = CARTESIAN_POINT('',(-10.11989741951,13.980362925989,
    10.527838296762));
#2511 = CARTESIAN_POINT('',(-10.0846250251,13.976597133006,
    10.574973780617));
#2512 = CARTESIAN_POINT('',(-10.04889328572,13.972514008701,
    10.621417724373));
#2513 = CARTESIAN_POINT('',(-9.955963375466,13.961265189506,
    10.738905607343));
#2514 = CARTESIAN_POINT('',(-9.898108733377,13.953666466491,
    10.808925765554));
#2515 = CARTESIAN_POINT('',(-9.839185103858,13.945418743615,
    10.877184409345));
#2516 = CARTESIAN_POINT('',(-9.779229262629,13.936601553854,
    10.943648151394));
#2517 = CARTESIAN_POINT('',(-9.718277590364,13.927293432432,
    11.0082868593));
#2518 = CARTESIAN_POINT('',(-9.581772977261,13.905859105217,
    11.146721316376));
#2519 = CARTESIAN_POINT('',(-9.505786808865,13.893546085668,
    11.219680348569));
#2520 = CARTESIAN_POINT('',(-9.428470248043,13.880767873997,
    11.289903681972));
#2521 = CARTESIAN_POINT('',(-9.349886090292,13.867656411864,
    11.35734950281));
#2522 = CARTESIAN_POINT('',(-9.27009708367,13.854339302736,
    11.421980882679));
#2523 = CARTESIAN_POINT('',(-9.084304804274,13.823575478797,
    11.563818283659));
#2524 = CARTESIAN_POINT('',(-8.977526929207,13.806072114655,
    11.639091322179));
#2525 = CARTESIAN_POINT('',(-8.868968008711,13.788693809198,
    11.709514119853));
#2526 = CARTESIAN_POINT('',(-8.758766735254,13.771690705255,
    11.775026325857));
#2527 = CARTESIAN_POINT('',(-8.647064487533,13.755293217557,
    11.835576679683));
#2528 = CARTESIAN_POINT('',(-8.289130398571,13.705950489913,
    12.011427599778));
#2529 = CARTESIAN_POINT('',(-8.037881938628,13.676000756652,
    12.108258112299));
#2530 = CARTESIAN_POINT('',(-7.78174681659,13.651956213788,
    12.181157477258));
#2531 = CARTESIAN_POINT('',(-7.52228684424,13.635388064771,
    12.229861484051));
#2532 = CARTESIAN_POINT('',(-7.261134438503,13.627105745132,
    12.254211490264));
#2533 = CARTESIAN_POINT('',(-7.,13.627105745132,12.254211490264));
#2534 = PCURVE('',#1331,#2535);
#2535 = DEFINITIONAL_REPRESENTATION('',(#2536),#2569);
#2536 = B_SPLINE_CURVE_WITH_KNOTS('',6,(#2537,#2538,#2539,#2540,#2541,
    #2542,#2543,#2544,#2545,#2546,#2547,#2548,#2549,#2550,#2551,#2552,
    #2553,#2554,#2555,#2556,#2557,#2558,#2559,#2560,#2561,#2562,#2563,
    #2564,#2565,#2566,#2567,#2568),.UNSPECIFIED.,.F.,.F.,(7,5,5,5,5,5,7)
  ,(0.,9.262309118242E-02,0.166938997079,0.283499216316,0.423934920113,
    0.605894432415,1.),.UNSPECIFIED.);
#2537 = CARTESIAN_POINT('',(-0.523598775598,-0.643501108793));
#2538 = CARTESIAN_POINT('',(-0.542687549572,-0.643501108793));
#2539 = CARTESIAN_POINT('',(-0.561681526859,-0.643313686773));
#2540 = CARTESIAN_POINT('',(-0.580572491407,-0.642948717529));
#2541 = CARTESIAN_POINT('',(-0.599353431055,-0.642416299185));
#2542 = CARTESIAN_POINT('',(-0.618018537538,-0.641726753194));
#2543 = CARTESIAN_POINT('',(-0.651442475303,-0.640219758436));
#2544 = CARTESIAN_POINT('',(-0.666244200886,-0.639454504979));
#2545 = CARTESIAN_POINT('',(-0.680966016051,-0.638600292619));
#2546 = CARTESIAN_POINT('',(-0.695606011539,-0.637662556021));
#2547 = CARTESIAN_POINT('',(-0.710162736013,-0.636646735864));
#2548 = CARTESIAN_POINT('',(-0.747334416312,-0.633851096669));
#2549 = CARTESIAN_POINT('',(-0.769826234714,-0.631965166425));
#2550 = CARTESIAN_POINT('',(-0.792106992407,-0.629921567531));
#2551 = CARTESIAN_POINT('',(-0.814175221057,-0.627740976356));
#2552 = CARTESIAN_POINT('',(-0.836031642859,-0.625443666212));
#2553 = CARTESIAN_POINT('',(-0.883760845781,-0.62016494359));
#2554 = CARTESIAN_POINT('',(-0.909539091433,-0.617139735304));
#2555 = CARTESIAN_POINT('',(-0.935018735575,-0.614008417167));
#2556 = CARTESIAN_POINT('',(-0.96020811897,-0.610804233495));
#2557 = CARTESIAN_POINT('',(-0.985118335657,-0.607558814423));
#2558 = CARTESIAN_POINT('',(-1.041693351428,-0.600081876234));
#2559 = CARTESIAN_POINT('',(-1.07317729084,-0.595842552422));
#2560 = CARTESIAN_POINT('',(-1.104242928245,-0.591648519031));
#2561 = CARTESIAN_POINT('',(-1.134923319171,-0.587559117833));
#2562 = CARTESIAN_POINT('',(-1.16525418353,-0.583627786789));
#2563 = CARTESIAN_POINT('',(-1.260287977443,-0.571830597211));
#2564 = CARTESIAN_POINT('',(-1.323837964419,-0.564721177338));
#2565 = CARTESIAN_POINT('',(-1.386288960128,-0.559051245554));
#2566 = CARTESIAN_POINT('',(-1.448027145332,-0.555156916682));
#2567 = CARTESIAN_POINT('',(-1.509413755876,-0.55321001644));
#2568 = CARTESIAN_POINT('',(-1.570796326795,-0.55321001644));
#2569 = ( GEOMETRIC_REPRESENTATION_CONTEXT(2) 
PARAMETRIC_REPRESENTATION_CONTEXT() REPRESENTATION_CONTEXT('2D SPACE',''
  ) );
#2570 = PCURVE('',#1596,#2571);
#2571 = DEFINITIONAL_REPRESENTATION('',(#2572),#2605);
#2572 = B_SPLINE_CURVE_WITH_KNOTS('',6,(#2573,#2574,#2575,#2576,#2577,
    #2578,#2579,#2580,#2581,#2582,#2583,#2584,#2585,#2586,#2587,#2588,
    #2589,#2590,#2591,#2592,#2593,#2594,#2595,#2596,#2597,#2598,#2599,
    #2600,#2601,#2602,#2603,#2604),.UNSPECIFIED.,.F.,.F.,(7,5,5,5,5,5,7)
  ,(0.,9.262309118242E-02,0.166938997079,0.283499216316,0.423934920113,
    0.605894432415,1.),.UNSPECIFIED.);
#2573 = CARTESIAN_POINT('',(0.,8.535898384862));
#2574 = CARTESIAN_POINT('',(9.446493250481E-03,8.57407593281));
#2575 = CARTESIAN_POINT('',(1.876129686437E-02,8.613091726498));
#2576 = CARTESIAN_POINT('',(2.79418790083E-02,8.652925676493));
#2577 = CARTESIAN_POINT('',(3.69857831187E-02,8.693557957893));
#2578 = CARTESIAN_POINT('',(4.589062790183E-02,8.734969010332));
#2579 = CARTESIAN_POINT('',(6.168546317038E-02,8.810974955516));
#2580 = CARTESIAN_POINT('',(6.862580950721E-02,8.845299288423));
#2581 = CARTESIAN_POINT('',(7.547395387482E-02,8.880102580485));
#2582 = CARTESIAN_POINT('',(8.222872310918E-02,8.9153749749));
#2583 = CARTESIAN_POINT('',(8.888896335174E-02,8.951106714276));
#2584 = CARTESIAN_POINT('',(0.105749700607,9.044036624534));
#2585 = CARTESIAN_POINT('',(0.115810513719,9.101891266623));
#2586 = CARTESIAN_POINT('',(0.125631612531,9.160814896142));
#2587 = CARTESIAN_POINT('',(0.135208696829,9.220770737371));
#2588 = CARTESIAN_POINT('',(0.144537533038,9.281722409636));
#2589 = CARTESIAN_POINT('',(0.164549534176,9.418227022739));
#2590 = CARTESIAN_POINT('',(0.175118666517,9.494213191135));
#2591 = CARTESIAN_POINT('',(0.185314110631,9.571529751957));
#2592 = CARTESIAN_POINT('',(0.195128640839,9.650113909708));
#2593 = CARTESIAN_POINT('',(0.204555146574,9.72990291633));
#2594 = CARTESIAN_POINT('',(0.225288763751,9.915695195726));
#2595 = CARTESIAN_POINT('',(0.236327724991,10.022473070793));
#2596 = CARTESIAN_POINT('',(0.246688638298,10.131031991289));
#2597 = CARTESIAN_POINT('',(0.256356748896,10.241233264746));
#2598 = CARTESIAN_POINT('',(0.265318000557,10.352935512467));
#2599 = CARTESIAN_POINT('',(0.291409773781,10.710869601429));
#2600 = CARTESIAN_POINT('',(0.305884198461,10.962118061372));
#2601 = CARTESIAN_POINT('',(0.316849490714,11.21825318341));
#2602 = CARTESIAN_POINT('',(0.324198897501,11.47771315576));
#2603 = CARTESIAN_POINT('',(0.327873156384,11.738865561497));
#2604 = CARTESIAN_POINT('',(0.327873156384,12.));
#2605 = ( GEOMETRIC_REPRESENTATION_CONTEXT(2) 
PARAMETRIC_REPRESENTATION_CONTEXT() REPRESENTATION_CONTEXT('2D SPACE',''
  ) );
#2606 = ORIENTED_EDGE('',*,*,#2607,.T.);
#2607 = EDGE_CURVE('',#2498,#1287,#2608,.T.);
#2608 = SURFACE_CURVE('',#2609,(#2614,#2621),.PCURVE_S1.);
#2609 = CIRCLE('',#2610,5.);
#2610 = AXIS2_PLACEMENT_3D('',#2611,#2612,#2613);
#2611 = CARTESIAN_POINT('',(-7.,11.,8.));
#2612 = DIRECTION('',(1.,0.,1.056412609424E-16));
#2613 = DIRECTION('',(-1.056412609424E-16,0.,1.));
#2614 = PCURVE('',#1331,#2615);
#2615 = DEFINITIONAL_REPRESENTATION('',(#2616),#2620);
#2616 = LINE('',#2617,#2618);
#2617 = CARTESIAN_POINT('',(-1.570796326795,-6.28318530718));
#2618 = VECTOR('',#2619,1.);
#2619 = DIRECTION('',(-0.,1.));
#2620 = ( GEOMETRIC_REPRESENTATION_CONTEXT(2) 
PARAMETRIC_REPRESENTATION_CONTEXT() REPRESENTATION_CONTEXT('2D SPACE',''
  ) );
#2621 = PCURVE('',#2622,#2627);
#2622 = CYLINDRICAL_SURFACE('',#2623,5.);
#2623 = AXIS2_PLACEMENT_3D('',#2624,#2625,#2626);
#2624 = CARTESIAN_POINT('',(-12.,11.,8.));
#2625 = DIRECTION('',(1.,0.,0.));
#2626 = DIRECTION('',(-0.,1.,0.));
#2627 = DEFINITIONAL_REPRESENTATION('',(#2628),#2632);
#2628 = LINE('',#2629,#2630);
#2629 = CARTESIAN_POINT('',(-4.712388980385,5.));
#2630 = VECTOR('',#2631,1.);
#2631 = DIRECTION('',(1.,0.));
#2632 = ( GEOMETRIC_REPRESENTATION_CONTEXT(2) 
PARAMETRIC_REPRESENTATION_CONTEXT() REPRESENTATION_CONTEXT('2D SPACE',''
  ) );
#2633 = ORIENTED_EDGE('',*,*,#1314,.F.);
#2634 = ADVANCED_FACE('',(#2635),#1302,.F.);
#2635 = FACE_BOUND('',#2636,.F.);
#2636 = EDGE_LOOP('',(#2637,#2638,#2661,#2689));
#2637 = ORIENTED_EDGE('',*,*,#1286,.F.);
#2638 = ORIENTED_EDGE('',*,*,#2639,.T.);
#2639 = EDGE_CURVE('',#1261,#2640,#2642,.T.);
#2640 = VERTEX_POINT('',#2641);
#2641 = CARTESIAN_POINT('',(7.,-11.,13.));
#2642 = SURFACE_CURVE('',#2643,(#2647,#2654),.PCURVE_S1.);
#2643 = LINE('',#2644,#2645);
#2644 = CARTESIAN_POINT('',(-12.,-11.,13.));
#2645 = VECTOR('',#2646,1.);
#2646 = DIRECTION('',(1.,0.,0.));
#2647 = PCURVE('',#1302,#2648);
#2648 = DEFINITIONAL_REPRESENTATION('',(#2649),#2653);
#2649 = LINE('',#2650,#2651);
#2650 = CARTESIAN_POINT('',(0.,5.));
#2651 = VECTOR('',#2652,1.);
#2652 = DIRECTION('',(1.,0.));
#2653 = ( GEOMETRIC_REPRESENTATION_CONTEXT(2) 
PARAMETRIC_REPRESENTATION_CONTEXT() REPRESENTATION_CONTEXT('2D SPACE',''
  ) );
#2654 = PCURVE('',#2143,#2655);
#2655 = DEFINITIONAL_REPRESENTATION('',(#2656),#2660);
#2656 = LINE('',#2657,#2658);
#2657 = CARTESIAN_POINT('',(-1.570796326795,0.));
#2658 = VECTOR('',#2659,1.);
#2659 = DIRECTION('',(-0.,1.));
#2660 = ( GEOMETRIC_REPRESENTATION_CONTEXT(2) 
PARAMETRIC_REPRESENTATION_CONTEXT() REPRESENTATION_CONTEXT('2D SPACE',''
  ) );
#2661 = ORIENTED_EDGE('',*,*,#2662,.T.);
#2662 = EDGE_CURVE('',#2640,#2663,#2665,.T.);
#2663 = VERTEX_POINT('',#2664);
#2664 = CARTESIAN_POINT('',(7.,11.,13.));
#2665 = SURFACE_CURVE('',#2666,(#2670,#2677),.PCURVE_S1.);
#2666 = LINE('',#2667,#2668);
#2667 = CARTESIAN_POINT('',(7.,-16.,13.));
#2668 = VECTOR('',#2669,1.);
#2669 = DIRECTION('',(0.,1.,0.));
#2670 = PCURVE('',#1302,#2671);
#2671 = DEFINITIONAL_REPRESENTATION('',(#2672),#2676);
#2672 = LINE('',#2673,#2674);
#2673 = CARTESIAN_POINT('',(19.,0.));
#2674 = VECTOR('',#2675,1.);
#2675 = DIRECTION('',(0.,1.));
#2676 = ( GEOMETRIC_REPRESENTATION_CONTEXT(2) 
PARAMETRIC_REPRESENTATION_CONTEXT() REPRESENTATION_CONTEXT('2D SPACE',''
  ) );
#2677 = PCURVE('',#2678,#2683);
#2678 = CYLINDRICAL_SURFACE('',#2679,5.);
#2679 = AXIS2_PLACEMENT_3D('',#2680,#2681,#2682);
#2680 = CARTESIAN_POINT('',(7.,-16.,8.));
#2681 = DIRECTION('',(0.,1.,0.));
#2682 = DIRECTION('',(1.,0.,-0.));
#2683 = DEFINITIONAL_REPRESENTATION('',(#2684),#2688);
#2684 = LINE('',#2685,#2686);
#2685 = CARTESIAN_POINT('',(-1.570796326795,0.));
#2686 = VECTOR('',#2687,1.);
#2687 = DIRECTION('',(-0.,1.));
#2688 = ( GEOMETRIC_REPRESENTATION_CONTEXT(2) 
PARAMETRIC_REPRESENTATION_CONTEXT() REPRESENTATION_CONTEXT('2D SPACE',''
  ) );
#2689 = ORIENTED_EDGE('',*,*,#2690,.F.);
#2690 = EDGE_CURVE('',#1287,#2663,#2691,.T.);
#2691 = SURFACE_CURVE('',#2692,(#2696,#2703),.PCURVE_S1.);
#2692 = LINE('',#2693,#2694);
#2693 = CARTESIAN_POINT('',(-12.,11.,13.));
#2694 = VECTOR('',#2695,1.);
#2695 = DIRECTION('',(1.,0.,0.));
#2696 = PCURVE('',#1302,#2697);
#2697 = DEFINITIONAL_REPRESENTATION('',(#2698),#2702);
#2698 = LINE('',#2699,#2700);
#2699 = CARTESIAN_POINT('',(0.,27.));
#2700 = VECTOR('',#2701,1.);
#2701 = DIRECTION('',(1.,0.));
#2702 = ( GEOMETRIC_REPRESENTATION_CONTEXT(2) 
PARAMETRIC_REPRESENTATION_CONTEXT() REPRESENTATION_CONTEXT('2D SPACE',''
  ) );
#2703 = PCURVE('',#2622,#2704);
#2704 = DEFINITIONAL_REPRESENTATION('',(#2705),#2709);
#2705 = LINE('',#2706,#2707);
#2706 = CARTESIAN_POINT('',(1.570796326795,0.));
#2707 = VECTOR('',#2708,1.);
#2708 = DIRECTION('',(0.,1.));
#2709 = ( GEOMETRIC_REPRESENTATION_CONTEXT(2) 
PARAMETRIC_REPRESENTATION_CONTEXT() REPRESENTATION_CONTEXT('2D SPACE',''
  ) );
#2710 = ADVANCED_FACE('',(#2711),#1508,.F.);
#2711 = FACE_BOUND('',#2712,.T.);
#2712 = EDGE_LOOP('',(#2713,#2714,#2741,#2742));
#2713 = ORIENTED_EDGE('',*,*,#1491,.F.);
#2714 = ORIENTED_EDGE('',*,*,#2715,.T.);
#2715 = EDGE_CURVE('',#1464,#1634,#2716,.T.);
#2716 = SURFACE_CURVE('',#2717,(#2722,#2729),.PCURVE_S1.);
#2717 = CIRCLE('',#2718,5.);
#2718 = AXIS2_PLACEMENT_3D('',#2719,#2720,#2721);
#2719 = CARTESIAN_POINT('',(-7.,11.,-6.));
#2720 = DIRECTION('',(1.,2.832769448824E-16,-0.));
#2721 = DIRECTION('',(-2.832769448824E-16,1.,0.));
#2722 = PCURVE('',#1508,#2723);
#2723 = DEFINITIONAL_REPRESENTATION('',(#2724),#2728);
#2724 = LINE('',#2725,#2726);
#2725 = CARTESIAN_POINT('',(-1.570796326795,-6.28318530718));
#2726 = VECTOR('',#2727,1.);
#2727 = DIRECTION('',(-0.,1.));
#2728 = ( GEOMETRIC_REPRESENTATION_CONTEXT(2) 
PARAMETRIC_REPRESENTATION_CONTEXT() REPRESENTATION_CONTEXT('2D SPACE',''
  ) );
#2729 = PCURVE('',#2730,#2735);
#2730 = CYLINDRICAL_SURFACE('',#2731,5.);
#2731 = AXIS2_PLACEMENT_3D('',#2732,#2733,#2734);
#2732 = CARTESIAN_POINT('',(-12.,11.,-6.));
#2733 = DIRECTION('',(1.,0.,0.));
#2734 = DIRECTION('',(-0.,1.,0.));
#2735 = DEFINITIONAL_REPRESENTATION('',(#2736),#2740);
#2736 = LINE('',#2737,#2738);
#2737 = CARTESIAN_POINT('',(-6.28318530718,5.));
#2738 = VECTOR('',#2739,1.);
#2739 = DIRECTION('',(1.,-0.));
#2740 = ( GEOMETRIC_REPRESENTATION_CONTEXT(2) 
PARAMETRIC_REPRESENTATION_CONTEXT() REPRESENTATION_CONTEXT('2D SPACE',''
  ) );
#2741 = ORIENTED_EDGE('',*,*,#1734,.T.);
#2742 = ORIENTED_EDGE('',*,*,#2743,.F.);
#2743 = EDGE_CURVE('',#1492,#1714,#2744,.T.);
#2744 = SURFACE_CURVE('',#2745,(#2750,#2757),.PCURVE_S1.);
#2745 = CIRCLE('',#2746,5.);
#2746 = AXIS2_PLACEMENT_3D('',#2747,#2748,#2749);
#2747 = CARTESIAN_POINT('',(-7.,11.,-6.));
#2748 = DIRECTION('',(-0.,0.,-1.));
#2749 = DIRECTION('',(-1.,0.,0.));
#2750 = PCURVE('',#1508,#2751);
#2751 = DEFINITIONAL_REPRESENTATION('',(#2752),#2756);
#2752 = LINE('',#2753,#2754);
#2753 = CARTESIAN_POINT('',(-0.,0.));
#2754 = VECTOR('',#2755,1.);
#2755 = DIRECTION('',(-1.,0.));
#2756 = ( GEOMETRIC_REPRESENTATION_CONTEXT(2) 
PARAMETRIC_REPRESENTATION_CONTEXT() REPRESENTATION_CONTEXT('2D SPACE',''
  ) );
#2757 = PCURVE('',#1562,#2758);
#2758 = DEFINITIONAL_REPRESENTATION('',(#2759),#2763);
#2759 = LINE('',#2760,#2761);
#2760 = CARTESIAN_POINT('',(-0.,5.));
#2761 = VECTOR('',#2762,1.);
#2762 = DIRECTION('',(-1.,0.));
#2763 = ( GEOMETRIC_REPRESENTATION_CONTEXT(2) 
PARAMETRIC_REPRESENTATION_CONTEXT() REPRESENTATION_CONTEXT('2D SPACE',''
  ) );
#2764 = ADVANCED_FACE('',(#2765),#1479,.T.);
#2765 = FACE_BOUND('',#2766,.T.);
#2766 = EDGE_LOOP('',(#2767,#2768,#2791,#2819));
#2767 = ORIENTED_EDGE('',*,*,#1463,.F.);
#2768 = ORIENTED_EDGE('',*,*,#2769,.T.);
#2769 = EDGE_CURVE('',#1440,#2770,#2772,.T.);
#2770 = VERTEX_POINT('',#2771);
#2771 = CARTESIAN_POINT('',(7.,-11.,-11.));
#2772 = SURFACE_CURVE('',#2773,(#2777,#2784),.PCURVE_S1.);
#2773 = LINE('',#2774,#2775);
#2774 = CARTESIAN_POINT('',(-12.,-11.,-11.));
#2775 = VECTOR('',#2776,1.);
#2776 = DIRECTION('',(1.,0.,0.));
#2777 = PCURVE('',#1479,#2778);
#2778 = DEFINITIONAL_REPRESENTATION('',(#2779),#2783);
#2779 = LINE('',#2780,#2781);
#2780 = CARTESIAN_POINT('',(0.,5.));
#2781 = VECTOR('',#2782,1.);
#2782 = DIRECTION('',(1.,0.));
#2783 = ( GEOMETRIC_REPRESENTATION_CONTEXT(2) 
PARAMETRIC_REPRESENTATION_CONTEXT() REPRESENTATION_CONTEXT('2D SPACE',''
  ) );
#2784 = PCURVE('',#2352,#2785);
#2785 = DEFINITIONAL_REPRESENTATION('',(#2786),#2790);
#2786 = LINE('',#2787,#2788);
#2787 = CARTESIAN_POINT('',(1.570796326795,0.));
#2788 = VECTOR('',#2789,1.);
#2789 = DIRECTION('',(0.,1.));
#2790 = ( GEOMETRIC_REPRESENTATION_CONTEXT(2) 
PARAMETRIC_REPRESENTATION_CONTEXT() REPRESENTATION_CONTEXT('2D SPACE',''
  ) );
#2791 = ORIENTED_EDGE('',*,*,#2792,.T.);
#2792 = EDGE_CURVE('',#2770,#2793,#2795,.T.);
#2793 = VERTEX_POINT('',#2794);
#2794 = CARTESIAN_POINT('',(7.,11.,-11.));
#2795 = SURFACE_CURVE('',#2796,(#2800,#2807),.PCURVE_S1.);
#2796 = LINE('',#2797,#2798);
#2797 = CARTESIAN_POINT('',(7.,-16.,-11.));
#2798 = VECTOR('',#2799,1.);
#2799 = DIRECTION('',(0.,1.,0.));
#2800 = PCURVE('',#1479,#2801);
#2801 = DEFINITIONAL_REPRESENTATION('',(#2802),#2806);
#2802 = LINE('',#2803,#2804);
#2803 = CARTESIAN_POINT('',(19.,0.));
#2804 = VECTOR('',#2805,1.);
#2805 = DIRECTION('',(0.,1.));
#2806 = ( GEOMETRIC_REPRESENTATION_CONTEXT(2) 
PARAMETRIC_REPRESENTATION_CONTEXT() REPRESENTATION_CONTEXT('2D SPACE',''
  ) );
#2807 = PCURVE('',#2808,#2813);
#2808 = CYLINDRICAL_SURFACE('',#2809,5.);
#2809 = AXIS2_PLACEMENT_3D('',#2810,#2811,#2812);
#2810 = CARTESIAN_POINT('',(7.,-16.,-6.));
#2811 = DIRECTION('',(0.,1.,0.));
#2812 = DIRECTION('',(1.,0.,-0.));
#2813 = DEFINITIONAL_REPRESENTATION('',(#2814),#2818);
#2814 = LINE('',#2815,#2816);
#2815 = CARTESIAN_POINT('',(1.570796326795,0.));
#2816 = VECTOR('',#2817,1.);
#2817 = DIRECTION('',(0.,1.));
#2818 = ( GEOMETRIC_REPRESENTATION_CONTEXT(2) 
PARAMETRIC_REPRESENTATION_CONTEXT() REPRESENTATION_CONTEXT('2D SPACE',''
  ) );
#2819 = ORIENTED_EDGE('',*,*,#2820,.F.);
#2820 = EDGE_CURVE('',#1464,#2793,#2821,.T.);
#2821 = SURFACE_CURVE('',#2822,(#2826,#2833),.PCURVE_S1.);
#2822 = LINE('',#2823,#2824);
#2823 = CARTESIAN_POINT('',(-12.,11.,-11.));
#2824 = VECTOR('',#2825,1.);
#2825 = DIRECTION('',(1.,0.,0.));
#2826 = PCURVE('',#1479,#2827);
#2827 = DEFINITIONAL_REPRESENTATION('',(#2828),#2832);
#2828 = LINE('',#2829,#2830);
#2829 = CARTESIAN_POINT('',(0.,27.));
#2830 = VECTOR('',#2831,1.);
#2831 = DIRECTION('',(1.,0.));
#2832 = ( GEOMETRIC_REPRESENTATION_CONTEXT(2) 
PARAMETRIC_REPRESENTATION_CONTEXT() REPRESENTATION_CONTEXT('2D SPACE',''
  ) );
#2833 = PCURVE('',#2730,#2834);
#2834 = DEFINITIONAL_REPRESENTATION('',(#2835),#2839);
#2835 = LINE('',#2836,#2837);
#2836 = CARTESIAN_POINT('',(-1.570796326795,0.));
#2837 = VECTOR('',#2838,1.);
#2838 = DIRECTION('',(-0.,1.));
#2839 = ( GEOMETRIC_REPRESENTATION_CONTEXT(2) 
PARAMETRIC_REPRESENTATION_CONTEXT() REPRESENTATION_CONTEXT('2D SPACE',''
  ) );
#2840 = ADVANCED_FACE('',(#2841),#1562,.F.);
#2841 = FACE_BOUND('',#2842,.T.);
#2842 = EDGE_LOOP('',(#2843,#2844,#2845,#2846));
#2843 = ORIENTED_EDGE('',*,*,#1548,.F.);
#2844 = ORIENTED_EDGE('',*,*,#2743,.T.);
#2845 = ORIENTED_EDGE('',*,*,#1713,.T.);
#2846 = ORIENTED_EDGE('',*,*,#2474,.T.);
#2847 = ADVANCED_FACE('',(#2848),#1596,.T.);
#2848 = FACE_BOUND('',#2849,.T.);
#2849 = EDGE_LOOP('',(#2850,#2851,#2852,#2875,#2904,#2932,#3047,#3066));
#2850 = ORIENTED_EDGE('',*,*,#1662,.F.);
#2851 = ORIENTED_EDGE('',*,*,#1579,.T.);
#2852 = ORIENTED_EDGE('',*,*,#2853,.T.);
#2853 = EDGE_CURVE('',#1580,#2854,#2856,.T.);
#2854 = VERTEX_POINT('',#2855);
#2855 = CARTESIAN_POINT('',(12.,7.,17.));
#2856 = SURFACE_CURVE('',#2857,(#2861,#2868),.PCURVE_S1.);
#2857 = LINE('',#2858,#2859);
#2858 = CARTESIAN_POINT('',(-19.,7.,17.));
#2859 = VECTOR('',#2860,1.);
#2860 = DIRECTION('',(1.,0.,0.));
#2861 = PCURVE('',#1596,#2862);
#2862 = DEFINITIONAL_REPRESENTATION('',(#2863),#2867);
#2863 = LINE('',#2864,#2865);
#2864 = CARTESIAN_POINT('',(1.570796326795,0.));
#2865 = VECTOR('',#2866,1.);
#2866 = DIRECTION('',(0.,1.));
#2867 = ( GEOMETRIC_REPRESENTATION_CONTEXT(2) 
PARAMETRIC_REPRESENTATION_CONTEXT() REPRESENTATION_CONTEXT('2D SPACE',''
  ) );
#2868 = PCURVE('',#1897,#2869);
#2869 = DEFINITIONAL_REPRESENTATION('',(#2870),#2874);
#2870 = LINE('',#2871,#2872);
#2871 = CARTESIAN_POINT('',(0.,21.));
#2872 = VECTOR('',#2873,1.);
#2873 = DIRECTION('',(1.,0.));
#2874 = ( GEOMETRIC_REPRESENTATION_CONTEXT(2) 
PARAMETRIC_REPRESENTATION_CONTEXT() REPRESENTATION_CONTEXT('2D SPACE',''
  ) );
#2875 = ORIENTED_EDGE('',*,*,#2876,.F.);
#2876 = EDGE_CURVE('',#2877,#2854,#2879,.T.);
#2877 = VERTEX_POINT('',#2878);
#2878 = CARTESIAN_POINT('',(12.,14.,10.));
#2879 = SURFACE_CURVE('',#2880,(#2885,#2892),.PCURVE_S1.);
#2880 = CIRCLE('',#2881,7.);
#2881 = AXIS2_PLACEMENT_3D('',#2882,#2883,#2884);
#2882 = CARTESIAN_POINT('',(12.,7.,10.));
#2883 = DIRECTION('',(1.,0.,-6.123233995737E-17));
#2884 = DIRECTION('',(6.123233995737E-17,0.,1.));
#2885 = PCURVE('',#1596,#2886);
#2886 = DEFINITIONAL_REPRESENTATION('',(#2887),#2891);
#2887 = LINE('',#2888,#2889);
#2888 = CARTESIAN_POINT('',(-4.712388980385,31.));
#2889 = VECTOR('',#2890,1.);
#2890 = DIRECTION('',(1.,0.));
#2891 = ( GEOMETRIC_REPRESENTATION_CONTEXT(2) 
PARAMETRIC_REPRESENTATION_CONTEXT() REPRESENTATION_CONTEXT('2D SPACE',''
  ) );
#2892 = PCURVE('',#2893,#2898);
#2893 = SPHERICAL_SURFACE('',#2894,7.);
#2894 = AXIS2_PLACEMENT_3D('',#2895,#2896,#2897);
#2895 = CARTESIAN_POINT('',(12.,7.,10.));
#2896 = DIRECTION('',(-0.,-1.,-0.));
#2897 = DIRECTION('',(1.,-0.,0.));
#2898 = DEFINITIONAL_REPRESENTATION('',(#2899),#2903);
#2899 = LINE('',#2900,#2901);
#2900 = CARTESIAN_POINT('',(1.570796326795,-6.28318530718));
#2901 = VECTOR('',#2902,1.);
#2902 = DIRECTION('',(0.,1.));
#2903 = ( GEOMETRIC_REPRESENTATION_CONTEXT(2) 
PARAMETRIC_REPRESENTATION_CONTEXT() REPRESENTATION_CONTEXT('2D SPACE',''
  ) );
#2904 = ORIENTED_EDGE('',*,*,#2905,.F.);
#2905 = EDGE_CURVE('',#2906,#2877,#2908,.T.);
#2906 = VERTEX_POINT('',#2907);
#2907 = CARTESIAN_POINT('',(10.464101615138,14.,10.));
#2908 = SURFACE_CURVE('',#2909,(#2913,#2920),.PCURVE_S1.);
#2909 = LINE('',#2910,#2911);
#2910 = CARTESIAN_POINT('',(-19.,14.,10.));
#2911 = VECTOR('',#2912,1.);
#2912 = DIRECTION('',(1.,0.,0.));
#2913 = PCURVE('',#1596,#2914);
#2914 = DEFINITIONAL_REPRESENTATION('',(#2915),#2919);
#2915 = LINE('',#2916,#2917);
#2916 = CARTESIAN_POINT('',(0.,0.));
#2917 = VECTOR('',#2918,1.);
#2918 = DIRECTION('',(0.,1.));
#2919 = ( GEOMETRIC_REPRESENTATION_CONTEXT(2) 
PARAMETRIC_REPRESENTATION_CONTEXT() REPRESENTATION_CONTEXT('2D SPACE',''
  ) );
#2920 = PCURVE('',#2921,#2926);
#2921 = PLANE('',#2922);
#2922 = AXIS2_PLACEMENT_3D('',#2923,#2924,#2925);
#2923 = CARTESIAN_POINT('',(-19.,14.,-17.));
#2924 = DIRECTION('',(0.,1.,0.));
#2925 = DIRECTION('',(0.,0.,1.));
#2926 = DEFINITIONAL_REPRESENTATION('',(#2927),#2931);
#2927 = LINE('',#2928,#2929);
#2928 = CARTESIAN_POINT('',(27.,0.));
#2929 = VECTOR('',#2930,1.);
#2930 = DIRECTION('',(0.,1.));
#2931 = ( GEOMETRIC_REPRESENTATION_CONTEXT(2) 
PARAMETRIC_REPRESENTATION_CONTEXT() REPRESENTATION_CONTEXT('2D SPACE',''
  ) );
#2932 = ORIENTED_EDGE('',*,*,#2933,.T.);
#2933 = EDGE_CURVE('',#2906,#2934,#2936,.T.);
#2934 = VERTEX_POINT('',#2935);
#2935 = CARTESIAN_POINT('',(7.,13.627105745132,12.254211490264));
#2936 = SURFACE_CURVE('',#2937,(#2970,#3006),.PCURVE_S1.);
#2937 = B_SPLINE_CURVE_WITH_KNOTS('',6,(#2938,#2939,#2940,#2941,#2942,
    #2943,#2944,#2945,#2946,#2947,#2948,#2949,#2950,#2951,#2952,#2953,
    #2954,#2955,#2956,#2957,#2958,#2959,#2960,#2961,#2962,#2963,#2964,
    #2965,#2966,#2967,#2968,#2969),.UNSPECIFIED.,.F.,.F.,(7,5,5,5,5,5,7)
  ,(0.,9.26230911824E-02,0.166938997079,0.283499216316,0.423934920113,
    0.605894432415,1.),.UNSPECIFIED.);
#2938 = CARTESIAN_POINT('',(10.464101615138,14.,10.));
#2939 = CARTESIAN_POINT('',(10.42592406719,14.,10.066125452753));
#2940 = CARTESIAN_POINT('',(10.386908273502,13.999250365226,
    10.131329068416));
#2941 = CARTESIAN_POINT('',(10.347074323507,13.997790433897,
    10.195582530448));
#2942 = CARTESIAN_POINT('',(10.306442042107,13.995659918188,
    10.258859488003));
#2943 = CARTESIAN_POINT('',(10.265030989668,13.992898904227,
    10.32113555593));
#2944 = CARTESIAN_POINT('',(10.189025044484,13.986859143786,
    10.431534312855));
#2945 = CARTESIAN_POINT('',(10.154700711577,13.98379054704,
    10.480021503842));
#2946 = CARTESIAN_POINT('',(10.119897419515,13.980362925989,
    10.527838296762));
#2947 = CARTESIAN_POINT('',(10.0846250251,13.976597133006,
    10.574973780617));
#2948 = CARTESIAN_POINT('',(10.048893285724,13.972514008701,
    10.621417724373));
#2949 = CARTESIAN_POINT('',(9.955963375466,13.961265189506,
    10.738905607343));
#2950 = CARTESIAN_POINT('',(9.898108733377,13.953666466491,
    10.808925765554));
#2951 = CARTESIAN_POINT('',(9.839185103858,13.945418743615,
    10.877184409345));
#2952 = CARTESIAN_POINT('',(9.779229262629,13.936601553854,
    10.943648151394));
#2953 = CARTESIAN_POINT('',(9.718277590364,13.927293432432,11.0082868593
    ));
#2954 = CARTESIAN_POINT('',(9.581772977261,13.905859105217,
    11.146721316376));
#2955 = CARTESIAN_POINT('',(9.505786808865,13.893546085668,
    11.219680348569));
#2956 = CARTESIAN_POINT('',(9.428470248043,13.880767873997,
    11.289903681972));
#2957 = CARTESIAN_POINT('',(9.349886090292,13.867656411864,
    11.35734950281));
#2958 = CARTESIAN_POINT('',(9.27009708367,13.854339302736,
    11.421980882679));
#2959 = CARTESIAN_POINT('',(9.084304804274,13.823575478797,
    11.563818283659));
#2960 = CARTESIAN_POINT('',(8.977526929207,13.806072114655,
    11.639091322179));
#2961 = CARTESIAN_POINT('',(8.868968008711,13.788693809198,
    11.709514119853));
#2962 = CARTESIAN_POINT('',(8.758766735254,13.771690705255,
    11.775026325857));
#2963 = CARTESIAN_POINT('',(8.647064487533,13.755293217557,
    11.835576679683));
#2964 = CARTESIAN_POINT('',(8.289130398571,13.705950489913,
    12.011427599778));
#2965 = CARTESIAN_POINT('',(8.037881938628,13.676000756651,12.1082581123
    ));
#2966 = CARTESIAN_POINT('',(7.781746816591,13.651956213789,
    12.181157477258));
#2967 = CARTESIAN_POINT('',(7.522286844239,13.635388064771,
    12.229861484051));
#2968 = CARTESIAN_POINT('',(7.261134438503,13.627105745132,
    12.254211490264));
#2969 = CARTESIAN_POINT('',(7.,13.627105745132,12.254211490264));
#2970 = PCURVE('',#1596,#2971);
#2971 = DEFINITIONAL_REPRESENTATION('',(#2972),#3005);
#2972 = B_SPLINE_CURVE_WITH_KNOTS('',6,(#2973,#2974,#2975,#2976,#2977,
    #2978,#2979,#2980,#2981,#2982,#2983,#2984,#2985,#2986,#2987,#2988,
    #2989,#2990,#2991,#2992,#2993,#2994,#2995,#2996,#2997,#2998,#2999,
    #3000,#3001,#3002,#3003,#3004),.UNSPECIFIED.,.F.,.F.,(7,5,5,5,5,5,7)
  ,(0.,9.26230911824E-02,0.166938997079,0.283499216316,0.423934920113,
    0.605894432415,1.),.UNSPECIFIED.);
#2973 = CARTESIAN_POINT('',(0.,29.464101615138));
#2974 = CARTESIAN_POINT('',(9.44649325048E-03,29.42592406719));
#2975 = CARTESIAN_POINT('',(1.876129686437E-02,29.386908273502));
#2976 = CARTESIAN_POINT('',(2.79418790083E-02,29.347074323507));
#2977 = CARTESIAN_POINT('',(3.69857831187E-02,29.306442042107));
#2978 = CARTESIAN_POINT('',(4.589062790183E-02,29.265030989668));
#2979 = CARTESIAN_POINT('',(6.168546317039E-02,29.189025044484));
#2980 = CARTESIAN_POINT('',(6.862580950721E-02,29.154700711577));
#2981 = CARTESIAN_POINT('',(7.547395387482E-02,29.119897419515));
#2982 = CARTESIAN_POINT('',(8.222872310918E-02,29.0846250251));
#2983 = CARTESIAN_POINT('',(8.888896335174E-02,29.048893285724));
#2984 = CARTESIAN_POINT('',(0.105749700607,28.955963375466));
#2985 = CARTESIAN_POINT('',(0.115810513719,28.898108733377));
#2986 = CARTESIAN_POINT('',(0.125631612531,28.839185103858));
#2987 = CARTESIAN_POINT('',(0.135208696829,28.779229262629));
#2988 = CARTESIAN_POINT('',(0.144537533038,28.718277590364));
#2989 = CARTESIAN_POINT('',(0.164549534176,28.581772977261));
#2990 = CARTESIAN_POINT('',(0.175118666517,28.505786808865));
#2991 = CARTESIAN_POINT('',(0.185314110631,28.428470248043));
#2992 = CARTESIAN_POINT('',(0.195128640839,28.349886090292));
#2993 = CARTESIAN_POINT('',(0.204555146574,28.27009708367));
#2994 = CARTESIAN_POINT('',(0.225288763751,28.084304804274));
#2995 = CARTESIAN_POINT('',(0.236327724991,27.977526929207));
#2996 = CARTESIAN_POINT('',(0.246688638298,27.868968008711));
#2997 = CARTESIAN_POINT('',(0.256356748896,27.758766735254));
#2998 = CARTESIAN_POINT('',(0.265318000557,27.647064487533));
#2999 = CARTESIAN_POINT('',(0.291409773781,27.289130398571));
#3000 = CARTESIAN_POINT('',(0.305884198461,27.037881938627));
#3001 = CARTESIAN_POINT('',(0.316849490714,26.781746816591));
#3002 = CARTESIAN_POINT('',(0.324198897501,26.522286844239));
#3003 = CARTESIAN_POINT('',(0.327873156384,26.261134438503));
#3004 = CARTESIAN_POINT('',(0.327873156384,26.));
#3005 = ( GEOMETRIC_REPRESENTATION_CONTEXT(2) 
PARAMETRIC_REPRESENTATION_CONTEXT() REPRESENTATION_CONTEXT('2D SPACE',''
  ) );
#3006 = PCURVE('',#3007,#3012);
#3007 = SPHERICAL_SURFACE('',#3008,5.);
#3008 = AXIS2_PLACEMENT_3D('',#3009,#3010,#3011);
#3009 = CARTESIAN_POINT('',(7.,11.,8.));
#3010 = DIRECTION('',(-0.,-1.,-0.));
#3011 = DIRECTION('',(1.,-0.,1.7763568394E-16));
#3012 = DEFINITIONAL_REPRESENTATION('',(#3013),#3046);
#3013 = B_SPLINE_CURVE_WITH_KNOTS('',6,(#3014,#3015,#3016,#3017,#3018,
    #3019,#3020,#3021,#3022,#3023,#3024,#3025,#3026,#3027,#3028,#3029,
    #3030,#3031,#3032,#3033,#3034,#3035,#3036,#3037,#3038,#3039,#3040,
    #3041,#3042,#3043,#3044,#3045),.UNSPECIFIED.,.F.,.F.,(7,5,5,5,5,5,7)
  ,(0.,9.26230911824E-02,0.166938997079,0.283499216316,0.423934920113,
    0.605894432415,1.),.UNSPECIFIED.);
#3014 = CARTESIAN_POINT('',(0.523598775598,-0.643501108793));
#3015 = CARTESIAN_POINT('',(0.542687549572,-0.643501108793));
#3016 = CARTESIAN_POINT('',(0.561681526859,-0.643313686773));
#3017 = CARTESIAN_POINT('',(0.580572491407,-0.642948717529));
#3018 = CARTESIAN_POINT('',(0.599353431055,-0.642416299185));
#3019 = CARTESIAN_POINT('',(0.618018537538,-0.641726753194));
#3020 = CARTESIAN_POINT('',(0.651442475303,-0.640219758436));
#3021 = CARTESIAN_POINT('',(0.666244200886,-0.639454504979));
#3022 = CARTESIAN_POINT('',(0.680966016051,-0.638600292619));
#3023 = CARTESIAN_POINT('',(0.695606011539,-0.637662556021));
#3024 = CARTESIAN_POINT('',(0.710162736013,-0.636646735864));
#3025 = CARTESIAN_POINT('',(0.747334416313,-0.633851096669));
#3026 = CARTESIAN_POINT('',(0.769826234714,-0.631965166425));
#3027 = CARTESIAN_POINT('',(0.792106992407,-0.629921567531));
#3028 = CARTESIAN_POINT('',(0.814175221057,-0.627740976356));
#3029 = CARTESIAN_POINT('',(0.836031642859,-0.625443666212));
#3030 = CARTESIAN_POINT('',(0.883760845781,-0.62016494359));
#3031 = CARTESIAN_POINT('',(0.909539091433,-0.617139735304));
#3032 = CARTESIAN_POINT('',(0.935018735575,-0.614008417167));
#3033 = CARTESIAN_POINT('',(0.96020811897,-0.610804233495));
#3034 = CARTESIAN_POINT('',(0.985118335657,-0.607558814423));
#3035 = CARTESIAN_POINT('',(1.041693351428,-0.600081876234));
#3036 = CARTESIAN_POINT('',(1.07317729084,-0.595842552422));
#3037 = CARTESIAN_POINT('',(1.104242928245,-0.591648519031));
#3038 = CARTESIAN_POINT('',(1.134923319171,-0.587559117833));
#3039 = CARTESIAN_POINT('',(1.16525418353,-0.583627786789));
#3040 = CARTESIAN_POINT('',(1.260287977443,-0.571830597211));
#3041 = CARTESIAN_POINT('',(1.32383796442,-0.564721177338));
#3042 = CARTESIAN_POINT('',(1.386288960127,-0.559051245554));
#3043 = CARTESIAN_POINT('',(1.448027145332,-0.555156916682));
#3044 = CARTESIAN_POINT('',(1.509413755876,-0.55321001644));
#3045 = CARTESIAN_POINT('',(1.570796326795,-0.55321001644));
#3046 = ( GEOMETRIC_REPRESENTATION_CONTEXT(2) 
PARAMETRIC_REPRESENTATION_CONTEXT() REPRESENTATION_CONTEXT('2D SPACE',''
  ) );
#3047 = ORIENTED_EDGE('',*,*,#3048,.F.);
#3048 = EDGE_CURVE('',#2498,#2934,#3049,.T.);
#3049 = SURFACE_CURVE('',#3050,(#3054,#3060),.PCURVE_S1.);
#3050 = LINE('',#3051,#3052);
#3051 = CARTESIAN_POINT('',(-19.,13.627105745132,12.254211490264));
#3052 = VECTOR('',#3053,1.);
#3053 = DIRECTION('',(1.,0.,0.));
#3054 = PCURVE('',#1596,#3055);
#3055 = DEFINITIONAL_REPRESENTATION('',(#3056),#3059);
#3056 = B_SPLINE_CURVE_WITH_KNOTS('',1,(#3057,#3058),.UNSPECIFIED.,.F.,
  .F.,(2,2),(11.9999994,26.0000006),.PIECEWISE_BEZIER_KNOTS.);
#3057 = CARTESIAN_POINT('',(0.327873156384,11.9999994));
#3058 = CARTESIAN_POINT('',(0.327873156384,26.0000006));
#3059 = ( GEOMETRIC_REPRESENTATION_CONTEXT(2) 
PARAMETRIC_REPRESENTATION_CONTEXT() REPRESENTATION_CONTEXT('2D SPACE',''
  ) );
#3060 = PCURVE('',#2622,#3061);
#3061 = DEFINITIONAL_REPRESENTATION('',(#3062),#3065);
#3062 = B_SPLINE_CURVE_WITH_KNOTS('',1,(#3063,#3064),.UNSPECIFIED.,.F.,
  .F.,(2,2),(11.9999994,26.0000006),.PIECEWISE_BEZIER_KNOTS.);
#3063 = CARTESIAN_POINT('',(1.017586310355,4.9999994));
#3064 = CARTESIAN_POINT('',(1.017586310355,19.0000006));
#3065 = ( GEOMETRIC_REPRESENTATION_CONTEXT(2) 
PARAMETRIC_REPRESENTATION_CONTEXT() REPRESENTATION_CONTEXT('2D SPACE',''
  ) );
#3066 = ORIENTED_EDGE('',*,*,#2497,.F.);
#3067 = ADVANCED_FACE('',(#3068),#1649,.T.);
#3068 = FACE_BOUND('',#3069,.F.);
#3069 = EDGE_LOOP('',(#3070,#3071,#3072,#3101,#3124,#3145));
#3070 = ORIENTED_EDGE('',*,*,#1780,.F.);
#3071 = ORIENTED_EDGE('',*,*,#1858,.T.);
#3072 = ORIENTED_EDGE('',*,*,#3073,.T.);
#3073 = EDGE_CURVE('',#1831,#3074,#3076,.T.);
#3074 = VERTEX_POINT('',#3075);
#3075 = CARTESIAN_POINT('',(12.,14.,-10.));
#3076 = SURFACE_CURVE('',#3077,(#3082,#3089),.PCURVE_S1.);
#3077 = CIRCLE('',#3078,7.);
#3078 = AXIS2_PLACEMENT_3D('',#3079,#3080,#3081);
#3079 = CARTESIAN_POINT('',(12.,7.,-10.));
#3080 = DIRECTION('',(1.,6.565029142836E-17,-0.));
#3081 = DIRECTION('',(-6.565029142836E-17,1.,0.));
#3082 = PCURVE('',#1649,#3083);
#3083 = DEFINITIONAL_REPRESENTATION('',(#3084),#3088);
#3084 = LINE('',#3085,#3086);
#3085 = CARTESIAN_POINT('',(-6.28318530718,31.));
#3086 = VECTOR('',#3087,1.);
#3087 = DIRECTION('',(1.,-0.));
#3088 = ( GEOMETRIC_REPRESENTATION_CONTEXT(2) 
PARAMETRIC_REPRESENTATION_CONTEXT() REPRESENTATION_CONTEXT('2D SPACE',''
  ) );
#3089 = PCURVE('',#3090,#3095);
#3090 = SPHERICAL_SURFACE('',#3091,7.);
#3091 = AXIS2_PLACEMENT_3D('',#3092,#3093,#3094);
#3092 = CARTESIAN_POINT('',(12.,7.,-10.));
#3093 = DIRECTION('',(0.,0.,1.));
#3094 = DIRECTION('',(1.,1.268826313857E-16,-0.));
#3095 = DEFINITIONAL_REPRESENTATION('',(#3096),#3100);
#3096 = LINE('',#3097,#3098);
#3097 = CARTESIAN_POINT('',(1.570796326795,-6.28318530718));
#3098 = VECTOR('',#3099,1.);
#3099 = DIRECTION('',(0.,1.));
#3100 = ( GEOMETRIC_REPRESENTATION_CONTEXT(2) 
PARAMETRIC_REPRESENTATION_CONTEXT() REPRESENTATION_CONTEXT('2D SPACE',''
  ) );
#3101 = ORIENTED_EDGE('',*,*,#3102,.F.);
#3102 = EDGE_CURVE('',#3103,#3074,#3105,.T.);
#3103 = VERTEX_POINT('',#3104);
#3104 = CARTESIAN_POINT('',(7.,14.,-10.));
#3105 = SURFACE_CURVE('',#3106,(#3110,#3117),.PCURVE_S1.);
#3106 = LINE('',#3107,#3108);
#3107 = CARTESIAN_POINT('',(-19.,14.,-10.));
#3108 = VECTOR('',#3109,1.);
#3109 = DIRECTION('',(1.,0.,0.));
#3110 = PCURVE('',#1649,#3111);
#3111 = DEFINITIONAL_REPRESENTATION('',(#3112),#3116);
#3112 = LINE('',#3113,#3114);
#3113 = CARTESIAN_POINT('',(-0.,0.));
#3114 = VECTOR('',#3115,1.);
#3115 = DIRECTION('',(-0.,1.));
#3116 = ( GEOMETRIC_REPRESENTATION_CONTEXT(2) 
PARAMETRIC_REPRESENTATION_CONTEXT() REPRESENTATION_CONTEXT('2D SPACE',''
  ) );
#3117 = PCURVE('',#2921,#3118);
#3118 = DEFINITIONAL_REPRESENTATION('',(#3119),#3123);
#3119 = LINE('',#3120,#3121);
#3120 = CARTESIAN_POINT('',(7.,0.));
#3121 = VECTOR('',#3122,1.);
#3122 = DIRECTION('',(0.,1.));
#3123 = ( GEOMETRIC_REPRESENTATION_CONTEXT(2) 
PARAMETRIC_REPRESENTATION_CONTEXT() REPRESENTATION_CONTEXT('2D SPACE',''
  ) );
#3124 = ORIENTED_EDGE('',*,*,#3125,.F.);
#3125 = EDGE_CURVE('',#1634,#3103,#3126,.T.);
#3126 = SURFACE_CURVE('',#3127,(#3131,#3138),.PCURVE_S1.);
#3127 = LINE('',#3128,#3129);
#3128 = CARTESIAN_POINT('',(-19.,14.,-10.));
#3129 = VECTOR('',#3130,1.);
#3130 = DIRECTION('',(1.,0.,0.));
#3131 = PCURVE('',#1649,#3132);
#3132 = DEFINITIONAL_REPRESENTATION('',(#3133),#3137);
#3133 = LINE('',#3134,#3135);
#3134 = CARTESIAN_POINT('',(-0.,0.));
#3135 = VECTOR('',#3136,1.);
#3136 = DIRECTION('',(-0.,1.));
#3137 = ( GEOMETRIC_REPRESENTATION_CONTEXT(2) 
PARAMETRIC_REPRESENTATION_CONTEXT() REPRESENTATION_CONTEXT('2D SPACE',''
  ) );
#3138 = PCURVE('',#2730,#3139);
#3139 = DEFINITIONAL_REPRESENTATION('',(#3140),#3144);
#3140 = LINE('',#3141,#3142);
#3141 = CARTESIAN_POINT('',(-0.927295218002,-7.));
#3142 = VECTOR('',#3143,1.);
#3143 = DIRECTION('',(-0.,1.));
#3144 = ( GEOMETRIC_REPRESENTATION_CONTEXT(2) 
PARAMETRIC_REPRESENTATION_CONTEXT() REPRESENTATION_CONTEXT('2D SPACE',''
  ) );
#3145 = ORIENTED_EDGE('',*,*,#1633,.F.);
#3146 = ADVANCED_FACE('',(#3147),#1846,.T.);
#3147 = FACE_BOUND('',#3148,.T.);
#3148 = EDGE_LOOP('',(#3149,#3173,#3174,#3198));
#3149 = ORIENTED_EDGE('',*,*,#3150,.F.);
#3150 = EDGE_CURVE('',#1808,#3151,#3153,.T.);
#3151 = VERTEX_POINT('',#3152);
#3152 = CARTESIAN_POINT('',(19.,-7.,-10.));
#3153 = SURFACE_CURVE('',#3154,(#3159,#3166),.PCURVE_S1.);
#3154 = CIRCLE('',#3155,7.);
#3155 = AXIS2_PLACEMENT_3D('',#3156,#3157,#3158);
#3156 = CARTESIAN_POINT('',(12.,-7.,-10.));
#3157 = DIRECTION('',(0.,-1.,0.));
#3158 = DIRECTION('',(1.,0.,0.));
#3159 = PCURVE('',#1846,#3160);
#3160 = DEFINITIONAL_REPRESENTATION('',(#3161),#3165);
#3161 = LINE('',#3162,#3163);
#3162 = CARTESIAN_POINT('',(6.28318530718,7.));
#3163 = VECTOR('',#3164,1.);
#3164 = DIRECTION('',(-1.,-0.));
#3165 = ( GEOMETRIC_REPRESENTATION_CONTEXT(2) 
PARAMETRIC_REPRESENTATION_CONTEXT() REPRESENTATION_CONTEXT('2D SPACE',''
  ) );
#3166 = PCURVE('',#2303,#3167);
#3167 = DEFINITIONAL_REPRESENTATION('',(#3168),#3172);
#3168 = LINE('',#3169,#3170);
#3169 = CARTESIAN_POINT('',(-0.,-6.28318530718));
#3170 = VECTOR('',#3171,1.);
#3171 = DIRECTION('',(-0.,1.));
#3172 = ( GEOMETRIC_REPRESENTATION_CONTEXT(2) 
PARAMETRIC_REPRESENTATION_CONTEXT() REPRESENTATION_CONTEXT('2D SPACE',''
  ) );
#3173 = ORIENTED_EDGE('',*,*,#1830,.T.);
#3174 = ORIENTED_EDGE('',*,*,#3175,.T.);
#3175 = EDGE_CURVE('',#1831,#3176,#3178,.T.);
#3176 = VERTEX_POINT('',#3177);
#3177 = CARTESIAN_POINT('',(19.,7.,-10.));
#3178 = SURFACE_CURVE('',#3179,(#3184,#3191),.PCURVE_S1.);
#3179 = CIRCLE('',#3180,7.);
#3180 = AXIS2_PLACEMENT_3D('',#3181,#3182,#3183);
#3181 = CARTESIAN_POINT('',(12.,7.,-10.));
#3182 = DIRECTION('',(1.268826313857E-16,-1.,0.));
#3183 = DIRECTION('',(1.,1.268826313857E-16,0.));
#3184 = PCURVE('',#1846,#3185);
#3185 = DEFINITIONAL_REPRESENTATION('',(#3186),#3190);
#3186 = LINE('',#3187,#3188);
#3187 = CARTESIAN_POINT('',(6.28318530718,21.));
#3188 = VECTOR('',#3189,1.);
#3189 = DIRECTION('',(-1.,-0.));
#3190 = ( GEOMETRIC_REPRESENTATION_CONTEXT(2) 
PARAMETRIC_REPRESENTATION_CONTEXT() REPRESENTATION_CONTEXT('2D SPACE',''
  ) );
#3191 = PCURVE('',#3090,#3192);
#3192 = DEFINITIONAL_REPRESENTATION('',(#3193),#3197);
#3193 = LINE('',#3194,#3195);
#3194 = CARTESIAN_POINT('',(0.,-6.28318530718));
#3195 = VECTOR('',#3196,1.);
#3196 = DIRECTION('',(0.,1.));
#3197 = ( GEOMETRIC_REPRESENTATION_CONTEXT(2) 
PARAMETRIC_REPRESENTATION_CONTEXT() REPRESENTATION_CONTEXT('2D SPACE',''
  ) );
#3198 = ORIENTED_EDGE('',*,*,#3199,.F.);
#3199 = EDGE_CURVE('',#3151,#3176,#3200,.T.);
#3200 = SURFACE_CURVE('',#3201,(#3205,#3212),.PCURVE_S1.);
#3201 = LINE('',#3202,#3203);
#3202 = CARTESIAN_POINT('',(19.,-14.,-10.));
#3203 = VECTOR('',#3204,1.);
#3204 = DIRECTION('',(0.,1.,0.));
#3205 = PCURVE('',#1846,#3206);
#3206 = DEFINITIONAL_REPRESENTATION('',(#3207),#3211);
#3207 = LINE('',#3208,#3209);
#3208 = CARTESIAN_POINT('',(0.,0.));
#3209 = VECTOR('',#3210,1.);
#3210 = DIRECTION('',(0.,1.));
#3211 = ( GEOMETRIC_REPRESENTATION_CONTEXT(2) 
PARAMETRIC_REPRESENTATION_CONTEXT() REPRESENTATION_CONTEXT('2D SPACE',''
  ) );
#3212 = PCURVE('',#3213,#3218);
#3213 = PLANE('',#3214);
#3214 = AXIS2_PLACEMENT_3D('',#3215,#3216,#3217);
#3215 = CARTESIAN_POINT('',(19.,-14.,-17.));
#3216 = DIRECTION('',(1.,0.,0.));
#3217 = DIRECTION('',(0.,0.,1.));
#3218 = DEFINITIONAL_REPRESENTATION('',(#3219),#3223);
#3219 = LINE('',#3220,#3221);
#3220 = CARTESIAN_POINT('',(7.,0.));
#3221 = VECTOR('',#3222,1.);
#3222 = DIRECTION('',(0.,-1.));
#3223 = ( GEOMETRIC_REPRESENTATION_CONTEXT(2) 
PARAMETRIC_REPRESENTATION_CONTEXT() REPRESENTATION_CONTEXT('2D SPACE',''
  ) );
#3224 = ADVANCED_FACE('',(#3225),#1897,.T.);
#3225 = FACE_BOUND('',#3226,.T.);
#3226 = EDGE_LOOP('',(#3227,#3228,#3229,#3255));
#3227 = ORIENTED_EDGE('',*,*,#1883,.F.);
#3228 = ORIENTED_EDGE('',*,*,#1915,.T.);
#3229 = ORIENTED_EDGE('',*,*,#3230,.T.);
#3230 = EDGE_CURVE('',#1916,#2854,#3231,.T.);
#3231 = SURFACE_CURVE('',#3232,(#3236,#3243),.PCURVE_S1.);
#3232 = LINE('',#3233,#3234);
#3233 = CARTESIAN_POINT('',(12.,-14.,17.));
#3234 = VECTOR('',#3235,1.);
#3235 = DIRECTION('',(0.,1.,0.));
#3236 = PCURVE('',#1897,#3237);
#3237 = DEFINITIONAL_REPRESENTATION('',(#3238),#3242);
#3238 = LINE('',#3239,#3240);
#3239 = CARTESIAN_POINT('',(31.,0.));
#3240 = VECTOR('',#3241,1.);
#3241 = DIRECTION('',(0.,1.));
#3242 = ( GEOMETRIC_REPRESENTATION_CONTEXT(2) 
PARAMETRIC_REPRESENTATION_CONTEXT() REPRESENTATION_CONTEXT('2D SPACE',''
  ) );
#3243 = PCURVE('',#3244,#3249);
#3244 = CYLINDRICAL_SURFACE('',#3245,7.);
#3245 = AXIS2_PLACEMENT_3D('',#3246,#3247,#3248);
#3246 = CARTESIAN_POINT('',(12.,-14.,10.));
#3247 = DIRECTION('',(0.,1.,0.));
#3248 = DIRECTION('',(1.,0.,-0.));
#3249 = DEFINITIONAL_REPRESENTATION('',(#3250),#3254);
#3250 = LINE('',#3251,#3252);
#3251 = CARTESIAN_POINT('',(-1.570796326795,0.));
#3252 = VECTOR('',#3253,1.);
#3253 = DIRECTION('',(-0.,1.));
#3254 = ( GEOMETRIC_REPRESENTATION_CONTEXT(2) 
PARAMETRIC_REPRESENTATION_CONTEXT() REPRESENTATION_CONTEXT('2D SPACE',''
  ) );
#3255 = ORIENTED_EDGE('',*,*,#2853,.F.);
#3256 = ADVANCED_FACE('',(#3257),#2143,.F.);
#3257 = FACE_BOUND('',#3258,.T.);
#3258 = EDGE_LOOP('',(#3259,#3260,#3261,#3283));
#3259 = ORIENTED_EDGE('',*,*,#2446,.F.);
#3260 = ORIENTED_EDGE('',*,*,#2639,.T.);
#3261 = ORIENTED_EDGE('',*,*,#3262,.T.);
#3262 = EDGE_CURVE('',#2640,#1996,#3263,.T.);
#3263 = SURFACE_CURVE('',#3264,(#3269,#3276),.PCURVE_S1.);
#3264 = CIRCLE('',#3265,5.);
#3265 = AXIS2_PLACEMENT_3D('',#3266,#3267,#3268);
#3266 = CARTESIAN_POINT('',(7.,-11.,8.));
#3267 = DIRECTION('',(1.,2.832769448824E-16,0.));
#3268 = DIRECTION('',(2.832769448824E-16,-1.,0.));
#3269 = PCURVE('',#2143,#3270);
#3270 = DEFINITIONAL_REPRESENTATION('',(#3271),#3275);
#3271 = LINE('',#3272,#3273);
#3272 = CARTESIAN_POINT('',(-6.28318530718,19.));
#3273 = VECTOR('',#3274,1.);
#3274 = DIRECTION('',(1.,-0.));
#3275 = ( GEOMETRIC_REPRESENTATION_CONTEXT(2) 
PARAMETRIC_REPRESENTATION_CONTEXT() REPRESENTATION_CONTEXT('2D SPACE',''
  ) );
#3276 = PCURVE('',#2081,#3277);
#3277 = DEFINITIONAL_REPRESENTATION('',(#3278),#3282);
#3278 = LINE('',#3279,#3280);
#3279 = CARTESIAN_POINT('',(1.570796326795,-6.28318530718));
#3280 = VECTOR('',#3281,1.);
#3281 = DIRECTION('',(0.,1.));
#3282 = ( GEOMETRIC_REPRESENTATION_CONTEXT(2) 
PARAMETRIC_REPRESENTATION_CONTEXT() REPRESENTATION_CONTEXT('2D SPACE',''
  ) );
#3283 = ORIENTED_EDGE('',*,*,#2128,.F.);
#3284 = ADVANCED_FACE('',(#3285),#2081,.F.);
#3285 = FACE_BOUND('',#3286,.F.);
#3286 = EDGE_LOOP('',(#3287,#3311,#3312,#3313,#3341));
#3287 = ORIENTED_EDGE('',*,*,#3288,.F.);
#3288 = EDGE_CURVE('',#2640,#3289,#3291,.T.);
#3289 = VERTEX_POINT('',#3290);
#3290 = CARTESIAN_POINT('',(12.,-11.,8.));
#3291 = SURFACE_CURVE('',#3292,(#3297,#3304),.PCURVE_S1.);
#3292 = CIRCLE('',#3293,5.);
#3293 = AXIS2_PLACEMENT_3D('',#3294,#3295,#3296);
#3294 = CARTESIAN_POINT('',(7.,-11.,8.));
#3295 = DIRECTION('',(-0.,1.,0.));
#3296 = DIRECTION('',(1.,0.,0.));
#3297 = PCURVE('',#2081,#3298);
#3298 = DEFINITIONAL_REPRESENTATION('',(#3299),#3303);
#3299 = LINE('',#3300,#3301);
#3300 = CARTESIAN_POINT('',(0.,-6.28318530718));
#3301 = VECTOR('',#3302,1.);
#3302 = DIRECTION('',(0.,1.));
#3303 = ( GEOMETRIC_REPRESENTATION_CONTEXT(2) 
PARAMETRIC_REPRESENTATION_CONTEXT() REPRESENTATION_CONTEXT('2D SPACE',''
  ) );
#3304 = PCURVE('',#2678,#3305);
#3305 = DEFINITIONAL_REPRESENTATION('',(#3306),#3310);
#3306 = LINE('',#3307,#3308);
#3307 = CARTESIAN_POINT('',(-6.28318530718,5.));
#3308 = VECTOR('',#3309,1.);
#3309 = DIRECTION('',(1.,-0.));
#3310 = ( GEOMETRIC_REPRESENTATION_CONTEXT(2) 
PARAMETRIC_REPRESENTATION_CONTEXT() REPRESENTATION_CONTEXT('2D SPACE',''
  ) );
#3311 = ORIENTED_EDGE('',*,*,#3262,.T.);
#3312 = ORIENTED_EDGE('',*,*,#1995,.F.);
#3313 = ORIENTED_EDGE('',*,*,#3314,.T.);
#3314 = EDGE_CURVE('',#1968,#3315,#3317,.T.);
#3315 = VERTEX_POINT('',#3316);
#3316 = CARTESIAN_POINT('',(11.,-14.,8.));
#3317 = SURFACE_CURVE('',#3318,(#3323,#3334),.PCURVE_S1.);
#3318 = CIRCLE('',#3319,4.);
#3319 = AXIS2_PLACEMENT_3D('',#3320,#3321,#3322);
#3320 = CARTESIAN_POINT('',(7.,-14.,8.));
#3321 = DIRECTION('',(0.,1.,0.));
#3322 = DIRECTION('',(0.,-0.,1.));
#3323 = PCURVE('',#2081,#3324);
#3324 = DEFINITIONAL_REPRESENTATION('',(#3325),#3333);
#3325 = B_SPLINE_CURVE_WITH_KNOTS('',6,(#3326,#3327,#3328,#3329,#3330,
    #3331,#3332),.UNSPECIFIED.,.F.,.F.,(7,7),(1.047197551197,
    1.570796326795),.PIECEWISE_BEZIER_KNOTS.);
#3326 = CARTESIAN_POINT('',(0.713724378945,-0.411516846067));
#3327 = CARTESIAN_POINT('',(0.688791103916,-0.345549600972));
#3328 = CARTESIAN_POINT('',(0.670103331569,-0.277873190528));
#3329 = CARTESIAN_POINT('',(0.656661312622,-0.209095592894));
#3330 = CARTESIAN_POINT('',(0.647887406384,-0.139626200981));
#3331 = CARTESIAN_POINT('',(0.643501108793,-6.981317007977E-02));
#3332 = CARTESIAN_POINT('',(0.643501108793,0.));
#3333 = ( GEOMETRIC_REPRESENTATION_CONTEXT(2) 
PARAMETRIC_REPRESENTATION_CONTEXT() REPRESENTATION_CONTEXT('2D SPACE',''
  ) );
#3334 = PCURVE('',#1983,#3335);
#3335 = DEFINITIONAL_REPRESENTATION('',(#3336),#3340);
#3336 = CIRCLE('',#3337,4.);
#3337 = AXIS2_PLACEMENT_2D('',#3338,#3339);
#3338 = CARTESIAN_POINT('',(25.,26.));
#3339 = DIRECTION('',(1.,0.));
#3340 = ( GEOMETRIC_REPRESENTATION_CONTEXT(2) 
PARAMETRIC_REPRESENTATION_CONTEXT() REPRESENTATION_CONTEXT('2D SPACE',''
  ) );
#3341 = ORIENTED_EDGE('',*,*,#3342,.F.);
#3342 = EDGE_CURVE('',#3289,#3315,#3343,.T.);
#3343 = SURFACE_CURVE('',#3344,(#3349,#3356),.PCURVE_S1.);
#3344 = CIRCLE('',#3345,5.);
#3345 = AXIS2_PLACEMENT_3D('',#3346,#3347,#3348);
#3346 = CARTESIAN_POINT('',(7.,-11.,8.));
#3347 = DIRECTION('',(0.,0.,-1.));
#3348 = DIRECTION('',(1.,0.,0.));
#3349 = PCURVE('',#2081,#3350);
#3350 = DEFINITIONAL_REPRESENTATION('',(#3351),#3355);
#3351 = LINE('',#3352,#3353);
#3352 = CARTESIAN_POINT('',(0.,0.));
#3353 = VECTOR('',#3354,1.);
#3354 = DIRECTION('',(1.,0.));
#3355 = ( GEOMETRIC_REPRESENTATION_CONTEXT(2) 
PARAMETRIC_REPRESENTATION_CONTEXT() REPRESENTATION_CONTEXT('2D SPACE',''
  ) );
#3356 = PCURVE('',#3357,#3362);
#3357 = CYLINDRICAL_SURFACE('',#3358,5.);
#3358 = AXIS2_PLACEMENT_3D('',#3359,#3360,#3361);
#3359 = CARTESIAN_POINT('',(7.,-11.,-11.));
#3360 = DIRECTION('',(0.,0.,1.));
#3361 = DIRECTION('',(1.,0.,-0.));
#3362 = DEFINITIONAL_REPRESENTATION('',(#3363),#3367);
#3363 = LINE('',#3364,#3365);
#3364 = CARTESIAN_POINT('',(-0.,19.));
#3365 = VECTOR('',#3366,1.);
#3366 = DIRECTION('',(-1.,0.));
#3367 = ( GEOMETRIC_REPRESENTATION_CONTEXT(2) 
PARAMETRIC_REPRESENTATION_CONTEXT() REPRESENTATION_CONTEXT('2D SPACE',''
  ) );
#3368 = ADVANCED_FACE('',(#3369),#1983,.F.);
#3369 = FACE_BOUND('',#3370,.F.);
#3370 = EDGE_LOOP('',(#3371,#3372,#3421,#3440,#3441,#3442));
#3371 = ORIENTED_EDGE('',*,*,#2315,.F.);
#3372 = ORIENTED_EDGE('',*,*,#3373,.F.);
#3373 = EDGE_CURVE('',#3374,#2316,#3376,.T.);
#3374 = VERTEX_POINT('',#3375);
#3375 = CARTESIAN_POINT('',(11.,-14.,-6.));
#3376 = SURFACE_CURVE('',#3377,(#3382,#3389),.PCURVE_S1.);
#3377 = CIRCLE('',#3378,4.);
#3378 = AXIS2_PLACEMENT_3D('',#3379,#3380,#3381);
#3379 = CARTESIAN_POINT('',(7.,-14.,-6.));
#3380 = DIRECTION('',(0.,1.,0.));
#3381 = DIRECTION('',(0.,-0.,1.));
#3382 = PCURVE('',#1983,#3383);
#3383 = DEFINITIONAL_REPRESENTATION('',(#3384),#3388);
#3384 = CIRCLE('',#3385,4.);
#3385 = AXIS2_PLACEMENT_2D('',#3386,#3387);
#3386 = CARTESIAN_POINT('',(11.,26.));
#3387 = DIRECTION('',(1.,0.));
#3388 = ( GEOMETRIC_REPRESENTATION_CONTEXT(2) 
PARAMETRIC_REPRESENTATION_CONTEXT() REPRESENTATION_CONTEXT('2D SPACE',''
  ) );
#3389 = PCURVE('',#3390,#3395);
#3390 = SPHERICAL_SURFACE('',#3391,5.);
#3391 = AXIS2_PLACEMENT_3D('',#3392,#3393,#3394);
#3392 = CARTESIAN_POINT('',(7.,-11.,-6.));
#3393 = DIRECTION('',(0.,0.,1.));
#3394 = DIRECTION('',(1.,0.,-0.));
#3395 = DEFINITIONAL_REPRESENTATION('',(#3396),#3420);
#3396 = B_SPLINE_CURVE_WITH_KNOTS('',8,(#3397,#3398,#3399,#3400,#3401,
    #3402,#3403,#3404,#3405,#3406,#3407,#3408,#3409,#3410,#3411,#3412,
    #3413,#3414,#3415,#3416,#3417,#3418,#3419),.UNSPECIFIED.,.F.,.F.,(9,
    7,7,9),(1.570796326795,2.356194490192,2.748893571891,3.14159265359),
  .UNSPECIFIED.);
#3397 = CARTESIAN_POINT('',(-0.643501108793,0.));
#3398 = CARTESIAN_POINT('',(-0.643501108793,-7.853981633974E-02));
#3399 = CARTESIAN_POINT('',(-0.648788110983,-0.157079684455));
#3400 = CARTESIAN_POINT('',(-0.659364612948,-0.235203900361));
#3401 = CARTESIAN_POINT('',(-0.675529214348,-0.31249892627));
#3402 = CARTESIAN_POINT('',(-0.697925481725,-0.388484407485));
#3403 = CARTESIAN_POINT('',(-0.727495203425,-0.4625690402));
#3404 = CARTESIAN_POINT('',(-0.765824531024,-0.533916879781));
#3405 = CARTESIAN_POINT('',(-0.839328109045,-0.634937885128));
#3406 = CARTESIAN_POINT('',(-0.866497379483,-0.667611429933));
#3407 = CARTESIAN_POINT('',(-0.896574092678,-0.699127109754));
#3408 = CARTESIAN_POINT('',(-0.929814717569,-0.729300228591));
#3409 = CARTESIAN_POINT('',(-0.966485951003,-0.757915602128));
#3410 = CARTESIAN_POINT('',(-1.006831944302,-0.784720853409));
#3411 = CARTESIAN_POINT('',(-1.051009697362,-0.80942848155));
#3412 = CARTESIAN_POINT('',(-1.146963673092,-0.854048812801));
#3413 = CARTESIAN_POINT('',(-1.198739911227,-0.873961550173));
#3414 = CARTESIAN_POINT('',(-1.254285024543,-0.891176931236));
#3415 = CARTESIAN_POINT('',(-1.313377323709,-0.905383831461));
#3416 = CARTESIAN_POINT('',(-1.375540992122,-0.916280210552));
#3417 = CARTESIAN_POINT('',(-1.439896733691,-0.923623462433));
#3418 = CARTESIAN_POINT('',(-1.505346479845,-0.927295218002));
#3419 = CARTESIAN_POINT('',(-1.570796326795,-0.927295218002));
#3420 = ( GEOMETRIC_REPRESENTATION_CONTEXT(2) 
PARAMETRIC_REPRESENTATION_CONTEXT() REPRESENTATION_CONTEXT('2D SPACE',''
  ) );
#3421 = ORIENTED_EDGE('',*,*,#3422,.T.);
#3422 = EDGE_CURVE('',#3374,#3315,#3423,.T.);
#3423 = SURFACE_CURVE('',#3424,(#3428,#3434),.PCURVE_S1.);
#3424 = LINE('',#3425,#3426);
#3425 = CARTESIAN_POINT('',(11.,-14.,-11.));
#3426 = VECTOR('',#3427,1.);
#3427 = DIRECTION('',(0.,0.,1.));
#3428 = PCURVE('',#1983,#3429);
#3429 = DEFINITIONAL_REPRESENTATION('',(#3430),#3433);
#3430 = B_SPLINE_CURVE_WITH_KNOTS('',1,(#3431,#3432),.UNSPECIFIED.,.F.,
  .F.,(2,2),(4.9999994,19.0000006),.PIECEWISE_BEZIER_KNOTS.);
#3431 = CARTESIAN_POINT('',(10.9999994,30.));
#3432 = CARTESIAN_POINT('',(25.0000006,30.));
#3433 = ( GEOMETRIC_REPRESENTATION_CONTEXT(2) 
PARAMETRIC_REPRESENTATION_CONTEXT() REPRESENTATION_CONTEXT('2D SPACE',''
  ) );
#3434 = PCURVE('',#3357,#3435);
#3435 = DEFINITIONAL_REPRESENTATION('',(#3436),#3439);
#3436 = B_SPLINE_CURVE_WITH_KNOTS('',1,(#3437,#3438),.UNSPECIFIED.,.F.,
  .F.,(2,2),(4.9999994,19.0000006),.PIECEWISE_BEZIER_KNOTS.);
#3437 = CARTESIAN_POINT('',(-0.643501108793,4.9999994));
#3438 = CARTESIAN_POINT('',(-0.643501108793,19.0000006));
#3439 = ( GEOMETRIC_REPRESENTATION_CONTEXT(2) 
PARAMETRIC_REPRESENTATION_CONTEXT() REPRESENTATION_CONTEXT('2D SPACE',''
  ) );
#3440 = ORIENTED_EDGE('',*,*,#3314,.F.);
#3441 = ORIENTED_EDGE('',*,*,#1967,.T.);
#3442 = ORIENTED_EDGE('',*,*,#3443,.F.);
#3443 = EDGE_CURVE('',#2287,#1939,#3444,.T.);
#3444 = SURFACE_CURVE('',#3445,(#3449,#3456),.PCURVE_S1.);
#3445 = LINE('',#3446,#3447);
#3446 = CARTESIAN_POINT('',(12.,-14.,-17.));
#3447 = VECTOR('',#3448,1.);
#3448 = DIRECTION('',(0.,0.,1.));
#3449 = PCURVE('',#1983,#3450);
#3450 = DEFINITIONAL_REPRESENTATION('',(#3451),#3455);
#3451 = LINE('',#3452,#3453);
#3452 = CARTESIAN_POINT('',(0.,31.));
#3453 = VECTOR('',#3454,1.);
#3454 = DIRECTION('',(1.,0.));
#3455 = ( GEOMETRIC_REPRESENTATION_CONTEXT(2) 
PARAMETRIC_REPRESENTATION_CONTEXT() REPRESENTATION_CONTEXT('2D SPACE',''
  ) );
#3456 = PCURVE('',#3457,#3462);
#3457 = CYLINDRICAL_SURFACE('',#3458,7.);
#3458 = AXIS2_PLACEMENT_3D('',#3459,#3460,#3461);
#3459 = CARTESIAN_POINT('',(12.,-7.,-17.));
#3460 = DIRECTION('',(0.,0.,1.));
#3461 = DIRECTION('',(1.,0.,-0.));
#3462 = DEFINITIONAL_REPRESENTATION('',(#3463),#3467);
#3463 = LINE('',#3464,#3465);
#3464 = CARTESIAN_POINT('',(-1.570796326795,0.));
#3465 = VECTOR('',#3466,1.);
#3466 = DIRECTION('',(-0.,1.));
#3467 = ( GEOMETRIC_REPRESENTATION_CONTEXT(2) 
PARAMETRIC_REPRESENTATION_CONTEXT() REPRESENTATION_CONTEXT('2D SPACE',''
  ) );
#3468 = ADVANCED_FACE('',(#3469),#1955,.T.);
#3469 = FACE_BOUND('',#3470,.T.);
#3470 = EDGE_LOOP('',(#3471,#3495,#3496));
#3471 = ORIENTED_EDGE('',*,*,#3472,.F.);
#3472 = EDGE_CURVE('',#1916,#3473,#3475,.T.);
#3473 = VERTEX_POINT('',#3474);
#3474 = CARTESIAN_POINT('',(19.,-7.,10.));
#3475 = SURFACE_CURVE('',#3476,(#3481,#3488),.PCURVE_S1.);
#3476 = CIRCLE('',#3477,7.);
#3477 = AXIS2_PLACEMENT_3D('',#3478,#3479,#3480);
#3478 = CARTESIAN_POINT('',(12.,-7.,10.));
#3479 = DIRECTION('',(-0.,1.,0.));
#3480 = DIRECTION('',(1.,0.,0.));
#3481 = PCURVE('',#1955,#3482);
#3482 = DEFINITIONAL_REPRESENTATION('',(#3483),#3487);
#3483 = LINE('',#3484,#3485);
#3484 = CARTESIAN_POINT('',(0.,-6.28318530718));
#3485 = VECTOR('',#3486,1.);
#3486 = DIRECTION('',(0.,1.));
#3487 = ( GEOMETRIC_REPRESENTATION_CONTEXT(2) 
PARAMETRIC_REPRESENTATION_CONTEXT() REPRESENTATION_CONTEXT('2D SPACE',''
  ) );
#3488 = PCURVE('',#3244,#3489);
#3489 = DEFINITIONAL_REPRESENTATION('',(#3490),#3494);
#3490 = LINE('',#3491,#3492);
#3491 = CARTESIAN_POINT('',(-6.28318530718,7.));
#3492 = VECTOR('',#3493,1.);
#3493 = DIRECTION('',(1.,-0.));
#3494 = ( GEOMETRIC_REPRESENTATION_CONTEXT(2) 
PARAMETRIC_REPRESENTATION_CONTEXT() REPRESENTATION_CONTEXT('2D SPACE',''
  ) );
#3495 = ORIENTED_EDGE('',*,*,#1938,.T.);
#3496 = ORIENTED_EDGE('',*,*,#3497,.F.);
#3497 = EDGE_CURVE('',#3473,#1939,#3498,.T.);
#3498 = SURFACE_CURVE('',#3499,(#3504,#3511),.PCURVE_S1.);
#3499 = CIRCLE('',#3500,7.);
#3500 = AXIS2_PLACEMENT_3D('',#3501,#3502,#3503);
#3501 = CARTESIAN_POINT('',(12.,-7.,10.));
#3502 = DIRECTION('',(0.,0.,-1.));
#3503 = DIRECTION('',(1.,0.,0.));
#3504 = PCURVE('',#1955,#3505);
#3505 = DEFINITIONAL_REPRESENTATION('',(#3506),#3510);
#3506 = LINE('',#3507,#3508);
#3507 = CARTESIAN_POINT('',(0.,0.));
#3508 = VECTOR('',#3509,1.);
#3509 = DIRECTION('',(1.,0.));
#3510 = ( GEOMETRIC_REPRESENTATION_CONTEXT(2) 
PARAMETRIC_REPRESENTATION_CONTEXT() REPRESENTATION_CONTEXT('2D SPACE',''
  ) );
#3511 = PCURVE('',#3457,#3512);
#3512 = DEFINITIONAL_REPRESENTATION('',(#3513),#3517);
#3513 = LINE('',#3514,#3515);
#3514 = CARTESIAN_POINT('',(-0.,27.));
#3515 = VECTOR('',#3516,1.);
#3516 = DIRECTION('',(-1.,0.));
#3517 = ( GEOMETRIC_REPRESENTATION_CONTEXT(2) 
PARAMETRIC_REPRESENTATION_CONTEXT() REPRESENTATION_CONTEXT('2D SPACE',''
  ) );
#3518 = ADVANCED_FACE('',(#3519),#2352,.F.);
#3519 = FACE_BOUND('',#3520,.F.);
#3520 = EDGE_LOOP('',(#3521,#3522,#3523,#3545));
#3521 = ORIENTED_EDGE('',*,*,#2369,.F.);
#3522 = ORIENTED_EDGE('',*,*,#2769,.T.);
#3523 = ORIENTED_EDGE('',*,*,#3524,.T.);
#3524 = EDGE_CURVE('',#2770,#2316,#3525,.T.);
#3525 = SURFACE_CURVE('',#3526,(#3531,#3538),.PCURVE_S1.);
#3526 = CIRCLE('',#3527,5.);
#3527 = AXIS2_PLACEMENT_3D('',#3528,#3529,#3530);
#3528 = CARTESIAN_POINT('',(7.,-11.,-6.));
#3529 = DIRECTION('',(-1.,-2.832769448824E-16,0.));
#3530 = DIRECTION('',(2.832769448824E-16,-1.,-0.));
#3531 = PCURVE('',#2352,#3532);
#3532 = DEFINITIONAL_REPRESENTATION('',(#3533),#3537);
#3533 = LINE('',#3534,#3535);
#3534 = CARTESIAN_POINT('',(6.28318530718,19.));
#3535 = VECTOR('',#3536,1.);
#3536 = DIRECTION('',(-1.,-0.));
#3537 = ( GEOMETRIC_REPRESENTATION_CONTEXT(2) 
PARAMETRIC_REPRESENTATION_CONTEXT() REPRESENTATION_CONTEXT('2D SPACE',''
  ) );
#3538 = PCURVE('',#3390,#3539);
#3539 = DEFINITIONAL_REPRESENTATION('',(#3540),#3544);
#3540 = LINE('',#3541,#3542);
#3541 = CARTESIAN_POINT('',(-1.570796326795,-6.28318530718));
#3542 = VECTOR('',#3543,1.);
#3543 = DIRECTION('',(-0.,1.));
#3544 = ( GEOMETRIC_REPRESENTATION_CONTEXT(2) 
PARAMETRIC_REPRESENTATION_CONTEXT() REPRESENTATION_CONTEXT('2D SPACE',''
  ) );
#3545 = ORIENTED_EDGE('',*,*,#2338,.F.);
#3546 = ADVANCED_FACE('',(#3547),#2303,.T.);
#3547 = FACE_BOUND('',#3548,.F.);
#3548 = EDGE_LOOP('',(#3549,#3550,#3551));
#3549 = ORIENTED_EDGE('',*,*,#3150,.F.);
#3550 = ORIENTED_EDGE('',*,*,#2286,.T.);
#3551 = ORIENTED_EDGE('',*,*,#3552,.F.);
#3552 = EDGE_CURVE('',#3151,#2287,#3553,.T.);
#3553 = SURFACE_CURVE('',#3554,(#3559,#3566),.PCURVE_S1.);
#3554 = CIRCLE('',#3555,7.);
#3555 = AXIS2_PLACEMENT_3D('',#3556,#3557,#3558);
#3556 = CARTESIAN_POINT('',(12.,-7.,-10.));
#3557 = DIRECTION('',(0.,-0.,-1.));
#3558 = DIRECTION('',(1.,0.,-0.));
#3559 = PCURVE('',#2303,#3560);
#3560 = DEFINITIONAL_REPRESENTATION('',(#3561),#3565);
#3561 = LINE('',#3562,#3563);
#3562 = CARTESIAN_POINT('',(-0.,0.));
#3563 = VECTOR('',#3564,1.);
#3564 = DIRECTION('',(-1.,0.));
#3565 = ( GEOMETRIC_REPRESENTATION_CONTEXT(2) 
PARAMETRIC_REPRESENTATION_CONTEXT() REPRESENTATION_CONTEXT('2D SPACE',''
  ) );
#3566 = PCURVE('',#3457,#3567);
#3567 = DEFINITIONAL_REPRESENTATION('',(#3568),#3572);
#3568 = LINE('',#3569,#3570);
#3569 = CARTESIAN_POINT('',(-0.,7.));
#3570 = VECTOR('',#3571,1.);
#3571 = DIRECTION('',(-1.,0.));
#3572 = ( GEOMETRIC_REPRESENTATION_CONTEXT(2) 
PARAMETRIC_REPRESENTATION_CONTEXT() REPRESENTATION_CONTEXT('2D SPACE',''
  ) );
#3573 = ADVANCED_FACE('',(#3574),#2622,.F.);
#3574 = FACE_BOUND('',#3575,.F.);
#3575 = EDGE_LOOP('',(#3576,#3577,#3578,#3579));
#3576 = ORIENTED_EDGE('',*,*,#3048,.F.);
#3577 = ORIENTED_EDGE('',*,*,#2607,.T.);
#3578 = ORIENTED_EDGE('',*,*,#2690,.T.);
#3579 = ORIENTED_EDGE('',*,*,#3580,.F.);
#3580 = EDGE_CURVE('',#2934,#2663,#3581,.T.);
#3581 = SURFACE_CURVE('',#3582,(#3587,#3594),.PCURVE_S1.);
#3582 = CIRCLE('',#3583,5.);
#3583 = AXIS2_PLACEMENT_3D('',#3584,#3585,#3586);
#3584 = CARTESIAN_POINT('',(7.,11.,8.));
#3585 = DIRECTION('',(1.,0.,-1.056412609424E-16));
#3586 = DIRECTION('',(1.056412609424E-16,0.,1.));
#3587 = PCURVE('',#2622,#3588);
#3588 = DEFINITIONAL_REPRESENTATION('',(#3589),#3593);
#3589 = LINE('',#3590,#3591);
#3590 = CARTESIAN_POINT('',(-4.712388980385,19.));
#3591 = VECTOR('',#3592,1.);
#3592 = DIRECTION('',(1.,0.));
#3593 = ( GEOMETRIC_REPRESENTATION_CONTEXT(2) 
PARAMETRIC_REPRESENTATION_CONTEXT() REPRESENTATION_CONTEXT('2D SPACE',''
  ) );
#3594 = PCURVE('',#3007,#3595);
#3595 = DEFINITIONAL_REPRESENTATION('',(#3596),#3600);
#3596 = LINE('',#3597,#3598);
#3597 = CARTESIAN_POINT('',(1.570796326795,-6.28318530718));
#3598 = VECTOR('',#3599,1.);
#3599 = DIRECTION('',(0.,1.));
#3600 = ( GEOMETRIC_REPRESENTATION_CONTEXT(2) 
PARAMETRIC_REPRESENTATION_CONTEXT() REPRESENTATION_CONTEXT('2D SPACE',''
  ) );
#3601 = ADVANCED_FACE('',(#3602),#2678,.F.);
#3602 = FACE_BOUND('',#3603,.T.);
#3603 = EDGE_LOOP('',(#3604,#3605,#3606,#3630,#3658,#3695,#3727));
#3604 = ORIENTED_EDGE('',*,*,#3288,.F.);
#3605 = ORIENTED_EDGE('',*,*,#2662,.T.);
#3606 = ORIENTED_EDGE('',*,*,#3607,.F.);
#3607 = EDGE_CURVE('',#3608,#2663,#3610,.T.);
#3608 = VERTEX_POINT('',#3609);
#3609 = CARTESIAN_POINT('',(12.,11.,8.));
#3610 = SURFACE_CURVE('',#3611,(#3616,#3623),.PCURVE_S1.);
#3611 = CIRCLE('',#3612,5.);
#3612 = AXIS2_PLACEMENT_3D('',#3613,#3614,#3615);
#3613 = CARTESIAN_POINT('',(7.,11.,8.));
#3614 = DIRECTION('',(-0.,-1.,0.));
#3615 = DIRECTION('',(1.,-0.,1.7763568394E-16));
#3616 = PCURVE('',#2678,#3617);
#3617 = DEFINITIONAL_REPRESENTATION('',(#3618),#3622);
#3618 = LINE('',#3619,#3620);
#3619 = CARTESIAN_POINT('',(-0.,27.));
#3620 = VECTOR('',#3621,1.);
#3621 = DIRECTION('',(-1.,0.));
#3622 = ( GEOMETRIC_REPRESENTATION_CONTEXT(2) 
PARAMETRIC_REPRESENTATION_CONTEXT() REPRESENTATION_CONTEXT('2D SPACE',''
  ) );
#3623 = PCURVE('',#3007,#3624);
#3624 = DEFINITIONAL_REPRESENTATION('',(#3625),#3629);
#3625 = LINE('',#3626,#3627);
#3626 = CARTESIAN_POINT('',(0.,0.));
#3627 = VECTOR('',#3628,1.);
#3628 = DIRECTION('',(1.,0.));
#3629 = ( GEOMETRIC_REPRESENTATION_CONTEXT(2) 
PARAMETRIC_REPRESENTATION_CONTEXT() REPRESENTATION_CONTEXT('2D SPACE',''
  ) );
#3630 = ORIENTED_EDGE('',*,*,#3631,.F.);
#3631 = EDGE_CURVE('',#3632,#3608,#3634,.T.);
#3632 = VERTEX_POINT('',#3633);
#3633 = CARTESIAN_POINT('',(12.,1.268857754045,8.));
#3634 = SURFACE_CURVE('',#3635,(#3639,#3646),.PCURVE_S1.);
#3635 = LINE('',#3636,#3637);
#3636 = CARTESIAN_POINT('',(12.,-16.,8.));
#3637 = VECTOR('',#3638,1.);
#3638 = DIRECTION('',(0.,1.,0.));
#3639 = PCURVE('',#2678,#3640);
#3640 = DEFINITIONAL_REPRESENTATION('',(#3641),#3645);
#3641 = LINE('',#3642,#3643);
#3642 = CARTESIAN_POINT('',(-0.,0.));
#3643 = VECTOR('',#3644,1.);
#3644 = DIRECTION('',(-0.,1.));
#3645 = ( GEOMETRIC_REPRESENTATION_CONTEXT(2) 
PARAMETRIC_REPRESENTATION_CONTEXT() REPRESENTATION_CONTEXT('2D SPACE',''
  ) );
#3646 = PCURVE('',#3647,#3652);
#3647 = PLANE('',#3648);
#3648 = AXIS2_PLACEMENT_3D('',#3649,#3650,#3651);
#3649 = CARTESIAN_POINT('',(12.,-16.,-11.));
#3650 = DIRECTION('',(1.,0.,0.));
#3651 = DIRECTION('',(0.,0.,1.));
#3652 = DEFINITIONAL_REPRESENTATION('',(#3653),#3657);
#3653 = LINE('',#3654,#3655);
#3654 = CARTESIAN_POINT('',(19.,0.));
#3655 = VECTOR('',#3656,1.);
#3656 = DIRECTION('',(0.,-1.));
#3657 = ( GEOMETRIC_REPRESENTATION_CONTEXT(2) 
PARAMETRIC_REPRESENTATION_CONTEXT() REPRESENTATION_CONTEXT('2D SPACE',''
  ) );
#3658 = ORIENTED_EDGE('',*,*,#3659,.T.);
#3659 = EDGE_CURVE('',#3632,#3660,#3662,.T.);
#3660 = VERTEX_POINT('',#3661);
#3661 = CARTESIAN_POINT('',(11.99899989998,1.983927814619E-15,8.1));
#3662 = SURFACE_CURVE('',#3663,(#3670,#3680),.PCURVE_S1.);
#3663 = B_SPLINE_CURVE_WITH_KNOTS('',5,(#3664,#3665,#3666,#3667,#3668,
    #3669),.UNSPECIFIED.,.F.,.F.,(6,6),(0.,1.),
  .PIECEWISE_BEZIER_KNOTS.);
#3664 = CARTESIAN_POINT('',(12.,1.268857754045,8.));
#3665 = CARTESIAN_POINT('',(12.,1.016194547532,8.040074208593));
#3666 = CARTESIAN_POINT('',(11.999598611024,0.762692953409,
    8.070055730234));
#3667 = CARTESIAN_POINT('',(11.999199658038,0.508643044277,
    8.090018542573));
#3668 = CARTESIAN_POINT('',(11.99899989998,0.254323116501,8.1));
#3669 = CARTESIAN_POINT('',(11.99899989998,9.918157025296E-15,8.1));
#3670 = PCURVE('',#2678,#3671);
#3671 = DEFINITIONAL_REPRESENTATION('',(#3672),#3679);
#3672 = B_SPLINE_CURVE_WITH_KNOTS('',5,(#3673,#3674,#3675,#3676,#3677,
    #3678),.UNSPECIFIED.,.F.,.F.,(6,6),(0.,1.),
  .PIECEWISE_BEZIER_KNOTS.);
#3673 = CARTESIAN_POINT('',(0.,17.268857754045));
#3674 = CARTESIAN_POINT('',(-8.014841718656E-03,17.016194547532));
#3675 = CARTESIAN_POINT('',(-1.401117742311E-02,16.762692953409));
#3676 = CARTESIAN_POINT('',(-1.800467347932E-02,16.508643044277));
#3677 = CARTESIAN_POINT('',(-2.000133357339E-02,16.254323116501));
#3678 = CARTESIAN_POINT('',(-2.000133357339E-02,16.));
#3679 = ( GEOMETRIC_REPRESENTATION_CONTEXT(2) 
PARAMETRIC_REPRESENTATION_CONTEXT() REPRESENTATION_CONTEXT('2D SPACE',''
  ) );
#3680 = PCURVE('',#3681,#3686);
#3681 = CYLINDRICAL_SURFACE('',#3682,8.1);
#3682 = AXIS2_PLACEMENT_3D('',#3683,#3684,#3685);
#3683 = CARTESIAN_POINT('',(-20.,0.,0.));
#3684 = DIRECTION('',(1.,0.,0.));
#3685 = DIRECTION('',(-0.,0.,1.));
#3686 = DEFINITIONAL_REPRESENTATION('',(#3687),#3694);
#3687 = B_SPLINE_CURVE_WITH_KNOTS('',5,(#3688,#3689,#3690,#3691,#3692,
    #3693),.UNSPECIFIED.,.F.,.F.,(6,6),(0.,1.),
  .PIECEWISE_BEZIER_KNOTS.);
#3688 = CARTESIAN_POINT('',(6.125888354841,32.));
#3689 = CARTESIAN_POINT('',(6.157471255656,32.));
#3690 = CARTESIAN_POINT('',(6.188961196909,31.999598611024));
#3691 = CARTESIAN_POINT('',(6.220389870208,31.999199658038));
#3692 = CARTESIAN_POINT('',(6.251787391562,31.99899989998));
#3693 = CARTESIAN_POINT('',(6.28318530718,31.99899989998));
#3694 = ( GEOMETRIC_REPRESENTATION_CONTEXT(2) 
PARAMETRIC_REPRESENTATION_CONTEXT() REPRESENTATION_CONTEXT('2D SPACE',''
  ) );
#3695 = ORIENTED_EDGE('',*,*,#3696,.T.);
#3696 = EDGE_CURVE('',#3660,#3697,#3699,.T.);
#3697 = VERTEX_POINT('',#3698);
#3698 = CARTESIAN_POINT('',(12.,-1.268857754045,8.));
#3699 = SURFACE_CURVE('',#3700,(#3707,#3717),.PCURVE_S1.);
#3700 = B_SPLINE_CURVE_WITH_KNOTS('',5,(#3701,#3702,#3703,#3704,#3705,
    #3706),.UNSPECIFIED.,.F.,.F.,(6,6),(0.,1.),
  .PIECEWISE_BEZIER_KNOTS.);
#3701 = CARTESIAN_POINT('',(11.99899989998,9.992007221626E-15,8.1));
#3702 = CARTESIAN_POINT('',(11.99899989998,-0.254323119379,8.1));
#3703 = CARTESIAN_POINT('',(11.999199658068,-0.508643046397,
    8.090018542365));
#3704 = CARTESIAN_POINT('',(11.999598610996,-0.762692952909,
    8.070055730103));
#3705 = CARTESIAN_POINT('',(12.,-1.016194545124,8.040074208975));
#3706 = CARTESIAN_POINT('',(12.,-1.268857754045,8.));
#3707 = PCURVE('',#2678,#3708);
#3708 = DEFINITIONAL_REPRESENTATION('',(#3709),#3716);
#3709 = B_SPLINE_CURVE_WITH_KNOTS('',5,(#3710,#3711,#3712,#3713,#3714,
    #3715),.UNSPECIFIED.,.F.,.F.,(6,6),(0.,1.),
  .PIECEWISE_BEZIER_KNOTS.);
#3710 = CARTESIAN_POINT('',(-2.000133357339E-02,16.));
#3711 = CARTESIAN_POINT('',(-2.000133357339E-02,15.745676880621));
#3712 = CARTESIAN_POINT('',(-1.800467344572E-02,15.491356953603));
#3713 = CARTESIAN_POINT('',(-1.401117738918E-02,15.237307047091));
#3714 = CARTESIAN_POINT('',(-8.014841795038E-03,14.983805454876));
#3715 = CARTESIAN_POINT('',(0.,14.731142245955));
#3716 = ( GEOMETRIC_REPRESENTATION_CONTEXT(2) 
PARAMETRIC_REPRESENTATION_CONTEXT() REPRESENTATION_CONTEXT('2D SPACE',''
  ) );
#3717 = PCURVE('',#3681,#3718);
#3718 = DEFINITIONAL_REPRESENTATION('',(#3719),#3726);
#3719 = B_SPLINE_CURVE_WITH_KNOTS('',5,(#3720,#3721,#3722,#3723,#3724,
    #3725),.UNSPECIFIED.,.F.,.F.,(6,6),(0.,1.),
  .PIECEWISE_BEZIER_KNOTS.);
#3720 = CARTESIAN_POINT('',(-8.881784197001E-16,31.99899989998));
#3721 = CARTESIAN_POINT('',(3.139791597269E-02,31.99899989998));
#3722 = CARTESIAN_POINT('',(6.279543723255E-02,31.999199658068));
#3723 = CARTESIAN_POINT('',(9.422411021188E-02,31.999598610996));
#3724 = CARTESIAN_POINT('',(0.125714051223,32.));
#3725 = CARTESIAN_POINT('',(0.157296952338,32.));
#3726 = ( GEOMETRIC_REPRESENTATION_CONTEXT(2) 
PARAMETRIC_REPRESENTATION_CONTEXT() REPRESENTATION_CONTEXT('2D SPACE',''
  ) );
#3727 = ORIENTED_EDGE('',*,*,#3728,.F.);
#3728 = EDGE_CURVE('',#3289,#3697,#3729,.T.);
#3729 = SURFACE_CURVE('',#3730,(#3734,#3741),.PCURVE_S1.);
#3730 = LINE('',#3731,#3732);
#3731 = CARTESIAN_POINT('',(12.,-16.,8.));
#3732 = VECTOR('',#3733,1.);
#3733 = DIRECTION('',(0.,1.,0.));
#3734 = PCURVE('',#2678,#3735);
#3735 = DEFINITIONAL_REPRESENTATION('',(#3736),#3740);
#3736 = LINE('',#3737,#3738);
#3737 = CARTESIAN_POINT('',(-0.,0.));
#3738 = VECTOR('',#3739,1.);
#3739 = DIRECTION('',(-0.,1.));
#3740 = ( GEOMETRIC_REPRESENTATION_CONTEXT(2) 
PARAMETRIC_REPRESENTATION_CONTEXT() REPRESENTATION_CONTEXT('2D SPACE',''
  ) );
#3741 = PCURVE('',#3742,#3747);
#3742 = PLANE('',#3743);
#3743 = AXIS2_PLACEMENT_3D('',#3744,#3745,#3746);
#3744 = CARTESIAN_POINT('',(12.,-16.,-11.));
#3745 = DIRECTION('',(1.,0.,0.));
#3746 = DIRECTION('',(0.,0.,1.));
#3747 = DEFINITIONAL_REPRESENTATION('',(#3748),#3752);
#3748 = LINE('',#3749,#3750);
#3749 = CARTESIAN_POINT('',(19.,0.));
#3750 = VECTOR('',#3751,1.);
#3751 = DIRECTION('',(0.,-1.));
#3752 = ( GEOMETRIC_REPRESENTATION_CONTEXT(2) 
PARAMETRIC_REPRESENTATION_CONTEXT() REPRESENTATION_CONTEXT('2D SPACE',''
  ) );
#3753 = ADVANCED_FACE('',(#3754),#2730,.F.);
#3754 = FACE_BOUND('',#3755,.T.);
#3755 = EDGE_LOOP('',(#3756,#3757,#3758,#3785));
#3756 = ORIENTED_EDGE('',*,*,#2715,.F.);
#3757 = ORIENTED_EDGE('',*,*,#2820,.T.);
#3758 = ORIENTED_EDGE('',*,*,#3759,.T.);
#3759 = EDGE_CURVE('',#2793,#3103,#3760,.T.);
#3760 = SURFACE_CURVE('',#3761,(#3766,#3773),.PCURVE_S1.);
#3761 = CIRCLE('',#3762,5.);
#3762 = AXIS2_PLACEMENT_3D('',#3763,#3764,#3765);
#3763 = CARTESIAN_POINT('',(7.,11.,-6.));
#3764 = DIRECTION('',(1.,-2.832769448824E-16,0.));
#3765 = DIRECTION('',(2.832769448824E-16,1.,0.));
#3766 = PCURVE('',#2730,#3767);
#3767 = DEFINITIONAL_REPRESENTATION('',(#3768),#3772);
#3768 = LINE('',#3769,#3770);
#3769 = CARTESIAN_POINT('',(-6.28318530718,19.));
#3770 = VECTOR('',#3771,1.);
#3771 = DIRECTION('',(1.,-0.));
#3772 = ( GEOMETRIC_REPRESENTATION_CONTEXT(2) 
PARAMETRIC_REPRESENTATION_CONTEXT() REPRESENTATION_CONTEXT('2D SPACE',''
  ) );
#3773 = PCURVE('',#3774,#3779);
#3774 = SPHERICAL_SURFACE('',#3775,5.);
#3775 = AXIS2_PLACEMENT_3D('',#3776,#3777,#3778);
#3776 = CARTESIAN_POINT('',(7.,11.,-6.));
#3777 = DIRECTION('',(0.,0.,1.));
#3778 = DIRECTION('',(1.,0.,-0.));
#3779 = DEFINITIONAL_REPRESENTATION('',(#3780),#3784);
#3780 = LINE('',#3781,#3782);
#3781 = CARTESIAN_POINT('',(1.570796326795,-6.28318530718));
#3782 = VECTOR('',#3783,1.);
#3783 = DIRECTION('',(0.,1.));
#3784 = ( GEOMETRIC_REPRESENTATION_CONTEXT(2) 
PARAMETRIC_REPRESENTATION_CONTEXT() REPRESENTATION_CONTEXT('2D SPACE',''
  ) );
#3785 = ORIENTED_EDGE('',*,*,#3125,.F.);
#3786 = ADVANCED_FACE('',(#3787),#2808,.F.);
#3787 = FACE_BOUND('',#3788,.F.);
#3788 = EDGE_LOOP('',(#3789,#3813,#3814,#3838,#3861,#3953));
#3789 = ORIENTED_EDGE('',*,*,#3790,.F.);
#3790 = EDGE_CURVE('',#2770,#3791,#3793,.T.);
#3791 = VERTEX_POINT('',#3792);
#3792 = CARTESIAN_POINT('',(12.,-11.,-6.));
#3793 = SURFACE_CURVE('',#3794,(#3799,#3806),.PCURVE_S1.);
#3794 = CIRCLE('',#3795,5.);
#3795 = AXIS2_PLACEMENT_3D('',#3796,#3797,#3798);
#3796 = CARTESIAN_POINT('',(7.,-11.,-6.));
#3797 = DIRECTION('',(0.,-1.,0.));
#3798 = DIRECTION('',(1.,0.,0.));
#3799 = PCURVE('',#2808,#3800);
#3800 = DEFINITIONAL_REPRESENTATION('',(#3801),#3805);
#3801 = LINE('',#3802,#3803);
#3802 = CARTESIAN_POINT('',(6.28318530718,5.));
#3803 = VECTOR('',#3804,1.);
#3804 = DIRECTION('',(-1.,-0.));
#3805 = ( GEOMETRIC_REPRESENTATION_CONTEXT(2) 
PARAMETRIC_REPRESENTATION_CONTEXT() REPRESENTATION_CONTEXT('2D SPACE',''
  ) );
#3806 = PCURVE('',#3390,#3807);
#3807 = DEFINITIONAL_REPRESENTATION('',(#3808),#3812);
#3808 = LINE('',#3809,#3810);
#3809 = CARTESIAN_POINT('',(-0.,-6.28318530718));
#3810 = VECTOR('',#3811,1.);
#3811 = DIRECTION('',(-0.,1.));
#3812 = ( GEOMETRIC_REPRESENTATION_CONTEXT(2) 
PARAMETRIC_REPRESENTATION_CONTEXT() REPRESENTATION_CONTEXT('2D SPACE',''
  ) );
#3813 = ORIENTED_EDGE('',*,*,#2792,.T.);
#3814 = ORIENTED_EDGE('',*,*,#3815,.T.);
#3815 = EDGE_CURVE('',#2793,#3816,#3818,.T.);
#3816 = VERTEX_POINT('',#3817);
#3817 = CARTESIAN_POINT('',(12.,11.,-6.));
#3818 = SURFACE_CURVE('',#3819,(#3824,#3831),.PCURVE_S1.);
#3819 = CIRCLE('',#3820,5.);
#3820 = AXIS2_PLACEMENT_3D('',#3821,#3822,#3823);
#3821 = CARTESIAN_POINT('',(7.,11.,-6.));
#3822 = DIRECTION('',(0.,-1.,0.));
#3823 = DIRECTION('',(1.,0.,0.));
#3824 = PCURVE('',#2808,#3825);
#3825 = DEFINITIONAL_REPRESENTATION('',(#3826),#3830);
#3826 = LINE('',#3827,#3828);
#3827 = CARTESIAN_POINT('',(6.28318530718,27.));
#3828 = VECTOR('',#3829,1.);
#3829 = DIRECTION('',(-1.,-0.));
#3830 = ( GEOMETRIC_REPRESENTATION_CONTEXT(2) 
PARAMETRIC_REPRESENTATION_CONTEXT() REPRESENTATION_CONTEXT('2D SPACE',''
  ) );
#3831 = PCURVE('',#3774,#3832);
#3832 = DEFINITIONAL_REPRESENTATION('',(#3833),#3837);
#3833 = LINE('',#3834,#3835);
#3834 = CARTESIAN_POINT('',(0.,-6.28318530718));
#3835 = VECTOR('',#3836,1.);
#3836 = DIRECTION('',(0.,1.));
#3837 = ( GEOMETRIC_REPRESENTATION_CONTEXT(2) 
PARAMETRIC_REPRESENTATION_CONTEXT() REPRESENTATION_CONTEXT('2D SPACE',''
  ) );
#3838 = ORIENTED_EDGE('',*,*,#3839,.F.);
#3839 = EDGE_CURVE('',#3840,#3816,#3842,.T.);
#3840 = VERTEX_POINT('',#3841);
#3841 = CARTESIAN_POINT('',(12.,5.441507144165,-6.));
#3842 = SURFACE_CURVE('',#3843,(#3847,#3854),.PCURVE_S1.);
#3843 = LINE('',#3844,#3845);
#3844 = CARTESIAN_POINT('',(12.,-16.,-6.));
#3845 = VECTOR('',#3846,1.);
#3846 = DIRECTION('',(0.,1.,0.));
#3847 = PCURVE('',#2808,#3848);
#3848 = DEFINITIONAL_REPRESENTATION('',(#3849),#3853);
#3849 = LINE('',#3850,#3851);
#3850 = CARTESIAN_POINT('',(0.,0.));
#3851 = VECTOR('',#3852,1.);
#3852 = DIRECTION('',(0.,1.));
#3853 = ( GEOMETRIC_REPRESENTATION_CONTEXT(2) 
PARAMETRIC_REPRESENTATION_CONTEXT() REPRESENTATION_CONTEXT('2D SPACE',''
  ) );
#3854 = PCURVE('',#3647,#3855);
#3855 = DEFINITIONAL_REPRESENTATION('',(#3856),#3860);
#3856 = LINE('',#3857,#3858);
#3857 = CARTESIAN_POINT('',(5.,0.));
#3858 = VECTOR('',#3859,1.);
#3859 = DIRECTION('',(0.,-1.));
#3860 = ( GEOMETRIC_REPRESENTATION_CONTEXT(2) 
PARAMETRIC_REPRESENTATION_CONTEXT() REPRESENTATION_CONTEXT('2D SPACE',''
  ) );
#3861 = ORIENTED_EDGE('',*,*,#3862,.F.);
#3862 = EDGE_CURVE('',#3863,#3840,#3865,.T.);
#3863 = VERTEX_POINT('',#3864);
#3864 = CARTESIAN_POINT('',(12.,-5.441507144165,-6.));
#3865 = SURFACE_CURVE('',#3866,(#3893,#3923),.PCURVE_S1.);
#3866 = B_SPLINE_CURVE_WITH_KNOTS('',7,(#3867,#3868,#3869,#3870,#3871,
    #3872,#3873,#3874,#3875,#3876,#3877,#3878,#3879,#3880,#3881,#3882,
    #3883,#3884,#3885,#3886,#3887,#3888,#3889,#3890,#3891,#3892),
  .UNSPECIFIED.,.F.,.F.,(8,6,6,6,8),(0.,0.266104660319,0.499800326812,
    0.735097671023,1.),.UNSPECIFIED.);
#3867 = CARTESIAN_POINT('',(12.,-5.441507144165,-6.));
#3868 = CARTESIAN_POINT('',(12.,-5.076368301425,-6.331150936897));
#3869 = CARTESIAN_POINT('',(11.974413299636,-4.695631467597,
    -6.62920026069));
#3870 = CARTESIAN_POINT('',(11.932441044003,-4.303078288979,
    -6.894406032831));
#3871 = CARTESIAN_POINT('',(11.88099245309,-3.901617647553,
    -7.127916326331));
#3872 = CARTESIAN_POINT('',(11.825562153186,-3.493106746172,
    -7.331161470594));
#3873 = CARTESIAN_POINT('',(11.770485759478,-3.078382296924,
    -7.505477746444));
#3874 = CARTESIAN_POINT('',(11.674371562882,-2.287625164173,
    -7.78010075889));
#3875 = CARTESIAN_POINT('',(11.632434742904,-1.912979841463,
    -7.886854026008));
#3876 = CARTESIAN_POINT('',(11.596053356505,-1.534630378536,
    -7.972064642229));
#3877 = CARTESIAN_POINT('',(11.567285011405,-1.1536017944,
    -8.035899537807));
#3878 = CARTESIAN_POINT('',(11.547572376553,-0.770732468627,
    -8.078494869128));
#3879 = CARTESIAN_POINT('',(11.537670220021,-0.386724531379,
    -8.099892613505));
#3880 = CARTESIAN_POINT('',(11.537570774733,0.384847952158,
    -8.100107492107));
#3881 = CARTESIAN_POINT('',(11.547509104387,0.771483473875,
    -8.078631505966));
#3882 = CARTESIAN_POINT('',(11.567396924873,1.156960180066,
    -8.035669086434));
#3883 = CARTESIAN_POINT('',(11.596463093633,1.540565899655,
    -7.97117804889));
#3884 = CARTESIAN_POINT('',(11.633230719734,1.921449379288,
    -7.885017860281));
#3885 = CARTESIAN_POINT('',(11.675592482806,2.29856723526,
    -7.777014762932));
#3886 = CARTESIAN_POINT('',(11.771981654928,3.089644421626,
    -7.500734898925));
#3887 = CARTESIAN_POINT('',(11.826815372774,3.502345834807,
    -7.326556880757));
#3888 = CARTESIAN_POINT('',(11.881921505335,3.908877491148,
    -7.123688682403));
#3889 = CARTESIAN_POINT('',(11.933009684771,4.308404196798,
    -6.890806265505));
#3890 = CARTESIAN_POINT('',(11.97464529736,4.699081039669,
    -6.626500234104));
#3891 = CARTESIAN_POINT('',(12.,5.078027628481,-6.329646063559));
#3892 = CARTESIAN_POINT('',(12.,5.441507144165,-6.));
#3893 = PCURVE('',#2808,#3894);
#3894 = DEFINITIONAL_REPRESENTATION('',(#3895),#3922);
#3895 = B_SPLINE_CURVE_WITH_KNOTS('',7,(#3896,#3897,#3898,#3899,#3900,
    #3901,#3902,#3903,#3904,#3905,#3906,#3907,#3908,#3909,#3910,#3911,
    #3912,#3913,#3914,#3915,#3916,#3917,#3918,#3919,#3920,#3921),
  .UNSPECIFIED.,.F.,.F.,(8,6,6,6,8),(0.,0.266104660319,0.499800326812,
    0.735097671023,1.),.UNSPECIFIED.);
#3896 = CARTESIAN_POINT('',(0.,10.558492855835));
#3897 = CARTESIAN_POINT('',(6.623018737943E-02,10.923631698575));
#3898 = CARTESIAN_POINT('',(0.125840206321,11.304368532403));
#3899 = CARTESIAN_POINT('',(0.179354966235,11.696921711021));
#3900 = CARTESIAN_POINT('',(0.227056649126,12.098382352447));
#3901 = CARTESIAN_POINT('',(0.269135225527,12.506893253828));
#3902 = CARTESIAN_POINT('',(0.305679970284,12.921617703076));
#3903 = CARTESIAN_POINT('',(0.363871288452,13.712374835827));
#3904 = CARTESIAN_POINT('',(0.38679393548,14.087020158537));
#3905 = CARTESIAN_POINT('',(0.405316255615,14.465369621464));
#3906 = CARTESIAN_POINT('',(0.419318747942,14.8463982056));
#3907 = CARTESIAN_POINT('',(0.428706166246,15.229267531373));
#3908 = CARTESIAN_POINT('',(0.433421654254,15.613275468621));
#3909 = CARTESIAN_POINT('',(0.43346900916,16.384847952158));
#3910 = CARTESIAN_POINT('',(0.428736285213,16.771483473875));
#3911 = CARTESIAN_POINT('',(0.419267510032,17.156960180066));
#3912 = CARTESIAN_POINT('',(0.405120924568,17.540565899655));
#3913 = CARTESIAN_POINT('',(0.386393880395,17.921449379288));
#3914 = CARTESIAN_POINT('',(0.363208087043,18.29856723526));
#3915 = CARTESIAN_POINT('',(0.304685805557,19.089644421626));
#3916 = CARTESIAN_POINT('',(0.268182068448,19.502345834807));
#3917 = CARTESIAN_POINT('',(0.226193110788,19.908877491148));
#3918 = CARTESIAN_POINT('',(0.178628599432,20.308404196798));
#3919 = CARTESIAN_POINT('',(0.125300195567,20.699081039669));
#3920 = CARTESIAN_POINT('',(6.592921271174E-02,21.078027628481));
#3921 = CARTESIAN_POINT('',(0.,21.441507144165));
#3922 = ( GEOMETRIC_REPRESENTATION_CONTEXT(2) 
PARAMETRIC_REPRESENTATION_CONTEXT() REPRESENTATION_CONTEXT('2D SPACE',''
  ) );
#3923 = PCURVE('',#3681,#3924);
#3924 = DEFINITIONAL_REPRESENTATION('',(#3925),#3952);
#3925 = B_SPLINE_CURVE_WITH_KNOTS('',7,(#3926,#3927,#3928,#3929,#3930,
    #3931,#3932,#3933,#3934,#3935,#3936,#3937,#3938,#3939,#3940,#3941,
    #3942,#3943,#3944,#3945,#3946,#3947,#3948,#3949,#3950,#3951),
  .UNSPECIFIED.,.F.,.F.,(8,6,6,6,8),(0.,0.266104660319,0.499800326812,
    0.735097671023,1.),.UNSPECIFIED.);
#3926 = CARTESIAN_POINT('',(2.404968651571,32.));
#3927 = CARTESIAN_POINT('',(2.465825125361,32.));
#3928 = CARTESIAN_POINT('',(2.525362650979,31.974413299636));
#3929 = CARTESIAN_POINT('',(2.583625096016,31.932441044003));
#3930 = CARTESIAN_POINT('',(2.640737336574,31.880992453091));
#3931 = CARTESIAN_POINT('',(2.696883343564,31.825562153186));
#3932 = CARTESIAN_POINT('',(2.752310380552,31.770485759478));
#3933 = CARTESIAN_POINT('',(2.85565445436,31.674371562882));
#3934 = CARTESIAN_POINT('',(2.903670795974,31.632434742904));
#3935 = CARTESIAN_POINT('',(2.951430971911,31.596053356505));
#3936 = CARTESIAN_POINT('',(2.998995788836,31.567285011405));
#3937 = CARTESIAN_POINT('',(3.046439770388,31.547572376553));
#3938 = CARTESIAN_POINT('',(3.093848882439,31.537670220021));
#3939 = CARTESIAN_POINT('',(3.189104748299,31.537570774733));
#3940 = CARTESIAN_POINT('',(3.236836778732,31.547509104387));
#3941 = CARTESIAN_POINT('',(3.284603336047,31.567396924873));
#3942 = CARTESIAN_POINT('',(3.332492642328,31.596463093633));
#3943 = CARTESIAN_POINT('',(3.38058129993,31.633230719734));
#3944 = CARTESIAN_POINT('',(3.428931877055,31.675592482806));
#3945 = CARTESIAN_POINT('',(3.532380540371,31.771981654928));
#3946 = CARTESIAN_POINT('',(3.58757222852,31.826815372774));
#3947 = CARTESIAN_POINT('',(3.643481094872,31.881921505335));
#3948 = CARTESIAN_POINT('',(3.700350815172,31.933009684771));
#3949 = CARTESIAN_POINT('',(3.758362049832,31.97464529736));
#3950 = CARTESIAN_POINT('',(3.817636736328,32.));
#3951 = CARTESIAN_POINT('',(3.878216655609,32.));
#3952 = ( GEOMETRIC_REPRESENTATION_CONTEXT(2) 
PARAMETRIC_REPRESENTATION_CONTEXT() REPRESENTATION_CONTEXT('2D SPACE',''
  ) );
#3953 = ORIENTED_EDGE('',*,*,#3954,.F.);
#3954 = EDGE_CURVE('',#3791,#3863,#3955,.T.);
#3955 = SURFACE_CURVE('',#3956,(#3960,#3967),.PCURVE_S1.);
#3956 = LINE('',#3957,#3958);
#3957 = CARTESIAN_POINT('',(12.,-16.,-6.));
#3958 = VECTOR('',#3959,1.);
#3959 = DIRECTION('',(0.,1.,0.));
#3960 = PCURVE('',#2808,#3961);
#3961 = DEFINITIONAL_REPRESENTATION('',(#3962),#3966);
#3962 = LINE('',#3963,#3964);
#3963 = CARTESIAN_POINT('',(0.,0.));
#3964 = VECTOR('',#3965,1.);
#3965 = DIRECTION('',(0.,1.));
#3966 = ( GEOMETRIC_REPRESENTATION_CONTEXT(2) 
PARAMETRIC_REPRESENTATION_CONTEXT() REPRESENTATION_CONTEXT('2D SPACE',''
  ) );
#3967 = PCURVE('',#3742,#3968);
#3968 = DEFINITIONAL_REPRESENTATION('',(#3969),#3973);
#3969 = LINE('',#3970,#3971);
#3970 = CARTESIAN_POINT('',(5.,0.));
#3971 = VECTOR('',#3972,1.);
#3972 = DIRECTION('',(0.,-1.));
#3973 = ( GEOMETRIC_REPRESENTATION_CONTEXT(2) 
PARAMETRIC_REPRESENTATION_CONTEXT() REPRESENTATION_CONTEXT('2D SPACE',''
  ) );
#3974 = ADVANCED_FACE('',(#3975),#3007,.F.);
#3975 = FACE_BOUND('',#3976,.F.);
#3976 = EDGE_LOOP('',(#3977,#4006,#4032,#4033,#4034));
#3977 = ORIENTED_EDGE('',*,*,#3978,.F.);
#3978 = EDGE_CURVE('',#3979,#3608,#3981,.T.);
#3979 = VERTEX_POINT('',#3980);
#3980 = CARTESIAN_POINT('',(11.,14.,8.));
#3981 = SURFACE_CURVE('',#3982,(#3987,#3994),.PCURVE_S1.);
#3982 = CIRCLE('',#3983,5.);
#3983 = AXIS2_PLACEMENT_3D('',#3984,#3985,#3986);
#3984 = CARTESIAN_POINT('',(7.,11.,8.));
#3985 = DIRECTION('',(1.7763568394E-16,0.,-1.));
#3986 = DIRECTION('',(1.,0.,1.7763568394E-16));
#3987 = PCURVE('',#3007,#3988);
#3988 = DEFINITIONAL_REPRESENTATION('',(#3989),#3993);
#3989 = LINE('',#3990,#3991);
#3990 = CARTESIAN_POINT('',(0.,-6.28318530718));
#3991 = VECTOR('',#3992,1.);
#3992 = DIRECTION('',(0.,1.));
#3993 = ( GEOMETRIC_REPRESENTATION_CONTEXT(2) 
PARAMETRIC_REPRESENTATION_CONTEXT() REPRESENTATION_CONTEXT('2D SPACE',''
  ) );
#3994 = PCURVE('',#3995,#4000);
#3995 = CYLINDRICAL_SURFACE('',#3996,5.);
#3996 = AXIS2_PLACEMENT_3D('',#3997,#3998,#3999);
#3997 = CARTESIAN_POINT('',(7.,11.,-11.));
#3998 = DIRECTION('',(0.,0.,1.));
#3999 = DIRECTION('',(1.,0.,-0.));
#4000 = DEFINITIONAL_REPRESENTATION('',(#4001),#4005);
#4001 = LINE('',#4002,#4003);
#4002 = CARTESIAN_POINT('',(6.28318530718,19.));
#4003 = VECTOR('',#4004,1.);
#4004 = DIRECTION('',(-1.,-0.));
#4005 = ( GEOMETRIC_REPRESENTATION_CONTEXT(2) 
PARAMETRIC_REPRESENTATION_CONTEXT() REPRESENTATION_CONTEXT('2D SPACE',''
  ) );
#4006 = ORIENTED_EDGE('',*,*,#4007,.T.);
#4007 = EDGE_CURVE('',#3979,#2906,#4008,.T.);
#4008 = SURFACE_CURVE('',#4009,(#4014,#4021),.PCURVE_S1.);
#4009 = CIRCLE('',#4010,4.);
#4010 = AXIS2_PLACEMENT_3D('',#4011,#4012,#4013);
#4011 = CARTESIAN_POINT('',(7.,14.,8.));
#4012 = DIRECTION('',(-0.,-1.,0.));
#4013 = DIRECTION('',(1.,-0.,1.7763568394E-16));
#4014 = PCURVE('',#3007,#4015);
#4015 = DEFINITIONAL_REPRESENTATION('',(#4016),#4020);
#4016 = LINE('',#4017,#4018);
#4017 = CARTESIAN_POINT('',(0.,-0.643501108793));
#4018 = VECTOR('',#4019,1.);
#4019 = DIRECTION('',(1.,0.));
#4020 = ( GEOMETRIC_REPRESENTATION_CONTEXT(2) 
PARAMETRIC_REPRESENTATION_CONTEXT() REPRESENTATION_CONTEXT('2D SPACE',''
  ) );
#4021 = PCURVE('',#2921,#4022);
#4022 = DEFINITIONAL_REPRESENTATION('',(#4023),#4031);
#4023 = ( BOUNDED_CURVE() B_SPLINE_CURVE(2,(#4024,#4025,#4026,#4027,
#4028,#4029,#4030),.UNSPECIFIED.,.T.,.F.) B_SPLINE_CURVE_WITH_KNOTS((1,2
    ,2,2,2,1),(-2.094395102393,0.,2.094395102393,4.188790204786,
6.28318530718,8.377580409573),.UNSPECIFIED.) CURVE() 
GEOMETRIC_REPRESENTATION_ITEM() RATIONAL_B_SPLINE_CURVE((1.,0.5,1.,0.5,
1.,0.5,1.)) REPRESENTATION_ITEM('') );
#4024 = CARTESIAN_POINT('',(25.,30.));
#4025 = CARTESIAN_POINT('',(31.928203230276,30.));
#4026 = CARTESIAN_POINT('',(28.464101615138,24.));
#4027 = CARTESIAN_POINT('',(25.,18.));
#4028 = CARTESIAN_POINT('',(21.535898384862,24.));
#4029 = CARTESIAN_POINT('',(18.071796769724,30.));
#4030 = CARTESIAN_POINT('',(25.,30.));
#4031 = ( GEOMETRIC_REPRESENTATION_CONTEXT(2) 
PARAMETRIC_REPRESENTATION_CONTEXT() REPRESENTATION_CONTEXT('2D SPACE',''
  ) );
#4032 = ORIENTED_EDGE('',*,*,#2933,.T.);
#4033 = ORIENTED_EDGE('',*,*,#3580,.T.);
#4034 = ORIENTED_EDGE('',*,*,#3607,.F.);
#4035 = ADVANCED_FACE('',(#4036),#2921,.T.);
#4036 = FACE_BOUND('',#4037,.T.);
#4037 = EDGE_LOOP('',(#4038,#4039,#4083,#4102,#4103,#4104));
#4038 = ORIENTED_EDGE('',*,*,#3102,.F.);
#4039 = ORIENTED_EDGE('',*,*,#4040,.F.);
#4040 = EDGE_CURVE('',#4041,#3103,#4043,.T.);
#4041 = VERTEX_POINT('',#4042);
#4042 = CARTESIAN_POINT('',(11.,14.,-6.));
#4043 = SURFACE_CURVE('',#4044,(#4049,#4056),.PCURVE_S1.);
#4044 = CIRCLE('',#4045,4.);
#4045 = AXIS2_PLACEMENT_3D('',#4046,#4047,#4048);
#4046 = CARTESIAN_POINT('',(7.,14.,-6.));
#4047 = DIRECTION('',(0.,1.,0.));
#4048 = DIRECTION('',(0.,-0.,1.));
#4049 = PCURVE('',#2921,#4050);
#4050 = DEFINITIONAL_REPRESENTATION('',(#4051),#4055);
#4051 = CIRCLE('',#4052,4.);
#4052 = AXIS2_PLACEMENT_2D('',#4053,#4054);
#4053 = CARTESIAN_POINT('',(11.,26.));
#4054 = DIRECTION('',(1.,0.));
#4055 = ( GEOMETRIC_REPRESENTATION_CONTEXT(2) 
PARAMETRIC_REPRESENTATION_CONTEXT() REPRESENTATION_CONTEXT('2D SPACE',''
  ) );
#4056 = PCURVE('',#3774,#4057);
#4057 = DEFINITIONAL_REPRESENTATION('',(#4058),#4082);
#4058 = B_SPLINE_CURVE_WITH_KNOTS('',8,(#4059,#4060,#4061,#4062,#4063,
    #4064,#4065,#4066,#4067,#4068,#4069,#4070,#4071,#4072,#4073,#4074,
    #4075,#4076,#4077,#4078,#4079,#4080,#4081),.UNSPECIFIED.,.F.,.F.,(9,
    7,7,9),(1.570796326795,2.356194490192,2.748893571891,3.14159265359),
  .UNSPECIFIED.);
#4059 = CARTESIAN_POINT('',(0.643501108793,0.));
#4060 = CARTESIAN_POINT('',(0.643501108793,-7.853981633974E-02));
#4061 = CARTESIAN_POINT('',(0.648788110983,-0.157079684455));
#4062 = CARTESIAN_POINT('',(0.659364612948,-0.235203900361));
#4063 = CARTESIAN_POINT('',(0.675529214348,-0.31249892627));
#4064 = CARTESIAN_POINT('',(0.697925481725,-0.388484407485));
#4065 = CARTESIAN_POINT('',(0.727495203425,-0.4625690402));
#4066 = CARTESIAN_POINT('',(0.765824531024,-0.533916879781));
#4067 = CARTESIAN_POINT('',(0.839328109045,-0.634937885128));
#4068 = CARTESIAN_POINT('',(0.866497379483,-0.667611429933));
#4069 = CARTESIAN_POINT('',(0.896574092678,-0.699127109754));
#4070 = CARTESIAN_POINT('',(0.929814717569,-0.729300228591));
#4071 = CARTESIAN_POINT('',(0.966485951003,-0.757915602128));
#4072 = CARTESIAN_POINT('',(1.006831944302,-0.784720853409));
#4073 = CARTESIAN_POINT('',(1.051009697362,-0.80942848155));
#4074 = CARTESIAN_POINT('',(1.146963673092,-0.854048812801));
#4075 = CARTESIAN_POINT('',(1.198739911227,-0.873961550173));
#4076 = CARTESIAN_POINT('',(1.254285024543,-0.891176931236));
#4077 = CARTESIAN_POINT('',(1.313377323709,-0.905383831461));
#4078 = CARTESIAN_POINT('',(1.375540992122,-0.916280210552));
#4079 = CARTESIAN_POINT('',(1.439896733691,-0.923623462433));
#4080 = CARTESIAN_POINT('',(1.505346479845,-0.927295218002));
#4081 = CARTESIAN_POINT('',(1.570796326795,-0.927295218002));
#4082 = ( GEOMETRIC_REPRESENTATION_CONTEXT(2) 
PARAMETRIC_REPRESENTATION_CONTEXT() REPRESENTATION_CONTEXT('2D SPACE',''
  ) );
#4083 = ORIENTED_EDGE('',*,*,#4084,.T.);
#4084 = EDGE_CURVE('',#4041,#3979,#4085,.T.);
#4085 = SURFACE_CURVE('',#4086,(#4090,#4096),.PCURVE_S1.);
#4086 = LINE('',#4087,#4088);
#4087 = CARTESIAN_POINT('',(11.,14.,-11.));
#4088 = VECTOR('',#4089,1.);
#4089 = DIRECTION('',(0.,0.,1.));
#4090 = PCURVE('',#2921,#4091);
#4091 = DEFINITIONAL_REPRESENTATION('',(#4092),#4095);
#4092 = B_SPLINE_CURVE_WITH_KNOTS('',1,(#4093,#4094),.UNSPECIFIED.,.F.,
  .F.,(2,2),(4.9999994,19.0000006),.PIECEWISE_BEZIER_KNOTS.);
#4093 = CARTESIAN_POINT('',(10.9999994,30.));
#4094 = CARTESIAN_POINT('',(25.0000006,30.));
#4095 = ( GEOMETRIC_REPRESENTATION_CONTEXT(2) 
PARAMETRIC_REPRESENTATION_CONTEXT() REPRESENTATION_CONTEXT('2D SPACE',''
  ) );
#4096 = PCURVE('',#3995,#4097);
#4097 = DEFINITIONAL_REPRESENTATION('',(#4098),#4101);
#4098 = B_SPLINE_CURVE_WITH_KNOTS('',1,(#4099,#4100),.UNSPECIFIED.,.F.,
  .F.,(2,2),(4.9999994,19.0000006),.PIECEWISE_BEZIER_KNOTS.);
#4099 = CARTESIAN_POINT('',(0.643501108793,4.9999994));
#4100 = CARTESIAN_POINT('',(0.643501108793,19.0000006));
#4101 = ( GEOMETRIC_REPRESENTATION_CONTEXT(2) 
PARAMETRIC_REPRESENTATION_CONTEXT() REPRESENTATION_CONTEXT('2D SPACE',''
  ) );
#4102 = ORIENTED_EDGE('',*,*,#4007,.T.);
#4103 = ORIENTED_EDGE('',*,*,#2905,.T.);
#4104 = ORIENTED_EDGE('',*,*,#4105,.F.);
#4105 = EDGE_CURVE('',#3074,#2877,#4106,.T.);
#4106 = SURFACE_CURVE('',#4107,(#4111,#4118),.PCURVE_S1.);
#4107 = LINE('',#4108,#4109);
#4108 = CARTESIAN_POINT('',(12.,14.,-17.));
#4109 = VECTOR('',#4110,1.);
#4110 = DIRECTION('',(0.,0.,1.));
#4111 = PCURVE('',#2921,#4112);
#4112 = DEFINITIONAL_REPRESENTATION('',(#4113),#4117);
#4113 = LINE('',#4114,#4115);
#4114 = CARTESIAN_POINT('',(0.,31.));
#4115 = VECTOR('',#4116,1.);
#4116 = DIRECTION('',(1.,0.));
#4117 = ( GEOMETRIC_REPRESENTATION_CONTEXT(2) 
PARAMETRIC_REPRESENTATION_CONTEXT() REPRESENTATION_CONTEXT('2D SPACE',''
  ) );
#4118 = PCURVE('',#4119,#4124);
#4119 = CYLINDRICAL_SURFACE('',#4120,7.);
#4120 = AXIS2_PLACEMENT_3D('',#4121,#4122,#4123);
#4121 = CARTESIAN_POINT('',(12.,7.,-17.));
#4122 = DIRECTION('',(0.,0.,1.));
#4123 = DIRECTION('',(1.,0.,-0.));
#4124 = DEFINITIONAL_REPRESENTATION('',(#4125),#4129);
#4125 = LINE('',#4126,#4127);
#4126 = CARTESIAN_POINT('',(1.570796326795,0.));
#4127 = VECTOR('',#4128,1.);
#4128 = DIRECTION('',(0.,1.));
#4129 = ( GEOMETRIC_REPRESENTATION_CONTEXT(2) 
PARAMETRIC_REPRESENTATION_CONTEXT() REPRESENTATION_CONTEXT('2D SPACE',''
  ) );
#4130 = ADVANCED_FACE('',(#4131),#2893,.T.);
#4131 = FACE_BOUND('',#4132,.T.);
#4132 = EDGE_LOOP('',(#4133,#4157,#4158));
#4133 = ORIENTED_EDGE('',*,*,#4134,.F.);
#4134 = EDGE_CURVE('',#2877,#4135,#4137,.T.);
#4135 = VERTEX_POINT('',#4136);
#4136 = CARTESIAN_POINT('',(19.,7.,10.));
#4137 = SURFACE_CURVE('',#4138,(#4143,#4150),.PCURVE_S1.);
#4138 = CIRCLE('',#4139,7.);
#4139 = AXIS2_PLACEMENT_3D('',#4140,#4141,#4142);
#4140 = CARTESIAN_POINT('',(12.,7.,10.));
#4141 = DIRECTION('',(0.,0.,-1.));
#4142 = DIRECTION('',(1.,0.,0.));
#4143 = PCURVE('',#2893,#4144);
#4144 = DEFINITIONAL_REPRESENTATION('',(#4145),#4149);
#4145 = LINE('',#4146,#4147);
#4146 = CARTESIAN_POINT('',(0.,-6.28318530718));
#4147 = VECTOR('',#4148,1.);
#4148 = DIRECTION('',(0.,1.));
#4149 = ( GEOMETRIC_REPRESENTATION_CONTEXT(2) 
PARAMETRIC_REPRESENTATION_CONTEXT() REPRESENTATION_CONTEXT('2D SPACE',''
  ) );
#4150 = PCURVE('',#4119,#4151);
#4151 = DEFINITIONAL_REPRESENTATION('',(#4152),#4156);
#4152 = LINE('',#4153,#4154);
#4153 = CARTESIAN_POINT('',(6.28318530718,27.));
#4154 = VECTOR('',#4155,1.);
#4155 = DIRECTION('',(-1.,-0.));
#4156 = ( GEOMETRIC_REPRESENTATION_CONTEXT(2) 
PARAMETRIC_REPRESENTATION_CONTEXT() REPRESENTATION_CONTEXT('2D SPACE',''
  ) );
#4157 = ORIENTED_EDGE('',*,*,#2876,.T.);
#4158 = ORIENTED_EDGE('',*,*,#4159,.F.);
#4159 = EDGE_CURVE('',#4135,#2854,#4160,.T.);
#4160 = SURFACE_CURVE('',#4161,(#4166,#4173),.PCURVE_S1.);
#4161 = CIRCLE('',#4162,7.);
#4162 = AXIS2_PLACEMENT_3D('',#4163,#4164,#4165);
#4163 = CARTESIAN_POINT('',(12.,7.,10.));
#4164 = DIRECTION('',(-0.,-1.,0.));
#4165 = DIRECTION('',(1.,-0.,0.));
#4166 = PCURVE('',#2893,#4167);
#4167 = DEFINITIONAL_REPRESENTATION('',(#4168),#4172);
#4168 = LINE('',#4169,#4170);
#4169 = CARTESIAN_POINT('',(0.,0.));
#4170 = VECTOR('',#4171,1.);
#4171 = DIRECTION('',(1.,0.));
#4172 = ( GEOMETRIC_REPRESENTATION_CONTEXT(2) 
PARAMETRIC_REPRESENTATION_CONTEXT() REPRESENTATION_CONTEXT('2D SPACE',''
  ) );
#4173 = PCURVE('',#3244,#4174);
#4174 = DEFINITIONAL_REPRESENTATION('',(#4175),#4179);
#4175 = LINE('',#4176,#4177);
#4176 = CARTESIAN_POINT('',(-0.,21.));
#4177 = VECTOR('',#4178,1.);
#4178 = DIRECTION('',(-1.,0.));
#4179 = ( GEOMETRIC_REPRESENTATION_CONTEXT(2) 
PARAMETRIC_REPRESENTATION_CONTEXT() REPRESENTATION_CONTEXT('2D SPACE',''
  ) );
#4180 = ADVANCED_FACE('',(#4181),#3090,.T.);
#4181 = FACE_BOUND('',#4182,.T.);
#4182 = EDGE_LOOP('',(#4183,#4184,#4185));
#4183 = ORIENTED_EDGE('',*,*,#3175,.F.);
#4184 = ORIENTED_EDGE('',*,*,#3073,.T.);
#4185 = ORIENTED_EDGE('',*,*,#4186,.F.);
#4186 = EDGE_CURVE('',#3176,#3074,#4187,.T.);
#4187 = SURFACE_CURVE('',#4188,(#4193,#4200),.PCURVE_S1.);
#4188 = CIRCLE('',#4189,7.);
#4189 = AXIS2_PLACEMENT_3D('',#4190,#4191,#4192);
#4190 = CARTESIAN_POINT('',(12.,7.,-10.));
#4191 = DIRECTION('',(0.,0.,1.));
#4192 = DIRECTION('',(1.,1.268826313857E-16,-0.));
#4193 = PCURVE('',#3090,#4194);
#4194 = DEFINITIONAL_REPRESENTATION('',(#4195),#4199);
#4195 = LINE('',#4196,#4197);
#4196 = CARTESIAN_POINT('',(0.,0.));
#4197 = VECTOR('',#4198,1.);
#4198 = DIRECTION('',(1.,0.));
#4199 = ( GEOMETRIC_REPRESENTATION_CONTEXT(2) 
PARAMETRIC_REPRESENTATION_CONTEXT() REPRESENTATION_CONTEXT('2D SPACE',''
  ) );
#4200 = PCURVE('',#4119,#4201);
#4201 = DEFINITIONAL_REPRESENTATION('',(#4202),#4206);
#4202 = LINE('',#4203,#4204);
#4203 = CARTESIAN_POINT('',(0.,7.));
#4204 = VECTOR('',#4205,1.);
#4205 = DIRECTION('',(1.,0.));
#4206 = ( GEOMETRIC_REPRESENTATION_CONTEXT(2) 
PARAMETRIC_REPRESENTATION_CONTEXT() REPRESENTATION_CONTEXT('2D SPACE',''
  ) );
#4207 = ADVANCED_FACE('',(#4208),#3213,.T.);
#4208 = FACE_BOUND('',#4209,.T.);
#4209 = EDGE_LOOP('',(#4210,#4233,#4234,#4257));
#4210 = ORIENTED_EDGE('',*,*,#4211,.F.);
#4211 = EDGE_CURVE('',#3151,#4212,#4214,.T.);
#4212 = VERTEX_POINT('',#4213);
#4213 = CARTESIAN_POINT('',(19.,-7.,-4.075536774463));
#4214 = SURFACE_CURVE('',#4215,(#4219,#4226),.PCURVE_S1.);
#4215 = LINE('',#4216,#4217);
#4216 = CARTESIAN_POINT('',(19.,-7.,-17.));
#4217 = VECTOR('',#4218,1.);
#4218 = DIRECTION('',(0.,0.,1.));
#4219 = PCURVE('',#3213,#4220);
#4220 = DEFINITIONAL_REPRESENTATION('',(#4221),#4225);
#4221 = LINE('',#4222,#4223);
#4222 = CARTESIAN_POINT('',(0.,-7.));
#4223 = VECTOR('',#4224,1.);
#4224 = DIRECTION('',(1.,0.));
#4225 = ( GEOMETRIC_REPRESENTATION_CONTEXT(2) 
PARAMETRIC_REPRESENTATION_CONTEXT() REPRESENTATION_CONTEXT('2D SPACE',''
  ) );
#4226 = PCURVE('',#3457,#4227);
#4227 = DEFINITIONAL_REPRESENTATION('',(#4228),#4232);
#4228 = LINE('',#4229,#4230);
#4229 = CARTESIAN_POINT('',(-0.,0.));
#4230 = VECTOR('',#4231,1.);
#4231 = DIRECTION('',(-0.,1.));
#4232 = ( GEOMETRIC_REPRESENTATION_CONTEXT(2) 
PARAMETRIC_REPRESENTATION_CONTEXT() REPRESENTATION_CONTEXT('2D SPACE',''
  ) );
#4233 = ORIENTED_EDGE('',*,*,#3199,.T.);
#4234 = ORIENTED_EDGE('',*,*,#4235,.T.);
#4235 = EDGE_CURVE('',#3176,#4236,#4238,.T.);
#4236 = VERTEX_POINT('',#4237);
#4237 = CARTESIAN_POINT('',(19.,7.,-4.075536774463));
#4238 = SURFACE_CURVE('',#4239,(#4243,#4250),.PCURVE_S1.);
#4239 = LINE('',#4240,#4241);
#4240 = CARTESIAN_POINT('',(19.,7.,-17.));
#4241 = VECTOR('',#4242,1.);
#4242 = DIRECTION('',(0.,0.,1.));
#4243 = PCURVE('',#3213,#4244);
#4244 = DEFINITIONAL_REPRESENTATION('',(#4245),#4249);
#4245 = LINE('',#4246,#4247);
#4246 = CARTESIAN_POINT('',(0.,-21.));
#4247 = VECTOR('',#4248,1.);
#4248 = DIRECTION('',(1.,0.));
#4249 = ( GEOMETRIC_REPRESENTATION_CONTEXT(2) 
PARAMETRIC_REPRESENTATION_CONTEXT() REPRESENTATION_CONTEXT('2D SPACE',''
  ) );
#4250 = PCURVE('',#4119,#4251);
#4251 = DEFINITIONAL_REPRESENTATION('',(#4252),#4256);
#4252 = LINE('',#4253,#4254);
#4253 = CARTESIAN_POINT('',(0.,0.));
#4254 = VECTOR('',#4255,1.);
#4255 = DIRECTION('',(0.,1.));
#4256 = ( GEOMETRIC_REPRESENTATION_CONTEXT(2) 
PARAMETRIC_REPRESENTATION_CONTEXT() REPRESENTATION_CONTEXT('2D SPACE',''
  ) );
#4257 = ORIENTED_EDGE('',*,*,#4258,.F.);
#4258 = EDGE_CURVE('',#4212,#4236,#4259,.T.);
#4259 = SURFACE_CURVE('',#4260,(#4265,#4272),.PCURVE_S1.);
#4260 = CIRCLE('',#4261,8.1);
#4261 = AXIS2_PLACEMENT_3D('',#4262,#4263,#4264);
#4262 = CARTESIAN_POINT('',(19.,0.,0.));
#4263 = DIRECTION('',(1.,0.,0.));
#4264 = DIRECTION('',(-0.,0.,1.));
#4265 = PCURVE('',#3213,#4266);
#4266 = DEFINITIONAL_REPRESENTATION('',(#4267),#4271);
#4267 = CIRCLE('',#4268,8.1);
#4268 = AXIS2_PLACEMENT_2D('',#4269,#4270);
#4269 = CARTESIAN_POINT('',(17.,-14.));
#4270 = DIRECTION('',(1.,0.));
#4271 = ( GEOMETRIC_REPRESENTATION_CONTEXT(2) 
PARAMETRIC_REPRESENTATION_CONTEXT() REPRESENTATION_CONTEXT('2D SPACE',''
  ) );
#4272 = PCURVE('',#4273,#4278);
#4273 = CYLINDRICAL_SURFACE('',#4274,8.1);
#4274 = AXIS2_PLACEMENT_3D('',#4275,#4276,#4277);
#4275 = CARTESIAN_POINT('',(-20.,0.,0.));
#4276 = DIRECTION('',(1.,0.,0.));
#4277 = DIRECTION('',(-0.,0.,1.));
#4278 = DEFINITIONAL_REPRESENTATION('',(#4279),#4283);
#4279 = LINE('',#4280,#4281);
#4280 = CARTESIAN_POINT('',(0.,39.));
#4281 = VECTOR('',#4282,1.);
#4282 = DIRECTION('',(1.,0.));
#4283 = ( GEOMETRIC_REPRESENTATION_CONTEXT(2) 
PARAMETRIC_REPRESENTATION_CONTEXT() REPRESENTATION_CONTEXT('2D SPACE',''
  ) );
#4284 = ADVANCED_FACE('',(#4285),#3244,.T.);
#4285 = FACE_BOUND('',#4286,.F.);
#4286 = EDGE_LOOP('',(#4287,#4288,#4289,#4290));
#4287 = ORIENTED_EDGE('',*,*,#3472,.F.);
#4288 = ORIENTED_EDGE('',*,*,#3230,.T.);
#4289 = ORIENTED_EDGE('',*,*,#4159,.F.);
#4290 = ORIENTED_EDGE('',*,*,#4291,.F.);
#4291 = EDGE_CURVE('',#3473,#4135,#4292,.T.);
#4292 = SURFACE_CURVE('',#4293,(#4297,#4304),.PCURVE_S1.);
#4293 = LINE('',#4294,#4295);
#4294 = CARTESIAN_POINT('',(19.,-14.,10.));
#4295 = VECTOR('',#4296,1.);
#4296 = DIRECTION('',(0.,1.,0.));
#4297 = PCURVE('',#3244,#4298);
#4298 = DEFINITIONAL_REPRESENTATION('',(#4299),#4303);
#4299 = LINE('',#4300,#4301);
#4300 = CARTESIAN_POINT('',(-0.,0.));
#4301 = VECTOR('',#4302,1.);
#4302 = DIRECTION('',(-0.,1.));
#4303 = ( GEOMETRIC_REPRESENTATION_CONTEXT(2) 
PARAMETRIC_REPRESENTATION_CONTEXT() REPRESENTATION_CONTEXT('2D SPACE',''
  ) );
#4304 = PCURVE('',#4305,#4310);
#4305 = PLANE('',#4306);
#4306 = AXIS2_PLACEMENT_3D('',#4307,#4308,#4309);
#4307 = CARTESIAN_POINT('',(19.,-14.,-17.));
#4308 = DIRECTION('',(1.,0.,0.));
#4309 = DIRECTION('',(0.,0.,1.));
#4310 = DEFINITIONAL_REPRESENTATION('',(#4311),#4315);
#4311 = LINE('',#4312,#4313);
#4312 = CARTESIAN_POINT('',(27.,0.));
#4313 = VECTOR('',#4314,1.);
#4314 = DIRECTION('',(0.,-1.));
#4315 = ( GEOMETRIC_REPRESENTATION_CONTEXT(2) 
PARAMETRIC_REPRESENTATION_CONTEXT() REPRESENTATION_CONTEXT('2D SPACE',''
  ) );
#4316 = ADVANCED_FACE('',(#4317),#3357,.F.);
#4317 = FACE_BOUND('',#4318,.T.);
#4318 = EDGE_LOOP('',(#4319,#4340,#4362,#4363));
#4319 = ORIENTED_EDGE('',*,*,#4320,.F.);
#4320 = EDGE_CURVE('',#3791,#3289,#4321,.T.);
#4321 = SURFACE_CURVE('',#4322,(#4326,#4333),.PCURVE_S1.);
#4322 = LINE('',#4323,#4324);
#4323 = CARTESIAN_POINT('',(12.,-11.,-11.));
#4324 = VECTOR('',#4325,1.);
#4325 = DIRECTION('',(0.,0.,1.));
#4326 = PCURVE('',#3357,#4327);
#4327 = DEFINITIONAL_REPRESENTATION('',(#4328),#4332);
#4328 = LINE('',#4329,#4330);
#4329 = CARTESIAN_POINT('',(-0.,0.));
#4330 = VECTOR('',#4331,1.);
#4331 = DIRECTION('',(-0.,1.));
#4332 = ( GEOMETRIC_REPRESENTATION_CONTEXT(2) 
PARAMETRIC_REPRESENTATION_CONTEXT() REPRESENTATION_CONTEXT('2D SPACE',''
  ) );
#4333 = PCURVE('',#3742,#4334);
#4334 = DEFINITIONAL_REPRESENTATION('',(#4335),#4339);
#4335 = LINE('',#4336,#4337);
#4336 = CARTESIAN_POINT('',(0.,-5.));
#4337 = VECTOR('',#4338,1.);
#4338 = DIRECTION('',(1.,0.));
#4339 = ( GEOMETRIC_REPRESENTATION_CONTEXT(2) 
PARAMETRIC_REPRESENTATION_CONTEXT() REPRESENTATION_CONTEXT('2D SPACE',''
  ) );
#4340 = ORIENTED_EDGE('',*,*,#4341,.T.);
#4341 = EDGE_CURVE('',#3791,#3374,#4342,.T.);
#4342 = SURFACE_CURVE('',#4343,(#4348,#4355),.PCURVE_S1.);
#4343 = CIRCLE('',#4344,5.);
#4344 = AXIS2_PLACEMENT_3D('',#4345,#4346,#4347);
#4345 = CARTESIAN_POINT('',(7.,-11.,-6.));
#4346 = DIRECTION('',(0.,-0.,-1.));
#4347 = DIRECTION('',(1.,0.,-0.));
#4348 = PCURVE('',#3357,#4349);
#4349 = DEFINITIONAL_REPRESENTATION('',(#4350),#4354);
#4350 = LINE('',#4351,#4352);
#4351 = CARTESIAN_POINT('',(-0.,5.));
#4352 = VECTOR('',#4353,1.);
#4353 = DIRECTION('',(-1.,0.));
#4354 = ( GEOMETRIC_REPRESENTATION_CONTEXT(2) 
PARAMETRIC_REPRESENTATION_CONTEXT() REPRESENTATION_CONTEXT('2D SPACE',''
  ) );
#4355 = PCURVE('',#3390,#4356);
#4356 = DEFINITIONAL_REPRESENTATION('',(#4357),#4361);
#4357 = LINE('',#4358,#4359);
#4358 = CARTESIAN_POINT('',(-0.,0.));
#4359 = VECTOR('',#4360,1.);
#4360 = DIRECTION('',(-1.,0.));
#4361 = ( GEOMETRIC_REPRESENTATION_CONTEXT(2) 
PARAMETRIC_REPRESENTATION_CONTEXT() REPRESENTATION_CONTEXT('2D SPACE',''
  ) );
#4362 = ORIENTED_EDGE('',*,*,#3422,.T.);
#4363 = ORIENTED_EDGE('',*,*,#3342,.F.);
#4364 = ADVANCED_FACE('',(#4365),#3457,.T.);
#4365 = FACE_BOUND('',#4366,.F.);
#4366 = EDGE_LOOP('',(#4367,#4368,#4369,#4370,#4371,#4394));
#4367 = ORIENTED_EDGE('',*,*,#4211,.F.);
#4368 = ORIENTED_EDGE('',*,*,#3552,.T.);
#4369 = ORIENTED_EDGE('',*,*,#3443,.T.);
#4370 = ORIENTED_EDGE('',*,*,#3497,.F.);
#4371 = ORIENTED_EDGE('',*,*,#4372,.F.);
#4372 = EDGE_CURVE('',#4373,#3473,#4375,.T.);
#4373 = VERTEX_POINT('',#4374);
#4374 = CARTESIAN_POINT('',(19.,-7.,4.075536774463));
#4375 = SURFACE_CURVE('',#4376,(#4380,#4387),.PCURVE_S1.);
#4376 = LINE('',#4377,#4378);
#4377 = CARTESIAN_POINT('',(19.,-7.,-17.));
#4378 = VECTOR('',#4379,1.);
#4379 = DIRECTION('',(0.,0.,1.));
#4380 = PCURVE('',#3457,#4381);
#4381 = DEFINITIONAL_REPRESENTATION('',(#4382),#4386);
#4382 = LINE('',#4383,#4384);
#4383 = CARTESIAN_POINT('',(-0.,0.));
#4384 = VECTOR('',#4385,1.);
#4385 = DIRECTION('',(-0.,1.));
#4386 = ( GEOMETRIC_REPRESENTATION_CONTEXT(2) 
PARAMETRIC_REPRESENTATION_CONTEXT() REPRESENTATION_CONTEXT('2D SPACE',''
  ) );
#4387 = PCURVE('',#4305,#4388);
#4388 = DEFINITIONAL_REPRESENTATION('',(#4389),#4393);
#4389 = LINE('',#4390,#4391);
#4390 = CARTESIAN_POINT('',(0.,-7.));
#4391 = VECTOR('',#4392,1.);
#4392 = DIRECTION('',(1.,0.));
#4393 = ( GEOMETRIC_REPRESENTATION_CONTEXT(2) 
PARAMETRIC_REPRESENTATION_CONTEXT() REPRESENTATION_CONTEXT('2D SPACE',''
  ) );
#4394 = ORIENTED_EDGE('',*,*,#4395,.T.);
#4395 = EDGE_CURVE('',#4373,#4212,#4396,.T.);
#4396 = SURFACE_CURVE('',#4397,(#4424,#4454),.PCURVE_S1.);
#4397 = B_SPLINE_CURVE_WITH_KNOTS('',7,(#4398,#4399,#4400,#4401,#4402,
    #4403,#4404,#4405,#4406,#4407,#4408,#4409,#4410,#4411,#4412,#4413,
    #4414,#4415,#4416,#4417,#4418,#4419,#4420,#4421,#4422,#4423),
  .UNSPECIFIED.,.F.,.F.,(8,6,6,6,8),(0.,9.076248909529E-02,
    0.499999298582,0.910902180867,1.),.UNSPECIFIED.);
#4398 = CARTESIAN_POINT('',(19.,-7.,4.075536774463));
#4399 = CARTESIAN_POINT('',(19.,-7.058217934275,3.975543678467));
#4400 = CARTESIAN_POINT('',(18.999435233483,-7.114535294613,3.8749823465
    ));
#4401 = CARTESIAN_POINT('',(18.998371789874,-7.168965267035,
    3.77388595753));
#4402 = CARTESIAN_POINT('',(18.996871847733,-7.221521071765,
    3.672285499308));
#4403 = CARTESIAN_POINT('',(18.994993674751,-7.272215963229,
    3.570209768359));
#4404 = CARTESIAN_POINT('',(18.992791627752,-7.321063230058,
    3.467685369992));
#4405 = CARTESIAN_POINT('',(18.979154542595,-7.58005182515,
    2.900554012605));
#4406 = CARTESIAN_POINT('',(18.962433727261,-7.754792062837,
    2.427620148346));
#4407 = CARTESIAN_POINT('',(18.944797152167,-7.893428158086,
    1.948238466473));
#4408 = CARTESIAN_POINT('',(18.929446399274,-7.996830837591,
    1.464275033967));
#4409 = CARTESIAN_POINT('',(18.918506220776,-8.065593147557,
    0.977307082864));
#4410 = CARTESIAN_POINT('',(18.913031173082,-8.1,0.488755881812));
#4411 = CARTESIAN_POINT('',(18.913031173082,-8.1,-0.490745690306));
#4412 = CARTESIAN_POINT('',(18.918550897177,-8.065312426395,
    -0.981282737306));
#4413 = CARTESIAN_POINT('',(18.929580177641,-7.995989879205,
    -1.470217237727));
#4414 = CARTESIAN_POINT('',(18.94504733169,-7.89174250446,
    -1.956111545507));
#4415 = CARTESIAN_POINT('',(18.962792756889,-7.751966980554,
    -2.437368646736));
#4416 = CARTESIAN_POINT('',(18.979562477586,-7.575777822445,
    -2.912096201704));
#4417 = CARTESIAN_POINT('',(18.993032389717,-7.315676996252,
    -3.478968544049));
#4418 = CARTESIAN_POINT('',(18.995164687597,-7.267559473918,
    -3.579571535353));
#4419 = CARTESIAN_POINT('',(18.996981031013,-7.217660559862,
    -3.679740283357));
#4420 = CARTESIAN_POINT('',(18.998429805625,-7.165967667142,
    -3.779449530071));
#4421 = CARTESIAN_POINT('',(18.999455758879,-7.112468258976,
    -3.878671956964));
#4422 = CARTESIAN_POINT('',(19.,-7.057149848747,-3.977378184965));
#4423 = CARTESIAN_POINT('',(19.,-7.,-4.075536774463));
#4424 = PCURVE('',#3457,#4425);
#4425 = DEFINITIONAL_REPRESENTATION('',(#4426),#4453);
#4426 = B_SPLINE_CURVE_WITH_KNOTS('',7,(#4427,#4428,#4429,#4430,#4431,
    #4432,#4433,#4434,#4435,#4436,#4437,#4438,#4439,#4440,#4441,#4442,
    #4443,#4444,#4445,#4446,#4447,#4448,#4449,#4450,#4451,#4452),
  .UNSPECIFIED.,.F.,.F.,(8,6,6,6,8),(0.,9.076248909529E-02,
    0.499999298582,0.910902180867,1.),.UNSPECIFIED.);
#4427 = CARTESIAN_POINT('',(0.,21.075536774463));
#4428 = CARTESIAN_POINT('',(-8.316847753534E-03,20.975543678467));
#4429 = CARTESIAN_POINT('',(-1.636220726452E-02,20.8749823465));
#4430 = CARTESIAN_POINT('',(-2.413884734795E-02,20.77388595753));
#4431 = CARTESIAN_POINT('',(-3.164933638679E-02,20.672285499308));
#4432 = CARTESIAN_POINT('',(-3.889604233199E-02,20.570209768359));
#4433 = CARTESIAN_POINT('',(-4.588113270251E-02,20.467685369992));
#4434 = CARTESIAN_POINT('',(-8.293075813213E-02,19.900554012605));
#4435 = CARTESIAN_POINT('',(-0.10798474482,19.427620148346));
#4436 = CARTESIAN_POINT('',(-0.127940375386,18.948238466473));
#4437 = CARTESIAN_POINT('',(-0.142872954307,18.464275033968));
#4438 = CARTESIAN_POINT('',(-0.152819812868,17.977307082864));
#4439 = CARTESIAN_POINT('',(-0.157796895782,17.488755881812));
#4440 = CARTESIAN_POINT('',(-0.157796895782,16.509254309694));
#4441 = CARTESIAN_POINT('',(-0.152779206072,16.018717262694));
#4442 = CARTESIAN_POINT('',(-0.142751302976,15.529782762273));
#4443 = CARTESIAN_POINT('',(-0.127696951759,15.043888454493));
#4444 = CARTESIAN_POINT('',(-0.107578100803,14.562631353264));
#4445 = CARTESIAN_POINT('',(-8.231797802188E-02,14.087903798296));
#4446 = CARTESIAN_POINT('',(-4.511092407167E-02,13.521031455951));
#4447 = CARTESIAN_POINT('',(-3.82304173964E-02,13.420428464647));
#4448 = CARTESIAN_POINT('',(-3.109765224809E-02,13.320259716643));
#4449 = CARTESIAN_POINT('',(-2.371056676172E-02,13.220550469929));
#4450 = CARTESIAN_POINT('',(-1.606691443064E-02,13.121328043036));
#4451 = CARTESIAN_POINT('',(-8.164264106661E-03,13.022621815035));
#4452 = CARTESIAN_POINT('',(0.,12.924463225537));
#4453 = ( GEOMETRIC_REPRESENTATION_CONTEXT(2) 
PARAMETRIC_REPRESENTATION_CONTEXT() REPRESENTATION_CONTEXT('2D SPACE',''
  ) );
#4454 = PCURVE('',#4273,#4455);
#4455 = DEFINITIONAL_REPRESENTATION('',(#4456),#4483);
#4456 = B_SPLINE_CURVE_WITH_KNOTS('',7,(#4457,#4458,#4459,#4460,#4461,
    #4462,#4463,#4464,#4465,#4466,#4467,#4468,#4469,#4470,#4471,#4472,
    #4473,#4474,#4475,#4476,#4477,#4478,#4479,#4480,#4481,#4482),
  .UNSPECIFIED.,.F.,.F.,(8,6,6,6,8),(0.,9.076248909529E-02,
    0.499999298582,0.910902180867,1.),.UNSPECIFIED.);
#4457 = CARTESIAN_POINT('',(1.043553298594,39.));
#4458 = CARTESIAN_POINT('',(1.057838026594,39.));
#4459 = CARTESIAN_POINT('',(1.072065330012,38.999435233483));
#4460 = CARTESIAN_POINT('',(1.086237227905,38.998371789874));
#4461 = CARTESIAN_POINT('',(1.100355828846,38.996871847733));
#4462 = CARTESIAN_POINT('',(1.114423330919,38.994993674751));
#4463 = CARTESIAN_POINT('',(1.128442021729,38.992791627752));
#4464 = CARTESIAN_POINT('',(1.205413451227,38.979154542595));
#4465 = CARTESIAN_POINT('',(1.267485814946,38.962433727261));
#4466 = CARTESIAN_POINT('',(1.328839092167,38.944797152167));
#4467 = CARTESIAN_POINT('',(1.389662781874,38.929446399274));
#4468 = CARTESIAN_POINT('',(1.450141134942,38.918506220776));
#4469 = CARTESIAN_POINT('',(1.510456094472,38.913031173082));
#4470 = CARTESIAN_POINT('',(1.631382214487,38.913031173082));
#4471 = CARTESIAN_POINT('',(1.691942340099,38.918550897177));
#4472 = CARTESIAN_POINT('',(1.752667877925,38.929580177641));
#4473 = CARTESIAN_POINT('',(1.813743110739,38.94504733169));
#4474 = CARTESIAN_POINT('',(1.875354669573,38.962792756889));
#4475 = CARTESIAN_POINT('',(1.937694489664,38.979562477586));
#4476 = CARTESIAN_POINT('',(2.014693995034,38.993032389717));
#4477 = CARTESIAN_POINT('',(2.028459901193,38.995164687597));
#4478 = CARTESIAN_POINT('',(2.042273005628,38.996981031013));
#4479 = CARTESIAN_POINT('',(2.056135470682,38.998429805625));
#4480 = CARTESIAN_POINT('',(2.070049372164,38.999455758879));
#4481 = CARTESIAN_POINT('',(2.084016699353,39.));
#4482 = CARTESIAN_POINT('',(2.098039354996,39.));
#4483 = ( GEOMETRIC_REPRESENTATION_CONTEXT(2) 
PARAMETRIC_REPRESENTATION_CONTEXT() REPRESENTATION_CONTEXT('2D SPACE',''
  ) );
#4484 = ADVANCED_FACE('',(#4485),#3390,.F.);
#4485 = FACE_BOUND('',#4486,.T.);
#4486 = EDGE_LOOP('',(#4487,#4488,#4489,#4490));
#4487 = ORIENTED_EDGE('',*,*,#3790,.F.);
#4488 = ORIENTED_EDGE('',*,*,#3524,.T.);
#4489 = ORIENTED_EDGE('',*,*,#3373,.F.);
#4490 = ORIENTED_EDGE('',*,*,#4341,.F.);
#4491 = ADVANCED_FACE('',(#4492),#3742,.F.);
#4492 = FACE_BOUND('',#4493,.F.);
#4493 = EDGE_LOOP('',(#4494,#4495,#4496,#4518));
#4494 = ORIENTED_EDGE('',*,*,#4320,.F.);
#4495 = ORIENTED_EDGE('',*,*,#3954,.T.);
#4496 = ORIENTED_EDGE('',*,*,#4497,.F.);
#4497 = EDGE_CURVE('',#3697,#3863,#4498,.T.);
#4498 = SURFACE_CURVE('',#4499,(#4504,#4511),.PCURVE_S1.);
#4499 = CIRCLE('',#4500,8.1);
#4500 = AXIS2_PLACEMENT_3D('',#4501,#4502,#4503);
#4501 = CARTESIAN_POINT('',(12.,0.,0.));
#4502 = DIRECTION('',(1.,0.,0.));
#4503 = DIRECTION('',(-0.,0.,1.));
#4504 = PCURVE('',#3742,#4505);
#4505 = DEFINITIONAL_REPRESENTATION('',(#4506),#4510);
#4506 = CIRCLE('',#4507,8.1);
#4507 = AXIS2_PLACEMENT_2D('',#4508,#4509);
#4508 = CARTESIAN_POINT('',(11.,-16.));
#4509 = DIRECTION('',(1.,0.));
#4510 = ( GEOMETRIC_REPRESENTATION_CONTEXT(2) 
PARAMETRIC_REPRESENTATION_CONTEXT() REPRESENTATION_CONTEXT('2D SPACE',''
  ) );
#4511 = PCURVE('',#3681,#4512);
#4512 = DEFINITIONAL_REPRESENTATION('',(#4513),#4517);
#4513 = LINE('',#4514,#4515);
#4514 = CARTESIAN_POINT('',(0.,32.));
#4515 = VECTOR('',#4516,1.);
#4516 = DIRECTION('',(1.,0.));
#4517 = ( GEOMETRIC_REPRESENTATION_CONTEXT(2) 
PARAMETRIC_REPRESENTATION_CONTEXT() REPRESENTATION_CONTEXT('2D SPACE',''
  ) );
#4518 = ORIENTED_EDGE('',*,*,#3728,.F.);
#4519 = ADVANCED_FACE('',(#4520),#4273,.F.);
#4520 = FACE_BOUND('',#4521,.F.);
#4521 = EDGE_LOOP('',(#4522,#4547,#4571,#4661,#4662,#4663,#4685,#4686));
#4522 = ORIENTED_EDGE('',*,*,#4523,.T.);
#4523 = EDGE_CURVE('',#4524,#4526,#4528,.T.);
#4524 = VERTEX_POINT('',#4525);
#4525 = CARTESIAN_POINT('',(13.5,1.983927814619E-15,8.1));
#4526 = VERTEX_POINT('',#4527);
#4527 = CARTESIAN_POINT('',(19.,1.983927814619E-15,8.1));
#4528 = SEAM_CURVE('',#4529,(#4533,#4540),.PCURVE_S1.);
#4529 = LINE('',#4530,#4531);
#4530 = CARTESIAN_POINT('',(-20.,1.983927814619E-15,8.1));
#4531 = VECTOR('',#4532,1.);
#4532 = DIRECTION('',(1.,0.,0.));
#4533 = PCURVE('',#4273,#4534);
#4534 = DEFINITIONAL_REPRESENTATION('',(#4535),#4539);
#4535 = LINE('',#4536,#4537);
#4536 = CARTESIAN_POINT('',(6.28318530718,-0.));
#4537 = VECTOR('',#4538,1.);
#4538 = DIRECTION('',(0.,1.));
#4539 = ( GEOMETRIC_REPRESENTATION_CONTEXT(2) 
PARAMETRIC_REPRESENTATION_CONTEXT() REPRESENTATION_CONTEXT('2D SPACE',''
  ) );
#4540 = PCURVE('',#4273,#4541);
#4541 = DEFINITIONAL_REPRESENTATION('',(#4542),#4546);
#4542 = LINE('',#4543,#4544);
#4543 = CARTESIAN_POINT('',(0.,-0.));
#4544 = VECTOR('',#4545,1.);
#4545 = DIRECTION('',(0.,1.));
#4546 = ( GEOMETRIC_REPRESENTATION_CONTEXT(2) 
PARAMETRIC_REPRESENTATION_CONTEXT() REPRESENTATION_CONTEXT('2D SPACE',''
  ) );
#4547 = ORIENTED_EDGE('',*,*,#4548,.F.);
#4548 = EDGE_CURVE('',#4549,#4526,#4551,.T.);
#4549 = VERTEX_POINT('',#4550);
#4550 = CARTESIAN_POINT('',(19.,7.,4.075536774463));
#4551 = SURFACE_CURVE('',#4552,(#4557,#4564),.PCURVE_S1.);
#4552 = CIRCLE('',#4553,8.1);
#4553 = AXIS2_PLACEMENT_3D('',#4554,#4555,#4556);
#4554 = CARTESIAN_POINT('',(19.,0.,0.));
#4555 = DIRECTION('',(1.,0.,0.));
#4556 = DIRECTION('',(-0.,0.,1.));
#4557 = PCURVE('',#4273,#4558);
#4558 = DEFINITIONAL_REPRESENTATION('',(#4559),#4563);
#4559 = LINE('',#4560,#4561);
#4560 = CARTESIAN_POINT('',(0.,39.));
#4561 = VECTOR('',#4562,1.);
#4562 = DIRECTION('',(1.,0.));
#4563 = ( GEOMETRIC_REPRESENTATION_CONTEXT(2) 
PARAMETRIC_REPRESENTATION_CONTEXT() REPRESENTATION_CONTEXT('2D SPACE',''
  ) );
#4564 = PCURVE('',#4305,#4565);
#4565 = DEFINITIONAL_REPRESENTATION('',(#4566),#4570);
#4566 = CIRCLE('',#4567,8.1);
#4567 = AXIS2_PLACEMENT_2D('',#4568,#4569);
#4568 = CARTESIAN_POINT('',(17.,-14.));
#4569 = DIRECTION('',(1.,0.));
#4570 = ( GEOMETRIC_REPRESENTATION_CONTEXT(2) 
PARAMETRIC_REPRESENTATION_CONTEXT() REPRESENTATION_CONTEXT('2D SPACE',''
  ) );
#4571 = ORIENTED_EDGE('',*,*,#4572,.F.);
#4572 = EDGE_CURVE('',#4236,#4549,#4573,.T.);
#4573 = SURFACE_CURVE('',#4574,(#4601,#4631),.PCURVE_S1.);
#4574 = B_SPLINE_CURVE_WITH_KNOTS('',7,(#4575,#4576,#4577,#4578,#4579,
    #4580,#4581,#4582,#4583,#4584,#4585,#4586,#4587,#4588,#4589,#4590,
    #4591,#4592,#4593,#4594,#4595,#4596,#4597,#4598,#4599,#4600),
  .UNSPECIFIED.,.F.,.F.,(8,6,6,6,8),(0.,9.076248909354E-02,
    0.499999298584,0.910902180864,1.),.UNSPECIFIED.);
#4575 = CARTESIAN_POINT('',(19.,7.,-4.075536774463));
#4576 = CARTESIAN_POINT('',(19.,7.058217934275,-3.975543678467));
#4577 = CARTESIAN_POINT('',(18.999435233483,7.114535294613,-3.8749823465
    ));
#4578 = CARTESIAN_POINT('',(18.998371789874,7.168965267035,
    -3.77388595753));
#4579 = CARTESIAN_POINT('',(18.996871847733,7.221521071765,
    -3.672285499308));
#4580 = CARTESIAN_POINT('',(18.994993674751,7.272215963229,
    -3.570209768359));
#4581 = CARTESIAN_POINT('',(18.992791627752,7.321063230058,
    -3.467685369992));
#4582 = CARTESIAN_POINT('',(18.979154542594,7.580051825156,
    -2.900554012592));
#4583 = CARTESIAN_POINT('',(18.962433727262,7.754792062827,
    -2.427620148366));
#4584 = CARTESIAN_POINT('',(18.944797152167,7.893428158094,
    -1.948238466466));
#4585 = CARTESIAN_POINT('',(18.929446399274,7.996830837589,
    -1.464275033965));
#4586 = CARTESIAN_POINT('',(18.918506220776,8.065593147557,
    -0.977307082861));
#4587 = CARTESIAN_POINT('',(18.913031173082,8.1,-0.488755881816));
#4588 = CARTESIAN_POINT('',(18.913031173082,8.1,0.490745690299));
#4589 = CARTESIAN_POINT('',(18.918550897177,8.065312426395,
    0.981282737308));
#4590 = CARTESIAN_POINT('',(18.929580177642,7.995989879207,
    1.470217237739));
#4591 = CARTESIAN_POINT('',(18.94504733169,7.891742504449,1.95611154551)
  );
#4592 = CARTESIAN_POINT('',(18.962792756888,7.751966980572,
    2.437368646704));
#4593 = CARTESIAN_POINT('',(18.979562477586,7.575777822434,
    2.912096201726));
#4594 = CARTESIAN_POINT('',(18.993032389717,7.315676996252,
    3.478968544049));
#4595 = CARTESIAN_POINT('',(18.995164687597,7.267559473918,
    3.579571535353));
#4596 = CARTESIAN_POINT('',(18.996981031013,7.217660559862,
    3.679740283357));
#4597 = CARTESIAN_POINT('',(18.998429805625,7.165967667142,
    3.779449530071));
#4598 = CARTESIAN_POINT('',(18.999455758879,7.112468258976,
    3.878671956964));
#4599 = CARTESIAN_POINT('',(19.,7.057149848747,3.977378184965));
#4600 = CARTESIAN_POINT('',(19.,7.,4.075536774463));
#4601 = PCURVE('',#4273,#4602);
#4602 = DEFINITIONAL_REPRESENTATION('',(#4603),#4630);
#4603 = B_SPLINE_CURVE_WITH_KNOTS('',7,(#4604,#4605,#4606,#4607,#4608,
    #4609,#4610,#4611,#4612,#4613,#4614,#4615,#4616,#4617,#4618,#4619,
    #4620,#4621,#4622,#4623,#4624,#4625,#4626,#4627,#4628,#4629),
  .UNSPECIFIED.,.F.,.F.,(8,6,6,6,8),(0.,9.076248909354E-02,
    0.499999298584,0.910902180864,1.),.UNSPECIFIED.);
#4604 = CARTESIAN_POINT('',(4.185145952184,39.));
#4605 = CARTESIAN_POINT('',(4.199430680183,39.));
#4606 = CARTESIAN_POINT('',(4.213657983602,38.999435233483));
#4607 = CARTESIAN_POINT('',(4.227829881495,38.998371789874));
#4608 = CARTESIAN_POINT('',(4.241948482435,38.996871847733));
#4609 = CARTESIAN_POINT('',(4.256015984509,38.994993674751));
#4610 = CARTESIAN_POINT('',(4.270034675318,38.992791627752));
#4611 = CARTESIAN_POINT('',(4.347006104818,38.979154542594));
#4612 = CARTESIAN_POINT('',(4.409078468533,38.962433727262));
#4613 = CARTESIAN_POINT('',(4.470431745758,38.944797152167));
#4614 = CARTESIAN_POINT('',(4.531255435464,38.929446399274));
#4615 = CARTESIAN_POINT('',(4.591733788533,38.918506220776));
#4616 = CARTESIAN_POINT('',(4.652048748062,38.913031173082));
#4617 = CARTESIAN_POINT('',(4.772974868076,38.913031173082));
#4618 = CARTESIAN_POINT('',(4.833534993689,38.918550897177));
#4619 = CARTESIAN_POINT('',(4.894260531516,38.929580177642));
#4620 = CARTESIAN_POINT('',(4.95533576433,38.94504733169));
#4621 = CARTESIAN_POINT('',(5.016947323158,38.962792756888));
#4622 = CARTESIAN_POINT('',(5.079287143257,38.979562477586));
#4623 = CARTESIAN_POINT('',(5.156286648624,38.993032389717));
#4624 = CARTESIAN_POINT('',(5.170052554783,38.995164687597));
#4625 = CARTESIAN_POINT('',(5.183865659218,38.996981031013));
#4626 = CARTESIAN_POINT('',(5.197728124271,38.998429805625));
#4627 = CARTESIAN_POINT('',(5.211642025754,38.999455758879));
#4628 = CARTESIAN_POINT('',(5.225609352943,39.));
#4629 = CARTESIAN_POINT('',(5.239632008585,39.));
#4630 = ( GEOMETRIC_REPRESENTATION_CONTEXT(2) 
PARAMETRIC_REPRESENTATION_CONTEXT() REPRESENTATION_CONTEXT('2D SPACE',''
  ) );
#4631 = PCURVE('',#4119,#4632);
#4632 = DEFINITIONAL_REPRESENTATION('',(#4633),#4660);
#4633 = B_SPLINE_CURVE_WITH_KNOTS('',7,(#4634,#4635,#4636,#4637,#4638,
    #4639,#4640,#4641,#4642,#4643,#4644,#4645,#4646,#4647,#4648,#4649,
    #4650,#4651,#4652,#4653,#4654,#4655,#4656,#4657,#4658,#4659),
  .UNSPECIFIED.,.F.,.F.,(8,6,6,6,8),(0.,9.076248909354E-02,
    0.499999298584,0.910902180864,1.),.UNSPECIFIED.);
#4634 = CARTESIAN_POINT('',(0.,12.924463225537));
#4635 = CARTESIAN_POINT('',(8.316847753532E-03,13.024456321533));
#4636 = CARTESIAN_POINT('',(1.636220726452E-02,13.1250176535));
#4637 = CARTESIAN_POINT('',(2.413884734795E-02,13.22611404247));
#4638 = CARTESIAN_POINT('',(3.164933638679E-02,13.327714500692));
#4639 = CARTESIAN_POINT('',(3.889604233199E-02,13.429790231641));
#4640 = CARTESIAN_POINT('',(4.588113270251E-02,13.532314630008));
#4641 = CARTESIAN_POINT('',(8.293075813298E-02,14.099445987408));
#4642 = CARTESIAN_POINT('',(0.107984744819,14.572379851634));
#4643 = CARTESIAN_POINT('',(0.127940375387,15.051761533534));
#4644 = CARTESIAN_POINT('',(0.142872954307,15.535724966035));
#4645 = CARTESIAN_POINT('',(0.152819812868,16.022692917139));
#4646 = CARTESIAN_POINT('',(0.157796895782,16.511244118184));
#4647 = CARTESIAN_POINT('',(0.157796895782,17.490745690299));
#4648 = CARTESIAN_POINT('',(0.152779206072,17.981282737308));
#4649 = CARTESIAN_POINT('',(0.142751302976,18.470217237739));
#4650 = CARTESIAN_POINT('',(0.127696951757,18.95611154551));
#4651 = CARTESIAN_POINT('',(0.107578100806,19.437368646704));
#4652 = CARTESIAN_POINT('',(8.231797802042E-02,19.912096201726));
#4653 = CARTESIAN_POINT('',(4.511092407167E-02,20.478968544049));
#4654 = CARTESIAN_POINT('',(3.82304173964E-02,20.579571535353));
#4655 = CARTESIAN_POINT('',(3.109765224809E-02,20.679740283357));
#4656 = CARTESIAN_POINT('',(2.371056676172E-02,20.779449530071));
#4657 = CARTESIAN_POINT('',(1.606691443064E-02,20.878671956964));
#4658 = CARTESIAN_POINT('',(8.164264106662E-03,20.977378184965));
#4659 = CARTESIAN_POINT('',(0.,21.075536774463));
#4660 = ( GEOMETRIC_REPRESENTATION_CONTEXT(2) 
PARAMETRIC_REPRESENTATION_CONTEXT() REPRESENTATION_CONTEXT('2D SPACE',''
  ) );
#4661 = ORIENTED_EDGE('',*,*,#4258,.F.);
#4662 = ORIENTED_EDGE('',*,*,#4395,.F.);
#4663 = ORIENTED_EDGE('',*,*,#4664,.F.);
#4664 = EDGE_CURVE('',#4526,#4373,#4665,.T.);
#4665 = SURFACE_CURVE('',#4666,(#4671,#4678),.PCURVE_S1.);
#4666 = CIRCLE('',#4667,8.1);
#4667 = AXIS2_PLACEMENT_3D('',#4668,#4669,#4670);
#4668 = CARTESIAN_POINT('',(19.,0.,0.));
#4669 = DIRECTION('',(1.,0.,0.));
#4670 = DIRECTION('',(-0.,0.,1.));
#4671 = PCURVE('',#4273,#4672);
#4672 = DEFINITIONAL_REPRESENTATION('',(#4673),#4677);
#4673 = LINE('',#4674,#4675);
#4674 = CARTESIAN_POINT('',(0.,39.));
#4675 = VECTOR('',#4676,1.);
#4676 = DIRECTION('',(1.,0.));
#4677 = ( GEOMETRIC_REPRESENTATION_CONTEXT(2) 
PARAMETRIC_REPRESENTATION_CONTEXT() REPRESENTATION_CONTEXT('2D SPACE',''
  ) );
#4678 = PCURVE('',#4305,#4679);
#4679 = DEFINITIONAL_REPRESENTATION('',(#4680),#4684);
#4680 = CIRCLE('',#4681,8.1);
#4681 = AXIS2_PLACEMENT_2D('',#4682,#4683);
#4682 = CARTESIAN_POINT('',(17.,-14.));
#4683 = DIRECTION('',(1.,0.));
#4684 = ( GEOMETRIC_REPRESENTATION_CONTEXT(2) 
PARAMETRIC_REPRESENTATION_CONTEXT() REPRESENTATION_CONTEXT('2D SPACE',''
  ) );
#4685 = ORIENTED_EDGE('',*,*,#4523,.F.);
#4686 = ORIENTED_EDGE('',*,*,#4687,.T.);
#4687 = EDGE_CURVE('',#4524,#4524,#4688,.T.);
#4688 = SURFACE_CURVE('',#4689,(#4694,#4701),.PCURVE_S1.);
#4689 = CIRCLE('',#4690,8.1);
#4690 = AXIS2_PLACEMENT_3D('',#4691,#4692,#4693);
#4691 = CARTESIAN_POINT('',(13.5,0.,0.));
#4692 = DIRECTION('',(1.,0.,0.));
#4693 = DIRECTION('',(-0.,0.,1.));
#4694 = PCURVE('',#4273,#4695);
#4695 = DEFINITIONAL_REPRESENTATION('',(#4696),#4700);
#4696 = LINE('',#4697,#4698);
#4697 = CARTESIAN_POINT('',(0.,33.5));
#4698 = VECTOR('',#4699,1.);
#4699 = DIRECTION('',(1.,0.));
#4700 = ( GEOMETRIC_REPRESENTATION_CONTEXT(2) 
PARAMETRIC_REPRESENTATION_CONTEXT() REPRESENTATION_CONTEXT('2D SPACE',''
  ) );
#4701 = PCURVE('',#3681,#4702);
#4702 = DEFINITIONAL_REPRESENTATION('',(#4703),#4707);
#4703 = LINE('',#4704,#4705);
#4704 = CARTESIAN_POINT('',(0.,33.5));
#4705 = VECTOR('',#4706,1.);
#4706 = DIRECTION('',(1.,0.));
#4707 = ( GEOMETRIC_REPRESENTATION_CONTEXT(2) 
PARAMETRIC_REPRESENTATION_CONTEXT() REPRESENTATION_CONTEXT('2D SPACE',''
  ) );
#4708 = ADVANCED_FACE('',(#4709),#3681,.F.);
#4709 = FACE_BOUND('',#4710,.F.);
#4710 = EDGE_LOOP('',(#4711,#4712,#4733,#4734,#4735,#4736,#4758,#4759));
#4711 = ORIENTED_EDGE('',*,*,#4687,.F.);
#4712 = ORIENTED_EDGE('',*,*,#4713,.F.);
#4713 = EDGE_CURVE('',#3660,#4524,#4714,.T.);
#4714 = SEAM_CURVE('',#4715,(#4719,#4726),.PCURVE_S1.);
#4715 = LINE('',#4716,#4717);
#4716 = CARTESIAN_POINT('',(-20.,1.983927814619E-15,8.1));
#4717 = VECTOR('',#4718,1.);
#4718 = DIRECTION('',(1.,0.,0.));
#4719 = PCURVE('',#3681,#4720);
#4720 = DEFINITIONAL_REPRESENTATION('',(#4721),#4725);
#4721 = LINE('',#4722,#4723);
#4722 = CARTESIAN_POINT('',(6.28318530718,-0.));
#4723 = VECTOR('',#4724,1.);
#4724 = DIRECTION('',(0.,1.));
#4725 = ( GEOMETRIC_REPRESENTATION_CONTEXT(2) 
PARAMETRIC_REPRESENTATION_CONTEXT() REPRESENTATION_CONTEXT('2D SPACE',''
  ) );
#4726 = PCURVE('',#3681,#4727);
#4727 = DEFINITIONAL_REPRESENTATION('',(#4728),#4732);
#4728 = LINE('',#4729,#4730);
#4729 = CARTESIAN_POINT('',(0.,-0.));
#4730 = VECTOR('',#4731,1.);
#4731 = DIRECTION('',(0.,1.));
#4732 = ( GEOMETRIC_REPRESENTATION_CONTEXT(2) 
PARAMETRIC_REPRESENTATION_CONTEXT() REPRESENTATION_CONTEXT('2D SPACE',''
  ) );
#4733 = ORIENTED_EDGE('',*,*,#3696,.T.);
#4734 = ORIENTED_EDGE('',*,*,#4497,.T.);
#4735 = ORIENTED_EDGE('',*,*,#3862,.T.);
#4736 = ORIENTED_EDGE('',*,*,#4737,.T.);
#4737 = EDGE_CURVE('',#3840,#3632,#4738,.T.);
#4738 = SURFACE_CURVE('',#4739,(#4744,#4751),.PCURVE_S1.);
#4739 = CIRCLE('',#4740,8.1);
#4740 = AXIS2_PLACEMENT_3D('',#4741,#4742,#4743);
#4741 = CARTESIAN_POINT('',(12.,0.,0.));
#4742 = DIRECTION('',(1.,0.,0.));
#4743 = DIRECTION('',(-0.,0.,1.));
#4744 = PCURVE('',#3681,#4745);
#4745 = DEFINITIONAL_REPRESENTATION('',(#4746),#4750);
#4746 = LINE('',#4747,#4748);
#4747 = CARTESIAN_POINT('',(0.,32.));
#4748 = VECTOR('',#4749,1.);
#4749 = DIRECTION('',(1.,0.));
#4750 = ( GEOMETRIC_REPRESENTATION_CONTEXT(2) 
PARAMETRIC_REPRESENTATION_CONTEXT() REPRESENTATION_CONTEXT('2D SPACE',''
  ) );
#4751 = PCURVE('',#3647,#4752);
#4752 = DEFINITIONAL_REPRESENTATION('',(#4753),#4757);
#4753 = CIRCLE('',#4754,8.1);
#4754 = AXIS2_PLACEMENT_2D('',#4755,#4756);
#4755 = CARTESIAN_POINT('',(11.,-16.));
#4756 = DIRECTION('',(1.,0.));
#4757 = ( GEOMETRIC_REPRESENTATION_CONTEXT(2) 
PARAMETRIC_REPRESENTATION_CONTEXT() REPRESENTATION_CONTEXT('2D SPACE',''
  ) );
#4758 = ORIENTED_EDGE('',*,*,#3659,.T.);
#4759 = ORIENTED_EDGE('',*,*,#4713,.T.);
#4760 = ADVANCED_FACE('',(#4761),#3647,.F.);
#4761 = FACE_BOUND('',#4762,.F.);
#4762 = EDGE_LOOP('',(#4763,#4764,#4765,#4786));
#4763 = ORIENTED_EDGE('',*,*,#4737,.F.);
#4764 = ORIENTED_EDGE('',*,*,#3839,.T.);
#4765 = ORIENTED_EDGE('',*,*,#4766,.T.);
#4766 = EDGE_CURVE('',#3816,#3608,#4767,.T.);
#4767 = SURFACE_CURVE('',#4768,(#4772,#4779),.PCURVE_S1.);
#4768 = LINE('',#4769,#4770);
#4769 = CARTESIAN_POINT('',(12.,11.,-11.));
#4770 = VECTOR('',#4771,1.);
#4771 = DIRECTION('',(0.,0.,1.));
#4772 = PCURVE('',#3647,#4773);
#4773 = DEFINITIONAL_REPRESENTATION('',(#4774),#4778);
#4774 = LINE('',#4775,#4776);
#4775 = CARTESIAN_POINT('',(0.,-27.));
#4776 = VECTOR('',#4777,1.);
#4777 = DIRECTION('',(1.,0.));
#4778 = ( GEOMETRIC_REPRESENTATION_CONTEXT(2) 
PARAMETRIC_REPRESENTATION_CONTEXT() REPRESENTATION_CONTEXT('2D SPACE',''
  ) );
#4779 = PCURVE('',#3995,#4780);
#4780 = DEFINITIONAL_REPRESENTATION('',(#4781),#4785);
#4781 = LINE('',#4782,#4783);
#4782 = CARTESIAN_POINT('',(0.,0.));
#4783 = VECTOR('',#4784,1.);
#4784 = DIRECTION('',(0.,1.));
#4785 = ( GEOMETRIC_REPRESENTATION_CONTEXT(2) 
PARAMETRIC_REPRESENTATION_CONTEXT() REPRESENTATION_CONTEXT('2D SPACE',''
  ) );
#4786 = ORIENTED_EDGE('',*,*,#3631,.F.);
#4787 = ADVANCED_FACE('',(#4788),#3774,.F.);
#4788 = FACE_BOUND('',#4789,.F.);
#4789 = EDGE_LOOP('',(#4790,#4791,#4792,#4793));
#4790 = ORIENTED_EDGE('',*,*,#3815,.F.);
#4791 = ORIENTED_EDGE('',*,*,#3759,.T.);
#4792 = ORIENTED_EDGE('',*,*,#4040,.F.);
#4793 = ORIENTED_EDGE('',*,*,#4794,.F.);
#4794 = EDGE_CURVE('',#3816,#4041,#4795,.T.);
#4795 = SURFACE_CURVE('',#4796,(#4801,#4808),.PCURVE_S1.);
#4796 = CIRCLE('',#4797,5.);
#4797 = AXIS2_PLACEMENT_3D('',#4798,#4799,#4800);
#4798 = CARTESIAN_POINT('',(7.,11.,-6.));
#4799 = DIRECTION('',(0.,0.,1.));
#4800 = DIRECTION('',(1.,0.,-0.));
#4801 = PCURVE('',#3774,#4802);
#4802 = DEFINITIONAL_REPRESENTATION('',(#4803),#4807);
#4803 = LINE('',#4804,#4805);
#4804 = CARTESIAN_POINT('',(0.,0.));
#4805 = VECTOR('',#4806,1.);
#4806 = DIRECTION('',(1.,0.));
#4807 = ( GEOMETRIC_REPRESENTATION_CONTEXT(2) 
PARAMETRIC_REPRESENTATION_CONTEXT() REPRESENTATION_CONTEXT('2D SPACE',''
  ) );
#4808 = PCURVE('',#3995,#4809);
#4809 = DEFINITIONAL_REPRESENTATION('',(#4810),#4814);
#4810 = LINE('',#4811,#4812);
#4811 = CARTESIAN_POINT('',(0.,5.));
#4812 = VECTOR('',#4813,1.);
#4813 = DIRECTION('',(1.,0.));
#4814 = ( GEOMETRIC_REPRESENTATION_CONTEXT(2) 
PARAMETRIC_REPRESENTATION_CONTEXT() REPRESENTATION_CONTEXT('2D SPACE',''
  ) );
#4815 = ADVANCED_FACE('',(#4816),#3995,.F.);
#4816 = FACE_BOUND('',#4817,.F.);
#4817 = EDGE_LOOP('',(#4818,#4819,#4820,#4821));
#4818 = ORIENTED_EDGE('',*,*,#4766,.F.);
#4819 = ORIENTED_EDGE('',*,*,#4794,.T.);
#4820 = ORIENTED_EDGE('',*,*,#4084,.T.);
#4821 = ORIENTED_EDGE('',*,*,#3978,.T.);
#4822 = ADVANCED_FACE('',(#4823),#4119,.T.);
#4823 = FACE_BOUND('',#4824,.T.);
#4824 = EDGE_LOOP('',(#4825,#4826,#4827,#4828,#4829,#4850));
#4825 = ORIENTED_EDGE('',*,*,#4235,.F.);
#4826 = ORIENTED_EDGE('',*,*,#4186,.T.);
#4827 = ORIENTED_EDGE('',*,*,#4105,.T.);
#4828 = ORIENTED_EDGE('',*,*,#4134,.T.);
#4829 = ORIENTED_EDGE('',*,*,#4830,.F.);
#4830 = EDGE_CURVE('',#4549,#4135,#4831,.T.);
#4831 = SURFACE_CURVE('',#4832,(#4836,#4843),.PCURVE_S1.);
#4832 = LINE('',#4833,#4834);
#4833 = CARTESIAN_POINT('',(19.,7.,-17.));
#4834 = VECTOR('',#4835,1.);
#4835 = DIRECTION('',(0.,0.,1.));
#4836 = PCURVE('',#4119,#4837);
#4837 = DEFINITIONAL_REPRESENTATION('',(#4838),#4842);
#4838 = LINE('',#4839,#4840);
#4839 = CARTESIAN_POINT('',(0.,0.));
#4840 = VECTOR('',#4841,1.);
#4841 = DIRECTION('',(0.,1.));
#4842 = ( GEOMETRIC_REPRESENTATION_CONTEXT(2) 
PARAMETRIC_REPRESENTATION_CONTEXT() REPRESENTATION_CONTEXT('2D SPACE',''
  ) );
#4843 = PCURVE('',#4305,#4844);
#4844 = DEFINITIONAL_REPRESENTATION('',(#4845),#4849);
#4845 = LINE('',#4846,#4847);
#4846 = CARTESIAN_POINT('',(0.,-21.));
#4847 = VECTOR('',#4848,1.);
#4848 = DIRECTION('',(1.,0.));
#4849 = ( GEOMETRIC_REPRESENTATION_CONTEXT(2) 
PARAMETRIC_REPRESENTATION_CONTEXT() REPRESENTATION_CONTEXT('2D SPACE',''
  ) );
#4850 = ORIENTED_EDGE('',*,*,#4572,.F.);
#4851 = ADVANCED_FACE('',(#4852),#4305,.T.);
#4852 = FACE_BOUND('',#4853,.T.);
#4853 = EDGE_LOOP('',(#4854,#4855,#4856,#4857,#4858));
#4854 = ORIENTED_EDGE('',*,*,#4372,.F.);
#4855 = ORIENTED_EDGE('',*,*,#4664,.F.);
#4856 = ORIENTED_EDGE('',*,*,#4548,.F.);
#4857 = ORIENTED_EDGE('',*,*,#4830,.T.);
#4858 = ORIENTED_EDGE('',*,*,#4291,.F.);
#4859 = ( GEOMETRIC_REPRESENTATION_CONTEXT(3) 
GLOBAL_UNCERTAINTY_ASSIGNED_CONTEXT((#4863)) 
GLOBAL_UNIT_ASSIGNED_CONTEXT((#4860,#4861,#4862)) REPRESENTATION_CONTEXT
('Context #1','3D Context with UNIT and UNCERTAINTY') );
#4860 = ( LENGTH_UNIT() NAMED_UNIT(*) SI_UNIT(.MILLI.,.METRE.) );
#4861 = ( NAMED_UNIT(*) PLANE_ANGLE_UNIT() SI_UNIT($,.RADIAN.) );
#4862 = ( NAMED_UNIT(*) SI_UNIT($,.STERADIAN.) SOLID_ANGLE_UNIT() );
#4863 = UNCERTAINTY_MEASURE_WITH_UNIT(LENGTH_MEASURE(2.E-07),#4860,
  'distance_accuracy_value','confusion accuracy');
#4864 = PRODUCT_RELATED_PRODUCT_CATEGORY('part',$,(#7));
ENDSEC;
END-ISO-10303-21;
