ISO-10303-21;
HEADER;
FILE_DESCRIPTION(('Open CASCADE Model'),'2;1');
FILE_NAME('Open CASCADE Shape Model','2026-08-23T11:27:53',('Author'),(
    'Open CASCADE'),'Open CASCADE STEP processor 7.9','Open CASCADE 7.9'
  ,'Unknown');
FILE_SCHEMA(('AUTOMOTIVE_DESIGN { 1 0 10303 214 1 1 1 1 }'));
ENDSEC;
DATA;
#1 = APPLICATION_PROTOCOL_DEFINITION('international standard',
  'automotive_design',2000,#2);
#2 = APPLICATION_CONTEXT(
  'core data for automotive mechanical design processes');
#3 = SHAPE_DEFINITION_REPRESENTATION(#4,#10);
#4 = PRODUCT_DEFINITION_SHAPE('','',#5);
#5 = PRODUCT_DEFINITION('design','',#6,#9);
#6 = PRODUCT_DEFINITION_FORMATION('','',#7);
#7 = PRODUCT('Open CASCADE STEP translator 7.9 16',
  'Open CASCADE STEP translator 7.9 16','',(#8));
#8 = PRODUCT_CONTEXT('',#2,'mechanical');
#9 = PRODUCT_DEFINITION_CONTEXT('part definition',#2,'design');
#10 = ADVANCED_BREP_SHAPE_REPRESENTATION('',(#11,#15),#5790);
#11 = AXIS2_PLACEMENT_3D('',#12,#13,#14);
#12 = CARTESIAN_POINT('',(0.,0.,0.));
#13 = DIRECTION('',(0.,0.,1.));
#14 = DIRECTION('',(1.,0.,-0.));
#15 = MANIFOLD_SOLID_BREP('',#16);
#16 = CLOSED_SHELL('',(#17,#2176,#2255,#2310,#2366,#2422,#2457,#2513,
    #2568,#2624,#2657,#2687,#2763,#2818,#2873,#2979,#3085,#3140,#3195,
    #3227,#3304,#3410,#3465,#3519,#3574,#3680,#3735,#3767,#3880,#3927,
    #4018,#4092,#4949,#4976,#5003,#5030,#5038,#5111,#5138,#5165,#5215,
    #5242,#5292,#5319,#5346,#5373,#5400,#5450,#5477,#5527,#5554,#5604,
    #5631,#5681,#5708,#5735,#5762,#5769,#5776,#5783));
#17 = ADVANCED_FACE('',(#18,#1092,#1634),#87,.T.);
#18 = FACE_BOUND('',#19,.T.);
#19 = EDGE_LOOP('',(#20,#220,#263,#286,#313,#314,#352,#524,#550,#743,
    #786,#809,#836,#837,#875,#1068));
#20 = ORIENTED_EDGE('',*,*,#21,.F.);
#21 = EDGE_CURVE('',#22,#24,#26,.T.);
#22 = VERTEX_POINT('',#23);
#23 = CARTESIAN_POINT('',(17.320508075689,-2.5,5.947245783004));
#24 = VERTEX_POINT('',#25);
#25 = CARTESIAN_POINT('',(17.148693630629,-3.488883311726,5.));
#26 = SURFACE_CURVE('',#27,(#86,#153),.PCURVE_S1.);
#27 = B_SPLINE_CURVE_WITH_KNOTS('',8,(#28,#29,#30,#31,#32,#33,#34,#35,
    #36,#37,#38,#39,#40,#41,#42,#43,#44,#45,#46,#47,#48,#49,#50,#51,#52,
    #53,#54,#55,#56,#57,#58,#59,#60,#61,#62,#63,#64,#65,#66,#67,#68,#69,
    #70,#71,#72,#73,#74,#75,#76,#77,#78,#79,#80,#81,#82,#83,#84,#85),
  .UNSPECIFIED.,.F.,.F.,(9,7,7,7,7,7,7,7,9),(0.,5.130068289002E-02,
    0.253715828184,0.304290951571,0.391883566397,0.484121049719,
    0.547331553463,0.640092430902,1.),.UNSPECIFIED.);
#28 = CARTESIAN_POINT('',(17.320508075689,-2.5,5.947245783004));
#29 = CARTESIAN_POINT('',(17.319661286345,-2.505866728668,5.947532300852
    ));
#30 = CARTESIAN_POINT('',(17.318816482487,-2.511703641204,5.947775662128
    ));
#31 = CARTESIAN_POINT('',(17.317972979447,-2.517515760141,5.947976884776
    ));
#32 = CARTESIAN_POINT('',(17.317130086572,-2.523308074444,5.948136780475
    ));
#33 = CARTESIAN_POINT('',(17.316287107229,-2.529085539519,5.948255954649
    ));
#34 = CARTESIAN_POINT('',(17.3154433388,-2.534853077203,5.94833480646));
#35 = CARTESIAN_POINT('',(17.314598072685,-2.540615575774,5.948373528813
    ));
#36 = CARTESIAN_POINT('',(17.310406731201,-2.569114032895,5.948366503695
    ));
#37 = CARTESIAN_POINT('',(17.307032165906,-2.591821873925,5.94773597869)
  );
#38 = CARTESIAN_POINT('',(17.303578081099,-2.614834372069,5.946482934226
    ));
#39 = CARTESIAN_POINT('',(17.299996635634,-2.638457764193,5.944555335022
    ));
#40 = CARTESIAN_POINT('',(17.29623779548,-2.662997315156,5.941855559897)
  );
#41 = CARTESIAN_POINT('',(17.292244403997,-2.688785079871,5.938225732787
    ));
#42 = CARTESIAN_POINT('',(17.287950758991,-2.716181348719,5.933419960026
    ));
#43 = CARTESIAN_POINT('',(17.282125425234,-2.752852317924,5.925488282878
    ));
#44 = CARTESIAN_POINT('',(17.280938366308,-2.760302016948,5.923807049837
    ));
#45 = CARTESIAN_POINT('',(17.279727929489,-2.767874644181,5.922024871171
    ));
#46 = CARTESIAN_POINT('',(17.278493320141,-2.775573787065,5.920136082663
    ));
#47 = CARTESIAN_POINT('',(17.277233835623,-2.783402361943,5.91813476206)
  );
#48 = CARTESIAN_POINT('',(17.275948894192,-2.791362454778,5.916014806148
    ));
#49 = CARTESIAN_POINT('',(17.274638063913,-2.799455161873,5.913770007824
    ));
#50 = CARTESIAN_POINT('',(17.270985547934,-2.821926026989,5.907279282642
    ));
#51 = CARTESIAN_POINT('',(17.268591093884,-2.836572299571,5.902770391332
    ));
#52 = CARTESIAN_POINT('',(17.266117035338,-2.851615153395,5.897836108861
    ));
#53 = CARTESIAN_POINT('',(17.263564086415,-2.867041556843,5.89244512227)
  );
#54 = CARTESIAN_POINT('',(17.260934912381,-2.882826810356,5.886568143391
    ));
#55 = CARTESIAN_POINT('',(17.258234510442,-2.898932968039,5.880180480697
    ));
#56 = CARTESIAN_POINT('',(17.255470428333,-2.915308412125,5.873265195634
    ));
#57 = CARTESIAN_POINT('',(17.249685800795,-2.94934796304,5.857973519392)
  );
#58 = CARTESIAN_POINT('',(17.246658558421,-2.967039553422,5.849536996781
    ));
#59 = CARTESIAN_POINT('',(17.243582789704,-2.98488847916,5.840499369177)
  );
#60 = CARTESIAN_POINT('',(17.240471164977,-3.002817438066,5.830861858358
    ));
#61 = CARTESIAN_POINT('',(17.237336837851,-3.020749354575,5.820633852993
    ));
#62 = CARTESIAN_POINT('',(17.234192954267,-3.038610036265,5.809831947333
    ));
#63 = CARTESIAN_POINT('',(17.231052161539,-3.056330830367,5.798478979895
    ));
#64 = CARTESIAN_POINT('',(17.225783834054,-3.085858074332,5.778464492434
    ));
#65 = CARTESIAN_POINT('',(17.223648185142,-3.097772377118,5.770079113311
    ));
#66 = CARTESIAN_POINT('',(17.221522668973,-3.109576049278,5.761454641745
    ));
#67 = CARTESIAN_POINT('',(17.219410515569,-3.121252902212,5.752599319914
    ));
#68 = CARTESIAN_POINT('',(17.217314681011,-3.132788642273,5.743521687247
    ));
#69 = CARTESIAN_POINT('',(17.215237841763,-3.144170814959,5.734230342484
    ));
#70 = CARTESIAN_POINT('',(17.213182389015,-3.155388749096,5.724733705709
    ));
#71 = CARTESIAN_POINT('',(17.20816853016,-3.182641580693,5.700814027357)
  );
#72 = CARTESIAN_POINT('',(17.205237419736,-3.19847558701,5.686164352487)
  );
#73 = CARTESIAN_POINT('',(17.202363604924,-3.213908030887,5.671115565361
    ));
#74 = CARTESIAN_POINT('',(17.199552692759,-3.228916923832,5.655692258031
    ));
#75 = CARTESIAN_POINT('',(17.196809457705,-3.243485125627,5.639918254022
    ));
#76 = CARTESIAN_POINT('',(17.194137915228,-3.25759969202,5.623816057305)
  );
#77 = CARTESIAN_POINT('',(17.191541395375,-3.271251222403,5.607406301282
    ));
#78 = CARTESIAN_POINT('',(17.179249879614,-3.335578650934,5.525915510571
    ));
#79 = CARTESIAN_POINT('',(17.170664228875,-3.379568046809,5.456879201916
    ));
#80 = CARTESIAN_POINT('',(17.163397515883,-3.416171247249,5.384556522702
    ));
#81 = CARTESIAN_POINT('',(17.157534475863,-3.445340278206,5.309822595997
    ));
#82 = CARTESIAN_POINT('',(17.153120183207,-3.46712570519,5.233431981212)
  );
#83 = CARTESIAN_POINT('',(17.150172237741,-3.481615615085,5.156015935475
    ));
#84 = CARTESIAN_POINT('',(17.148693630629,-3.488883311726,5.078078079041
    ));
#85 = CARTESIAN_POINT('',(17.148693630629,-3.488883311726,5.));
#86 = PCURVE('',#87,#92);
#87 = CYLINDRICAL_SURFACE('',#88,17.5);
#88 = AXIS2_PLACEMENT_3D('',#89,#90,#91);
#89 = CARTESIAN_POINT('',(0.,0.,-8.));
#90 = DIRECTION('',(0.,0.,1.));
#91 = DIRECTION('',(1.,0.,-0.));
#92 = DEFINITIONAL_REPRESENTATION('',(#93),#152);
#93 = B_SPLINE_CURVE_WITH_KNOTS('',8,(#94,#95,#96,#97,#98,#99,#100,#101,
    #102,#103,#104,#105,#106,#107,#108,#109,#110,#111,#112,#113,#114,
    #115,#116,#117,#118,#119,#120,#121,#122,#123,#124,#125,#126,#127,
    #128,#129,#130,#131,#132,#133,#134,#135,#136,#137,#138,#139,#140,
    #141,#142,#143,#144,#145,#146,#147,#148,#149,#150,#151),
  .UNSPECIFIED.,.F.,.F.,(9,7,7,7,7,7,7,7,9),(0.,5.130068289002E-02,
    0.253715828184,0.304290951571,0.391883566397,0.484121049719,
    0.547331553463,0.640092430902,1.),.UNSPECIFIED.);
#94 = CARTESIAN_POINT('',(6.139837738274,13.947245783004));
#95 = CARTESIAN_POINT('',(6.139499022537,13.947532300852));
#96 = CARTESIAN_POINT('',(6.13916200931,13.947775662128));
#97 = CARTESIAN_POINT('',(6.13882640889,13.947976884776));
#98 = CARTESIAN_POINT('',(6.138491933421,13.948136780475));
#99 = CARTESIAN_POINT('',(6.1381582969,13.948255954649));
#100 = CARTESIAN_POINT('',(6.137825215171,13.94833480646));
#101 = CARTESIAN_POINT('',(6.137492405929,13.948373528813));
#102 = CARTESIAN_POINT('',(6.135846404564,13.948366503695));
#103 = CARTESIAN_POINT('',(6.134534565167,13.94773597869));
#104 = CARTESIAN_POINT('',(6.133204837453,13.946482934226));
#105 = CARTESIAN_POINT('',(6.131839507172,13.944555335022));
#106 = CARTESIAN_POINT('',(6.130420895841,13.941855559897));
#107 = CARTESIAN_POINT('',(6.128929749258,13.938225732787));
#108 = CARTESIAN_POINT('',(6.127345142065,13.933419960026));
#109 = CARTESIAN_POINT('',(6.12522338346,13.925488282878));
#110 = CARTESIAN_POINT('',(6.124792316018,13.923807049837));
#111 = CARTESIAN_POINT('',(6.124354101396,13.922024871171));
#112 = CARTESIAN_POINT('',(6.123908529879,13.920136082663));
#113 = CARTESIAN_POINT('',(6.123455430433,13.91813476206));
#114 = CARTESIAN_POINT('',(6.122994679949,13.916014806148));
#115 = CARTESIAN_POINT('',(6.122526212492,13.913770007824));
#116 = CARTESIAN_POINT('',(6.121225310887,13.907279282642));
#117 = CARTESIAN_POINT('',(6.1203772706,13.902770391332));
#118 = CARTESIAN_POINT('',(6.119506131428,13.897836108861));
#119 = CARTESIAN_POINT('',(6.118612633883,13.89244512227));
#120 = CARTESIAN_POINT('',(6.117698194234,13.886568143391));
#121 = CARTESIAN_POINT('',(6.116764997044,13.880180480697));
#122 = CARTESIAN_POINT('',(6.115816021266,13.873265195634));
#123 = CARTESIAN_POINT('',(6.113843017388,13.857973519392));
#124 = CARTESIAN_POINT('',(6.112817376889,13.849536996781));
#125 = CARTESIAN_POINT('',(6.111782406719,13.840499369177));
#126 = CARTESIAN_POINT('',(6.110742581254,13.830861858358));
#127 = CARTESIAN_POINT('',(6.109702366697,13.820633852993));
#128 = CARTESIAN_POINT('',(6.108666066861,13.809831947333));
#129 = CARTESIAN_POINT('',(6.107637668945,13.798478979895));
#130 = CARTESIAN_POINT('',(6.105923751451,13.778464492434));
#131 = CARTESIAN_POINT('',(6.105232083223,13.770079113311));
#132 = CARTESIAN_POINT('',(6.104546739644,13.761454641745));
#133 = CARTESIAN_POINT('',(6.103868663336,13.752599319914));
#134 = CARTESIAN_POINT('',(6.103198687617,13.743521687247));
#135 = CARTESIAN_POINT('',(6.102537539593,13.734230342483));
#136 = CARTESIAN_POINT('',(6.101885843245,13.724733705709));
#137 = CARTESIAN_POINT('',(6.100302402805,13.700814027357));
#138 = CARTESIAN_POINT('',(6.099382230954,13.686164352487));
#139 = CARTESIAN_POINT('',(6.098485217899,13.671115565361));
#140 = CARTESIAN_POINT('',(6.097612656345,13.655692258031));
#141 = CARTESIAN_POINT('',(6.096765558174,13.639918254022));
#142 = CARTESIAN_POINT('',(6.095944691848,13.623816057305));
#143 = CARTESIAN_POINT('',(6.095150619808,13.607406301282));
#144 = CARTESIAN_POINT('',(6.091408264587,13.525915510571));
#145 = CARTESIAN_POINT('',(6.088847174905,13.456879201916));
#146 = CARTESIAN_POINT('',(6.08671475832,13.384556522702));
#147 = CARTESIAN_POINT('',(6.085014623288,13.309822595997));
#148 = CARTESIAN_POINT('',(6.083744443665,13.233431981212));
#149 = CARTESIAN_POINT('',(6.082899486657,13.156015935475));
#150 = CARTESIAN_POINT('',(6.082475681965,13.078078079041));
#151 = CARTESIAN_POINT('',(6.082475681965,13.));
#152 = ( GEOMETRIC_REPRESENTATION_CONTEXT(2) 
PARAMETRIC_REPRESENTATION_CONTEXT() REPRESENTATION_CONTEXT('2D SPACE',''
  ) );
#153 = PCURVE('',#154,#159);
#154 = SPHERICAL_SURFACE('',#155,1.);
#155 = AXIS2_PLACEMENT_3D('',#156,#157,#158);
#156 = CARTESIAN_POINT('',(17.,-2.5,5.));
#157 = DIRECTION('',(-0.,-0.,-1.));
#158 = DIRECTION('',(1.,0.,0.));
#159 = DEFINITIONAL_REPRESENTATION('',(#160),#219);
#160 = B_SPLINE_CURVE_WITH_KNOTS('',8,(#161,#162,#163,#164,#165,#166,
    #167,#168,#169,#170,#171,#172,#173,#174,#175,#176,#177,#178,#179,
    #180,#181,#182,#183,#184,#185,#186,#187,#188,#189,#190,#191,#192,
    #193,#194,#195,#196,#197,#198,#199,#200,#201,#202,#203,#204,#205,
    #206,#207,#208,#209,#210,#211,#212,#213,#214,#215,#216,#217,#218),
  .UNSPECIFIED.,.F.,.F.,(9,7,7,7,7,7,7,7,9),(0.,5.130068289002E-02,
    0.253715828184,0.304290951571,0.391883566397,0.484121049719,
    0.547331553463,0.640092430902,1.),.UNSPECIFIED.);
#161 = CARTESIAN_POINT('',(3.741062885915E-14,-1.244530516588));
#162 = CARTESIAN_POINT('',(1.830446442063E-02,-1.245424465507));
#163 = CARTESIAN_POINT('',(3.662635035487E-02,-1.246186447058));
#164 = CARTESIAN_POINT('',(5.496254655724E-02,-1.246818278581));
#165 = CARTESIAN_POINT('',(7.331002316286E-02,-1.247321411124));
#166 = CARTESIAN_POINT('',(9.166583168745E-02,-1.247696929447));
#167 = CARTESIAN_POINT('',(0.110027105027,-1.247945552018));
#168 = CARTESIAN_POINT('',(0.12839105746,-1.248067631014));
#169 = CARTESIAN_POINT('',(0.219212830802,-1.248045480924));
#170 = CARTESIAN_POINT('',(0.291587209226,-1.246057499552));
#171 = CARTESIAN_POINT('',(0.363814981119,-1.242106940757));
#172 = CARTESIAN_POINT('',(0.435746048926,-1.236095477613));
#173 = CARTESIAN_POINT('',(0.507138344686,-1.227845326614));
#174 = CARTESIAN_POINT('',(0.577644938745,-1.217088358564));
#175 = CARTESIAN_POINT('',(0.646810921614,-1.203458783558));
#176 = CARTESIAN_POINT('',(0.730909881163,-1.182300796479));
#177 = CARTESIAN_POINT('',(0.747598955642,-1.17786663207));
#178 = CARTESIAN_POINT('',(0.764154525711,-1.173222168815));
#179 = CARTESIAN_POINT('',(0.780565173449,-1.168361684401));
#180 = CARTESIAN_POINT('',(0.796818632037,-1.163279741154));
#181 = CARTESIAN_POINT('',(0.812901945294,-1.157971378838));
#182 = CARTESIAN_POINT('',(0.828801627213,-1.152432307455));
#183 = CARTESIAN_POINT('',(0.871698935705,-1.136660304209));
#184 = CARTESIAN_POINT('',(0.898307451913,-1.12595706488));
#185 = CARTESIAN_POINT('',(0.924249750714,-1.114534040339));
#186 = CARTESIAN_POINT('',(0.949447288381,-1.102383424284));
#187 = CARTESIAN_POINT('',(0.973827120837,-1.089508311544));
#188 = CARTESIAN_POINT('',(0.997325454797,-1.075925329599));
#189 = CARTESIAN_POINT('',(1.019890226071,-1.061666535911));
#190 = CARTESIAN_POINT('',(1.064220191787,-1.03110525254));
#191 = CARTESIAN_POINT('',(1.085886024923,-1.014729812375));
#192 = CARTESIAN_POINT('',(1.106434454678,-0.997710109671));
#193 = CARTESIAN_POINT('',(1.125852327936,-0.980110143171));
#194 = CARTESIAN_POINT('',(1.144152328419,-0.961998761967));
#195 = CARTESIAN_POINT('',(1.161366216867,-0.943446366212));
#196 = CARTESIAN_POINT('',(1.177538071225,-0.924521607842));
#197 = CARTESIAN_POINT('',(1.203120033484,-0.89210732978));
#198 = CARTESIAN_POINT('',(1.213057942006,-0.878779798066));
#199 = CARTESIAN_POINT('',(1.222548752494,-0.865324380035));
#200 = CARTESIAN_POINT('',(1.231611179237,-0.851758467783));
#201 = CARTESIAN_POINT('',(1.240264648504,-0.838097881303));
#202 = CARTESIAN_POINT('',(1.248528796343,-0.824356788182));
#203 = CARTESIAN_POINT('',(1.256422966381,-0.810547623296));
#204 = CARTESIAN_POINT('',(1.275034616328,-0.776331869044));
#205 = CARTESIAN_POINT('',(1.285345971192,-0.755860421848));
#206 = CARTESIAN_POINT('',(1.294959886037,-0.73529935832));
#207 = CARTESIAN_POINT('',(1.303931601257,-0.714675953091));
#208 = CARTESIAN_POINT('',(1.312311597896,-0.694012424592));
#209 = CARTESIAN_POINT('',(1.320145711748,-0.673326295637));
#210 = CARTESIAN_POINT('',(1.32747524744,-0.652630754005));
#211 = CARTESIAN_POINT('',(1.360960708585,-0.551636572216));
#212 = CARTESIAN_POINT('',(1.380499394144,-0.47147239668));
#213 = CARTESIAN_POINT('',(1.39521537648,-0.391808895599));
#214 = CARTESIAN_POINT('',(1.40613082531,-0.312712071643));
#215 = CARTESIAN_POINT('',(1.413938037694,-0.234157666492));
#216 = CARTESIAN_POINT('',(1.419006067248,-0.156015836674));
#217 = CARTESIAN_POINT('',(1.421549240766,-7.807807904142E-02));
#218 = CARTESIAN_POINT('',(1.421549240766,0.));
#219 = ( GEOMETRIC_REPRESENTATION_CONTEXT(2) 
PARAMETRIC_REPRESENTATION_CONTEXT() REPRESENTATION_CONTEXT('2D SPACE',''
  ) );
#220 = ORIENTED_EDGE('',*,*,#221,.T.);
#221 = EDGE_CURVE('',#22,#222,#224,.T.);
#222 = VERTEX_POINT('',#223);
#223 = CARTESIAN_POINT('',(17.5,-4.286263797016E-15,5.866025403784));
#224 = SURFACE_CURVE('',#225,(#234,#246),.PCURVE_S1.);
#225 = B_SPLINE_CURVE_WITH_KNOTS('',7,(#226,#227,#228,#229,#230,#231,
    #232,#233),.UNSPECIFIED.,.F.,.F.,(8,8),(0.,1.),
  .PIECEWISE_BEZIER_KNOTS.);
#226 = CARTESIAN_POINT('',(17.320507989086,-2.5000006,5.947245812306));
#227 = CARTESIAN_POINT('',(17.371538890918,-2.146448227703,
    5.929979109709));
#228 = CARTESIAN_POINT('',(17.414387350132,-1.790037455351,
    5.911906443615));
#229 = CARTESIAN_POINT('',(17.44864678589,-1.432586971767,5.894954951645
    ));
#230 = CARTESIAN_POINT('',(17.474270254771,-1.075102318334,
    5.880880065991));
#231 = CARTESIAN_POINT('',(17.491381051116,-0.717648655712,5.87100163661
    ));
#232 = CARTESIAN_POINT('',(17.5,-0.35956163331,5.866025403784));
#233 = CARTESIAN_POINT('',(17.5,-4.440892098501E-15,5.866025403784));
#234 = PCURVE('',#87,#235);
#235 = DEFINITIONAL_REPRESENTATION('',(#236),#245);
#236 = B_SPLINE_CURVE_WITH_KNOTS('',7,(#237,#238,#239,#240,#241,#242,
    #243,#244),.UNSPECIFIED.,.F.,.F.,(8,8),(0.,1.),
  .PIECEWISE_BEZIER_KNOTS.);
#237 = CARTESIAN_POINT('',(6.139837703633,13.947245812306));
#238 = CARTESIAN_POINT('',(6.160250059467,13.929979109709));
#239 = CARTESIAN_POINT('',(6.180757283923,13.911906443615));
#240 = CARTESIAN_POINT('',(6.201267073582,13.894954951645));
#241 = CARTESIAN_POINT('',(6.221736711856,13.880880065991));
#242 = CARTESIAN_POINT('',(6.24217681487,13.87100163661));
#243 = CARTESIAN_POINT('',(6.262638928133,13.866025403784));
#244 = CARTESIAN_POINT('',(6.28318530718,13.866025403784));
#245 = ( GEOMETRIC_REPRESENTATION_CONTEXT(2) 
PARAMETRIC_REPRESENTATION_CONTEXT() REPRESENTATION_CONTEXT('2D SPACE',''
  ) );
#246 = PCURVE('',#247,#252);
#247 = CYLINDRICAL_SURFACE('',#248,1.);
#248 = AXIS2_PLACEMENT_3D('',#249,#250,#251);
#249 = CARTESIAN_POINT('',(17.,-3.5,5.));
#250 = DIRECTION('',(0.,1.,0.));
#251 = DIRECTION('',(1.,0.,-0.));
#252 = DEFINITIONAL_REPRESENTATION('',(#253),#262);
#253 = B_SPLINE_CURVE_WITH_KNOTS('',7,(#254,#255,#256,#257,#258,#259,
    #260,#261),.UNSPECIFIED.,.F.,.F.,(8,8),(0.,1.),
  .PIECEWISE_BEZIER_KNOTS.);
#254 = CARTESIAN_POINT('',(-1.244530608013,0.9999994));
#255 = CARTESIAN_POINT('',(-1.190657683827,1.353551772297));
#256 = CARTESIAN_POINT('',(-1.144277244485,1.709962544649));
#257 = CARTESIAN_POINT('',(-1.106136624233,2.067413028233));
#258 = CARTESIAN_POINT('',(-1.076907161055,2.424897681666));
#259 = CARTESIAN_POINT('',(-1.057149958794,2.782351344288));
#260 = CARTESIAN_POINT('',(-1.047197551197,3.14043836669));
#261 = CARTESIAN_POINT('',(-1.047197551197,3.5));
#262 = ( GEOMETRIC_REPRESENTATION_CONTEXT(2) 
PARAMETRIC_REPRESENTATION_CONTEXT() REPRESENTATION_CONTEXT('2D SPACE',''
  ) );
#263 = ORIENTED_EDGE('',*,*,#264,.T.);
#264 = EDGE_CURVE('',#222,#265,#267,.T.);
#265 = VERTEX_POINT('',#266);
#266 = CARTESIAN_POINT('',(17.5,-4.286263797016E-15,8.));
#267 = SEAM_CURVE('',#268,(#272,#279),.PCURVE_S1.);
#268 = LINE('',#269,#270);
#269 = CARTESIAN_POINT('',(17.5,-4.286263797016E-15,-8.));
#270 = VECTOR('',#271,1.);
#271 = DIRECTION('',(0.,0.,1.));
#272 = PCURVE('',#87,#273);
#273 = DEFINITIONAL_REPRESENTATION('',(#274),#278);
#274 = LINE('',#275,#276);
#275 = CARTESIAN_POINT('',(0.,-0.));
#276 = VECTOR('',#277,1.);
#277 = DIRECTION('',(0.,1.));
#278 = ( GEOMETRIC_REPRESENTATION_CONTEXT(2) 
PARAMETRIC_REPRESENTATION_CONTEXT() REPRESENTATION_CONTEXT('2D SPACE',''
  ) );
#279 = PCURVE('',#87,#280);
#280 = DEFINITIONAL_REPRESENTATION('',(#281),#285);
#281 = LINE('',#282,#283);
#282 = CARTESIAN_POINT('',(6.28318530718,-0.));
#283 = VECTOR('',#284,1.);
#284 = DIRECTION('',(0.,1.));
#285 = ( GEOMETRIC_REPRESENTATION_CONTEXT(2) 
PARAMETRIC_REPRESENTATION_CONTEXT() REPRESENTATION_CONTEXT('2D SPACE',''
  ) );
#286 = ORIENTED_EDGE('',*,*,#287,.F.);
#287 = EDGE_CURVE('',#265,#265,#288,.T.);
#288 = SURFACE_CURVE('',#289,(#294,#301),.PCURVE_S1.);
#289 = CIRCLE('',#290,17.5);
#290 = AXIS2_PLACEMENT_3D('',#291,#292,#293);
#291 = CARTESIAN_POINT('',(0.,0.,8.));
#292 = DIRECTION('',(0.,0.,1.));
#293 = DIRECTION('',(1.,0.,-0.));
#294 = PCURVE('',#87,#295);
#295 = DEFINITIONAL_REPRESENTATION('',(#296),#300);
#296 = LINE('',#297,#298);
#297 = CARTESIAN_POINT('',(0.,16.));
#298 = VECTOR('',#299,1.);
#299 = DIRECTION('',(1.,0.));
#300 = ( GEOMETRIC_REPRESENTATION_CONTEXT(2) 
PARAMETRIC_REPRESENTATION_CONTEXT() REPRESENTATION_CONTEXT('2D SPACE',''
  ) );
#301 = PCURVE('',#302,#307);
#302 = PLANE('',#303);
#303 = AXIS2_PLACEMENT_3D('',#304,#305,#306);
#304 = CARTESIAN_POINT('',(0.,0.,8.));
#305 = DIRECTION('',(0.,0.,1.));
#306 = DIRECTION('',(1.,0.,-0.));
#307 = DEFINITIONAL_REPRESENTATION('',(#308),#312);
#308 = CIRCLE('',#309,17.5);
#309 = AXIS2_PLACEMENT_2D('',#310,#311);
#310 = CARTESIAN_POINT('',(0.,0.));
#311 = DIRECTION('',(1.,0.));
#312 = ( GEOMETRIC_REPRESENTATION_CONTEXT(2) 
PARAMETRIC_REPRESENTATION_CONTEXT() REPRESENTATION_CONTEXT('2D SPACE',''
  ) );
#313 = ORIENTED_EDGE('',*,*,#264,.F.);
#314 = ORIENTED_EDGE('',*,*,#315,.T.);
#315 = EDGE_CURVE('',#222,#316,#318,.T.);
#316 = VERTEX_POINT('',#317);
#317 = CARTESIAN_POINT('',(17.320508075689,2.5,5.947245783004));
#318 = SURFACE_CURVE('',#319,(#328,#340),.PCURVE_S1.);
#319 = B_SPLINE_CURVE_WITH_KNOTS('',7,(#320,#321,#322,#323,#324,#325,
    #326,#327),.UNSPECIFIED.,.F.,.F.,(8,8),(0.,1.),
  .PIECEWISE_BEZIER_KNOTS.);
#320 = CARTESIAN_POINT('',(17.5,-4.363577947758E-15,5.866025403784));
#321 = CARTESIAN_POINT('',(17.5,0.35955943143,5.866025403784));
#322 = CARTESIAN_POINT('',(17.491381156707,0.717646293083,5.871001576491
    ));
#323 = CARTESIAN_POINT('',(17.474270394257,1.075101692851,5.880879981429
    ));
#324 = CARTESIAN_POINT('',(17.448646736871,1.432588976564,5.894955008643
    ));
#325 = CARTESIAN_POINT('',(17.414386953454,1.790041414939,5.911906651346
    ));
#326 = CARTESIAN_POINT('',(17.371538372666,2.14645181826,5.929979285064)
  );
#327 = CARTESIAN_POINT('',(17.320507989086,2.5000006,5.947245812306));
#328 = PCURVE('',#87,#329);
#329 = DEFINITIONAL_REPRESENTATION('',(#330),#339);
#330 = B_SPLINE_CURVE_WITH_KNOTS('',7,(#331,#332,#333,#334,#335,#336,
    #337,#338),.UNSPECIFIED.,.F.,.F.,(8,8),(0.,1.),
  .PIECEWISE_BEZIER_KNOTS.);
#331 = CARTESIAN_POINT('',(0.,13.866025403784));
#332 = CARTESIAN_POINT('',(2.054625322455E-02,13.866025403784));
#333 = CARTESIAN_POINT('',(4.100835730627E-02,13.871001576491));
#334 = CARTESIAN_POINT('',(6.144855931509E-02,13.880879981429));
#335 = CARTESIAN_POINT('',(8.191834784017E-02,13.894955008643));
#336 = CARTESIAN_POINT('',(0.102428250423,13.911906651346));
#337 = CARTESIAN_POINT('',(0.122935455013,13.929979285064));
#338 = CARTESIAN_POINT('',(0.143347603546,13.947245812306));
#339 = ( GEOMETRIC_REPRESENTATION_CONTEXT(2) 
PARAMETRIC_REPRESENTATION_CONTEXT() REPRESENTATION_CONTEXT('2D SPACE',''
  ) );
#340 = PCURVE('',#247,#341);
#341 = DEFINITIONAL_REPRESENTATION('',(#342),#351);
#342 = B_SPLINE_CURVE_WITH_KNOTS('',7,(#343,#344,#345,#346,#347,#348,
    #349,#350),.UNSPECIFIED.,.F.,.F.,(8,8),(0.,1.),
  .PIECEWISE_BEZIER_KNOTS.);
#343 = CARTESIAN_POINT('',(-1.047197551197,3.5));
#344 = CARTESIAN_POINT('',(-1.047197551197,3.85955943143));
#345 = CARTESIAN_POINT('',(-1.057149837296,4.217646293083));
#346 = CARTESIAN_POINT('',(-1.076906997746,4.575101692851));
#347 = CARTESIAN_POINT('',(-1.106136696497,4.932588976564));
#348 = CARTESIAN_POINT('',(-1.144277686979,5.290041414939));
#349 = CARTESIAN_POINT('',(-1.190658230942,5.64645181826));
#350 = CARTESIAN_POINT('',(-1.244530608013,6.0000006));
#351 = ( GEOMETRIC_REPRESENTATION_CONTEXT(2) 
PARAMETRIC_REPRESENTATION_CONTEXT() REPRESENTATION_CONTEXT('2D SPACE',''
  ) );
#352 = ORIENTED_EDGE('',*,*,#353,.F.);
#353 = EDGE_CURVE('',#354,#316,#356,.T.);
#354 = VERTEX_POINT('',#355);
#355 = CARTESIAN_POINT('',(17.148693630629,3.488883311726,5.));
#356 = SURFACE_CURVE('',#357,(#409,#464),.PCURVE_S1.);
#357 = B_SPLINE_CURVE_WITH_KNOTS('',8,(#358,#359,#360,#361,#362,#363,
    #364,#365,#366,#367,#368,#369,#370,#371,#372,#373,#374,#375,#376,
    #377,#378,#379,#380,#381,#382,#383,#384,#385,#386,#387,#388,#389,
    #390,#391,#392,#393,#394,#395,#396,#397,#398,#399,#400,#401,#402,
    #403,#404,#405,#406,#407,#408),.UNSPECIFIED.,.F.,.F.,(9,7,7,7,7,7,7,
    9),(0.,0.365371473818,0.421088168902,0.45426383068,0.496358301203,
    0.632853094779,0.797146358524,1.),.UNSPECIFIED.);
#358 = CARTESIAN_POINT('',(17.148693630629,3.488883311726,5.));
#359 = CARTESIAN_POINT('',(17.148693630629,3.488883311726,5.021285134851
    ));
#360 = CARTESIAN_POINT('',(17.148833884166,3.488190461566,5.042066899739
    ));
#361 = CARTESIAN_POINT('',(17.148986726068,3.487447938982,5.062259142951
    ));
#362 = CARTESIAN_POINT('',(17.14933834184,3.485707656199,5.08750778613)
  );
#363 = CARTESIAN_POINT('',(17.149909102879,3.482914629357,5.115761226679
    ));
#364 = CARTESIAN_POINT('',(17.1507987249,3.478516828873,5.152872373503)
  );
#365 = CARTESIAN_POINT('',(17.152629088223,3.46953402734,5.202699665624)
  );
#366 = CARTESIAN_POINT('',(17.156887258103,3.448365957247,5.275844575923
    ));
#367 = CARTESIAN_POINT('',(17.157490353716,3.445365164079,5.285776820329
    ));
#368 = CARTESIAN_POINT('',(17.158134436763,3.442157241315,5.295942014916
    ));
#369 = CARTESIAN_POINT('',(17.158820486239,3.438736537158,5.306316498657
    ));
#370 = CARTESIAN_POINT('',(17.159549142763,3.435098977867,5.316874817421
    ));
#371 = CARTESIAN_POINT('',(17.160320706953,3.431242087167,5.327590538397
    ));
#372 = CARTESIAN_POINT('',(17.16113513781,3.427165005657,5.33843706452)
  );
#373 = CARTESIAN_POINT('',(17.162502287119,3.420310227129,5.355909284758
    ));
#374 = CARTESIAN_POINT('',(17.163027625254,3.417673951156,5.362467783356
    ));
#375 = CARTESIAN_POINT('',(17.163568023322,3.414959651404,5.369058850111
    ));
#376 = CARTESIAN_POINT('',(17.164123414512,3.412167410381,5.37567760633)
  );
#377 = CARTESIAN_POINT('',(17.164693712846,3.409297397115,5.382319417628
    ));
#378 = CARTESIAN_POINT('',(17.165278818654,3.406349840249,5.388979922348
    ));
#379 = CARTESIAN_POINT('',(17.165878624049,3.403325001143,5.395655059995
    ));
#380 = CARTESIAN_POINT('',(17.167272584006,3.396287403069,5.410824586771
    ));
#381 = CARTESIAN_POINT('',(17.168075633509,3.392227687484,5.419325460421
    ));
#382 = CARTESIAN_POINT('',(17.168901928923,3.388044604844,5.42783620536)
  );
#383 = CARTESIAN_POINT('',(17.169751227968,3.383738761429,5.436349899762
    ));
#384 = CARTESIAN_POINT('',(17.170623284071,3.379310765175,5.444860215211
    ));
#385 = CARTESIAN_POINT('',(17.171517846368,3.374761225674,5.453361416707
    ));
#386 = CARTESIAN_POINT('',(17.1724346597,3.370090754176,5.461848362663)
  );
#387 = CARTESIAN_POINT('',(17.176417617001,3.349765429846,5.497775154769
    ));
#388 = CARTESIAN_POINT('',(17.179691363019,3.332974153727,5.525020260256
    ));
#389 = CARTESIAN_POINT('',(17.183188458202,3.314934007241,5.551917630579
    ));
#390 = CARTESIAN_POINT('',(17.186900732455,3.29566013034,5.578352247044)
  );
#391 = CARTESIAN_POINT('',(17.190819007716,3.275170913527,5.6042260153)
  );
#392 = CARTESIAN_POINT('',(17.194933948393,3.253483885286,5.629455184827
    ));
#393 = CARTESIAN_POINT('',(17.199236844575,3.230611504328,5.653967435659
    ));
#394 = CARTESIAN_POINT('',(17.209116915772,3.177603249901,5.706262914191
    ));
#395 = CARTESIAN_POINT('',(17.214771947525,3.146953885249,5.733678725882
    ));
#396 = CARTESIAN_POINT('',(17.220668740864,3.114635267425,5.759818945828
    ));
#397 = CARTESIAN_POINT('',(17.226787442932,3.080687518635,5.784550647973
    ));
#398 = CARTESIAN_POINT('',(17.233104956824,3.045166410442,5.807737057517
    ));
#399 = CARTESIAN_POINT('',(17.239595006862,3.008145585797,5.829240261045
    ));
#400 = CARTESIAN_POINT('',(17.246228342793,2.969718971218,5.848924671045
    ));
#401 = CARTESIAN_POINT('',(17.261300844191,2.880966356542,5.888560673318
    ));
#402 = CARTESIAN_POINT('',(17.269801769451,2.82994457866,5.907499509855)
  );
#403 = CARTESIAN_POINT('',(17.278408923262,2.777197877169,5.923211622452
    ));
#404 = CARTESIAN_POINT('',(17.287050501332,2.723034808746,5.935467388045
    ));
#405 = CARTESIAN_POINT('',(17.295652650929,2.667812099638,5.944083167401
    ));
#406 = CARTESIAN_POINT('',(17.304142133164,2.611931794877,5.948934453488
    ));
#407 = CARTESIAN_POINT('',(17.312448827101,2.555836112102,5.949972693276
    ));
#408 = CARTESIAN_POINT('',(17.320508075689,2.5,5.947245783004));
#409 = PCURVE('',#87,#410);
#410 = DEFINITIONAL_REPRESENTATION('',(#411),#463);
#411 = B_SPLINE_CURVE_WITH_KNOTS('',8,(#412,#413,#414,#415,#416,#417,
    #418,#419,#420,#421,#422,#423,#424,#425,#426,#427,#428,#429,#430,
    #431,#432,#433,#434,#435,#436,#437,#438,#439,#440,#441,#442,#443,
    #444,#445,#446,#447,#448,#449,#450,#451,#452,#453,#454,#455,#456,
    #457,#458,#459,#460,#461,#462),.UNSPECIFIED.,.F.,.F.,(9,7,7,7,7,7,7,
    9),(0.,0.365371473818,0.421088168902,0.45426383068,0.496358301203,
    0.632853094779,0.797146358524,1.),.UNSPECIFIED.);
#412 = CARTESIAN_POINT('',(0.200709625214,13.));
#413 = CARTESIAN_POINT('',(0.200709625214,13.021285134851));
#414 = CARTESIAN_POINT('',(0.200669228255,13.042066899739));
#415 = CARTESIAN_POINT('',(0.200625913792,13.062259142951));
#416 = CARTESIAN_POINT('',(0.200524455752,13.08750778613));
#417 = CARTESIAN_POINT('',(0.200361558497,13.115761226679));
#418 = CARTESIAN_POINT('',(0.200105163794,13.152872373503));
#419 = CARTESIAN_POINT('',(0.199581314839,13.202699665624));
#420 = CARTESIAN_POINT('',(0.198347479998,13.275844575923));
#421 = CARTESIAN_POINT('',(0.198172577262,13.285776820329));
#422 = CARTESIAN_POINT('',(0.197985609093,13.295942014916));
#423 = CARTESIAN_POINT('',(0.19778624783,13.306316498657));
#424 = CARTESIAN_POINT('',(0.197574258024,13.316874817421));
#425 = CARTESIAN_POINT('',(0.197349497542,13.327590538397));
#426 = CARTESIAN_POINT('',(0.197111918668,13.33843706452));
#427 = CARTESIAN_POINT('',(0.196712502417,13.355909284758));
#428 = CARTESIAN_POINT('',(0.196558896178,13.362467783356));
#429 = CARTESIAN_POINT('',(0.196400749227,13.369058850111));
#430 = CARTESIAN_POINT('',(0.196238066927,13.37567760633));
#431 = CARTESIAN_POINT('',(0.196070859704,13.382319417628));
#432 = CARTESIAN_POINT('',(0.195899141476,13.388979922348));
#433 = CARTESIAN_POINT('',(0.195722928083,13.395655059995));
#434 = CARTESIAN_POINT('',(0.195312966767,13.410824586771));
#435 = CARTESIAN_POINT('',(0.195076487985,13.419325460421));
#436 = CARTESIAN_POINT('',(0.194832835892,13.42783620536));
#437 = CARTESIAN_POINT('',(0.19458204714,13.436349899762));
#438 = CARTESIAN_POINT('',(0.194324158514,13.444860215211));
#439 = CARTESIAN_POINT('',(0.194059206933,13.453361416707));
#440 = CARTESIAN_POINT('',(0.193787229453,13.461848362663));
#441 = CARTESIAN_POINT('',(0.19260369237,13.497775154769));
#442 = CARTESIAN_POINT('',(0.191626125044,13.525020260256));
#443 = CARTESIAN_POINT('',(0.190576070215,13.551917630579));
#444 = CARTESIAN_POINT('',(0.189454464752,13.578352247044));
#445 = CARTESIAN_POINT('',(0.188262437867,13.6042260153));
#446 = CARTESIAN_POINT('',(0.187001070899,13.629455184827));
#447 = CARTESIAN_POINT('',(0.185671152444,13.653967435659));
#448 = CARTESIAN_POINT('',(0.182589943646,13.706262914191));
#449 = CARTESIAN_POINT('',(0.180808992547,13.733678725882));
#450 = CARTESIAN_POINT('',(0.178931731808,13.759818945828));
#451 = CARTESIAN_POINT('',(0.17696061247,13.784550647973));
#452 = CARTESIAN_POINT('',(0.174898994185,13.807737057517));
#453 = CARTESIAN_POINT('',(0.172751268916,13.829240261045));
#454 = CARTESIAN_POINT('',(0.170522994502,13.848924671045));
#455 = CARTESIAN_POINT('',(0.165378802005,13.888560673318));
#456 = CARTESIAN_POINT('',(0.162423095502,13.907499509855));
#457 = CARTESIAN_POINT('',(0.159369162152,13.923211622452));
#458 = CARTESIAN_POINT('',(0.156235024817,13.935467388045));
#459 = CARTESIAN_POINT('',(0.153041430112,13.944083167401));
#460 = CARTESIAN_POINT('',(0.149811668261,13.948934453488));
#461 = CARTESIAN_POINT('',(0.146571268341,13.949972693276));
#462 = CARTESIAN_POINT('',(0.143347568905,13.947245783004));
#463 = ( GEOMETRIC_REPRESENTATION_CONTEXT(2) 
PARAMETRIC_REPRESENTATION_CONTEXT() REPRESENTATION_CONTEXT('2D SPACE',''
  ) );
#464 = PCURVE('',#465,#470);
#465 = SPHERICAL_SURFACE('',#466,1.);
#466 = AXIS2_PLACEMENT_3D('',#467,#468,#469);
#467 = CARTESIAN_POINT('',(17.,2.5,5.));
#468 = DIRECTION('',(-0.,-1.,-0.));
#469 = DIRECTION('',(1.,-0.,0.));
#470 = DEFINITIONAL_REPRESENTATION('',(#471),#523);
#471 = B_SPLINE_CURVE_WITH_KNOTS('',8,(#472,#473,#474,#475,#476,#477,
    #478,#479,#480,#481,#482,#483,#484,#485,#486,#487,#488,#489,#490,
    #491,#492,#493,#494,#495,#496,#497,#498,#499,#500,#501,#502,#503,
    #504,#505,#506,#507,#508,#509,#510,#511,#512,#513,#514,#515,#516,
    #517,#518,#519,#520,#521,#522),.UNSPECIFIED.,.F.,.F.,(9,7,7,7,7,7,7,
    9),(0.,0.365371473818,0.421088168902,0.45426383068,0.496358301203,
    0.632853094779,0.797146358524,1.),.UNSPECIFIED.);
#472 = CARTESIAN_POINT('',(0.,-1.421549240766));
#473 = CARTESIAN_POINT('',(0.143147589851,-1.421549240766));
#474 = CARTESIAN_POINT('',(0.278194146888,-1.417344526412));
#475 = CARTESIAN_POINT('',(0.415055920303,-1.411937236866));
#476 = CARTESIAN_POINT('',(0.55000405825,-1.400097455593));
#477 = CARTESIAN_POINT('',(0.694710984623,-1.384433829483));
#478 = CARTESIAN_POINT('',(0.829999277529,-1.358065805615));
#479 = CARTESIAN_POINT('',(0.945949842105,-1.316497154692));
#480 = CARTESIAN_POINT('',(1.054059959531,-1.247920450423));
#481 = CARTESIAN_POINT('',(1.067756413464,-1.238488837074));
#482 = CARTESIAN_POINT('',(1.080820993422,-1.228715246311));
#483 = CARTESIAN_POINT('',(1.093243485805,-1.218618980986));
#484 = CARTESIAN_POINT('',(1.105024876457,-1.208221899928));
#485 = CARTESIAN_POINT('',(1.116175132291,-1.197547512956));
#486 = CARTESIAN_POINT('',(1.126710982903,-1.186620075887));
#487 = CARTESIAN_POINT('',(1.142573943732,-1.168820781985));
#488 = CARTESIAN_POINT('',(1.148284323687,-1.162096209256));
#489 = CARTESIAN_POINT('',(1.153789646921,-1.155294652651));
#490 = CARTESIAN_POINT('',(1.159095296133,-1.148420625377));
#491 = CARTESIAN_POINT('',(1.164207092558,-1.141478426942));
#492 = CARTESIAN_POINT('',(1.169131156661,-1.134472101527));
#493 = CARTESIAN_POINT('',(1.173873768835,-1.127405396371));
#494 = CARTESIAN_POINT('',(1.184236588899,-1.111242944038));
#495 = CARTESIAN_POINT('',(1.189749720854,-1.102112602366));
#496 = CARTESIAN_POINT('',(1.194993954778,-1.092897591508));
#497 = CARTESIAN_POINT('',(1.199982226906,-1.083604159501));
#498 = CARTESIAN_POINT('',(1.204727080884,-1.074237906042));
#499 = CARTESIAN_POINT('',(1.209240667773,-1.064803782482));
#500 = CARTESIAN_POINT('',(1.21353474605,-1.055306091831));
#501 = CARTESIAN_POINT('',(1.23086966474,-1.01475717226));
#502 = CARTESIAN_POINT('',(1.241921379345,-0.983153555776));
#503 = CARTESIAN_POINT('',(1.251170922213,-0.951038932567));
#504 = CARTESIAN_POINT('',(1.258917616163,-0.918486821934));
#505 = CARTESIAN_POINT('',(1.265390932951,-0.885547806536));
#506 = CARTESIAN_POINT('',(1.270770046066,-0.852252514785));
#507 = CARTESIAN_POINT('',(1.275197013453,-0.818612748353));
#508 = CARTESIAN_POINT('',(1.283100607421,-0.743705966563));
#509 = CARTESIAN_POINT('',(1.286197809722,-0.702305091614));
#510 = CARTESIAN_POINT('',(1.288269049722,-0.66043054778));
#511 = CARTESIAN_POINT('',(1.289448097355,-0.618095080076));
#512 = CARTESIAN_POINT('',(1.289829572387,-0.575313149635));
#513 = CARTESIAN_POINT('',(1.289482940278,-0.532102623264));
#514 = CARTESIAN_POINT('',(1.288459571317,-0.488486763584));
#515 = CARTESIAN_POINT('',(1.284734970704,-0.390181565197));
#516 = CARTESIAN_POINT('',(1.281695914508,-0.335274148079));
#517 = CARTESIAN_POINT('',(1.277739835064,-0.279878799902));
#518 = CARTESIAN_POINT('',(1.272900148358,-0.224106207903));
#519 = CARTESIAN_POINT('',(1.267183518604,-0.168077512773));
#520 = CARTESIAN_POINT('',(1.260574179317,-0.111931703891));
#521 = CARTESIAN_POINT('',(1.253038602591,-5.583611210202E-02));
#522 = CARTESIAN_POINT('',(1.244530516588,0.));
#523 = ( GEOMETRIC_REPRESENTATION_CONTEXT(2) 
PARAMETRIC_REPRESENTATION_CONTEXT() REPRESENTATION_CONTEXT('2D SPACE',''
  ) );
#524 = ORIENTED_EDGE('',*,*,#525,.F.);
#525 = EDGE_CURVE('',#526,#354,#528,.T.);
#526 = VERTEX_POINT('',#527);
#527 = CARTESIAN_POINT('',(17.148693630629,3.488883311726,1.));
#528 = SURFACE_CURVE('',#529,(#533,#539),.PCURVE_S1.);
#529 = LINE('',#530,#531);
#530 = CARTESIAN_POINT('',(17.148693630629,3.488883311726,-8.));
#531 = VECTOR('',#532,1.);
#532 = DIRECTION('',(0.,0.,1.));
#533 = PCURVE('',#87,#534);
#534 = DEFINITIONAL_REPRESENTATION('',(#535),#538);
#535 = B_SPLINE_CURVE_WITH_KNOTS('',1,(#536,#537),.UNSPECIFIED.,.F.,.F.,
  (2,2),(8.9999994,13.0000006),.PIECEWISE_BEZIER_KNOTS.);
#536 = CARTESIAN_POINT('',(0.200709625214,8.9999994));
#537 = CARTESIAN_POINT('',(0.200709625214,13.0000006));
#538 = ( GEOMETRIC_REPRESENTATION_CONTEXT(2) 
PARAMETRIC_REPRESENTATION_CONTEXT() REPRESENTATION_CONTEXT('2D SPACE',''
  ) );
#539 = PCURVE('',#540,#545);
#540 = CYLINDRICAL_SURFACE('',#541,1.);
#541 = AXIS2_PLACEMENT_3D('',#542,#543,#544);
#542 = CARTESIAN_POINT('',(17.,2.5,0.));
#543 = DIRECTION('',(0.,0.,1.));
#544 = DIRECTION('',(1.,0.,-0.));
#545 = DEFINITIONAL_REPRESENTATION('',(#546),#549);
#546 = B_SPLINE_CURVE_WITH_KNOTS('',1,(#547,#548),.UNSPECIFIED.,.F.,.F.,
  (2,2),(8.9999994,13.0000006),.PIECEWISE_BEZIER_KNOTS.);
#547 = CARTESIAN_POINT('',(1.421549240766,0.9999994));
#548 = CARTESIAN_POINT('',(1.421549240766,5.0000006));
#549 = ( GEOMETRIC_REPRESENTATION_CONTEXT(2) 
PARAMETRIC_REPRESENTATION_CONTEXT() REPRESENTATION_CONTEXT('2D SPACE',''
  ) );
#550 = ORIENTED_EDGE('',*,*,#551,.F.);
#551 = EDGE_CURVE('',#552,#526,#554,.T.);
#552 = VERTEX_POINT('',#553);
#553 = CARTESIAN_POINT('',(17.320508075689,2.5,5.275421699631E-02));
#554 = SURFACE_CURVE('',#555,(#614,#676),.PCURVE_S1.);
#555 = B_SPLINE_CURVE_WITH_KNOTS('',8,(#556,#557,#558,#559,#560,#561,
    #562,#563,#564,#565,#566,#567,#568,#569,#570,#571,#572,#573,#574,
    #575,#576,#577,#578,#579,#580,#581,#582,#583,#584,#585,#586,#587,
    #588,#589,#590,#591,#592,#593,#594,#595,#596,#597,#598,#599,#600,
    #601,#602,#603,#604,#605,#606,#607,#608,#609,#610,#611,#612,#613),
  .UNSPECIFIED.,.F.,.F.,(9,7,7,7,7,7,7,7,9),(0.,5.136549578685E-02,
    0.254541935094,0.305103420936,0.391758552618,0.4846954362,
    0.547788785133,0.640820554385,1.),.UNSPECIFIED.);
#556 = CARTESIAN_POINT('',(17.320508075689,2.5,5.275421699631E-02));
#557 = CARTESIAN_POINT('',(17.319660215598,2.50587414702,
    5.246733685282E-02));
#558 = CARTESIAN_POINT('',(17.318814346015,2.511718402482,
    5.222372247443E-02));
#559 = CARTESIAN_POINT('',(17.317969779679,2.517537807922,
    5.202235207588E-02));
#560 = CARTESIAN_POINT('',(17.317125823314,2.523337371178,
    5.186241116503E-02));
#561 = CARTESIAN_POINT('',(17.316281777623,2.5291220664,
    5.174329254279E-02));
#562 = CARTESIAN_POINT('',(17.31543693729,2.534896834038,
    5.166459630317E-02));
#563 = CARTESIAN_POINT('',(17.314590590981,2.540666580854,
    5.162612983329E-02));
#564 = CARTESIAN_POINT('',(17.310385500498,2.569257853777,
    5.163494062109E-02));
#565 = CARTESIAN_POINT('',(17.306998013262,2.59205123411,
    5.227160638166E-02));
#566 = CARTESIAN_POINT('',(17.30353013934,2.615153382762,
    5.353550808179E-02));
#567 = CARTESIAN_POINT('',(17.299933461016,2.638874113915,
    5.54796071634E-02));
#568 = CARTESIAN_POINT('',(17.296157351661,2.663522178016,
    5.820305982241E-02));
#569 = CARTESIAN_POINT('',(17.292143925624,2.689433654993,
    6.186634891992E-02));
#570 = CARTESIAN_POINT('',(17.287826628458,2.716973131911,
    6.671967492284E-02));
#571 = CARTESIAN_POINT('',(17.281971144185,2.753820735854,
    7.472969938593E-02));
#572 = CARTESIAN_POINT('',(17.280781750303,2.761282394218,
    7.642191888235E-02));
#573 = CARTESIAN_POINT('',(17.279568913004,2.768867270093,
    7.82155768533E-02));
#574 = CARTESIAN_POINT('',(17.278331845121,2.776578897285,
    8.011635526006E-02));
#575 = CARTESIAN_POINT('',(17.277069853253,2.784420128428,
    8.213019014989E-02));
#576 = CARTESIAN_POINT('',(17.275782366898,2.792392974773,
    8.426319285352E-02));
#577 = CARTESIAN_POINT('',(17.27446896759,2.800498445969,
    8.652157118262E-02));
#578 = CARTESIAN_POINT('',(17.270833622317,2.822855043621,
    9.300763245792E-02));
#579 = CARTESIAN_POINT('',(17.268460571639,2.837365506363,
    9.749123403438E-02));
#580 = CARTESIAN_POINT('',(17.266009562933,2.852264098182,0.102392279775
    ));
#581 = CARTESIAN_POINT('',(17.263481448987,2.867537139202,0.107741311216
    ));
#582 = CARTESIAN_POINT('',(17.260878923555,2.883159995285,0.113566759976
    ));
#583 = CARTESIAN_POINT('',(17.258206806456,2.899096123744,0.119892220718
    ));
#584 = CARTESIAN_POINT('',(17.255472328686,2.915296119057,0.126733724115
    ));
#585 = CARTESIAN_POINT('',(17.249696479251,2.949286303421,0.141994070409
    ));
#586 = CARTESIAN_POINT('',(17.246646305563,2.967112207439,0.150493289649
    ));
#587 = CARTESIAN_POINT('',(17.243546856386,2.985097882023,0.159602818316
    ));
#588 = CARTESIAN_POINT('',(17.240411095218,3.003164242542,0.169321390727
    ));
#589 = CARTESIAN_POINT('',(17.23725248026,3.021232458367,0.179639329528)
  );
#590 = CARTESIAN_POINT('',(17.234084455566,3.039226702902,0.190539550489
    ));
#591 = CARTESIAN_POINT('',(17.230919942181,3.057076903606,0.201998567292
    ));
#592 = CARTESIAN_POINT('',(17.225632947418,3.086700118065,0.222126586575
    ));
#593 = CARTESIAN_POINT('',(17.223501865205,3.098585611785,0.230511139813
    ));
#594 = CARTESIAN_POINT('',(17.221381049298,3.11036002347,0.239133468888)
  );
#595 = CARTESIAN_POINT('',(17.219273699613,3.122007338758,0.247985364561
    ));
#596 = CARTESIAN_POINT('',(17.217182743941,3.133513422212,0.257058330491
    ));
#597 = CARTESIAN_POINT('',(17.215110832574,3.144865960891,0.266343818221
    ));
#598 = CARTESIAN_POINT('',(17.213060332917,3.156054407921,0.275833462161
    ));
#599 = CARTESIAN_POINT('',(17.208044479487,3.183312416916,0.299801200088
    ));
#600 = CARTESIAN_POINT('',(17.205106914334,3.199177792213,0.314508716747
    ));
#601 = CARTESIAN_POINT('',(17.202227170665,3.214638493727,0.329616863367
    ));
#602 = CARTESIAN_POINT('',(17.19941087764,3.229672497983,0.345100867222)
  );
#603 = CARTESIAN_POINT('',(17.196662826137,3.24426265699,0.360936737888)
  );
#604 = CARTESIAN_POINT('',(17.193987043331,3.258396038973,0.377101821094
    ));
#605 = CARTESIAN_POINT('',(17.191386867272,3.272063269102,0.393575352564
    ));
#606 = CARTESIAN_POINT('',(17.179128614364,3.336199925327,0.475060578548
    ));
#607 = CARTESIAN_POINT('',(17.170576325929,3.380010781357,0.543996894568
    ));
#608 = CARTESIAN_POINT('',(17.163338491819,3.416464884428,0.616197103087
    ));
#609 = CARTESIAN_POINT('',(17.157498969372,3.4455155068,0.690792956171)
  );
#610 = CARTESIAN_POINT('',(17.153102405302,3.46721308949,0.767035466882)
  );
#611 = CARTESIAN_POINT('',(17.150166283114,3.481644883092,0.844297797119
    ));
#612 = CARTESIAN_POINT('',(17.148693630629,3.488883311726,0.922079298034
    ));
#613 = CARTESIAN_POINT('',(17.148693630629,3.488883311726,1.));
#614 = PCURVE('',#87,#615);
#615 = DEFINITIONAL_REPRESENTATION('',(#616),#675);
#616 = B_SPLINE_CURVE_WITH_KNOTS('',8,(#617,#618,#619,#620,#621,#622,
    #623,#624,#625,#626,#627,#628,#629,#630,#631,#632,#633,#634,#635,
    #636,#637,#638,#639,#640,#641,#642,#643,#644,#645,#646,#647,#648,
    #649,#650,#651,#652,#653,#654,#655,#656,#657,#658,#659,#660,#661,
    #662,#663,#664,#665,#666,#667,#668,#669,#670,#671,#672,#673,#674),
  .UNSPECIFIED.,.F.,.F.,(9,7,7,7,7,7,7,7,9),(0.,5.136549578685E-02,
    0.254541935094,0.305103420936,0.391758552618,0.4846954362,
    0.547788785133,0.640820554385,1.),.UNSPECIFIED.);
#617 = CARTESIAN_POINT('',(0.143347568905,8.052754216996));
#618 = CARTESIAN_POINT('',(0.143686712942,8.052467336853));
#619 = CARTESIAN_POINT('',(0.14402415016,8.052223722474));
#620 = CARTESIAN_POINT('',(0.144360171362,8.052022352076));
#621 = CARTESIAN_POINT('',(0.14469506549,8.051862411165));
#622 = CARTESIAN_POINT('',(0.145029119631,8.051743292543));
#623 = CARTESIAN_POINT('',(0.145362619015,8.051664596303));
#624 = CARTESIAN_POINT('',(0.145695847015,8.051626129833));
#625 = CARTESIAN_POINT('',(0.147347210013,8.051634940621));
#626 = CARTESIAN_POINT('',(0.148663992797,8.052271606382));
#627 = CARTESIAN_POINT('',(0.14999890358,8.053535508082));
#628 = CARTESIAN_POINT('',(0.151369863688,8.055479607163));
#629 = CARTESIAN_POINT('',(0.152794753648,8.058203059822));
#630 = CARTESIAN_POINT('',(0.154293061374,8.06186634892));
#631 = CARTESIAN_POINT('',(0.155885962407,8.066719674923));
#632 = CARTESIAN_POINT('',(0.158017959736,8.074729699386));
#633 = CARTESIAN_POINT('',(0.158449723051,8.076421918882));
#634 = CARTESIAN_POINT('',(0.158888650473,8.078215576853));
#635 = CARTESIAN_POINT('',(0.159334948624,8.08011635526));
#636 = CARTESIAN_POINT('',(0.159788784862,8.08213019015));
#637 = CARTESIAN_POINT('',(0.160250277979,8.084263192854));
#638 = CARTESIAN_POINT('',(0.160719488903,8.086521571183));
#639 = CARTESIAN_POINT('',(0.162013788107,8.093007632458));
#640 = CARTESIAN_POINT('',(0.162853972201,8.097491234034));
#641 = CARTESIAN_POINT('',(0.163716763359,8.102392279775));
#642 = CARTESIAN_POINT('',(0.164601383244,8.107741311216));
#643 = CARTESIAN_POINT('',(0.165506419,8.113566759976));
#644 = CARTESIAN_POINT('',(0.166429766768,8.119892220718));
#645 = CARTESIAN_POINT('',(0.167368575188,8.126733724115));
#646 = CARTESIAN_POINT('',(0.169338713955,8.141994070409));
#647 = CARTESIAN_POINT('',(0.170372140558,8.150493289649));
#648 = CARTESIAN_POINT('',(0.171415041215,8.159602818316));
#649 = CARTESIAN_POINT('',(0.172462838369,8.169321390727));
#650 = CARTESIAN_POINT('',(0.173510964071,8.179639329528));
#651 = CARTESIAN_POINT('',(0.174555019629,8.190539550489));
#652 = CARTESIAN_POINT('',(0.175590935269,8.201998567292));
#653 = CARTESIAN_POINT('',(0.177310438898,8.222126586575));
#654 = CARTESIAN_POINT('',(0.17800044068,8.230511139813));
#655 = CARTESIAN_POINT('',(0.178684091102,8.239133468888));
#656 = CARTESIAN_POINT('',(0.179360457642,8.247985364561));
#657 = CARTESIAN_POINT('',(0.180028716161,8.257058330491));
#658 = CARTESIAN_POINT('',(0.180688147774,8.266343818221));
#659 = CARTESIAN_POINT('',(0.181338135728,8.275833462161));
#660 = CARTESIAN_POINT('',(0.18292188776,8.299801200088));
#661 = CARTESIAN_POINT('',(0.183843889313,8.314508716747));
#662 = CARTESIAN_POINT('',(0.18474255182,8.329616863367));
#663 = CARTESIAN_POINT('',(0.185616580381,8.345100867222));
#664 = CARTESIAN_POINT('',(0.186464962508,8.360936737888));
#665 = CARTESIAN_POINT('',(0.187286930316,8.377101821094));
#666 = CARTESIAN_POINT('',(0.188081922722,8.393575352564));
#667 = CARTESIAN_POINT('',(0.191813213656,8.475060578548));
#668 = CARTESIAN_POINT('',(0.194363925042,8.543996894568));
#669 = CARTESIAN_POINT('',(0.196487663714,8.616197103087));
#670 = CARTESIAN_POINT('',(0.198180900442,8.690792956171));
#671 = CARTESIAN_POINT('',(0.199445959195,8.767035466882));
#672 = CARTESIAN_POINT('',(0.200287527242,8.844297797119));
#673 = CARTESIAN_POINT('',(0.200709625214,8.922079298034));
#674 = CARTESIAN_POINT('',(0.200709625214,9.));
#675 = ( GEOMETRIC_REPRESENTATION_CONTEXT(2) 
PARAMETRIC_REPRESENTATION_CONTEXT() REPRESENTATION_CONTEXT('2D SPACE',''
  ) );
#676 = PCURVE('',#677,#682);
#677 = SPHERICAL_SURFACE('',#678,1.);
#678 = AXIS2_PLACEMENT_3D('',#679,#680,#681);
#679 = CARTESIAN_POINT('',(17.,2.5,1.));
#680 = DIRECTION('',(0.,0.,1.));
#681 = DIRECTION('',(1.,0.,-0.));
#682 = DEFINITIONAL_REPRESENTATION('',(#683),#742);
#683 = B_SPLINE_CURVE_WITH_KNOTS('',8,(#684,#685,#686,#687,#688,#689,
    #690,#691,#692,#693,#694,#695,#696,#697,#698,#699,#700,#701,#702,
    #703,#704,#705,#706,#707,#708,#709,#710,#711,#712,#713,#714,#715,
    #716,#717,#718,#719,#720,#721,#722,#723,#724,#725,#726,#727,#728,
    #729,#730,#731,#732,#733,#734,#735,#736,#737,#738,#739,#740,#741),
  .UNSPECIFIED.,.F.,.F.,(9,7,7,7,7,7,7,7,9),(0.,5.136549578685E-02,
    0.254541935094,0.305103420936,0.391758552618,0.4846954362,
    0.547788785133,0.640820554385,1.),.UNSPECIFIED.);
#684 = CARTESIAN_POINT('',(0.,-1.244530516588));
#685 = CARTESIAN_POINT('',(1.832761002091E-02,-1.245425595886));
#686 = CARTESIAN_POINT('',(3.667268537475E-02,-1.246188373869));
#687 = CARTESIAN_POINT('',(5.503210322912E-02,-1.246820674771));
#688 = CARTESIAN_POINT('',(7.340282243973E-02,-1.247323954684));
#689 = CARTESIAN_POINT('',(9.178188355046E-02,-1.24769930156));
#690 = CARTESIAN_POINT('',(0.110166408793,-1.247947435207));
#691 = CARTESIAN_POINT('',(0.128553602088,-1.248068707295));
#692 = CARTESIAN_POINT('',(0.219671187838,-1.248040927021));
#693 = CARTESIAN_POINT('',(0.292316035087,-1.246033590772));
#694 = CARTESIAN_POINT('',(0.364812586327,-1.242048890281));
#695 = CARTESIAN_POINT('',(0.437009226253,-1.235986742354));
#696 = CARTESIAN_POINT('',(0.508660426659,-1.227666546331));
#697 = CARTESIAN_POINT('',(0.579413507054,-1.216815905669));
#698 = CARTESIAN_POINT('',(0.648805568777,-1.203063315669));
#699 = CARTESIAN_POINT('',(0.733082610397,-1.181725515074));
#700 = CARTESIAN_POINT('',(0.74975214697,-1.177268660592));
#701 = CARTESIAN_POINT('',(0.766287151766,-1.172601062103));
#702 = CARTESIAN_POINT('',(0.782676148648,-1.167717021446));
#703 = CARTESIAN_POINT('',(0.798906818406,-1.162611136555));
#704 = CARTESIAN_POINT('',(0.814966160433,-1.157278495871));
#705 = CARTESIAN_POINT('',(0.830840654392,-1.151714872756));
#706 = CARTESIAN_POINT('',(0.873382438064,-1.135980060651));
#707 = CARTESIAN_POINT('',(0.899670519425,-1.125352993687));
#708 = CARTESIAN_POINT('',(0.925302744249,-1.114020765921));
#709 = CARTESIAN_POINT('',(0.950203684137,-1.1019766188));
#710 = CARTESIAN_POINT('',(0.974303252746,-1.089224136545));
#711 = CARTESIAN_POINT('',(0.997539554512,-1.075779394396));
#712 = CARTESIAN_POINT('',(1.019861733387,-1.061673106845));
#713 = CARTESIAN_POINT('',(1.064153129857,-1.031165347513));
#714 = CARTESIAN_POINT('',(1.085985831803,-1.014666689719));
#715 = CARTESIAN_POINT('',(1.106683902512,-0.997513892239));
#716 = CARTESIAN_POINT('',(1.126233956189,-0.979772441808));
#717 = CARTESIAN_POINT('',(1.144649227019,-0.961512802219));
#718 = CARTESIAN_POINT('',(1.161962550065,-0.942806994374));
#719 = CARTESIAN_POINT('',(1.178219342157,-0.923725176342));
#720 = CARTESIAN_POINT('',(1.203824403678,-0.891166660955));
#721 = CARTESIAN_POINT('',(1.213716287629,-0.877855897613));
#722 = CARTESIAN_POINT('',(1.223163702951,-0.864418644563));
#723 = CARTESIAN_POINT('',(1.232185296916,-0.850872127618));
#724 = CARTESIAN_POINT('',(1.240800401677,-0.837232009229));
#725 = CARTESIAN_POINT('',(1.249028540202,-0.823512310478));
#726 = CARTESIAN_POINT('',(1.256888932201,-0.809725333071));
#727 = CARTESIAN_POINT('',(1.275475144152,-0.775468831983));
#728 = CARTESIAN_POINT('',(1.285790047319,-0.754934080445));
#729 = CARTESIAN_POINT('',(1.295405271326,-0.734310129574));
#730 = CARTESIAN_POINT('',(1.304376421532,-0.713624325656));
#731 = CARTESIAN_POINT('',(1.312754273123,-0.692898924493));
#732 = CARTESIAN_POINT('',(1.320584897353,-0.672151457476));
#733 = CARTESIAN_POINT('',(1.327909787787,-0.651395097674));
#734 = CARTESIAN_POINT('',(1.361236574883,-0.550503450606));
#735 = CARTESIAN_POINT('',(1.380677283503,-0.470507650674));
#736 = CARTESIAN_POINT('',(1.395325229455,-0.391011421481));
#737 = CARTESIAN_POINT('',(1.406193635064,-0.312079155842));
#738 = CARTESIAN_POINT('',(1.413968587635,-0.233685831012));
#739 = CARTESIAN_POINT('',(1.419016314154,-0.155702106871));
#740 = CARTESIAN_POINT('',(1.421549240766,-7.792070196601E-02));
#741 = CARTESIAN_POINT('',(1.421549240766,0.));
#742 = ( GEOMETRIC_REPRESENTATION_CONTEXT(2) 
PARAMETRIC_REPRESENTATION_CONTEXT() REPRESENTATION_CONTEXT('2D SPACE',''
  ) );
#743 = ORIENTED_EDGE('',*,*,#744,.F.);
#744 = EDGE_CURVE('',#745,#552,#747,.T.);
#745 = VERTEX_POINT('',#746);
#746 = CARTESIAN_POINT('',(17.5,-4.286263797016E-15,0.133974596216));
#747 = SURFACE_CURVE('',#748,(#757,#769),.PCURVE_S1.);
#748 = B_SPLINE_CURVE_WITH_KNOTS('',7,(#749,#750,#751,#752,#753,#754,
    #755,#756),.UNSPECIFIED.,.F.,.F.,(8,8),(0.,1.),
  .PIECEWISE_BEZIER_KNOTS.);
#749 = CARTESIAN_POINT('',(17.5,-4.363577947758E-15,0.133974596216));
#750 = CARTESIAN_POINT('',(17.5,0.359559431431,0.133974596216));
#751 = CARTESIAN_POINT('',(17.491381156707,0.717646293082,0.128998423509
    ));
#752 = CARTESIAN_POINT('',(17.474270394257,1.075101692854,0.119120018571
    ));
#753 = CARTESIAN_POINT('',(17.448646736871,1.43258897656,0.105044991357)
  );
#754 = CARTESIAN_POINT('',(17.414386953454,1.79004141494,
    8.809334865436E-02));
#755 = CARTESIAN_POINT('',(17.371538372666,2.14645181826,
    7.002071493606E-02));
#756 = CARTESIAN_POINT('',(17.320507989086,2.5000006,5.275418769366E-02)
  );
#757 = PCURVE('',#87,#758);
#758 = DEFINITIONAL_REPRESENTATION('',(#759),#768);
#759 = B_SPLINE_CURVE_WITH_KNOTS('',7,(#760,#761,#762,#763,#764,#765,
    #766,#767),.UNSPECIFIED.,.F.,.F.,(8,8),(0.,1.),
  .PIECEWISE_BEZIER_KNOTS.);
#760 = CARTESIAN_POINT('',(0.,8.133974596216));
#761 = CARTESIAN_POINT('',(2.054625322461E-02,8.133974596216));
#762 = CARTESIAN_POINT('',(4.100835730622E-02,8.128998423509));
#763 = CARTESIAN_POINT('',(6.144855931523E-02,8.119120018571));
#764 = CARTESIAN_POINT('',(8.191834784001E-02,8.105044991357));
#765 = CARTESIAN_POINT('',(0.102428250423,8.088093348654));
#766 = CARTESIAN_POINT('',(0.122935455013,8.070020714936));
#767 = CARTESIAN_POINT('',(0.143347603546,8.052754187694));
#768 = ( GEOMETRIC_REPRESENTATION_CONTEXT(2) 
PARAMETRIC_REPRESENTATION_CONTEXT() REPRESENTATION_CONTEXT('2D SPACE',''
  ) );
#769 = PCURVE('',#770,#775);
#770 = CYLINDRICAL_SURFACE('',#771,1.);
#771 = AXIS2_PLACEMENT_3D('',#772,#773,#774);
#772 = CARTESIAN_POINT('',(17.,-3.5,1.));
#773 = DIRECTION('',(0.,1.,0.));
#774 = DIRECTION('',(1.,0.,-0.));
#775 = DEFINITIONAL_REPRESENTATION('',(#776),#785);
#776 = B_SPLINE_CURVE_WITH_KNOTS('',7,(#777,#778,#779,#780,#781,#782,
    #783,#784),.UNSPECIFIED.,.F.,.F.,(8,8),(0.,1.),
  .PIECEWISE_BEZIER_KNOTS.);
#777 = CARTESIAN_POINT('',(1.047197551197,3.5));
#778 = CARTESIAN_POINT('',(1.047197551197,3.859559431431));
#779 = CARTESIAN_POINT('',(1.057149837296,4.217646293082));
#780 = CARTESIAN_POINT('',(1.076906997746,4.575101692854));
#781 = CARTESIAN_POINT('',(1.106136696497,4.932588976561));
#782 = CARTESIAN_POINT('',(1.144277686979,5.29004141494));
#783 = CARTESIAN_POINT('',(1.190658230942,5.64645181826));
#784 = CARTESIAN_POINT('',(1.244530608013,6.0000006));
#785 = ( GEOMETRIC_REPRESENTATION_CONTEXT(2) 
PARAMETRIC_REPRESENTATION_CONTEXT() REPRESENTATION_CONTEXT('2D SPACE',''
  ) );
#786 = ORIENTED_EDGE('',*,*,#787,.F.);
#787 = EDGE_CURVE('',#788,#745,#790,.T.);
#788 = VERTEX_POINT('',#789);
#789 = CARTESIAN_POINT('',(17.5,-4.286263797016E-15,-8.));
#790 = SEAM_CURVE('',#791,(#795,#802),.PCURVE_S1.);
#791 = LINE('',#792,#793);
#792 = CARTESIAN_POINT('',(17.5,-4.286263797016E-15,-8.));
#793 = VECTOR('',#794,1.);
#794 = DIRECTION('',(0.,0.,1.));
#795 = PCURVE('',#87,#796);
#796 = DEFINITIONAL_REPRESENTATION('',(#797),#801);
#797 = LINE('',#798,#799);
#798 = CARTESIAN_POINT('',(6.28318530718,-0.));
#799 = VECTOR('',#800,1.);
#800 = DIRECTION('',(0.,1.));
#801 = ( GEOMETRIC_REPRESENTATION_CONTEXT(2) 
PARAMETRIC_REPRESENTATION_CONTEXT() REPRESENTATION_CONTEXT('2D SPACE',''
  ) );
#802 = PCURVE('',#87,#803);
#803 = DEFINITIONAL_REPRESENTATION('',(#804),#808);
#804 = LINE('',#805,#806);
#805 = CARTESIAN_POINT('',(0.,-0.));
#806 = VECTOR('',#807,1.);
#807 = DIRECTION('',(0.,1.));
#808 = ( GEOMETRIC_REPRESENTATION_CONTEXT(2) 
PARAMETRIC_REPRESENTATION_CONTEXT() REPRESENTATION_CONTEXT('2D SPACE',''
  ) );
#809 = ORIENTED_EDGE('',*,*,#810,.T.);
#810 = EDGE_CURVE('',#788,#788,#811,.T.);
#811 = SURFACE_CURVE('',#812,(#817,#824),.PCURVE_S1.);
#812 = CIRCLE('',#813,17.5);
#813 = AXIS2_PLACEMENT_3D('',#814,#815,#816);
#814 = CARTESIAN_POINT('',(0.,0.,-8.));
#815 = DIRECTION('',(0.,0.,1.));
#816 = DIRECTION('',(1.,0.,-0.));
#817 = PCURVE('',#87,#818);
#818 = DEFINITIONAL_REPRESENTATION('',(#819),#823);
#819 = LINE('',#820,#821);
#820 = CARTESIAN_POINT('',(0.,0.));
#821 = VECTOR('',#822,1.);
#822 = DIRECTION('',(1.,0.));
#823 = ( GEOMETRIC_REPRESENTATION_CONTEXT(2) 
PARAMETRIC_REPRESENTATION_CONTEXT() REPRESENTATION_CONTEXT('2D SPACE',''
  ) );
#824 = PCURVE('',#825,#830);
#825 = PLANE('',#826);
#826 = AXIS2_PLACEMENT_3D('',#827,#828,#829);
#827 = CARTESIAN_POINT('',(0.,0.,-8.));
#828 = DIRECTION('',(0.,0.,1.));
#829 = DIRECTION('',(1.,0.,-0.));
#830 = DEFINITIONAL_REPRESENTATION('',(#831),#835);
#831 = CIRCLE('',#832,17.5);
#832 = AXIS2_PLACEMENT_2D('',#833,#834);
#833 = CARTESIAN_POINT('',(0.,0.));
#834 = DIRECTION('',(1.,0.));
#835 = ( GEOMETRIC_REPRESENTATION_CONTEXT(2) 
PARAMETRIC_REPRESENTATION_CONTEXT() REPRESENTATION_CONTEXT('2D SPACE',''
  ) );
#836 = ORIENTED_EDGE('',*,*,#787,.T.);
#837 = ORIENTED_EDGE('',*,*,#838,.F.);
#838 = EDGE_CURVE('',#839,#745,#841,.T.);
#839 = VERTEX_POINT('',#840);
#840 = CARTESIAN_POINT('',(17.320508075689,-2.5,5.275421699631E-02));
#841 = SURFACE_CURVE('',#842,(#851,#863),.PCURVE_S1.);
#842 = B_SPLINE_CURVE_WITH_KNOTS('',7,(#843,#844,#845,#846,#847,#848,
    #849,#850),.UNSPECIFIED.,.F.,.F.,(8,8),(0.,1.),
  .PIECEWISE_BEZIER_KNOTS.);
#843 = CARTESIAN_POINT('',(17.320507989086,-2.5000006,5.275418769366E-02
    ));
#844 = CARTESIAN_POINT('',(17.371538890918,-2.146448227703,
    7.00208902908E-02));
#845 = CARTESIAN_POINT('',(17.414387350132,-1.790037455349,
    8.809355638546E-02));
#846 = CARTESIAN_POINT('',(17.448646785889,-1.43258697177,0.105045048355
    ));
#847 = CARTESIAN_POINT('',(17.474270254771,-1.075102318332,
    0.119119934009));
#848 = CARTESIAN_POINT('',(17.491381051116,-0.717648655714,0.12899836339
    ));
#849 = CARTESIAN_POINT('',(17.5,-0.359561633309,0.133974596216));
#850 = CARTESIAN_POINT('',(17.5,-4.440892098501E-15,0.133974596216));
#851 = PCURVE('',#87,#852);
#852 = DEFINITIONAL_REPRESENTATION('',(#853),#862);
#853 = B_SPLINE_CURVE_WITH_KNOTS('',7,(#854,#855,#856,#857,#858,#859,
    #860,#861),.UNSPECIFIED.,.F.,.F.,(8,8),(0.,1.),
  .PIECEWISE_BEZIER_KNOTS.);
#854 = CARTESIAN_POINT('',(6.139837703633,8.052754187694));
#855 = CARTESIAN_POINT('',(6.160250059467,8.070020890291));
#856 = CARTESIAN_POINT('',(6.180757283923,8.088093556385));
#857 = CARTESIAN_POINT('',(6.201267073582,8.105045048355));
#858 = CARTESIAN_POINT('',(6.221736711856,8.119119934009));
#859 = CARTESIAN_POINT('',(6.24217681487,8.12899836339));
#860 = CARTESIAN_POINT('',(6.262638928133,8.133974596216));
#861 = CARTESIAN_POINT('',(6.28318530718,8.133974596216));
#862 = ( GEOMETRIC_REPRESENTATION_CONTEXT(2) 
PARAMETRIC_REPRESENTATION_CONTEXT() REPRESENTATION_CONTEXT('2D SPACE',''
  ) );
#863 = PCURVE('',#770,#864);
#864 = DEFINITIONAL_REPRESENTATION('',(#865),#874);
#865 = B_SPLINE_CURVE_WITH_KNOTS('',7,(#866,#867,#868,#869,#870,#871,
    #872,#873),.UNSPECIFIED.,.F.,.F.,(8,8),(0.,1.),
  .PIECEWISE_BEZIER_KNOTS.);
#866 = CARTESIAN_POINT('',(1.244530608013,0.9999994));
#867 = CARTESIAN_POINT('',(1.190657683827,1.353551772297));
#868 = CARTESIAN_POINT('',(1.144277244485,1.709962544651));
#869 = CARTESIAN_POINT('',(1.106136624233,2.06741302823));
#870 = CARTESIAN_POINT('',(1.076907161055,2.424897681667));
#871 = CARTESIAN_POINT('',(1.057149958794,2.782351344287));
#872 = CARTESIAN_POINT('',(1.047197551197,3.140438366691));
#873 = CARTESIAN_POINT('',(1.047197551197,3.5));
#874 = ( GEOMETRIC_REPRESENTATION_CONTEXT(2) 
PARAMETRIC_REPRESENTATION_CONTEXT() REPRESENTATION_CONTEXT('2D SPACE',''
  ) );
#875 = ORIENTED_EDGE('',*,*,#876,.F.);
#876 = EDGE_CURVE('',#877,#839,#879,.T.);
#877 = VERTEX_POINT('',#878);
#878 = CARTESIAN_POINT('',(17.148693630629,-3.488883311726,1.));
#879 = SURFACE_CURVE('',#880,(#939,#1001),.PCURVE_S1.);
#880 = B_SPLINE_CURVE_WITH_KNOTS('',8,(#881,#882,#883,#884,#885,#886,
    #887,#888,#889,#890,#891,#892,#893,#894,#895,#896,#897,#898,#899,
    #900,#901,#902,#903,#904,#905,#906,#907,#908,#909,#910,#911,#912,
    #913,#914,#915,#916,#917,#918,#919,#920,#921,#922,#923,#924,#925,
    #926,#927,#928,#929,#930,#931,#932,#933,#934,#935,#936,#937,#938),
  .UNSPECIFIED.,.F.,.F.,(9,7,7,7,7,7,7,7,9),(0.,0.360969087307,
    0.452990943413,0.516299982577,0.607431452253,0.695744882021,
    0.746793519701,0.947892236172,1.),.UNSPECIFIED.);
#881 = CARTESIAN_POINT('',(17.148693630629,-3.488883311726,1.));
#882 = CARTESIAN_POINT('',(17.148693630629,-3.488883311726,
    0.921549259795));
#883 = CARTESIAN_POINT('',(17.150186364858,-3.481546232299,
    0.843355311053));
#884 = CARTESIAN_POINT('',(17.153154870628,-3.466955074804,
    0.765734857177));
#885 = CARTESIAN_POINT('',(17.157595737538,-3.445037670487,
    0.689154014239));
#886 = CARTESIAN_POINT('',(17.163493654987,-3.415692289153,0.61422899894
    ));
#887 = CARTESIAN_POINT('',(17.170805141495,-3.378858582747,
    0.541717517061));
#888 = CARTESIAN_POINT('',(17.179445404286,-3.334576287181,
    0.472520906137));
#889 = CARTESIAN_POINT('',(17.191776879397,-3.270013153127,
    0.391104930235));
#890 = CARTESIAN_POINT('',(17.194358207814,-3.256436171278,
    0.374851941847));
#891 = CARTESIAN_POINT('',(17.197013131487,-3.242404240739,
    0.358902896689));
#892 = CARTESIAN_POINT('',(17.199738369403,-3.227926696237,
    0.343278002952));
#893 = CARTESIAN_POINT('',(17.20252997135,-3.213016340651,0.327999280565
    ));
#894 = CARTESIAN_POINT('',(17.205383247152,-3.197690074682,
    0.313090025705));
#895 = CARTESIAN_POINT('',(17.208292695907,-3.181969526544,0.29857427531
    ));
#896 = CARTESIAN_POINT('',(17.213287827633,-3.154813593618,
    0.274777151101));
#897 = CARTESIAN_POINT('',(17.215347193056,-3.14357217502,0.26527619065)
  );
#898 = CARTESIAN_POINT('',(17.217427915279,-3.132166450716,
    0.255981432334));
#899 = CARTESIAN_POINT('',(17.219527584206,-3.120607191612,0.24690133688
    ));
#900 = CARTESIAN_POINT('',(17.221643501951,-3.108906969047,
    0.238044542492));
#901 = CARTESIAN_POINT('',(17.223772688929,-3.097080209202,
    0.229419623689));
#902 = CARTESIAN_POINT('',(17.22591188994,-3.085143247501,0.221034850156
    ));
#903 = CARTESIAN_POINT('',(17.231146237355,-3.055799192114,
    0.201185114655));
#904 = CARTESIAN_POINT('',(17.234248923548,-3.038290381781,
    0.189983484623));
#905 = CARTESIAN_POINT('',(17.237354384378,-3.02064638931,0.179320003748
    ));
#906 = CARTESIAN_POINT('',(17.240450427437,-3.002933432471,0.16921659503
    ));
#907 = CARTESIAN_POINT('',(17.243524384805,-2.985223009671,
    0.159689242595));
#908 = CARTESIAN_POINT('',(17.246563575472,-2.96758940011,0.150747078074
    ));
#909 = CARTESIAN_POINT('',(17.249555767772,-2.950107163934,
    0.142391466992));
#910 = CARTESIAN_POINT('',(17.255332792259,-2.916123802614,
    0.127079190462));
#911 = CARTESIAN_POINT('',(17.258121973228,-2.899604295176,
    0.120085316976));
#912 = CARTESIAN_POINT('',(17.260846705301,-2.883356626903,
    0.113628257545));
#913 = CARTESIAN_POINT('',(17.263499191889,-2.867434016799,
    0.107690859401));
#914 = CARTESIAN_POINT('',(17.266074267914,-2.851875596568,
    0.102247918027));
#915 = CARTESIAN_POINT('',(17.268569177083,-2.836706825552,
    9.726945630696E-02));
#916 = CARTESIAN_POINT('',(17.270983177735,-2.821941120104,
    9.272339896106E-02));
#917 = CARTESIAN_POINT('',(17.274666005243,-2.799282964041,
    8.618123173534E-02));
#918 = CARTESIAN_POINT('',(17.275988408489,-2.791118252322,
    8.391827109257E-02));
#919 = CARTESIAN_POINT('',(17.27728444921,-2.783088604577,
    8.178235076837E-02));
#920 = CARTESIAN_POINT('',(17.278554574475,-2.775192873997,
    7.976709103226E-02));
#921 = CARTESIAN_POINT('',(17.279799386077,-2.767428890851,
    7.786622194323E-02));
#922 = CARTESIAN_POINT('',(17.281019610393,-2.759793628722,
    7.607366331231E-02));
#923 = CARTESIAN_POINT('',(17.282216068234,-2.752283370729,
    7.438360466508E-02));
#924 = CARTESIAN_POINT('',(17.288012779297,-2.71578403032,
    6.651511570174E-02));
#925 = CARTESIAN_POINT('',(17.292274627195,-2.688587304901,
    6.175391458301E-02));
#926 = CARTESIAN_POINT('',(17.296240770764,-2.662974543516,
    5.815130989376E-02));
#927 = CARTESIAN_POINT('',(17.299975544449,-2.63859286987,
    5.546671148198E-02));
#928 = CARTESIAN_POINT('',(17.30353499473,-2.61511672186,
    5.354514871217E-02));
#929 = CARTESIAN_POINT('',(17.306968249799,-2.592246474742,
    5.229046071358E-02));
#930 = CARTESIAN_POINT('',(17.310322260673,-2.569681762527,
    5.165107896338E-02));
#931 = CARTESIAN_POINT('',(17.314505815956,-2.541244446766,
    5.16224505108E-02));
#932 = CARTESIAN_POINT('',(17.31536440534,-2.535392567027,
    5.165796468259E-02));
#933 = CARTESIAN_POINT('',(17.316221392873,-2.529535883603,
    5.173485414609E-02));
#934 = CARTESIAN_POINT('',(17.317077521365,-2.523669277027,
    5.185330780187E-02));
#935 = CARTESIAN_POINT('',(17.317933527185,-2.517787592691,
    5.201373382584E-02));
#936 = CARTESIAN_POINT('',(17.318790140262,-2.511885640853,
    5.221675966925E-02));
#937 = CARTESIAN_POINT('',(17.319648084082,-2.505958196629,
    5.246323205875E-02));
#938 = CARTESIAN_POINT('',(17.320508075689,-2.5,5.275421699631E-02));
#939 = PCURVE('',#87,#940);
#940 = DEFINITIONAL_REPRESENTATION('',(#941),#1000);
#941 = B_SPLINE_CURVE_WITH_KNOTS('',8,(#942,#943,#944,#945,#946,#947,
    #948,#949,#950,#951,#952,#953,#954,#955,#956,#957,#958,#959,#960,
    #961,#962,#963,#964,#965,#966,#967,#968,#969,#970,#971,#972,#973,
    #974,#975,#976,#977,#978,#979,#980,#981,#982,#983,#984,#985,#986,
    #987,#988,#989,#990,#991,#992,#993,#994,#995,#996,#997,#998,#999),
  .UNSPECIFIED.,.F.,.F.,(9,7,7,7,7,7,7,7,9),(0.,0.360969087307,
    0.452990943413,0.516299982577,0.607431452253,0.695744882021,
    0.746793519701,0.947892236172,1.),.UNSPECIFIED.);
#942 = CARTESIAN_POINT('',(6.082475681965,9.));
#943 = CARTESIAN_POINT('',(6.082475681965,8.921549259795));
#944 = CARTESIAN_POINT('',(6.082903532701,8.843355311053));
#945 = CARTESIAN_POINT('',(6.083754393485,8.765734857177));
#946 = CARTESIAN_POINT('',(6.08503226584,8.689154014239));
#947 = CARTESIAN_POINT('',(6.086742673284,8.61422899894));
#948 = CARTESIAN_POINT('',(6.088888507295,8.541717517061));
#949 = CARTESIAN_POINT('',(6.09146662161,8.472520906137));
#950 = CARTESIAN_POINT('',(6.095222634936,8.391104930235));
#951 = CARTESIAN_POINT('',(6.096012359888,8.374851941847));
#952 = CARTESIAN_POINT('',(6.096828409946,8.358902896689));
#953 = CARTESIAN_POINT('',(6.097670226879,8.343278002952));
#954 = CARTESIAN_POINT('',(6.098537050845,8.327999280565));
#955 = CARTESIAN_POINT('',(6.099427884286,8.313090025705));
#956 = CARTESIAN_POINT('',(6.100341455825,8.29857427531));
#957 = CARTESIAN_POINT('',(6.101919256965,8.274777151101));
#958 = CARTESIAN_POINT('',(6.102572313603,8.26527619065));
#959 = CARTESIAN_POINT('',(6.103234825402,8.255981432334));
#960 = CARTESIAN_POINT('',(6.103906162584,8.24690133688));
#961 = CARTESIAN_POINT('',(6.104585591261,8.238044542492));
#962 = CARTESIAN_POINT('',(6.105272270425,8.229419623689));
#963 = CARTESIAN_POINT('',(6.105965248948,8.221034850156));
#964 = CARTESIAN_POINT('',(6.10766852021,8.201185114655));
#965 = CARTESIAN_POINT('',(6.108684610668,8.189983484623));
#966 = CARTESIAN_POINT('',(6.109708335164,8.179320003748));
#967 = CARTESIAN_POINT('',(6.110735847983,8.16921659503));
#968 = CARTESIAN_POINT('',(6.111763001593,8.159689242595));
#969 = CARTESIAN_POINT('',(6.112785491783,8.150747078074));
#970 = CARTESIAN_POINT('',(6.113799002785,8.142391466992));
#971 = CARTESIAN_POINT('',(6.115768768426,8.127079190462));
#972 = CARTESIAN_POINT('',(6.116726100267,8.120085316976));
#973 = CARTESIAN_POINT('',(6.117667502328,8.113628257545));
#974 = CARTESIAN_POINT('',(6.118589903106,8.107690859401));
#975 = CARTESIAN_POINT('',(6.119491049656,8.102247918027));
#976 = CARTESIAN_POINT('',(6.120369482056,8.097269456307));
#977 = CARTESIAN_POINT('',(6.121224437866,8.092723398961));
#978 = CARTESIAN_POINT('',(6.122536181065,8.086181231735));
#979 = CARTESIAN_POINT('',(6.123008815873,8.083918271093));
#980 = CARTESIAN_POINT('',(6.1234735912,8.081782350768));
#981 = CARTESIAN_POINT('',(6.123930575974,8.079767091032));
#982 = CARTESIAN_POINT('',(6.124379898214,8.077866221943));
#983 = CARTESIAN_POINT('',(6.124821735383,8.076073663312));
#984 = CARTESIAN_POINT('',(6.125256304739,8.074383604665));
#985 = CARTESIAN_POINT('',(6.127368120833,8.066515115702));
#986 = CARTESIAN_POINT('',(6.128941181804,8.061753914583));
#987 = CARTESIAN_POINT('',(6.130422207792,8.058151309894));
#988 = CARTESIAN_POINT('',(6.131831693415,8.055466711482));
#989 = CARTESIAN_POINT('',(6.133188516465,8.053545148712));
#990 = CARTESIAN_POINT('',(6.134510028962,8.052290460714));
#991 = CARTESIAN_POINT('',(6.135813605793,8.051651078963));
#992 = CARTESIAN_POINT('',(6.137456085812,8.051622450511));
#993 = CARTESIAN_POINT('',(6.137794058965,8.051657964683));
#994 = CARTESIAN_POINT('',(6.138132290426,8.051734854146));
#995 = CARTESIAN_POINT('',(6.138471075858,8.051853307802));
#996 = CARTESIAN_POINT('',(6.138810712859,8.052013733826));
#997 = CARTESIAN_POINT('',(6.139151500961,8.052216759669));
#998 = CARTESIAN_POINT('',(6.139493741631,8.052463232059));
#999 = CARTESIAN_POINT('',(6.139837738274,8.052754216996));
#1000 = ( GEOMETRIC_REPRESENTATION_CONTEXT(2) 
PARAMETRIC_REPRESENTATION_CONTEXT() REPRESENTATION_CONTEXT('2D SPACE',''
  ) );
#1001 = PCURVE('',#1002,#1007);
#1002 = SPHERICAL_SURFACE('',#1003,1.);
#1003 = AXIS2_PLACEMENT_3D('',#1004,#1005,#1006);
#1004 = CARTESIAN_POINT('',(17.,-2.5,1.));
#1005 = DIRECTION('',(0.,0.,1.));
#1006 = DIRECTION('',(1.,0.,-0.));
#1007 = DEFINITIONAL_REPRESENTATION('',(#1008),#1067);
#1008 = B_SPLINE_CURVE_WITH_KNOTS('',8,(#1009,#1010,#1011,#1012,#1013,
    #1014,#1015,#1016,#1017,#1018,#1019,#1020,#1021,#1022,#1023,#1024,
    #1025,#1026,#1027,#1028,#1029,#1030,#1031,#1032,#1033,#1034,#1035,
    #1036,#1037,#1038,#1039,#1040,#1041,#1042,#1043,#1044,#1045,#1046,
    #1047,#1048,#1049,#1050,#1051,#1052,#1053,#1054,#1055,#1056,#1057,
    #1058,#1059,#1060,#1061,#1062,#1063,#1064,#1065,#1066),
  .UNSPECIFIED.,.F.,.F.,(9,7,7,7,7,7,7,7,9),(0.,0.360969087307,
    0.452990943413,0.516299982577,0.607431452253,0.695744882021,
    0.746793519701,0.947892236172,1.),.UNSPECIFIED.);
#1009 = CARTESIAN_POINT('',(-1.421549240766,0.));
#1010 = CARTESIAN_POINT('',(-1.421549240766,-7.845074020521E-02));
#1011 = CARTESIAN_POINT('',(-1.418981462825,-0.156644352856));
#1012 = CARTESIAN_POINT('',(-1.413878685685,-0.235001706258));
#1013 = CARTESIAN_POINT('',(-1.40602169482,-0.313767485092));
#1014 = CARTESIAN_POINT('',(-1.395034194494,-0.393096852171));
#1015 = CARTESIAN_POINT('',(-1.380215472655,-0.473017324291));
#1016 = CARTESIAN_POINT('',(-1.3605135653,-0.553455184465));
#1017 = CARTESIAN_POINT('',(-1.326810545608,-0.654508140243));
#1018 = CARTESIAN_POINT('',(-1.319501181256,-0.675035371044));
#1019 = CARTESIAN_POINT('',(-1.311692720067,-0.695552474548));
#1020 = CARTESIAN_POINT('',(-1.303344604858,-0.71604638863));
#1021 = CARTESIAN_POINT('',(-1.294411883374,-0.736499818988));
#1022 = CARTESIAN_POINT('',(-1.284845111561,-0.756890893057));
#1023 = CARTESIAN_POINT('',(-1.274590256848,-0.777192813916));
#1024 = CARTESIAN_POINT('',(-1.256019701342,-0.811257397865));
#1025 = CARTESIAN_POINT('',(-1.248097668791,-0.825083255961));
#1026 = CARTESIAN_POINT('',(-1.239803858522,-0.838840378631));
#1027 = CARTESIAN_POINT('',(-1.231118827682,-0.852516224993));
#1028 = CARTESIAN_POINT('',(-1.22202284886,-0.866096506821));
#1029 = CARTESIAN_POINT('',(-1.212496423134,-0.87956527222));
#1030 = CARTESIAN_POINT('',(-1.20252079312,-0.892904989308));
#1031 = CARTESIAN_POINT('',(-1.177047023863,-0.925085602248));
#1032 = CARTESIAN_POINT('',(-1.1610456012,-0.943771269698));
#1033 = CARTESIAN_POINT('',(-1.144026460301,-0.962092246205));
#1034 = CARTESIAN_POINT('',(-1.125947296045,-0.979982367638));
#1035 = CARTESIAN_POINT('',(-1.106777602551,-0.997373802204));
#1036 = CARTESIAN_POINT('',(-1.08650504982,-1.014200160885));
#1037 = CARTESIAN_POINT('',(-1.065141860365,-1.030399607864));
#1038 = CARTESIAN_POINT('',(-1.021013512063,-1.060956462862));
#1039 = CARTESIAN_POINT('',(-0.998306201894,-1.075359629123));
#1040 = CARTESIAN_POINT('',(-0.974648343571,-1.089077129624));
#1041 = CARTESIAN_POINT('',(-0.950092850786,-1.102075725889));
#1042 = CARTESIAN_POINT('',(-0.924704846179,-1.114338113313));
#1043 = CARTESIAN_POINT('',(-0.898559010669,-1.125860975804));
#1044 = CARTESIAN_POINT('',(-0.871735898668,-1.136652262845));
#1045 = CARTESIAN_POINT('',(-0.828468143388,-1.152551681758));
#1046 = CARTESIAN_POINT('',(-0.812418051456,-1.158137228675));
#1047 = CARTESIAN_POINT('',(-0.796181180935,-1.163487861736));
#1048 = CARTESIAN_POINT('',(-0.77977138436,-1.16860800507));
#1049 = CARTESIAN_POINT('',(-0.763201963075,-1.173502773877));
#1050 = CARTESIAN_POINT('',(-0.746485501101,-1.178177773386));
#1051 = CARTESIAN_POINT('',(-0.729633699008,-1.182638897812));
#1052 = CARTESIAN_POINT('',(-0.645780778754,-1.203647118948));
#1053 = CARTESIAN_POINT('',(-0.577058999313,-1.21715348892));
#1054 = CARTESIAN_POINT('',(-0.507018687543,-1.227828301556));
#1055 = CARTESIAN_POINT('',(-0.436104802734,-1.23602941069));
#1056 = CARTESIAN_POINT('',(-0.364657192693,-1.242019724661));
#1057 = CARTESIAN_POINT('',(-0.292913584885,-1.245974159537));
#1058 = CARTESIAN_POINT('',(-0.221021962286,-1.24799004338));
#1059 = CARTESIAN_POINT('',(-0.130395249681,-1.248080308068));
#1060 = CARTESIAN_POINT('',(-0.111744742066,-1.247968346684));
#1061 = CARTESIAN_POINT('',(-9.309677184165E-02,-1.247725892647));
#1062 = CARTESIAN_POINT('',(-7.445425419573E-02,-1.247352600804));
#1063 = CARTESIAN_POINT('',(-5.582018965407E-02,-1.246847736412));
#1064 = CARTESIAN_POINT('',(-3.719766408173E-02,-1.246210175133));
#1065 = CARTESIAN_POINT('',(-1.858984868272E-02,-1.245438403033));
#1066 = CARTESIAN_POINT('',(0.,-1.244530516588));
#1067 = ( GEOMETRIC_REPRESENTATION_CONTEXT(2) 
PARAMETRIC_REPRESENTATION_CONTEXT() REPRESENTATION_CONTEXT('2D SPACE',''
  ) );
#1068 = ORIENTED_EDGE('',*,*,#1069,.T.);
#1069 = EDGE_CURVE('',#877,#24,#1070,.T.);
#1070 = SURFACE_CURVE('',#1071,(#1075,#1081),.PCURVE_S1.);
#1071 = LINE('',#1072,#1073);
#1072 = CARTESIAN_POINT('',(17.148693630629,-3.488883311726,-8.));
#1073 = VECTOR('',#1074,1.);
#1074 = DIRECTION('',(0.,0.,1.));
#1075 = PCURVE('',#87,#1076);
#1076 = DEFINITIONAL_REPRESENTATION('',(#1077),#1080);
#1077 = B_SPLINE_CURVE_WITH_KNOTS('',1,(#1078,#1079),.UNSPECIFIED.,.F.,
  .F.,(2,2),(8.9999994,13.0000006),.PIECEWISE_BEZIER_KNOTS.);
#1078 = CARTESIAN_POINT('',(6.082475681965,8.9999994));
#1079 = CARTESIAN_POINT('',(6.082475681965,13.0000006));
#1080 = ( GEOMETRIC_REPRESENTATION_CONTEXT(2) 
PARAMETRIC_REPRESENTATION_CONTEXT() REPRESENTATION_CONTEXT('2D SPACE',''
  ) );
#1081 = PCURVE('',#1082,#1087);
#1082 = CYLINDRICAL_SURFACE('',#1083,1.);
#1083 = AXIS2_PLACEMENT_3D('',#1084,#1085,#1086);
#1084 = CARTESIAN_POINT('',(17.,-2.5,0.));
#1085 = DIRECTION('',(0.,0.,1.));
#1086 = DIRECTION('',(1.,0.,-0.));
#1087 = DEFINITIONAL_REPRESENTATION('',(#1088),#1091);
#1088 = B_SPLINE_CURVE_WITH_KNOTS('',1,(#1089,#1090),.UNSPECIFIED.,.F.,
  .F.,(2,2),(8.9999994,13.0000006),.PIECEWISE_BEZIER_KNOTS.);
#1089 = CARTESIAN_POINT('',(-1.421549240766,0.9999994));
#1090 = CARTESIAN_POINT('',(-1.421549240766,5.0000006));
#1091 = ( GEOMETRIC_REPRESENTATION_CONTEXT(2) 
PARAMETRIC_REPRESENTATION_CONTEXT() REPRESENTATION_CONTEXT('2D SPACE',''
  ) );
#1092 = FACE_BOUND('',#1093,.T.);
#1093 = EDGE_LOOP('',(#1094,#1122,#1222,#1251,#1366,#1392,#1507,#1536));
#1094 = ORIENTED_EDGE('',*,*,#1095,.F.);
#1095 = EDGE_CURVE('',#1096,#1098,#1100,.T.);
#1096 = VERTEX_POINT('',#1097);
#1097 = CARTESIAN_POINT('',(-11.,13.610657588816,1.));
#1098 = VERTEX_POINT('',#1099);
#1099 = CARTESIAN_POINT('',(-11.,13.610657588816,5.));
#1100 = SURFACE_CURVE('',#1101,(#1105,#1111),.PCURVE_S1.);
#1101 = LINE('',#1102,#1103);
#1102 = CARTESIAN_POINT('',(-11.,13.610657588816,-8.));
#1103 = VECTOR('',#1104,1.);
#1104 = DIRECTION('',(0.,0.,1.));
#1105 = PCURVE('',#87,#1106);
#1106 = DEFINITIONAL_REPRESENTATION('',(#1107),#1110);
#1107 = B_SPLINE_CURVE_WITH_KNOTS('',1,(#1108,#1109),.UNSPECIFIED.,.F.,
  .F.,(2,2),(8.6,13.4),.PIECEWISE_BEZIER_KNOTS.);
#1108 = CARTESIAN_POINT('',(2.250511376054,8.6));
#1109 = CARTESIAN_POINT('',(2.250511376054,13.4));
#1110 = ( GEOMETRIC_REPRESENTATION_CONTEXT(2) 
PARAMETRIC_REPRESENTATION_CONTEXT() REPRESENTATION_CONTEXT('2D SPACE',''
  ) );
#1111 = PCURVE('',#1112,#1117);
#1112 = PLANE('',#1113);
#1113 = AXIS2_PLACEMENT_3D('',#1114,#1115,#1116);
#1114 = CARTESIAN_POINT('',(-11.,8.624355652982,0.));
#1115 = DIRECTION('',(1.,0.,0.));
#1116 = DIRECTION('',(0.,0.,1.));
#1117 = DEFINITIONAL_REPRESENTATION('',(#1118),#1121);
#1118 = B_SPLINE_CURVE_WITH_KNOTS('',1,(#1119,#1120),.UNSPECIFIED.,.F.,
  .F.,(2,2),(8.6,13.4),.PIECEWISE_BEZIER_KNOTS.);
#1119 = CARTESIAN_POINT('',(0.6,-4.986301935834));
#1120 = CARTESIAN_POINT('',(5.4,-4.986301935834));
#1121 = ( GEOMETRIC_REPRESENTATION_CONTEXT(2) 
PARAMETRIC_REPRESENTATION_CONTEXT() REPRESENTATION_CONTEXT('2D SPACE',''
  ) );
#1122 = ORIENTED_EDGE('',*,*,#1123,.T.);
#1123 = EDGE_CURVE('',#1096,#1124,#1126,.T.);
#1124 = VERTEX_POINT('',#1125);
#1125 = CARTESIAN_POINT('',(-10.,14.361406616345,0.));
#1126 = SURFACE_CURVE('',#1127,(#1155,#1186),.PCURVE_S1.);
#1127 = B_SPLINE_CURVE_WITH_KNOTS('',6,(#1128,#1129,#1130,#1131,#1132,
    #1133,#1134,#1135,#1136,#1137,#1138,#1139,#1140,#1141,#1142,#1143,
    #1144,#1145,#1146,#1147,#1148,#1149,#1150,#1151,#1152,#1153,#1154),
  .UNSPECIFIED.,.F.,.F.,(7,5,5,5,5,7),(0.,0.313231403064,0.423612481914,
    0.645331147127,0.876040133437,1.),.UNSPECIFIED.);
#1128 = CARTESIAN_POINT('',(-11.,13.610657588816,1.));
#1129 = CARTESIAN_POINT('',(-11.,13.610657588816,0.917195248229));
#1130 = CARTESIAN_POINT('',(-10.9917720773,13.617307292767,
    0.834458860238));
#1131 = CARTESIAN_POINT('',(-10.97534153396,13.630586396426,
    0.752856848537));
#1132 = CARTESIAN_POINT('',(-10.95093264464,13.650251512318,
    0.67344591262));
#1133 = CARTESIAN_POINT('',(-10.91896275057,13.675844362794,
    0.597236944048));
#1134 = CARTESIAN_POINT('',(-10.8663553384,13.717602850533,
    0.499738303069));
#1135 = CARTESIAN_POINT('',(-10.85178132017,13.729144569343,
    0.474833985768));
#1136 = CARTESIAN_POINT('',(-10.83636506715,13.741321693202,
    0.450466194453));
#1137 = CARTESIAN_POINT('',(-10.82013145596,13.754107985563,
    0.426668379481));
#1138 = CARTESIAN_POINT('',(-10.80310641628,13.767476241036,
    0.40347190535));
#1139 = CARTESIAN_POINT('',(-10.74958380523,13.809363015597,
    0.335578796901));
#1140 = CARTESIAN_POINT('',(-10.71077285492,13.839557183579,
    0.292804795146));
#1141 = CARTESIAN_POINT('',(-10.66909435571,13.87175992002,
    0.252808433031));
#1142 = CARTESIAN_POINT('',(-10.62477238773,13.905739746124,
    0.21579834197));
#1143 = CARTESIAN_POINT('',(-10.57804743768,13.941257316636,
    0.181966908404));
#1144 = CARTESIAN_POINT('',(-10.47832903088,14.016371627332,
    0.119776865246));
#1145 = CARTESIAN_POINT('',(-10.42514154767,14.056087953776,
    9.168540496781E-02));
#1146 = CARTESIAN_POINT('',(-10.36990783234,14.096941894003,
    6.741782827328E-02));
#1147 = CARTESIAN_POINT('',(-10.31293511496,14.138657127157,
    4.715211906024E-02));
#1148 = CARTESIAN_POINT('',(-10.25454807172,14.180958900693,
    3.104160134945E-02));
#1149 = CARTESIAN_POINT('',(-10.1631436916,14.246475186273,
    1.286013971081E-02));
#1150 = CARTESIAN_POINT('',(-10.1308917554,14.269462225796,
    7.742770811846E-03));
#1151 = CARTESIAN_POINT('',(-10.09839082495,14.292493607343,
    3.882974397396E-03));
#1152 = CARTESIAN_POINT('',(-10.0657000662,14.315524790866,
    1.297602962553E-03));
#1153 = CARTESIAN_POINT('',(-10.03288149958,14.338510878857,
    2.013411160869E-18));
#1154 = CARTESIAN_POINT('',(-10.,14.361406616345,0.));
#1155 = PCURVE('',#87,#1156);
#1156 = DEFINITIONAL_REPRESENTATION('',(#1157),#1185);
#1157 = B_SPLINE_CURVE_WITH_KNOTS('',6,(#1158,#1159,#1160,#1161,#1162,
    #1163,#1164,#1165,#1166,#1167,#1168,#1169,#1170,#1171,#1172,#1173,
    #1174,#1175,#1176,#1177,#1178,#1179,#1180,#1181,#1182,#1183,#1184),
  .UNSPECIFIED.,.F.,.F.,(7,5,5,5,5,7),(0.,0.313231403064,0.423612481914,
    0.645331147127,0.876040133437,1.),.UNSPECIFIED.);
#1158 = CARTESIAN_POINT('',(2.250511376054,9.));
#1159 = CARTESIAN_POINT('',(2.250511376054,8.917195248229));
#1160 = CARTESIAN_POINT('',(2.249906856521,8.834458860238));
#1161 = CARTESIAN_POINT('',(2.248699669684,8.752856848537));
#1162 = CARTESIAN_POINT('',(2.246908529967,8.67344591262));
#1163 = CARTESIAN_POINT('',(2.244568434607,8.597236944048));
#1164 = CARTESIAN_POINT('',(2.240730360636,8.499738303069));
#1165 = CARTESIAN_POINT('',(2.239668036847,8.474833985768));
#1166 = CARTESIAN_POINT('',(2.238545441895,8.450466194453));
#1167 = CARTESIAN_POINT('',(2.237364618233,8.426668379481));
#1168 = CARTESIAN_POINT('',(2.236127688462,8.40347190535));
#1169 = CARTESIAN_POINT('',(2.232244003372,8.335578796901));
#1170 = CARTESIAN_POINT('',(2.229434132627,8.292804795146));
#1171 = CARTESIAN_POINT('',(2.226424453918,8.252808433031));
#1172 = CARTESIAN_POINT('',(2.223233143029,8.21579834197));
#1173 = CARTESIAN_POINT('',(2.21987936243,8.181966908404));
#1174 = CARTESIAN_POINT('',(2.212745443376,8.119776865246));
#1175 = CARTESIAN_POINT('',(2.208952337515,8.091685404968));
#1176 = CARTESIAN_POINT('',(2.205026638389,8.067417828273));
#1177 = CARTESIAN_POINT('',(2.200991742332,8.04715211906));
#1178 = CARTESIAN_POINT('',(2.196871765548,8.031041601349));
#1179 = CARTESIAN_POINT('',(2.190445507074,8.012860139711));
#1180 = CARTESIAN_POINT('',(2.188182347074,8.007742770812));
#1181 = CARTESIAN_POINT('',(2.185906125635,8.003882974397));
#1182 = CARTESIAN_POINT('',(2.183621051962,8.001297602963));
#1183 = CARTESIAN_POINT('',(2.181331479454,8.));
#1184 = CARTESIAN_POINT('',(2.179041905705,8.));
#1185 = ( GEOMETRIC_REPRESENTATION_CONTEXT(2) 
PARAMETRIC_REPRESENTATION_CONTEXT() REPRESENTATION_CONTEXT('2D SPACE',''
  ) );
#1186 = PCURVE('',#1187,#1192);
#1187 = CYLINDRICAL_SURFACE('',#1188,1.);
#1188 = AXIS2_PLACEMENT_3D('',#1189,#1190,#1191);
#1189 = CARTESIAN_POINT('',(-10.,8.624355652982,1.));
#1190 = DIRECTION('',(0.,1.,0.));
#1191 = DIRECTION('',(-1.,0.,0.));
#1192 = DEFINITIONAL_REPRESENTATION('',(#1193),#1221);
#1193 = B_SPLINE_CURVE_WITH_KNOTS('',6,(#1194,#1195,#1196,#1197,#1198,
    #1199,#1200,#1201,#1202,#1203,#1204,#1205,#1206,#1207,#1208,#1209,
    #1210,#1211,#1212,#1213,#1214,#1215,#1216,#1217,#1218,#1219,#1220),
  .UNSPECIFIED.,.F.,.F.,(7,5,5,5,5,7),(0.,0.313231403064,0.423612481914,
    0.645331147127,0.876040133437,1.),.UNSPECIFIED.);
#1194 = CARTESIAN_POINT('',(0.,4.986301935834));
#1195 = CARTESIAN_POINT('',(-8.280475177092E-02,4.986301935834));
#1196 = CARTESIAN_POINT('',(-0.16554103688,4.992951639785));
#1197 = CARTESIAN_POINT('',(-0.248165479981,5.006230743444));
#1198 = CARTESIAN_POINT('',(-0.330632743992,5.025895859336));
#1199 = CARTESIAN_POINT('',(-0.412882492228,5.051488709812));
#1200 = CARTESIAN_POINT('',(-0.523668433613,5.093247197551));
#1201 = CARTESIAN_POINT('',(-0.552506355765,5.104788916361));
#1202 = CARTESIAN_POINT('',(-0.581315386611,5.11696604022));
#1203 = CARTESIAN_POINT('',(-0.610097072395,5.129752332581));
#1204 = CARTESIAN_POINT('',(-0.638853728387,5.143120588054));
#1205 = CARTESIAN_POINT('',(-0.725306860593,5.185007362615));
#1206 = CARTESIAN_POINT('',(-0.782925678394,5.215201530597));
#1207 = CARTESIAN_POINT('',(-0.840484398165,5.247404267037));
#1208 = CARTESIAN_POINT('',(-0.898020955822,5.281384093142));
#1209 = CARTESIAN_POINT('',(-0.95557040934,5.316901663654));
#1210 = CARTESIAN_POINT('',(-1.073092161043,5.39201597435));
#1211 = CARTESIAN_POINT('',(-1.133087691532,5.431732300794));
#1212 = CARTESIAN_POINT('',(-1.193183388826,5.472586241021));
#1213 = CARTESIAN_POINT('',(-1.253416006229,5.514301474175));
#1214 = CARTESIAN_POINT('',(-1.31382419006,5.556603247711));
#1215 = CARTESIAN_POINT('',(-1.407019287853,5.62211953329));
#1216 = CARTESIAN_POINT('',(-1.439649789444,5.645106572814));
#1217 = CARTESIAN_POINT('',(-1.472341497772,5.668137954361));
#1218 = CARTESIAN_POINT('',(-1.50509631276,5.691169137884));
#1219 = CARTESIAN_POINT('',(-1.53791482721,5.714155225875));
#1220 = CARTESIAN_POINT('',(-1.570796326795,5.737050963363));
#1221 = ( GEOMETRIC_REPRESENTATION_CONTEXT(2) 
PARAMETRIC_REPRESENTATION_CONTEXT() REPRESENTATION_CONTEXT('2D SPACE',''
  ) );
#1222 = ORIENTED_EDGE('',*,*,#1223,.F.);
#1223 = EDGE_CURVE('',#1224,#1124,#1226,.T.);
#1224 = VERTEX_POINT('',#1225);
#1225 = CARTESIAN_POINT('',(-9.611358995225,14.624355652982,0.));
#1226 = SURFACE_CURVE('',#1227,(#1232,#1239),.PCURVE_S1.);
#1227 = CIRCLE('',#1228,17.5);
#1228 = AXIS2_PLACEMENT_3D('',#1229,#1230,#1231);
#1229 = CARTESIAN_POINT('',(0.,0.,0.));
#1230 = DIRECTION('',(0.,0.,1.));
#1231 = DIRECTION('',(1.,0.,-0.));
#1232 = PCURVE('',#87,#1233);
#1233 = DEFINITIONAL_REPRESENTATION('',(#1234),#1238);
#1234 = LINE('',#1235,#1236);
#1235 = CARTESIAN_POINT('',(0.,8.));
#1236 = VECTOR('',#1237,1.);
#1237 = DIRECTION('',(1.,0.));
#1238 = ( GEOMETRIC_REPRESENTATION_CONTEXT(2) 
PARAMETRIC_REPRESENTATION_CONTEXT() REPRESENTATION_CONTEXT('2D SPACE',''
  ) );
#1239 = PCURVE('',#1240,#1245);
#1240 = PLANE('',#1241);
#1241 = AXIS2_PLACEMENT_3D('',#1242,#1243,#1244);
#1242 = CARTESIAN_POINT('',(-11.,8.624355652982,0.));
#1243 = DIRECTION('',(0.,0.,1.));
#1244 = DIRECTION('',(1.,0.,0.));
#1245 = DEFINITIONAL_REPRESENTATION('',(#1246),#1250);
#1246 = CIRCLE('',#1247,17.5);
#1247 = AXIS2_PLACEMENT_2D('',#1248,#1249);
#1248 = CARTESIAN_POINT('',(11.,-8.624355652982));
#1249 = DIRECTION('',(1.,0.));
#1250 = ( GEOMETRIC_REPRESENTATION_CONTEXT(2) 
PARAMETRIC_REPRESENTATION_CONTEXT() REPRESENTATION_CONTEXT('2D SPACE',''
  ) );
#1251 = ORIENTED_EDGE('',*,*,#1252,.F.);
#1252 = EDGE_CURVE('',#1253,#1224,#1255,.T.);
#1253 = VERTEX_POINT('',#1254);
#1254 = CARTESIAN_POINT('',(-7.882227504273,15.624355652982,1.));
#1255 = SURFACE_CURVE('',#1256,(#1289,#1325),.PCURVE_S1.);
#1256 = B_SPLINE_CURVE_WITH_KNOTS('',7,(#1257,#1258,#1259,#1260,#1261,
    #1262,#1263,#1264,#1265,#1266,#1267,#1268,#1269,#1270,#1271,#1272,
    #1273,#1274,#1275,#1276,#1277,#1278,#1279,#1280,#1281,#1282,#1283,
    #1284,#1285,#1286,#1287,#1288),.UNSPECIFIED.,.F.,.F.,(8,6,6,6,6,8),(
    0.,0.121719953557,0.203481198447,0.321176790072,0.801997404347,1.),
  .UNSPECIFIED.);
#1257 = CARTESIAN_POINT('',(-7.882227504273,15.624355652982,1.));
#1258 = CARTESIAN_POINT('',(-7.882227504273,15.624355652982,
    0.963818984392));
#1259 = CARTESIAN_POINT('',(-7.885254650155,15.622828389312,
    0.927721380052));
#1260 = CARTESIAN_POINT('',(-7.891284565203,15.619786624822,
    0.891895230038));
#1261 = CARTESIAN_POINT('',(-7.900216850825,15.615275778485,
    0.85653116497));
#1262 = CARTESIAN_POINT('',(-7.91187558393,15.609375599978,
    0.821820452496));
#1263 = CARTESIAN_POINT('',(-7.926009814312,15.602201844256,
    0.787953046746));
#1264 = CARTESIAN_POINT('',(-7.953232452372,15.588336801743,
    0.733058223566));
#1265 = CARTESIAN_POINT('',(-7.965158244202,15.582251557676,
    0.711430877454));
#1266 = CARTESIAN_POINT('',(-7.978002767029,15.575683318535,
    0.690243833835));
#1267 = CARTESIAN_POINT('',(-7.991697745217,15.568663149777,
    0.669506439669));
#1268 = CARTESIAN_POINT('',(-8.006175297975,15.56122207771,
    0.649227154498));
#1269 = CARTESIAN_POINT('',(-8.02136793936,15.55339108949,0.629413550444
    ));
#1270 = CARTESIAN_POINT('',(-8.060011232171,15.533411662925,
    0.582230533633));
#1271 = CARTESIAN_POINT('',(-8.084167913728,15.520872697679,
    0.555353849655));
#1272 = CARTESIAN_POINT('',(-8.109514334234,15.507658365436,
    0.529423370574));
#1273 = CARTESIAN_POINT('',(-8.135905676931,15.493834029704,
    0.504416697456));
#1274 = CARTESIAN_POINT('',(-8.16321644318,15.479456260441,
    0.480308405023));
#1275 = CARTESIAN_POINT('',(-8.191340298635,15.464572805047,
    0.457070524536));
#1276 = CARTESIAN_POINT('',(-8.338048984423,15.38651235538,
    0.343172754453));
#1277 = CARTESIAN_POINT('',(-8.469246120144,15.315359736779,
    0.264747363143));
#1278 = CARTESIAN_POINT('',(-8.60736220363,15.238605565496,
    0.198590342917));
#1279 = CARTESIAN_POINT('',(-8.748812749222,15.157920766117,
    0.143578428371));
#1280 = CARTESIAN_POINT('',(-8.892175075833,15.074036564924,
    9.865983346502E-02));
#1281 = CARTESIAN_POINT('',(-9.037411740188,14.986836769141,
    6.322088694271E-02));
#1282 = CARTESIAN_POINT('',(-9.245856475138,14.858305430233,
    2.697130032981E-02));
#1283 = CARTESIAN_POINT('',(-9.30680250401,14.820325227308,
    1.80989584082E-02));
#1284 = CARTESIAN_POINT('',(-9.367825364768,14.781890371654,
    1.09396035748E-02));
#1285 = CARTESIAN_POINT('',(-9.428858037668,14.743036968395,
    5.5145846292E-03));
#1286 = CARTESIAN_POINT('',(-9.489834742202,14.703802860466,
    1.854672605432E-03));
#1287 = CARTESIAN_POINT('',(-9.550690216251,14.664228138879,
    2.441485611358E-18));
#1288 = CARTESIAN_POINT('',(-9.611358995225,14.624355652982,0.));
#1289 = PCURVE('',#87,#1290);
#1290 = DEFINITIONAL_REPRESENTATION('',(#1291),#1324);
#1291 = B_SPLINE_CURVE_WITH_KNOTS('',7,(#1292,#1293,#1294,#1295,#1296,
    #1297,#1298,#1299,#1300,#1301,#1302,#1303,#1304,#1305,#1306,#1307,
    #1308,#1309,#1310,#1311,#1312,#1313,#1314,#1315,#1316,#1317,#1318,
    #1319,#1320,#1321,#1322,#1323),.UNSPECIFIED.,.F.,.F.,(8,6,6,6,6,8),(
    0.,0.121719953557,0.203481198447,0.321176790072,0.801997404347,1.),
  .UNSPECIFIED.);
#1292 = CARTESIAN_POINT('',(2.038024191246,9.));
#1293 = CARTESIAN_POINT('',(2.038024191246,8.963818984392));
#1294 = CARTESIAN_POINT('',(2.038217939605,8.927721380052));
#1295 = CARTESIAN_POINT('',(2.038603864315,8.891895230038));
#1296 = CARTESIAN_POINT('',(2.039175673944,8.85653116497));
#1297 = CARTESIAN_POINT('',(2.039922340853,8.821820452496));
#1298 = CARTESIAN_POINT('',(2.04082808442,8.787953046746));
#1299 = CARTESIAN_POINT('',(2.042573807054,8.733058223566));
#1300 = CARTESIAN_POINT('',(2.043338869925,8.711430877454));
#1301 = CARTESIAN_POINT('',(2.04416324008,8.690243833835));
#1302 = CARTESIAN_POINT('',(2.045042636416,8.669506439669));
#1303 = CARTESIAN_POINT('',(2.04597279951,8.649227154498));
#1304 = CARTESIAN_POINT('',(2.046949491625,8.629413550444));
#1305 = CARTESIAN_POINT('',(2.049435358001,8.582230533633));
#1306 = CARTESIAN_POINT('',(2.050990619244,8.555353849655));
#1307 = CARTESIAN_POINT('',(2.052624000862,8.529423370574));
#1308 = CARTESIAN_POINT('',(2.054326444612,8.504416697456));
#1309 = CARTESIAN_POINT('',(2.056090106206,8.480308405023));
#1310 = CARTESIAN_POINT('',(2.05790834793,8.457070524536));
#1311 = CARTESIAN_POINT('',(2.067404533594,8.343172754453));
#1312 = CARTESIAN_POINT('',(2.075932802912,8.264747363143));
#1313 = CARTESIAN_POINT('',(2.084961172043,8.198590342917));
#1314 = CARTESIAN_POINT('',(2.094265531517,8.143578428371));
#1315 = CARTESIAN_POINT('',(2.103756041329,8.098659833465));
#1316 = CARTESIAN_POINT('',(2.113435551204,8.063220886943));
#1317 = CARTESIAN_POINT('',(2.127429078876,8.02697130033));
#1318 = CARTESIAN_POINT('',(2.131532556181,8.018098958408));
#1319 = CARTESIAN_POINT('',(2.135653517519,8.010939603575));
#1320 = CARTESIAN_POINT('',(2.139787736699,8.005514584629));
#1321 = CARTESIAN_POINT('',(2.14393099818,8.001854672605));
#1322 = CARTESIAN_POINT('',(2.148079043727,8.));
#1323 = CARTESIAN_POINT('',(2.15222751908,8.));
#1324 = ( GEOMETRIC_REPRESENTATION_CONTEXT(2) 
PARAMETRIC_REPRESENTATION_CONTEXT() REPRESENTATION_CONTEXT('2D SPACE',''
  ) );
#1325 = PCURVE('',#1326,#1331);
#1326 = CYLINDRICAL_SURFACE('',#1327,1.);
#1327 = AXIS2_PLACEMENT_3D('',#1328,#1329,#1330);
#1328 = CARTESIAN_POINT('',(-11.,14.624355652982,1.));
#1329 = DIRECTION('',(1.,0.,0.));
#1330 = DIRECTION('',(-0.,1.,0.));
#1331 = DEFINITIONAL_REPRESENTATION('',(#1332),#1365);
#1332 = B_SPLINE_CURVE_WITH_KNOTS('',7,(#1333,#1334,#1335,#1336,#1337,
    #1338,#1339,#1340,#1341,#1342,#1343,#1344,#1345,#1346,#1347,#1348,
    #1349,#1350,#1351,#1352,#1353,#1354,#1355,#1356,#1357,#1358,#1359,
    #1360,#1361,#1362,#1363,#1364),.UNSPECIFIED.,.F.,.F.,(8,6,6,6,6,8),(
    0.,0.121719953557,0.203481198447,0.321176790072,0.801997404347,1.),
  .UNSPECIFIED.);
#1333 = CARTESIAN_POINT('',(0.,3.117772495727));
#1334 = CARTESIAN_POINT('',(-3.618101560846E-02,3.117772495727));
#1335 = CARTESIAN_POINT('',(-7.227864465886E-02,3.114745349845));
#1336 = CARTESIAN_POINT('',(-0.108182105422,3.108715434797));
#1337 = CARTESIAN_POINT('',(-0.143776654077,3.099783149175));
#1338 = CARTESIAN_POINT('',(-0.178938844884,3.08812441607));
#1339 = CARTESIAN_POINT('',(-0.213531790364,3.073990185688));
#1340 = CARTESIAN_POINT('',(-0.270150524153,3.046767547628));
#1341 = CARTESIAN_POINT('',(-0.292609590695,3.034841755798));
#1342 = CARTESIAN_POINT('',(-0.314779205414,3.021997232971));
#1343 = CARTESIAN_POINT('',(-0.336659759226,3.008302254783));
#1344 = CARTESIAN_POINT('',(-0.358250449643,2.993824702025));
#1345 = CARTESIAN_POINT('',(-0.379549280777,2.97863206064));
#1346 = CARTESIAN_POINT('',(-0.43078808015,2.939988767829));
#1347 = CARTESIAN_POINT('',(-0.460426659885,2.915832086272));
#1348 = CARTESIAN_POINT('',(-0.489502367434,2.890485665766));
#1349 = CARTESIAN_POINT('',(-0.518047571752,2.864094323069));
#1350 = CARTESIAN_POINT('',(-0.546094573434,2.83678355682));
#1351 = CARTESIAN_POINT('',(-0.573676732305,2.808659701365));
#1352 = CARTESIAN_POINT('',(-0.711756911303,2.661951015577));
#1353 = CARTESIAN_POINT('',(-0.81667212831,2.530753879856));
#1354 = CARTESIAN_POINT('',(-0.916862077158,2.39263779637));
#1355 = CARTESIAN_POINT('',(-1.013459056882,2.251187250778));
#1356 = CARTESIAN_POINT('',(-1.107769537536,2.107824924167));
#1357 = CARTESIAN_POINT('',(-1.201314865116,1.962588259812));
#1358 = CARTESIAN_POINT('',(-1.334860129394,1.754143524862));
#1359 = CARTESIAN_POINT('',(-1.373822667795,1.69319749599));
#1360 = CARTESIAN_POINT('',(-1.412854392798,1.632174635232));
#1361 = CARTESIAN_POINT('',(-1.452011498072,1.571141962332));
#1362 = CARTESIAN_POINT('',(-1.491349111029,1.510165257798));
#1363 = CARTESIAN_POINT('',(-1.530923840898,1.449309783749));
#1364 = CARTESIAN_POINT('',(-1.570796326795,1.388641004775));
#1365 = ( GEOMETRIC_REPRESENTATION_CONTEXT(2) 
PARAMETRIC_REPRESENTATION_CONTEXT() REPRESENTATION_CONTEXT('2D SPACE',''
  ) );
#1366 = ORIENTED_EDGE('',*,*,#1367,.T.);
#1367 = EDGE_CURVE('',#1253,#1368,#1370,.T.);
#1368 = VERTEX_POINT('',#1369);
#1369 = CARTESIAN_POINT('',(-7.882227504273,15.624355652982,5.));
#1370 = SURFACE_CURVE('',#1371,(#1375,#1381),.PCURVE_S1.);
#1371 = LINE('',#1372,#1373);
#1372 = CARTESIAN_POINT('',(-7.882227504273,15.624355652982,-8.));
#1373 = VECTOR('',#1374,1.);
#1374 = DIRECTION('',(0.,0.,1.));
#1375 = PCURVE('',#87,#1376);
#1376 = DEFINITIONAL_REPRESENTATION('',(#1377),#1380);
#1377 = B_SPLINE_CURVE_WITH_KNOTS('',1,(#1378,#1379),.UNSPECIFIED.,.F.,
  .F.,(2,2),(8.6,13.4),.PIECEWISE_BEZIER_KNOTS.);
#1378 = CARTESIAN_POINT('',(2.038024191246,8.6));
#1379 = CARTESIAN_POINT('',(2.038024191246,13.4));
#1380 = ( GEOMETRIC_REPRESENTATION_CONTEXT(2) 
PARAMETRIC_REPRESENTATION_CONTEXT() REPRESENTATION_CONTEXT('2D SPACE',''
  ) );
#1381 = PCURVE('',#1382,#1387);
#1382 = PLANE('',#1383);
#1383 = AXIS2_PLACEMENT_3D('',#1384,#1385,#1386);
#1384 = CARTESIAN_POINT('',(-11.,15.624355652982,0.));
#1385 = DIRECTION('',(0.,1.,0.));
#1386 = DIRECTION('',(0.,0.,1.));
#1387 = DEFINITIONAL_REPRESENTATION('',(#1388),#1391);
#1388 = B_SPLINE_CURVE_WITH_KNOTS('',1,(#1389,#1390),.UNSPECIFIED.,.F.,
  .F.,(2,2),(8.6,13.4),.PIECEWISE_BEZIER_KNOTS.);
#1389 = CARTESIAN_POINT('',(0.6,3.117772495727));
#1390 = CARTESIAN_POINT('',(5.4,3.117772495727));
#1391 = ( GEOMETRIC_REPRESENTATION_CONTEXT(2) 
PARAMETRIC_REPRESENTATION_CONTEXT() REPRESENTATION_CONTEXT('2D SPACE',''
  ) );
#1392 = ORIENTED_EDGE('',*,*,#1393,.T.);
#1393 = EDGE_CURVE('',#1368,#1394,#1396,.T.);
#1394 = VERTEX_POINT('',#1395);
#1395 = CARTESIAN_POINT('',(-9.611358995225,14.624355652982,6.));
#1396 = SURFACE_CURVE('',#1397,(#1430,#1466),.PCURVE_S1.);
#1397 = B_SPLINE_CURVE_WITH_KNOTS('',7,(#1398,#1399,#1400,#1401,#1402,
    #1403,#1404,#1405,#1406,#1407,#1408,#1409,#1410,#1411,#1412,#1413,
    #1414,#1415,#1416,#1417,#1418,#1419,#1420,#1421,#1422,#1423,#1424,
    #1425,#1426,#1427,#1428,#1429),.UNSPECIFIED.,.F.,.F.,(8,6,6,6,6,8),(
    0.,0.121719953116,0.203481197889,0.321176789596,0.801997404208,1.),
  .UNSPECIFIED.);
#1398 = CARTESIAN_POINT('',(-7.882227504273,15.624355652982,5.));
#1399 = CARTESIAN_POINT('',(-7.882227504273,15.624355652982,
    5.036181015608));
#1400 = CARTESIAN_POINT('',(-7.885254650155,15.622828389312,
    5.072278619948));
#1401 = CARTESIAN_POINT('',(-7.891284565203,15.619786624822,
    5.108104769962));
#1402 = CARTESIAN_POINT('',(-7.900216850825,15.615275778485,
    5.14346883503));
#1403 = CARTESIAN_POINT('',(-7.91187558393,15.609375599978,
    5.178179547504));
#1404 = CARTESIAN_POINT('',(-7.926009814312,15.602201844256,
    5.212046953254));
#1405 = CARTESIAN_POINT('',(-7.953232452396,15.588336801731,
    5.266941776483));
#1406 = CARTESIAN_POINT('',(-7.9651582442,15.582251557677,5.288569122555
    ));
#1407 = CARTESIAN_POINT('',(-7.978002767003,15.575683318548,
    5.309756166131));
#1408 = CARTESIAN_POINT('',(-7.991697745195,15.568663149788,
    5.330493560294));
#1409 = CARTESIAN_POINT('',(-8.006175297983,15.561222077706,
    5.350772845504));
#1410 = CARTESIAN_POINT('',(-8.021367939394,15.553391089472,
    5.370586449597));
#1411 = CARTESIAN_POINT('',(-8.060011232171,15.533411662925,
    5.417769466367));
#1412 = CARTESIAN_POINT('',(-8.084167913728,15.520872697679,
    5.444646150345));
#1413 = CARTESIAN_POINT('',(-8.109514334234,15.507658365436,
    5.470576629426));
#1414 = CARTESIAN_POINT('',(-8.135905676931,15.493834029704,
    5.495583302544));
#1415 = CARTESIAN_POINT('',(-8.16321644318,15.479456260441,
    5.519691594977));
#1416 = CARTESIAN_POINT('',(-8.191340298635,15.464572805047,
    5.542929475464));
#1417 = CARTESIAN_POINT('',(-8.338048984423,15.38651235538,
    5.656827245547));
#1418 = CARTESIAN_POINT('',(-8.469246120145,15.315359736779,
    5.735252636858));
#1419 = CARTESIAN_POINT('',(-8.607362203629,15.238605565497,
    5.801409657082));
#1420 = CARTESIAN_POINT('',(-8.748812749223,15.157920766116,
    5.856421571629));
#1421 = CARTESIAN_POINT('',(-8.892175075833,15.074036564924,
    5.901340166535));
#1422 = CARTESIAN_POINT('',(-9.037411740189,14.98683676914,
    5.936779113057));
#1423 = CARTESIAN_POINT('',(-9.245856475138,14.858305430233,
    5.97302869967));
#1424 = CARTESIAN_POINT('',(-9.30680250401,14.820325227308,
    5.981901041592));
#1425 = CARTESIAN_POINT('',(-9.367825364768,14.781890371654,
    5.989060396425));
#1426 = CARTESIAN_POINT('',(-9.428858037668,14.743036968395,
    5.994485415371));
#1427 = CARTESIAN_POINT('',(-9.489834742202,14.703802860466,
    5.998145327395));
#1428 = CARTESIAN_POINT('',(-9.550690216251,14.664228138879,6.));
#1429 = CARTESIAN_POINT('',(-9.611358995225,14.624355652982,6.));
#1430 = PCURVE('',#87,#1431);
#1431 = DEFINITIONAL_REPRESENTATION('',(#1432),#1465);
#1432 = B_SPLINE_CURVE_WITH_KNOTS('',7,(#1433,#1434,#1435,#1436,#1437,
    #1438,#1439,#1440,#1441,#1442,#1443,#1444,#1445,#1446,#1447,#1448,
    #1449,#1450,#1451,#1452,#1453,#1454,#1455,#1456,#1457,#1458,#1459,
    #1460,#1461,#1462,#1463,#1464),.UNSPECIFIED.,.F.,.F.,(8,6,6,6,6,8),(
    0.,0.121719953116,0.203481197889,0.321176789596,0.801997404208,1.),
  .UNSPECIFIED.);
#1433 = CARTESIAN_POINT('',(2.038024191246,13.));
#1434 = CARTESIAN_POINT('',(2.038024191246,13.036181015608));
#1435 = CARTESIAN_POINT('',(2.038217939605,13.072278619948));
#1436 = CARTESIAN_POINT('',(2.038603864315,13.108104769962));
#1437 = CARTESIAN_POINT('',(2.039175673944,13.14346883503));
#1438 = CARTESIAN_POINT('',(2.039922340853,13.178179547504));
#1439 = CARTESIAN_POINT('',(2.04082808442,13.212046953254));
#1440 = CARTESIAN_POINT('',(2.042573807056,13.266941776483));
#1441 = CARTESIAN_POINT('',(2.043338869925,13.288569122555));
#1442 = CARTESIAN_POINT('',(2.044163240078,13.309756166131));
#1443 = CARTESIAN_POINT('',(2.045042636414,13.330493560294));
#1444 = CARTESIAN_POINT('',(2.045972799511,13.350772845504));
#1445 = CARTESIAN_POINT('',(2.046949491627,13.370586449597));
#1446 = CARTESIAN_POINT('',(2.049435358001,13.417769466367));
#1447 = CARTESIAN_POINT('',(2.050990619244,13.444646150345));
#1448 = CARTESIAN_POINT('',(2.052624000862,13.470576629426));
#1449 = CARTESIAN_POINT('',(2.054326444612,13.495583302544));
#1450 = CARTESIAN_POINT('',(2.056090106206,13.519691594977));
#1451 = CARTESIAN_POINT('',(2.05790834793,13.542929475464));
#1452 = CARTESIAN_POINT('',(2.067404533594,13.656827245547));
#1453 = CARTESIAN_POINT('',(2.075932802912,13.735252636858));
#1454 = CARTESIAN_POINT('',(2.084961172043,13.801409657082));
#1455 = CARTESIAN_POINT('',(2.094265531517,13.856421571629));
#1456 = CARTESIAN_POINT('',(2.103756041329,13.901340166535));
#1457 = CARTESIAN_POINT('',(2.113435551204,13.936779113057));
#1458 = CARTESIAN_POINT('',(2.127429078876,13.97302869967));
#1459 = CARTESIAN_POINT('',(2.131532556181,13.981901041592));
#1460 = CARTESIAN_POINT('',(2.135653517519,13.989060396425));
#1461 = CARTESIAN_POINT('',(2.139787736699,13.994485415371));
#1462 = CARTESIAN_POINT('',(2.14393099818,13.998145327395));
#1463 = CARTESIAN_POINT('',(2.148079043727,14.));
#1464 = CARTESIAN_POINT('',(2.15222751908,14.));
#1465 = ( GEOMETRIC_REPRESENTATION_CONTEXT(2) 
PARAMETRIC_REPRESENTATION_CONTEXT() REPRESENTATION_CONTEXT('2D SPACE',''
  ) );
#1466 = PCURVE('',#1467,#1472);
#1467 = CYLINDRICAL_SURFACE('',#1468,1.);
#1468 = AXIS2_PLACEMENT_3D('',#1469,#1470,#1471);
#1469 = CARTESIAN_POINT('',(-11.,14.624355652982,5.));
#1470 = DIRECTION('',(1.,0.,0.));
#1471 = DIRECTION('',(-0.,1.,0.));
#1472 = DEFINITIONAL_REPRESENTATION('',(#1473),#1506);
#1473 = B_SPLINE_CURVE_WITH_KNOTS('',7,(#1474,#1475,#1476,#1477,#1478,
    #1479,#1480,#1481,#1482,#1483,#1484,#1485,#1486,#1487,#1488,#1489,
    #1490,#1491,#1492,#1493,#1494,#1495,#1496,#1497,#1498,#1499,#1500,
    #1501,#1502,#1503,#1504,#1505),.UNSPECIFIED.,.F.,.F.,(8,6,6,6,6,8),(
    0.,0.121719953116,0.203481197889,0.321176789596,0.801997404208,1.),
  .UNSPECIFIED.);
#1474 = CARTESIAN_POINT('',(0.,3.117772495727));
#1475 = CARTESIAN_POINT('',(3.618101560846E-02,3.117772495727));
#1476 = CARTESIAN_POINT('',(7.227864465886E-02,3.114745349845));
#1477 = CARTESIAN_POINT('',(0.108182105422,3.108715434797));
#1478 = CARTESIAN_POINT('',(0.143776654077,3.099783149175));
#1479 = CARTESIAN_POINT('',(0.178938844884,3.08812441607));
#1480 = CARTESIAN_POINT('',(0.213531790364,3.073990185688));
#1481 = CARTESIAN_POINT('',(0.270150524203,3.046767547604));
#1482 = CARTESIAN_POINT('',(0.292609590702,3.0348417558));
#1483 = CARTESIAN_POINT('',(0.314779205377,3.021997232997));
#1484 = CARTESIAN_POINT('',(0.336659759187,3.008302254805));
#1485 = CARTESIAN_POINT('',(0.358250449646,2.993824702017));
#1486 = CARTESIAN_POINT('',(0.379549280822,2.978632060606));
#1487 = CARTESIAN_POINT('',(0.43078808015,2.939988767829));
#1488 = CARTESIAN_POINT('',(0.460426659885,2.915832086272));
#1489 = CARTESIAN_POINT('',(0.489502367434,2.890485665766));
#1490 = CARTESIAN_POINT('',(0.518047571752,2.864094323069));
#1491 = CARTESIAN_POINT('',(0.546094573434,2.83678355682));
#1492 = CARTESIAN_POINT('',(0.573676732305,2.808659701364));
#1493 = CARTESIAN_POINT('',(0.711756911303,2.661951015577));
#1494 = CARTESIAN_POINT('',(0.81667212831,2.530753879855));
#1495 = CARTESIAN_POINT('',(0.916862077157,2.392637796371));
#1496 = CARTESIAN_POINT('',(1.013459056883,2.251187250777));
#1497 = CARTESIAN_POINT('',(1.107769537535,2.107824924167));
#1498 = CARTESIAN_POINT('',(1.201314865116,1.962588259811));
#1499 = CARTESIAN_POINT('',(1.334860129394,1.754143524862));
#1500 = CARTESIAN_POINT('',(1.373822667795,1.69319749599));
#1501 = CARTESIAN_POINT('',(1.412854392798,1.632174635232));
#1502 = CARTESIAN_POINT('',(1.452011498072,1.571141962332));
#1503 = CARTESIAN_POINT('',(1.491349111029,1.510165257798));
#1504 = CARTESIAN_POINT('',(1.530923840898,1.449309783749));
#1505 = CARTESIAN_POINT('',(1.570796326795,1.388641004775));
#1506 = ( GEOMETRIC_REPRESENTATION_CONTEXT(2) 
PARAMETRIC_REPRESENTATION_CONTEXT() REPRESENTATION_CONTEXT('2D SPACE',''
  ) );
#1507 = ORIENTED_EDGE('',*,*,#1508,.T.);
#1508 = EDGE_CURVE('',#1394,#1509,#1511,.T.);
#1509 = VERTEX_POINT('',#1510);
#1510 = CARTESIAN_POINT('',(-10.,14.361406616345,6.));
#1511 = SURFACE_CURVE('',#1512,(#1517,#1524),.PCURVE_S1.);
#1512 = CIRCLE('',#1513,17.5);
#1513 = AXIS2_PLACEMENT_3D('',#1514,#1515,#1516);
#1514 = CARTESIAN_POINT('',(0.,0.,6.));
#1515 = DIRECTION('',(0.,0.,1.));
#1516 = DIRECTION('',(1.,0.,-0.));
#1517 = PCURVE('',#87,#1518);
#1518 = DEFINITIONAL_REPRESENTATION('',(#1519),#1523);
#1519 = LINE('',#1520,#1521);
#1520 = CARTESIAN_POINT('',(0.,14.));
#1521 = VECTOR('',#1522,1.);
#1522 = DIRECTION('',(1.,0.));
#1523 = ( GEOMETRIC_REPRESENTATION_CONTEXT(2) 
PARAMETRIC_REPRESENTATION_CONTEXT() REPRESENTATION_CONTEXT('2D SPACE',''
  ) );
#1524 = PCURVE('',#1525,#1530);
#1525 = PLANE('',#1526);
#1526 = AXIS2_PLACEMENT_3D('',#1527,#1528,#1529);
#1527 = CARTESIAN_POINT('',(-11.,8.624355652982,6.));
#1528 = DIRECTION('',(0.,0.,1.));
#1529 = DIRECTION('',(1.,0.,0.));
#1530 = DEFINITIONAL_REPRESENTATION('',(#1531),#1535);
#1531 = CIRCLE('',#1532,17.5);
#1532 = AXIS2_PLACEMENT_2D('',#1533,#1534);
#1533 = CARTESIAN_POINT('',(11.,-8.624355652982));
#1534 = DIRECTION('',(1.,0.));
#1535 = ( GEOMETRIC_REPRESENTATION_CONTEXT(2) 
PARAMETRIC_REPRESENTATION_CONTEXT() REPRESENTATION_CONTEXT('2D SPACE',''
  ) );
#1536 = ORIENTED_EDGE('',*,*,#1537,.F.);
#1537 = EDGE_CURVE('',#1098,#1509,#1538,.T.);
#1538 = SURFACE_CURVE('',#1539,(#1567,#1598),.PCURVE_S1.);
#1539 = B_SPLINE_CURVE_WITH_KNOTS('',6,(#1540,#1541,#1542,#1543,#1544,
    #1545,#1546,#1547,#1548,#1549,#1550,#1551,#1552,#1553,#1554,#1555,
    #1556,#1557,#1558,#1559,#1560,#1561,#1562,#1563,#1564,#1565,#1566),
  .UNSPECIFIED.,.F.,.F.,(7,5,5,5,5,7),(0.,0.313231403064,0.423612481914,
    0.645331147127,0.876040133437,1.),.UNSPECIFIED.);
#1540 = CARTESIAN_POINT('',(-11.,13.610657588816,5.));
#1541 = CARTESIAN_POINT('',(-11.,13.610657588816,5.082804751771));
#1542 = CARTESIAN_POINT('',(-10.9917720773,13.617307292767,
    5.165541139762));
#1543 = CARTESIAN_POINT('',(-10.97534153396,13.630586396426,
    5.247143151463));
#1544 = CARTESIAN_POINT('',(-10.95093264464,13.650251512318,
    5.32655408738));
#1545 = CARTESIAN_POINT('',(-10.91896275057,13.675844362794,
    5.402763055952));
#1546 = CARTESIAN_POINT('',(-10.8663553384,13.717602850533,
    5.500261696931));
#1547 = CARTESIAN_POINT('',(-10.85178132017,13.729144569343,
    5.525166014232));
#1548 = CARTESIAN_POINT('',(-10.83636506715,13.741321693202,
    5.549533805547));
#1549 = CARTESIAN_POINT('',(-10.82013145596,13.754107985563,
    5.573331620519));
#1550 = CARTESIAN_POINT('',(-10.80310641628,13.767476241036,
    5.59652809465));
#1551 = CARTESIAN_POINT('',(-10.74958380523,13.809363015597,
    5.664421203099));
#1552 = CARTESIAN_POINT('',(-10.71077285492,13.839557183579,
    5.707195204854));
#1553 = CARTESIAN_POINT('',(-10.66909435571,13.87175992002,
    5.747191566969));
#1554 = CARTESIAN_POINT('',(-10.62477238773,13.905739746124,
    5.78420165803));
#1555 = CARTESIAN_POINT('',(-10.57804743768,13.941257316636,
    5.818033091596));
#1556 = CARTESIAN_POINT('',(-10.47832903088,14.016371627332,
    5.880223134754));
#1557 = CARTESIAN_POINT('',(-10.42514154767,14.056087953776,
    5.908314595032));
#1558 = CARTESIAN_POINT('',(-10.36990783234,14.096941894003,
    5.932582171727));
#1559 = CARTESIAN_POINT('',(-10.31293511496,14.138657127157,
    5.95284788094));
#1560 = CARTESIAN_POINT('',(-10.25454807172,14.180958900693,
    5.968958398651));
#1561 = CARTESIAN_POINT('',(-10.1631436916,14.246475186273,
    5.987139860289));
#1562 = CARTESIAN_POINT('',(-10.1308917554,14.269462225796,
    5.992257229188));
#1563 = CARTESIAN_POINT('',(-10.09839082495,14.292493607343,
    5.996117025603));
#1564 = CARTESIAN_POINT('',(-10.0657000662,14.315524790866,
    5.998702397037));
#1565 = CARTESIAN_POINT('',(-10.03288149958,14.338510878857,6.));
#1566 = CARTESIAN_POINT('',(-10.,14.361406616345,6.));
#1567 = PCURVE('',#87,#1568);
#1568 = DEFINITIONAL_REPRESENTATION('',(#1569),#1597);
#1569 = B_SPLINE_CURVE_WITH_KNOTS('',6,(#1570,#1571,#1572,#1573,#1574,
    #1575,#1576,#1577,#1578,#1579,#1580,#1581,#1582,#1583,#1584,#1585,
    #1586,#1587,#1588,#1589,#1590,#1591,#1592,#1593,#1594,#1595,#1596),
  .UNSPECIFIED.,.F.,.F.,(7,5,5,5,5,7),(0.,0.313231403064,0.423612481914,
    0.645331147127,0.876040133437,1.),.UNSPECIFIED.);
#1570 = CARTESIAN_POINT('',(2.250511376054,13.));
#1571 = CARTESIAN_POINT('',(2.250511376054,13.082804751771));
#1572 = CARTESIAN_POINT('',(2.249906856521,13.165541139762));
#1573 = CARTESIAN_POINT('',(2.248699669684,13.247143151463));
#1574 = CARTESIAN_POINT('',(2.246908529967,13.32655408738));
#1575 = CARTESIAN_POINT('',(2.244568434607,13.402763055952));
#1576 = CARTESIAN_POINT('',(2.240730360636,13.500261696931));
#1577 = CARTESIAN_POINT('',(2.239668036847,13.525166014232));
#1578 = CARTESIAN_POINT('',(2.238545441895,13.549533805547));
#1579 = CARTESIAN_POINT('',(2.237364618233,13.573331620519));
#1580 = CARTESIAN_POINT('',(2.236127688462,13.59652809465));
#1581 = CARTESIAN_POINT('',(2.232244003372,13.664421203099));
#1582 = CARTESIAN_POINT('',(2.229434132627,13.707195204854));
#1583 = CARTESIAN_POINT('',(2.226424453918,13.747191566969));
#1584 = CARTESIAN_POINT('',(2.223233143029,13.78420165803));
#1585 = CARTESIAN_POINT('',(2.21987936243,13.818033091596));
#1586 = CARTESIAN_POINT('',(2.212745443376,13.880223134754));
#1587 = CARTESIAN_POINT('',(2.208952337515,13.908314595032));
#1588 = CARTESIAN_POINT('',(2.205026638389,13.932582171727));
#1589 = CARTESIAN_POINT('',(2.200991742332,13.95284788094));
#1590 = CARTESIAN_POINT('',(2.196871765548,13.968958398651));
#1591 = CARTESIAN_POINT('',(2.190445507074,13.987139860289));
#1592 = CARTESIAN_POINT('',(2.188182347074,13.992257229188));
#1593 = CARTESIAN_POINT('',(2.185906125635,13.996117025603));
#1594 = CARTESIAN_POINT('',(2.183621051962,13.998702397037));
#1595 = CARTESIAN_POINT('',(2.181331479454,14.));
#1596 = CARTESIAN_POINT('',(2.179041905705,14.));
#1597 = ( GEOMETRIC_REPRESENTATION_CONTEXT(2) 
PARAMETRIC_REPRESENTATION_CONTEXT() REPRESENTATION_CONTEXT('2D SPACE',''
  ) );
#1598 = PCURVE('',#1599,#1604);
#1599 = CYLINDRICAL_SURFACE('',#1600,1.);
#1600 = AXIS2_PLACEMENT_3D('',#1601,#1602,#1603);
#1601 = CARTESIAN_POINT('',(-10.,8.624355652982,5.));
#1602 = DIRECTION('',(0.,1.,0.));
#1603 = DIRECTION('',(-1.,0.,0.));
#1604 = DEFINITIONAL_REPRESENTATION('',(#1605),#1633);
#1605 = B_SPLINE_CURVE_WITH_KNOTS('',6,(#1606,#1607,#1608,#1609,#1610,
    #1611,#1612,#1613,#1614,#1615,#1616,#1617,#1618,#1619,#1620,#1621,
    #1622,#1623,#1624,#1625,#1626,#1627,#1628,#1629,#1630,#1631,#1632),
  .UNSPECIFIED.,.F.,.F.,(7,5,5,5,5,7),(0.,0.313231403064,0.423612481914,
    0.645331147127,0.876040133437,1.),.UNSPECIFIED.);
#1606 = CARTESIAN_POINT('',(0.,4.986301935834));
#1607 = CARTESIAN_POINT('',(8.280475177093E-02,4.986301935834));
#1608 = CARTESIAN_POINT('',(0.16554103688,4.992951639785));
#1609 = CARTESIAN_POINT('',(0.248165479981,5.006230743444));
#1610 = CARTESIAN_POINT('',(0.330632743992,5.025895859336));
#1611 = CARTESIAN_POINT('',(0.412882492228,5.051488709812));
#1612 = CARTESIAN_POINT('',(0.523668433613,5.093247197551));
#1613 = CARTESIAN_POINT('',(0.552506355765,5.104788916361));
#1614 = CARTESIAN_POINT('',(0.581315386611,5.11696604022));
#1615 = CARTESIAN_POINT('',(0.610097072395,5.129752332581));
#1616 = CARTESIAN_POINT('',(0.638853728387,5.143120588054));
#1617 = CARTESIAN_POINT('',(0.725306860593,5.185007362615));
#1618 = CARTESIAN_POINT('',(0.782925678394,5.215201530597));
#1619 = CARTESIAN_POINT('',(0.840484398165,5.247404267037));
#1620 = CARTESIAN_POINT('',(0.898020955822,5.281384093142));
#1621 = CARTESIAN_POINT('',(0.95557040934,5.316901663654));
#1622 = CARTESIAN_POINT('',(1.073092161043,5.39201597435));
#1623 = CARTESIAN_POINT('',(1.133087691532,5.431732300794));
#1624 = CARTESIAN_POINT('',(1.193183388826,5.472586241021));
#1625 = CARTESIAN_POINT('',(1.253416006229,5.514301474175));
#1626 = CARTESIAN_POINT('',(1.31382419006,5.556603247711));
#1627 = CARTESIAN_POINT('',(1.407019287853,5.62211953329));
#1628 = CARTESIAN_POINT('',(1.439649789444,5.645106572814));
#1629 = CARTESIAN_POINT('',(1.472341497772,5.668137954361));
#1630 = CARTESIAN_POINT('',(1.50509631276,5.691169137884));
#1631 = CARTESIAN_POINT('',(1.53791482721,5.714155225875));
#1632 = CARTESIAN_POINT('',(1.570796326795,5.737050963363));
#1633 = ( GEOMETRIC_REPRESENTATION_CONTEXT(2) 
PARAMETRIC_REPRESENTATION_CONTEXT() REPRESENTATION_CONTEXT('2D SPACE',''
  ) );
#1634 = FACE_BOUND('',#1635,.T.);
#1635 = EDGE_LOOP('',(#1636,#1738,#1764,#1864,#1893,#2008,#2034,#2149));
#1636 = ORIENTED_EDGE('',*,*,#1637,.F.);
#1637 = EDGE_CURVE('',#1638,#1640,#1642,.T.);
#1638 = VERTEX_POINT('',#1639);
#1639 = CARTESIAN_POINT('',(-11.,-13.61065758881,1.));
#1640 = VERTEX_POINT('',#1641);
#1641 = CARTESIAN_POINT('',(-10.,-14.36140661634,0.));
#1642 = SURFACE_CURVE('',#1643,(#1671,#1702),.PCURVE_S1.);
#1643 = B_SPLINE_CURVE_WITH_KNOTS('',6,(#1644,#1645,#1646,#1647,#1648,
    #1649,#1650,#1651,#1652,#1653,#1654,#1655,#1656,#1657,#1658,#1659,
    #1660,#1661,#1662,#1663,#1664,#1665,#1666,#1667,#1668,#1669,#1670),
  .UNSPECIFIED.,.F.,.F.,(7,5,5,5,5,7),(0.,0.313231403064,0.423612481914,
    0.645331147127,0.876040133437,1.),.UNSPECIFIED.);
#1644 = CARTESIAN_POINT('',(-11.,-13.61065758881,1.));
#1645 = CARTESIAN_POINT('',(-11.,-13.61065758881,0.917195248229));
#1646 = CARTESIAN_POINT('',(-10.9917720773,-13.61730729276,
    0.834458860238));
#1647 = CARTESIAN_POINT('',(-10.97534153396,-13.63058639642,
    0.752856848537));
#1648 = CARTESIAN_POINT('',(-10.95093264464,-13.65025151231,
    0.673445912621));
#1649 = CARTESIAN_POINT('',(-10.91896275057,-13.67584436279,
    0.597236944048));
#1650 = CARTESIAN_POINT('',(-10.8663553384,-13.71760285053,
    0.499738303069));
#1651 = CARTESIAN_POINT('',(-10.85178132017,-13.72914456934,
    0.474833985768));
#1652 = CARTESIAN_POINT('',(-10.83636506715,-13.7413216932,
    0.450466194453));
#1653 = CARTESIAN_POINT('',(-10.82013145596,-13.75410798556,
    0.426668379481));
#1654 = CARTESIAN_POINT('',(-10.80310641628,-13.76747624103,
    0.40347190535));
#1655 = CARTESIAN_POINT('',(-10.74958380523,-13.80936301559,
    0.335578796901));
#1656 = CARTESIAN_POINT('',(-10.71077285492,-13.83955718357,
    0.292804795146));
#1657 = CARTESIAN_POINT('',(-10.66909435571,-13.87175992002,
    0.252808433031));
#1658 = CARTESIAN_POINT('',(-10.62477238773,-13.90573974612,
    0.21579834197));
#1659 = CARTESIAN_POINT('',(-10.57804743768,-13.94125731663,
    0.181966908404));
#1660 = CARTESIAN_POINT('',(-10.47832903088,-14.01637162733,
    0.119776865246));
#1661 = CARTESIAN_POINT('',(-10.42514154767,-14.05608795377,
    9.16854049678E-02));
#1662 = CARTESIAN_POINT('',(-10.36990783234,-14.096941894,
    6.741782827328E-02));
#1663 = CARTESIAN_POINT('',(-10.31293511496,-14.13865712715,
    4.715211906025E-02));
#1664 = CARTESIAN_POINT('',(-10.25454807172,-14.18095890069,
    3.104160134945E-02));
#1665 = CARTESIAN_POINT('',(-10.1631436916,-14.24647518627,
    1.286013971081E-02));
#1666 = CARTESIAN_POINT('',(-10.1308917554,-14.26946222579,
    7.742770811846E-03));
#1667 = CARTESIAN_POINT('',(-10.09839082495,-14.29249360734,
    3.882974397396E-03));
#1668 = CARTESIAN_POINT('',(-10.0657000662,-14.31552479086,
    1.297602962553E-03));
#1669 = CARTESIAN_POINT('',(-10.03288149958,-14.33851087885,
    2.013411160869E-18));
#1670 = CARTESIAN_POINT('',(-10.,-14.36140661634,0.));
#1671 = PCURVE('',#87,#1672);
#1672 = DEFINITIONAL_REPRESENTATION('',(#1673),#1701);
#1673 = B_SPLINE_CURVE_WITH_KNOTS('',6,(#1674,#1675,#1676,#1677,#1678,
    #1679,#1680,#1681,#1682,#1683,#1684,#1685,#1686,#1687,#1688,#1689,
    #1690,#1691,#1692,#1693,#1694,#1695,#1696,#1697,#1698,#1699,#1700),
  .UNSPECIFIED.,.F.,.F.,(7,5,5,5,5,7),(0.,0.313231403064,0.423612481914,
    0.645331147127,0.876040133437,1.),.UNSPECIFIED.);
#1674 = CARTESIAN_POINT('',(4.032673931125,9.));
#1675 = CARTESIAN_POINT('',(4.032673931125,8.917195248229));
#1676 = CARTESIAN_POINT('',(4.033278450659,8.834458860238));
#1677 = CARTESIAN_POINT('',(4.034485637495,8.752856848537));
#1678 = CARTESIAN_POINT('',(4.036276777213,8.673445912621));
#1679 = CARTESIAN_POINT('',(4.038616872573,8.597236944048));
#1680 = CARTESIAN_POINT('',(4.042454946543,8.499738303069));
#1681 = CARTESIAN_POINT('',(4.043517270333,8.474833985768));
#1682 = CARTESIAN_POINT('',(4.044639865284,8.450466194453));
#1683 = CARTESIAN_POINT('',(4.045820688947,8.426668379481));
#1684 = CARTESIAN_POINT('',(4.047057618717,8.40347190535));
#1685 = CARTESIAN_POINT('',(4.050941303808,8.335578796901));
#1686 = CARTESIAN_POINT('',(4.053751174552,8.292804795146));
#1687 = CARTESIAN_POINT('',(4.056760853262,8.252808433031));
#1688 = CARTESIAN_POINT('',(4.059952164151,8.21579834197));
#1689 = CARTESIAN_POINT('',(4.06330594475,8.181966908404));
#1690 = CARTESIAN_POINT('',(4.070439863804,8.119776865246));
#1691 = CARTESIAN_POINT('',(4.074232969665,8.091685404968));
#1692 = CARTESIAN_POINT('',(4.078158668791,8.067417828273));
#1693 = CARTESIAN_POINT('',(4.082193564847,8.04715211906));
#1694 = CARTESIAN_POINT('',(4.086313541632,8.031041601349));
#1695 = CARTESIAN_POINT('',(4.092739800106,8.012860139711));
#1696 = CARTESIAN_POINT('',(4.095002960106,8.007742770812));
#1697 = CARTESIAN_POINT('',(4.097279181544,8.003882974397));
#1698 = CARTESIAN_POINT('',(4.099564255218,8.001297602963));
#1699 = CARTESIAN_POINT('',(4.101853827726,8.));
#1700 = CARTESIAN_POINT('',(4.104143401474,8.));
#1701 = ( GEOMETRIC_REPRESENTATION_CONTEXT(2) 
PARAMETRIC_REPRESENTATION_CONTEXT() REPRESENTATION_CONTEXT('2D SPACE',''
  ) );
#1702 = PCURVE('',#1703,#1708);
#1703 = CYLINDRICAL_SURFACE('',#1704,1.);
#1704 = AXIS2_PLACEMENT_3D('',#1705,#1706,#1707);
#1705 = CARTESIAN_POINT('',(-10.,-15.62435565298,1.));
#1706 = DIRECTION('',(0.,1.,0.));
#1707 = DIRECTION('',(-1.,0.,0.));
#1708 = DEFINITIONAL_REPRESENTATION('',(#1709),#1737);
#1709 = B_SPLINE_CURVE_WITH_KNOTS('',6,(#1710,#1711,#1712,#1713,#1714,
    #1715,#1716,#1717,#1718,#1719,#1720,#1721,#1722,#1723,#1724,#1725,
    #1726,#1727,#1728,#1729,#1730,#1731,#1732,#1733,#1734,#1735,#1736),
  .UNSPECIFIED.,.F.,.F.,(7,5,5,5,5,7),(0.,0.313231403064,0.423612481914,
    0.645331147127,0.876040133437,1.),.UNSPECIFIED.);
#1710 = CARTESIAN_POINT('',(0.,2.013698064166));
#1711 = CARTESIAN_POINT('',(-8.280475177093E-02,2.013698064166));
#1712 = CARTESIAN_POINT('',(-0.16554103688,2.007048360215));
#1713 = CARTESIAN_POINT('',(-0.248165479981,1.993769256556));
#1714 = CARTESIAN_POINT('',(-0.330632743992,1.974104140664));
#1715 = CARTESIAN_POINT('',(-0.412882492228,1.948511290188));
#1716 = CARTESIAN_POINT('',(-0.523668433613,1.906752802449));
#1717 = CARTESIAN_POINT('',(-0.552506355765,1.895211083639));
#1718 = CARTESIAN_POINT('',(-0.581315386611,1.88303395978));
#1719 = CARTESIAN_POINT('',(-0.610097072395,1.870247667419));
#1720 = CARTESIAN_POINT('',(-0.638853728387,1.856879411946));
#1721 = CARTESIAN_POINT('',(-0.725306860593,1.814992637385));
#1722 = CARTESIAN_POINT('',(-0.782925678394,1.784798469403));
#1723 = CARTESIAN_POINT('',(-0.840484398165,1.752595732963));
#1724 = CARTESIAN_POINT('',(-0.898020955822,1.718615906858));
#1725 = CARTESIAN_POINT('',(-0.95557040934,1.683098336346));
#1726 = CARTESIAN_POINT('',(-1.073092161043,1.60798402565));
#1727 = CARTESIAN_POINT('',(-1.133087691532,1.568267699206));
#1728 = CARTESIAN_POINT('',(-1.193183388826,1.527413758979));
#1729 = CARTESIAN_POINT('',(-1.253416006229,1.485698525825));
#1730 = CARTESIAN_POINT('',(-1.31382419006,1.443396752289));
#1731 = CARTESIAN_POINT('',(-1.407019287853,1.37788046671));
#1732 = CARTESIAN_POINT('',(-1.439649789444,1.354893427186));
#1733 = CARTESIAN_POINT('',(-1.472341497772,1.331862045639));
#1734 = CARTESIAN_POINT('',(-1.50509631276,1.308830862116));
#1735 = CARTESIAN_POINT('',(-1.53791482721,1.285844774125));
#1736 = CARTESIAN_POINT('',(-1.570796326795,1.262949036637));
#1737 = ( GEOMETRIC_REPRESENTATION_CONTEXT(2) 
PARAMETRIC_REPRESENTATION_CONTEXT() REPRESENTATION_CONTEXT('2D SPACE',''
  ) );
#1738 = ORIENTED_EDGE('',*,*,#1739,.T.);
#1739 = EDGE_CURVE('',#1638,#1740,#1742,.T.);
#1740 = VERTEX_POINT('',#1741);
#1741 = CARTESIAN_POINT('',(-11.,-13.61065758881,5.));
#1742 = SURFACE_CURVE('',#1743,(#1747,#1753),.PCURVE_S1.);
#1743 = LINE('',#1744,#1745);
#1744 = CARTESIAN_POINT('',(-11.,-13.61065758881,-8.));
#1745 = VECTOR('',#1746,1.);
#1746 = DIRECTION('',(0.,0.,1.));
#1747 = PCURVE('',#87,#1748);
#1748 = DEFINITIONAL_REPRESENTATION('',(#1749),#1752);
#1749 = B_SPLINE_CURVE_WITH_KNOTS('',1,(#1750,#1751),.UNSPECIFIED.,.F.,
  .F.,(2,2),(8.6,13.4),.PIECEWISE_BEZIER_KNOTS.);
#1750 = CARTESIAN_POINT('',(4.032673931125,8.6));
#1751 = CARTESIAN_POINT('',(4.032673931125,13.4));
#1752 = ( GEOMETRIC_REPRESENTATION_CONTEXT(2) 
PARAMETRIC_REPRESENTATION_CONTEXT() REPRESENTATION_CONTEXT('2D SPACE',''
  ) );
#1753 = PCURVE('',#1754,#1759);
#1754 = PLANE('',#1755);
#1755 = AXIS2_PLACEMENT_3D('',#1756,#1757,#1758);
#1756 = CARTESIAN_POINT('',(-11.,-15.62435565298,0.));
#1757 = DIRECTION('',(1.,0.,0.));
#1758 = DIRECTION('',(0.,0.,1.));
#1759 = DEFINITIONAL_REPRESENTATION('',(#1760),#1763);
#1760 = B_SPLINE_CURVE_WITH_KNOTS('',1,(#1761,#1762),.UNSPECIFIED.,.F.,
  .F.,(2,2),(8.6,13.4),.PIECEWISE_BEZIER_KNOTS.);
#1761 = CARTESIAN_POINT('',(0.6,-2.013698064166));
#1762 = CARTESIAN_POINT('',(5.4,-2.013698064166));
#1763 = ( GEOMETRIC_REPRESENTATION_CONTEXT(2) 
PARAMETRIC_REPRESENTATION_CONTEXT() REPRESENTATION_CONTEXT('2D SPACE',''
  ) );
#1764 = ORIENTED_EDGE('',*,*,#1765,.T.);
#1765 = EDGE_CURVE('',#1740,#1766,#1768,.T.);
#1766 = VERTEX_POINT('',#1767);
#1767 = CARTESIAN_POINT('',(-10.,-14.36140661634,6.));
#1768 = SURFACE_CURVE('',#1769,(#1797,#1828),.PCURVE_S1.);
#1769 = B_SPLINE_CURVE_WITH_KNOTS('',6,(#1770,#1771,#1772,#1773,#1774,
    #1775,#1776,#1777,#1778,#1779,#1780,#1781,#1782,#1783,#1784,#1785,
    #1786,#1787,#1788,#1789,#1790,#1791,#1792,#1793,#1794,#1795,#1796),
  .UNSPECIFIED.,.F.,.F.,(7,5,5,5,5,7),(0.,0.313231403064,0.423612481914,
    0.645331147127,0.876040133437,1.),.UNSPECIFIED.);
#1770 = CARTESIAN_POINT('',(-11.,-13.61065758881,5.));
#1771 = CARTESIAN_POINT('',(-11.,-13.61065758881,5.082804751771));
#1772 = CARTESIAN_POINT('',(-10.9917720773,-13.61730729276,
    5.165541139762));
#1773 = CARTESIAN_POINT('',(-10.97534153396,-13.63058639642,
    5.247143151463));
#1774 = CARTESIAN_POINT('',(-10.95093264464,-13.65025151231,
    5.32655408738));
#1775 = CARTESIAN_POINT('',(-10.91896275057,-13.67584436279,
    5.402763055952));
#1776 = CARTESIAN_POINT('',(-10.8663553384,-13.71760285053,
    5.500261696931));
#1777 = CARTESIAN_POINT('',(-10.85178132017,-13.72914456934,
    5.525166014232));
#1778 = CARTESIAN_POINT('',(-10.83636506715,-13.7413216932,
    5.549533805547));
#1779 = CARTESIAN_POINT('',(-10.82013145596,-13.75410798556,
    5.573331620519));
#1780 = CARTESIAN_POINT('',(-10.80310641628,-13.76747624103,
    5.59652809465));
#1781 = CARTESIAN_POINT('',(-10.74958380523,-13.80936301559,
    5.664421203099));
#1782 = CARTESIAN_POINT('',(-10.71077285492,-13.83955718357,
    5.707195204854));
#1783 = CARTESIAN_POINT('',(-10.66909435571,-13.87175992002,
    5.747191566969));
#1784 = CARTESIAN_POINT('',(-10.62477238773,-13.90573974612,
    5.78420165803));
#1785 = CARTESIAN_POINT('',(-10.57804743768,-13.94125731663,
    5.818033091596));
#1786 = CARTESIAN_POINT('',(-10.47832903088,-14.01637162733,
    5.880223134754));
#1787 = CARTESIAN_POINT('',(-10.42514154767,-14.05608795377,
    5.908314595032));
#1788 = CARTESIAN_POINT('',(-10.36990783234,-14.096941894,5.932582171727
    ));
#1789 = CARTESIAN_POINT('',(-10.31293511496,-14.13865712715,
    5.95284788094));
#1790 = CARTESIAN_POINT('',(-10.25454807172,-14.18095890069,
    5.968958398651));
#1791 = CARTESIAN_POINT('',(-10.1631436916,-14.24647518627,
    5.987139860289));
#1792 = CARTESIAN_POINT('',(-10.1308917554,-14.26946222579,
    5.992257229188));
#1793 = CARTESIAN_POINT('',(-10.09839082495,-14.29249360734,
    5.996117025603));
#1794 = CARTESIAN_POINT('',(-10.0657000662,-14.31552479086,
    5.998702397037));
#1795 = CARTESIAN_POINT('',(-10.03288149958,-14.33851087885,6.));
#1796 = CARTESIAN_POINT('',(-10.,-14.36140661634,6.));
#1797 = PCURVE('',#87,#1798);
#1798 = DEFINITIONAL_REPRESENTATION('',(#1799),#1827);
#1799 = B_SPLINE_CURVE_WITH_KNOTS('',6,(#1800,#1801,#1802,#1803,#1804,
    #1805,#1806,#1807,#1808,#1809,#1810,#1811,#1812,#1813,#1814,#1815,
    #1816,#1817,#1818,#1819,#1820,#1821,#1822,#1823,#1824,#1825,#1826),
  .UNSPECIFIED.,.F.,.F.,(7,5,5,5,5,7),(0.,0.313231403064,0.423612481914,
    0.645331147127,0.876040133437,1.),.UNSPECIFIED.);
#1800 = CARTESIAN_POINT('',(4.032673931125,13.));
#1801 = CARTESIAN_POINT('',(4.032673931125,13.082804751771));
#1802 = CARTESIAN_POINT('',(4.033278450659,13.165541139762));
#1803 = CARTESIAN_POINT('',(4.034485637495,13.247143151463));
#1804 = CARTESIAN_POINT('',(4.036276777213,13.32655408738));
#1805 = CARTESIAN_POINT('',(4.038616872573,13.402763055952));
#1806 = CARTESIAN_POINT('',(4.042454946543,13.500261696931));
#1807 = CARTESIAN_POINT('',(4.043517270333,13.525166014232));
#1808 = CARTESIAN_POINT('',(4.044639865284,13.549533805547));
#1809 = CARTESIAN_POINT('',(4.045820688947,13.573331620519));
#1810 = CARTESIAN_POINT('',(4.047057618717,13.59652809465));
#1811 = CARTESIAN_POINT('',(4.050941303808,13.664421203099));
#1812 = CARTESIAN_POINT('',(4.053751174552,13.707195204854));
#1813 = CARTESIAN_POINT('',(4.056760853262,13.747191566969));
#1814 = CARTESIAN_POINT('',(4.059952164151,13.78420165803));
#1815 = CARTESIAN_POINT('',(4.06330594475,13.818033091596));
#1816 = CARTESIAN_POINT('',(4.070439863804,13.880223134754));
#1817 = CARTESIAN_POINT('',(4.074232969665,13.908314595032));
#1818 = CARTESIAN_POINT('',(4.078158668791,13.932582171727));
#1819 = CARTESIAN_POINT('',(4.082193564847,13.95284788094));
#1820 = CARTESIAN_POINT('',(4.086313541632,13.968958398651));
#1821 = CARTESIAN_POINT('',(4.092739800106,13.987139860289));
#1822 = CARTESIAN_POINT('',(4.095002960106,13.992257229188));
#1823 = CARTESIAN_POINT('',(4.097279181544,13.996117025603));
#1824 = CARTESIAN_POINT('',(4.099564255218,13.998702397037));
#1825 = CARTESIAN_POINT('',(4.101853827726,14.));
#1826 = CARTESIAN_POINT('',(4.104143401474,14.));
#1827 = ( GEOMETRIC_REPRESENTATION_CONTEXT(2) 
PARAMETRIC_REPRESENTATION_CONTEXT() REPRESENTATION_CONTEXT('2D SPACE',''
  ) );
#1828 = PCURVE('',#1829,#1834);
#1829 = CYLINDRICAL_SURFACE('',#1830,1.);
#1830 = AXIS2_PLACEMENT_3D('',#1831,#1832,#1833);
#1831 = CARTESIAN_POINT('',(-10.,-15.62435565298,5.));
#1832 = DIRECTION('',(0.,1.,0.));
#1833 = DIRECTION('',(-1.,0.,0.));
#1834 = DEFINITIONAL_REPRESENTATION('',(#1835),#1863);
#1835 = B_SPLINE_CURVE_WITH_KNOTS('',6,(#1836,#1837,#1838,#1839,#1840,
    #1841,#1842,#1843,#1844,#1845,#1846,#1847,#1848,#1849,#1850,#1851,
    #1852,#1853,#1854,#1855,#1856,#1857,#1858,#1859,#1860,#1861,#1862),
  .UNSPECIFIED.,.F.,.F.,(7,5,5,5,5,7),(0.,0.313231403064,0.423612481914,
    0.645331147127,0.876040133437,1.),.UNSPECIFIED.);
#1836 = CARTESIAN_POINT('',(0.,2.013698064166));
#1837 = CARTESIAN_POINT('',(8.280475177093E-02,2.013698064166));
#1838 = CARTESIAN_POINT('',(0.16554103688,2.007048360215));
#1839 = CARTESIAN_POINT('',(0.248165479981,1.993769256556));
#1840 = CARTESIAN_POINT('',(0.330632743992,1.974104140664));
#1841 = CARTESIAN_POINT('',(0.412882492228,1.948511290188));
#1842 = CARTESIAN_POINT('',(0.523668433613,1.906752802449));
#1843 = CARTESIAN_POINT('',(0.552506355765,1.895211083639));
#1844 = CARTESIAN_POINT('',(0.581315386611,1.88303395978));
#1845 = CARTESIAN_POINT('',(0.610097072395,1.870247667419));
#1846 = CARTESIAN_POINT('',(0.638853728387,1.856879411946));
#1847 = CARTESIAN_POINT('',(0.725306860593,1.814992637385));
#1848 = CARTESIAN_POINT('',(0.782925678394,1.784798469403));
#1849 = CARTESIAN_POINT('',(0.840484398165,1.752595732963));
#1850 = CARTESIAN_POINT('',(0.898020955822,1.718615906858));
#1851 = CARTESIAN_POINT('',(0.95557040934,1.683098336346));
#1852 = CARTESIAN_POINT('',(1.073092161043,1.60798402565));
#1853 = CARTESIAN_POINT('',(1.133087691532,1.568267699206));
#1854 = CARTESIAN_POINT('',(1.193183388826,1.527413758979));
#1855 = CARTESIAN_POINT('',(1.253416006229,1.485698525825));
#1856 = CARTESIAN_POINT('',(1.31382419006,1.443396752289));
#1857 = CARTESIAN_POINT('',(1.407019287853,1.37788046671));
#1858 = CARTESIAN_POINT('',(1.439649789444,1.354893427186));
#1859 = CARTESIAN_POINT('',(1.472341497772,1.331862045639));
#1860 = CARTESIAN_POINT('',(1.50509631276,1.308830862116));
#1861 = CARTESIAN_POINT('',(1.53791482721,1.285844774125));
#1862 = CARTESIAN_POINT('',(1.570796326795,1.262949036637));
#1863 = ( GEOMETRIC_REPRESENTATION_CONTEXT(2) 
PARAMETRIC_REPRESENTATION_CONTEXT() REPRESENTATION_CONTEXT('2D SPACE',''
  ) );
#1864 = ORIENTED_EDGE('',*,*,#1865,.T.);
#1865 = EDGE_CURVE('',#1766,#1866,#1868,.T.);
#1866 = VERTEX_POINT('',#1867);
#1867 = CARTESIAN_POINT('',(-9.611358995225,-14.62435565298,6.));
#1868 = SURFACE_CURVE('',#1869,(#1874,#1881),.PCURVE_S1.);
#1869 = CIRCLE('',#1870,17.5);
#1870 = AXIS2_PLACEMENT_3D('',#1871,#1872,#1873);
#1871 = CARTESIAN_POINT('',(0.,0.,6.));
#1872 = DIRECTION('',(0.,0.,1.));
#1873 = DIRECTION('',(1.,0.,-0.));
#1874 = PCURVE('',#87,#1875);
#1875 = DEFINITIONAL_REPRESENTATION('',(#1876),#1880);
#1876 = LINE('',#1877,#1878);
#1877 = CARTESIAN_POINT('',(0.,14.));
#1878 = VECTOR('',#1879,1.);
#1879 = DIRECTION('',(1.,0.));
#1880 = ( GEOMETRIC_REPRESENTATION_CONTEXT(2) 
PARAMETRIC_REPRESENTATION_CONTEXT() REPRESENTATION_CONTEXT('2D SPACE',''
  ) );
#1881 = PCURVE('',#1882,#1887);
#1882 = PLANE('',#1883);
#1883 = AXIS2_PLACEMENT_3D('',#1884,#1885,#1886);
#1884 = CARTESIAN_POINT('',(-11.,-15.62435565298,6.));
#1885 = DIRECTION('',(0.,0.,1.));
#1886 = DIRECTION('',(1.,0.,0.));
#1887 = DEFINITIONAL_REPRESENTATION('',(#1888),#1892);
#1888 = CIRCLE('',#1889,17.5);
#1889 = AXIS2_PLACEMENT_2D('',#1890,#1891);
#1890 = CARTESIAN_POINT('',(11.,15.624355652982));
#1891 = DIRECTION('',(1.,0.));
#1892 = ( GEOMETRIC_REPRESENTATION_CONTEXT(2) 
PARAMETRIC_REPRESENTATION_CONTEXT() REPRESENTATION_CONTEXT('2D SPACE',''
  ) );
#1893 = ORIENTED_EDGE('',*,*,#1894,.F.);
#1894 = EDGE_CURVE('',#1895,#1866,#1897,.T.);
#1895 = VERTEX_POINT('',#1896);
#1896 = CARTESIAN_POINT('',(-7.882227504273,-15.62435565298,5.));
#1897 = SURFACE_CURVE('',#1898,(#1931,#1967),.PCURVE_S1.);
#1898 = B_SPLINE_CURVE_WITH_KNOTS('',7,(#1899,#1900,#1901,#1902,#1903,
    #1904,#1905,#1906,#1907,#1908,#1909,#1910,#1911,#1912,#1913,#1914,
    #1915,#1916,#1917,#1918,#1919,#1920,#1921,#1922,#1923,#1924,#1925,
    #1926,#1927,#1928,#1929,#1930),.UNSPECIFIED.,.F.,.F.,(8,6,6,6,6,8),(
    0.,0.119739182974,0.203521593921,0.31879758025,0.802024939086,1.),
  .UNSPECIFIED.);
#1899 = CARTESIAN_POINT('',(-7.882227504273,-15.62435565298,5.));
#1900 = CARTESIAN_POINT('',(-7.882227504273,-15.62435565298,
    5.035586093662));
#1901 = CARTESIAN_POINT('',(-7.885155915496,-15.62287820161,
    5.071089773227));
#1902 = CARTESIAN_POINT('',(-7.890989033411,-15.6199356996,
    5.106332458053));
#1903 = CARTESIAN_POINT('',(-7.899632188619,-15.61557102471,
    5.141133157955));
#1904 = CARTESIAN_POINT('',(-7.910920205621,-15.60985906649,
    5.175310271192));
#1905 = CARTESIAN_POINT('',(-7.924617861584,-15.60290826117,
    5.208683382452));
#1906 = CARTESIAN_POINT('',(-7.951477462215,-15.58923218519,
    5.263739762913));
#1907 = CARTESIAN_POINT('',(-7.963580392759,-15.58305831953,
    5.285955121051));
#1908 = CARTESIAN_POINT('',(-7.976655264998,-15.57637398551,
    5.307709758647));
#1909 = CARTESIAN_POINT('',(-7.99062854554,-15.56921264052,
    5.328993273848));
#1910 = CARTESIAN_POINT('',(-8.00542703934,-15.56160774325,
    5.349796239552));
#1911 = CARTESIAN_POINT('',(-8.020977889701,-15.55359275368,
    5.370110203401));
#1912 = CARTESIAN_POINT('',(-8.059540337574,-15.53365512571,
    5.41719450947));
#1913 = CARTESIAN_POINT('',(-8.083171048089,-15.52139011675,
    5.44353601031));
#1914 = CARTESIAN_POINT('',(-8.107946332825,-15.50847577146,
    5.468969767383));
#1915 = CARTESIAN_POINT('',(-8.133729681112,-15.49497370601,
    5.493516603683));
#1916 = CARTESIAN_POINT('',(-8.160402312976,-15.48093746907,
    5.51720015342));
#1917 = CARTESIAN_POINT('',(-8.187863043496,-15.46641252338,
    5.540046427306));
#1918 = CARTESIAN_POINT('',(-8.334093922103,-15.38865683796,
    5.654460443957));
#1919 = CARTESIAN_POINT('',(-8.465792517979,-15.31727879285,
    5.733597698063));
#1920 = CARTESIAN_POINT('',(-8.604539894595,-15.24021529964,
    5.80031031437));
#1921 = CARTESIAN_POINT('',(-8.746661791352,-15.15917871804,
    5.855744928541));
#1922 = CARTESIAN_POINT('',(-8.89070752972,-15.07491719164,5.90097991153
    ));
#1923 = CARTESIAN_POINT('',(-9.036652078575,-14.98730519221,
    5.936647004086));
#1924 = CARTESIAN_POINT('',(-9.245856471225,-14.85830543264,
    5.97302869899));
#1925 = CARTESIAN_POINT('',(-9.306802500679,-14.82032522941,
    5.981901041245));
#1926 = CARTESIAN_POINT('',(-9.367825364684,-14.78189037175,
    5.989060396609));
#1927 = CARTESIAN_POINT('',(-9.428858041375,-14.74303696606,
    5.994485415817));
#1928 = CARTESIAN_POINT('',(-9.48983474818,-14.70380285661,
    5.998145327713));
#1929 = CARTESIAN_POINT('',(-9.550690221305,-14.66422813555,6.));
#1930 = CARTESIAN_POINT('',(-9.611358995225,-14.62435565298,6.));
#1931 = PCURVE('',#87,#1932);
#1932 = DEFINITIONAL_REPRESENTATION('',(#1933),#1966);
#1933 = B_SPLINE_CURVE_WITH_KNOTS('',7,(#1934,#1935,#1936,#1937,#1938,
    #1939,#1940,#1941,#1942,#1943,#1944,#1945,#1946,#1947,#1948,#1949,
    #1950,#1951,#1952,#1953,#1954,#1955,#1956,#1957,#1958,#1959,#1960,
    #1961,#1962,#1963,#1964,#1965),.UNSPECIFIED.,.F.,.F.,(8,6,6,6,6,8),(
    0.,0.119739182974,0.203521593921,0.31879758025,0.802024939086,1.),
  .UNSPECIFIED.);
#1934 = CARTESIAN_POINT('',(4.245161115933,13.));
#1935 = CARTESIAN_POINT('',(4.245161115933,13.035586093662));
#1936 = CARTESIAN_POINT('',(4.244973686913,13.071089773227));
#1937 = CARTESIAN_POINT('',(4.24460035727,13.106332458053));
#1938 = CARTESIAN_POINT('',(4.244047060718,13.141133157955));
#1939 = CARTESIAN_POINT('',(4.243324151512,13.175310271192));
#1940 = CARTESIAN_POINT('',(4.242446419677,13.208683382452));
#1941 = CARTESIAN_POINT('',(4.240724083153,13.263739762913));
#1942 = CARTESIAN_POINT('',(4.239947702323,13.285955121051));
#1943 = CARTESIAN_POINT('',(4.23910859237,13.307709758647));
#1944 = CARTESIAN_POINT('',(4.238211364111,13.328993273848));
#1945 = CARTESIAN_POINT('',(4.237260610549,13.349796239552));
#1946 = CARTESIAN_POINT('',(4.236260906878,13.370110203401));
#1947 = CARTESIAN_POINT('',(4.233780241138,13.41719450947));
#1948 = CARTESIAN_POINT('',(4.232258867796,13.44353601031));
#1949 = CARTESIAN_POINT('',(4.230662350091,13.468969767383));
#1950 = CARTESIAN_POINT('',(4.228999226847,13.493516603683));
#1951 = CARTESIAN_POINT('',(4.227276922771,13.51720015342));
#1952 = CARTESIAN_POINT('',(4.225501755148,13.540046427306));
#1953 = CARTESIAN_POINT('',(4.216037853123,13.654460443957));
#1954 = CARTESIAN_POINT('',(4.207478254068,13.733597698063));
#1955 = CARTESIAN_POINT('',(4.198409777315,13.80031031437));
#1956 = CARTESIAN_POINT('',(4.189062150644,13.855744928541));
#1957 = CARTESIAN_POINT('',(4.179527057938,13.90097991153));
#1958 = CARTESIAN_POINT('',(4.169800754365,13.936647004086));
#1959 = CARTESIAN_POINT('',(4.155756228567,13.97302869899));
#1960 = CARTESIAN_POINT('',(4.151652751224,13.981901041245));
#1961 = CARTESIAN_POINT('',(4.147531789668,13.989060396609));
#1962 = CARTESIAN_POINT('',(4.14339757023,13.994485415817));
#1963 = CARTESIAN_POINT('',(4.139254308593,13.998145327713));
#1964 = CARTESIAN_POINT('',(4.135106263106,14.));
#1965 = CARTESIAN_POINT('',(4.1309577881,14.));
#1966 = ( GEOMETRIC_REPRESENTATION_CONTEXT(2) 
PARAMETRIC_REPRESENTATION_CONTEXT() REPRESENTATION_CONTEXT('2D SPACE',''
  ) );
#1967 = PCURVE('',#1968,#1973);
#1968 = CYLINDRICAL_SURFACE('',#1969,1.);
#1969 = AXIS2_PLACEMENT_3D('',#1970,#1971,#1972);
#1970 = CARTESIAN_POINT('',(-11.,-14.62435565298,5.));
#1971 = DIRECTION('',(1.,0.,0.));
#1972 = DIRECTION('',(0.,-1.,0.));
#1973 = DEFINITIONAL_REPRESENTATION('',(#1974),#2007);
#1974 = B_SPLINE_CURVE_WITH_KNOTS('',7,(#1975,#1976,#1977,#1978,#1979,
    #1980,#1981,#1982,#1983,#1984,#1985,#1986,#1987,#1988,#1989,#1990,
    #1991,#1992,#1993,#1994,#1995,#1996,#1997,#1998,#1999,#2000,#2001,
    #2002,#2003,#2004,#2005,#2006),.UNSPECIFIED.,.F.,.F.,(8,6,6,6,6,8),(
    0.,0.119739182974,0.203521593921,0.31879758025,0.802024939086,1.),
  .UNSPECIFIED.);
#1975 = CARTESIAN_POINT('',(0.,3.117772495727));
#1976 = CARTESIAN_POINT('',(-3.558609366189E-02,3.117772495727));
#1977 = CARTESIAN_POINT('',(-7.108979747234E-02,3.114844084504));
#1978 = CARTESIAN_POINT('',(-0.106406043268,3.109010966589));
#1979 = CARTESIAN_POINT('',(-0.141426033486,3.100367811381));
#1980 = CARTESIAN_POINT('',(-0.176032901953,3.089079794379));
#1981 = CARTESIAN_POINT('',(-0.21009737468,3.075382138416));
#1982 = CARTESIAN_POINT('',(-0.266826909171,3.048522537785));
#1983 = CARTESIAN_POINT('',(-0.289875468439,3.036419607241));
#1984 = CARTESIAN_POINT('',(-0.312620689241,3.023344735002));
#1985 = CARTESIAN_POINT('',(-0.335062816929,3.00937145446));
#1986 = CARTESIAN_POINT('',(-0.357200761421,2.99457296066));
#1987 = CARTESIAN_POINT('',(-0.379032097204,2.979022110299));
#1988 = CARTESIAN_POINT('',(-0.430163700806,2.940459662426));
#1989 = CARTESIAN_POINT('',(-0.459202633585,2.916828951911));
#1990 = CARTESIAN_POINT('',(-0.487701228757,2.892053667175));
#1991 = CARTESIAN_POINT('',(-0.515689759948,2.866270318888));
#1992 = CARTESIAN_POINT('',(-0.543198421617,2.839597687024));
#1993 = CARTESIAN_POINT('',(-0.570258343354,2.812136956504));
#1994 = CARTESIAN_POINT('',(-0.708593132261,2.665906077897));
#1995 = CARTESIAN_POINT('',(-0.814166655347,2.534207482021));
#1996 = CARTESIAN_POINT('',(-0.914933734136,2.395460105405));
#1997 = CARTESIAN_POINT('',(-1.0120431934,2.253338208648));
#1998 = CARTESIAN_POINT('',(-1.106824194058,2.10929247028));
#1999 = CARTESIAN_POINT('',(-1.200828169154,1.963347921425));
#2000 = CARTESIAN_POINT('',(-1.334860126887,1.754143528775));
#2001 = CARTESIAN_POINT('',(-1.373822665669,1.693197499321));
#2002 = CARTESIAN_POINT('',(-1.412854392736,1.632174635316));
#2003 = CARTESIAN_POINT('',(-1.452011500432,1.571141958625));
#2004 = CARTESIAN_POINT('',(-1.491349114883,1.51016525182));
#2005 = CARTESIAN_POINT('',(-1.53092384422,1.449309778695));
#2006 = CARTESIAN_POINT('',(-1.570796326795,1.388641004775));
#2007 = ( GEOMETRIC_REPRESENTATION_CONTEXT(2) 
PARAMETRIC_REPRESENTATION_CONTEXT() REPRESENTATION_CONTEXT('2D SPACE',''
  ) );
#2008 = ORIENTED_EDGE('',*,*,#2009,.F.);
#2009 = EDGE_CURVE('',#2010,#1895,#2012,.T.);
#2010 = VERTEX_POINT('',#2011);
#2011 = CARTESIAN_POINT('',(-7.882227504273,-15.62435565298,1.));
#2012 = SURFACE_CURVE('',#2013,(#2017,#2023),.PCURVE_S1.);
#2013 = LINE('',#2014,#2015);
#2014 = CARTESIAN_POINT('',(-7.882227504273,-15.62435565298,-8.));
#2015 = VECTOR('',#2016,1.);
#2016 = DIRECTION('',(0.,0.,1.));
#2017 = PCURVE('',#87,#2018);
#2018 = DEFINITIONAL_REPRESENTATION('',(#2019),#2022);
#2019 = B_SPLINE_CURVE_WITH_KNOTS('',1,(#2020,#2021),.UNSPECIFIED.,.F.,
  .F.,(2,2),(8.6,13.4),.PIECEWISE_BEZIER_KNOTS.);
#2020 = CARTESIAN_POINT('',(4.245161115933,8.6));
#2021 = CARTESIAN_POINT('',(4.245161115933,13.4));
#2022 = ( GEOMETRIC_REPRESENTATION_CONTEXT(2) 
PARAMETRIC_REPRESENTATION_CONTEXT() REPRESENTATION_CONTEXT('2D SPACE',''
  ) );
#2023 = PCURVE('',#2024,#2029);
#2024 = PLANE('',#2025);
#2025 = AXIS2_PLACEMENT_3D('',#2026,#2027,#2028);
#2026 = CARTESIAN_POINT('',(-11.,-15.62435565298,0.));
#2027 = DIRECTION('',(0.,1.,0.));
#2028 = DIRECTION('',(0.,0.,1.));
#2029 = DEFINITIONAL_REPRESENTATION('',(#2030),#2033);
#2030 = B_SPLINE_CURVE_WITH_KNOTS('',1,(#2031,#2032),.UNSPECIFIED.,.F.,
  .F.,(2,2),(8.6,13.4),.PIECEWISE_BEZIER_KNOTS.);
#2031 = CARTESIAN_POINT('',(0.6,3.117772495727));
#2032 = CARTESIAN_POINT('',(5.4,3.117772495727));
#2033 = ( GEOMETRIC_REPRESENTATION_CONTEXT(2) 
PARAMETRIC_REPRESENTATION_CONTEXT() REPRESENTATION_CONTEXT('2D SPACE',''
  ) );
#2034 = ORIENTED_EDGE('',*,*,#2035,.T.);
#2035 = EDGE_CURVE('',#2010,#2036,#2038,.T.);
#2036 = VERTEX_POINT('',#2037);
#2037 = CARTESIAN_POINT('',(-9.611358995225,-14.62435565298,0.));
#2038 = SURFACE_CURVE('',#2039,(#2072,#2108),.PCURVE_S1.);
#2039 = B_SPLINE_CURVE_WITH_KNOTS('',7,(#2040,#2041,#2042,#2043,#2044,
    #2045,#2046,#2047,#2048,#2049,#2050,#2051,#2052,#2053,#2054,#2055,
    #2056,#2057,#2058,#2059,#2060,#2061,#2062,#2063,#2064,#2065,#2066,
    #2067,#2068,#2069,#2070,#2071),.UNSPECIFIED.,.F.,.F.,(8,6,6,6,6,8),(
    0.,0.11973918296,0.203521593903,0.318797580235,0.802024939082,1.),
  .UNSPECIFIED.);
#2040 = CARTESIAN_POINT('',(-7.882227504273,-15.62435565298,1.));
#2041 = CARTESIAN_POINT('',(-7.882227504273,-15.62435565298,
    0.964413906338));
#2042 = CARTESIAN_POINT('',(-7.885155915496,-15.62287820161,
    0.928910226773));
#2043 = CARTESIAN_POINT('',(-7.890989033411,-15.6199356996,
    0.893667541947));
#2044 = CARTESIAN_POINT('',(-7.899632188619,-15.61557102471,
    0.858866842045));
#2045 = CARTESIAN_POINT('',(-7.910920205621,-15.60985906649,
    0.824689728808));
#2046 = CARTESIAN_POINT('',(-7.924617861584,-15.60290826117,
    0.791316617548));
#2047 = CARTESIAN_POINT('',(-7.951477462216,-15.58923218519,
    0.736260237086));
#2048 = CARTESIAN_POINT('',(-7.963580392759,-15.58305831953,
    0.714044878949));
#2049 = CARTESIAN_POINT('',(-7.976655264998,-15.57637398551,
    0.692290241355));
#2050 = CARTESIAN_POINT('',(-7.990628545539,-15.56921264052,
    0.671006726153));
#2051 = CARTESIAN_POINT('',(-8.00542703934,-15.56160774325,
    0.650203760448));
#2052 = CARTESIAN_POINT('',(-8.020977889703,-15.55359275368,
    0.629889796598));
#2053 = CARTESIAN_POINT('',(-8.059540337574,-15.53365512571,
    0.58280549053));
#2054 = CARTESIAN_POINT('',(-8.083171048089,-15.52139011675,
    0.55646398969));
#2055 = CARTESIAN_POINT('',(-8.107946332825,-15.50847577146,
    0.531030232617));
#2056 = CARTESIAN_POINT('',(-8.133729681112,-15.49497370601,
    0.506483396317));
#2057 = CARTESIAN_POINT('',(-8.160402312976,-15.48093746907,
    0.48279984658));
#2058 = CARTESIAN_POINT('',(-8.187863043496,-15.46641252338,
    0.459953572694));
#2059 = CARTESIAN_POINT('',(-8.334093922103,-15.38865683796,
    0.345539556043));
#2060 = CARTESIAN_POINT('',(-8.46579251798,-15.31727879285,
    0.266402301937));
#2061 = CARTESIAN_POINT('',(-8.604539894594,-15.24021529964,
    0.199689685631));
#2062 = CARTESIAN_POINT('',(-8.746661791352,-15.15917871804,
    0.144255071459));
#2063 = CARTESIAN_POINT('',(-8.89070752972,-15.07491719164,
    9.902008847009E-02));
#2064 = CARTESIAN_POINT('',(-9.036652078575,-14.98730519221,
    6.335299591374E-02));
#2065 = CARTESIAN_POINT('',(-9.245856471225,-14.85830543264,
    2.69713010104E-02));
#2066 = CARTESIAN_POINT('',(-9.306802500679,-14.82032522941,
    1.809895875502E-02));
#2067 = CARTESIAN_POINT('',(-9.367825364684,-14.78189037175,
    1.093960339144E-02));
#2068 = CARTESIAN_POINT('',(-9.428858041375,-14.74303696606,
    5.514584182685E-03));
#2069 = CARTESIAN_POINT('',(-9.48983474818,-14.70380285661,
    1.85467228679E-03));
#2070 = CARTESIAN_POINT('',(-9.550690221305,-14.66422813555,
    2.441485407963E-18));
#2071 = CARTESIAN_POINT('',(-9.611358995225,-14.62435565298,0.));
#2072 = PCURVE('',#87,#2073);
#2073 = DEFINITIONAL_REPRESENTATION('',(#2074),#2107);
#2074 = B_SPLINE_CURVE_WITH_KNOTS('',7,(#2075,#2076,#2077,#2078,#2079,
    #2080,#2081,#2082,#2083,#2084,#2085,#2086,#2087,#2088,#2089,#2090,
    #2091,#2092,#2093,#2094,#2095,#2096,#2097,#2098,#2099,#2100,#2101,
    #2102,#2103,#2104,#2105,#2106),.UNSPECIFIED.,.F.,.F.,(8,6,6,6,6,8),(
    0.,0.11973918296,0.203521593903,0.318797580235,0.802024939082,1.),
  .UNSPECIFIED.);
#2075 = CARTESIAN_POINT('',(4.245161115933,9.));
#2076 = CARTESIAN_POINT('',(4.245161115933,8.964413906338));
#2077 = CARTESIAN_POINT('',(4.244973686913,8.928910226773));
#2078 = CARTESIAN_POINT('',(4.24460035727,8.893667541947));
#2079 = CARTESIAN_POINT('',(4.244047060718,8.858866842045));
#2080 = CARTESIAN_POINT('',(4.243324151512,8.824689728808));
#2081 = CARTESIAN_POINT('',(4.242446419677,8.791316617548));
#2082 = CARTESIAN_POINT('',(4.240724083153,8.736260237086));
#2083 = CARTESIAN_POINT('',(4.239947702323,8.714044878949));
#2084 = CARTESIAN_POINT('',(4.23910859237,8.692290241355));
#2085 = CARTESIAN_POINT('',(4.238211364111,8.671006726153));
#2086 = CARTESIAN_POINT('',(4.237260610549,8.650203760448));
#2087 = CARTESIAN_POINT('',(4.236260906877,8.629889796598));
#2088 = CARTESIAN_POINT('',(4.233780241138,8.58280549053));
#2089 = CARTESIAN_POINT('',(4.232258867796,8.55646398969));
#2090 = CARTESIAN_POINT('',(4.230662350091,8.531030232617));
#2091 = CARTESIAN_POINT('',(4.228999226847,8.506483396317));
#2092 = CARTESIAN_POINT('',(4.227276922771,8.48279984658));
#2093 = CARTESIAN_POINT('',(4.225501755148,8.459953572694));
#2094 = CARTESIAN_POINT('',(4.216037853123,8.345539556043));
#2095 = CARTESIAN_POINT('',(4.207478254068,8.266402301937));
#2096 = CARTESIAN_POINT('',(4.198409777315,8.199689685631));
#2097 = CARTESIAN_POINT('',(4.189062150644,8.144255071459));
#2098 = CARTESIAN_POINT('',(4.179527057938,8.09902008847));
#2099 = CARTESIAN_POINT('',(4.169800754365,8.063352995914));
#2100 = CARTESIAN_POINT('',(4.155756228567,8.02697130101));
#2101 = CARTESIAN_POINT('',(4.151652751224,8.018098958755));
#2102 = CARTESIAN_POINT('',(4.147531789668,8.010939603391));
#2103 = CARTESIAN_POINT('',(4.14339757023,8.005514584183));
#2104 = CARTESIAN_POINT('',(4.139254308593,8.001854672287));
#2105 = CARTESIAN_POINT('',(4.135106263106,8.));
#2106 = CARTESIAN_POINT('',(4.1309577881,8.));
#2107 = ( GEOMETRIC_REPRESENTATION_CONTEXT(2) 
PARAMETRIC_REPRESENTATION_CONTEXT() REPRESENTATION_CONTEXT('2D SPACE',''
  ) );
#2108 = PCURVE('',#2109,#2114);
#2109 = CYLINDRICAL_SURFACE('',#2110,1.);
#2110 = AXIS2_PLACEMENT_3D('',#2111,#2112,#2113);
#2111 = CARTESIAN_POINT('',(-11.,-14.62435565298,1.));
#2112 = DIRECTION('',(1.,0.,0.));
#2113 = DIRECTION('',(0.,-1.,0.));
#2114 = DEFINITIONAL_REPRESENTATION('',(#2115),#2148);
#2115 = B_SPLINE_CURVE_WITH_KNOTS('',7,(#2116,#2117,#2118,#2119,#2120,
    #2121,#2122,#2123,#2124,#2125,#2126,#2127,#2128,#2129,#2130,#2131,
    #2132,#2133,#2134,#2135,#2136,#2137,#2138,#2139,#2140,#2141,#2142,
    #2143,#2144,#2145,#2146,#2147),.UNSPECIFIED.,.F.,.F.,(8,6,6,6,6,8),(
    0.,0.11973918296,0.203521593903,0.318797580235,0.802024939082,1.),
  .UNSPECIFIED.);
#2116 = CARTESIAN_POINT('',(0.,3.117772495727));
#2117 = CARTESIAN_POINT('',(3.558609366189E-02,3.117772495727));
#2118 = CARTESIAN_POINT('',(7.108979747234E-02,3.114844084504));
#2119 = CARTESIAN_POINT('',(0.106406043268,3.109010966589));
#2120 = CARTESIAN_POINT('',(0.141426033486,3.100367811381));
#2121 = CARTESIAN_POINT('',(0.176032901953,3.089079794379));
#2122 = CARTESIAN_POINT('',(0.21009737468,3.075382138416));
#2123 = CARTESIAN_POINT('',(0.266826909173,3.048522537784));
#2124 = CARTESIAN_POINT('',(0.289875468439,3.036419607241));
#2125 = CARTESIAN_POINT('',(0.31262068924,3.023344735002));
#2126 = CARTESIAN_POINT('',(0.335062816928,3.009371454461));
#2127 = CARTESIAN_POINT('',(0.357200761421,2.99457296066));
#2128 = CARTESIAN_POINT('',(0.379032097206,2.979022110297));
#2129 = CARTESIAN_POINT('',(0.430163700806,2.940459662426));
#2130 = CARTESIAN_POINT('',(0.459202633585,2.916828951911));
#2131 = CARTESIAN_POINT('',(0.487701228757,2.892053667175));
#2132 = CARTESIAN_POINT('',(0.515689759948,2.866270318888));
#2133 = CARTESIAN_POINT('',(0.543198421617,2.839597687024));
#2134 = CARTESIAN_POINT('',(0.570258343354,2.812136956504));
#2135 = CARTESIAN_POINT('',(0.708593132261,2.665906077897));
#2136 = CARTESIAN_POINT('',(0.814166655347,2.53420748202));
#2137 = CARTESIAN_POINT('',(0.914933734136,2.395460105406));
#2138 = CARTESIAN_POINT('',(1.0120431934,2.253338208648));
#2139 = CARTESIAN_POINT('',(1.106824194058,2.10929247028));
#2140 = CARTESIAN_POINT('',(1.200828169154,1.963347921425));
#2141 = CARTESIAN_POINT('',(1.334860126887,1.754143528775));
#2142 = CARTESIAN_POINT('',(1.373822665669,1.693197499321));
#2143 = CARTESIAN_POINT('',(1.412854392736,1.632174635316));
#2144 = CARTESIAN_POINT('',(1.452011500432,1.571141958625));
#2145 = CARTESIAN_POINT('',(1.491349114883,1.51016525182));
#2146 = CARTESIAN_POINT('',(1.53092384422,1.449309778695));
#2147 = CARTESIAN_POINT('',(1.570796326795,1.388641004775));
#2148 = ( GEOMETRIC_REPRESENTATION_CONTEXT(2) 
PARAMETRIC_REPRESENTATION_CONTEXT() REPRESENTATION_CONTEXT('2D SPACE',''
  ) );
#2149 = ORIENTED_EDGE('',*,*,#2150,.F.);
#2150 = EDGE_CURVE('',#1640,#2036,#2151,.T.);
#2151 = SURFACE_CURVE('',#2152,(#2157,#2164),.PCURVE_S1.);
#2152 = CIRCLE('',#2153,17.5);
#2153 = AXIS2_PLACEMENT_3D('',#2154,#2155,#2156);
#2154 = CARTESIAN_POINT('',(0.,0.,0.));
#2155 = DIRECTION('',(0.,0.,1.));
#2156 = DIRECTION('',(1.,0.,-0.));
#2157 = PCURVE('',#87,#2158);
#2158 = DEFINITIONAL_REPRESENTATION('',(#2159),#2163);
#2159 = LINE('',#2160,#2161);
#2160 = CARTESIAN_POINT('',(0.,8.));
#2161 = VECTOR('',#2162,1.);
#2162 = DIRECTION('',(1.,0.));
#2163 = ( GEOMETRIC_REPRESENTATION_CONTEXT(2) 
PARAMETRIC_REPRESENTATION_CONTEXT() REPRESENTATION_CONTEXT('2D SPACE',''
  ) );
#2164 = PCURVE('',#2165,#2170);
#2165 = PLANE('',#2166);
#2166 = AXIS2_PLACEMENT_3D('',#2167,#2168,#2169);
#2167 = CARTESIAN_POINT('',(-11.,-15.62435565298,0.));
#2168 = DIRECTION('',(0.,0.,1.));
#2169 = DIRECTION('',(1.,0.,0.));
#2170 = DEFINITIONAL_REPRESENTATION('',(#2171),#2175);
#2171 = CIRCLE('',#2172,17.5);
#2172 = AXIS2_PLACEMENT_2D('',#2173,#2174);
#2173 = CARTESIAN_POINT('',(11.,15.624355652982));
#2174 = DIRECTION('',(1.,0.));
#2175 = ( GEOMETRIC_REPRESENTATION_CONTEXT(2) 
PARAMETRIC_REPRESENTATION_CONTEXT() REPRESENTATION_CONTEXT('2D SPACE',''
  ) );
#2176 = ADVANCED_FACE('',(#2177),#154,.F.);
#2177 = FACE_BOUND('',#2178,.F.);
#2178 = EDGE_LOOP('',(#2179,#2203,#2232,#2254));
#2179 = ORIENTED_EDGE('',*,*,#2180,.F.);
#2180 = EDGE_CURVE('',#2181,#22,#2183,.T.);
#2181 = VERTEX_POINT('',#2182);
#2182 = CARTESIAN_POINT('',(17.,-2.5,6.));
#2183 = SURFACE_CURVE('',#2184,(#2189,#2196),.PCURVE_S1.);
#2184 = CIRCLE('',#2185,1.);
#2185 = AXIS2_PLACEMENT_3D('',#2186,#2187,#2188);
#2186 = CARTESIAN_POINT('',(17.,-2.5,5.));
#2187 = DIRECTION('',(-0.,1.,0.));
#2188 = DIRECTION('',(1.,0.,0.));
#2189 = PCURVE('',#154,#2190);
#2190 = DEFINITIONAL_REPRESENTATION('',(#2191),#2195);
#2191 = LINE('',#2192,#2193);
#2192 = CARTESIAN_POINT('',(0.,-6.28318530718));
#2193 = VECTOR('',#2194,1.);
#2194 = DIRECTION('',(0.,1.));
#2195 = ( GEOMETRIC_REPRESENTATION_CONTEXT(2) 
PARAMETRIC_REPRESENTATION_CONTEXT() REPRESENTATION_CONTEXT('2D SPACE',''
  ) );
#2196 = PCURVE('',#247,#2197);
#2197 = DEFINITIONAL_REPRESENTATION('',(#2198),#2202);
#2198 = LINE('',#2199,#2200);
#2199 = CARTESIAN_POINT('',(-6.28318530718,1.));
#2200 = VECTOR('',#2201,1.);
#2201 = DIRECTION('',(1.,-0.));
#2202 = ( GEOMETRIC_REPRESENTATION_CONTEXT(2) 
PARAMETRIC_REPRESENTATION_CONTEXT() REPRESENTATION_CONTEXT('2D SPACE',''
  ) );
#2203 = ORIENTED_EDGE('',*,*,#2204,.T.);
#2204 = EDGE_CURVE('',#2181,#2205,#2207,.T.);
#2205 = VERTEX_POINT('',#2206);
#2206 = CARTESIAN_POINT('',(17.,-3.5,5.));
#2207 = SURFACE_CURVE('',#2208,(#2213,#2220),.PCURVE_S1.);
#2208 = CIRCLE('',#2209,1.);
#2209 = AXIS2_PLACEMENT_3D('',#2210,#2211,#2212);
#2210 = CARTESIAN_POINT('',(17.,-2.5,5.));
#2211 = DIRECTION('',(1.,6.123233995737E-17,0.));
#2212 = DIRECTION('',(6.123233995737E-17,-1.,0.));
#2213 = PCURVE('',#154,#2214);
#2214 = DEFINITIONAL_REPRESENTATION('',(#2215),#2219);
#2215 = LINE('',#2216,#2217);
#2216 = CARTESIAN_POINT('',(1.570796326795,-6.28318530718));
#2217 = VECTOR('',#2218,1.);
#2218 = DIRECTION('',(0.,1.));
#2219 = ( GEOMETRIC_REPRESENTATION_CONTEXT(2) 
PARAMETRIC_REPRESENTATION_CONTEXT() REPRESENTATION_CONTEXT('2D SPACE',''
  ) );
#2220 = PCURVE('',#2221,#2226);
#2221 = CYLINDRICAL_SURFACE('',#2222,1.);
#2222 = AXIS2_PLACEMENT_3D('',#2223,#2224,#2225);
#2223 = CARTESIAN_POINT('',(10.,-2.5,5.));
#2224 = DIRECTION('',(1.,0.,0.));
#2225 = DIRECTION('',(0.,-1.,0.));
#2226 = DEFINITIONAL_REPRESENTATION('',(#2227),#2231);
#2227 = LINE('',#2228,#2229);
#2228 = CARTESIAN_POINT('',(-6.28318530718,7.));
#2229 = VECTOR('',#2230,1.);
#2230 = DIRECTION('',(1.,-0.));
#2231 = ( GEOMETRIC_REPRESENTATION_CONTEXT(2) 
PARAMETRIC_REPRESENTATION_CONTEXT() REPRESENTATION_CONTEXT('2D SPACE',''
  ) );
#2232 = ORIENTED_EDGE('',*,*,#2233,.F.);
#2233 = EDGE_CURVE('',#24,#2205,#2234,.T.);
#2234 = SURFACE_CURVE('',#2235,(#2240,#2247),.PCURVE_S1.);
#2235 = CIRCLE('',#2236,1.);
#2236 = AXIS2_PLACEMENT_3D('',#2237,#2238,#2239);
#2237 = CARTESIAN_POINT('',(17.,-2.5,5.));
#2238 = DIRECTION('',(0.,0.,-1.));
#2239 = DIRECTION('',(1.,0.,0.));
#2240 = PCURVE('',#154,#2241);
#2241 = DEFINITIONAL_REPRESENTATION('',(#2242),#2246);
#2242 = LINE('',#2243,#2244);
#2243 = CARTESIAN_POINT('',(0.,0.));
#2244 = VECTOR('',#2245,1.);
#2245 = DIRECTION('',(1.,0.));
#2246 = ( GEOMETRIC_REPRESENTATION_CONTEXT(2) 
PARAMETRIC_REPRESENTATION_CONTEXT() REPRESENTATION_CONTEXT('2D SPACE',''
  ) );
#2247 = PCURVE('',#1082,#2248);
#2248 = DEFINITIONAL_REPRESENTATION('',(#2249),#2253);
#2249 = LINE('',#2250,#2251);
#2250 = CARTESIAN_POINT('',(-0.,5.));
#2251 = VECTOR('',#2252,1.);
#2252 = DIRECTION('',(-1.,0.));
#2253 = ( GEOMETRIC_REPRESENTATION_CONTEXT(2) 
PARAMETRIC_REPRESENTATION_CONTEXT() REPRESENTATION_CONTEXT('2D SPACE',''
  ) );
#2254 = ORIENTED_EDGE('',*,*,#21,.F.);
#2255 = ADVANCED_FACE('',(#2256),#1082,.F.);
#2256 = FACE_BOUND('',#2257,.T.);
#2257 = EDGE_LOOP('',(#2258,#2259,#2283,#2309));
#2258 = ORIENTED_EDGE('',*,*,#1069,.F.);
#2259 = ORIENTED_EDGE('',*,*,#2260,.T.);
#2260 = EDGE_CURVE('',#877,#2261,#2263,.T.);
#2261 = VERTEX_POINT('',#2262);
#2262 = CARTESIAN_POINT('',(17.,-3.5,1.));
#2263 = SURFACE_CURVE('',#2264,(#2269,#2276),.PCURVE_S1.);
#2264 = CIRCLE('',#2265,1.);
#2265 = AXIS2_PLACEMENT_3D('',#2266,#2267,#2268);
#2266 = CARTESIAN_POINT('',(17.,-2.5,1.));
#2267 = DIRECTION('',(0.,-0.,-1.));
#2268 = DIRECTION('',(1.,0.,-0.));
#2269 = PCURVE('',#1082,#2270);
#2270 = DEFINITIONAL_REPRESENTATION('',(#2271),#2275);
#2271 = LINE('',#2272,#2273);
#2272 = CARTESIAN_POINT('',(-0.,1.));
#2273 = VECTOR('',#2274,1.);
#2274 = DIRECTION('',(-1.,0.));
#2275 = ( GEOMETRIC_REPRESENTATION_CONTEXT(2) 
PARAMETRIC_REPRESENTATION_CONTEXT() REPRESENTATION_CONTEXT('2D SPACE',''
  ) );
#2276 = PCURVE('',#1002,#2277);
#2277 = DEFINITIONAL_REPRESENTATION('',(#2278),#2282);
#2278 = LINE('',#2279,#2280);
#2279 = CARTESIAN_POINT('',(-0.,0.));
#2280 = VECTOR('',#2281,1.);
#2281 = DIRECTION('',(-1.,0.));
#2282 = ( GEOMETRIC_REPRESENTATION_CONTEXT(2) 
PARAMETRIC_REPRESENTATION_CONTEXT() REPRESENTATION_CONTEXT('2D SPACE',''
  ) );
#2283 = ORIENTED_EDGE('',*,*,#2284,.T.);
#2284 = EDGE_CURVE('',#2261,#2205,#2285,.T.);
#2285 = SURFACE_CURVE('',#2286,(#2290,#2297),.PCURVE_S1.);
#2286 = LINE('',#2287,#2288);
#2287 = CARTESIAN_POINT('',(17.,-3.5,0.));
#2288 = VECTOR('',#2289,1.);
#2289 = DIRECTION('',(0.,0.,1.));
#2290 = PCURVE('',#1082,#2291);
#2291 = DEFINITIONAL_REPRESENTATION('',(#2292),#2296);
#2292 = LINE('',#2293,#2294);
#2293 = CARTESIAN_POINT('',(-1.570796326795,0.));
#2294 = VECTOR('',#2295,1.);
#2295 = DIRECTION('',(-0.,1.));
#2296 = ( GEOMETRIC_REPRESENTATION_CONTEXT(2) 
PARAMETRIC_REPRESENTATION_CONTEXT() REPRESENTATION_CONTEXT('2D SPACE',''
  ) );
#2297 = PCURVE('',#2298,#2303);
#2298 = PLANE('',#2299);
#2299 = AXIS2_PLACEMENT_3D('',#2300,#2301,#2302);
#2300 = CARTESIAN_POINT('',(10.,-3.5,0.));
#2301 = DIRECTION('',(0.,1.,0.));
#2302 = DIRECTION('',(0.,0.,1.));
#2303 = DEFINITIONAL_REPRESENTATION('',(#2304),#2308);
#2304 = LINE('',#2305,#2306);
#2305 = CARTESIAN_POINT('',(0.,7.));
#2306 = VECTOR('',#2307,1.);
#2307 = DIRECTION('',(1.,0.));
#2308 = ( GEOMETRIC_REPRESENTATION_CONTEXT(2) 
PARAMETRIC_REPRESENTATION_CONTEXT() REPRESENTATION_CONTEXT('2D SPACE',''
  ) );
#2309 = ORIENTED_EDGE('',*,*,#2233,.F.);
#2310 = ADVANCED_FACE('',(#2311),#1002,.F.);
#2311 = FACE_BOUND('',#2312,.T.);
#2312 = EDGE_LOOP('',(#2313,#2337,#2364,#2365));
#2313 = ORIENTED_EDGE('',*,*,#2314,.F.);
#2314 = EDGE_CURVE('',#2315,#839,#2317,.T.);
#2315 = VERTEX_POINT('',#2316);
#2316 = CARTESIAN_POINT('',(17.,-2.5,0.));
#2317 = SURFACE_CURVE('',#2318,(#2323,#2330),.PCURVE_S1.);
#2318 = CIRCLE('',#2319,1.);
#2319 = AXIS2_PLACEMENT_3D('',#2320,#2321,#2322);
#2320 = CARTESIAN_POINT('',(17.,-2.5,1.));
#2321 = DIRECTION('',(0.,-1.,0.));
#2322 = DIRECTION('',(1.,0.,0.));
#2323 = PCURVE('',#1002,#2324);
#2324 = DEFINITIONAL_REPRESENTATION('',(#2325),#2329);
#2325 = LINE('',#2326,#2327);
#2326 = CARTESIAN_POINT('',(-0.,-6.28318530718));
#2327 = VECTOR('',#2328,1.);
#2328 = DIRECTION('',(-0.,1.));
#2329 = ( GEOMETRIC_REPRESENTATION_CONTEXT(2) 
PARAMETRIC_REPRESENTATION_CONTEXT() REPRESENTATION_CONTEXT('2D SPACE',''
  ) );
#2330 = PCURVE('',#770,#2331);
#2331 = DEFINITIONAL_REPRESENTATION('',(#2332),#2336);
#2332 = LINE('',#2333,#2334);
#2333 = CARTESIAN_POINT('',(6.28318530718,1.));
#2334 = VECTOR('',#2335,1.);
#2335 = DIRECTION('',(-1.,-0.));
#2336 = ( GEOMETRIC_REPRESENTATION_CONTEXT(2) 
PARAMETRIC_REPRESENTATION_CONTEXT() REPRESENTATION_CONTEXT('2D SPACE',''
  ) );
#2337 = ORIENTED_EDGE('',*,*,#2338,.T.);
#2338 = EDGE_CURVE('',#2315,#2261,#2339,.T.);
#2339 = SURFACE_CURVE('',#2340,(#2345,#2352),.PCURVE_S1.);
#2340 = CIRCLE('',#2341,1.);
#2341 = AXIS2_PLACEMENT_3D('',#2342,#2343,#2344);
#2342 = CARTESIAN_POINT('',(17.,-2.5,1.));
#2343 = DIRECTION('',(-1.,-6.123233995737E-17,0.));
#2344 = DIRECTION('',(6.123233995737E-17,-1.,-0.));
#2345 = PCURVE('',#1002,#2346);
#2346 = DEFINITIONAL_REPRESENTATION('',(#2347),#2351);
#2347 = LINE('',#2348,#2349);
#2348 = CARTESIAN_POINT('',(-1.570796326795,-6.28318530718));
#2349 = VECTOR('',#2350,1.);
#2350 = DIRECTION('',(-0.,1.));
#2351 = ( GEOMETRIC_REPRESENTATION_CONTEXT(2) 
PARAMETRIC_REPRESENTATION_CONTEXT() REPRESENTATION_CONTEXT('2D SPACE',''
  ) );
#2352 = PCURVE('',#2353,#2358);
#2353 = CYLINDRICAL_SURFACE('',#2354,1.);
#2354 = AXIS2_PLACEMENT_3D('',#2355,#2356,#2357);
#2355 = CARTESIAN_POINT('',(10.,-2.5,1.));
#2356 = DIRECTION('',(1.,0.,0.));
#2357 = DIRECTION('',(0.,-1.,0.));
#2358 = DEFINITIONAL_REPRESENTATION('',(#2359),#2363);
#2359 = LINE('',#2360,#2361);
#2360 = CARTESIAN_POINT('',(6.28318530718,7.));
#2361 = VECTOR('',#2362,1.);
#2362 = DIRECTION('',(-1.,-0.));
#2363 = ( GEOMETRIC_REPRESENTATION_CONTEXT(2) 
PARAMETRIC_REPRESENTATION_CONTEXT() REPRESENTATION_CONTEXT('2D SPACE',''
  ) );
#2364 = ORIENTED_EDGE('',*,*,#2260,.F.);
#2365 = ORIENTED_EDGE('',*,*,#876,.T.);
#2366 = ADVANCED_FACE('',(#2367),#770,.F.);
#2367 = FACE_BOUND('',#2368,.F.);
#2368 = EDGE_LOOP('',(#2369,#2370,#2398,#2420,#2421));
#2369 = ORIENTED_EDGE('',*,*,#2314,.F.);
#2370 = ORIENTED_EDGE('',*,*,#2371,.T.);
#2371 = EDGE_CURVE('',#2315,#2372,#2374,.T.);
#2372 = VERTEX_POINT('',#2373);
#2373 = CARTESIAN_POINT('',(17.,2.5,0.));
#2374 = SURFACE_CURVE('',#2375,(#2379,#2386),.PCURVE_S1.);
#2375 = LINE('',#2376,#2377);
#2376 = CARTESIAN_POINT('',(17.,-3.5,0.));
#2377 = VECTOR('',#2378,1.);
#2378 = DIRECTION('',(0.,1.,0.));
#2379 = PCURVE('',#770,#2380);
#2380 = DEFINITIONAL_REPRESENTATION('',(#2381),#2385);
#2381 = LINE('',#2382,#2383);
#2382 = CARTESIAN_POINT('',(1.570796326795,0.));
#2383 = VECTOR('',#2384,1.);
#2384 = DIRECTION('',(0.,1.));
#2385 = ( GEOMETRIC_REPRESENTATION_CONTEXT(2) 
PARAMETRIC_REPRESENTATION_CONTEXT() REPRESENTATION_CONTEXT('2D SPACE',''
  ) );
#2386 = PCURVE('',#2387,#2392);
#2387 = PLANE('',#2388);
#2388 = AXIS2_PLACEMENT_3D('',#2389,#2390,#2391);
#2389 = CARTESIAN_POINT('',(10.,-3.5,0.));
#2390 = DIRECTION('',(0.,0.,1.));
#2391 = DIRECTION('',(1.,0.,0.));
#2392 = DEFINITIONAL_REPRESENTATION('',(#2393),#2397);
#2393 = LINE('',#2394,#2395);
#2394 = CARTESIAN_POINT('',(7.,0.));
#2395 = VECTOR('',#2396,1.);
#2396 = DIRECTION('',(0.,1.));
#2397 = ( GEOMETRIC_REPRESENTATION_CONTEXT(2) 
PARAMETRIC_REPRESENTATION_CONTEXT() REPRESENTATION_CONTEXT('2D SPACE',''
  ) );
#2398 = ORIENTED_EDGE('',*,*,#2399,.T.);
#2399 = EDGE_CURVE('',#2372,#552,#2400,.T.);
#2400 = SURFACE_CURVE('',#2401,(#2406,#2413),.PCURVE_S1.);
#2401 = CIRCLE('',#2402,1.);
#2402 = AXIS2_PLACEMENT_3D('',#2403,#2404,#2405);
#2403 = CARTESIAN_POINT('',(17.,2.5,1.));
#2404 = DIRECTION('',(0.,-1.,0.));
#2405 = DIRECTION('',(1.,0.,0.));
#2406 = PCURVE('',#770,#2407);
#2407 = DEFINITIONAL_REPRESENTATION('',(#2408),#2412);
#2408 = LINE('',#2409,#2410);
#2409 = CARTESIAN_POINT('',(6.28318530718,6.));
#2410 = VECTOR('',#2411,1.);
#2411 = DIRECTION('',(-1.,-0.));
#2412 = ( GEOMETRIC_REPRESENTATION_CONTEXT(2) 
PARAMETRIC_REPRESENTATION_CONTEXT() REPRESENTATION_CONTEXT('2D SPACE',''
  ) );
#2413 = PCURVE('',#677,#2414);
#2414 = DEFINITIONAL_REPRESENTATION('',(#2415),#2419);
#2415 = LINE('',#2416,#2417);
#2416 = CARTESIAN_POINT('',(0.,-6.28318530718));
#2417 = VECTOR('',#2418,1.);
#2418 = DIRECTION('',(0.,1.));
#2419 = ( GEOMETRIC_REPRESENTATION_CONTEXT(2) 
PARAMETRIC_REPRESENTATION_CONTEXT() REPRESENTATION_CONTEXT('2D SPACE',''
  ) );
#2420 = ORIENTED_EDGE('',*,*,#744,.F.);
#2421 = ORIENTED_EDGE('',*,*,#838,.F.);
#2422 = ADVANCED_FACE('',(#2423,#2426),#825,.F.);
#2423 = FACE_BOUND('',#2424,.F.);
#2424 = EDGE_LOOP('',(#2425));
#2425 = ORIENTED_EDGE('',*,*,#810,.T.);
#2426 = FACE_BOUND('',#2427,.F.);
#2427 = EDGE_LOOP('',(#2428));
#2428 = ORIENTED_EDGE('',*,*,#2429,.F.);
#2429 = EDGE_CURVE('',#2430,#2430,#2432,.T.);
#2430 = VERTEX_POINT('',#2431);
#2431 = CARTESIAN_POINT('',(12.,-2.939152317954E-15,-8.));
#2432 = SURFACE_CURVE('',#2433,(#2438,#2445),.PCURVE_S1.);
#2433 = CIRCLE('',#2434,12.);
#2434 = AXIS2_PLACEMENT_3D('',#2435,#2436,#2437);
#2435 = CARTESIAN_POINT('',(0.,0.,-8.));
#2436 = DIRECTION('',(0.,0.,1.));
#2437 = DIRECTION('',(1.,0.,-0.));
#2438 = PCURVE('',#825,#2439);
#2439 = DEFINITIONAL_REPRESENTATION('',(#2440),#2444);
#2440 = CIRCLE('',#2441,12.);
#2441 = AXIS2_PLACEMENT_2D('',#2442,#2443);
#2442 = CARTESIAN_POINT('',(0.,0.));
#2443 = DIRECTION('',(1.,0.));
#2444 = ( GEOMETRIC_REPRESENTATION_CONTEXT(2) 
PARAMETRIC_REPRESENTATION_CONTEXT() REPRESENTATION_CONTEXT('2D SPACE',''
  ) );
#2445 = PCURVE('',#2446,#2451);
#2446 = CYLINDRICAL_SURFACE('',#2447,12.);
#2447 = AXIS2_PLACEMENT_3D('',#2448,#2449,#2450);
#2448 = CARTESIAN_POINT('',(0.,0.,-9.));
#2449 = DIRECTION('',(0.,0.,1.));
#2450 = DIRECTION('',(1.,0.,-0.));
#2451 = DEFINITIONAL_REPRESENTATION('',(#2452),#2456);
#2452 = LINE('',#2453,#2454);
#2453 = CARTESIAN_POINT('',(0.,1.));
#2454 = VECTOR('',#2455,1.);
#2455 = DIRECTION('',(1.,0.));
#2456 = ( GEOMETRIC_REPRESENTATION_CONTEXT(2) 
PARAMETRIC_REPRESENTATION_CONTEXT() REPRESENTATION_CONTEXT('2D SPACE',''
  ) );
#2457 = ADVANCED_FACE('',(#2458),#677,.F.);
#2458 = FACE_BOUND('',#2459,.F.);
#2459 = EDGE_LOOP('',(#2460,#2461,#2490,#2512));
#2460 = ORIENTED_EDGE('',*,*,#2399,.F.);
#2461 = ORIENTED_EDGE('',*,*,#2462,.T.);
#2462 = EDGE_CURVE('',#2372,#2463,#2465,.T.);
#2463 = VERTEX_POINT('',#2464);
#2464 = CARTESIAN_POINT('',(17.,3.5,1.));
#2465 = SURFACE_CURVE('',#2466,(#2471,#2478),.PCURVE_S1.);
#2466 = CIRCLE('',#2467,1.);
#2467 = AXIS2_PLACEMENT_3D('',#2468,#2469,#2470);
#2468 = CARTESIAN_POINT('',(17.,2.5,1.));
#2469 = DIRECTION('',(1.,-6.123233995737E-17,0.));
#2470 = DIRECTION('',(6.123233995737E-17,1.,0.));
#2471 = PCURVE('',#677,#2472);
#2472 = DEFINITIONAL_REPRESENTATION('',(#2473),#2477);
#2473 = LINE('',#2474,#2475);
#2474 = CARTESIAN_POINT('',(1.570796326795,-6.28318530718));
#2475 = VECTOR('',#2476,1.);
#2476 = DIRECTION('',(0.,1.));
#2477 = ( GEOMETRIC_REPRESENTATION_CONTEXT(2) 
PARAMETRIC_REPRESENTATION_CONTEXT() REPRESENTATION_CONTEXT('2D SPACE',''
  ) );
#2478 = PCURVE('',#2479,#2484);
#2479 = CYLINDRICAL_SURFACE('',#2480,1.);
#2480 = AXIS2_PLACEMENT_3D('',#2481,#2482,#2483);
#2481 = CARTESIAN_POINT('',(10.,2.5,1.));
#2482 = DIRECTION('',(1.,0.,0.));
#2483 = DIRECTION('',(-0.,1.,0.));
#2484 = DEFINITIONAL_REPRESENTATION('',(#2485),#2489);
#2485 = LINE('',#2486,#2487);
#2486 = CARTESIAN_POINT('',(-6.28318530718,7.));
#2487 = VECTOR('',#2488,1.);
#2488 = DIRECTION('',(1.,-0.));
#2489 = ( GEOMETRIC_REPRESENTATION_CONTEXT(2) 
PARAMETRIC_REPRESENTATION_CONTEXT() REPRESENTATION_CONTEXT('2D SPACE',''
  ) );
#2490 = ORIENTED_EDGE('',*,*,#2491,.F.);
#2491 = EDGE_CURVE('',#526,#2463,#2492,.T.);
#2492 = SURFACE_CURVE('',#2493,(#2498,#2505),.PCURVE_S1.);
#2493 = CIRCLE('',#2494,1.);
#2494 = AXIS2_PLACEMENT_3D('',#2495,#2496,#2497);
#2495 = CARTESIAN_POINT('',(17.,2.5,1.));
#2496 = DIRECTION('',(0.,0.,1.));
#2497 = DIRECTION('',(1.,0.,-0.));
#2498 = PCURVE('',#677,#2499);
#2499 = DEFINITIONAL_REPRESENTATION('',(#2500),#2504);
#2500 = LINE('',#2501,#2502);
#2501 = CARTESIAN_POINT('',(0.,0.));
#2502 = VECTOR('',#2503,1.);
#2503 = DIRECTION('',(1.,0.));
#2504 = ( GEOMETRIC_REPRESENTATION_CONTEXT(2) 
PARAMETRIC_REPRESENTATION_CONTEXT() REPRESENTATION_CONTEXT('2D SPACE',''
  ) );
#2505 = PCURVE('',#540,#2506);
#2506 = DEFINITIONAL_REPRESENTATION('',(#2507),#2511);
#2507 = LINE('',#2508,#2509);
#2508 = CARTESIAN_POINT('',(0.,1.));
#2509 = VECTOR('',#2510,1.);
#2510 = DIRECTION('',(1.,0.));
#2511 = ( GEOMETRIC_REPRESENTATION_CONTEXT(2) 
PARAMETRIC_REPRESENTATION_CONTEXT() REPRESENTATION_CONTEXT('2D SPACE',''
  ) );
#2512 = ORIENTED_EDGE('',*,*,#551,.F.);
#2513 = ADVANCED_FACE('',(#2514),#540,.F.);
#2514 = FACE_BOUND('',#2515,.F.);
#2515 = EDGE_LOOP('',(#2516,#2517,#2518,#2546));
#2516 = ORIENTED_EDGE('',*,*,#525,.F.);
#2517 = ORIENTED_EDGE('',*,*,#2491,.T.);
#2518 = ORIENTED_EDGE('',*,*,#2519,.T.);
#2519 = EDGE_CURVE('',#2463,#2520,#2522,.T.);
#2520 = VERTEX_POINT('',#2521);
#2521 = CARTESIAN_POINT('',(17.,3.5,5.));
#2522 = SURFACE_CURVE('',#2523,(#2527,#2534),.PCURVE_S1.);
#2523 = LINE('',#2524,#2525);
#2524 = CARTESIAN_POINT('',(17.,3.5,0.));
#2525 = VECTOR('',#2526,1.);
#2526 = DIRECTION('',(0.,0.,1.));
#2527 = PCURVE('',#540,#2528);
#2528 = DEFINITIONAL_REPRESENTATION('',(#2529),#2533);
#2529 = LINE('',#2530,#2531);
#2530 = CARTESIAN_POINT('',(1.570796326795,0.));
#2531 = VECTOR('',#2532,1.);
#2532 = DIRECTION('',(0.,1.));
#2533 = ( GEOMETRIC_REPRESENTATION_CONTEXT(2) 
PARAMETRIC_REPRESENTATION_CONTEXT() REPRESENTATION_CONTEXT('2D SPACE',''
  ) );
#2534 = PCURVE('',#2535,#2540);
#2535 = PLANE('',#2536);
#2536 = AXIS2_PLACEMENT_3D('',#2537,#2538,#2539);
#2537 = CARTESIAN_POINT('',(10.,3.5,0.));
#2538 = DIRECTION('',(0.,1.,0.));
#2539 = DIRECTION('',(0.,0.,1.));
#2540 = DEFINITIONAL_REPRESENTATION('',(#2541),#2545);
#2541 = LINE('',#2542,#2543);
#2542 = CARTESIAN_POINT('',(0.,7.));
#2543 = VECTOR('',#2544,1.);
#2544 = DIRECTION('',(1.,0.));
#2545 = ( GEOMETRIC_REPRESENTATION_CONTEXT(2) 
PARAMETRIC_REPRESENTATION_CONTEXT() REPRESENTATION_CONTEXT('2D SPACE',''
  ) );
#2546 = ORIENTED_EDGE('',*,*,#2547,.T.);
#2547 = EDGE_CURVE('',#2520,#354,#2548,.T.);
#2548 = SURFACE_CURVE('',#2549,(#2554,#2561),.PCURVE_S1.);
#2549 = CIRCLE('',#2550,1.);
#2550 = AXIS2_PLACEMENT_3D('',#2551,#2552,#2553);
#2551 = CARTESIAN_POINT('',(17.,2.5,5.));
#2552 = DIRECTION('',(0.,0.,-1.));
#2553 = DIRECTION('',(1.,0.,0.));
#2554 = PCURVE('',#540,#2555);
#2555 = DEFINITIONAL_REPRESENTATION('',(#2556),#2560);
#2556 = LINE('',#2557,#2558);
#2557 = CARTESIAN_POINT('',(6.28318530718,5.));
#2558 = VECTOR('',#2559,1.);
#2559 = DIRECTION('',(-1.,-0.));
#2560 = ( GEOMETRIC_REPRESENTATION_CONTEXT(2) 
PARAMETRIC_REPRESENTATION_CONTEXT() REPRESENTATION_CONTEXT('2D SPACE',''
  ) );
#2561 = PCURVE('',#465,#2562);
#2562 = DEFINITIONAL_REPRESENTATION('',(#2563),#2567);
#2563 = LINE('',#2564,#2565);
#2564 = CARTESIAN_POINT('',(0.,-6.28318530718));
#2565 = VECTOR('',#2566,1.);
#2566 = DIRECTION('',(0.,1.));
#2567 = ( GEOMETRIC_REPRESENTATION_CONTEXT(2) 
PARAMETRIC_REPRESENTATION_CONTEXT() REPRESENTATION_CONTEXT('2D SPACE',''
  ) );
#2568 = ADVANCED_FACE('',(#2569),#465,.F.);
#2569 = FACE_BOUND('',#2570,.F.);
#2570 = EDGE_LOOP('',(#2571,#2572,#2601,#2623));
#2571 = ORIENTED_EDGE('',*,*,#2547,.F.);
#2572 = ORIENTED_EDGE('',*,*,#2573,.T.);
#2573 = EDGE_CURVE('',#2520,#2574,#2576,.T.);
#2574 = VERTEX_POINT('',#2575);
#2575 = CARTESIAN_POINT('',(17.,2.5,6.));
#2576 = SURFACE_CURVE('',#2577,(#2582,#2589),.PCURVE_S1.);
#2577 = CIRCLE('',#2578,1.);
#2578 = AXIS2_PLACEMENT_3D('',#2579,#2580,#2581);
#2579 = CARTESIAN_POINT('',(17.,2.5,5.));
#2580 = DIRECTION('',(1.,0.,-6.123233995737E-17));
#2581 = DIRECTION('',(6.123233995737E-17,0.,1.));
#2582 = PCURVE('',#465,#2583);
#2583 = DEFINITIONAL_REPRESENTATION('',(#2584),#2588);
#2584 = LINE('',#2585,#2586);
#2585 = CARTESIAN_POINT('',(1.570796326795,-6.28318530718));
#2586 = VECTOR('',#2587,1.);
#2587 = DIRECTION('',(0.,1.));
#2588 = ( GEOMETRIC_REPRESENTATION_CONTEXT(2) 
PARAMETRIC_REPRESENTATION_CONTEXT() REPRESENTATION_CONTEXT('2D SPACE',''
  ) );
#2589 = PCURVE('',#2590,#2595);
#2590 = CYLINDRICAL_SURFACE('',#2591,1.);
#2591 = AXIS2_PLACEMENT_3D('',#2592,#2593,#2594);
#2592 = CARTESIAN_POINT('',(10.,2.5,5.));
#2593 = DIRECTION('',(1.,0.,0.));
#2594 = DIRECTION('',(-0.,1.,0.));
#2595 = DEFINITIONAL_REPRESENTATION('',(#2596),#2600);
#2596 = LINE('',#2597,#2598);
#2597 = CARTESIAN_POINT('',(-4.712388980385,7.));
#2598 = VECTOR('',#2599,1.);
#2599 = DIRECTION('',(1.,0.));
#2600 = ( GEOMETRIC_REPRESENTATION_CONTEXT(2) 
PARAMETRIC_REPRESENTATION_CONTEXT() REPRESENTATION_CONTEXT('2D SPACE',''
  ) );
#2601 = ORIENTED_EDGE('',*,*,#2602,.F.);
#2602 = EDGE_CURVE('',#316,#2574,#2603,.T.);
#2603 = SURFACE_CURVE('',#2604,(#2609,#2616),.PCURVE_S1.);
#2604 = CIRCLE('',#2605,1.);
#2605 = AXIS2_PLACEMENT_3D('',#2606,#2607,#2608);
#2606 = CARTESIAN_POINT('',(17.,2.5,5.));
#2607 = DIRECTION('',(-0.,-1.,0.));
#2608 = DIRECTION('',(1.,-0.,0.));
#2609 = PCURVE('',#465,#2610);
#2610 = DEFINITIONAL_REPRESENTATION('',(#2611),#2615);
#2611 = LINE('',#2612,#2613);
#2612 = CARTESIAN_POINT('',(0.,0.));
#2613 = VECTOR('',#2614,1.);
#2614 = DIRECTION('',(1.,0.));
#2615 = ( GEOMETRIC_REPRESENTATION_CONTEXT(2) 
PARAMETRIC_REPRESENTATION_CONTEXT() REPRESENTATION_CONTEXT('2D SPACE',''
  ) );
#2616 = PCURVE('',#247,#2617);
#2617 = DEFINITIONAL_REPRESENTATION('',(#2618),#2622);
#2618 = LINE('',#2619,#2620);
#2619 = CARTESIAN_POINT('',(-0.,6.));
#2620 = VECTOR('',#2621,1.);
#2621 = DIRECTION('',(-1.,0.));
#2622 = ( GEOMETRIC_REPRESENTATION_CONTEXT(2) 
PARAMETRIC_REPRESENTATION_CONTEXT() REPRESENTATION_CONTEXT('2D SPACE',''
  ) );
#2623 = ORIENTED_EDGE('',*,*,#353,.F.);
#2624 = ADVANCED_FACE('',(#2625),#247,.F.);
#2625 = FACE_BOUND('',#2626,.T.);
#2626 = EDGE_LOOP('',(#2627,#2628,#2654,#2655,#2656));
#2627 = ORIENTED_EDGE('',*,*,#2180,.F.);
#2628 = ORIENTED_EDGE('',*,*,#2629,.T.);
#2629 = EDGE_CURVE('',#2181,#2574,#2630,.T.);
#2630 = SURFACE_CURVE('',#2631,(#2635,#2642),.PCURVE_S1.);
#2631 = LINE('',#2632,#2633);
#2632 = CARTESIAN_POINT('',(17.,-3.5,6.));
#2633 = VECTOR('',#2634,1.);
#2634 = DIRECTION('',(0.,1.,0.));
#2635 = PCURVE('',#247,#2636);
#2636 = DEFINITIONAL_REPRESENTATION('',(#2637),#2641);
#2637 = LINE('',#2638,#2639);
#2638 = CARTESIAN_POINT('',(-1.570796326795,0.));
#2639 = VECTOR('',#2640,1.);
#2640 = DIRECTION('',(-0.,1.));
#2641 = ( GEOMETRIC_REPRESENTATION_CONTEXT(2) 
PARAMETRIC_REPRESENTATION_CONTEXT() REPRESENTATION_CONTEXT('2D SPACE',''
  ) );
#2642 = PCURVE('',#2643,#2648);
#2643 = PLANE('',#2644);
#2644 = AXIS2_PLACEMENT_3D('',#2645,#2646,#2647);
#2645 = CARTESIAN_POINT('',(10.,-3.5,6.));
#2646 = DIRECTION('',(0.,0.,1.));
#2647 = DIRECTION('',(1.,0.,0.));
#2648 = DEFINITIONAL_REPRESENTATION('',(#2649),#2653);
#2649 = LINE('',#2650,#2651);
#2650 = CARTESIAN_POINT('',(7.,0.));
#2651 = VECTOR('',#2652,1.);
#2652 = DIRECTION('',(0.,1.));
#2653 = ( GEOMETRIC_REPRESENTATION_CONTEXT(2) 
PARAMETRIC_REPRESENTATION_CONTEXT() REPRESENTATION_CONTEXT('2D SPACE',''
  ) );
#2654 = ORIENTED_EDGE('',*,*,#2602,.F.);
#2655 = ORIENTED_EDGE('',*,*,#315,.F.);
#2656 = ORIENTED_EDGE('',*,*,#221,.F.);
#2657 = ADVANCED_FACE('',(#2658,#2661),#302,.T.);
#2658 = FACE_BOUND('',#2659,.T.);
#2659 = EDGE_LOOP('',(#2660));
#2660 = ORIENTED_EDGE('',*,*,#287,.T.);
#2661 = FACE_BOUND('',#2662,.T.);
#2662 = EDGE_LOOP('',(#2663));
#2663 = ORIENTED_EDGE('',*,*,#2664,.F.);
#2664 = EDGE_CURVE('',#2665,#2665,#2667,.T.);
#2665 = VERTEX_POINT('',#2666);
#2666 = CARTESIAN_POINT('',(12.,-2.939152317954E-15,8.));
#2667 = SURFACE_CURVE('',#2668,(#2673,#2680),.PCURVE_S1.);
#2668 = CIRCLE('',#2669,12.);
#2669 = AXIS2_PLACEMENT_3D('',#2670,#2671,#2672);
#2670 = CARTESIAN_POINT('',(0.,0.,8.));
#2671 = DIRECTION('',(0.,0.,1.));
#2672 = DIRECTION('',(1.,0.,-0.));
#2673 = PCURVE('',#302,#2674);
#2674 = DEFINITIONAL_REPRESENTATION('',(#2675),#2679);
#2675 = CIRCLE('',#2676,12.);
#2676 = AXIS2_PLACEMENT_2D('',#2677,#2678);
#2677 = CARTESIAN_POINT('',(0.,0.));
#2678 = DIRECTION('',(1.,0.));
#2679 = ( GEOMETRIC_REPRESENTATION_CONTEXT(2) 
PARAMETRIC_REPRESENTATION_CONTEXT() REPRESENTATION_CONTEXT('2D SPACE',''
  ) );
#2680 = PCURVE('',#2446,#2681);
#2681 = DEFINITIONAL_REPRESENTATION('',(#2682),#2686);
#2682 = LINE('',#2683,#2684);
#2683 = CARTESIAN_POINT('',(0.,17.));
#2684 = VECTOR('',#2685,1.);
#2685 = DIRECTION('',(1.,0.));
#2686 = ( GEOMETRIC_REPRESENTATION_CONTEXT(2) 
PARAMETRIC_REPRESENTATION_CONTEXT() REPRESENTATION_CONTEXT('2D SPACE',''
  ) );
#2687 = ADVANCED_FACE('',(#2688),#1112,.T.);
#2688 = FACE_BOUND('',#2689,.T.);
#2689 = EDGE_LOOP('',(#2690,#2720,#2741,#2742));
#2690 = ORIENTED_EDGE('',*,*,#2691,.F.);
#2691 = EDGE_CURVE('',#2692,#2694,#2696,.T.);
#2692 = VERTEX_POINT('',#2693);
#2693 = CARTESIAN_POINT('',(-11.,9.624355652982,1.));
#2694 = VERTEX_POINT('',#2695);
#2695 = CARTESIAN_POINT('',(-11.,9.624355652982,5.));
#2696 = SURFACE_CURVE('',#2697,(#2701,#2708),.PCURVE_S1.);
#2697 = LINE('',#2698,#2699);
#2698 = CARTESIAN_POINT('',(-11.,9.624355652982,0.));
#2699 = VECTOR('',#2700,1.);
#2700 = DIRECTION('',(0.,0.,1.));
#2701 = PCURVE('',#1112,#2702);
#2702 = DEFINITIONAL_REPRESENTATION('',(#2703),#2707);
#2703 = LINE('',#2704,#2705);
#2704 = CARTESIAN_POINT('',(0.,-1.));
#2705 = VECTOR('',#2706,1.);
#2706 = DIRECTION('',(1.,0.));
#2707 = ( GEOMETRIC_REPRESENTATION_CONTEXT(2) 
PARAMETRIC_REPRESENTATION_CONTEXT() REPRESENTATION_CONTEXT('2D SPACE',''
  ) );
#2708 = PCURVE('',#2709,#2714);
#2709 = CYLINDRICAL_SURFACE('',#2710,1.);
#2710 = AXIS2_PLACEMENT_3D('',#2711,#2712,#2713);
#2711 = CARTESIAN_POINT('',(-10.,9.624355652982,0.));
#2712 = DIRECTION('',(0.,0.,1.));
#2713 = DIRECTION('',(-1.,-0.,0.));
#2714 = DEFINITIONAL_REPRESENTATION('',(#2715),#2719);
#2715 = LINE('',#2716,#2717);
#2716 = CARTESIAN_POINT('',(0.,0.));
#2717 = VECTOR('',#2718,1.);
#2718 = DIRECTION('',(0.,1.));
#2719 = ( GEOMETRIC_REPRESENTATION_CONTEXT(2) 
PARAMETRIC_REPRESENTATION_CONTEXT() REPRESENTATION_CONTEXT('2D SPACE',''
  ) );
#2720 = ORIENTED_EDGE('',*,*,#2721,.T.);
#2721 = EDGE_CURVE('',#2692,#1096,#2722,.T.);
#2722 = SURFACE_CURVE('',#2723,(#2727,#2734),.PCURVE_S1.);
#2723 = LINE('',#2724,#2725);
#2724 = CARTESIAN_POINT('',(-11.,8.624355652982,1.));
#2725 = VECTOR('',#2726,1.);
#2726 = DIRECTION('',(0.,1.,0.));
#2727 = PCURVE('',#1112,#2728);
#2728 = DEFINITIONAL_REPRESENTATION('',(#2729),#2733);
#2729 = LINE('',#2730,#2731);
#2730 = CARTESIAN_POINT('',(1.,0.));
#2731 = VECTOR('',#2732,1.);
#2732 = DIRECTION('',(0.,-1.));
#2733 = ( GEOMETRIC_REPRESENTATION_CONTEXT(2) 
PARAMETRIC_REPRESENTATION_CONTEXT() REPRESENTATION_CONTEXT('2D SPACE',''
  ) );
#2734 = PCURVE('',#1187,#2735);
#2735 = DEFINITIONAL_REPRESENTATION('',(#2736),#2740);
#2736 = LINE('',#2737,#2738);
#2737 = CARTESIAN_POINT('',(-0.,0.));
#2738 = VECTOR('',#2739,1.);
#2739 = DIRECTION('',(-0.,1.));
#2740 = ( GEOMETRIC_REPRESENTATION_CONTEXT(2) 
PARAMETRIC_REPRESENTATION_CONTEXT() REPRESENTATION_CONTEXT('2D SPACE',''
  ) );
#2741 = ORIENTED_EDGE('',*,*,#1095,.T.);
#2742 = ORIENTED_EDGE('',*,*,#2743,.F.);
#2743 = EDGE_CURVE('',#2694,#1098,#2744,.T.);
#2744 = SURFACE_CURVE('',#2745,(#2749,#2756),.PCURVE_S1.);
#2745 = LINE('',#2746,#2747);
#2746 = CARTESIAN_POINT('',(-11.,8.624355652982,5.));
#2747 = VECTOR('',#2748,1.);
#2748 = DIRECTION('',(0.,1.,0.));
#2749 = PCURVE('',#1112,#2750);
#2750 = DEFINITIONAL_REPRESENTATION('',(#2751),#2755);
#2751 = LINE('',#2752,#2753);
#2752 = CARTESIAN_POINT('',(5.,0.));
#2753 = VECTOR('',#2754,1.);
#2754 = DIRECTION('',(0.,-1.));
#2755 = ( GEOMETRIC_REPRESENTATION_CONTEXT(2) 
PARAMETRIC_REPRESENTATION_CONTEXT() REPRESENTATION_CONTEXT('2D SPACE',''
  ) );
#2756 = PCURVE('',#1599,#2757);
#2757 = DEFINITIONAL_REPRESENTATION('',(#2758),#2762);
#2758 = LINE('',#2759,#2760);
#2759 = CARTESIAN_POINT('',(0.,0.));
#2760 = VECTOR('',#2761,1.);
#2761 = DIRECTION('',(0.,1.));
#2762 = ( GEOMETRIC_REPRESENTATION_CONTEXT(2) 
PARAMETRIC_REPRESENTATION_CONTEXT() REPRESENTATION_CONTEXT('2D SPACE',''
  ) );
#2763 = ADVANCED_FACE('',(#2764),#1187,.F.);
#2764 = FACE_BOUND('',#2765,.T.);
#2765 = EDGE_LOOP('',(#2766,#2795,#2816,#2817));
#2766 = ORIENTED_EDGE('',*,*,#2767,.F.);
#2767 = EDGE_CURVE('',#2768,#2692,#2770,.T.);
#2768 = VERTEX_POINT('',#2769);
#2769 = CARTESIAN_POINT('',(-10.,9.624355652982,0.));
#2770 = SURFACE_CURVE('',#2771,(#2776,#2783),.PCURVE_S1.);
#2771 = CIRCLE('',#2772,1.);
#2772 = AXIS2_PLACEMENT_3D('',#2773,#2774,#2775);
#2773 = CARTESIAN_POINT('',(-10.,9.624355652982,1.));
#2774 = DIRECTION('',(0.,1.,-0.));
#2775 = DIRECTION('',(-1.,0.,0.));
#2776 = PCURVE('',#1187,#2777);
#2777 = DEFINITIONAL_REPRESENTATION('',(#2778),#2782);
#2778 = LINE('',#2779,#2780);
#2779 = CARTESIAN_POINT('',(-6.28318530718,1.));
#2780 = VECTOR('',#2781,1.);
#2781 = DIRECTION('',(1.,-0.));
#2782 = ( GEOMETRIC_REPRESENTATION_CONTEXT(2) 
PARAMETRIC_REPRESENTATION_CONTEXT() REPRESENTATION_CONTEXT('2D SPACE',''
  ) );
#2783 = PCURVE('',#2784,#2789);
#2784 = SPHERICAL_SURFACE('',#2785,1.);
#2785 = AXIS2_PLACEMENT_3D('',#2786,#2787,#2788);
#2786 = CARTESIAN_POINT('',(-10.,9.624355652982,1.));
#2787 = DIRECTION('',(0.,0.,1.));
#2788 = DIRECTION('',(-1.,0.,0.));
#2789 = DEFINITIONAL_REPRESENTATION('',(#2790),#2794);
#2790 = LINE('',#2791,#2792);
#2791 = CARTESIAN_POINT('',(0.,-6.28318530718));
#2792 = VECTOR('',#2793,1.);
#2793 = DIRECTION('',(0.,1.));
#2794 = ( GEOMETRIC_REPRESENTATION_CONTEXT(2) 
PARAMETRIC_REPRESENTATION_CONTEXT() REPRESENTATION_CONTEXT('2D SPACE',''
  ) );
#2795 = ORIENTED_EDGE('',*,*,#2796,.T.);
#2796 = EDGE_CURVE('',#2768,#1124,#2797,.T.);
#2797 = SURFACE_CURVE('',#2798,(#2802,#2809),.PCURVE_S1.);
#2798 = LINE('',#2799,#2800);
#2799 = CARTESIAN_POINT('',(-10.,8.624355652982,0.));
#2800 = VECTOR('',#2801,1.);
#2801 = DIRECTION('',(0.,1.,0.));
#2802 = PCURVE('',#1187,#2803);
#2803 = DEFINITIONAL_REPRESENTATION('',(#2804),#2808);
#2804 = LINE('',#2805,#2806);
#2805 = CARTESIAN_POINT('',(-1.570796326795,0.));
#2806 = VECTOR('',#2807,1.);
#2807 = DIRECTION('',(-0.,1.));
#2808 = ( GEOMETRIC_REPRESENTATION_CONTEXT(2) 
PARAMETRIC_REPRESENTATION_CONTEXT() REPRESENTATION_CONTEXT('2D SPACE',''
  ) );
#2809 = PCURVE('',#1240,#2810);
#2810 = DEFINITIONAL_REPRESENTATION('',(#2811),#2815);
#2811 = LINE('',#2812,#2813);
#2812 = CARTESIAN_POINT('',(1.,0.));
#2813 = VECTOR('',#2814,1.);
#2814 = DIRECTION('',(0.,1.));
#2815 = ( GEOMETRIC_REPRESENTATION_CONTEXT(2) 
PARAMETRIC_REPRESENTATION_CONTEXT() REPRESENTATION_CONTEXT('2D SPACE',''
  ) );
#2816 = ORIENTED_EDGE('',*,*,#1123,.F.);
#2817 = ORIENTED_EDGE('',*,*,#2721,.F.);
#2818 = ADVANCED_FACE('',(#2819),#1599,.F.);
#2819 = FACE_BOUND('',#2820,.F.);
#2820 = EDGE_LOOP('',(#2821,#2850,#2871,#2872));
#2821 = ORIENTED_EDGE('',*,*,#2822,.F.);
#2822 = EDGE_CURVE('',#2823,#2694,#2825,.T.);
#2823 = VERTEX_POINT('',#2824);
#2824 = CARTESIAN_POINT('',(-10.,9.624355652982,6.));
#2825 = SURFACE_CURVE('',#2826,(#2831,#2838),.PCURVE_S1.);
#2826 = CIRCLE('',#2827,1.);
#2827 = AXIS2_PLACEMENT_3D('',#2828,#2829,#2830);
#2828 = CARTESIAN_POINT('',(-10.,9.624355652982,5.));
#2829 = DIRECTION('',(0.,-1.,0.));
#2830 = DIRECTION('',(-1.,0.,0.));
#2831 = PCURVE('',#1599,#2832);
#2832 = DEFINITIONAL_REPRESENTATION('',(#2833),#2837);
#2833 = LINE('',#2834,#2835);
#2834 = CARTESIAN_POINT('',(6.28318530718,1.));
#2835 = VECTOR('',#2836,1.);
#2836 = DIRECTION('',(-1.,-0.));
#2837 = ( GEOMETRIC_REPRESENTATION_CONTEXT(2) 
PARAMETRIC_REPRESENTATION_CONTEXT() REPRESENTATION_CONTEXT('2D SPACE',''
  ) );
#2838 = PCURVE('',#2839,#2844);
#2839 = SPHERICAL_SURFACE('',#2840,1.);
#2840 = AXIS2_PLACEMENT_3D('',#2841,#2842,#2843);
#2841 = CARTESIAN_POINT('',(-10.,9.624355652982,5.));
#2842 = DIRECTION('',(-0.,-0.,-1.));
#2843 = DIRECTION('',(-1.,0.,0.));
#2844 = DEFINITIONAL_REPRESENTATION('',(#2845),#2849);
#2845 = LINE('',#2846,#2847);
#2846 = CARTESIAN_POINT('',(-0.,-6.28318530718));
#2847 = VECTOR('',#2848,1.);
#2848 = DIRECTION('',(-0.,1.));
#2849 = ( GEOMETRIC_REPRESENTATION_CONTEXT(2) 
PARAMETRIC_REPRESENTATION_CONTEXT() REPRESENTATION_CONTEXT('2D SPACE',''
  ) );
#2850 = ORIENTED_EDGE('',*,*,#2851,.T.);
#2851 = EDGE_CURVE('',#2823,#1509,#2852,.T.);
#2852 = SURFACE_CURVE('',#2853,(#2857,#2864),.PCURVE_S1.);
#2853 = LINE('',#2854,#2855);
#2854 = CARTESIAN_POINT('',(-10.,8.624355652982,6.));
#2855 = VECTOR('',#2856,1.);
#2856 = DIRECTION('',(0.,1.,0.));
#2857 = PCURVE('',#1599,#2858);
#2858 = DEFINITIONAL_REPRESENTATION('',(#2859),#2863);
#2859 = LINE('',#2860,#2861);
#2860 = CARTESIAN_POINT('',(1.570796326795,0.));
#2861 = VECTOR('',#2862,1.);
#2862 = DIRECTION('',(0.,1.));
#2863 = ( GEOMETRIC_REPRESENTATION_CONTEXT(2) 
PARAMETRIC_REPRESENTATION_CONTEXT() REPRESENTATION_CONTEXT('2D SPACE',''
  ) );
#2864 = PCURVE('',#1525,#2865);
#2865 = DEFINITIONAL_REPRESENTATION('',(#2866),#2870);
#2866 = LINE('',#2867,#2868);
#2867 = CARTESIAN_POINT('',(1.,0.));
#2868 = VECTOR('',#2869,1.);
#2869 = DIRECTION('',(0.,1.));
#2870 = ( GEOMETRIC_REPRESENTATION_CONTEXT(2) 
PARAMETRIC_REPRESENTATION_CONTEXT() REPRESENTATION_CONTEXT('2D SPACE',''
  ) );
#2871 = ORIENTED_EDGE('',*,*,#1537,.F.);
#2872 = ORIENTED_EDGE('',*,*,#2743,.F.);
#2873 = ADVANCED_FACE('',(#2874),#1240,.T.);
#2874 = FACE_BOUND('',#2875,.T.);
#2875 = EDGE_LOOP('',(#2876,#2877,#2905,#2929,#2957,#2978));
#2876 = ORIENTED_EDGE('',*,*,#2796,.F.);
#2877 = ORIENTED_EDGE('',*,*,#2878,.T.);
#2878 = EDGE_CURVE('',#2768,#2879,#2881,.T.);
#2879 = VERTEX_POINT('',#2880);
#2880 = CARTESIAN_POINT('',(-7.167410848062,9.624355652982,0.));
#2881 = SURFACE_CURVE('',#2882,(#2886,#2893),.PCURVE_S1.);
#2882 = LINE('',#2883,#2884);
#2883 = CARTESIAN_POINT('',(-11.,9.624355652982,0.));
#2884 = VECTOR('',#2885,1.);
#2885 = DIRECTION('',(1.,0.,0.));
#2886 = PCURVE('',#1240,#2887);
#2887 = DEFINITIONAL_REPRESENTATION('',(#2888),#2892);
#2888 = LINE('',#2889,#2890);
#2889 = CARTESIAN_POINT('',(0.,1.));
#2890 = VECTOR('',#2891,1.);
#2891 = DIRECTION('',(1.,0.));
#2892 = ( GEOMETRIC_REPRESENTATION_CONTEXT(2) 
PARAMETRIC_REPRESENTATION_CONTEXT() REPRESENTATION_CONTEXT('2D SPACE',''
  ) );
#2893 = PCURVE('',#2894,#2899);
#2894 = CYLINDRICAL_SURFACE('',#2895,1.);
#2895 = AXIS2_PLACEMENT_3D('',#2896,#2897,#2898);
#2896 = CARTESIAN_POINT('',(-11.,9.624355652982,1.));
#2897 = DIRECTION('',(1.,0.,0.));
#2898 = DIRECTION('',(0.,-1.,0.));
#2899 = DEFINITIONAL_REPRESENTATION('',(#2900),#2904);
#2900 = LINE('',#2901,#2902);
#2901 = CARTESIAN_POINT('',(1.570796326795,0.));
#2902 = VECTOR('',#2903,1.);
#2903 = DIRECTION('',(0.,1.));
#2904 = ( GEOMETRIC_REPRESENTATION_CONTEXT(2) 
PARAMETRIC_REPRESENTATION_CONTEXT() REPRESENTATION_CONTEXT('2D SPACE',''
  ) );
#2905 = ORIENTED_EDGE('',*,*,#2906,.F.);
#2906 = EDGE_CURVE('',#2907,#2879,#2909,.T.);
#2907 = VERTEX_POINT('',#2908);
#2908 = CARTESIAN_POINT('',(-4.,11.313708498985,0.));
#2909 = SURFACE_CURVE('',#2910,(#2915,#2922),.PCURVE_S1.);
#2910 = CIRCLE('',#2911,12.);
#2911 = AXIS2_PLACEMENT_3D('',#2912,#2913,#2914);
#2912 = CARTESIAN_POINT('',(0.,0.,0.));
#2913 = DIRECTION('',(0.,0.,1.));
#2914 = DIRECTION('',(1.,0.,-0.));
#2915 = PCURVE('',#1240,#2916);
#2916 = DEFINITIONAL_REPRESENTATION('',(#2917),#2921);
#2917 = CIRCLE('',#2918,12.);
#2918 = AXIS2_PLACEMENT_2D('',#2919,#2920);
#2919 = CARTESIAN_POINT('',(11.,-8.624355652982));
#2920 = DIRECTION('',(1.,0.));
#2921 = ( GEOMETRIC_REPRESENTATION_CONTEXT(2) 
PARAMETRIC_REPRESENTATION_CONTEXT() REPRESENTATION_CONTEXT('2D SPACE',''
  ) );
#2922 = PCURVE('',#2446,#2923);
#2923 = DEFINITIONAL_REPRESENTATION('',(#2924),#2928);
#2924 = LINE('',#2925,#2926);
#2925 = CARTESIAN_POINT('',(0.,9.));
#2926 = VECTOR('',#2927,1.);
#2927 = DIRECTION('',(1.,0.));
#2928 = ( GEOMETRIC_REPRESENTATION_CONTEXT(2) 
PARAMETRIC_REPRESENTATION_CONTEXT() REPRESENTATION_CONTEXT('2D SPACE',''
  ) );
#2929 = ORIENTED_EDGE('',*,*,#2930,.T.);
#2930 = EDGE_CURVE('',#2907,#2931,#2933,.T.);
#2931 = VERTEX_POINT('',#2932);
#2932 = CARTESIAN_POINT('',(-4.,14.624355652982,0.));
#2933 = SURFACE_CURVE('',#2934,(#2938,#2945),.PCURVE_S1.);
#2934 = LINE('',#2935,#2936);
#2935 = CARTESIAN_POINT('',(-4.,8.624355652982,0.));
#2936 = VECTOR('',#2937,1.);
#2937 = DIRECTION('',(0.,1.,0.));
#2938 = PCURVE('',#1240,#2939);
#2939 = DEFINITIONAL_REPRESENTATION('',(#2940),#2944);
#2940 = LINE('',#2941,#2942);
#2941 = CARTESIAN_POINT('',(7.,0.));
#2942 = VECTOR('',#2943,1.);
#2943 = DIRECTION('',(0.,1.));
#2944 = ( GEOMETRIC_REPRESENTATION_CONTEXT(2) 
PARAMETRIC_REPRESENTATION_CONTEXT() REPRESENTATION_CONTEXT('2D SPACE',''
  ) );
#2945 = PCURVE('',#2946,#2951);
#2946 = CYLINDRICAL_SURFACE('',#2947,1.);
#2947 = AXIS2_PLACEMENT_3D('',#2948,#2949,#2950);
#2948 = CARTESIAN_POINT('',(-4.,8.624355652982,1.));
#2949 = DIRECTION('',(0.,1.,0.));
#2950 = DIRECTION('',(1.,0.,-0.));
#2951 = DEFINITIONAL_REPRESENTATION('',(#2952),#2956);
#2952 = LINE('',#2953,#2954);
#2953 = CARTESIAN_POINT('',(1.570796326795,0.));
#2954 = VECTOR('',#2955,1.);
#2955 = DIRECTION('',(0.,1.));
#2956 = ( GEOMETRIC_REPRESENTATION_CONTEXT(2) 
PARAMETRIC_REPRESENTATION_CONTEXT() REPRESENTATION_CONTEXT('2D SPACE',''
  ) );
#2957 = ORIENTED_EDGE('',*,*,#2958,.F.);
#2958 = EDGE_CURVE('',#1224,#2931,#2959,.T.);
#2959 = SURFACE_CURVE('',#2960,(#2964,#2971),.PCURVE_S1.);
#2960 = LINE('',#2961,#2962);
#2961 = CARTESIAN_POINT('',(-11.,14.624355652982,0.));
#2962 = VECTOR('',#2963,1.);
#2963 = DIRECTION('',(1.,0.,0.));
#2964 = PCURVE('',#1240,#2965);
#2965 = DEFINITIONAL_REPRESENTATION('',(#2966),#2970);
#2966 = LINE('',#2967,#2968);
#2967 = CARTESIAN_POINT('',(0.,6.));
#2968 = VECTOR('',#2969,1.);
#2969 = DIRECTION('',(1.,0.));
#2970 = ( GEOMETRIC_REPRESENTATION_CONTEXT(2) 
PARAMETRIC_REPRESENTATION_CONTEXT() REPRESENTATION_CONTEXT('2D SPACE',''
  ) );
#2971 = PCURVE('',#1326,#2972);
#2972 = DEFINITIONAL_REPRESENTATION('',(#2973),#2977);
#2973 = LINE('',#2974,#2975);
#2974 = CARTESIAN_POINT('',(-1.570796326795,0.));
#2975 = VECTOR('',#2976,1.);
#2976 = DIRECTION('',(-0.,1.));
#2977 = ( GEOMETRIC_REPRESENTATION_CONTEXT(2) 
PARAMETRIC_REPRESENTATION_CONTEXT() REPRESENTATION_CONTEXT('2D SPACE',''
  ) );
#2978 = ORIENTED_EDGE('',*,*,#1223,.T.);
#2979 = ADVANCED_FACE('',(#2980),#1525,.F.);
#2980 = FACE_BOUND('',#2981,.F.);
#2981 = EDGE_LOOP('',(#2982,#2983,#3011,#3035,#3063,#3084));
#2982 = ORIENTED_EDGE('',*,*,#2851,.F.);
#2983 = ORIENTED_EDGE('',*,*,#2984,.T.);
#2984 = EDGE_CURVE('',#2823,#2985,#2987,.T.);
#2985 = VERTEX_POINT('',#2986);
#2986 = CARTESIAN_POINT('',(-7.167410848062,9.624355652982,6.));
#2987 = SURFACE_CURVE('',#2988,(#2992,#2999),.PCURVE_S1.);
#2988 = LINE('',#2989,#2990);
#2989 = CARTESIAN_POINT('',(-11.,9.624355652982,6.));
#2990 = VECTOR('',#2991,1.);
#2991 = DIRECTION('',(1.,0.,0.));
#2992 = PCURVE('',#1525,#2993);
#2993 = DEFINITIONAL_REPRESENTATION('',(#2994),#2998);
#2994 = LINE('',#2995,#2996);
#2995 = CARTESIAN_POINT('',(0.,1.));
#2996 = VECTOR('',#2997,1.);
#2997 = DIRECTION('',(1.,0.));
#2998 = ( GEOMETRIC_REPRESENTATION_CONTEXT(2) 
PARAMETRIC_REPRESENTATION_CONTEXT() REPRESENTATION_CONTEXT('2D SPACE',''
  ) );
#2999 = PCURVE('',#3000,#3005);
#3000 = CYLINDRICAL_SURFACE('',#3001,1.);
#3001 = AXIS2_PLACEMENT_3D('',#3002,#3003,#3004);
#3002 = CARTESIAN_POINT('',(-11.,9.624355652982,5.));
#3003 = DIRECTION('',(1.,0.,0.));
#3004 = DIRECTION('',(0.,-1.,0.));
#3005 = DEFINITIONAL_REPRESENTATION('',(#3006),#3010);
#3006 = LINE('',#3007,#3008);
#3007 = CARTESIAN_POINT('',(-1.570796326795,0.));
#3008 = VECTOR('',#3009,1.);
#3009 = DIRECTION('',(-0.,1.));
#3010 = ( GEOMETRIC_REPRESENTATION_CONTEXT(2) 
PARAMETRIC_REPRESENTATION_CONTEXT() REPRESENTATION_CONTEXT('2D SPACE',''
  ) );
#3011 = ORIENTED_EDGE('',*,*,#3012,.F.);
#3012 = EDGE_CURVE('',#3013,#2985,#3015,.T.);
#3013 = VERTEX_POINT('',#3014);
#3014 = CARTESIAN_POINT('',(-4.,11.313708498985,6.));
#3015 = SURFACE_CURVE('',#3016,(#3021,#3028),.PCURVE_S1.);
#3016 = CIRCLE('',#3017,12.);
#3017 = AXIS2_PLACEMENT_3D('',#3018,#3019,#3020);
#3018 = CARTESIAN_POINT('',(0.,0.,6.));
#3019 = DIRECTION('',(0.,0.,1.));
#3020 = DIRECTION('',(1.,0.,-0.));
#3021 = PCURVE('',#1525,#3022);
#3022 = DEFINITIONAL_REPRESENTATION('',(#3023),#3027);
#3023 = CIRCLE('',#3024,12.);
#3024 = AXIS2_PLACEMENT_2D('',#3025,#3026);
#3025 = CARTESIAN_POINT('',(11.,-8.624355652982));
#3026 = DIRECTION('',(1.,0.));
#3027 = ( GEOMETRIC_REPRESENTATION_CONTEXT(2) 
PARAMETRIC_REPRESENTATION_CONTEXT() REPRESENTATION_CONTEXT('2D SPACE',''
  ) );
#3028 = PCURVE('',#2446,#3029);
#3029 = DEFINITIONAL_REPRESENTATION('',(#3030),#3034);
#3030 = LINE('',#3031,#3032);
#3031 = CARTESIAN_POINT('',(0.,15.));
#3032 = VECTOR('',#3033,1.);
#3033 = DIRECTION('',(1.,0.));
#3034 = ( GEOMETRIC_REPRESENTATION_CONTEXT(2) 
PARAMETRIC_REPRESENTATION_CONTEXT() REPRESENTATION_CONTEXT('2D SPACE',''
  ) );
#3035 = ORIENTED_EDGE('',*,*,#3036,.T.);
#3036 = EDGE_CURVE('',#3013,#3037,#3039,.T.);
#3037 = VERTEX_POINT('',#3038);
#3038 = CARTESIAN_POINT('',(-4.,14.624355652982,6.));
#3039 = SURFACE_CURVE('',#3040,(#3044,#3051),.PCURVE_S1.);
#3040 = LINE('',#3041,#3042);
#3041 = CARTESIAN_POINT('',(-4.,8.624355652982,6.));
#3042 = VECTOR('',#3043,1.);
#3043 = DIRECTION('',(0.,1.,0.));
#3044 = PCURVE('',#1525,#3045);
#3045 = DEFINITIONAL_REPRESENTATION('',(#3046),#3050);
#3046 = LINE('',#3047,#3048);
#3047 = CARTESIAN_POINT('',(7.,0.));
#3048 = VECTOR('',#3049,1.);
#3049 = DIRECTION('',(0.,1.));
#3050 = ( GEOMETRIC_REPRESENTATION_CONTEXT(2) 
PARAMETRIC_REPRESENTATION_CONTEXT() REPRESENTATION_CONTEXT('2D SPACE',''
  ) );
#3051 = PCURVE('',#3052,#3057);
#3052 = CYLINDRICAL_SURFACE('',#3053,1.);
#3053 = AXIS2_PLACEMENT_3D('',#3054,#3055,#3056);
#3054 = CARTESIAN_POINT('',(-4.,8.624355652982,5.));
#3055 = DIRECTION('',(0.,1.,0.));
#3056 = DIRECTION('',(1.,0.,-0.));
#3057 = DEFINITIONAL_REPRESENTATION('',(#3058),#3062);
#3058 = LINE('',#3059,#3060);
#3059 = CARTESIAN_POINT('',(-1.570796326795,0.));
#3060 = VECTOR('',#3061,1.);
#3061 = DIRECTION('',(-0.,1.));
#3062 = ( GEOMETRIC_REPRESENTATION_CONTEXT(2) 
PARAMETRIC_REPRESENTATION_CONTEXT() REPRESENTATION_CONTEXT('2D SPACE',''
  ) );
#3063 = ORIENTED_EDGE('',*,*,#3064,.F.);
#3064 = EDGE_CURVE('',#1394,#3037,#3065,.T.);
#3065 = SURFACE_CURVE('',#3066,(#3070,#3077),.PCURVE_S1.);
#3066 = LINE('',#3067,#3068);
#3067 = CARTESIAN_POINT('',(-11.,14.624355652982,6.));
#3068 = VECTOR('',#3069,1.);
#3069 = DIRECTION('',(1.,0.,0.));
#3070 = PCURVE('',#1525,#3071);
#3071 = DEFINITIONAL_REPRESENTATION('',(#3072),#3076);
#3072 = LINE('',#3073,#3074);
#3073 = CARTESIAN_POINT('',(0.,6.));
#3074 = VECTOR('',#3075,1.);
#3075 = DIRECTION('',(1.,0.));
#3076 = ( GEOMETRIC_REPRESENTATION_CONTEXT(2) 
PARAMETRIC_REPRESENTATION_CONTEXT() REPRESENTATION_CONTEXT('2D SPACE',''
  ) );
#3077 = PCURVE('',#1467,#3078);
#3078 = DEFINITIONAL_REPRESENTATION('',(#3079),#3083);
#3079 = LINE('',#3080,#3081);
#3080 = CARTESIAN_POINT('',(1.570796326795,0.));
#3081 = VECTOR('',#3082,1.);
#3082 = DIRECTION('',(0.,1.));
#3083 = ( GEOMETRIC_REPRESENTATION_CONTEXT(2) 
PARAMETRIC_REPRESENTATION_CONTEXT() REPRESENTATION_CONTEXT('2D SPACE',''
  ) );
#3084 = ORIENTED_EDGE('',*,*,#1508,.T.);
#3085 = ADVANCED_FACE('',(#3086),#1326,.F.);
#3086 = FACE_BOUND('',#3087,.T.);
#3087 = EDGE_LOOP('',(#3088,#3089,#3090,#3119));
#3088 = ORIENTED_EDGE('',*,*,#1252,.T.);
#3089 = ORIENTED_EDGE('',*,*,#2958,.T.);
#3090 = ORIENTED_EDGE('',*,*,#3091,.T.);
#3091 = EDGE_CURVE('',#2931,#3092,#3094,.T.);
#3092 = VERTEX_POINT('',#3093);
#3093 = CARTESIAN_POINT('',(-4.,15.624355652982,1.));
#3094 = SURFACE_CURVE('',#3095,(#3100,#3107),.PCURVE_S1.);
#3095 = CIRCLE('',#3096,1.);
#3096 = AXIS2_PLACEMENT_3D('',#3097,#3098,#3099);
#3097 = CARTESIAN_POINT('',(-4.,14.624355652982,1.));
#3098 = DIRECTION('',(1.,-6.123233995737E-17,0.));
#3099 = DIRECTION('',(6.123233995737E-17,1.,0.));
#3100 = PCURVE('',#1326,#3101);
#3101 = DEFINITIONAL_REPRESENTATION('',(#3102),#3106);
#3102 = LINE('',#3103,#3104);
#3103 = CARTESIAN_POINT('',(-6.28318530718,7.));
#3104 = VECTOR('',#3105,1.);
#3105 = DIRECTION('',(1.,-0.));
#3106 = ( GEOMETRIC_REPRESENTATION_CONTEXT(2) 
PARAMETRIC_REPRESENTATION_CONTEXT() REPRESENTATION_CONTEXT('2D SPACE',''
  ) );
#3107 = PCURVE('',#3108,#3113);
#3108 = SPHERICAL_SURFACE('',#3109,1.);
#3109 = AXIS2_PLACEMENT_3D('',#3110,#3111,#3112);
#3110 = CARTESIAN_POINT('',(-4.,14.624355652982,1.));
#3111 = DIRECTION('',(0.,0.,1.));
#3112 = DIRECTION('',(1.,0.,-0.));
#3113 = DEFINITIONAL_REPRESENTATION('',(#3114),#3118);
#3114 = LINE('',#3115,#3116);
#3115 = CARTESIAN_POINT('',(1.570796326795,-6.28318530718));
#3116 = VECTOR('',#3117,1.);
#3117 = DIRECTION('',(0.,1.));
#3118 = ( GEOMETRIC_REPRESENTATION_CONTEXT(2) 
PARAMETRIC_REPRESENTATION_CONTEXT() REPRESENTATION_CONTEXT('2D SPACE',''
  ) );
#3119 = ORIENTED_EDGE('',*,*,#3120,.F.);
#3120 = EDGE_CURVE('',#1253,#3092,#3121,.T.);
#3121 = SURFACE_CURVE('',#3122,(#3126,#3133),.PCURVE_S1.);
#3122 = LINE('',#3123,#3124);
#3123 = CARTESIAN_POINT('',(-11.,15.624355652982,1.));
#3124 = VECTOR('',#3125,1.);
#3125 = DIRECTION('',(1.,0.,0.));
#3126 = PCURVE('',#1326,#3127);
#3127 = DEFINITIONAL_REPRESENTATION('',(#3128),#3132);
#3128 = LINE('',#3129,#3130);
#3129 = CARTESIAN_POINT('',(-0.,0.));
#3130 = VECTOR('',#3131,1.);
#3131 = DIRECTION('',(-0.,1.));
#3132 = ( GEOMETRIC_REPRESENTATION_CONTEXT(2) 
PARAMETRIC_REPRESENTATION_CONTEXT() REPRESENTATION_CONTEXT('2D SPACE',''
  ) );
#3133 = PCURVE('',#1382,#3134);
#3134 = DEFINITIONAL_REPRESENTATION('',(#3135),#3139);
#3135 = LINE('',#3136,#3137);
#3136 = CARTESIAN_POINT('',(1.,0.));
#3137 = VECTOR('',#3138,1.);
#3138 = DIRECTION('',(0.,1.));
#3139 = ( GEOMETRIC_REPRESENTATION_CONTEXT(2) 
PARAMETRIC_REPRESENTATION_CONTEXT() REPRESENTATION_CONTEXT('2D SPACE',''
  ) );
#3140 = ADVANCED_FACE('',(#3141),#1467,.F.);
#3141 = FACE_BOUND('',#3142,.F.);
#3142 = EDGE_LOOP('',(#3143,#3166,#3167,#3168));
#3143 = ORIENTED_EDGE('',*,*,#3144,.F.);
#3144 = EDGE_CURVE('',#1368,#3145,#3147,.T.);
#3145 = VERTEX_POINT('',#3146);
#3146 = CARTESIAN_POINT('',(-4.,15.624355652982,5.));
#3147 = SURFACE_CURVE('',#3148,(#3152,#3159),.PCURVE_S1.);
#3148 = LINE('',#3149,#3150);
#3149 = CARTESIAN_POINT('',(-11.,15.624355652982,5.));
#3150 = VECTOR('',#3151,1.);
#3151 = DIRECTION('',(1.,0.,0.));
#3152 = PCURVE('',#1467,#3153);
#3153 = DEFINITIONAL_REPRESENTATION('',(#3154),#3158);
#3154 = LINE('',#3155,#3156);
#3155 = CARTESIAN_POINT('',(0.,0.));
#3156 = VECTOR('',#3157,1.);
#3157 = DIRECTION('',(0.,1.));
#3158 = ( GEOMETRIC_REPRESENTATION_CONTEXT(2) 
PARAMETRIC_REPRESENTATION_CONTEXT() REPRESENTATION_CONTEXT('2D SPACE',''
  ) );
#3159 = PCURVE('',#1382,#3160);
#3160 = DEFINITIONAL_REPRESENTATION('',(#3161),#3165);
#3161 = LINE('',#3162,#3163);
#3162 = CARTESIAN_POINT('',(5.,0.));
#3163 = VECTOR('',#3164,1.);
#3164 = DIRECTION('',(0.,1.));
#3165 = ( GEOMETRIC_REPRESENTATION_CONTEXT(2) 
PARAMETRIC_REPRESENTATION_CONTEXT() REPRESENTATION_CONTEXT('2D SPACE',''
  ) );
#3166 = ORIENTED_EDGE('',*,*,#1393,.T.);
#3167 = ORIENTED_EDGE('',*,*,#3064,.T.);
#3168 = ORIENTED_EDGE('',*,*,#3169,.F.);
#3169 = EDGE_CURVE('',#3145,#3037,#3170,.T.);
#3170 = SURFACE_CURVE('',#3171,(#3176,#3183),.PCURVE_S1.);
#3171 = CIRCLE('',#3172,1.);
#3172 = AXIS2_PLACEMENT_3D('',#3173,#3174,#3175);
#3173 = CARTESIAN_POINT('',(-4.,14.624355652982,5.));
#3174 = DIRECTION('',(1.,0.,-6.123233995737E-17));
#3175 = DIRECTION('',(6.123233995737E-17,0.,1.));
#3176 = PCURVE('',#1467,#3177);
#3177 = DEFINITIONAL_REPRESENTATION('',(#3178),#3182);
#3178 = LINE('',#3179,#3180);
#3179 = CARTESIAN_POINT('',(-4.712388980385,7.));
#3180 = VECTOR('',#3181,1.);
#3181 = DIRECTION('',(1.,0.));
#3182 = ( GEOMETRIC_REPRESENTATION_CONTEXT(2) 
PARAMETRIC_REPRESENTATION_CONTEXT() REPRESENTATION_CONTEXT('2D SPACE',''
  ) );
#3183 = PCURVE('',#3184,#3189);
#3184 = SPHERICAL_SURFACE('',#3185,1.);
#3185 = AXIS2_PLACEMENT_3D('',#3186,#3187,#3188);
#3186 = CARTESIAN_POINT('',(-4.,14.624355652982,5.));
#3187 = DIRECTION('',(-0.,-1.,-0.));
#3188 = DIRECTION('',(1.,-0.,0.));
#3189 = DEFINITIONAL_REPRESENTATION('',(#3190),#3194);
#3190 = LINE('',#3191,#3192);
#3191 = CARTESIAN_POINT('',(1.570796326795,-6.28318530718));
#3192 = VECTOR('',#3193,1.);
#3193 = DIRECTION('',(0.,1.));
#3194 = ( GEOMETRIC_REPRESENTATION_CONTEXT(2) 
PARAMETRIC_REPRESENTATION_CONTEXT() REPRESENTATION_CONTEXT('2D SPACE',''
  ) );
#3195 = ADVANCED_FACE('',(#3196),#1382,.F.);
#3196 = FACE_BOUND('',#3197,.F.);
#3197 = EDGE_LOOP('',(#3198,#3199,#3200,#3201));
#3198 = ORIENTED_EDGE('',*,*,#3120,.F.);
#3199 = ORIENTED_EDGE('',*,*,#1367,.T.);
#3200 = ORIENTED_EDGE('',*,*,#3144,.T.);
#3201 = ORIENTED_EDGE('',*,*,#3202,.F.);
#3202 = EDGE_CURVE('',#3092,#3145,#3203,.T.);
#3203 = SURFACE_CURVE('',#3204,(#3208,#3215),.PCURVE_S1.);
#3204 = LINE('',#3205,#3206);
#3205 = CARTESIAN_POINT('',(-4.,15.624355652982,0.));
#3206 = VECTOR('',#3207,1.);
#3207 = DIRECTION('',(0.,0.,1.));
#3208 = PCURVE('',#1382,#3209);
#3209 = DEFINITIONAL_REPRESENTATION('',(#3210),#3214);
#3210 = LINE('',#3211,#3212);
#3211 = CARTESIAN_POINT('',(0.,7.));
#3212 = VECTOR('',#3213,1.);
#3213 = DIRECTION('',(1.,0.));
#3214 = ( GEOMETRIC_REPRESENTATION_CONTEXT(2) 
PARAMETRIC_REPRESENTATION_CONTEXT() REPRESENTATION_CONTEXT('2D SPACE',''
  ) );
#3215 = PCURVE('',#3216,#3221);
#3216 = CYLINDRICAL_SURFACE('',#3217,1.);
#3217 = AXIS2_PLACEMENT_3D('',#3218,#3219,#3220);
#3218 = CARTESIAN_POINT('',(-4.,14.624355652982,0.));
#3219 = DIRECTION('',(0.,0.,1.));
#3220 = DIRECTION('',(1.,0.,-0.));
#3221 = DEFINITIONAL_REPRESENTATION('',(#3222),#3226);
#3222 = LINE('',#3223,#3224);
#3223 = CARTESIAN_POINT('',(1.570796326795,0.));
#3224 = VECTOR('',#3225,1.);
#3225 = DIRECTION('',(0.,1.));
#3226 = ( GEOMETRIC_REPRESENTATION_CONTEXT(2) 
PARAMETRIC_REPRESENTATION_CONTEXT() REPRESENTATION_CONTEXT('2D SPACE',''
  ) );
#3227 = ADVANCED_FACE('',(#3228),#1703,.F.);
#3228 = FACE_BOUND('',#3229,.T.);
#3229 = EDGE_LOOP('',(#3230,#3231,#3254,#3283));
#3230 = ORIENTED_EDGE('',*,*,#1637,.T.);
#3231 = ORIENTED_EDGE('',*,*,#3232,.T.);
#3232 = EDGE_CURVE('',#1640,#3233,#3235,.T.);
#3233 = VERTEX_POINT('',#3234);
#3234 = CARTESIAN_POINT('',(-10.,-9.624355652982,0.));
#3235 = SURFACE_CURVE('',#3236,(#3240,#3247),.PCURVE_S1.);
#3236 = LINE('',#3237,#3238);
#3237 = CARTESIAN_POINT('',(-10.,-15.62435565298,0.));
#3238 = VECTOR('',#3239,1.);
#3239 = DIRECTION('',(0.,1.,0.));
#3240 = PCURVE('',#1703,#3241);
#3241 = DEFINITIONAL_REPRESENTATION('',(#3242),#3246);
#3242 = LINE('',#3243,#3244);
#3243 = CARTESIAN_POINT('',(-1.570796326795,0.));
#3244 = VECTOR('',#3245,1.);
#3245 = DIRECTION('',(-0.,1.));
#3246 = ( GEOMETRIC_REPRESENTATION_CONTEXT(2) 
PARAMETRIC_REPRESENTATION_CONTEXT() REPRESENTATION_CONTEXT('2D SPACE',''
  ) );
#3247 = PCURVE('',#2165,#3248);
#3248 = DEFINITIONAL_REPRESENTATION('',(#3249),#3253);
#3249 = LINE('',#3250,#3251);
#3250 = CARTESIAN_POINT('',(1.,0.));
#3251 = VECTOR('',#3252,1.);
#3252 = DIRECTION('',(0.,1.));
#3253 = ( GEOMETRIC_REPRESENTATION_CONTEXT(2) 
PARAMETRIC_REPRESENTATION_CONTEXT() REPRESENTATION_CONTEXT('2D SPACE',''
  ) );
#3254 = ORIENTED_EDGE('',*,*,#3255,.T.);
#3255 = EDGE_CURVE('',#3233,#3256,#3258,.T.);
#3256 = VERTEX_POINT('',#3257);
#3257 = CARTESIAN_POINT('',(-11.,-9.624355652982,1.));
#3258 = SURFACE_CURVE('',#3259,(#3264,#3271),.PCURVE_S1.);
#3259 = CIRCLE('',#3260,1.);
#3260 = AXIS2_PLACEMENT_3D('',#3261,#3262,#3263);
#3261 = CARTESIAN_POINT('',(-10.,-9.624355652982,1.));
#3262 = DIRECTION('',(0.,1.,-0.));
#3263 = DIRECTION('',(-1.,0.,0.));
#3264 = PCURVE('',#1703,#3265);
#3265 = DEFINITIONAL_REPRESENTATION('',(#3266),#3270);
#3266 = LINE('',#3267,#3268);
#3267 = CARTESIAN_POINT('',(-6.28318530718,6.));
#3268 = VECTOR('',#3269,1.);
#3269 = DIRECTION('',(1.,-0.));
#3270 = ( GEOMETRIC_REPRESENTATION_CONTEXT(2) 
PARAMETRIC_REPRESENTATION_CONTEXT() REPRESENTATION_CONTEXT('2D SPACE',''
  ) );
#3271 = PCURVE('',#3272,#3277);
#3272 = SPHERICAL_SURFACE('',#3273,1.);
#3273 = AXIS2_PLACEMENT_3D('',#3274,#3275,#3276);
#3274 = CARTESIAN_POINT('',(-10.,-9.624355652982,1.));
#3275 = DIRECTION('',(0.,0.,1.));
#3276 = DIRECTION('',(-1.,0.,0.));
#3277 = DEFINITIONAL_REPRESENTATION('',(#3278),#3282);
#3278 = LINE('',#3279,#3280);
#3279 = CARTESIAN_POINT('',(-0.,-6.28318530718));
#3280 = VECTOR('',#3281,1.);
#3281 = DIRECTION('',(-0.,1.));
#3282 = ( GEOMETRIC_REPRESENTATION_CONTEXT(2) 
PARAMETRIC_REPRESENTATION_CONTEXT() REPRESENTATION_CONTEXT('2D SPACE',''
  ) );
#3283 = ORIENTED_EDGE('',*,*,#3284,.F.);
#3284 = EDGE_CURVE('',#1638,#3256,#3285,.T.);
#3285 = SURFACE_CURVE('',#3286,(#3290,#3297),.PCURVE_S1.);
#3286 = LINE('',#3287,#3288);
#3287 = CARTESIAN_POINT('',(-11.,-15.62435565298,1.));
#3288 = VECTOR('',#3289,1.);
#3289 = DIRECTION('',(0.,1.,0.));
#3290 = PCURVE('',#1703,#3291);
#3291 = DEFINITIONAL_REPRESENTATION('',(#3292),#3296);
#3292 = LINE('',#3293,#3294);
#3293 = CARTESIAN_POINT('',(-0.,0.));
#3294 = VECTOR('',#3295,1.);
#3295 = DIRECTION('',(-0.,1.));
#3296 = ( GEOMETRIC_REPRESENTATION_CONTEXT(2) 
PARAMETRIC_REPRESENTATION_CONTEXT() REPRESENTATION_CONTEXT('2D SPACE',''
  ) );
#3297 = PCURVE('',#1754,#3298);
#3298 = DEFINITIONAL_REPRESENTATION('',(#3299),#3303);
#3299 = LINE('',#3300,#3301);
#3300 = CARTESIAN_POINT('',(1.,0.));
#3301 = VECTOR('',#3302,1.);
#3302 = DIRECTION('',(0.,-1.));
#3303 = ( GEOMETRIC_REPRESENTATION_CONTEXT(2) 
PARAMETRIC_REPRESENTATION_CONTEXT() REPRESENTATION_CONTEXT('2D SPACE',''
  ) );
#3304 = ADVANCED_FACE('',(#3305),#2165,.T.);
#3305 = FACE_BOUND('',#3306,.T.);
#3306 = EDGE_LOOP('',(#3307,#3308,#3309,#3332,#3360,#3384));
#3307 = ORIENTED_EDGE('',*,*,#3232,.F.);
#3308 = ORIENTED_EDGE('',*,*,#2150,.T.);
#3309 = ORIENTED_EDGE('',*,*,#3310,.T.);
#3310 = EDGE_CURVE('',#2036,#3311,#3313,.T.);
#3311 = VERTEX_POINT('',#3312);
#3312 = CARTESIAN_POINT('',(-4.,-14.62435565298,0.));
#3313 = SURFACE_CURVE('',#3314,(#3318,#3325),.PCURVE_S1.);
#3314 = LINE('',#3315,#3316);
#3315 = CARTESIAN_POINT('',(-11.,-14.62435565298,0.));
#3316 = VECTOR('',#3317,1.);
#3317 = DIRECTION('',(1.,0.,0.));
#3318 = PCURVE('',#2165,#3319);
#3319 = DEFINITIONAL_REPRESENTATION('',(#3320),#3324);
#3320 = LINE('',#3321,#3322);
#3321 = CARTESIAN_POINT('',(0.,1.));
#3322 = VECTOR('',#3323,1.);
#3323 = DIRECTION('',(1.,0.));
#3324 = ( GEOMETRIC_REPRESENTATION_CONTEXT(2) 
PARAMETRIC_REPRESENTATION_CONTEXT() REPRESENTATION_CONTEXT('2D SPACE',''
  ) );
#3325 = PCURVE('',#2109,#3326);
#3326 = DEFINITIONAL_REPRESENTATION('',(#3327),#3331);
#3327 = LINE('',#3328,#3329);
#3328 = CARTESIAN_POINT('',(1.570796326795,0.));
#3329 = VECTOR('',#3330,1.);
#3330 = DIRECTION('',(0.,1.));
#3331 = ( GEOMETRIC_REPRESENTATION_CONTEXT(2) 
PARAMETRIC_REPRESENTATION_CONTEXT() REPRESENTATION_CONTEXT('2D SPACE',''
  ) );
#3332 = ORIENTED_EDGE('',*,*,#3333,.T.);
#3333 = EDGE_CURVE('',#3311,#3334,#3336,.T.);
#3334 = VERTEX_POINT('',#3335);
#3335 = CARTESIAN_POINT('',(-4.,-11.31370849898,0.));
#3336 = SURFACE_CURVE('',#3337,(#3341,#3348),.PCURVE_S1.);
#3337 = LINE('',#3338,#3339);
#3338 = CARTESIAN_POINT('',(-4.,-15.62435565298,0.));
#3339 = VECTOR('',#3340,1.);
#3340 = DIRECTION('',(0.,1.,0.));
#3341 = PCURVE('',#2165,#3342);
#3342 = DEFINITIONAL_REPRESENTATION('',(#3343),#3347);
#3343 = LINE('',#3344,#3345);
#3344 = CARTESIAN_POINT('',(7.,0.));
#3345 = VECTOR('',#3346,1.);
#3346 = DIRECTION('',(0.,1.));
#3347 = ( GEOMETRIC_REPRESENTATION_CONTEXT(2) 
PARAMETRIC_REPRESENTATION_CONTEXT() REPRESENTATION_CONTEXT('2D SPACE',''
  ) );
#3348 = PCURVE('',#3349,#3354);
#3349 = CYLINDRICAL_SURFACE('',#3350,1.);
#3350 = AXIS2_PLACEMENT_3D('',#3351,#3352,#3353);
#3351 = CARTESIAN_POINT('',(-4.,-15.62435565298,1.));
#3352 = DIRECTION('',(0.,1.,0.));
#3353 = DIRECTION('',(1.,0.,-0.));
#3354 = DEFINITIONAL_REPRESENTATION('',(#3355),#3359);
#3355 = LINE('',#3356,#3357);
#3356 = CARTESIAN_POINT('',(1.570796326795,0.));
#3357 = VECTOR('',#3358,1.);
#3358 = DIRECTION('',(0.,1.));
#3359 = ( GEOMETRIC_REPRESENTATION_CONTEXT(2) 
PARAMETRIC_REPRESENTATION_CONTEXT() REPRESENTATION_CONTEXT('2D SPACE',''
  ) );
#3360 = ORIENTED_EDGE('',*,*,#3361,.F.);
#3361 = EDGE_CURVE('',#3362,#3334,#3364,.T.);
#3362 = VERTEX_POINT('',#3363);
#3363 = CARTESIAN_POINT('',(-7.167410848062,-9.624355652982,0.));
#3364 = SURFACE_CURVE('',#3365,(#3370,#3377),.PCURVE_S1.);
#3365 = CIRCLE('',#3366,12.);
#3366 = AXIS2_PLACEMENT_3D('',#3367,#3368,#3369);
#3367 = CARTESIAN_POINT('',(0.,0.,0.));
#3368 = DIRECTION('',(0.,0.,1.));
#3369 = DIRECTION('',(1.,0.,-0.));
#3370 = PCURVE('',#2165,#3371);
#3371 = DEFINITIONAL_REPRESENTATION('',(#3372),#3376);
#3372 = CIRCLE('',#3373,12.);
#3373 = AXIS2_PLACEMENT_2D('',#3374,#3375);
#3374 = CARTESIAN_POINT('',(11.,15.624355652982));
#3375 = DIRECTION('',(1.,0.));
#3376 = ( GEOMETRIC_REPRESENTATION_CONTEXT(2) 
PARAMETRIC_REPRESENTATION_CONTEXT() REPRESENTATION_CONTEXT('2D SPACE',''
  ) );
#3377 = PCURVE('',#2446,#3378);
#3378 = DEFINITIONAL_REPRESENTATION('',(#3379),#3383);
#3379 = LINE('',#3380,#3381);
#3380 = CARTESIAN_POINT('',(0.,9.));
#3381 = VECTOR('',#3382,1.);
#3382 = DIRECTION('',(1.,0.));
#3383 = ( GEOMETRIC_REPRESENTATION_CONTEXT(2) 
PARAMETRIC_REPRESENTATION_CONTEXT() REPRESENTATION_CONTEXT('2D SPACE',''
  ) );
#3384 = ORIENTED_EDGE('',*,*,#3385,.F.);
#3385 = EDGE_CURVE('',#3233,#3362,#3386,.T.);
#3386 = SURFACE_CURVE('',#3387,(#3391,#3398),.PCURVE_S1.);
#3387 = LINE('',#3388,#3389);
#3388 = CARTESIAN_POINT('',(-11.,-9.624355652982,0.));
#3389 = VECTOR('',#3390,1.);
#3390 = DIRECTION('',(1.,0.,0.));
#3391 = PCURVE('',#2165,#3392);
#3392 = DEFINITIONAL_REPRESENTATION('',(#3393),#3397);
#3393 = LINE('',#3394,#3395);
#3394 = CARTESIAN_POINT('',(0.,6.));
#3395 = VECTOR('',#3396,1.);
#3396 = DIRECTION('',(1.,0.));
#3397 = ( GEOMETRIC_REPRESENTATION_CONTEXT(2) 
PARAMETRIC_REPRESENTATION_CONTEXT() REPRESENTATION_CONTEXT('2D SPACE',''
  ) );
#3398 = PCURVE('',#3399,#3404);
#3399 = CYLINDRICAL_SURFACE('',#3400,1.);
#3400 = AXIS2_PLACEMENT_3D('',#3401,#3402,#3403);
#3401 = CARTESIAN_POINT('',(-11.,-9.624355652982,1.));
#3402 = DIRECTION('',(1.,0.,0.));
#3403 = DIRECTION('',(-0.,1.,0.));
#3404 = DEFINITIONAL_REPRESENTATION('',(#3405),#3409);
#3405 = LINE('',#3406,#3407);
#3406 = CARTESIAN_POINT('',(-1.570796326795,0.));
#3407 = VECTOR('',#3408,1.);
#3408 = DIRECTION('',(-0.,1.));
#3409 = ( GEOMETRIC_REPRESENTATION_CONTEXT(2) 
PARAMETRIC_REPRESENTATION_CONTEXT() REPRESENTATION_CONTEXT('2D SPACE',''
  ) );
#3410 = ADVANCED_FACE('',(#3411),#2109,.F.);
#3411 = FACE_BOUND('',#3412,.F.);
#3412 = EDGE_LOOP('',(#3413,#3414,#3415,#3444));
#3413 = ORIENTED_EDGE('',*,*,#2035,.T.);
#3414 = ORIENTED_EDGE('',*,*,#3310,.T.);
#3415 = ORIENTED_EDGE('',*,*,#3416,.T.);
#3416 = EDGE_CURVE('',#3311,#3417,#3419,.T.);
#3417 = VERTEX_POINT('',#3418);
#3418 = CARTESIAN_POINT('',(-4.,-15.62435565298,1.));
#3419 = SURFACE_CURVE('',#3420,(#3425,#3432),.PCURVE_S1.);
#3420 = CIRCLE('',#3421,1.);
#3421 = AXIS2_PLACEMENT_3D('',#3422,#3423,#3424);
#3422 = CARTESIAN_POINT('',(-4.,-14.62435565298,1.));
#3423 = DIRECTION('',(-1.,-6.123233995737E-17,0.));
#3424 = DIRECTION('',(6.123233995737E-17,-1.,-0.));
#3425 = PCURVE('',#2109,#3426);
#3426 = DEFINITIONAL_REPRESENTATION('',(#3427),#3431);
#3427 = LINE('',#3428,#3429);
#3428 = CARTESIAN_POINT('',(6.28318530718,7.));
#3429 = VECTOR('',#3430,1.);
#3430 = DIRECTION('',(-1.,-0.));
#3431 = ( GEOMETRIC_REPRESENTATION_CONTEXT(2) 
PARAMETRIC_REPRESENTATION_CONTEXT() REPRESENTATION_CONTEXT('2D SPACE',''
  ) );
#3432 = PCURVE('',#3433,#3438);
#3433 = SPHERICAL_SURFACE('',#3434,1.);
#3434 = AXIS2_PLACEMENT_3D('',#3435,#3436,#3437);
#3435 = CARTESIAN_POINT('',(-4.,-14.62435565298,1.));
#3436 = DIRECTION('',(0.,0.,1.));
#3437 = DIRECTION('',(1.,0.,-0.));
#3438 = DEFINITIONAL_REPRESENTATION('',(#3439),#3443);
#3439 = LINE('',#3440,#3441);
#3440 = CARTESIAN_POINT('',(-1.570796326795,-6.28318530718));
#3441 = VECTOR('',#3442,1.);
#3442 = DIRECTION('',(-0.,1.));
#3443 = ( GEOMETRIC_REPRESENTATION_CONTEXT(2) 
PARAMETRIC_REPRESENTATION_CONTEXT() REPRESENTATION_CONTEXT('2D SPACE',''
  ) );
#3444 = ORIENTED_EDGE('',*,*,#3445,.F.);
#3445 = EDGE_CURVE('',#2010,#3417,#3446,.T.);
#3446 = SURFACE_CURVE('',#3447,(#3451,#3458),.PCURVE_S1.);
#3447 = LINE('',#3448,#3449);
#3448 = CARTESIAN_POINT('',(-11.,-15.62435565298,1.));
#3449 = VECTOR('',#3450,1.);
#3450 = DIRECTION('',(1.,0.,0.));
#3451 = PCURVE('',#2109,#3452);
#3452 = DEFINITIONAL_REPRESENTATION('',(#3453),#3457);
#3453 = LINE('',#3454,#3455);
#3454 = CARTESIAN_POINT('',(0.,0.));
#3455 = VECTOR('',#3456,1.);
#3456 = DIRECTION('',(0.,1.));
#3457 = ( GEOMETRIC_REPRESENTATION_CONTEXT(2) 
PARAMETRIC_REPRESENTATION_CONTEXT() REPRESENTATION_CONTEXT('2D SPACE',''
  ) );
#3458 = PCURVE('',#2024,#3459);
#3459 = DEFINITIONAL_REPRESENTATION('',(#3460),#3464);
#3460 = LINE('',#3461,#3462);
#3461 = CARTESIAN_POINT('',(1.,0.));
#3462 = VECTOR('',#3463,1.);
#3463 = DIRECTION('',(0.,1.));
#3464 = ( GEOMETRIC_REPRESENTATION_CONTEXT(2) 
PARAMETRIC_REPRESENTATION_CONTEXT() REPRESENTATION_CONTEXT('2D SPACE',''
  ) );
#3465 = ADVANCED_FACE('',(#3466),#2024,.T.);
#3466 = FACE_BOUND('',#3467,.T.);
#3467 = EDGE_LOOP('',(#3468,#3469,#3470,#3493));
#3468 = ORIENTED_EDGE('',*,*,#3445,.F.);
#3469 = ORIENTED_EDGE('',*,*,#2009,.T.);
#3470 = ORIENTED_EDGE('',*,*,#3471,.T.);
#3471 = EDGE_CURVE('',#1895,#3472,#3474,.T.);
#3472 = VERTEX_POINT('',#3473);
#3473 = CARTESIAN_POINT('',(-4.,-15.62435565298,5.));
#3474 = SURFACE_CURVE('',#3475,(#3479,#3486),.PCURVE_S1.);
#3475 = LINE('',#3476,#3477);
#3476 = CARTESIAN_POINT('',(-11.,-15.62435565298,5.));
#3477 = VECTOR('',#3478,1.);
#3478 = DIRECTION('',(1.,0.,0.));
#3479 = PCURVE('',#2024,#3480);
#3480 = DEFINITIONAL_REPRESENTATION('',(#3481),#3485);
#3481 = LINE('',#3482,#3483);
#3482 = CARTESIAN_POINT('',(5.,0.));
#3483 = VECTOR('',#3484,1.);
#3484 = DIRECTION('',(0.,1.));
#3485 = ( GEOMETRIC_REPRESENTATION_CONTEXT(2) 
PARAMETRIC_REPRESENTATION_CONTEXT() REPRESENTATION_CONTEXT('2D SPACE',''
  ) );
#3486 = PCURVE('',#1968,#3487);
#3487 = DEFINITIONAL_REPRESENTATION('',(#3488),#3492);
#3488 = LINE('',#3489,#3490);
#3489 = CARTESIAN_POINT('',(-0.,0.));
#3490 = VECTOR('',#3491,1.);
#3491 = DIRECTION('',(-0.,1.));
#3492 = ( GEOMETRIC_REPRESENTATION_CONTEXT(2) 
PARAMETRIC_REPRESENTATION_CONTEXT() REPRESENTATION_CONTEXT('2D SPACE',''
  ) );
#3493 = ORIENTED_EDGE('',*,*,#3494,.F.);
#3494 = EDGE_CURVE('',#3417,#3472,#3495,.T.);
#3495 = SURFACE_CURVE('',#3496,(#3500,#3507),.PCURVE_S1.);
#3496 = LINE('',#3497,#3498);
#3497 = CARTESIAN_POINT('',(-4.,-15.62435565298,0.));
#3498 = VECTOR('',#3499,1.);
#3499 = DIRECTION('',(0.,0.,1.));
#3500 = PCURVE('',#2024,#3501);
#3501 = DEFINITIONAL_REPRESENTATION('',(#3502),#3506);
#3502 = LINE('',#3503,#3504);
#3503 = CARTESIAN_POINT('',(0.,7.));
#3504 = VECTOR('',#3505,1.);
#3505 = DIRECTION('',(1.,0.));
#3506 = ( GEOMETRIC_REPRESENTATION_CONTEXT(2) 
PARAMETRIC_REPRESENTATION_CONTEXT() REPRESENTATION_CONTEXT('2D SPACE',''
  ) );
#3507 = PCURVE('',#3508,#3513);
#3508 = CYLINDRICAL_SURFACE('',#3509,1.);
#3509 = AXIS2_PLACEMENT_3D('',#3510,#3511,#3512);
#3510 = CARTESIAN_POINT('',(-4.,-14.62435565298,0.));
#3511 = DIRECTION('',(0.,0.,1.));
#3512 = DIRECTION('',(1.,0.,-0.));
#3513 = DEFINITIONAL_REPRESENTATION('',(#3514),#3518);
#3514 = LINE('',#3515,#3516);
#3515 = CARTESIAN_POINT('',(-1.570796326795,0.));
#3516 = VECTOR('',#3517,1.);
#3517 = DIRECTION('',(-0.,1.));
#3518 = ( GEOMETRIC_REPRESENTATION_CONTEXT(2) 
PARAMETRIC_REPRESENTATION_CONTEXT() REPRESENTATION_CONTEXT('2D SPACE',''
  ) );
#3519 = ADVANCED_FACE('',(#3520),#1968,.F.);
#3520 = FACE_BOUND('',#3521,.T.);
#3521 = EDGE_LOOP('',(#3522,#3523,#3546,#3573));
#3522 = ORIENTED_EDGE('',*,*,#1894,.T.);
#3523 = ORIENTED_EDGE('',*,*,#3524,.T.);
#3524 = EDGE_CURVE('',#1866,#3525,#3527,.T.);
#3525 = VERTEX_POINT('',#3526);
#3526 = CARTESIAN_POINT('',(-4.,-14.62435565298,6.));
#3527 = SURFACE_CURVE('',#3528,(#3532,#3539),.PCURVE_S1.);
#3528 = LINE('',#3529,#3530);
#3529 = CARTESIAN_POINT('',(-11.,-14.62435565298,6.));
#3530 = VECTOR('',#3531,1.);
#3531 = DIRECTION('',(1.,0.,0.));
#3532 = PCURVE('',#1968,#3533);
#3533 = DEFINITIONAL_REPRESENTATION('',(#3534),#3538);
#3534 = LINE('',#3535,#3536);
#3535 = CARTESIAN_POINT('',(-1.570796326795,0.));
#3536 = VECTOR('',#3537,1.);
#3537 = DIRECTION('',(-0.,1.));
#3538 = ( GEOMETRIC_REPRESENTATION_CONTEXT(2) 
PARAMETRIC_REPRESENTATION_CONTEXT() REPRESENTATION_CONTEXT('2D SPACE',''
  ) );
#3539 = PCURVE('',#1882,#3540);
#3540 = DEFINITIONAL_REPRESENTATION('',(#3541),#3545);
#3541 = LINE('',#3542,#3543);
#3542 = CARTESIAN_POINT('',(0.,1.));
#3543 = VECTOR('',#3544,1.);
#3544 = DIRECTION('',(1.,0.));
#3545 = ( GEOMETRIC_REPRESENTATION_CONTEXT(2) 
PARAMETRIC_REPRESENTATION_CONTEXT() REPRESENTATION_CONTEXT('2D SPACE',''
  ) );
#3546 = ORIENTED_EDGE('',*,*,#3547,.T.);
#3547 = EDGE_CURVE('',#3525,#3472,#3548,.T.);
#3548 = SURFACE_CURVE('',#3549,(#3554,#3561),.PCURVE_S1.);
#3549 = CIRCLE('',#3550,1.);
#3550 = AXIS2_PLACEMENT_3D('',#3551,#3552,#3553);
#3551 = CARTESIAN_POINT('',(-4.,-14.62435565298,5.));
#3552 = DIRECTION('',(1.,6.123233995737E-17,0.));
#3553 = DIRECTION('',(6.123233995737E-17,-1.,0.));
#3554 = PCURVE('',#1968,#3555);
#3555 = DEFINITIONAL_REPRESENTATION('',(#3556),#3560);
#3556 = LINE('',#3557,#3558);
#3557 = CARTESIAN_POINT('',(-6.28318530718,7.));
#3558 = VECTOR('',#3559,1.);
#3559 = DIRECTION('',(1.,-0.));
#3560 = ( GEOMETRIC_REPRESENTATION_CONTEXT(2) 
PARAMETRIC_REPRESENTATION_CONTEXT() REPRESENTATION_CONTEXT('2D SPACE',''
  ) );
#3561 = PCURVE('',#3562,#3567);
#3562 = SPHERICAL_SURFACE('',#3563,1.);
#3563 = AXIS2_PLACEMENT_3D('',#3564,#3565,#3566);
#3564 = CARTESIAN_POINT('',(-4.,-14.62435565298,5.));
#3565 = DIRECTION('',(-0.,-0.,-1.));
#3566 = DIRECTION('',(1.,0.,0.));
#3567 = DEFINITIONAL_REPRESENTATION('',(#3568),#3572);
#3568 = LINE('',#3569,#3570);
#3569 = CARTESIAN_POINT('',(1.570796326795,-6.28318530718));
#3570 = VECTOR('',#3571,1.);
#3571 = DIRECTION('',(0.,1.));
#3572 = ( GEOMETRIC_REPRESENTATION_CONTEXT(2) 
PARAMETRIC_REPRESENTATION_CONTEXT() REPRESENTATION_CONTEXT('2D SPACE',''
  ) );
#3573 = ORIENTED_EDGE('',*,*,#3471,.F.);
#3574 = ADVANCED_FACE('',(#3575),#1882,.F.);
#3575 = FACE_BOUND('',#3576,.F.);
#3576 = EDGE_LOOP('',(#3577,#3600,#3601,#3602,#3630,#3654));
#3577 = ORIENTED_EDGE('',*,*,#3578,.F.);
#3578 = EDGE_CURVE('',#1766,#3579,#3581,.T.);
#3579 = VERTEX_POINT('',#3580);
#3580 = CARTESIAN_POINT('',(-10.,-9.624355652982,6.));
#3581 = SURFACE_CURVE('',#3582,(#3586,#3593),.PCURVE_S1.);
#3582 = LINE('',#3583,#3584);
#3583 = CARTESIAN_POINT('',(-10.,-15.62435565298,6.));
#3584 = VECTOR('',#3585,1.);
#3585 = DIRECTION('',(0.,1.,0.));
#3586 = PCURVE('',#1882,#3587);
#3587 = DEFINITIONAL_REPRESENTATION('',(#3588),#3592);
#3588 = LINE('',#3589,#3590);
#3589 = CARTESIAN_POINT('',(1.,0.));
#3590 = VECTOR('',#3591,1.);
#3591 = DIRECTION('',(0.,1.));
#3592 = ( GEOMETRIC_REPRESENTATION_CONTEXT(2) 
PARAMETRIC_REPRESENTATION_CONTEXT() REPRESENTATION_CONTEXT('2D SPACE',''
  ) );
#3593 = PCURVE('',#1829,#3594);
#3594 = DEFINITIONAL_REPRESENTATION('',(#3595),#3599);
#3595 = LINE('',#3596,#3597);
#3596 = CARTESIAN_POINT('',(1.570796326795,0.));
#3597 = VECTOR('',#3598,1.);
#3598 = DIRECTION('',(0.,1.));
#3599 = ( GEOMETRIC_REPRESENTATION_CONTEXT(2) 
PARAMETRIC_REPRESENTATION_CONTEXT() REPRESENTATION_CONTEXT('2D SPACE',''
  ) );
#3600 = ORIENTED_EDGE('',*,*,#1865,.T.);
#3601 = ORIENTED_EDGE('',*,*,#3524,.T.);
#3602 = ORIENTED_EDGE('',*,*,#3603,.T.);
#3603 = EDGE_CURVE('',#3525,#3604,#3606,.T.);
#3604 = VERTEX_POINT('',#3605);
#3605 = CARTESIAN_POINT('',(-4.,-11.31370849898,6.));
#3606 = SURFACE_CURVE('',#3607,(#3611,#3618),.PCURVE_S1.);
#3607 = LINE('',#3608,#3609);
#3608 = CARTESIAN_POINT('',(-4.,-15.62435565298,6.));
#3609 = VECTOR('',#3610,1.);
#3610 = DIRECTION('',(0.,1.,0.));
#3611 = PCURVE('',#1882,#3612);
#3612 = DEFINITIONAL_REPRESENTATION('',(#3613),#3617);
#3613 = LINE('',#3614,#3615);
#3614 = CARTESIAN_POINT('',(7.,0.));
#3615 = VECTOR('',#3616,1.);
#3616 = DIRECTION('',(0.,1.));
#3617 = ( GEOMETRIC_REPRESENTATION_CONTEXT(2) 
PARAMETRIC_REPRESENTATION_CONTEXT() REPRESENTATION_CONTEXT('2D SPACE',''
  ) );
#3618 = PCURVE('',#3619,#3624);
#3619 = CYLINDRICAL_SURFACE('',#3620,1.);
#3620 = AXIS2_PLACEMENT_3D('',#3621,#3622,#3623);
#3621 = CARTESIAN_POINT('',(-4.,-15.62435565298,5.));
#3622 = DIRECTION('',(0.,1.,0.));
#3623 = DIRECTION('',(1.,0.,-0.));
#3624 = DEFINITIONAL_REPRESENTATION('',(#3625),#3629);
#3625 = LINE('',#3626,#3627);
#3626 = CARTESIAN_POINT('',(-1.570796326795,0.));
#3627 = VECTOR('',#3628,1.);
#3628 = DIRECTION('',(-0.,1.));
#3629 = ( GEOMETRIC_REPRESENTATION_CONTEXT(2) 
PARAMETRIC_REPRESENTATION_CONTEXT() REPRESENTATION_CONTEXT('2D SPACE',''
  ) );
#3630 = ORIENTED_EDGE('',*,*,#3631,.F.);
#3631 = EDGE_CURVE('',#3632,#3604,#3634,.T.);
#3632 = VERTEX_POINT('',#3633);
#3633 = CARTESIAN_POINT('',(-7.167410848062,-9.624355652982,6.));
#3634 = SURFACE_CURVE('',#3635,(#3640,#3647),.PCURVE_S1.);
#3635 = CIRCLE('',#3636,12.);
#3636 = AXIS2_PLACEMENT_3D('',#3637,#3638,#3639);
#3637 = CARTESIAN_POINT('',(0.,0.,6.));
#3638 = DIRECTION('',(0.,0.,1.));
#3639 = DIRECTION('',(1.,0.,-0.));
#3640 = PCURVE('',#1882,#3641);
#3641 = DEFINITIONAL_REPRESENTATION('',(#3642),#3646);
#3642 = CIRCLE('',#3643,12.);
#3643 = AXIS2_PLACEMENT_2D('',#3644,#3645);
#3644 = CARTESIAN_POINT('',(11.,15.624355652982));
#3645 = DIRECTION('',(1.,0.));
#3646 = ( GEOMETRIC_REPRESENTATION_CONTEXT(2) 
PARAMETRIC_REPRESENTATION_CONTEXT() REPRESENTATION_CONTEXT('2D SPACE',''
  ) );
#3647 = PCURVE('',#2446,#3648);
#3648 = DEFINITIONAL_REPRESENTATION('',(#3649),#3653);
#3649 = LINE('',#3650,#3651);
#3650 = CARTESIAN_POINT('',(0.,15.));
#3651 = VECTOR('',#3652,1.);
#3652 = DIRECTION('',(1.,0.));
#3653 = ( GEOMETRIC_REPRESENTATION_CONTEXT(2) 
PARAMETRIC_REPRESENTATION_CONTEXT() REPRESENTATION_CONTEXT('2D SPACE',''
  ) );
#3654 = ORIENTED_EDGE('',*,*,#3655,.F.);
#3655 = EDGE_CURVE('',#3579,#3632,#3656,.T.);
#3656 = SURFACE_CURVE('',#3657,(#3661,#3668),.PCURVE_S1.);
#3657 = LINE('',#3658,#3659);
#3658 = CARTESIAN_POINT('',(-11.,-9.624355652982,6.));
#3659 = VECTOR('',#3660,1.);
#3660 = DIRECTION('',(1.,0.,0.));
#3661 = PCURVE('',#1882,#3662);
#3662 = DEFINITIONAL_REPRESENTATION('',(#3663),#3667);
#3663 = LINE('',#3664,#3665);
#3664 = CARTESIAN_POINT('',(0.,6.));
#3665 = VECTOR('',#3666,1.);
#3666 = DIRECTION('',(1.,0.));
#3667 = ( GEOMETRIC_REPRESENTATION_CONTEXT(2) 
PARAMETRIC_REPRESENTATION_CONTEXT() REPRESENTATION_CONTEXT('2D SPACE',''
  ) );
#3668 = PCURVE('',#3669,#3674);
#3669 = CYLINDRICAL_SURFACE('',#3670,1.);
#3670 = AXIS2_PLACEMENT_3D('',#3671,#3672,#3673);
#3671 = CARTESIAN_POINT('',(-11.,-9.624355652982,5.));
#3672 = DIRECTION('',(1.,0.,0.));
#3673 = DIRECTION('',(-0.,1.,0.));
#3674 = DEFINITIONAL_REPRESENTATION('',(#3675),#3679);
#3675 = LINE('',#3676,#3677);
#3676 = CARTESIAN_POINT('',(1.570796326795,0.));
#3677 = VECTOR('',#3678,1.);
#3678 = DIRECTION('',(0.,1.));
#3679 = ( GEOMETRIC_REPRESENTATION_CONTEXT(2) 
PARAMETRIC_REPRESENTATION_CONTEXT() REPRESENTATION_CONTEXT('2D SPACE',''
  ) );
#3680 = ADVANCED_FACE('',(#3681),#1829,.F.);
#3681 = FACE_BOUND('',#3682,.F.);
#3682 = EDGE_LOOP('',(#3683,#3684,#3685,#3714));
#3683 = ORIENTED_EDGE('',*,*,#1765,.T.);
#3684 = ORIENTED_EDGE('',*,*,#3578,.T.);
#3685 = ORIENTED_EDGE('',*,*,#3686,.F.);
#3686 = EDGE_CURVE('',#3687,#3579,#3689,.T.);
#3687 = VERTEX_POINT('',#3688);
#3688 = CARTESIAN_POINT('',(-11.,-9.624355652982,5.));
#3689 = SURFACE_CURVE('',#3690,(#3695,#3702),.PCURVE_S1.);
#3690 = CIRCLE('',#3691,1.);
#3691 = AXIS2_PLACEMENT_3D('',#3692,#3693,#3694);
#3692 = CARTESIAN_POINT('',(-10.,-9.624355652982,5.));
#3693 = DIRECTION('',(0.,1.,0.));
#3694 = DIRECTION('',(-1.,0.,0.));
#3695 = PCURVE('',#1829,#3696);
#3696 = DEFINITIONAL_REPRESENTATION('',(#3697),#3701);
#3697 = LINE('',#3698,#3699);
#3698 = CARTESIAN_POINT('',(0.,6.));
#3699 = VECTOR('',#3700,1.);
#3700 = DIRECTION('',(1.,0.));
#3701 = ( GEOMETRIC_REPRESENTATION_CONTEXT(2) 
PARAMETRIC_REPRESENTATION_CONTEXT() REPRESENTATION_CONTEXT('2D SPACE',''
  ) );
#3702 = PCURVE('',#3703,#3708);
#3703 = SPHERICAL_SURFACE('',#3704,1.);
#3704 = AXIS2_PLACEMENT_3D('',#3705,#3706,#3707);
#3705 = CARTESIAN_POINT('',(-10.,-9.624355652982,5.));
#3706 = DIRECTION('',(-0.,-1.,-0.));
#3707 = DIRECTION('',(-1.,0.,0.));
#3708 = DEFINITIONAL_REPRESENTATION('',(#3709),#3713);
#3709 = LINE('',#3710,#3711);
#3710 = CARTESIAN_POINT('',(-0.,0.));
#3711 = VECTOR('',#3712,1.);
#3712 = DIRECTION('',(-1.,0.));
#3713 = ( GEOMETRIC_REPRESENTATION_CONTEXT(2) 
PARAMETRIC_REPRESENTATION_CONTEXT() REPRESENTATION_CONTEXT('2D SPACE',''
  ) );
#3714 = ORIENTED_EDGE('',*,*,#3715,.F.);
#3715 = EDGE_CURVE('',#1740,#3687,#3716,.T.);
#3716 = SURFACE_CURVE('',#3717,(#3721,#3728),.PCURVE_S1.);
#3717 = LINE('',#3718,#3719);
#3718 = CARTESIAN_POINT('',(-11.,-15.62435565298,5.));
#3719 = VECTOR('',#3720,1.);
#3720 = DIRECTION('',(0.,1.,0.));
#3721 = PCURVE('',#1829,#3722);
#3722 = DEFINITIONAL_REPRESENTATION('',(#3723),#3727);
#3723 = LINE('',#3724,#3725);
#3724 = CARTESIAN_POINT('',(0.,0.));
#3725 = VECTOR('',#3726,1.);
#3726 = DIRECTION('',(0.,1.));
#3727 = ( GEOMETRIC_REPRESENTATION_CONTEXT(2) 
PARAMETRIC_REPRESENTATION_CONTEXT() REPRESENTATION_CONTEXT('2D SPACE',''
  ) );
#3728 = PCURVE('',#1754,#3729);
#3729 = DEFINITIONAL_REPRESENTATION('',(#3730),#3734);
#3730 = LINE('',#3731,#3732);
#3731 = CARTESIAN_POINT('',(5.,0.));
#3732 = VECTOR('',#3733,1.);
#3733 = DIRECTION('',(0.,-1.));
#3734 = ( GEOMETRIC_REPRESENTATION_CONTEXT(2) 
PARAMETRIC_REPRESENTATION_CONTEXT() REPRESENTATION_CONTEXT('2D SPACE',''
  ) );
#3735 = ADVANCED_FACE('',(#3736),#1754,.T.);
#3736 = FACE_BOUND('',#3737,.T.);
#3737 = EDGE_LOOP('',(#3738,#3739,#3740,#3766));
#3738 = ORIENTED_EDGE('',*,*,#1739,.F.);
#3739 = ORIENTED_EDGE('',*,*,#3284,.T.);
#3740 = ORIENTED_EDGE('',*,*,#3741,.T.);
#3741 = EDGE_CURVE('',#3256,#3687,#3742,.T.);
#3742 = SURFACE_CURVE('',#3743,(#3747,#3754),.PCURVE_S1.);
#3743 = LINE('',#3744,#3745);
#3744 = CARTESIAN_POINT('',(-11.,-9.624355652982,0.));
#3745 = VECTOR('',#3746,1.);
#3746 = DIRECTION('',(0.,0.,1.));
#3747 = PCURVE('',#1754,#3748);
#3748 = DEFINITIONAL_REPRESENTATION('',(#3749),#3753);
#3749 = LINE('',#3750,#3751);
#3750 = CARTESIAN_POINT('',(0.,-6.));
#3751 = VECTOR('',#3752,1.);
#3752 = DIRECTION('',(1.,0.));
#3753 = ( GEOMETRIC_REPRESENTATION_CONTEXT(2) 
PARAMETRIC_REPRESENTATION_CONTEXT() REPRESENTATION_CONTEXT('2D SPACE',''
  ) );
#3754 = PCURVE('',#3755,#3760);
#3755 = CYLINDRICAL_SURFACE('',#3756,1.);
#3756 = AXIS2_PLACEMENT_3D('',#3757,#3758,#3759);
#3757 = CARTESIAN_POINT('',(-10.,-9.624355652982,0.));
#3758 = DIRECTION('',(0.,0.,1.));
#3759 = DIRECTION('',(-1.,-0.,0.));
#3760 = DEFINITIONAL_REPRESENTATION('',(#3761),#3765);
#3761 = LINE('',#3762,#3763);
#3762 = CARTESIAN_POINT('',(-0.,0.));
#3763 = VECTOR('',#3764,1.);
#3764 = DIRECTION('',(-0.,1.));
#3765 = ( GEOMETRIC_REPRESENTATION_CONTEXT(2) 
PARAMETRIC_REPRESENTATION_CONTEXT() REPRESENTATION_CONTEXT('2D SPACE',''
  ) );
#3766 = ORIENTED_EDGE('',*,*,#3715,.F.);
#3767 = ADVANCED_FACE('',(#3768),#2221,.F.);
#3768 = FACE_BOUND('',#3769,.T.);
#3769 = EDGE_LOOP('',(#3770,#3837,#3858,#3859));
#3770 = ORIENTED_EDGE('',*,*,#3771,.T.);
#3771 = EDGE_CURVE('',#3772,#3774,#3776,.T.);
#3772 = VERTEX_POINT('',#3773);
#3773 = CARTESIAN_POINT('',(11.478240283249,-3.5,5.));
#3774 = VERTEX_POINT('',#3775);
#3775 = CARTESIAN_POINT('',(11.736694594306,-2.5,6.));
#3776 = SURFACE_CURVE('',#3777,(#3795,#3816),.PCURVE_S1.);
#3777 = B_SPLINE_CURVE_WITH_KNOTS('',6,(#3778,#3779,#3780,#3781,#3782,
    #3783,#3784,#3785,#3786,#3787,#3788,#3789,#3790,#3791,#3792,#3793,
    #3794),.UNSPECIFIED.,.F.,.F.,(7,5,5,7),(0.,0.45738766852,
    0.627613380619,1.),.UNSPECIFIED.);
#3778 = CARTESIAN_POINT('',(11.478240283249,-3.5,5.));
#3779 = CARTESIAN_POINT('',(11.478240283249,-3.5,5.110367117499));
#3780 = CARTESIAN_POINT('',(11.482697483477,-3.485382880941,
    5.22078539221));
#3781 = CARTESIAN_POINT('',(11.491619089826,-3.456123284718,
    5.329460811977));
#3782 = CARTESIAN_POINT('',(11.504867262661,-3.412178642413,
    5.434542910281));
#3783 = CARTESIAN_POINT('',(11.522128828892,-3.35355426605,
    5.533969160738));
#3784 = CARTESIAN_POINT('',(11.550644418415,-3.253215941848,
    5.659211862008));
#3785 = CARTESIAN_POINT('',(11.558864946509,-3.223998068562,
    5.692045792733));
#3786 = CARTESIAN_POINT('',(11.567541145003,-3.192802793085,
    5.723596631013));
#3787 = CARTESIAN_POINT('',(11.576637846985,-3.159667630538,
    5.75371286456));
#3788 = CARTESIAN_POINT('',(11.586115377713,-3.124641605557,
    5.782239286301));
#3789 = CARTESIAN_POINT('',(11.617399097122,-3.00715810951,
    5.867596042518));
#3790 = CARTESIAN_POINT('',(11.640626192988,-2.917224258589,
    5.918204487353));
#3791 = CARTESIAN_POINT('',(11.664949516234,-2.819324605574,
    5.958291467117));
#3792 = CARTESIAN_POINT('',(11.689541392865,-2.715496797771,
    5.985954458457));
#3793 = CARTESIAN_POINT('',(11.713649835173,-2.608187719975,6.));
#3794 = CARTESIAN_POINT('',(11.736694594306,-2.5,6.));
#3795 = PCURVE('',#2221,#3796);
#3796 = DEFINITIONAL_REPRESENTATION('',(#3797),#3815);
#3797 = B_SPLINE_CURVE_WITH_KNOTS('',6,(#3798,#3799,#3800,#3801,#3802,
    #3803,#3804,#3805,#3806,#3807,#3808,#3809,#3810,#3811,#3812,#3813,
    #3814),.UNSPECIFIED.,.F.,.F.,(7,5,5,7),(0.,0.45738766852,
    0.627613380619,1.),.UNSPECIFIED.);
#3798 = CARTESIAN_POINT('',(0.,1.478240283249));
#3799 = CARTESIAN_POINT('',(-0.110367117499,1.478240283249));
#3800 = CARTESIAN_POINT('',(-0.22078612755,1.482697483477));
#3801 = CARTESIAN_POINT('',(-0.33187803758,1.491619089826));
#3802 = CARTESIAN_POINT('',(-0.444239298302,1.504867262661));
#3803 = CARTESIAN_POINT('',(-0.558489653511,1.522128828892));
#3804 = CARTESIAN_POINT('',(-0.718968666235,1.550644418415));
#3805 = CARTESIAN_POINT('',(-0.762861790134,1.558864946509));
#3806 = CARTESIAN_POINT('',(-0.807137841497,1.567541145003));
#3807 = CARTESIAN_POINT('',(-0.851816452466,1.576637846985));
#3808 = CARTESIAN_POINT('',(-0.89692083804,1.586115377713));
#3809 = CARTESIAN_POINT('',(-1.042138425388,1.617399097122));
#3810 = CARTESIAN_POINT('',(-1.144643035778,1.640626192988));
#3811 = CARTESIAN_POINT('',(-1.24919117962,1.664949516234));
#3812 = CARTESIAN_POINT('',(-1.355299826406,1.689541392865));
#3813 = CARTESIAN_POINT('',(-1.46260860682,1.713649835173));
#3814 = CARTESIAN_POINT('',(-1.570796326795,1.736694594306));
#3815 = ( GEOMETRIC_REPRESENTATION_CONTEXT(2) 
PARAMETRIC_REPRESENTATION_CONTEXT() REPRESENTATION_CONTEXT('2D SPACE',''
  ) );
#3816 = PCURVE('',#2446,#3817);
#3817 = DEFINITIONAL_REPRESENTATION('',(#3818),#3836);
#3818 = B_SPLINE_CURVE_WITH_KNOTS('',6,(#3819,#3820,#3821,#3822,#3823,
    #3824,#3825,#3826,#3827,#3828,#3829,#3830,#3831,#3832,#3833,#3834,
    #3835),.UNSPECIFIED.,.F.,.F.,(7,5,5,7),(0.,0.45738766852,
    0.627613380619,1.),.UNSPECIFIED.);
#3819 = CARTESIAN_POINT('',(5.987216503821,14.));
#3820 = CARTESIAN_POINT('',(5.987216503821,14.110367117499));
#3821 = CARTESIAN_POINT('',(5.988489968622,14.22078539221));
#3822 = CARTESIAN_POINT('',(5.991039097929,14.329460811977));
#3823 = CARTESIAN_POINT('',(5.994863924922,14.434542910281));
#3824 = CARTESIAN_POINT('',(5.999956433306,14.533969160738));
#3825 = CARTESIAN_POINT('',(6.008649069937,14.659211862008));
#3826 = CARTESIAN_POINT('',(6.011178419473,14.692045792733));
#3827 = CARTESIAN_POINT('',(6.013876677402,14.723596631013));
#3828 = CARTESIAN_POINT('',(6.01674007887,14.75371286456));
#3829 = CARTESIAN_POINT('',(6.01976385731,14.782239286301));
#3830 = CARTESIAN_POINT('',(6.029895300028,14.867596042518));
#3831 = CARTESIAN_POINT('',(6.037635488607,14.918204487353));
#3832 = CARTESIAN_POINT('',(6.046041243258,14.958291467117));
#3833 = CARTESIAN_POINT('',(6.054932052674,14.985954458457));
#3834 = CARTESIAN_POINT('',(6.064096811264,15.));
#3835 = CARTESIAN_POINT('',(6.073314714917,15.));
#3836 = ( GEOMETRIC_REPRESENTATION_CONTEXT(2) 
PARAMETRIC_REPRESENTATION_CONTEXT() REPRESENTATION_CONTEXT('2D SPACE',''
  ) );
#3837 = ORIENTED_EDGE('',*,*,#3838,.T.);
#3838 = EDGE_CURVE('',#3774,#2181,#3839,.T.);
#3839 = SURFACE_CURVE('',#3840,(#3844,#3851),.PCURVE_S1.);
#3840 = LINE('',#3841,#3842);
#3841 = CARTESIAN_POINT('',(10.,-2.5,6.));
#3842 = VECTOR('',#3843,1.);
#3843 = DIRECTION('',(1.,0.,0.));
#3844 = PCURVE('',#2221,#3845);
#3845 = DEFINITIONAL_REPRESENTATION('',(#3846),#3850);
#3846 = LINE('',#3847,#3848);
#3847 = CARTESIAN_POINT('',(-1.570796326795,0.));
#3848 = VECTOR('',#3849,1.);
#3849 = DIRECTION('',(-0.,1.));
#3850 = ( GEOMETRIC_REPRESENTATION_CONTEXT(2) 
PARAMETRIC_REPRESENTATION_CONTEXT() REPRESENTATION_CONTEXT('2D SPACE',''
  ) );
#3851 = PCURVE('',#2643,#3852);
#3852 = DEFINITIONAL_REPRESENTATION('',(#3853),#3857);
#3853 = LINE('',#3854,#3855);
#3854 = CARTESIAN_POINT('',(0.,1.));
#3855 = VECTOR('',#3856,1.);
#3856 = DIRECTION('',(1.,0.));
#3857 = ( GEOMETRIC_REPRESENTATION_CONTEXT(2) 
PARAMETRIC_REPRESENTATION_CONTEXT() REPRESENTATION_CONTEXT('2D SPACE',''
  ) );
#3858 = ORIENTED_EDGE('',*,*,#2204,.T.);
#3859 = ORIENTED_EDGE('',*,*,#3860,.F.);
#3860 = EDGE_CURVE('',#3772,#2205,#3861,.T.);
#3861 = SURFACE_CURVE('',#3862,(#3866,#3873),.PCURVE_S1.);
#3862 = LINE('',#3863,#3864);
#3863 = CARTESIAN_POINT('',(10.,-3.5,5.));
#3864 = VECTOR('',#3865,1.);
#3865 = DIRECTION('',(1.,0.,0.));
#3866 = PCURVE('',#2221,#3867);
#3867 = DEFINITIONAL_REPRESENTATION('',(#3868),#3872);
#3868 = LINE('',#3869,#3870);
#3869 = CARTESIAN_POINT('',(-0.,0.));
#3870 = VECTOR('',#3871,1.);
#3871 = DIRECTION('',(-0.,1.));
#3872 = ( GEOMETRIC_REPRESENTATION_CONTEXT(2) 
PARAMETRIC_REPRESENTATION_CONTEXT() REPRESENTATION_CONTEXT('2D SPACE',''
  ) );
#3873 = PCURVE('',#2298,#3874);
#3874 = DEFINITIONAL_REPRESENTATION('',(#3875),#3879);
#3875 = LINE('',#3876,#3877);
#3876 = CARTESIAN_POINT('',(5.,0.));
#3877 = VECTOR('',#3878,1.);
#3878 = DIRECTION('',(0.,1.));
#3879 = ( GEOMETRIC_REPRESENTATION_CONTEXT(2) 
PARAMETRIC_REPRESENTATION_CONTEXT() REPRESENTATION_CONTEXT('2D SPACE',''
  ) );
#3880 = ADVANCED_FACE('',(#3881),#2298,.T.);
#3881 = FACE_BOUND('',#3882,.T.);
#3882 = EDGE_LOOP('',(#3883,#3906,#3925,#3926));
#3883 = ORIENTED_EDGE('',*,*,#3884,.F.);
#3884 = EDGE_CURVE('',#3885,#2261,#3887,.T.);
#3885 = VERTEX_POINT('',#3886);
#3886 = CARTESIAN_POINT('',(11.478240283249,-3.5,1.));
#3887 = SURFACE_CURVE('',#3888,(#3892,#3899),.PCURVE_S1.);
#3888 = LINE('',#3889,#3890);
#3889 = CARTESIAN_POINT('',(10.,-3.5,1.));
#3890 = VECTOR('',#3891,1.);
#3891 = DIRECTION('',(1.,0.,0.));
#3892 = PCURVE('',#2298,#3893);
#3893 = DEFINITIONAL_REPRESENTATION('',(#3894),#3898);
#3894 = LINE('',#3895,#3896);
#3895 = CARTESIAN_POINT('',(1.,0.));
#3896 = VECTOR('',#3897,1.);
#3897 = DIRECTION('',(0.,1.));
#3898 = ( GEOMETRIC_REPRESENTATION_CONTEXT(2) 
PARAMETRIC_REPRESENTATION_CONTEXT() REPRESENTATION_CONTEXT('2D SPACE',''
  ) );
#3899 = PCURVE('',#2353,#3900);
#3900 = DEFINITIONAL_REPRESENTATION('',(#3901),#3905);
#3901 = LINE('',#3902,#3903);
#3902 = CARTESIAN_POINT('',(0.,0.));
#3903 = VECTOR('',#3904,1.);
#3904 = DIRECTION('',(0.,1.));
#3905 = ( GEOMETRIC_REPRESENTATION_CONTEXT(2) 
PARAMETRIC_REPRESENTATION_CONTEXT() REPRESENTATION_CONTEXT('2D SPACE',''
  ) );
#3906 = ORIENTED_EDGE('',*,*,#3907,.T.);
#3907 = EDGE_CURVE('',#3885,#3772,#3908,.T.);
#3908 = SURFACE_CURVE('',#3909,(#3913,#3919),.PCURVE_S1.);
#3909 = LINE('',#3910,#3911);
#3910 = CARTESIAN_POINT('',(11.478240283249,-3.5,-9.));
#3911 = VECTOR('',#3912,1.);
#3912 = DIRECTION('',(0.,0.,1.));
#3913 = PCURVE('',#2298,#3914);
#3914 = DEFINITIONAL_REPRESENTATION('',(#3915),#3918);
#3915 = B_SPLINE_CURVE_WITH_KNOTS('',1,(#3916,#3917),.UNSPECIFIED.,.F.,
  .F.,(2,2),(9.6,14.4),.PIECEWISE_BEZIER_KNOTS.);
#3916 = CARTESIAN_POINT('',(0.6,1.478240283249));
#3917 = CARTESIAN_POINT('',(5.4,1.478240283249));
#3918 = ( GEOMETRIC_REPRESENTATION_CONTEXT(2) 
PARAMETRIC_REPRESENTATION_CONTEXT() REPRESENTATION_CONTEXT('2D SPACE',''
  ) );
#3919 = PCURVE('',#2446,#3920);
#3920 = DEFINITIONAL_REPRESENTATION('',(#3921),#3924);
#3921 = B_SPLINE_CURVE_WITH_KNOTS('',1,(#3922,#3923),.UNSPECIFIED.,.F.,
  .F.,(2,2),(9.6,14.4),.PIECEWISE_BEZIER_KNOTS.);
#3922 = CARTESIAN_POINT('',(5.987216503821,9.6));
#3923 = CARTESIAN_POINT('',(5.987216503821,14.4));
#3924 = ( GEOMETRIC_REPRESENTATION_CONTEXT(2) 
PARAMETRIC_REPRESENTATION_CONTEXT() REPRESENTATION_CONTEXT('2D SPACE',''
  ) );
#3925 = ORIENTED_EDGE('',*,*,#3860,.T.);
#3926 = ORIENTED_EDGE('',*,*,#2284,.F.);
#3927 = ADVANCED_FACE('',(#3928),#2353,.F.);
#3928 = FACE_BOUND('',#3929,.F.);
#3929 = EDGE_LOOP('',(#3930,#3995,#4016,#4017));
#3930 = ORIENTED_EDGE('',*,*,#3931,.T.);
#3931 = EDGE_CURVE('',#3885,#3932,#3934,.T.);
#3932 = VERTEX_POINT('',#3933);
#3933 = CARTESIAN_POINT('',(11.736694594306,-2.5,0.));
#3934 = SURFACE_CURVE('',#3935,(#3953,#3974),.PCURVE_S1.);
#3935 = B_SPLINE_CURVE_WITH_KNOTS('',6,(#3936,#3937,#3938,#3939,#3940,
    #3941,#3942,#3943,#3944,#3945,#3946,#3947,#3948,#3949,#3950,#3951,
    #3952),.UNSPECIFIED.,.F.,.F.,(7,5,5,7),(0.,0.457387618342,
    0.627613332124,1.),.UNSPECIFIED.);
#3936 = CARTESIAN_POINT('',(11.478240283249,-3.5,1.));
#3937 = CARTESIAN_POINT('',(11.478240283249,-3.5,0.889632882501));
#3938 = CARTESIAN_POINT('',(11.482697483477,-3.485382880941,
    0.77921460779));
#3939 = CARTESIAN_POINT('',(11.491619089826,-3.456123284718,
    0.670539188022));
#3940 = CARTESIAN_POINT('',(11.504867262661,-3.412178642413,
    0.565457089719));
#3941 = CARTESIAN_POINT('',(11.522128828892,-3.35355426605,
    0.466030839262));
#3942 = CARTESIAN_POINT('',(11.55064441934,-3.253215938593,0.34078813393
    ));
#3943 = CARTESIAN_POINT('',(11.558864946122,-3.22399807007,
    0.307954207913));
#3944 = CARTESIAN_POINT('',(11.567541143945,-3.192802796946,
    0.276403372646));
#3945 = CARTESIAN_POINT('',(11.576637846803,-3.159667631102,
    0.246287136758));
#3946 = CARTESIAN_POINT('',(11.586115378894,-3.124641601121,
    0.217760710476));
#3947 = CARTESIAN_POINT('',(11.617399097122,-3.00715810951,
    0.132403957482));
#3948 = CARTESIAN_POINT('',(11.640626192988,-2.917224258589,
    8.179551264686E-02));
#3949 = CARTESIAN_POINT('',(11.664949516234,-2.819324605574,
    4.170853288313E-02));
#3950 = CARTESIAN_POINT('',(11.689541392865,-2.715496797772,
    1.404554154289E-02));
#3951 = CARTESIAN_POINT('',(11.713649835173,-2.608187719975,
    6.624587248728E-18));
#3952 = CARTESIAN_POINT('',(11.736694594306,-2.5,0.));
#3953 = PCURVE('',#2353,#3954);
#3954 = DEFINITIONAL_REPRESENTATION('',(#3955),#3973);
#3955 = B_SPLINE_CURVE_WITH_KNOTS('',6,(#3956,#3957,#3958,#3959,#3960,
    #3961,#3962,#3963,#3964,#3965,#3966,#3967,#3968,#3969,#3970,#3971,
    #3972),.UNSPECIFIED.,.F.,.F.,(7,5,5,7),(0.,0.457387618342,
    0.627613332124,1.),.UNSPECIFIED.);
#3956 = CARTESIAN_POINT('',(0.,1.478240283249));
#3957 = CARTESIAN_POINT('',(0.110367117499,1.478240283249));
#3958 = CARTESIAN_POINT('',(0.22078612755,1.482697483477));
#3959 = CARTESIAN_POINT('',(0.33187803758,1.491619089826));
#3960 = CARTESIAN_POINT('',(0.444239298302,1.504867262661));
#3961 = CARTESIAN_POINT('',(0.558489653511,1.522128828892));
#3962 = CARTESIAN_POINT('',(0.718968671441,1.55064441934));
#3963 = CARTESIAN_POINT('',(0.762861788587,1.558864946122));
#3964 = CARTESIAN_POINT('',(0.807137836138,1.567541143945));
#3965 = CARTESIAN_POINT('',(0.851816451141,1.576637846803));
#3966 = CARTESIAN_POINT('',(0.896920843522,1.586115378894));
#3967 = CARTESIAN_POINT('',(1.042138425388,1.617399097122));
#3968 = CARTESIAN_POINT('',(1.144643035778,1.640626192988));
#3969 = CARTESIAN_POINT('',(1.24919117962,1.664949516234));
#3970 = CARTESIAN_POINT('',(1.355299826406,1.689541392865));
#3971 = CARTESIAN_POINT('',(1.46260860682,1.713649835173));
#3972 = CARTESIAN_POINT('',(1.570796326795,1.736694594306));
#3973 = ( GEOMETRIC_REPRESENTATION_CONTEXT(2) 
PARAMETRIC_REPRESENTATION_CONTEXT() REPRESENTATION_CONTEXT('2D SPACE',''
  ) );
#3974 = PCURVE('',#2446,#3975);
#3975 = DEFINITIONAL_REPRESENTATION('',(#3976),#3994);
#3976 = B_SPLINE_CURVE_WITH_KNOTS('',6,(#3977,#3978,#3979,#3980,#3981,
    #3982,#3983,#3984,#3985,#3986,#3987,#3988,#3989,#3990,#3991,#3992,
    #3993),.UNSPECIFIED.,.F.,.F.,(7,5,5,7),(0.,0.457387618342,
    0.627613332124,1.),.UNSPECIFIED.);
#3977 = CARTESIAN_POINT('',(5.987216503821,10.));
#3978 = CARTESIAN_POINT('',(5.987216503821,9.889632882501));
#3979 = CARTESIAN_POINT('',(5.988489968622,9.77921460779));
#3980 = CARTESIAN_POINT('',(5.991039097929,9.670539188022));
#3981 = CARTESIAN_POINT('',(5.994863924922,9.565457089719));
#3982 = CARTESIAN_POINT('',(5.999956433306,9.466030839262));
#3983 = CARTESIAN_POINT('',(6.008649070219,9.34078813393));
#3984 = CARTESIAN_POINT('',(6.011178419343,9.307954207913));
#3985 = CARTESIAN_POINT('',(6.013876677068,9.276403372646));
#3986 = CARTESIAN_POINT('',(6.016740078821,9.246287136758));
#3987 = CARTESIAN_POINT('',(6.019763857692,9.217760710476));
#3988 = CARTESIAN_POINT('',(6.029895300028,9.132403957482));
#3989 = CARTESIAN_POINT('',(6.037635488607,9.081795512647));
#3990 = CARTESIAN_POINT('',(6.046041243258,9.041708532883));
#3991 = CARTESIAN_POINT('',(6.054932052674,9.014045541543));
#3992 = CARTESIAN_POINT('',(6.064096811264,9.));
#3993 = CARTESIAN_POINT('',(6.073314714917,9.));
#3994 = ( GEOMETRIC_REPRESENTATION_CONTEXT(2) 
PARAMETRIC_REPRESENTATION_CONTEXT() REPRESENTATION_CONTEXT('2D SPACE',''
  ) );
#3995 = ORIENTED_EDGE('',*,*,#3996,.T.);
#3996 = EDGE_CURVE('',#3932,#2315,#3997,.T.);
#3997 = SURFACE_CURVE('',#3998,(#4002,#4009),.PCURVE_S1.);
#3998 = LINE('',#3999,#4000);
#3999 = CARTESIAN_POINT('',(10.,-2.5,0.));
#4000 = VECTOR('',#4001,1.);
#4001 = DIRECTION('',(1.,0.,0.));
#4002 = PCURVE('',#2353,#4003);
#4003 = DEFINITIONAL_REPRESENTATION('',(#4004),#4008);
#4004 = LINE('',#4005,#4006);
#4005 = CARTESIAN_POINT('',(1.570796326795,0.));
#4006 = VECTOR('',#4007,1.);
#4007 = DIRECTION('',(0.,1.));
#4008 = ( GEOMETRIC_REPRESENTATION_CONTEXT(2) 
PARAMETRIC_REPRESENTATION_CONTEXT() REPRESENTATION_CONTEXT('2D SPACE',''
  ) );
#4009 = PCURVE('',#2387,#4010);
#4010 = DEFINITIONAL_REPRESENTATION('',(#4011),#4015);
#4011 = LINE('',#4012,#4013);
#4012 = CARTESIAN_POINT('',(0.,1.));
#4013 = VECTOR('',#4014,1.);
#4014 = DIRECTION('',(1.,0.));
#4015 = ( GEOMETRIC_REPRESENTATION_CONTEXT(2) 
PARAMETRIC_REPRESENTATION_CONTEXT() REPRESENTATION_CONTEXT('2D SPACE',''
  ) );
#4016 = ORIENTED_EDGE('',*,*,#2338,.T.);
#4017 = ORIENTED_EDGE('',*,*,#3884,.F.);
#4018 = ADVANCED_FACE('',(#4019),#2387,.T.);
#4019 = FACE_BOUND('',#4020,.T.);
#4020 = EDGE_LOOP('',(#4021,#4045,#4046,#4047,#4070));
#4021 = ORIENTED_EDGE('',*,*,#4022,.F.);
#4022 = EDGE_CURVE('',#3932,#4023,#4025,.T.);
#4023 = VERTEX_POINT('',#4024);
#4024 = CARTESIAN_POINT('',(12.,-2.939152317954E-15,0.));
#4025 = SURFACE_CURVE('',#4026,(#4031,#4038),.PCURVE_S1.);
#4026 = CIRCLE('',#4027,12.);
#4027 = AXIS2_PLACEMENT_3D('',#4028,#4029,#4030);
#4028 = CARTESIAN_POINT('',(0.,0.,0.));
#4029 = DIRECTION('',(0.,0.,1.));
#4030 = DIRECTION('',(1.,0.,-0.));
#4031 = PCURVE('',#2387,#4032);
#4032 = DEFINITIONAL_REPRESENTATION('',(#4033),#4037);
#4033 = CIRCLE('',#4034,12.);
#4034 = AXIS2_PLACEMENT_2D('',#4035,#4036);
#4035 = CARTESIAN_POINT('',(-10.,3.5));
#4036 = DIRECTION('',(1.,0.));
#4037 = ( GEOMETRIC_REPRESENTATION_CONTEXT(2) 
PARAMETRIC_REPRESENTATION_CONTEXT() REPRESENTATION_CONTEXT('2D SPACE',''
  ) );
#4038 = PCURVE('',#2446,#4039);
#4039 = DEFINITIONAL_REPRESENTATION('',(#4040),#4044);
#4040 = LINE('',#4041,#4042);
#4041 = CARTESIAN_POINT('',(0.,9.));
#4042 = VECTOR('',#4043,1.);
#4043 = DIRECTION('',(1.,0.));
#4044 = ( GEOMETRIC_REPRESENTATION_CONTEXT(2) 
PARAMETRIC_REPRESENTATION_CONTEXT() REPRESENTATION_CONTEXT('2D SPACE',''
  ) );
#4045 = ORIENTED_EDGE('',*,*,#3996,.T.);
#4046 = ORIENTED_EDGE('',*,*,#2371,.T.);
#4047 = ORIENTED_EDGE('',*,*,#4048,.F.);
#4048 = EDGE_CURVE('',#4049,#2372,#4051,.T.);
#4049 = VERTEX_POINT('',#4050);
#4050 = CARTESIAN_POINT('',(11.736694594306,2.5,0.));
#4051 = SURFACE_CURVE('',#4052,(#4056,#4063),.PCURVE_S1.);
#4052 = LINE('',#4053,#4054);
#4053 = CARTESIAN_POINT('',(10.,2.5,0.));
#4054 = VECTOR('',#4055,1.);
#4055 = DIRECTION('',(1.,0.,0.));
#4056 = PCURVE('',#2387,#4057);
#4057 = DEFINITIONAL_REPRESENTATION('',(#4058),#4062);
#4058 = LINE('',#4059,#4060);
#4059 = CARTESIAN_POINT('',(0.,6.));
#4060 = VECTOR('',#4061,1.);
#4061 = DIRECTION('',(1.,0.));
#4062 = ( GEOMETRIC_REPRESENTATION_CONTEXT(2) 
PARAMETRIC_REPRESENTATION_CONTEXT() REPRESENTATION_CONTEXT('2D SPACE',''
  ) );
#4063 = PCURVE('',#2479,#4064);
#4064 = DEFINITIONAL_REPRESENTATION('',(#4065),#4069);
#4065 = LINE('',#4066,#4067);
#4066 = CARTESIAN_POINT('',(-1.570796326795,0.));
#4067 = VECTOR('',#4068,1.);
#4068 = DIRECTION('',(-0.,1.));
#4069 = ( GEOMETRIC_REPRESENTATION_CONTEXT(2) 
PARAMETRIC_REPRESENTATION_CONTEXT() REPRESENTATION_CONTEXT('2D SPACE',''
  ) );
#4070 = ORIENTED_EDGE('',*,*,#4071,.F.);
#4071 = EDGE_CURVE('',#4023,#4049,#4072,.T.);
#4072 = SURFACE_CURVE('',#4073,(#4078,#4085),.PCURVE_S1.);
#4073 = CIRCLE('',#4074,12.);
#4074 = AXIS2_PLACEMENT_3D('',#4075,#4076,#4077);
#4075 = CARTESIAN_POINT('',(0.,0.,0.));
#4076 = DIRECTION('',(0.,0.,1.));
#4077 = DIRECTION('',(1.,0.,-0.));
#4078 = PCURVE('',#2387,#4079);
#4079 = DEFINITIONAL_REPRESENTATION('',(#4080),#4084);
#4080 = CIRCLE('',#4081,12.);
#4081 = AXIS2_PLACEMENT_2D('',#4082,#4083);
#4082 = CARTESIAN_POINT('',(-10.,3.5));
#4083 = DIRECTION('',(1.,0.));
#4084 = ( GEOMETRIC_REPRESENTATION_CONTEXT(2) 
PARAMETRIC_REPRESENTATION_CONTEXT() REPRESENTATION_CONTEXT('2D SPACE',''
  ) );
#4085 = PCURVE('',#2446,#4086);
#4086 = DEFINITIONAL_REPRESENTATION('',(#4087),#4091);
#4087 = LINE('',#4088,#4089);
#4088 = CARTESIAN_POINT('',(0.,9.));
#4089 = VECTOR('',#4090,1.);
#4090 = DIRECTION('',(1.,0.));
#4091 = ( GEOMETRIC_REPRESENTATION_CONTEXT(2) 
PARAMETRIC_REPRESENTATION_CONTEXT() REPRESENTATION_CONTEXT('2D SPACE',''
  ) );
#4092 = ADVANCED_FACE('',(#4093,#4325,#4637),#2446,.F.);
#4093 = FACE_BOUND('',#4094,.F.);
#4094 = EDGE_LOOP('',(#4095,#4096,#4120,#4141,#4142,#4143,#4167,#4223,
    #4244,#4298,#4299,#4320,#4321,#4322,#4323,#4324));
#4095 = ORIENTED_EDGE('',*,*,#3771,.T.);
#4096 = ORIENTED_EDGE('',*,*,#4097,.T.);
#4097 = EDGE_CURVE('',#3774,#4098,#4100,.T.);
#4098 = VERTEX_POINT('',#4099);
#4099 = CARTESIAN_POINT('',(12.,-2.939152317954E-15,6.));
#4100 = SURFACE_CURVE('',#4101,(#4106,#4113),.PCURVE_S1.);
#4101 = CIRCLE('',#4102,12.);
#4102 = AXIS2_PLACEMENT_3D('',#4103,#4104,#4105);
#4103 = CARTESIAN_POINT('',(0.,0.,6.));
#4104 = DIRECTION('',(0.,0.,1.));
#4105 = DIRECTION('',(1.,0.,-0.));
#4106 = PCURVE('',#2446,#4107);
#4107 = DEFINITIONAL_REPRESENTATION('',(#4108),#4112);
#4108 = LINE('',#4109,#4110);
#4109 = CARTESIAN_POINT('',(0.,15.));
#4110 = VECTOR('',#4111,1.);
#4111 = DIRECTION('',(1.,0.));
#4112 = ( GEOMETRIC_REPRESENTATION_CONTEXT(2) 
PARAMETRIC_REPRESENTATION_CONTEXT() REPRESENTATION_CONTEXT('2D SPACE',''
  ) );
#4113 = PCURVE('',#2643,#4114);
#4114 = DEFINITIONAL_REPRESENTATION('',(#4115),#4119);
#4115 = CIRCLE('',#4116,12.);
#4116 = AXIS2_PLACEMENT_2D('',#4117,#4118);
#4117 = CARTESIAN_POINT('',(-10.,3.5));
#4118 = DIRECTION('',(1.,0.));
#4119 = ( GEOMETRIC_REPRESENTATION_CONTEXT(2) 
PARAMETRIC_REPRESENTATION_CONTEXT() REPRESENTATION_CONTEXT('2D SPACE',''
  ) );
#4120 = ORIENTED_EDGE('',*,*,#4121,.T.);
#4121 = EDGE_CURVE('',#4098,#2665,#4122,.T.);
#4122 = SEAM_CURVE('',#4123,(#4127,#4134),.PCURVE_S1.);
#4123 = LINE('',#4124,#4125);
#4124 = CARTESIAN_POINT('',(12.,-2.939152317954E-15,-9.));
#4125 = VECTOR('',#4126,1.);
#4126 = DIRECTION('',(0.,0.,1.));
#4127 = PCURVE('',#2446,#4128);
#4128 = DEFINITIONAL_REPRESENTATION('',(#4129),#4133);
#4129 = LINE('',#4130,#4131);
#4130 = CARTESIAN_POINT('',(0.,-0.));
#4131 = VECTOR('',#4132,1.);
#4132 = DIRECTION('',(0.,1.));
#4133 = ( GEOMETRIC_REPRESENTATION_CONTEXT(2) 
PARAMETRIC_REPRESENTATION_CONTEXT() REPRESENTATION_CONTEXT('2D SPACE',''
  ) );
#4134 = PCURVE('',#2446,#4135);
#4135 = DEFINITIONAL_REPRESENTATION('',(#4136),#4140);
#4136 = LINE('',#4137,#4138);
#4137 = CARTESIAN_POINT('',(6.28318530718,-0.));
#4138 = VECTOR('',#4139,1.);
#4139 = DIRECTION('',(0.,1.));
#4140 = ( GEOMETRIC_REPRESENTATION_CONTEXT(2) 
PARAMETRIC_REPRESENTATION_CONTEXT() REPRESENTATION_CONTEXT('2D SPACE',''
  ) );
#4141 = ORIENTED_EDGE('',*,*,#2664,.F.);
#4142 = ORIENTED_EDGE('',*,*,#4121,.F.);
#4143 = ORIENTED_EDGE('',*,*,#4144,.T.);
#4144 = EDGE_CURVE('',#4098,#4145,#4147,.T.);
#4145 = VERTEX_POINT('',#4146);
#4146 = CARTESIAN_POINT('',(11.736694594306,2.5,6.));
#4147 = SURFACE_CURVE('',#4148,(#4153,#4160),.PCURVE_S1.);
#4148 = CIRCLE('',#4149,12.);
#4149 = AXIS2_PLACEMENT_3D('',#4150,#4151,#4152);
#4150 = CARTESIAN_POINT('',(0.,0.,6.));
#4151 = DIRECTION('',(0.,0.,1.));
#4152 = DIRECTION('',(1.,0.,-0.));
#4153 = PCURVE('',#2446,#4154);
#4154 = DEFINITIONAL_REPRESENTATION('',(#4155),#4159);
#4155 = LINE('',#4156,#4157);
#4156 = CARTESIAN_POINT('',(0.,15.));
#4157 = VECTOR('',#4158,1.);
#4158 = DIRECTION('',(1.,0.));
#4159 = ( GEOMETRIC_REPRESENTATION_CONTEXT(2) 
PARAMETRIC_REPRESENTATION_CONTEXT() REPRESENTATION_CONTEXT('2D SPACE',''
  ) );
#4160 = PCURVE('',#2643,#4161);
#4161 = DEFINITIONAL_REPRESENTATION('',(#4162),#4166);
#4162 = CIRCLE('',#4163,12.);
#4163 = AXIS2_PLACEMENT_2D('',#4164,#4165);
#4164 = CARTESIAN_POINT('',(-10.,3.5));
#4165 = DIRECTION('',(1.,0.));
#4166 = ( GEOMETRIC_REPRESENTATION_CONTEXT(2) 
PARAMETRIC_REPRESENTATION_CONTEXT() REPRESENTATION_CONTEXT('2D SPACE',''
  ) );
#4167 = ORIENTED_EDGE('',*,*,#4168,.F.);
#4168 = EDGE_CURVE('',#4169,#4145,#4171,.T.);
#4169 = VERTEX_POINT('',#4170);
#4170 = CARTESIAN_POINT('',(11.478240283249,3.5,5.));
#4171 = SURFACE_CURVE('',#4172,(#4187,#4205),.PCURVE_S1.);
#4172 = B_SPLINE_CURVE_WITH_KNOTS('',7,(#4173,#4174,#4175,#4176,#4177,
    #4178,#4179,#4180,#4181,#4182,#4183,#4184,#4185,#4186),
  .UNSPECIFIED.,.F.,.F.,(8,6,8),(0.,0.448594835158,1.),.UNSPECIFIED.);
#4173 = CARTESIAN_POINT('',(11.478240283249,3.5,5.));
#4174 = CARTESIAN_POINT('',(11.478240283249,3.5,5.092485327871));
#4175 = CARTESIAN_POINT('',(11.481283215531,3.490020855903,
    5.184998058139));
#4176 = CARTESIAN_POINT('',(11.487372083014,3.470051932551,
    5.276583873617));
#4177 = CARTESIAN_POINT('',(11.496453714486,3.44007351771,5.366266886649
    ));
#4178 = CARTESIAN_POINT('',(11.508411189547,3.40007379978,5.453008981863
    ));
#4179 = CARTESIAN_POINT('',(11.523059166512,3.350073050462,
    5.535661184408));
#4180 = CARTESIAN_POINT('',(11.561140181768,3.216504775952,5.70785636632
    ));
#4181 = CARTESIAN_POINT('',(11.586125778408,3.126788379608,
    5.796032345114));
#4182 = CARTESIAN_POINT('',(11.61445352101,3.021653614939,5.872896293));
#4183 = CARTESIAN_POINT('',(11.644976878541,2.903105015487,
    5.934512763703));
#4184 = CARTESIAN_POINT('',(11.676320598309,2.774101197784,5.97767569857
    ));
#4185 = CARTESIAN_POINT('',(11.707229258859,2.638330257303,6.));
#4186 = CARTESIAN_POINT('',(11.736694594306,2.5,6.));
#4187 = PCURVE('',#2446,#4188);
#4188 = DEFINITIONAL_REPRESENTATION('',(#4189),#4204);
#4189 = B_SPLINE_CURVE_WITH_KNOTS('',7,(#4190,#4191,#4192,#4193,#4194,
    #4195,#4196,#4197,#4198,#4199,#4200,#4201,#4202,#4203),
  .UNSPECIFIED.,.F.,.F.,(8,6,8),(0.,0.448594835158,1.),.UNSPECIFIED.);
#4190 = CARTESIAN_POINT('',(0.295968803359,14.));
#4191 = CARTESIAN_POINT('',(0.295968803359,14.092485327871));
#4192 = CARTESIAN_POINT('',(0.295099405866,14.184998058139));
#4193 = CARTESIAN_POINT('',(0.293359688813,14.276583873617));
#4194 = CARTESIAN_POINT('',(0.290749376032,14.366266886649));
#4195 = CARTESIAN_POINT('',(0.287270365788,14.453008981863));
#4196 = CARTESIAN_POINT('',(0.282928630908,14.535661184408));
#4197 = CARTESIAN_POINT('',(0.271354399569,14.70785636632));
#4198 = CARTESIAN_POINT('',(0.263593664247,14.796032345114));
#4199 = CARTESIAN_POINT('',(0.254520491295,14.872896293));
#4200 = CARTESIAN_POINT('',(0.244320571186,14.934512763703));
#4201 = CARTESIAN_POINT('',(0.233259326101,14.97767569857));
#4202 = CARTESIAN_POINT('',(0.221656726441,15.));
#4203 = CARTESIAN_POINT('',(0.209870592263,15.));
#4204 = ( GEOMETRIC_REPRESENTATION_CONTEXT(2) 
PARAMETRIC_REPRESENTATION_CONTEXT() REPRESENTATION_CONTEXT('2D SPACE',''
  ) );
#4205 = PCURVE('',#2590,#4206);
#4206 = DEFINITIONAL_REPRESENTATION('',(#4207),#4222);
#4207 = B_SPLINE_CURVE_WITH_KNOTS('',7,(#4208,#4209,#4210,#4211,#4212,
    #4213,#4214,#4215,#4216,#4217,#4218,#4219,#4220,#4221),
  .UNSPECIFIED.,.F.,.F.,(8,6,8),(0.,0.448594835158,1.),.UNSPECIFIED.);
#4208 = CARTESIAN_POINT('',(0.,1.478240283249));
#4209 = CARTESIAN_POINT('',(9.248532787134E-02,1.478240283249));
#4210 = CARTESIAN_POINT('',(0.184998478276,1.481283215531));
#4211 = CARTESIAN_POINT('',(0.277874969173,1.487372083014));
#4212 = CARTESIAN_POINT('',(0.371439547576,1.496453714486));
#4213 = CARTESIAN_POINT('',(0.46601975922,1.508411189547));
#4214 = CARTESIAN_POINT('',(0.561974058301,1.523059166512));
#4215 = CARTESIAN_POINT('',(0.779899881987,1.561140181768));
#4216 = CARTESIAN_POINT('',(0.904560248203,1.586125778408));
#4217 = CARTESIAN_POINT('',(1.0325672337,1.61445352101));
#4218 = CARTESIAN_POINT('',(1.163368396984,1.644976878541));
#4219 = CARTESIAN_POINT('',(1.296695041456,1.676320598309));
#4220 = CARTESIAN_POINT('',(1.432466069492,1.707229258859));
#4221 = CARTESIAN_POINT('',(1.570796326795,1.736694594306));
#4222 = ( GEOMETRIC_REPRESENTATION_CONTEXT(2) 
PARAMETRIC_REPRESENTATION_CONTEXT() REPRESENTATION_CONTEXT('2D SPACE',''
  ) );
#4223 = ORIENTED_EDGE('',*,*,#4224,.F.);
#4224 = EDGE_CURVE('',#4225,#4169,#4227,.T.);
#4225 = VERTEX_POINT('',#4226);
#4226 = CARTESIAN_POINT('',(11.478240283249,3.5,1.));
#4227 = SURFACE_CURVE('',#4228,(#4232,#4238),.PCURVE_S1.);
#4228 = LINE('',#4229,#4230);
#4229 = CARTESIAN_POINT('',(11.478240283249,3.5,-9.));
#4230 = VECTOR('',#4231,1.);
#4231 = DIRECTION('',(0.,0.,1.));
#4232 = PCURVE('',#2446,#4233);
#4233 = DEFINITIONAL_REPRESENTATION('',(#4234),#4237);
#4234 = B_SPLINE_CURVE_WITH_KNOTS('',1,(#4235,#4236),.UNSPECIFIED.,.F.,
  .F.,(2,2),(9.6,14.4),.PIECEWISE_BEZIER_KNOTS.);
#4235 = CARTESIAN_POINT('',(0.295968803359,9.6));
#4236 = CARTESIAN_POINT('',(0.295968803359,14.4));
#4237 = ( GEOMETRIC_REPRESENTATION_CONTEXT(2) 
PARAMETRIC_REPRESENTATION_CONTEXT() REPRESENTATION_CONTEXT('2D SPACE',''
  ) );
#4238 = PCURVE('',#2535,#4239);
#4239 = DEFINITIONAL_REPRESENTATION('',(#4240),#4243);
#4240 = B_SPLINE_CURVE_WITH_KNOTS('',1,(#4241,#4242),.UNSPECIFIED.,.F.,
  .F.,(2,2),(9.6,14.4),.PIECEWISE_BEZIER_KNOTS.);
#4241 = CARTESIAN_POINT('',(0.6,1.478240283249));
#4242 = CARTESIAN_POINT('',(5.4,1.478240283249));
#4243 = ( GEOMETRIC_REPRESENTATION_CONTEXT(2) 
PARAMETRIC_REPRESENTATION_CONTEXT() REPRESENTATION_CONTEXT('2D SPACE',''
  ) );
#4244 = ORIENTED_EDGE('',*,*,#4245,.T.);
#4245 = EDGE_CURVE('',#4225,#4049,#4246,.T.);
#4246 = SURFACE_CURVE('',#4247,(#4262,#4280),.PCURVE_S1.);
#4247 = B_SPLINE_CURVE_WITH_KNOTS('',7,(#4248,#4249,#4250,#4251,#4252,
    #4253,#4254,#4255,#4256,#4257,#4258,#4259,#4260,#4261),
  .UNSPECIFIED.,.F.,.F.,(8,6,8),(0.,0.448594835158,1.),.UNSPECIFIED.);
#4248 = CARTESIAN_POINT('',(11.478240283249,3.5,1.));
#4249 = CARTESIAN_POINT('',(11.478240283249,3.5,0.907514672129));
#4250 = CARTESIAN_POINT('',(11.481283215531,3.490020855903,
    0.815001941861));
#4251 = CARTESIAN_POINT('',(11.487372083014,3.470051932551,
    0.723416126383));
#4252 = CARTESIAN_POINT('',(11.496453714486,3.44007351771,0.633733113351
    ));
#4253 = CARTESIAN_POINT('',(11.508411189547,3.40007379978,0.546991018137
    ));
#4254 = CARTESIAN_POINT('',(11.523059166512,3.350073050462,
    0.464338815592));
#4255 = CARTESIAN_POINT('',(11.561140181768,3.216504775952,0.29214363368
    ));
#4256 = CARTESIAN_POINT('',(11.586125778408,3.126788379608,
    0.203967654886));
#4257 = CARTESIAN_POINT('',(11.61445352101,3.021653614939,0.127103707));
#4258 = CARTESIAN_POINT('',(11.644976878541,2.903105015487,
    6.548723629675E-02));
#4259 = CARTESIAN_POINT('',(11.676320598309,2.774101197784,
    2.232430143033E-02));
#4260 = CARTESIAN_POINT('',(11.707229258859,2.638330257303,
    8.470285341568E-18));
#4261 = CARTESIAN_POINT('',(11.736694594306,2.5,0.));
#4262 = PCURVE('',#2446,#4263);
#4263 = DEFINITIONAL_REPRESENTATION('',(#4264),#4279);
#4264 = B_SPLINE_CURVE_WITH_KNOTS('',7,(#4265,#4266,#4267,#4268,#4269,
    #4270,#4271,#4272,#4273,#4274,#4275,#4276,#4277,#4278),
  .UNSPECIFIED.,.F.,.F.,(8,6,8),(0.,0.448594835158,1.),.UNSPECIFIED.);
#4265 = CARTESIAN_POINT('',(0.295968803359,10.));
#4266 = CARTESIAN_POINT('',(0.295968803359,9.907514672129));
#4267 = CARTESIAN_POINT('',(0.295099405866,9.815001941861));
#4268 = CARTESIAN_POINT('',(0.293359688813,9.723416126383));
#4269 = CARTESIAN_POINT('',(0.290749376032,9.633733113351));
#4270 = CARTESIAN_POINT('',(0.287270365788,9.546991018137));
#4271 = CARTESIAN_POINT('',(0.282928630908,9.464338815592));
#4272 = CARTESIAN_POINT('',(0.271354399569,9.29214363368));
#4273 = CARTESIAN_POINT('',(0.263593664247,9.203967654886));
#4274 = CARTESIAN_POINT('',(0.254520491295,9.127103707));
#4275 = CARTESIAN_POINT('',(0.244320571186,9.065487236297));
#4276 = CARTESIAN_POINT('',(0.233259326101,9.02232430143));
#4277 = CARTESIAN_POINT('',(0.221656726441,9.));
#4278 = CARTESIAN_POINT('',(0.209870592263,9.));
#4279 = ( GEOMETRIC_REPRESENTATION_CONTEXT(2) 
PARAMETRIC_REPRESENTATION_CONTEXT() REPRESENTATION_CONTEXT('2D SPACE',''
  ) );
#4280 = PCURVE('',#2479,#4281);
#4281 = DEFINITIONAL_REPRESENTATION('',(#4282),#4297);
#4282 = B_SPLINE_CURVE_WITH_KNOTS('',7,(#4283,#4284,#4285,#4286,#4287,
    #4288,#4289,#4290,#4291,#4292,#4293,#4294,#4295,#4296),
  .UNSPECIFIED.,.F.,.F.,(8,6,8),(0.,0.448594835158,1.),.UNSPECIFIED.);
#4283 = CARTESIAN_POINT('',(0.,1.478240283249));
#4284 = CARTESIAN_POINT('',(-9.248532787137E-02,1.478240283249));
#4285 = CARTESIAN_POINT('',(-0.184998478276,1.481283215531));
#4286 = CARTESIAN_POINT('',(-0.277874969173,1.487372083014));
#4287 = CARTESIAN_POINT('',(-0.371439547576,1.496453714486));
#4288 = CARTESIAN_POINT('',(-0.46601975922,1.508411189547));
#4289 = CARTESIAN_POINT('',(-0.561974058301,1.523059166512));
#4290 = CARTESIAN_POINT('',(-0.779899881987,1.561140181768));
#4291 = CARTESIAN_POINT('',(-0.904560248203,1.586125778408));
#4292 = CARTESIAN_POINT('',(-1.032567233701,1.61445352101));
#4293 = CARTESIAN_POINT('',(-1.163368396984,1.644976878541));
#4294 = CARTESIAN_POINT('',(-1.296695041456,1.676320598309));
#4295 = CARTESIAN_POINT('',(-1.432466069492,1.707229258859));
#4296 = CARTESIAN_POINT('',(-1.570796326795,1.736694594306));
#4297 = ( GEOMETRIC_REPRESENTATION_CONTEXT(2) 
PARAMETRIC_REPRESENTATION_CONTEXT() REPRESENTATION_CONTEXT('2D SPACE',''
  ) );
#4298 = ORIENTED_EDGE('',*,*,#4071,.F.);
#4299 = ORIENTED_EDGE('',*,*,#4300,.F.);
#4300 = EDGE_CURVE('',#2430,#4023,#4301,.T.);
#4301 = SEAM_CURVE('',#4302,(#4306,#4313),.PCURVE_S1.);
#4302 = LINE('',#4303,#4304);
#4303 = CARTESIAN_POINT('',(12.,-2.939152317954E-15,-9.));
#4304 = VECTOR('',#4305,1.);
#4305 = DIRECTION('',(0.,0.,1.));
#4306 = PCURVE('',#2446,#4307);
#4307 = DEFINITIONAL_REPRESENTATION('',(#4308),#4312);
#4308 = LINE('',#4309,#4310);
#4309 = CARTESIAN_POINT('',(6.28318530718,-0.));
#4310 = VECTOR('',#4311,1.);
#4311 = DIRECTION('',(0.,1.));
#4312 = ( GEOMETRIC_REPRESENTATION_CONTEXT(2) 
PARAMETRIC_REPRESENTATION_CONTEXT() REPRESENTATION_CONTEXT('2D SPACE',''
  ) );
#4313 = PCURVE('',#2446,#4314);
#4314 = DEFINITIONAL_REPRESENTATION('',(#4315),#4319);
#4315 = LINE('',#4316,#4317);
#4316 = CARTESIAN_POINT('',(0.,-0.));
#4317 = VECTOR('',#4318,1.);
#4318 = DIRECTION('',(0.,1.));
#4319 = ( GEOMETRIC_REPRESENTATION_CONTEXT(2) 
PARAMETRIC_REPRESENTATION_CONTEXT() REPRESENTATION_CONTEXT('2D SPACE',''
  ) );
#4320 = ORIENTED_EDGE('',*,*,#2429,.T.);
#4321 = ORIENTED_EDGE('',*,*,#4300,.T.);
#4322 = ORIENTED_EDGE('',*,*,#4022,.F.);
#4323 = ORIENTED_EDGE('',*,*,#3931,.F.);
#4324 = ORIENTED_EDGE('',*,*,#3907,.T.);
#4325 = FACE_BOUND('',#4326,.F.);
#4326 = EDGE_LOOP('',(#4327,#4355,#4427,#4428,#4484,#4510,#4564,#4565));
#4327 = ORIENTED_EDGE('',*,*,#4328,.F.);
#4328 = EDGE_CURVE('',#4329,#4331,#4333,.T.);
#4329 = VERTEX_POINT('',#4330);
#4330 = CARTESIAN_POINT('',(-8.343889355143,8.624355652982,1.));
#4331 = VERTEX_POINT('',#4332);
#4332 = CARTESIAN_POINT('',(-8.343889355143,8.624355652982,5.));
#4333 = SURFACE_CURVE('',#4334,(#4338,#4344),.PCURVE_S1.);
#4334 = LINE('',#4335,#4336);
#4335 = CARTESIAN_POINT('',(-8.343889355143,8.624355652982,-9.));
#4336 = VECTOR('',#4337,1.);
#4337 = DIRECTION('',(0.,0.,1.));
#4338 = PCURVE('',#2446,#4339);
#4339 = DEFINITIONAL_REPRESENTATION('',(#4340),#4343);
#4340 = B_SPLINE_CURVE_WITH_KNOTS('',1,(#4341,#4342),.UNSPECIFIED.,.F.,
  .F.,(2,2),(9.6,14.4),.PIECEWISE_BEZIER_KNOTS.);
#4341 = CARTESIAN_POINT('',(2.339667102689,9.6));
#4342 = CARTESIAN_POINT('',(2.339667102689,14.4));
#4343 = ( GEOMETRIC_REPRESENTATION_CONTEXT(2) 
PARAMETRIC_REPRESENTATION_CONTEXT() REPRESENTATION_CONTEXT('2D SPACE',''
  ) );
#4344 = PCURVE('',#4345,#4350);
#4345 = PLANE('',#4346);
#4346 = AXIS2_PLACEMENT_3D('',#4347,#4348,#4349);
#4347 = CARTESIAN_POINT('',(-11.,8.624355652982,0.));
#4348 = DIRECTION('',(0.,1.,0.));
#4349 = DIRECTION('',(0.,0.,1.));
#4350 = DEFINITIONAL_REPRESENTATION('',(#4351),#4354);
#4351 = B_SPLINE_CURVE_WITH_KNOTS('',1,(#4352,#4353),.UNSPECIFIED.,.F.,
  .F.,(2,2),(9.6,14.4),.PIECEWISE_BEZIER_KNOTS.);
#4352 = CARTESIAN_POINT('',(0.6,2.656110644857));
#4353 = CARTESIAN_POINT('',(5.4,2.656110644857));
#4354 = ( GEOMETRIC_REPRESENTATION_CONTEXT(2) 
PARAMETRIC_REPRESENTATION_CONTEXT() REPRESENTATION_CONTEXT('2D SPACE',''
  ) );
#4355 = ORIENTED_EDGE('',*,*,#4356,.T.);
#4356 = EDGE_CURVE('',#4329,#2879,#4357,.T.);
#4357 = SURFACE_CURVE('',#4358,(#4379,#4403),.PCURVE_S1.);
#4358 = B_SPLINE_CURVE_WITH_KNOTS('',7,(#4359,#4360,#4361,#4362,#4363,
    #4364,#4365,#4366,#4367,#4368,#4369,#4370,#4371,#4372,#4373,#4374,
    #4375,#4376,#4377,#4378),.UNSPECIFIED.,.F.,.F.,(8,6,6,8),(0.,
    0.34899871787,0.528727203483,1.),.UNSPECIFIED.);
#4359 = CARTESIAN_POINT('',(-8.343889355143,8.624355652982,1.));
#4360 = CARTESIAN_POINT('',(-8.343889355143,8.624355652982,
    0.910306846086));
#4361 = CARTESIAN_POINT('',(-8.334187510182,8.633741568531,
    0.820733187627));
#4362 = CARTESIAN_POINT('',(-8.314834006646,8.652467095949,
    0.732840169597));
#4363 = CARTESIAN_POINT('',(-8.286169032637,8.680064958175,
    0.648130210469));
#4364 = CARTESIAN_POINT('',(-8.248800782344,8.715689948722,
    0.567933636068));
#4365 = CARTESIAN_POINT('',(-8.203603012151,8.758190094223,
    0.493314379612));
#4366 = CARTESIAN_POINT('',(-8.125019523769,8.830933288428,
    0.389811283645));
#4367 = CARTESIAN_POINT('',(-8.096512409975,8.857146249632,
    0.356266200017));
#4368 = CARTESIAN_POINT('',(-8.066327466471,8.884696352458,0.32441808876
    ));
#4369 = CARTESIAN_POINT('',(-8.034585082565,8.913433397609,
    0.294311662293));
#4370 = CARTESIAN_POINT('',(-8.001409882366,8.943206572179,0.26597783197
    ));
#4371 = CARTESIAN_POINT('',(-7.966931229642,8.973865568611,
    0.239433786293));
#4372 = CARTESIAN_POINT('',(-7.837811095214,9.087586685825,
    0.149783286212));
#4373 = CARTESIAN_POINT('',(-7.736579267125,9.174735573328,
    9.740634519919E-02));
#4374 = CARTESIAN_POINT('',(-7.629348276898,9.264634347046,
    5.69655636865E-02));
#4375 = CARTESIAN_POINT('',(-7.517557513665,9.355695641232,
    2.774767612792E-02));
#4376 = CARTESIAN_POINT('',(-7.402501902851,9.446656208229,
    9.007418889907E-03));
#4377 = CARTESIAN_POINT('',(-7.2853988416,9.53648811615,
    5.380334886551E-18));
#4378 = CARTESIAN_POINT('',(-7.167410848062,9.624355652982,0.));
#4379 = PCURVE('',#2446,#4380);
#4380 = DEFINITIONAL_REPRESENTATION('',(#4381),#4402);
#4381 = B_SPLINE_CURVE_WITH_KNOTS('',7,(#4382,#4383,#4384,#4385,#4386,
    #4387,#4388,#4389,#4390,#4391,#4392,#4393,#4394,#4395,#4396,#4397,
    #4398,#4399,#4400,#4401),.UNSPECIFIED.,.F.,.F.,(8,6,6,8),(0.,
    0.34899871787,0.528727203483,1.),.UNSPECIFIED.);
#4382 = CARTESIAN_POINT('',(2.339667102689,10.));
#4383 = CARTESIAN_POINT('',(2.339667102689,9.910306846086));
#4384 = CARTESIAN_POINT('',(2.338542196307,9.820733187627));
#4385 = CARTESIAN_POINT('',(2.336298047052,9.732840169597));
#4386 = CARTESIAN_POINT('',(2.332982161041,9.648130210469));
#4387 = CARTESIAN_POINT('',(2.328679878654,9.567933636068));
#4388 = CARTESIAN_POINT('',(2.323509948903,9.493314379612));
#4389 = CARTESIAN_POINT('',(2.314586300177,9.389811283645));
#4390 = CARTESIAN_POINT('',(2.311359073677,9.356266200017));
#4391 = CARTESIAN_POINT('',(2.307953501896,9.32441808876));
#4392 = CARTESIAN_POINT('',(2.304385375967,9.294311662293));
#4393 = CARTESIAN_POINT('',(2.300670753962,9.26597783197));
#4394 = CARTESIAN_POINT('',(2.296825931585,9.239433786293));
#4395 = CARTESIAN_POINT('',(2.282487632636,9.149783286212));
#4396 = CARTESIAN_POINT('',(2.271356926354,9.097406345199));
#4397 = CARTESIAN_POINT('',(2.259697769622,9.056965563687));
#4398 = CARTESIAN_POINT('',(2.247684580322,9.027747676128));
#4399 = CARTESIAN_POINT('',(2.235464291766,9.00900741889));
#4400 = CARTESIAN_POINT('',(2.223166349851,9.));
#4401 = CARTESIAN_POINT('',(2.210907036315,9.));
#4402 = ( GEOMETRIC_REPRESENTATION_CONTEXT(2) 
PARAMETRIC_REPRESENTATION_CONTEXT() REPRESENTATION_CONTEXT('2D SPACE',''
  ) );
#4403 = PCURVE('',#2894,#4404);
#4404 = DEFINITIONAL_REPRESENTATION('',(#4405),#4426);
#4405 = B_SPLINE_CURVE_WITH_KNOTS('',7,(#4406,#4407,#4408,#4409,#4410,
    #4411,#4412,#4413,#4414,#4415,#4416,#4417,#4418,#4419,#4420,#4421,
    #4422,#4423,#4424,#4425),.UNSPECIFIED.,.F.,.F.,(8,6,6,8),(0.,
    0.34899871787,0.528727203483,1.),.UNSPECIFIED.);
#4406 = CARTESIAN_POINT('',(0.,2.656110644857));
#4407 = CARTESIAN_POINT('',(8.96931539144E-02,2.656110644857));
#4408 = CARTESIAN_POINT('',(0.179266877921,2.665812489818));
#4409 = CARTESIAN_POINT('',(0.26833832498,2.685165993354));
#4410 = CARTESIAN_POINT('',(0.356569672482,2.713830967363));
#4411 = CARTESIAN_POINT('',(0.443617980393,2.751199217656));
#4412 = CARTESIAN_POINT('',(0.529105519168,2.796396987849));
#4413 = CARTESIAN_POINT('',(0.655614266605,2.874980476231));
#4414 = CARTESIAN_POINT('',(0.698131759374,2.903487590025));
#4415 = CARTESIAN_POINT('',(0.740159626499,2.933672533529));
#4416 = CARTESIAN_POINT('',(0.781691615197,2.965414917435));
#4417 = CARTESIAN_POINT('',(0.822718668107,2.998590117634));
#4418 = CARTESIAN_POINT('',(0.863228952235,3.033068770358));
#4419 = CARTESIAN_POINT('',(1.008038153135,3.162188904786));
#4420 = CARTESIAN_POINT('',(1.10890399482,3.263420732875));
#4421 = CARTESIAN_POINT('',(1.206420704933,3.370651723102));
#4422 = CARTESIAN_POINT('',(1.30102784337,3.482442486335));
#4423 = CARTESIAN_POINT('',(1.393096988557,3.597498097149));
#4424 = CARTESIAN_POINT('',(1.482928789962,3.7146011584));
#4425 = CARTESIAN_POINT('',(1.570796326795,3.832589151938));
#4426 = ( GEOMETRIC_REPRESENTATION_CONTEXT(2) 
PARAMETRIC_REPRESENTATION_CONTEXT() REPRESENTATION_CONTEXT('2D SPACE',''
  ) );
#4427 = ORIENTED_EDGE('',*,*,#2906,.F.);
#4428 = ORIENTED_EDGE('',*,*,#4429,.F.);
#4429 = EDGE_CURVE('',#4430,#2907,#4432,.T.);
#4430 = VERTEX_POINT('',#4431);
#4431 = CARTESIAN_POINT('',(-3.,11.618950038622,1.));
#4432 = SURFACE_CURVE('',#4433,(#4448,#4466),.PCURVE_S1.);
#4433 = B_SPLINE_CURVE_WITH_KNOTS('',7,(#4434,#4435,#4436,#4437,#4438,
    #4439,#4440,#4441,#4442,#4443,#4444,#4445,#4446,#4447),
  .UNSPECIFIED.,.F.,.F.,(8,6,8),(0.,0.545087654272,1.),.UNSPECIFIED.);
#4434 = CARTESIAN_POINT('',(-3.,11.618950038622,1.));
#4435 = CARTESIAN_POINT('',(-3.,11.618950038622,0.886720098078));
#4436 = CARTESIAN_POINT('',(-3.014970972118,11.615084536344,
    0.773205241811));
#4437 = CARTESIAN_POINT('',(-3.045025310143,11.607324611703,
    0.661294371809));
#4438 = CARTESIAN_POINT('',(-3.090226958871,11.595523780315,
    0.552908337303));
#4439 = CARTESIAN_POINT('',(-3.150535751771,11.579428537941,
    0.450126353095));
#4440 = CARTESIAN_POINT('',(-3.225762518005,11.558683547678,
    0.355256241875));
#4441 = CARTESIAN_POINT('',(-3.390305551338,11.511381074129,
    0.200740048678));
#4442 = CARTESIAN_POINT('',(-3.475615815744,11.486242610015,
    0.137503006996));
#4443 = CARTESIAN_POINT('',(-3.570258657494,11.45749430807,
    8.403005456925E-02));
#4444 = CARTESIAN_POINT('',(-3.672404068738,11.425332588459,
    4.242916719891E-02));
#4445 = CARTESIAN_POINT('',(-3.779773396701,11.390162403828,
    1.41590728567E-02));
#4446 = CARTESIAN_POINT('',(-3.889835003447,11.352657707041,
    6.745660520365E-18));
#4447 = CARTESIAN_POINT('',(-4.,11.313708498985,0.));
#4448 = PCURVE('',#2446,#4449);
#4449 = DEFINITIONAL_REPRESENTATION('',(#4450),#4465);
#4450 = B_SPLINE_CURVE_WITH_KNOTS('',7,(#4451,#4452,#4453,#4454,#4455,
    #4456,#4457,#4458,#4459,#4460,#4461,#4462,#4463,#4464),
  .UNSPECIFIED.,.F.,.F.,(8,6,8),(0.,0.545087654272,1.),.UNSPECIFIED.);
#4451 = CARTESIAN_POINT('',(1.823476581937,10.));
#4452 = CARTESIAN_POINT('',(1.823476581937,9.886720098078));
#4453 = CARTESIAN_POINT('',(1.824765078707,9.773205241811));
#4454 = CARTESIAN_POINT('',(1.827351740935,9.661294371809));
#4455 = CARTESIAN_POINT('',(1.831244788781,9.552908337303));
#4456 = CARTESIAN_POINT('',(1.836446241685,9.450126353095));
#4457 = CARTESIAN_POINT('',(1.842948753631,9.355256241875));
#4458 = CARTESIAN_POINT('',(1.857216027231,9.200740048678));
#4459 = CARTESIAN_POINT('',(1.864627276525,9.137503006996));
#4460 = CARTESIAN_POINT('',(1.872869536539,9.084030054569));
#4461 = CARTESIAN_POINT('',(1.881792698589,9.042429167199));
#4462 = CARTESIAN_POINT('',(1.891206879102,9.014159072857));
#4463 = CARTESIAN_POINT('',(1.900895934235,9.));
#4464 = CARTESIAN_POINT('',(1.910633236249,9.));
#4465 = ( GEOMETRIC_REPRESENTATION_CONTEXT(2) 
PARAMETRIC_REPRESENTATION_CONTEXT() REPRESENTATION_CONTEXT('2D SPACE',''
  ) );
#4466 = PCURVE('',#2946,#4467);
#4467 = DEFINITIONAL_REPRESENTATION('',(#4468),#4483);
#4468 = B_SPLINE_CURVE_WITH_KNOTS('',7,(#4469,#4470,#4471,#4472,#4473,
    #4474,#4475,#4476,#4477,#4478,#4479,#4480,#4481,#4482),
  .UNSPECIFIED.,.F.,.F.,(8,6,8),(0.,0.545087654272,1.),.UNSPECIFIED.);
#4469 = CARTESIAN_POINT('',(0.,2.99459438564));
#4470 = CARTESIAN_POINT('',(0.113279901922,2.99459438564));
#4471 = CARTESIAN_POINT('',(0.226794598938,2.990728883362));
#4472 = CARTESIAN_POINT('',(0.341080522005,2.982968958721));
#4473 = CARTESIAN_POINT('',(0.456632055225,2.971168127332));
#4474 = CARTESIAN_POINT('',(0.573995553164,2.955072884959));
#4475 = CARTESIAN_POINT('',(0.693776729075,2.934327894696));
#4476 = CARTESIAN_POINT('',(0.919497051108,2.887025421147));
#4477 = CARTESIAN_POINT('',(1.024974340633,2.861886957033));
#4478 = CARTESIAN_POINT('',(1.132338836849,2.833138655087));
#4479 = CARTESIAN_POINT('',(1.241016458232,2.800976935477));
#4480 = CARTESIAN_POINT('',(1.350569762212,2.765806750846));
#4481 = CARTESIAN_POINT('',(1.460631330241,2.728302054059));
#4482 = CARTESIAN_POINT('',(1.570796326795,2.689352846003));
#4483 = ( GEOMETRIC_REPRESENTATION_CONTEXT(2) 
PARAMETRIC_REPRESENTATION_CONTEXT() REPRESENTATION_CONTEXT('2D SPACE',''
  ) );
#4484 = ORIENTED_EDGE('',*,*,#4485,.T.);
#4485 = EDGE_CURVE('',#4430,#4486,#4488,.T.);
#4486 = VERTEX_POINT('',#4487);
#4487 = CARTESIAN_POINT('',(-3.,11.618950038622,5.));
#4488 = SURFACE_CURVE('',#4489,(#4493,#4499),.PCURVE_S1.);
#4489 = LINE('',#4490,#4491);
#4490 = CARTESIAN_POINT('',(-3.,11.618950038622,-9.));
#4491 = VECTOR('',#4492,1.);
#4492 = DIRECTION('',(0.,0.,1.));
#4493 = PCURVE('',#2446,#4494);
#4494 = DEFINITIONAL_REPRESENTATION('',(#4495),#4498);
#4495 = B_SPLINE_CURVE_WITH_KNOTS('',1,(#4496,#4497),.UNSPECIFIED.,.F.,
  .F.,(2,2),(9.6,14.4),.PIECEWISE_BEZIER_KNOTS.);
#4496 = CARTESIAN_POINT('',(1.823476581937,9.6));
#4497 = CARTESIAN_POINT('',(1.823476581937,14.4));
#4498 = ( GEOMETRIC_REPRESENTATION_CONTEXT(2) 
PARAMETRIC_REPRESENTATION_CONTEXT() REPRESENTATION_CONTEXT('2D SPACE',''
  ) );
#4499 = PCURVE('',#4500,#4505);
#4500 = PLANE('',#4501);
#4501 = AXIS2_PLACEMENT_3D('',#4502,#4503,#4504);
#4502 = CARTESIAN_POINT('',(-3.,8.624355652982,0.));
#4503 = DIRECTION('',(1.,0.,0.));
#4504 = DIRECTION('',(0.,0.,1.));
#4505 = DEFINITIONAL_REPRESENTATION('',(#4506),#4509);
#4506 = B_SPLINE_CURVE_WITH_KNOTS('',1,(#4507,#4508),.UNSPECIFIED.,.F.,
  .F.,(2,2),(9.6,14.4),.PIECEWISE_BEZIER_KNOTS.);
#4507 = CARTESIAN_POINT('',(0.6,-2.99459438564));
#4508 = CARTESIAN_POINT('',(5.4,-2.99459438564));
#4509 = ( GEOMETRIC_REPRESENTATION_CONTEXT(2) 
PARAMETRIC_REPRESENTATION_CONTEXT() REPRESENTATION_CONTEXT('2D SPACE',''
  ) );
#4510 = ORIENTED_EDGE('',*,*,#4511,.T.);
#4511 = EDGE_CURVE('',#4486,#3013,#4512,.T.);
#4512 = SURFACE_CURVE('',#4513,(#4528,#4546),.PCURVE_S1.);
#4513 = B_SPLINE_CURVE_WITH_KNOTS('',7,(#4514,#4515,#4516,#4517,#4518,
    #4519,#4520,#4521,#4522,#4523,#4524,#4525,#4526,#4527),
  .UNSPECIFIED.,.F.,.F.,(8,6,8),(0.,0.545087654272,1.),.UNSPECIFIED.);
#4514 = CARTESIAN_POINT('',(-3.,11.618950038622,5.));
#4515 = CARTESIAN_POINT('',(-3.,11.618950038622,5.113279901922));
#4516 = CARTESIAN_POINT('',(-3.014970972118,11.615084536344,
    5.22679475819));
#4517 = CARTESIAN_POINT('',(-3.045025310143,11.607324611703,
    5.33870562819));
#4518 = CARTESIAN_POINT('',(-3.090226958871,11.595523780315,
    5.447091662697));
#4519 = CARTESIAN_POINT('',(-3.150535751771,11.579428537941,
    5.549873646905));
#4520 = CARTESIAN_POINT('',(-3.225762518005,11.558683547678,
    5.644743758125));
#4521 = CARTESIAN_POINT('',(-3.390305551338,11.511381074129,
    5.799259951322));
#4522 = CARTESIAN_POINT('',(-3.475615815744,11.486242610015,
    5.862496993004));
#4523 = CARTESIAN_POINT('',(-3.570258657494,11.45749430807,
    5.915969945431));
#4524 = CARTESIAN_POINT('',(-3.672404068738,11.425332588459,
    5.957570832801));
#4525 = CARTESIAN_POINT('',(-3.779773396701,11.390162403828,
    5.985840927143));
#4526 = CARTESIAN_POINT('',(-3.889835003447,11.352657707041,6.));
#4527 = CARTESIAN_POINT('',(-4.,11.313708498985,6.));
#4528 = PCURVE('',#2446,#4529);
#4529 = DEFINITIONAL_REPRESENTATION('',(#4530),#4545);
#4530 = B_SPLINE_CURVE_WITH_KNOTS('',7,(#4531,#4532,#4533,#4534,#4535,
    #4536,#4537,#4538,#4539,#4540,#4541,#4542,#4543,#4544),
  .UNSPECIFIED.,.F.,.F.,(8,6,8),(0.,0.545087654272,1.),.UNSPECIFIED.);
#4531 = CARTESIAN_POINT('',(1.823476581937,14.));
#4532 = CARTESIAN_POINT('',(1.823476581937,14.113279901922));
#4533 = CARTESIAN_POINT('',(1.824765078707,14.22679475819));
#4534 = CARTESIAN_POINT('',(1.827351740935,14.33870562819));
#4535 = CARTESIAN_POINT('',(1.831244788781,14.447091662697));
#4536 = CARTESIAN_POINT('',(1.836446241685,14.549873646905));
#4537 = CARTESIAN_POINT('',(1.842948753631,14.644743758125));
#4538 = CARTESIAN_POINT('',(1.857216027231,14.799259951322));
#4539 = CARTESIAN_POINT('',(1.864627276525,14.862496993004));
#4540 = CARTESIAN_POINT('',(1.872869536539,14.915969945431));
#4541 = CARTESIAN_POINT('',(1.881792698589,14.957570832801));
#4542 = CARTESIAN_POINT('',(1.891206879102,14.985840927143));
#4543 = CARTESIAN_POINT('',(1.900895934235,15.));
#4544 = CARTESIAN_POINT('',(1.910633236249,15.));
#4545 = ( GEOMETRIC_REPRESENTATION_CONTEXT(2) 
PARAMETRIC_REPRESENTATION_CONTEXT() REPRESENTATION_CONTEXT('2D SPACE',''
  ) );
#4546 = PCURVE('',#3052,#4547);
#4547 = DEFINITIONAL_REPRESENTATION('',(#4548),#4563);
#4548 = B_SPLINE_CURVE_WITH_KNOTS('',7,(#4549,#4550,#4551,#4552,#4553,
    #4554,#4555,#4556,#4557,#4558,#4559,#4560,#4561,#4562),
  .UNSPECIFIED.,.F.,.F.,(8,6,8),(0.,0.545087654272,1.),.UNSPECIFIED.);
#4549 = CARTESIAN_POINT('',(0.,2.99459438564));
#4550 = CARTESIAN_POINT('',(-0.113279901922,2.99459438564));
#4551 = CARTESIAN_POINT('',(-0.226794598938,2.990728883362));
#4552 = CARTESIAN_POINT('',(-0.341080522004,2.982968958721));
#4553 = CARTESIAN_POINT('',(-0.456632055226,2.971168127332));
#4554 = CARTESIAN_POINT('',(-0.573995553164,2.955072884959));
#4555 = CARTESIAN_POINT('',(-0.693776729075,2.934327894696));
#4556 = CARTESIAN_POINT('',(-0.919497051108,2.887025421147));
#4557 = CARTESIAN_POINT('',(-1.024974340633,2.861886957033));
#4558 = CARTESIAN_POINT('',(-1.132338836849,2.833138655087));
#4559 = CARTESIAN_POINT('',(-1.241016458232,2.800976935477));
#4560 = CARTESIAN_POINT('',(-1.350569762212,2.765806750846));
#4561 = CARTESIAN_POINT('',(-1.460631330241,2.728302054059));
#4562 = CARTESIAN_POINT('',(-1.570796326795,2.689352846003));
#4563 = ( GEOMETRIC_REPRESENTATION_CONTEXT(2) 
PARAMETRIC_REPRESENTATION_CONTEXT() REPRESENTATION_CONTEXT('2D SPACE',''
  ) );
#4564 = ORIENTED_EDGE('',*,*,#3012,.T.);
#4565 = ORIENTED_EDGE('',*,*,#4566,.F.);
#4566 = EDGE_CURVE('',#4331,#2985,#4567,.T.);
#4567 = SURFACE_CURVE('',#4568,(#4589,#4613),.PCURVE_S1.);
#4568 = B_SPLINE_CURVE_WITH_KNOTS('',7,(#4569,#4570,#4571,#4572,#4573,
    #4574,#4575,#4576,#4577,#4578,#4579,#4580,#4581,#4582,#4583,#4584,
    #4585,#4586,#4587,#4588),.UNSPECIFIED.,.F.,.F.,(8,6,6,8),(0.,
    0.348998717935,0.528727203551,1.),.UNSPECIFIED.);
#4569 = CARTESIAN_POINT('',(-8.343889355143,8.624355652982,5.));
#4570 = CARTESIAN_POINT('',(-8.343889355143,8.624355652982,
    5.089693153914));
#4571 = CARTESIAN_POINT('',(-8.334187510182,8.633741568531,
    5.179266812373));
#4572 = CARTESIAN_POINT('',(-8.314834006646,8.652467095949,
    5.267159830403));
#4573 = CARTESIAN_POINT('',(-8.286169032637,8.680064958175,
    5.351869789531));
#4574 = CARTESIAN_POINT('',(-8.248800782344,8.715689948722,
    5.432066363932));
#4575 = CARTESIAN_POINT('',(-8.203603012151,8.758190094223,
    5.506685620388));
#4576 = CARTESIAN_POINT('',(-8.125019523773,8.830933288424,
    5.610188716349));
#4577 = CARTESIAN_POINT('',(-8.096512409976,8.857146249632,
    5.643733799983));
#4578 = CARTESIAN_POINT('',(-8.066327466467,8.884696352461,
    5.675581911244));
#4579 = CARTESIAN_POINT('',(-8.034585082561,8.913433397613,5.70568833771
    ));
#4580 = CARTESIAN_POINT('',(-8.001409882366,8.943206572179,
    5.734022168029));
#4581 = CARTESIAN_POINT('',(-7.966931229648,8.973865568606,
    5.760566213702));
#4582 = CARTESIAN_POINT('',(-7.837811095214,9.087586685825,
    5.850216713788));
#4583 = CARTESIAN_POINT('',(-7.736579267125,9.174735573328,
    5.902593654801));
#4584 = CARTESIAN_POINT('',(-7.629348276899,9.264634347046,
    5.943034436313));
#4585 = CARTESIAN_POINT('',(-7.517557513665,9.355695641232,
    5.972252323872));
#4586 = CARTESIAN_POINT('',(-7.402501902851,9.446656208229,5.99099258111
    ));
#4587 = CARTESIAN_POINT('',(-7.2853988416,9.53648811615,6.));
#4588 = CARTESIAN_POINT('',(-7.167410848062,9.624355652982,6.));
#4589 = PCURVE('',#2446,#4590);
#4590 = DEFINITIONAL_REPRESENTATION('',(#4591),#4612);
#4591 = B_SPLINE_CURVE_WITH_KNOTS('',7,(#4592,#4593,#4594,#4595,#4596,
    #4597,#4598,#4599,#4600,#4601,#4602,#4603,#4604,#4605,#4606,#4607,
    #4608,#4609,#4610,#4611),.UNSPECIFIED.,.F.,.F.,(8,6,6,8),(0.,
    0.348998717935,0.528727203551,1.),.UNSPECIFIED.);
#4592 = CARTESIAN_POINT('',(2.339667102689,14.));
#4593 = CARTESIAN_POINT('',(2.339667102689,14.089693153914));
#4594 = CARTESIAN_POINT('',(2.338542196307,14.179266812373));
#4595 = CARTESIAN_POINT('',(2.336298047052,14.267159830403));
#4596 = CARTESIAN_POINT('',(2.332982161041,14.351869789531));
#4597 = CARTESIAN_POINT('',(2.328679878654,14.432066363932));
#4598 = CARTESIAN_POINT('',(2.323509948903,14.506685620388));
#4599 = CARTESIAN_POINT('',(2.314586300177,14.610188716349));
#4600 = CARTESIAN_POINT('',(2.311359073677,14.643733799983));
#4601 = CARTESIAN_POINT('',(2.307953501896,14.675581911244));
#4602 = CARTESIAN_POINT('',(2.304385375967,14.70568833771));
#4603 = CARTESIAN_POINT('',(2.300670753962,14.734022168029));
#4604 = CARTESIAN_POINT('',(2.296825931586,14.760566213702));
#4605 = CARTESIAN_POINT('',(2.282487632636,14.850216713788));
#4606 = CARTESIAN_POINT('',(2.271356926354,14.902593654801));
#4607 = CARTESIAN_POINT('',(2.259697769622,14.943034436313));
#4608 = CARTESIAN_POINT('',(2.247684580322,14.972252323872));
#4609 = CARTESIAN_POINT('',(2.235464291766,14.99099258111));
#4610 = CARTESIAN_POINT('',(2.223166349851,15.));
#4611 = CARTESIAN_POINT('',(2.210907036315,15.));
#4612 = ( GEOMETRIC_REPRESENTATION_CONTEXT(2) 
PARAMETRIC_REPRESENTATION_CONTEXT() REPRESENTATION_CONTEXT('2D SPACE',''
  ) );
#4613 = PCURVE('',#3000,#4614);
#4614 = DEFINITIONAL_REPRESENTATION('',(#4615),#4636);
#4615 = B_SPLINE_CURVE_WITH_KNOTS('',7,(#4616,#4617,#4618,#4619,#4620,
    #4621,#4622,#4623,#4624,#4625,#4626,#4627,#4628,#4629,#4630,#4631,
    #4632,#4633,#4634,#4635),.UNSPECIFIED.,.F.,.F.,(8,6,6,8),(0.,
    0.348998717935,0.528727203551,1.),.UNSPECIFIED.);
#4616 = CARTESIAN_POINT('',(0.,2.656110644857));
#4617 = CARTESIAN_POINT('',(-8.969315391437E-02,2.656110644857));
#4618 = CARTESIAN_POINT('',(-0.179266877921,2.665812489818));
#4619 = CARTESIAN_POINT('',(-0.26833832498,2.685165993354));
#4620 = CARTESIAN_POINT('',(-0.356569672482,2.713830967363));
#4621 = CARTESIAN_POINT('',(-0.443617980393,2.751199217656));
#4622 = CARTESIAN_POINT('',(-0.529105519168,2.796396987849));
#4623 = CARTESIAN_POINT('',(-0.655614266598,2.874980476227));
#4624 = CARTESIAN_POINT('',(-0.698131759373,2.903487590024));
#4625 = CARTESIAN_POINT('',(-0.740159626504,2.933672533533));
#4626 = CARTESIAN_POINT('',(-0.781691615202,2.965414917439));
#4627 = CARTESIAN_POINT('',(-0.822718668106,2.998590117634));
#4628 = CARTESIAN_POINT('',(-0.863228952229,3.033068770352));
#4629 = CARTESIAN_POINT('',(-1.008038153135,3.162188904786));
#4630 = CARTESIAN_POINT('',(-1.10890399482,3.263420732875));
#4631 = CARTESIAN_POINT('',(-1.206420704933,3.370651723101));
#4632 = CARTESIAN_POINT('',(-1.30102784337,3.482442486335));
#4633 = CARTESIAN_POINT('',(-1.393096988557,3.597498097149));
#4634 = CARTESIAN_POINT('',(-1.482928789962,3.7146011584));
#4635 = CARTESIAN_POINT('',(-1.570796326795,3.832589151938));
#4636 = ( GEOMETRIC_REPRESENTATION_CONTEXT(2) 
PARAMETRIC_REPRESENTATION_CONTEXT() REPRESENTATION_CONTEXT('2D SPACE',''
  ) );
#4637 = FACE_BOUND('',#4638,.F.);
#4638 = EDGE_LOOP('',(#4639,#4640,#4714,#4740,#4812,#4813,#4869,#4895));
#4639 = ORIENTED_EDGE('',*,*,#3361,.F.);
#4640 = ORIENTED_EDGE('',*,*,#4641,.F.);
#4641 = EDGE_CURVE('',#4642,#3362,#4644,.T.);
#4642 = VERTEX_POINT('',#4643);
#4643 = CARTESIAN_POINT('',(-8.343889355143,-8.624355652982,1.));
#4644 = SURFACE_CURVE('',#4645,(#4666,#4690),.PCURVE_S1.);
#4645 = B_SPLINE_CURVE_WITH_KNOTS('',7,(#4646,#4647,#4648,#4649,#4650,
    #4651,#4652,#4653,#4654,#4655,#4656,#4657,#4658,#4659,#4660,#4661,
    #4662,#4663,#4664,#4665),.UNSPECIFIED.,.F.,.F.,(8,6,6,8),(0.,
    0.349007641743,0.528733736578,1.),.UNSPECIFIED.);
#4646 = CARTESIAN_POINT('',(-8.343889355143,-8.624355652982,1.));
#4647 = CARTESIAN_POINT('',(-8.343889355143,-8.624355652982,
    0.910308149829));
#4648 = CARTESIAN_POINT('',(-8.334187823916,-8.633741282255,
    0.820735872302));
#4649 = CARTESIAN_POINT('',(-8.314834880574,-8.652466253392,
    0.732843948851));
#4650 = CARTESIAN_POINT('',(-8.286170617823,-8.680063419553,
    0.648134538325));
#4651 = CARTESIAN_POINT('',(-8.248802950847,-8.715687882745,
    0.567937682091));
#4652 = CARTESIAN_POINT('',(-8.203605020166,-8.758188235443,
    0.493317024389));
#4653 = CARTESIAN_POINT('',(-8.125019528064,-8.830933284452,
    0.389811289302));
#4654 = CARTESIAN_POINT('',(-8.096512417746,-8.857146242496,
    0.356266208965));
#4655 = CARTESIAN_POINT('',(-8.066327476505,-8.884696343325,
    0.324418098914));
#4656 = CARTESIAN_POINT('',(-8.034585093287,-8.913433387949,
    0.294311671855));
#4657 = CARTESIAN_POINT('',(-8.001409891857,-8.94320656372,
    0.265977839441));
#4658 = CARTESIAN_POINT('',(-7.966931235662,-8.973865563308,
    0.239433790474));
#4659 = CARTESIAN_POINT('',(-7.837811131819,-9.087586653585,
    0.149783311627));
#4660 = CARTESIAN_POINT('',(-7.736579340486,-9.174735510259,
    9.74063819869E-02));
#4661 = CARTESIAN_POINT('',(-7.629348361536,-9.264634277524,
    5.696558722973E-02));
#4662 = CARTESIAN_POINT('',(-7.517557589342,-9.355695580842,
    2.774769094165E-02));
#4663 = CARTESIAN_POINT('',(-7.402501961614,-9.446656163443,
    9.007422255803E-03));
#4664 = CARTESIAN_POINT('',(-7.285398864027,-9.536488099448,
    5.380335909231E-18));
#4665 = CARTESIAN_POINT('',(-7.167410848062,-9.624355652982,0.));
#4666 = PCURVE('',#2446,#4667);
#4667 = DEFINITIONAL_REPRESENTATION('',(#4668),#4689);
#4668 = B_SPLINE_CURVE_WITH_KNOTS('',7,(#4669,#4670,#4671,#4672,#4673,
    #4674,#4675,#4676,#4677,#4678,#4679,#4680,#4681,#4682,#4683,#4684,
    #4685,#4686,#4687,#4688),.UNSPECIFIED.,.F.,.F.,(8,6,6,8),(0.,
    0.349007641743,0.528733736578,1.),.UNSPECIFIED.);
#4669 = CARTESIAN_POINT('',(3.94351820449,10.));
#4670 = CARTESIAN_POINT('',(3.94351820449,9.910308149829));
#4671 = CARTESIAN_POINT('',(3.9446430757,9.820735872302));
#4672 = CARTESIAN_POINT('',(3.946887158979,9.732843948851));
#4673 = CARTESIAN_POINT('',(3.950202961904,9.648134538325));
#4674 = CARTESIAN_POINT('',(3.954505178869,9.567937682091));
#4675 = CARTESIAN_POINT('',(3.959675130254,9.493317024389));
#4676 = CARTESIAN_POINT('',(3.968599006515,9.389811289302));
#4677 = CARTESIAN_POINT('',(3.971826232624,9.356266208965));
#4678 = CARTESIAN_POINT('',(3.975231804153,9.324418098914));
#4679 = CARTESIAN_POINT('',(3.97879993001,9.294311671855));
#4680 = CARTESIAN_POINT('',(3.982514552159,9.265977839441));
#4681 = CARTESIAN_POINT('',(3.986359374926,9.239433790474));
#4682 = CARTESIAN_POINT('',(4.000697670479,9.149783311627));
#4683 = CARTESIAN_POINT('',(4.011828372764,9.097406381987));
#4684 = CARTESIAN_POINT('',(4.023487528433,9.05696558723));
#4685 = CARTESIAN_POINT('',(4.035500718791,9.027747690942));
#4686 = CARTESIAN_POINT('',(4.047721009258,9.009007422256));
#4687 = CARTESIAN_POINT('',(4.060018954998,9.));
#4688 = CARTESIAN_POINT('',(4.072278270865,9.));
#4689 = ( GEOMETRIC_REPRESENTATION_CONTEXT(2) 
PARAMETRIC_REPRESENTATION_CONTEXT() REPRESENTATION_CONTEXT('2D SPACE',''
  ) );
#4690 = PCURVE('',#3399,#4691);
#4691 = DEFINITIONAL_REPRESENTATION('',(#4692),#4713);
#4692 = B_SPLINE_CURVE_WITH_KNOTS('',7,(#4693,#4694,#4695,#4696,#4697,
    #4698,#4699,#4700,#4701,#4702,#4703,#4704,#4705,#4706,#4707,#4708,
    #4709,#4710,#4711,#4712),.UNSPECIFIED.,.F.,.F.,(8,6,6,8),(0.,
    0.349007641743,0.528733736578,1.),.UNSPECIFIED.);
#4693 = CARTESIAN_POINT('',(0.,2.656110644857));
#4694 = CARTESIAN_POINT('',(-8.969185017086E-02,2.656110644857));
#4695 = CARTESIAN_POINT('',(-0.179264192112,2.665812176084));
#4696 = CARTESIAN_POINT('',(-0.268334489165,2.685165119426));
#4697 = CARTESIAN_POINT('',(-0.3565651357,2.713829382177));
#4698 = CARTESIAN_POINT('',(-0.443613483341,2.751197049153));
#4699 = CARTESIAN_POINT('',(-0.529102286536,2.796394979834));
#4700 = CARTESIAN_POINT('',(-0.65561425969,2.874980471936));
#4701 = CARTESIAN_POINT('',(-0.698131747949,2.903487582254));
#4702 = CARTESIAN_POINT('',(-0.740159612878,2.933672523495));
#4703 = CARTESIAN_POINT('',(-0.781691601638,2.965414906713));
#4704 = CARTESIAN_POINT('',(-0.822718656839,2.998590108143));
#4705 = CARTESIAN_POINT('',(-0.863228945483,3.033068764338));
#4706 = CARTESIAN_POINT('',(-1.008038112083,3.162188868181));
#4707 = CARTESIAN_POINT('',(-1.108903922637,3.263420659514));
#4708 = CARTESIAN_POINT('',(-1.206420632969,3.370651638464));
#4709 = CARTESIAN_POINT('',(-1.301027781712,3.482442410658));
#4710 = CARTESIAN_POINT('',(-1.393096943923,3.597498038386));
#4711 = CARTESIAN_POINT('',(-1.482928773261,3.714601135973));
#4712 = CARTESIAN_POINT('',(-1.570796326795,3.832589151938));
#4713 = ( GEOMETRIC_REPRESENTATION_CONTEXT(2) 
PARAMETRIC_REPRESENTATION_CONTEXT() REPRESENTATION_CONTEXT('2D SPACE',''
  ) );
#4714 = ORIENTED_EDGE('',*,*,#4715,.T.);
#4715 = EDGE_CURVE('',#4642,#4716,#4718,.T.);
#4716 = VERTEX_POINT('',#4717);
#4717 = CARTESIAN_POINT('',(-8.343889355143,-8.624355652982,5.));
#4718 = SURFACE_CURVE('',#4719,(#4723,#4729),.PCURVE_S1.);
#4719 = LINE('',#4720,#4721);
#4720 = CARTESIAN_POINT('',(-8.343889355143,-8.624355652982,-9.));
#4721 = VECTOR('',#4722,1.);
#4722 = DIRECTION('',(0.,0.,1.));
#4723 = PCURVE('',#2446,#4724);
#4724 = DEFINITIONAL_REPRESENTATION('',(#4725),#4728);
#4725 = B_SPLINE_CURVE_WITH_KNOTS('',1,(#4726,#4727),.UNSPECIFIED.,.F.,
  .F.,(2,2),(9.6,14.4),.PIECEWISE_BEZIER_KNOTS.);
#4726 = CARTESIAN_POINT('',(3.94351820449,9.6));
#4727 = CARTESIAN_POINT('',(3.94351820449,14.4));
#4728 = ( GEOMETRIC_REPRESENTATION_CONTEXT(2) 
PARAMETRIC_REPRESENTATION_CONTEXT() REPRESENTATION_CONTEXT('2D SPACE',''
  ) );
#4729 = PCURVE('',#4730,#4735);
#4730 = PLANE('',#4731);
#4731 = AXIS2_PLACEMENT_3D('',#4732,#4733,#4734);
#4732 = CARTESIAN_POINT('',(-11.,-8.624355652982,0.));
#4733 = DIRECTION('',(0.,1.,0.));
#4734 = DIRECTION('',(0.,0.,1.));
#4735 = DEFINITIONAL_REPRESENTATION('',(#4736),#4739);
#4736 = B_SPLINE_CURVE_WITH_KNOTS('',1,(#4737,#4738),.UNSPECIFIED.,.F.,
  .F.,(2,2),(9.6,14.4),.PIECEWISE_BEZIER_KNOTS.);
#4737 = CARTESIAN_POINT('',(0.6,2.656110644857));
#4738 = CARTESIAN_POINT('',(5.4,2.656110644857));
#4739 = ( GEOMETRIC_REPRESENTATION_CONTEXT(2) 
PARAMETRIC_REPRESENTATION_CONTEXT() REPRESENTATION_CONTEXT('2D SPACE',''
  ) );
#4740 = ORIENTED_EDGE('',*,*,#4741,.T.);
#4741 = EDGE_CURVE('',#4716,#3632,#4742,.T.);
#4742 = SURFACE_CURVE('',#4743,(#4764,#4788),.PCURVE_S1.);
#4743 = B_SPLINE_CURVE_WITH_KNOTS('',7,(#4744,#4745,#4746,#4747,#4748,
    #4749,#4750,#4751,#4752,#4753,#4754,#4755,#4756,#4757,#4758,#4759,
    #4760,#4761,#4762,#4763),.UNSPECIFIED.,.F.,.F.,(8,6,6,8),(0.,
    0.349007641743,0.528733736578,1.),.UNSPECIFIED.);
#4744 = CARTESIAN_POINT('',(-8.343889355143,-8.624355652982,5.));
#4745 = CARTESIAN_POINT('',(-8.343889355143,-8.624355652982,
    5.089691850171));
#4746 = CARTESIAN_POINT('',(-8.334187823916,-8.633741282255,
    5.179264127698));
#4747 = CARTESIAN_POINT('',(-8.314834880574,-8.652466253392,
    5.267156051149));
#4748 = CARTESIAN_POINT('',(-8.286170617823,-8.680063419553,
    5.351865461675));
#4749 = CARTESIAN_POINT('',(-8.248802950847,-8.715687882745,
    5.432062317909));
#4750 = CARTESIAN_POINT('',(-8.203605020166,-8.758188235443,
    5.506682975611));
#4751 = CARTESIAN_POINT('',(-8.125019528064,-8.830933284452,
    5.610188710698));
#4752 = CARTESIAN_POINT('',(-8.096512417746,-8.857146242496,
    5.643733791035));
#4753 = CARTESIAN_POINT('',(-8.066327476505,-8.884696343325,
    5.675581901086));
#4754 = CARTESIAN_POINT('',(-8.034585093287,-8.913433387949,
    5.705688328145));
#4755 = CARTESIAN_POINT('',(-8.001409891857,-8.94320656372,
    5.734022160559));
#4756 = CARTESIAN_POINT('',(-7.966931235662,-8.973865563308,
    5.760566209526));
#4757 = CARTESIAN_POINT('',(-7.837811131819,-9.087586653586,
    5.850216688373));
#4758 = CARTESIAN_POINT('',(-7.736579340486,-9.174735510259,
    5.902593618013));
#4759 = CARTESIAN_POINT('',(-7.629348361537,-9.264634277523,
    5.94303441277));
#4760 = CARTESIAN_POINT('',(-7.517557589342,-9.355695580842,
    5.972252309058));
#4761 = CARTESIAN_POINT('',(-7.402501961614,-9.446656163443,
    5.990992577744));
#4762 = CARTESIAN_POINT('',(-7.285398864027,-9.536488099448,6.));
#4763 = CARTESIAN_POINT('',(-7.167410848062,-9.624355652982,6.));
#4764 = PCURVE('',#2446,#4765);
#4765 = DEFINITIONAL_REPRESENTATION('',(#4766),#4787);
#4766 = B_SPLINE_CURVE_WITH_KNOTS('',7,(#4767,#4768,#4769,#4770,#4771,
    #4772,#4773,#4774,#4775,#4776,#4777,#4778,#4779,#4780,#4781,#4782,
    #4783,#4784,#4785,#4786),.UNSPECIFIED.,.F.,.F.,(8,6,6,8),(0.,
    0.349007641743,0.528733736578,1.),.UNSPECIFIED.);
#4767 = CARTESIAN_POINT('',(3.94351820449,14.));
#4768 = CARTESIAN_POINT('',(3.94351820449,14.089691850171));
#4769 = CARTESIAN_POINT('',(3.9446430757,14.179264127698));
#4770 = CARTESIAN_POINT('',(3.946887158979,14.267156051149));
#4771 = CARTESIAN_POINT('',(3.950202961904,14.351865461675));
#4772 = CARTESIAN_POINT('',(3.954505178869,14.432062317909));
#4773 = CARTESIAN_POINT('',(3.959675130254,14.506682975611));
#4774 = CARTESIAN_POINT('',(3.968599006515,14.610188710698));
#4775 = CARTESIAN_POINT('',(3.971826232624,14.643733791035));
#4776 = CARTESIAN_POINT('',(3.975231804153,14.675581901086));
#4777 = CARTESIAN_POINT('',(3.97879993001,14.705688328145));
#4778 = CARTESIAN_POINT('',(3.982514552159,14.734022160559));
#4779 = CARTESIAN_POINT('',(3.986359374926,14.760566209526));
#4780 = CARTESIAN_POINT('',(4.000697670479,14.850216688373));
#4781 = CARTESIAN_POINT('',(4.011828372764,14.902593618013));
#4782 = CARTESIAN_POINT('',(4.023487528433,14.94303441277));
#4783 = CARTESIAN_POINT('',(4.035500718791,14.972252309058));
#4784 = CARTESIAN_POINT('',(4.047721009258,14.990992577744));
#4785 = CARTESIAN_POINT('',(4.060018954998,15.));
#4786 = CARTESIAN_POINT('',(4.072278270865,15.));
#4787 = ( GEOMETRIC_REPRESENTATION_CONTEXT(2) 
PARAMETRIC_REPRESENTATION_CONTEXT() REPRESENTATION_CONTEXT('2D SPACE',''
  ) );
#4788 = PCURVE('',#3669,#4789);
#4789 = DEFINITIONAL_REPRESENTATION('',(#4790),#4811);
#4790 = B_SPLINE_CURVE_WITH_KNOTS('',7,(#4791,#4792,#4793,#4794,#4795,
    #4796,#4797,#4798,#4799,#4800,#4801,#4802,#4803,#4804,#4805,#4806,
    #4807,#4808,#4809,#4810),.UNSPECIFIED.,.F.,.F.,(8,6,6,8),(0.,
    0.349007641743,0.528733736578,1.),.UNSPECIFIED.);
#4791 = CARTESIAN_POINT('',(0.,2.656110644857));
#4792 = CARTESIAN_POINT('',(8.969185017089E-02,2.656110644857));
#4793 = CARTESIAN_POINT('',(0.179264192112,2.665812176084));
#4794 = CARTESIAN_POINT('',(0.268334489165,2.685165119426));
#4795 = CARTESIAN_POINT('',(0.3565651357,2.713829382177));
#4796 = CARTESIAN_POINT('',(0.443613483341,2.751197049153));
#4797 = CARTESIAN_POINT('',(0.529102286536,2.796394979834));
#4798 = CARTESIAN_POINT('',(0.65561425969,2.874980471936));
#4799 = CARTESIAN_POINT('',(0.698131747949,2.903487582254));
#4800 = CARTESIAN_POINT('',(0.740159612878,2.933672523495));
#4801 = CARTESIAN_POINT('',(0.781691601638,2.965414906713));
#4802 = CARTESIAN_POINT('',(0.822718656839,2.998590108143));
#4803 = CARTESIAN_POINT('',(0.863228945483,3.033068764338));
#4804 = CARTESIAN_POINT('',(1.008038112083,3.162188868181));
#4805 = CARTESIAN_POINT('',(1.108903922637,3.263420659514));
#4806 = CARTESIAN_POINT('',(1.206420632969,3.370651638463));
#4807 = CARTESIAN_POINT('',(1.301027781712,3.482442410658));
#4808 = CARTESIAN_POINT('',(1.393096943923,3.597498038386));
#4809 = CARTESIAN_POINT('',(1.482928773261,3.714601135973));
#4810 = CARTESIAN_POINT('',(1.570796326795,3.832589151938));
#4811 = ( GEOMETRIC_REPRESENTATION_CONTEXT(2) 
PARAMETRIC_REPRESENTATION_CONTEXT() REPRESENTATION_CONTEXT('2D SPACE',''
  ) );
#4812 = ORIENTED_EDGE('',*,*,#3631,.T.);
#4813 = ORIENTED_EDGE('',*,*,#4814,.F.);
#4814 = EDGE_CURVE('',#4815,#3604,#4817,.T.);
#4815 = VERTEX_POINT('',#4816);
#4816 = CARTESIAN_POINT('',(-3.,-11.61895003862,5.));
#4817 = SURFACE_CURVE('',#4818,(#4833,#4851),.PCURVE_S1.);
#4818 = B_SPLINE_CURVE_WITH_KNOTS('',7,(#4819,#4820,#4821,#4822,#4823,
    #4824,#4825,#4826,#4827,#4828,#4829,#4830,#4831,#4832),
  .UNSPECIFIED.,.F.,.F.,(8,6,8),(0.,0.545087654272,1.),.UNSPECIFIED.);
#4819 = CARTESIAN_POINT('',(-3.,-11.61895003862,5.));
#4820 = CARTESIAN_POINT('',(-3.,-11.61895003862,5.113279901922));
#4821 = CARTESIAN_POINT('',(-3.014970972118,-11.61508453634,
    5.22679475819));
#4822 = CARTESIAN_POINT('',(-3.045025310143,-11.6073246117,5.33870562819
    ));
#4823 = CARTESIAN_POINT('',(-3.090226958871,-11.59552378031,
    5.447091662697));
#4824 = CARTESIAN_POINT('',(-3.150535751771,-11.57942853794,
    5.549873646905));
#4825 = CARTESIAN_POINT('',(-3.225762518005,-11.55868354767,
    5.644743758125));
#4826 = CARTESIAN_POINT('',(-3.390305551338,-11.51138107412,
    5.799259951322));
#4827 = CARTESIAN_POINT('',(-3.475615815744,-11.48624261001,
    5.862496993004));
#4828 = CARTESIAN_POINT('',(-3.570258657494,-11.45749430807,
    5.915969945431));
#4829 = CARTESIAN_POINT('',(-3.672404068738,-11.42533258845,
    5.957570832801));
#4830 = CARTESIAN_POINT('',(-3.779773396701,-11.39016240382,
    5.985840927143));
#4831 = CARTESIAN_POINT('',(-3.889835003446,-11.35265770704,6.));
#4832 = CARTESIAN_POINT('',(-4.,-11.31370849898,6.));
#4833 = PCURVE('',#2446,#4834);
#4834 = DEFINITIONAL_REPRESENTATION('',(#4835),#4850);
#4835 = B_SPLINE_CURVE_WITH_KNOTS('',7,(#4836,#4837,#4838,#4839,#4840,
    #4841,#4842,#4843,#4844,#4845,#4846,#4847,#4848,#4849),
  .UNSPECIFIED.,.F.,.F.,(8,6,8),(0.,0.545087654272,1.),.UNSPECIFIED.);
#4836 = CARTESIAN_POINT('',(4.459708725243,14.));
#4837 = CARTESIAN_POINT('',(4.459708725243,14.113279901922));
#4838 = CARTESIAN_POINT('',(4.458420228472,14.22679475819));
#4839 = CARTESIAN_POINT('',(4.455833566245,14.33870562819));
#4840 = CARTESIAN_POINT('',(4.451940518399,14.447091662697));
#4841 = CARTESIAN_POINT('',(4.446739065494,14.549873646905));
#4842 = CARTESIAN_POINT('',(4.440236553549,14.644743758125));
#4843 = CARTESIAN_POINT('',(4.425969279949,14.799259951322));
#4844 = CARTESIAN_POINT('',(4.418558030654,14.862496993004));
#4845 = CARTESIAN_POINT('',(4.410315770641,14.915969945431));
#4846 = CARTESIAN_POINT('',(4.401392608591,14.957570832801));
#4847 = CARTESIAN_POINT('',(4.391978428078,14.985840927143));
#4848 = CARTESIAN_POINT('',(4.382289372945,15.));
#4849 = CARTESIAN_POINT('',(4.372552070931,15.));
#4850 = ( GEOMETRIC_REPRESENTATION_CONTEXT(2) 
PARAMETRIC_REPRESENTATION_CONTEXT() REPRESENTATION_CONTEXT('2D SPACE',''
  ) );
#4851 = PCURVE('',#3619,#4852);
#4852 = DEFINITIONAL_REPRESENTATION('',(#4853),#4868);
#4853 = B_SPLINE_CURVE_WITH_KNOTS('',7,(#4854,#4855,#4856,#4857,#4858,
    #4859,#4860,#4861,#4862,#4863,#4864,#4865,#4866,#4867),
  .UNSPECIFIED.,.F.,.F.,(8,6,8),(0.,0.545087654272,1.),.UNSPECIFIED.);
#4854 = CARTESIAN_POINT('',(0.,4.00540561436));
#4855 = CARTESIAN_POINT('',(-0.113279901922,4.00540561436));
#4856 = CARTESIAN_POINT('',(-0.226794598938,4.009271116638));
#4857 = CARTESIAN_POINT('',(-0.341080522005,4.017031041279));
#4858 = CARTESIAN_POINT('',(-0.456632055226,4.028831872668));
#4859 = CARTESIAN_POINT('',(-0.573995553164,4.044927115041));
#4860 = CARTESIAN_POINT('',(-0.693776729075,4.065672105304));
#4861 = CARTESIAN_POINT('',(-0.919497051108,4.112974578853));
#4862 = CARTESIAN_POINT('',(-1.024974340633,4.138113042967));
#4863 = CARTESIAN_POINT('',(-1.132338836849,4.166861344913));
#4864 = CARTESIAN_POINT('',(-1.241016458232,4.199023064523));
#4865 = CARTESIAN_POINT('',(-1.350569762212,4.234193249154));
#4866 = CARTESIAN_POINT('',(-1.460631330241,4.271697945941));
#4867 = CARTESIAN_POINT('',(-1.570796326795,4.310647153997));
#4868 = ( GEOMETRIC_REPRESENTATION_CONTEXT(2) 
PARAMETRIC_REPRESENTATION_CONTEXT() REPRESENTATION_CONTEXT('2D SPACE',''
  ) );
#4869 = ORIENTED_EDGE('',*,*,#4870,.F.);
#4870 = EDGE_CURVE('',#4871,#4815,#4873,.T.);
#4871 = VERTEX_POINT('',#4872);
#4872 = CARTESIAN_POINT('',(-3.,-11.61895003862,1.));
#4873 = SURFACE_CURVE('',#4874,(#4878,#4884),.PCURVE_S1.);
#4874 = LINE('',#4875,#4876);
#4875 = CARTESIAN_POINT('',(-3.,-11.61895003862,-9.));
#4876 = VECTOR('',#4877,1.);
#4877 = DIRECTION('',(0.,0.,1.));
#4878 = PCURVE('',#2446,#4879);
#4879 = DEFINITIONAL_REPRESENTATION('',(#4880),#4883);
#4880 = B_SPLINE_CURVE_WITH_KNOTS('',1,(#4881,#4882),.UNSPECIFIED.,.F.,
  .F.,(2,2),(9.6,14.4),.PIECEWISE_BEZIER_KNOTS.);
#4881 = CARTESIAN_POINT('',(4.459708725243,9.6));
#4882 = CARTESIAN_POINT('',(4.459708725243,14.4));
#4883 = ( GEOMETRIC_REPRESENTATION_CONTEXT(2) 
PARAMETRIC_REPRESENTATION_CONTEXT() REPRESENTATION_CONTEXT('2D SPACE',''
  ) );
#4884 = PCURVE('',#4885,#4890);
#4885 = PLANE('',#4886);
#4886 = AXIS2_PLACEMENT_3D('',#4887,#4888,#4889);
#4887 = CARTESIAN_POINT('',(-3.,-15.62435565298,0.));
#4888 = DIRECTION('',(1.,0.,0.));
#4889 = DIRECTION('',(0.,0.,1.));
#4890 = DEFINITIONAL_REPRESENTATION('',(#4891),#4894);
#4891 = B_SPLINE_CURVE_WITH_KNOTS('',1,(#4892,#4893),.UNSPECIFIED.,.F.,
  .F.,(2,2),(9.6,14.4),.PIECEWISE_BEZIER_KNOTS.);
#4892 = CARTESIAN_POINT('',(0.6,-4.00540561436));
#4893 = CARTESIAN_POINT('',(5.4,-4.00540561436));
#4894 = ( GEOMETRIC_REPRESENTATION_CONTEXT(2) 
PARAMETRIC_REPRESENTATION_CONTEXT() REPRESENTATION_CONTEXT('2D SPACE',''
  ) );
#4895 = ORIENTED_EDGE('',*,*,#4896,.T.);
#4896 = EDGE_CURVE('',#4871,#3334,#4897,.T.);
#4897 = SURFACE_CURVE('',#4898,(#4913,#4931),.PCURVE_S1.);
#4898 = B_SPLINE_CURVE_WITH_KNOTS('',7,(#4899,#4900,#4901,#4902,#4903,
    #4904,#4905,#4906,#4907,#4908,#4909,#4910,#4911,#4912),
  .UNSPECIFIED.,.F.,.F.,(8,6,8),(0.,0.545087654272,1.),.UNSPECIFIED.);
#4899 = CARTESIAN_POINT('',(-3.,-11.61895003862,1.));
#4900 = CARTESIAN_POINT('',(-3.,-11.61895003862,0.886720098078));
#4901 = CARTESIAN_POINT('',(-3.014970972118,-11.61508453634,
    0.77320524181));
#4902 = CARTESIAN_POINT('',(-3.045025310143,-11.6073246117,0.66129437181
    ));
#4903 = CARTESIAN_POINT('',(-3.090226958871,-11.59552378031,
    0.552908337303));
#4904 = CARTESIAN_POINT('',(-3.150535751771,-11.57942853794,
    0.450126353095));
#4905 = CARTESIAN_POINT('',(-3.225762518005,-11.55868354767,
    0.355256241875));
#4906 = CARTESIAN_POINT('',(-3.390305551338,-11.51138107412,
    0.200740048678));
#4907 = CARTESIAN_POINT('',(-3.475615815744,-11.48624261001,
    0.137503006996));
#4908 = CARTESIAN_POINT('',(-3.570258657494,-11.45749430807,
    8.403005456936E-02));
#4909 = CARTESIAN_POINT('',(-3.672404068738,-11.42533258845,
    4.242916719881E-02));
#4910 = CARTESIAN_POINT('',(-3.779773396701,-11.39016240382,
    1.415907285673E-02));
#4911 = CARTESIAN_POINT('',(-3.889835003447,-11.35265770704,
    6.745660520364E-18));
#4912 = CARTESIAN_POINT('',(-4.,-11.31370849898,0.));
#4913 = PCURVE('',#2446,#4914);
#4914 = DEFINITIONAL_REPRESENTATION('',(#4915),#4930);
#4915 = B_SPLINE_CURVE_WITH_KNOTS('',7,(#4916,#4917,#4918,#4919,#4920,
    #4921,#4922,#4923,#4924,#4925,#4926,#4927,#4928,#4929),
  .UNSPECIFIED.,.F.,.F.,(8,6,8),(0.,0.545087654272,1.),.UNSPECIFIED.);
#4916 = CARTESIAN_POINT('',(4.459708725243,10.));
#4917 = CARTESIAN_POINT('',(4.459708725243,9.886720098078));
#4918 = CARTESIAN_POINT('',(4.458420228472,9.77320524181));
#4919 = CARTESIAN_POINT('',(4.455833566245,9.66129437181));
#4920 = CARTESIAN_POINT('',(4.451940518399,9.552908337303));
#4921 = CARTESIAN_POINT('',(4.446739065494,9.450126353095));
#4922 = CARTESIAN_POINT('',(4.440236553549,9.355256241875));
#4923 = CARTESIAN_POINT('',(4.425969279949,9.200740048678));
#4924 = CARTESIAN_POINT('',(4.418558030654,9.137503006996));
#4925 = CARTESIAN_POINT('',(4.410315770641,9.084030054569));
#4926 = CARTESIAN_POINT('',(4.401392608591,9.042429167199));
#4927 = CARTESIAN_POINT('',(4.391978428078,9.014159072857));
#4928 = CARTESIAN_POINT('',(4.382289372945,9.));
#4929 = CARTESIAN_POINT('',(4.372552070931,9.));
#4930 = ( GEOMETRIC_REPRESENTATION_CONTEXT(2) 
PARAMETRIC_REPRESENTATION_CONTEXT() REPRESENTATION_CONTEXT('2D SPACE',''
  ) );
#4931 = PCURVE('',#3349,#4932);
#4932 = DEFINITIONAL_REPRESENTATION('',(#4933),#4948);
#4933 = B_SPLINE_CURVE_WITH_KNOTS('',7,(#4934,#4935,#4936,#4937,#4938,
    #4939,#4940,#4941,#4942,#4943,#4944,#4945,#4946,#4947),
  .UNSPECIFIED.,.F.,.F.,(8,6,8),(0.,0.545087654272,1.),.UNSPECIFIED.);
#4934 = CARTESIAN_POINT('',(0.,4.00540561436));
#4935 = CARTESIAN_POINT('',(0.113279901922,4.00540561436));
#4936 = CARTESIAN_POINT('',(0.226794598938,4.009271116638));
#4937 = CARTESIAN_POINT('',(0.341080522004,4.017031041279));
#4938 = CARTESIAN_POINT('',(0.456632055226,4.028831872668));
#4939 = CARTESIAN_POINT('',(0.573995553164,4.044927115041));
#4940 = CARTESIAN_POINT('',(0.693776729075,4.065672105304));
#4941 = CARTESIAN_POINT('',(0.919497051108,4.112974578853));
#4942 = CARTESIAN_POINT('',(1.024974340633,4.138113042967));
#4943 = CARTESIAN_POINT('',(1.132338836849,4.166861344913));
#4944 = CARTESIAN_POINT('',(1.241016458232,4.199023064523));
#4945 = CARTESIAN_POINT('',(1.350569762212,4.234193249154));
#4946 = CARTESIAN_POINT('',(1.460631330241,4.271697945941));
#4947 = CARTESIAN_POINT('',(1.570796326795,4.310647153997));
#4948 = ( GEOMETRIC_REPRESENTATION_CONTEXT(2) 
PARAMETRIC_REPRESENTATION_CONTEXT() REPRESENTATION_CONTEXT('2D SPACE',''
  ) );
#4949 = ADVANCED_FACE('',(#4950),#2479,.F.);
#4950 = FACE_BOUND('',#4951,.T.);
#4951 = EDGE_LOOP('',(#4952,#4953,#4954,#4955));
#4952 = ORIENTED_EDGE('',*,*,#4245,.T.);
#4953 = ORIENTED_EDGE('',*,*,#4048,.T.);
#4954 = ORIENTED_EDGE('',*,*,#2462,.T.);
#4955 = ORIENTED_EDGE('',*,*,#4956,.F.);
#4956 = EDGE_CURVE('',#4225,#2463,#4957,.T.);
#4957 = SURFACE_CURVE('',#4958,(#4962,#4969),.PCURVE_S1.);
#4958 = LINE('',#4959,#4960);
#4959 = CARTESIAN_POINT('',(10.,3.5,1.));
#4960 = VECTOR('',#4961,1.);
#4961 = DIRECTION('',(1.,0.,0.));
#4962 = PCURVE('',#2479,#4963);
#4963 = DEFINITIONAL_REPRESENTATION('',(#4964),#4968);
#4964 = LINE('',#4965,#4966);
#4965 = CARTESIAN_POINT('',(-0.,0.));
#4966 = VECTOR('',#4967,1.);
#4967 = DIRECTION('',(-0.,1.));
#4968 = ( GEOMETRIC_REPRESENTATION_CONTEXT(2) 
PARAMETRIC_REPRESENTATION_CONTEXT() REPRESENTATION_CONTEXT('2D SPACE',''
  ) );
#4969 = PCURVE('',#2535,#4970);
#4970 = DEFINITIONAL_REPRESENTATION('',(#4971),#4975);
#4971 = LINE('',#4972,#4973);
#4972 = CARTESIAN_POINT('',(1.,0.));
#4973 = VECTOR('',#4974,1.);
#4974 = DIRECTION('',(0.,1.));
#4975 = ( GEOMETRIC_REPRESENTATION_CONTEXT(2) 
PARAMETRIC_REPRESENTATION_CONTEXT() REPRESENTATION_CONTEXT('2D SPACE',''
  ) );
#4976 = ADVANCED_FACE('',(#4977),#2535,.F.);
#4977 = FACE_BOUND('',#4978,.F.);
#4978 = EDGE_LOOP('',(#4979,#4980,#4981,#5002));
#4979 = ORIENTED_EDGE('',*,*,#4956,.F.);
#4980 = ORIENTED_EDGE('',*,*,#4224,.T.);
#4981 = ORIENTED_EDGE('',*,*,#4982,.T.);
#4982 = EDGE_CURVE('',#4169,#2520,#4983,.T.);
#4983 = SURFACE_CURVE('',#4984,(#4988,#4995),.PCURVE_S1.);
#4984 = LINE('',#4985,#4986);
#4985 = CARTESIAN_POINT('',(10.,3.5,5.));
#4986 = VECTOR('',#4987,1.);
#4987 = DIRECTION('',(1.,0.,0.));
#4988 = PCURVE('',#2535,#4989);
#4989 = DEFINITIONAL_REPRESENTATION('',(#4990),#4994);
#4990 = LINE('',#4991,#4992);
#4991 = CARTESIAN_POINT('',(5.,0.));
#4992 = VECTOR('',#4993,1.);
#4993 = DIRECTION('',(0.,1.));
#4994 = ( GEOMETRIC_REPRESENTATION_CONTEXT(2) 
PARAMETRIC_REPRESENTATION_CONTEXT() REPRESENTATION_CONTEXT('2D SPACE',''
  ) );
#4995 = PCURVE('',#2590,#4996);
#4996 = DEFINITIONAL_REPRESENTATION('',(#4997),#5001);
#4997 = LINE('',#4998,#4999);
#4998 = CARTESIAN_POINT('',(0.,0.));
#4999 = VECTOR('',#5000,1.);
#5000 = DIRECTION('',(0.,1.));
#5001 = ( GEOMETRIC_REPRESENTATION_CONTEXT(2) 
PARAMETRIC_REPRESENTATION_CONTEXT() REPRESENTATION_CONTEXT('2D SPACE',''
  ) );
#5002 = ORIENTED_EDGE('',*,*,#2519,.F.);
#5003 = ADVANCED_FACE('',(#5004),#2590,.F.);
#5004 = FACE_BOUND('',#5005,.F.);
#5005 = EDGE_LOOP('',(#5006,#5007,#5008,#5029));
#5006 = ORIENTED_EDGE('',*,*,#4982,.F.);
#5007 = ORIENTED_EDGE('',*,*,#4168,.T.);
#5008 = ORIENTED_EDGE('',*,*,#5009,.T.);
#5009 = EDGE_CURVE('',#4145,#2574,#5010,.T.);
#5010 = SURFACE_CURVE('',#5011,(#5015,#5022),.PCURVE_S1.);
#5011 = LINE('',#5012,#5013);
#5012 = CARTESIAN_POINT('',(10.,2.5,6.));
#5013 = VECTOR('',#5014,1.);
#5014 = DIRECTION('',(1.,0.,0.));
#5015 = PCURVE('',#2590,#5016);
#5016 = DEFINITIONAL_REPRESENTATION('',(#5017),#5021);
#5017 = LINE('',#5018,#5019);
#5018 = CARTESIAN_POINT('',(1.570796326795,0.));
#5019 = VECTOR('',#5020,1.);
#5020 = DIRECTION('',(0.,1.));
#5021 = ( GEOMETRIC_REPRESENTATION_CONTEXT(2) 
PARAMETRIC_REPRESENTATION_CONTEXT() REPRESENTATION_CONTEXT('2D SPACE',''
  ) );
#5022 = PCURVE('',#2643,#5023);
#5023 = DEFINITIONAL_REPRESENTATION('',(#5024),#5028);
#5024 = LINE('',#5025,#5026);
#5025 = CARTESIAN_POINT('',(0.,6.));
#5026 = VECTOR('',#5027,1.);
#5027 = DIRECTION('',(1.,0.));
#5028 = ( GEOMETRIC_REPRESENTATION_CONTEXT(2) 
PARAMETRIC_REPRESENTATION_CONTEXT() REPRESENTATION_CONTEXT('2D SPACE',''
  ) );
#5029 = ORIENTED_EDGE('',*,*,#2573,.F.);
#5030 = ADVANCED_FACE('',(#5031),#2643,.F.);
#5031 = FACE_BOUND('',#5032,.F.);
#5032 = EDGE_LOOP('',(#5033,#5034,#5035,#5036,#5037));
#5033 = ORIENTED_EDGE('',*,*,#4097,.F.);
#5034 = ORIENTED_EDGE('',*,*,#3838,.T.);
#5035 = ORIENTED_EDGE('',*,*,#2629,.T.);
#5036 = ORIENTED_EDGE('',*,*,#5009,.F.);
#5037 = ORIENTED_EDGE('',*,*,#4144,.F.);
#5038 = ADVANCED_FACE('',(#5039),#2709,.F.);
#5039 = FACE_BOUND('',#5040,.F.);
#5040 = EDGE_LOOP('',(#5041,#5042,#5066,#5089));
#5041 = ORIENTED_EDGE('',*,*,#2691,.F.);
#5042 = ORIENTED_EDGE('',*,*,#5043,.T.);
#5043 = EDGE_CURVE('',#2692,#5044,#5046,.T.);
#5044 = VERTEX_POINT('',#5045);
#5045 = CARTESIAN_POINT('',(-10.,8.624355652982,1.));
#5046 = SURFACE_CURVE('',#5047,(#5052,#5059),.PCURVE_S1.);
#5047 = CIRCLE('',#5048,1.);
#5048 = AXIS2_PLACEMENT_3D('',#5049,#5050,#5051);
#5049 = CARTESIAN_POINT('',(-10.,9.624355652982,1.));
#5050 = DIRECTION('',(0.,0.,1.));
#5051 = DIRECTION('',(-1.,0.,0.));
#5052 = PCURVE('',#2709,#5053);
#5053 = DEFINITIONAL_REPRESENTATION('',(#5054),#5058);
#5054 = LINE('',#5055,#5056);
#5055 = CARTESIAN_POINT('',(0.,1.));
#5056 = VECTOR('',#5057,1.);
#5057 = DIRECTION('',(1.,0.));
#5058 = ( GEOMETRIC_REPRESENTATION_CONTEXT(2) 
PARAMETRIC_REPRESENTATION_CONTEXT() REPRESENTATION_CONTEXT('2D SPACE',''
  ) );
#5059 = PCURVE('',#2784,#5060);
#5060 = DEFINITIONAL_REPRESENTATION('',(#5061),#5065);
#5061 = LINE('',#5062,#5063);
#5062 = CARTESIAN_POINT('',(0.,0.));
#5063 = VECTOR('',#5064,1.);
#5064 = DIRECTION('',(1.,0.));
#5065 = ( GEOMETRIC_REPRESENTATION_CONTEXT(2) 
PARAMETRIC_REPRESENTATION_CONTEXT() REPRESENTATION_CONTEXT('2D SPACE',''
  ) );
#5066 = ORIENTED_EDGE('',*,*,#5067,.T.);
#5067 = EDGE_CURVE('',#5044,#5068,#5070,.T.);
#5068 = VERTEX_POINT('',#5069);
#5069 = CARTESIAN_POINT('',(-10.,8.624355652982,5.));
#5070 = SURFACE_CURVE('',#5071,(#5075,#5082),.PCURVE_S1.);
#5071 = LINE('',#5072,#5073);
#5072 = CARTESIAN_POINT('',(-10.,8.624355652982,0.));
#5073 = VECTOR('',#5074,1.);
#5074 = DIRECTION('',(0.,0.,1.));
#5075 = PCURVE('',#2709,#5076);
#5076 = DEFINITIONAL_REPRESENTATION('',(#5077),#5081);
#5077 = LINE('',#5078,#5079);
#5078 = CARTESIAN_POINT('',(1.570796326795,0.));
#5079 = VECTOR('',#5080,1.);
#5080 = DIRECTION('',(0.,1.));
#5081 = ( GEOMETRIC_REPRESENTATION_CONTEXT(2) 
PARAMETRIC_REPRESENTATION_CONTEXT() REPRESENTATION_CONTEXT('2D SPACE',''
  ) );
#5082 = PCURVE('',#4345,#5083);
#5083 = DEFINITIONAL_REPRESENTATION('',(#5084),#5088);
#5084 = LINE('',#5085,#5086);
#5085 = CARTESIAN_POINT('',(0.,1.));
#5086 = VECTOR('',#5087,1.);
#5087 = DIRECTION('',(1.,0.));
#5088 = ( GEOMETRIC_REPRESENTATION_CONTEXT(2) 
PARAMETRIC_REPRESENTATION_CONTEXT() REPRESENTATION_CONTEXT('2D SPACE',''
  ) );
#5089 = ORIENTED_EDGE('',*,*,#5090,.F.);
#5090 = EDGE_CURVE('',#2694,#5068,#5091,.T.);
#5091 = SURFACE_CURVE('',#5092,(#5097,#5104),.PCURVE_S1.);
#5092 = CIRCLE('',#5093,1.);
#5093 = AXIS2_PLACEMENT_3D('',#5094,#5095,#5096);
#5094 = CARTESIAN_POINT('',(-10.,9.624355652982,5.));
#5095 = DIRECTION('',(0.,0.,1.));
#5096 = DIRECTION('',(-1.,0.,0.));
#5097 = PCURVE('',#2709,#5098);
#5098 = DEFINITIONAL_REPRESENTATION('',(#5099),#5103);
#5099 = LINE('',#5100,#5101);
#5100 = CARTESIAN_POINT('',(0.,5.));
#5101 = VECTOR('',#5102,1.);
#5102 = DIRECTION('',(1.,0.));
#5103 = ( GEOMETRIC_REPRESENTATION_CONTEXT(2) 
PARAMETRIC_REPRESENTATION_CONTEXT() REPRESENTATION_CONTEXT('2D SPACE',''
  ) );
#5104 = PCURVE('',#2839,#5105);
#5105 = DEFINITIONAL_REPRESENTATION('',(#5106),#5110);
#5106 = LINE('',#5107,#5108);
#5107 = CARTESIAN_POINT('',(-0.,0.));
#5108 = VECTOR('',#5109,1.);
#5109 = DIRECTION('',(-1.,0.));
#5110 = ( GEOMETRIC_REPRESENTATION_CONTEXT(2) 
PARAMETRIC_REPRESENTATION_CONTEXT() REPRESENTATION_CONTEXT('2D SPACE',''
  ) );
#5111 = ADVANCED_FACE('',(#5112),#2784,.F.);
#5112 = FACE_BOUND('',#5113,.F.);
#5113 = EDGE_LOOP('',(#5114,#5115,#5137));
#5114 = ORIENTED_EDGE('',*,*,#2767,.F.);
#5115 = ORIENTED_EDGE('',*,*,#5116,.T.);
#5116 = EDGE_CURVE('',#2768,#5044,#5117,.T.);
#5117 = SURFACE_CURVE('',#5118,(#5123,#5130),.PCURVE_S1.);
#5118 = CIRCLE('',#5119,1.);
#5119 = AXIS2_PLACEMENT_3D('',#5120,#5121,#5122);
#5120 = CARTESIAN_POINT('',(-10.,9.624355652982,1.));
#5121 = DIRECTION('',(-1.,6.123233995737E-17,0.));
#5122 = DIRECTION('',(-6.123233995737E-17,-1.,0.));
#5123 = PCURVE('',#2784,#5124);
#5124 = DEFINITIONAL_REPRESENTATION('',(#5125),#5129);
#5125 = LINE('',#5126,#5127);
#5126 = CARTESIAN_POINT('',(1.570796326795,-6.28318530718));
#5127 = VECTOR('',#5128,1.);
#5128 = DIRECTION('',(0.,1.));
#5129 = ( GEOMETRIC_REPRESENTATION_CONTEXT(2) 
PARAMETRIC_REPRESENTATION_CONTEXT() REPRESENTATION_CONTEXT('2D SPACE',''
  ) );
#5130 = PCURVE('',#2894,#5131);
#5131 = DEFINITIONAL_REPRESENTATION('',(#5132),#5136);
#5132 = LINE('',#5133,#5134);
#5133 = CARTESIAN_POINT('',(6.28318530718,1.));
#5134 = VECTOR('',#5135,1.);
#5135 = DIRECTION('',(-1.,-0.));
#5136 = ( GEOMETRIC_REPRESENTATION_CONTEXT(2) 
PARAMETRIC_REPRESENTATION_CONTEXT() REPRESENTATION_CONTEXT('2D SPACE',''
  ) );
#5137 = ORIENTED_EDGE('',*,*,#5043,.F.);
#5138 = ADVANCED_FACE('',(#5139),#2839,.F.);
#5139 = FACE_BOUND('',#5140,.T.);
#5140 = EDGE_LOOP('',(#5141,#5142,#5164));
#5141 = ORIENTED_EDGE('',*,*,#2822,.F.);
#5142 = ORIENTED_EDGE('',*,*,#5143,.T.);
#5143 = EDGE_CURVE('',#2823,#5068,#5144,.T.);
#5144 = SURFACE_CURVE('',#5145,(#5150,#5157),.PCURVE_S1.);
#5145 = CIRCLE('',#5146,1.);
#5146 = AXIS2_PLACEMENT_3D('',#5147,#5148,#5149);
#5147 = CARTESIAN_POINT('',(-10.,9.624355652982,5.));
#5148 = DIRECTION('',(1.,-6.123233995737E-17,0.));
#5149 = DIRECTION('',(-6.123233995737E-17,-1.,0.));
#5150 = PCURVE('',#2839,#5151);
#5151 = DEFINITIONAL_REPRESENTATION('',(#5152),#5156);
#5152 = LINE('',#5153,#5154);
#5153 = CARTESIAN_POINT('',(-1.570796326795,-6.28318530718));
#5154 = VECTOR('',#5155,1.);
#5155 = DIRECTION('',(-0.,1.));
#5156 = ( GEOMETRIC_REPRESENTATION_CONTEXT(2) 
PARAMETRIC_REPRESENTATION_CONTEXT() REPRESENTATION_CONTEXT('2D SPACE',''
  ) );
#5157 = PCURVE('',#3000,#5158);
#5158 = DEFINITIONAL_REPRESENTATION('',(#5159),#5163);
#5159 = LINE('',#5160,#5161);
#5160 = CARTESIAN_POINT('',(-6.28318530718,1.));
#5161 = VECTOR('',#5162,1.);
#5162 = DIRECTION('',(1.,-0.));
#5163 = ( GEOMETRIC_REPRESENTATION_CONTEXT(2) 
PARAMETRIC_REPRESENTATION_CONTEXT() REPRESENTATION_CONTEXT('2D SPACE',''
  ) );
#5164 = ORIENTED_EDGE('',*,*,#5090,.F.);
#5165 = ADVANCED_FACE('',(#5166),#2946,.F.);
#5166 = FACE_BOUND('',#5167,.F.);
#5167 = EDGE_LOOP('',(#5168,#5169,#5170,#5194));
#5168 = ORIENTED_EDGE('',*,*,#4429,.T.);
#5169 = ORIENTED_EDGE('',*,*,#2930,.T.);
#5170 = ORIENTED_EDGE('',*,*,#5171,.T.);
#5171 = EDGE_CURVE('',#2931,#5172,#5174,.T.);
#5172 = VERTEX_POINT('',#5173);
#5173 = CARTESIAN_POINT('',(-3.,14.624355652982,1.));
#5174 = SURFACE_CURVE('',#5175,(#5180,#5187),.PCURVE_S1.);
#5175 = CIRCLE('',#5176,1.);
#5176 = AXIS2_PLACEMENT_3D('',#5177,#5178,#5179);
#5177 = CARTESIAN_POINT('',(-4.,14.624355652982,1.));
#5178 = DIRECTION('',(0.,-1.,0.));
#5179 = DIRECTION('',(1.,0.,0.));
#5180 = PCURVE('',#2946,#5181);
#5181 = DEFINITIONAL_REPRESENTATION('',(#5182),#5186);
#5182 = LINE('',#5183,#5184);
#5183 = CARTESIAN_POINT('',(6.28318530718,6.));
#5184 = VECTOR('',#5185,1.);
#5185 = DIRECTION('',(-1.,-0.));
#5186 = ( GEOMETRIC_REPRESENTATION_CONTEXT(2) 
PARAMETRIC_REPRESENTATION_CONTEXT() REPRESENTATION_CONTEXT('2D SPACE',''
  ) );
#5187 = PCURVE('',#3108,#5188);
#5188 = DEFINITIONAL_REPRESENTATION('',(#5189),#5193);
#5189 = LINE('',#5190,#5191);
#5190 = CARTESIAN_POINT('',(0.,-6.28318530718));
#5191 = VECTOR('',#5192,1.);
#5192 = DIRECTION('',(0.,1.));
#5193 = ( GEOMETRIC_REPRESENTATION_CONTEXT(2) 
PARAMETRIC_REPRESENTATION_CONTEXT() REPRESENTATION_CONTEXT('2D SPACE',''
  ) );
#5194 = ORIENTED_EDGE('',*,*,#5195,.F.);
#5195 = EDGE_CURVE('',#4430,#5172,#5196,.T.);
#5196 = SURFACE_CURVE('',#5197,(#5201,#5208),.PCURVE_S1.);
#5197 = LINE('',#5198,#5199);
#5198 = CARTESIAN_POINT('',(-3.,8.624355652982,1.));
#5199 = VECTOR('',#5200,1.);
#5200 = DIRECTION('',(0.,1.,0.));
#5201 = PCURVE('',#2946,#5202);
#5202 = DEFINITIONAL_REPRESENTATION('',(#5203),#5207);
#5203 = LINE('',#5204,#5205);
#5204 = CARTESIAN_POINT('',(0.,0.));
#5205 = VECTOR('',#5206,1.);
#5206 = DIRECTION('',(0.,1.));
#5207 = ( GEOMETRIC_REPRESENTATION_CONTEXT(2) 
PARAMETRIC_REPRESENTATION_CONTEXT() REPRESENTATION_CONTEXT('2D SPACE',''
  ) );
#5208 = PCURVE('',#4500,#5209);
#5209 = DEFINITIONAL_REPRESENTATION('',(#5210),#5214);
#5210 = LINE('',#5211,#5212);
#5211 = CARTESIAN_POINT('',(1.,0.));
#5212 = VECTOR('',#5213,1.);
#5213 = DIRECTION('',(0.,-1.));
#5214 = ( GEOMETRIC_REPRESENTATION_CONTEXT(2) 
PARAMETRIC_REPRESENTATION_CONTEXT() REPRESENTATION_CONTEXT('2D SPACE',''
  ) );
#5215 = ADVANCED_FACE('',(#5216),#2894,.F.);
#5216 = FACE_BOUND('',#5217,.F.);
#5217 = EDGE_LOOP('',(#5218,#5219,#5220,#5221));
#5218 = ORIENTED_EDGE('',*,*,#5116,.F.);
#5219 = ORIENTED_EDGE('',*,*,#2878,.T.);
#5220 = ORIENTED_EDGE('',*,*,#4356,.F.);
#5221 = ORIENTED_EDGE('',*,*,#5222,.F.);
#5222 = EDGE_CURVE('',#5044,#4329,#5223,.T.);
#5223 = SURFACE_CURVE('',#5224,(#5228,#5235),.PCURVE_S1.);
#5224 = LINE('',#5225,#5226);
#5225 = CARTESIAN_POINT('',(-11.,8.624355652982,1.));
#5226 = VECTOR('',#5227,1.);
#5227 = DIRECTION('',(1.,0.,0.));
#5228 = PCURVE('',#2894,#5229);
#5229 = DEFINITIONAL_REPRESENTATION('',(#5230),#5234);
#5230 = LINE('',#5231,#5232);
#5231 = CARTESIAN_POINT('',(0.,0.));
#5232 = VECTOR('',#5233,1.);
#5233 = DIRECTION('',(0.,1.));
#5234 = ( GEOMETRIC_REPRESENTATION_CONTEXT(2) 
PARAMETRIC_REPRESENTATION_CONTEXT() REPRESENTATION_CONTEXT('2D SPACE',''
  ) );
#5235 = PCURVE('',#4345,#5236);
#5236 = DEFINITIONAL_REPRESENTATION('',(#5237),#5241);
#5237 = LINE('',#5238,#5239);
#5238 = CARTESIAN_POINT('',(1.,0.));
#5239 = VECTOR('',#5240,1.);
#5240 = DIRECTION('',(0.,1.));
#5241 = ( GEOMETRIC_REPRESENTATION_CONTEXT(2) 
PARAMETRIC_REPRESENTATION_CONTEXT() REPRESENTATION_CONTEXT('2D SPACE',''
  ) );
#5242 = ADVANCED_FACE('',(#5243),#3052,.F.);
#5243 = FACE_BOUND('',#5244,.T.);
#5244 = EDGE_LOOP('',(#5245,#5246,#5247,#5271));
#5245 = ORIENTED_EDGE('',*,*,#4511,.T.);
#5246 = ORIENTED_EDGE('',*,*,#3036,.T.);
#5247 = ORIENTED_EDGE('',*,*,#5248,.F.);
#5248 = EDGE_CURVE('',#5249,#3037,#5251,.T.);
#5249 = VERTEX_POINT('',#5250);
#5250 = CARTESIAN_POINT('',(-3.,14.624355652982,5.));
#5251 = SURFACE_CURVE('',#5252,(#5257,#5264),.PCURVE_S1.);
#5252 = CIRCLE('',#5253,1.);
#5253 = AXIS2_PLACEMENT_3D('',#5254,#5255,#5256);
#5254 = CARTESIAN_POINT('',(-4.,14.624355652982,5.));
#5255 = DIRECTION('',(-0.,-1.,0.));
#5256 = DIRECTION('',(1.,-0.,0.));
#5257 = PCURVE('',#3052,#5258);
#5258 = DEFINITIONAL_REPRESENTATION('',(#5259),#5263);
#5259 = LINE('',#5260,#5261);
#5260 = CARTESIAN_POINT('',(-0.,6.));
#5261 = VECTOR('',#5262,1.);
#5262 = DIRECTION('',(-1.,0.));
#5263 = ( GEOMETRIC_REPRESENTATION_CONTEXT(2) 
PARAMETRIC_REPRESENTATION_CONTEXT() REPRESENTATION_CONTEXT('2D SPACE',''
  ) );
#5264 = PCURVE('',#3184,#5265);
#5265 = DEFINITIONAL_REPRESENTATION('',(#5266),#5270);
#5266 = LINE('',#5267,#5268);
#5267 = CARTESIAN_POINT('',(0.,0.));
#5268 = VECTOR('',#5269,1.);
#5269 = DIRECTION('',(1.,0.));
#5270 = ( GEOMETRIC_REPRESENTATION_CONTEXT(2) 
PARAMETRIC_REPRESENTATION_CONTEXT() REPRESENTATION_CONTEXT('2D SPACE',''
  ) );
#5271 = ORIENTED_EDGE('',*,*,#5272,.F.);
#5272 = EDGE_CURVE('',#4486,#5249,#5273,.T.);
#5273 = SURFACE_CURVE('',#5274,(#5278,#5285),.PCURVE_S1.);
#5274 = LINE('',#5275,#5276);
#5275 = CARTESIAN_POINT('',(-3.,8.624355652982,5.));
#5276 = VECTOR('',#5277,1.);
#5277 = DIRECTION('',(0.,1.,0.));
#5278 = PCURVE('',#3052,#5279);
#5279 = DEFINITIONAL_REPRESENTATION('',(#5280),#5284);
#5280 = LINE('',#5281,#5282);
#5281 = CARTESIAN_POINT('',(-0.,0.));
#5282 = VECTOR('',#5283,1.);
#5283 = DIRECTION('',(-0.,1.));
#5284 = ( GEOMETRIC_REPRESENTATION_CONTEXT(2) 
PARAMETRIC_REPRESENTATION_CONTEXT() REPRESENTATION_CONTEXT('2D SPACE',''
  ) );
#5285 = PCURVE('',#4500,#5286);
#5286 = DEFINITIONAL_REPRESENTATION('',(#5287),#5291);
#5287 = LINE('',#5288,#5289);
#5288 = CARTESIAN_POINT('',(5.,0.));
#5289 = VECTOR('',#5290,1.);
#5290 = DIRECTION('',(0.,-1.));
#5291 = ( GEOMETRIC_REPRESENTATION_CONTEXT(2) 
PARAMETRIC_REPRESENTATION_CONTEXT() REPRESENTATION_CONTEXT('2D SPACE',''
  ) );
#5292 = ADVANCED_FACE('',(#5293),#3000,.F.);
#5293 = FACE_BOUND('',#5294,.T.);
#5294 = EDGE_LOOP('',(#5295,#5296,#5297,#5298));
#5295 = ORIENTED_EDGE('',*,*,#5143,.F.);
#5296 = ORIENTED_EDGE('',*,*,#2984,.T.);
#5297 = ORIENTED_EDGE('',*,*,#4566,.F.);
#5298 = ORIENTED_EDGE('',*,*,#5299,.F.);
#5299 = EDGE_CURVE('',#5068,#4331,#5300,.T.);
#5300 = SURFACE_CURVE('',#5301,(#5305,#5312),.PCURVE_S1.);
#5301 = LINE('',#5302,#5303);
#5302 = CARTESIAN_POINT('',(-11.,8.624355652982,5.));
#5303 = VECTOR('',#5304,1.);
#5304 = DIRECTION('',(1.,0.,0.));
#5305 = PCURVE('',#3000,#5306);
#5306 = DEFINITIONAL_REPRESENTATION('',(#5307),#5311);
#5307 = LINE('',#5308,#5309);
#5308 = CARTESIAN_POINT('',(-0.,0.));
#5309 = VECTOR('',#5310,1.);
#5310 = DIRECTION('',(-0.,1.));
#5311 = ( GEOMETRIC_REPRESENTATION_CONTEXT(2) 
PARAMETRIC_REPRESENTATION_CONTEXT() REPRESENTATION_CONTEXT('2D SPACE',''
  ) );
#5312 = PCURVE('',#4345,#5313);
#5313 = DEFINITIONAL_REPRESENTATION('',(#5314),#5318);
#5314 = LINE('',#5315,#5316);
#5315 = CARTESIAN_POINT('',(5.,0.));
#5316 = VECTOR('',#5317,1.);
#5317 = DIRECTION('',(0.,1.));
#5318 = ( GEOMETRIC_REPRESENTATION_CONTEXT(2) 
PARAMETRIC_REPRESENTATION_CONTEXT() REPRESENTATION_CONTEXT('2D SPACE',''
  ) );
#5319 = ADVANCED_FACE('',(#5320),#3108,.F.);
#5320 = FACE_BOUND('',#5321,.F.);
#5321 = EDGE_LOOP('',(#5322,#5323,#5324));
#5322 = ORIENTED_EDGE('',*,*,#5171,.F.);
#5323 = ORIENTED_EDGE('',*,*,#3091,.T.);
#5324 = ORIENTED_EDGE('',*,*,#5325,.F.);
#5325 = EDGE_CURVE('',#5172,#3092,#5326,.T.);
#5326 = SURFACE_CURVE('',#5327,(#5332,#5339),.PCURVE_S1.);
#5327 = CIRCLE('',#5328,1.);
#5328 = AXIS2_PLACEMENT_3D('',#5329,#5330,#5331);
#5329 = CARTESIAN_POINT('',(-4.,14.624355652982,1.));
#5330 = DIRECTION('',(0.,0.,1.));
#5331 = DIRECTION('',(1.,0.,-0.));
#5332 = PCURVE('',#3108,#5333);
#5333 = DEFINITIONAL_REPRESENTATION('',(#5334),#5338);
#5334 = LINE('',#5335,#5336);
#5335 = CARTESIAN_POINT('',(0.,0.));
#5336 = VECTOR('',#5337,1.);
#5337 = DIRECTION('',(1.,0.));
#5338 = ( GEOMETRIC_REPRESENTATION_CONTEXT(2) 
PARAMETRIC_REPRESENTATION_CONTEXT() REPRESENTATION_CONTEXT('2D SPACE',''
  ) );
#5339 = PCURVE('',#3216,#5340);
#5340 = DEFINITIONAL_REPRESENTATION('',(#5341),#5345);
#5341 = LINE('',#5342,#5343);
#5342 = CARTESIAN_POINT('',(0.,1.));
#5343 = VECTOR('',#5344,1.);
#5344 = DIRECTION('',(1.,0.));
#5345 = ( GEOMETRIC_REPRESENTATION_CONTEXT(2) 
PARAMETRIC_REPRESENTATION_CONTEXT() REPRESENTATION_CONTEXT('2D SPACE',''
  ) );
#5346 = ADVANCED_FACE('',(#5347),#3184,.F.);
#5347 = FACE_BOUND('',#5348,.F.);
#5348 = EDGE_LOOP('',(#5349,#5371,#5372));
#5349 = ORIENTED_EDGE('',*,*,#5350,.F.);
#5350 = EDGE_CURVE('',#3145,#5249,#5351,.T.);
#5351 = SURFACE_CURVE('',#5352,(#5357,#5364),.PCURVE_S1.);
#5352 = CIRCLE('',#5353,1.);
#5353 = AXIS2_PLACEMENT_3D('',#5354,#5355,#5356);
#5354 = CARTESIAN_POINT('',(-4.,14.624355652982,5.));
#5355 = DIRECTION('',(0.,0.,-1.));
#5356 = DIRECTION('',(1.,0.,0.));
#5357 = PCURVE('',#3184,#5358);
#5358 = DEFINITIONAL_REPRESENTATION('',(#5359),#5363);
#5359 = LINE('',#5360,#5361);
#5360 = CARTESIAN_POINT('',(0.,-6.28318530718));
#5361 = VECTOR('',#5362,1.);
#5362 = DIRECTION('',(0.,1.));
#5363 = ( GEOMETRIC_REPRESENTATION_CONTEXT(2) 
PARAMETRIC_REPRESENTATION_CONTEXT() REPRESENTATION_CONTEXT('2D SPACE',''
  ) );
#5364 = PCURVE('',#3216,#5365);
#5365 = DEFINITIONAL_REPRESENTATION('',(#5366),#5370);
#5366 = LINE('',#5367,#5368);
#5367 = CARTESIAN_POINT('',(6.28318530718,5.));
#5368 = VECTOR('',#5369,1.);
#5369 = DIRECTION('',(-1.,-0.));
#5370 = ( GEOMETRIC_REPRESENTATION_CONTEXT(2) 
PARAMETRIC_REPRESENTATION_CONTEXT() REPRESENTATION_CONTEXT('2D SPACE',''
  ) );
#5371 = ORIENTED_EDGE('',*,*,#3169,.T.);
#5372 = ORIENTED_EDGE('',*,*,#5248,.F.);
#5373 = ADVANCED_FACE('',(#5374),#3216,.F.);
#5374 = FACE_BOUND('',#5375,.F.);
#5375 = EDGE_LOOP('',(#5376,#5397,#5398,#5399));
#5376 = ORIENTED_EDGE('',*,*,#5377,.F.);
#5377 = EDGE_CURVE('',#5172,#5249,#5378,.T.);
#5378 = SURFACE_CURVE('',#5379,(#5383,#5390),.PCURVE_S1.);
#5379 = LINE('',#5380,#5381);
#5380 = CARTESIAN_POINT('',(-3.,14.624355652982,0.));
#5381 = VECTOR('',#5382,1.);
#5382 = DIRECTION('',(0.,0.,1.));
#5383 = PCURVE('',#3216,#5384);
#5384 = DEFINITIONAL_REPRESENTATION('',(#5385),#5389);
#5385 = LINE('',#5386,#5387);
#5386 = CARTESIAN_POINT('',(0.,0.));
#5387 = VECTOR('',#5388,1.);
#5388 = DIRECTION('',(0.,1.));
#5389 = ( GEOMETRIC_REPRESENTATION_CONTEXT(2) 
PARAMETRIC_REPRESENTATION_CONTEXT() REPRESENTATION_CONTEXT('2D SPACE',''
  ) );
#5390 = PCURVE('',#4500,#5391);
#5391 = DEFINITIONAL_REPRESENTATION('',(#5392),#5396);
#5392 = LINE('',#5393,#5394);
#5393 = CARTESIAN_POINT('',(0.,-6.));
#5394 = VECTOR('',#5395,1.);
#5395 = DIRECTION('',(1.,0.));
#5396 = ( GEOMETRIC_REPRESENTATION_CONTEXT(2) 
PARAMETRIC_REPRESENTATION_CONTEXT() REPRESENTATION_CONTEXT('2D SPACE',''
  ) );
#5397 = ORIENTED_EDGE('',*,*,#5325,.T.);
#5398 = ORIENTED_EDGE('',*,*,#3202,.T.);
#5399 = ORIENTED_EDGE('',*,*,#5350,.T.);
#5400 = ADVANCED_FACE('',(#5401),#3272,.F.);
#5401 = FACE_BOUND('',#5402,.T.);
#5402 = EDGE_LOOP('',(#5403,#5404,#5428));
#5403 = ORIENTED_EDGE('',*,*,#3255,.F.);
#5404 = ORIENTED_EDGE('',*,*,#5405,.T.);
#5405 = EDGE_CURVE('',#3233,#5406,#5408,.T.);
#5406 = VERTEX_POINT('',#5407);
#5407 = CARTESIAN_POINT('',(-10.,-8.624355652982,1.));
#5408 = SURFACE_CURVE('',#5409,(#5414,#5421),.PCURVE_S1.);
#5409 = CIRCLE('',#5410,1.);
#5410 = AXIS2_PLACEMENT_3D('',#5411,#5412,#5413);
#5411 = CARTESIAN_POINT('',(-10.,-9.624355652982,1.));
#5412 = DIRECTION('',(1.,6.123233995737E-17,-0.));
#5413 = DIRECTION('',(-6.123233995737E-17,1.,0.));
#5414 = PCURVE('',#3272,#5415);
#5415 = DEFINITIONAL_REPRESENTATION('',(#5416),#5420);
#5416 = LINE('',#5417,#5418);
#5417 = CARTESIAN_POINT('',(-1.570796326795,-6.28318530718));
#5418 = VECTOR('',#5419,1.);
#5419 = DIRECTION('',(-0.,1.));
#5420 = ( GEOMETRIC_REPRESENTATION_CONTEXT(2) 
PARAMETRIC_REPRESENTATION_CONTEXT() REPRESENTATION_CONTEXT('2D SPACE',''
  ) );
#5421 = PCURVE('',#3399,#5422);
#5422 = DEFINITIONAL_REPRESENTATION('',(#5423),#5427);
#5423 = LINE('',#5424,#5425);
#5424 = CARTESIAN_POINT('',(-6.28318530718,1.));
#5425 = VECTOR('',#5426,1.);
#5426 = DIRECTION('',(1.,-0.));
#5427 = ( GEOMETRIC_REPRESENTATION_CONTEXT(2) 
PARAMETRIC_REPRESENTATION_CONTEXT() REPRESENTATION_CONTEXT('2D SPACE',''
  ) );
#5428 = ORIENTED_EDGE('',*,*,#5429,.F.);
#5429 = EDGE_CURVE('',#3256,#5406,#5430,.T.);
#5430 = SURFACE_CURVE('',#5431,(#5436,#5443),.PCURVE_S1.);
#5431 = CIRCLE('',#5432,1.);
#5432 = AXIS2_PLACEMENT_3D('',#5433,#5434,#5435);
#5433 = CARTESIAN_POINT('',(-10.,-9.624355652982,1.));
#5434 = DIRECTION('',(-0.,0.,-1.));
#5435 = DIRECTION('',(-1.,0.,0.));
#5436 = PCURVE('',#3272,#5437);
#5437 = DEFINITIONAL_REPRESENTATION('',(#5438),#5442);
#5438 = LINE('',#5439,#5440);
#5439 = CARTESIAN_POINT('',(-0.,0.));
#5440 = VECTOR('',#5441,1.);
#5441 = DIRECTION('',(-1.,0.));
#5442 = ( GEOMETRIC_REPRESENTATION_CONTEXT(2) 
PARAMETRIC_REPRESENTATION_CONTEXT() REPRESENTATION_CONTEXT('2D SPACE',''
  ) );
#5443 = PCURVE('',#3755,#5444);
#5444 = DEFINITIONAL_REPRESENTATION('',(#5445),#5449);
#5445 = LINE('',#5446,#5447);
#5446 = CARTESIAN_POINT('',(-0.,1.));
#5447 = VECTOR('',#5448,1.);
#5448 = DIRECTION('',(-1.,0.));
#5449 = ( GEOMETRIC_REPRESENTATION_CONTEXT(2) 
PARAMETRIC_REPRESENTATION_CONTEXT() REPRESENTATION_CONTEXT('2D SPACE',''
  ) );
#5450 = ADVANCED_FACE('',(#5451),#3399,.F.);
#5451 = FACE_BOUND('',#5452,.T.);
#5452 = EDGE_LOOP('',(#5453,#5454,#5455,#5456));
#5453 = ORIENTED_EDGE('',*,*,#5405,.F.);
#5454 = ORIENTED_EDGE('',*,*,#3385,.T.);
#5455 = ORIENTED_EDGE('',*,*,#4641,.F.);
#5456 = ORIENTED_EDGE('',*,*,#5457,.F.);
#5457 = EDGE_CURVE('',#5406,#4642,#5458,.T.);
#5458 = SURFACE_CURVE('',#5459,(#5463,#5470),.PCURVE_S1.);
#5459 = LINE('',#5460,#5461);
#5460 = CARTESIAN_POINT('',(-11.,-8.624355652982,1.));
#5461 = VECTOR('',#5462,1.);
#5462 = DIRECTION('',(1.,0.,0.));
#5463 = PCURVE('',#3399,#5464);
#5464 = DEFINITIONAL_REPRESENTATION('',(#5465),#5469);
#5465 = LINE('',#5466,#5467);
#5466 = CARTESIAN_POINT('',(-0.,0.));
#5467 = VECTOR('',#5468,1.);
#5468 = DIRECTION('',(-0.,1.));
#5469 = ( GEOMETRIC_REPRESENTATION_CONTEXT(2) 
PARAMETRIC_REPRESENTATION_CONTEXT() REPRESENTATION_CONTEXT('2D SPACE',''
  ) );
#5470 = PCURVE('',#4730,#5471);
#5471 = DEFINITIONAL_REPRESENTATION('',(#5472),#5476);
#5472 = LINE('',#5473,#5474);
#5473 = CARTESIAN_POINT('',(1.,0.));
#5474 = VECTOR('',#5475,1.);
#5475 = DIRECTION('',(0.,1.));
#5476 = ( GEOMETRIC_REPRESENTATION_CONTEXT(2) 
PARAMETRIC_REPRESENTATION_CONTEXT() REPRESENTATION_CONTEXT('2D SPACE',''
  ) );
#5477 = ADVANCED_FACE('',(#5478),#3349,.F.);
#5478 = FACE_BOUND('',#5479,.F.);
#5479 = EDGE_LOOP('',(#5480,#5504,#5505,#5506));
#5480 = ORIENTED_EDGE('',*,*,#5481,.F.);
#5481 = EDGE_CURVE('',#3311,#5482,#5484,.T.);
#5482 = VERTEX_POINT('',#5483);
#5483 = CARTESIAN_POINT('',(-3.,-14.62435565298,1.));
#5484 = SURFACE_CURVE('',#5485,(#5490,#5497),.PCURVE_S1.);
#5485 = CIRCLE('',#5486,1.);
#5486 = AXIS2_PLACEMENT_3D('',#5487,#5488,#5489);
#5487 = CARTESIAN_POINT('',(-4.,-14.62435565298,1.));
#5488 = DIRECTION('',(0.,-1.,0.));
#5489 = DIRECTION('',(1.,0.,0.));
#5490 = PCURVE('',#3349,#5491);
#5491 = DEFINITIONAL_REPRESENTATION('',(#5492),#5496);
#5492 = LINE('',#5493,#5494);
#5493 = CARTESIAN_POINT('',(6.28318530718,1.));
#5494 = VECTOR('',#5495,1.);
#5495 = DIRECTION('',(-1.,-0.));
#5496 = ( GEOMETRIC_REPRESENTATION_CONTEXT(2) 
PARAMETRIC_REPRESENTATION_CONTEXT() REPRESENTATION_CONTEXT('2D SPACE',''
  ) );
#5497 = PCURVE('',#3433,#5498);
#5498 = DEFINITIONAL_REPRESENTATION('',(#5499),#5503);
#5499 = LINE('',#5500,#5501);
#5500 = CARTESIAN_POINT('',(-0.,-6.28318530718));
#5501 = VECTOR('',#5502,1.);
#5502 = DIRECTION('',(-0.,1.));
#5503 = ( GEOMETRIC_REPRESENTATION_CONTEXT(2) 
PARAMETRIC_REPRESENTATION_CONTEXT() REPRESENTATION_CONTEXT('2D SPACE',''
  ) );
#5504 = ORIENTED_EDGE('',*,*,#3333,.T.);
#5505 = ORIENTED_EDGE('',*,*,#4896,.F.);
#5506 = ORIENTED_EDGE('',*,*,#5507,.F.);
#5507 = EDGE_CURVE('',#5482,#4871,#5508,.T.);
#5508 = SURFACE_CURVE('',#5509,(#5513,#5520),.PCURVE_S1.);
#5509 = LINE('',#5510,#5511);
#5510 = CARTESIAN_POINT('',(-3.,-15.62435565298,1.));
#5511 = VECTOR('',#5512,1.);
#5512 = DIRECTION('',(0.,1.,0.));
#5513 = PCURVE('',#3349,#5514);
#5514 = DEFINITIONAL_REPRESENTATION('',(#5515),#5519);
#5515 = LINE('',#5516,#5517);
#5516 = CARTESIAN_POINT('',(0.,0.));
#5517 = VECTOR('',#5518,1.);
#5518 = DIRECTION('',(0.,1.));
#5519 = ( GEOMETRIC_REPRESENTATION_CONTEXT(2) 
PARAMETRIC_REPRESENTATION_CONTEXT() REPRESENTATION_CONTEXT('2D SPACE',''
  ) );
#5520 = PCURVE('',#4885,#5521);
#5521 = DEFINITIONAL_REPRESENTATION('',(#5522),#5526);
#5522 = LINE('',#5523,#5524);
#5523 = CARTESIAN_POINT('',(1.,0.));
#5524 = VECTOR('',#5525,1.);
#5525 = DIRECTION('',(0.,-1.));
#5526 = ( GEOMETRIC_REPRESENTATION_CONTEXT(2) 
PARAMETRIC_REPRESENTATION_CONTEXT() REPRESENTATION_CONTEXT('2D SPACE',''
  ) );
#5527 = ADVANCED_FACE('',(#5528),#3433,.F.);
#5528 = FACE_BOUND('',#5529,.T.);
#5529 = EDGE_LOOP('',(#5530,#5531,#5532));
#5530 = ORIENTED_EDGE('',*,*,#5481,.F.);
#5531 = ORIENTED_EDGE('',*,*,#3416,.T.);
#5532 = ORIENTED_EDGE('',*,*,#5533,.F.);
#5533 = EDGE_CURVE('',#5482,#3417,#5534,.T.);
#5534 = SURFACE_CURVE('',#5535,(#5540,#5547),.PCURVE_S1.);
#5535 = CIRCLE('',#5536,1.);
#5536 = AXIS2_PLACEMENT_3D('',#5537,#5538,#5539);
#5537 = CARTESIAN_POINT('',(-4.,-14.62435565298,1.));
#5538 = DIRECTION('',(0.,-0.,-1.));
#5539 = DIRECTION('',(1.,0.,-0.));
#5540 = PCURVE('',#3433,#5541);
#5541 = DEFINITIONAL_REPRESENTATION('',(#5542),#5546);
#5542 = LINE('',#5543,#5544);
#5543 = CARTESIAN_POINT('',(-0.,0.));
#5544 = VECTOR('',#5545,1.);
#5545 = DIRECTION('',(-1.,0.));
#5546 = ( GEOMETRIC_REPRESENTATION_CONTEXT(2) 
PARAMETRIC_REPRESENTATION_CONTEXT() REPRESENTATION_CONTEXT('2D SPACE',''
  ) );
#5547 = PCURVE('',#3508,#5548);
#5548 = DEFINITIONAL_REPRESENTATION('',(#5549),#5553);
#5549 = LINE('',#5550,#5551);
#5550 = CARTESIAN_POINT('',(-0.,1.));
#5551 = VECTOR('',#5552,1.);
#5552 = DIRECTION('',(-1.,0.));
#5553 = ( GEOMETRIC_REPRESENTATION_CONTEXT(2) 
PARAMETRIC_REPRESENTATION_CONTEXT() REPRESENTATION_CONTEXT('2D SPACE',''
  ) );
#5554 = ADVANCED_FACE('',(#5555),#3508,.F.);
#5555 = FACE_BOUND('',#5556,.T.);
#5556 = EDGE_LOOP('',(#5557,#5580,#5581,#5582));
#5557 = ORIENTED_EDGE('',*,*,#5558,.F.);
#5558 = EDGE_CURVE('',#5482,#5559,#5561,.T.);
#5559 = VERTEX_POINT('',#5560);
#5560 = CARTESIAN_POINT('',(-3.,-14.62435565298,5.));
#5561 = SURFACE_CURVE('',#5562,(#5566,#5573),.PCURVE_S1.);
#5562 = LINE('',#5563,#5564);
#5563 = CARTESIAN_POINT('',(-3.,-14.62435565298,0.));
#5564 = VECTOR('',#5565,1.);
#5565 = DIRECTION('',(0.,0.,1.));
#5566 = PCURVE('',#3508,#5567);
#5567 = DEFINITIONAL_REPRESENTATION('',(#5568),#5572);
#5568 = LINE('',#5569,#5570);
#5569 = CARTESIAN_POINT('',(-0.,0.));
#5570 = VECTOR('',#5571,1.);
#5571 = DIRECTION('',(-0.,1.));
#5572 = ( GEOMETRIC_REPRESENTATION_CONTEXT(2) 
PARAMETRIC_REPRESENTATION_CONTEXT() REPRESENTATION_CONTEXT('2D SPACE',''
  ) );
#5573 = PCURVE('',#4885,#5574);
#5574 = DEFINITIONAL_REPRESENTATION('',(#5575),#5579);
#5575 = LINE('',#5576,#5577);
#5576 = CARTESIAN_POINT('',(0.,-1.));
#5577 = VECTOR('',#5578,1.);
#5578 = DIRECTION('',(1.,0.));
#5579 = ( GEOMETRIC_REPRESENTATION_CONTEXT(2) 
PARAMETRIC_REPRESENTATION_CONTEXT() REPRESENTATION_CONTEXT('2D SPACE',''
  ) );
#5580 = ORIENTED_EDGE('',*,*,#5533,.T.);
#5581 = ORIENTED_EDGE('',*,*,#3494,.T.);
#5582 = ORIENTED_EDGE('',*,*,#5583,.F.);
#5583 = EDGE_CURVE('',#5559,#3472,#5584,.T.);
#5584 = SURFACE_CURVE('',#5585,(#5590,#5597),.PCURVE_S1.);
#5585 = CIRCLE('',#5586,1.);
#5586 = AXIS2_PLACEMENT_3D('',#5587,#5588,#5589);
#5587 = CARTESIAN_POINT('',(-4.,-14.62435565298,5.));
#5588 = DIRECTION('',(0.,0.,-1.));
#5589 = DIRECTION('',(1.,0.,0.));
#5590 = PCURVE('',#3508,#5591);
#5591 = DEFINITIONAL_REPRESENTATION('',(#5592),#5596);
#5592 = LINE('',#5593,#5594);
#5593 = CARTESIAN_POINT('',(-0.,5.));
#5594 = VECTOR('',#5595,1.);
#5595 = DIRECTION('',(-1.,0.));
#5596 = ( GEOMETRIC_REPRESENTATION_CONTEXT(2) 
PARAMETRIC_REPRESENTATION_CONTEXT() REPRESENTATION_CONTEXT('2D SPACE',''
  ) );
#5597 = PCURVE('',#3562,#5598);
#5598 = DEFINITIONAL_REPRESENTATION('',(#5599),#5603);
#5599 = LINE('',#5600,#5601);
#5600 = CARTESIAN_POINT('',(0.,0.));
#5601 = VECTOR('',#5602,1.);
#5602 = DIRECTION('',(1.,0.));
#5603 = ( GEOMETRIC_REPRESENTATION_CONTEXT(2) 
PARAMETRIC_REPRESENTATION_CONTEXT() REPRESENTATION_CONTEXT('2D SPACE',''
  ) );
#5604 = ADVANCED_FACE('',(#5605),#3562,.F.);
#5605 = FACE_BOUND('',#5606,.F.);
#5606 = EDGE_LOOP('',(#5607,#5629,#5630));
#5607 = ORIENTED_EDGE('',*,*,#5608,.F.);
#5608 = EDGE_CURVE('',#3525,#5559,#5609,.T.);
#5609 = SURFACE_CURVE('',#5610,(#5615,#5622),.PCURVE_S1.);
#5610 = CIRCLE('',#5611,1.);
#5611 = AXIS2_PLACEMENT_3D('',#5612,#5613,#5614);
#5612 = CARTESIAN_POINT('',(-4.,-14.62435565298,5.));
#5613 = DIRECTION('',(-0.,1.,0.));
#5614 = DIRECTION('',(1.,0.,0.));
#5615 = PCURVE('',#3562,#5616);
#5616 = DEFINITIONAL_REPRESENTATION('',(#5617),#5621);
#5617 = LINE('',#5618,#5619);
#5618 = CARTESIAN_POINT('',(0.,-6.28318530718));
#5619 = VECTOR('',#5620,1.);
#5620 = DIRECTION('',(0.,1.));
#5621 = ( GEOMETRIC_REPRESENTATION_CONTEXT(2) 
PARAMETRIC_REPRESENTATION_CONTEXT() REPRESENTATION_CONTEXT('2D SPACE',''
  ) );
#5622 = PCURVE('',#3619,#5623);
#5623 = DEFINITIONAL_REPRESENTATION('',(#5624),#5628);
#5624 = LINE('',#5625,#5626);
#5625 = CARTESIAN_POINT('',(-6.28318530718,1.));
#5626 = VECTOR('',#5627,1.);
#5627 = DIRECTION('',(1.,-0.));
#5628 = ( GEOMETRIC_REPRESENTATION_CONTEXT(2) 
PARAMETRIC_REPRESENTATION_CONTEXT() REPRESENTATION_CONTEXT('2D SPACE',''
  ) );
#5629 = ORIENTED_EDGE('',*,*,#3547,.T.);
#5630 = ORIENTED_EDGE('',*,*,#5583,.F.);
#5631 = ADVANCED_FACE('',(#5632),#3669,.F.);
#5632 = FACE_BOUND('',#5633,.F.);
#5633 = EDGE_LOOP('',(#5634,#5657,#5679,#5680));
#5634 = ORIENTED_EDGE('',*,*,#5635,.F.);
#5635 = EDGE_CURVE('',#5636,#4716,#5638,.T.);
#5636 = VERTEX_POINT('',#5637);
#5637 = CARTESIAN_POINT('',(-10.,-8.624355652982,5.));
#5638 = SURFACE_CURVE('',#5639,(#5643,#5650),.PCURVE_S1.);
#5639 = LINE('',#5640,#5641);
#5640 = CARTESIAN_POINT('',(-11.,-8.624355652982,5.));
#5641 = VECTOR('',#5642,1.);
#5642 = DIRECTION('',(1.,0.,0.));
#5643 = PCURVE('',#3669,#5644);
#5644 = DEFINITIONAL_REPRESENTATION('',(#5645),#5649);
#5645 = LINE('',#5646,#5647);
#5646 = CARTESIAN_POINT('',(0.,0.));
#5647 = VECTOR('',#5648,1.);
#5648 = DIRECTION('',(0.,1.));
#5649 = ( GEOMETRIC_REPRESENTATION_CONTEXT(2) 
PARAMETRIC_REPRESENTATION_CONTEXT() REPRESENTATION_CONTEXT('2D SPACE',''
  ) );
#5650 = PCURVE('',#4730,#5651);
#5651 = DEFINITIONAL_REPRESENTATION('',(#5652),#5656);
#5652 = LINE('',#5653,#5654);
#5653 = CARTESIAN_POINT('',(5.,0.));
#5654 = VECTOR('',#5655,1.);
#5655 = DIRECTION('',(0.,1.));
#5656 = ( GEOMETRIC_REPRESENTATION_CONTEXT(2) 
PARAMETRIC_REPRESENTATION_CONTEXT() REPRESENTATION_CONTEXT('2D SPACE',''
  ) );
#5657 = ORIENTED_EDGE('',*,*,#5658,.T.);
#5658 = EDGE_CURVE('',#5636,#3579,#5659,.T.);
#5659 = SURFACE_CURVE('',#5660,(#5665,#5672),.PCURVE_S1.);
#5660 = CIRCLE('',#5661,1.);
#5661 = AXIS2_PLACEMENT_3D('',#5662,#5663,#5664);
#5662 = CARTESIAN_POINT('',(-10.,-9.624355652982,5.));
#5663 = DIRECTION('',(1.,0.,6.123233995737E-17));
#5664 = DIRECTION('',(-6.123233995737E-17,0.,1.));
#5665 = PCURVE('',#3669,#5666);
#5666 = DEFINITIONAL_REPRESENTATION('',(#5667),#5671);
#5667 = LINE('',#5668,#5669);
#5668 = CARTESIAN_POINT('',(-4.712388980385,1.));
#5669 = VECTOR('',#5670,1.);
#5670 = DIRECTION('',(1.,0.));
#5671 = ( GEOMETRIC_REPRESENTATION_CONTEXT(2) 
PARAMETRIC_REPRESENTATION_CONTEXT() REPRESENTATION_CONTEXT('2D SPACE',''
  ) );
#5672 = PCURVE('',#3703,#5673);
#5673 = DEFINITIONAL_REPRESENTATION('',(#5674),#5678);
#5674 = LINE('',#5675,#5676);
#5675 = CARTESIAN_POINT('',(-1.570796326795,-6.28318530718));
#5676 = VECTOR('',#5677,1.);
#5677 = DIRECTION('',(-0.,1.));
#5678 = ( GEOMETRIC_REPRESENTATION_CONTEXT(2) 
PARAMETRIC_REPRESENTATION_CONTEXT() REPRESENTATION_CONTEXT('2D SPACE',''
  ) );
#5679 = ORIENTED_EDGE('',*,*,#3655,.T.);
#5680 = ORIENTED_EDGE('',*,*,#4741,.F.);
#5681 = ADVANCED_FACE('',(#5682),#3619,.F.);
#5682 = FACE_BOUND('',#5683,.T.);
#5683 = EDGE_LOOP('',(#5684,#5685,#5686,#5687));
#5684 = ORIENTED_EDGE('',*,*,#5608,.F.);
#5685 = ORIENTED_EDGE('',*,*,#3603,.T.);
#5686 = ORIENTED_EDGE('',*,*,#4814,.F.);
#5687 = ORIENTED_EDGE('',*,*,#5688,.F.);
#5688 = EDGE_CURVE('',#5559,#4815,#5689,.T.);
#5689 = SURFACE_CURVE('',#5690,(#5694,#5701),.PCURVE_S1.);
#5690 = LINE('',#5691,#5692);
#5691 = CARTESIAN_POINT('',(-3.,-15.62435565298,5.));
#5692 = VECTOR('',#5693,1.);
#5693 = DIRECTION('',(0.,1.,0.));
#5694 = PCURVE('',#3619,#5695);
#5695 = DEFINITIONAL_REPRESENTATION('',(#5696),#5700);
#5696 = LINE('',#5697,#5698);
#5697 = CARTESIAN_POINT('',(-0.,0.));
#5698 = VECTOR('',#5699,1.);
#5699 = DIRECTION('',(-0.,1.));
#5700 = ( GEOMETRIC_REPRESENTATION_CONTEXT(2) 
PARAMETRIC_REPRESENTATION_CONTEXT() REPRESENTATION_CONTEXT('2D SPACE',''
  ) );
#5701 = PCURVE('',#4885,#5702);
#5702 = DEFINITIONAL_REPRESENTATION('',(#5703),#5707);
#5703 = LINE('',#5704,#5705);
#5704 = CARTESIAN_POINT('',(5.,0.));
#5705 = VECTOR('',#5706,1.);
#5706 = DIRECTION('',(0.,-1.));
#5707 = ( GEOMETRIC_REPRESENTATION_CONTEXT(2) 
PARAMETRIC_REPRESENTATION_CONTEXT() REPRESENTATION_CONTEXT('2D SPACE',''
  ) );
#5708 = ADVANCED_FACE('',(#5709),#3703,.F.);
#5709 = FACE_BOUND('',#5710,.T.);
#5710 = EDGE_LOOP('',(#5711,#5733,#5734));
#5711 = ORIENTED_EDGE('',*,*,#5712,.F.);
#5712 = EDGE_CURVE('',#5636,#3687,#5713,.T.);
#5713 = SURFACE_CURVE('',#5714,(#5719,#5726),.PCURVE_S1.);
#5714 = CIRCLE('',#5715,1.);
#5715 = AXIS2_PLACEMENT_3D('',#5716,#5717,#5718);
#5716 = CARTESIAN_POINT('',(-10.,-9.624355652982,5.));
#5717 = DIRECTION('',(0.,0.,1.));
#5718 = DIRECTION('',(-1.,0.,0.));
#5719 = PCURVE('',#3703,#5720);
#5720 = DEFINITIONAL_REPRESENTATION('',(#5721),#5725);
#5721 = LINE('',#5722,#5723);
#5722 = CARTESIAN_POINT('',(-0.,-6.28318530718));
#5723 = VECTOR('',#5724,1.);
#5724 = DIRECTION('',(-0.,1.));
#5725 = ( GEOMETRIC_REPRESENTATION_CONTEXT(2) 
PARAMETRIC_REPRESENTATION_CONTEXT() REPRESENTATION_CONTEXT('2D SPACE',''
  ) );
#5726 = PCURVE('',#3755,#5727);
#5727 = DEFINITIONAL_REPRESENTATION('',(#5728),#5732);
#5728 = LINE('',#5729,#5730);
#5729 = CARTESIAN_POINT('',(-6.28318530718,5.));
#5730 = VECTOR('',#5731,1.);
#5731 = DIRECTION('',(1.,-0.));
#5732 = ( GEOMETRIC_REPRESENTATION_CONTEXT(2) 
PARAMETRIC_REPRESENTATION_CONTEXT() REPRESENTATION_CONTEXT('2D SPACE',''
  ) );
#5733 = ORIENTED_EDGE('',*,*,#5658,.T.);
#5734 = ORIENTED_EDGE('',*,*,#3686,.F.);
#5735 = ADVANCED_FACE('',(#5736),#3755,.F.);
#5736 = FACE_BOUND('',#5737,.T.);
#5737 = EDGE_LOOP('',(#5738,#5739,#5740,#5761));
#5738 = ORIENTED_EDGE('',*,*,#3741,.F.);
#5739 = ORIENTED_EDGE('',*,*,#5429,.T.);
#5740 = ORIENTED_EDGE('',*,*,#5741,.T.);
#5741 = EDGE_CURVE('',#5406,#5636,#5742,.T.);
#5742 = SURFACE_CURVE('',#5743,(#5747,#5754),.PCURVE_S1.);
#5743 = LINE('',#5744,#5745);
#5744 = CARTESIAN_POINT('',(-10.,-8.624355652982,0.));
#5745 = VECTOR('',#5746,1.);
#5746 = DIRECTION('',(0.,0.,1.));
#5747 = PCURVE('',#3755,#5748);
#5748 = DEFINITIONAL_REPRESENTATION('',(#5749),#5753);
#5749 = LINE('',#5750,#5751);
#5750 = CARTESIAN_POINT('',(-1.570796326795,0.));
#5751 = VECTOR('',#5752,1.);
#5752 = DIRECTION('',(-0.,1.));
#5753 = ( GEOMETRIC_REPRESENTATION_CONTEXT(2) 
PARAMETRIC_REPRESENTATION_CONTEXT() REPRESENTATION_CONTEXT('2D SPACE',''
  ) );
#5754 = PCURVE('',#4730,#5755);
#5755 = DEFINITIONAL_REPRESENTATION('',(#5756),#5760);
#5756 = LINE('',#5757,#5758);
#5757 = CARTESIAN_POINT('',(0.,1.));
#5758 = VECTOR('',#5759,1.);
#5759 = DIRECTION('',(1.,0.));
#5760 = ( GEOMETRIC_REPRESENTATION_CONTEXT(2) 
PARAMETRIC_REPRESENTATION_CONTEXT() REPRESENTATION_CONTEXT('2D SPACE',''
  ) );
#5761 = ORIENTED_EDGE('',*,*,#5712,.T.);
#5762 = ADVANCED_FACE('',(#5763),#4345,.T.);
#5763 = FACE_BOUND('',#5764,.T.);
#5764 = EDGE_LOOP('',(#5765,#5766,#5767,#5768));
#5765 = ORIENTED_EDGE('',*,*,#5222,.F.);
#5766 = ORIENTED_EDGE('',*,*,#5067,.T.);
#5767 = ORIENTED_EDGE('',*,*,#5299,.T.);
#5768 = ORIENTED_EDGE('',*,*,#4328,.F.);
#5769 = ADVANCED_FACE('',(#5770),#4500,.F.);
#5770 = FACE_BOUND('',#5771,.F.);
#5771 = EDGE_LOOP('',(#5772,#5773,#5774,#5775));
#5772 = ORIENTED_EDGE('',*,*,#4485,.F.);
#5773 = ORIENTED_EDGE('',*,*,#5195,.T.);
#5774 = ORIENTED_EDGE('',*,*,#5377,.T.);
#5775 = ORIENTED_EDGE('',*,*,#5272,.F.);
#5776 = ADVANCED_FACE('',(#5777),#4885,.F.);
#5777 = FACE_BOUND('',#5778,.F.);
#5778 = EDGE_LOOP('',(#5779,#5780,#5781,#5782));
#5779 = ORIENTED_EDGE('',*,*,#5558,.F.);
#5780 = ORIENTED_EDGE('',*,*,#5507,.T.);
#5781 = ORIENTED_EDGE('',*,*,#4870,.T.);
#5782 = ORIENTED_EDGE('',*,*,#5688,.F.);
#5783 = ADVANCED_FACE('',(#5784),#4730,.F.);
#5784 = FACE_BOUND('',#5785,.F.);
#5785 = EDGE_LOOP('',(#5786,#5787,#5788,#5789));
#5786 = ORIENTED_EDGE('',*,*,#5457,.F.);
#5787 = ORIENTED_EDGE('',*,*,#5741,.T.);
#5788 = ORIENTED_EDGE('',*,*,#5635,.T.);
#5789 = ORIENTED_EDGE('',*,*,#4715,.F.);
#5790 = ( GEOMETRIC_REPRESENTATION_CONTEXT(3) 
GLOBAL_UNCERTAINTY_ASSIGNED_CONTEXT((#5794)) 
GLOBAL_UNIT_ASSIGNED_CONTEXT((#5791,#5792,#5793)) REPRESENTATION_CONTEXT
('Context #1','3D Context with UNIT and UNCERTAINTY') );
#5791 = ( LENGTH_UNIT() NAMED_UNIT(*) SI_UNIT(.MILLI.,.METRE.) );
#5792 = ( NAMED_UNIT(*) PLANE_ANGLE_UNIT() SI_UNIT($,.RADIAN.) );
#5793 = ( NAMED_UNIT(*) SI_UNIT($,.STERADIAN.) SOLID_ANGLE_UNIT() );
#5794 = UNCERTAINTY_MEASURE_WITH_UNIT(LENGTH_MEASURE(2.E-06),#5791,
  'distance_accuracy_value','confusion accuracy');
#5795 = PRODUCT_RELATED_PRODUCT_CATEGORY('part',$,(#7));
ENDSEC;
END-ISO-10303-21;
